generation,iteration,mutation_type,generation_type,distribution,city_size,range,iterations,symmetric,normed_unique_distances,nearest_neighbor_norm,log_iterations
0,55409.0,random_sampling,euclidean,lognormal,20,2.0,55409.0,True,0.11578947368421053,1.0000000000000002,10.922497314414658
0,20458.0,random_sampling,euclidean,lognormal,20,0.8,20458.0,True,0.042105263157894736,1.0,9.926129283016953
0,214908.0,random_sampling,euclidean,lognormal,30,1.2,214908.0,True,0.03908045977011494,1.0,12.277965308554739
1,390248.0,random_sampling,euclidean,lognormal,30,1.2,390248.0,True,0.03908045977011494,0.9999999999999998,12.874537713444623
2,227067.0,random_sampling,euclidean,lognormal,30,1.2,227067.0,True,0.03908045977011494,0.9999999999999999,12.333000407099135
3,2927.0,random_sampling,euclidean,lognormal,30,1.2,2927.0,True,0.04597701149425287,0.9999999999999999,7.9817332866918855
4,8594.0,random_sampling,euclidean,lognormal,30,1.2,8594.0,True,0.03218390804597701,1.0,9.058819564334941
5,56948.0,random_sampling,euclidean,lognormal,30,1.2,56948.0,True,0.05517241379310345,0.9999999999999999,10.949893849733636
6,61567.0,random_sampling,euclidean,lognormal,30,1.2,61567.0,True,0.04597701149425287,1.0,11.02788129168973
7,113146.0,random_sampling,euclidean,lognormal,30,1.2,113146.0,True,0.03908045977011494,0.9999999999999999,11.636434299133231
8,30290541.0,random_sampling,euclidean,lognormal,30,1.2,30290541.0,True,0.034482758620689655,1.0000000000000002,17.226346043524014
9,31083.0,random_sampling,euclidean,lognormal,30,1.2,31083.0,True,0.034482758620689655,0.9999999999999999,10.34441632491986
10,319843.0,random_sampling,euclidean,lognormal,30,1.2,319843.0,True,0.04597701149425287,1.0000000000000002,12.675585529380083
11,220912.0,random_sampling,euclidean,lognormal,30,1.2,220912.0,True,0.06896551724137931,1.0000000000000002,12.305519711155934
12,23313.0,random_sampling,euclidean,lognormal,30,1.2,23313.0,True,0.04367816091954023,1.0,10.056766423877352
13,3766500.0,random_sampling,euclidean,lognormal,30,1.2,3766500.0,True,0.034482758620689655,1.0000000000000002,15.141656746247886
14,79317.0,random_sampling,euclidean,lognormal,30,1.2,79317.0,True,0.041379310344827586,1.0,11.28120776043588
15,245935.0,random_sampling,euclidean,lognormal,30,1.2,245935.0,True,0.05057471264367816,1.0,12.41282255235795
16,142175.0,random_sampling,euclidean,lognormal,30,1.2,142175.0,True,0.041379310344827586,0.9999999999999999,11.864813972175
17,19771.0,random_sampling,euclidean,lognormal,30,1.2,19771.0,True,0.03218390804597701,1.0000000000000002,9.89197149657488
18,86483.0,random_sampling,euclidean,lognormal,30,1.2,86483.0,True,0.0367816091954023,1.0,11.367703141813159
19,7497.0,random_sampling,euclidean,lognormal,30,1.2,7497.0,True,0.04597701149425287,1.0,8.922258219503062
0,50177.0,random_sampling,euclidean,lognormal,20,4.6,50177.0,True,0.11578947368421053,1.0000000000000002,10.823312033358421
0,737004.0,random_sampling,euclidean,lognormal,20,3.2,737004.0,True,0.1631578947368421,0.9999999999999998,13.510348598565157
0,865719.0,random_sampling,euclidean,lognormal,20,2.6,865719.0,True,0.19473684210526315,1.0,13.671315654519912
0,2654.0,random_sampling,euclidean,lognormal,20,1.2,2654.0,True,0.08947368421052632,1.0,7.8838232148921525
0,3667.0,random_sampling,euclidean,lognormal,20,4.2,3667.0,True,0.08947368421052632,0.9999999999999998,8.207129168071326
0,526.0,random_sampling,euclidean,lognormal,30,0.4,526.0,True,0.006896551724137931,1.0000000000000002,6.26530121273771
0,1818.0,random_sampling,euclidean,lognormal,20,1.0,1818.0,True,0.06842105263157895,0.9999999999999998,7.505492274737424
0,64321.0,random_sampling,euclidean,lognormal,30,1.4,64321.0,True,0.04367816091954023,0.9999999999999999,11.071641450995672
0,3481.0,random_sampling,euclidean,lognormal,20,3.4,3481.0,True,0.13157894736842105,1.0,8.15507488781144
0,56641.0,random_sampling,euclidean,lognormal,20,4.8,56641.0,True,0.11578947368421053,0.9999999999999998,10.944488383578978
0,54372.0,random_sampling,euclidean,lognormal,20,2.2,54372.0,True,0.1,1.0000000000000004,10.903604594455139
0,61203.0,random_sampling,euclidean,lognormal,30,1.0,61203.0,True,0.022988505747126436,0.9999999999999999,11.021951486906838
0,24010.0,random_sampling,euclidean,lognormal,20,4.0,24010.0,True,0.17894736842105263,0.9999999999999998,10.086225689215299
0,42882.0,random_sampling,euclidean,lognormal,30,0.8,42882.0,True,0.027586206896551724,1.0,10.666207436448033
0,6191.0,random_sampling,euclidean,lognormal,20,2.8,6191.0,True,0.12631578947368421,1.0,8.730851903519232
1,65198.0,random_sampling,euclidean,lognormal,20,2.8,65198.0,True,0.1736842105263158,1.0,11.085184072597636
2,622704.0,random_sampling,euclidean,lognormal,20,2.8,622704.0,True,0.19473684210526315,1.0000000000000002,13.341826564478904
3,479106.0,random_sampling,euclidean,lognormal,20,2.8,479106.0,True,0.15263157894736842,1.0000000000000002,13.079677146274323
4,18907.0,random_sampling,euclidean,lognormal,20,2.8,18907.0,True,0.14210526315789473,1.0000000000000002,9.847287502847928
5,133883.0,random_sampling,euclidean,lognormal,20,2.8,133883.0,True,0.15263157894736842,1.0000000000000002,11.804721563200886
6,198233.0,random_sampling,euclidean,lognormal,20,2.8,198233.0,True,0.15263157894736842,0.9999999999999998,12.197198385505068
7,4824264.0,random_sampling,euclidean,lognormal,20,2.8,4824264.0,True,0.14210526315789473,1.0000000000000002,15.389168742259885
8,3050.0,random_sampling,euclidean,lognormal,20,2.8,3050.0,True,0.14736842105263157,1.0000000000000002,8.022896869601457
9,6336.0,random_sampling,euclidean,lognormal,20,2.8,6336.0,True,0.16842105263157894,0.9999999999999998,8.754002933494261
10,713134.0,random_sampling,euclidean,lognormal,20,2.8,713134.0,True,0.1,0.9999999999999998,13.477424620027165
11,5249.0,random_sampling,euclidean,lognormal,20,2.8,5249.0,True,0.15789473684210525,1.0,8.5657928612523
12,31091.0,random_sampling,euclidean,lognormal,20,2.8,31091.0,True,0.15789473684210525,0.9999999999999998,10.344673667218705
13,1453.0,random_sampling,euclidean,lognormal,20,2.8,1453.0,True,0.16842105263157894,1.0,7.2813856635702825
14,12992.0,random_sampling,euclidean,lognormal,20,2.8,12992.0,True,0.14210526315789473,0.9999999999999998,9.472089062401459
15,9029.0,random_sampling,euclidean,lognormal,20,2.8,9029.0,True,0.06842105263157895,0.9999999999999998,9.10819689830748
16,87527.0,random_sampling,euclidean,lognormal,20,2.8,87527.0,True,0.14210526315789473,1.0,11.379702596175905
17,6191.0,random_sampling,euclidean,lognormal,20,2.8,6191.0,True,0.09473684210526316,1.0,8.730851903519232
18,65198.0,random_sampling,euclidean,lognormal,20,2.8,65198.0,True,0.13157894736842105,1.0,11.085184072597636
19,622704.0,random_sampling,euclidean,lognormal,20,2.8,622704.0,True,0.1,1.0,13.341826564478904
20,479106.0,random_sampling,euclidean,lognormal,20,2.8,479106.0,True,0.17894736842105263,1.0,13.079677146274323
0,242778.0,random_sampling,euclidean,lognormal,30,1.8,242778.0,True,0.05517241379310345,1.0000000000000002,12.399902724506997
0,13137073.0,random_sampling,euclidean,lognormal,20,0.2,13137073.0,True,0.021052631578947368,1.0,16.390948791260442
0,53906.0,random_sampling,euclidean,lognormal,20,3.8,53906.0,True,0.1631578947368421,0.9999999999999998,10.894997067955957
0,7509.0,random_sampling,euclidean,lognormal,20,5.0,7509.0,True,0.14736842105263157,1.0000000000000002,8.923857580099885
0,37991.0,random_sampling,euclidean,lognormal,20,1.8,37991.0,True,0.15789473684210525,1.0,10.54510456855174
0,1717.0,random_sampling,euclidean,lognormal,20,3.0,1717.0,True,0.09473684210526316,1.0,7.448333860897476
0,104.0,random_sampling,euclidean,lognormal,20,0.4,104.0,True,0.021052631578947368,0.9999999999999998,4.6443908991413725
0,1824.0,random_sampling,euclidean,lognormal,20,1.4,1824.0,True,0.15789473684210525,1.0000000000000002,7.508787170634276
0,763.0,random_sampling,euclidean,lognormal,30,0.6,763.0,True,0.013793103448275862,1.0,6.637258031284457
0,932.0,random_sampling,euclidean,lognormal,20,1.6,932.0,True,0.09473684210526316,1.0,6.837332814685591
1,17542.0,random_sampling,euclidean,lognormal,20,1.6,17542.0,True,0.14210526315789473,1.0,9.772353284511327
2,785.0,random_sampling,euclidean,lognormal,20,1.6,785.0,True,0.11578947368421053,0.9999999999999998,6.665683717782408
3,1950.0,random_sampling,euclidean,lognormal,20,1.6,1950.0,True,0.1,1.0,7.575584651557793
4,6517.0,random_sampling,euclidean,lognormal,20,1.6,6517.0,True,0.11052631578947368,1.0000000000000002,8.78216942633238
5,3504.0,random_sampling,euclidean,lognormal,20,1.6,3504.0,True,0.1,0.9999999999999998,8.161660452056282
6,10351.0,random_sampling,euclidean,lognormal,20,1.6,10351.0,True,0.11578947368421053,1.0000000000000002,9.24483841238375
7,41240.0,random_sampling,euclidean,lognormal,20,1.6,41240.0,True,0.1,1.0000000000000002,10.627163938130897
8,6348.0,random_sampling,euclidean,lognormal,20,1.6,6348.0,True,0.1368421052631579,0.9999999999999998,8.7558950816463
9,6451.0,random_sampling,euclidean,lognormal,20,1.6,6451.0,True,0.12631578947368421,1.0000000000000004,8.771990436532242
10,7986.0,random_sampling,euclidean,lognormal,20,1.6,7986.0,True,0.11052631578947368,1.0,8.985445287623167
11,979.0,random_sampling,euclidean,lognormal,20,1.6,979.0,True,0.14736842105263157,0.9999999999999998,6.88653164253051
12,3741.0,random_sampling,euclidean,lognormal,20,1.6,3741.0,True,0.1,1.0,8.227108234348146
13,476.0,random_sampling,euclidean,lognormal,20,1.6,476.0,True,0.11578947368421053,1.0,6.16541785423142
14,1163.0,random_sampling,euclidean,lognormal,20,1.6,1163.0,True,0.1368421052631579,1.0,7.0587581525186645
15,17619.0,random_sampling,euclidean,lognormal,20,1.6,17619.0,True,0.12105263157894737,0.9999999999999998,9.77673314419063
16,11111.0,random_sampling,euclidean,lognormal,20,1.6,11111.0,True,0.10526315789473684,1.0,9.315690887584008
17,6980.0,random_sampling,euclidean,lognormal,20,1.6,6980.0,True,0.10526315789473684,1.0000000000000002,8.850804195756417
18,2588.0,random_sampling,euclidean,lognormal,20,1.6,2588.0,True,0.14210526315789473,0.9999999999999998,7.858640655620791
19,7341.0,random_sampling,euclidean,lognormal,20,1.6,7341.0,True,0.12631578947368421,1.0000000000000002,8.901230352110781
20,932.0,random_sampling,euclidean,lognormal,20,1.6,932.0,True,0.08421052631578947,0.9999999999999998,6.837332814685591
0,98.0,random_sampling,euclidean,lognormal,20,0.6,98.0,True,0.04736842105263158,0.9999999999999998,4.584967478670572
0,170.0,random_sampling,euclidean,uniform,30,5.0,170.0,True,0.0022988505747126436,,5.135798437050262
0,6349.0,random_sampling,euclidean,uniform,30,40.0,6349.0,True,0.01839080459770115,1.0,8.75605259917045
0,475.0,random_sampling,euclidean,uniform,20,65.0,475.0,True,0.05263157894736842,1.0000000000000002,6.163314804034641
0,55564.0,random_sampling,euclidean,uniform,30,100.0,55564.0,True,0.03908045977011494,1.0000000000000002,10.92529078851728
0,11048.0,random_sampling,euclidean,uniform,30,15.0,11048.0,True,0.006896551724137931,0.9999999999999998,9.310004695089129
0,313.0,random_sampling,euclidean,uniform,20,70.0,313.0,True,0.06315789473684211,1.0000000000000004,5.746203190540153
0,234.0,random_sampling,euclidean,uniform,20,20.0,234.0,True,0.021052631578947368,1.0000000000000002,5.455321115357702
0,125044.0,random_sampling,euclidean,uniform,30,95.0,125044.0,True,0.0367816091954023,1.0,11.736420954346972
0,13120.0,random_sampling,euclidean,uniform,30,90.0,13120.0,True,0.034482758620689655,1.0,9.48189306249808
0,128668.0,random_sampling,euclidean,uniform,30,60.0,128668.0,True,0.02528735632183908,0.9999999999999999,11.764990722419466
0,1823.0,random_sampling,euclidean,uniform,30,30.0,1823.0,True,0.013793103448275862,1.0,7.508238774678663
0,10331.0,random_sampling,euclidean,uniform,30,10.0,10331.0,True,0.006896551724137931,1.0,9.242904362849446
0,268.0,random_sampling,euclidean,uniform,20,60.0,268.0,True,0.05263157894736842,0.9999999999999998,5.5909869805108565
0,14139.0,random_sampling,euclidean,uniform,30,85.0,14139.0,True,0.03218390804597701,1.0000000000000002,9.556692215591841
0,90493.0,random_sampling,euclidean,uniform,30,80.0,90493.0,True,0.029885057471264367,1.0000000000000002,11.413027778630203
0,446.0,random_sampling,euclidean,uniform,20,95.0,446.0,True,0.06842105263157895,0.9999999999999998,6.100318952020064
0,202.0,random_sampling,euclidean,uniform,20,25.0,202.0,True,0.02631578947368421,1.0000000000000002,5.308267697401205
0,896.0,random_sampling,euclidean,uniform,20,50.0,896.0,True,0.042105263157894736,1.0,6.79794041297493
0,149.0,random_sampling,euclidean,uniform,20,30.0,149.0,True,0.031578947368421054,1.0,5.003946305945459
0,1959.0,random_sampling,euclidean,uniform,30,70.0,1959.0,True,0.027586206896551724,0.9999999999999999,7.580189417944541
0,456.0,random_sampling,euclidean,uniform,20,80.0,456.0,True,0.06842105263157895,0.9999999999999998,6.1224928095143865
0,122.0,random_sampling,euclidean,uniform,20,15.0,122.0,True,0.015789473684210527,1.0,4.804021044733257
0,2804.0,random_sampling,euclidean,uniform,30,35.0,2804.0,True,0.013793103448275862,1.0000000000000004,7.938802248154481
0,27852.0,random_sampling,euclidean,uniform,30,65.0,27852.0,True,0.02528735632183908,0.9999999999999999,10.234660056062438
0,26515.0,random_sampling,euclidean,uniform,30,75.0,26515.0,True,0.03218390804597701,0.9999999999999999,10.18546588957123
1,157097.0,random_sampling,euclidean,uniform,30,75.0,157097.0,True,0.027586206896551724,1.0000000000000002,11.964618727944256
2,3441.0,random_sampling,euclidean,uniform,30,75.0,3441.0,True,0.027586206896551724,1.0000000000000004,8.14351740579748
3,5721.0,random_sampling,euclidean,uniform,30,75.0,5721.0,True,0.027586206896551724,0.9999999999999999,8.651898894268529
4,19818.0,random_sampling,euclidean,uniform,30,75.0,19818.0,True,0.022988505747126436,1.0,9.894345894618844
5,28896.0,random_sampling,euclidean,uniform,30,75.0,28896.0,True,0.029885057471264367,1.0000000000000002,10.271458456216711
6,87008.0,random_sampling,euclidean,uniform,30,75.0,87008.0,True,0.027586206896551724,1.0000000000000002,11.373755347432198
7,28052.0,random_sampling,euclidean,uniform,30,75.0,28052.0,True,0.027586206896551724,1.0,10.241815209656801
8,5660.0,random_sampling,euclidean,uniform,30,75.0,5660.0,True,0.027586206896551724,1.0,8.641179171197228
9,7934.0,random_sampling,euclidean,uniform,30,75.0,7934.0,True,0.02528735632183908,0.9999999999999999,8.978912601074276
10,31109.0,random_sampling,euclidean,uniform,30,75.0,31109.0,True,0.02528735632183908,0.9999999999999999,10.34525244536991
11,6138.0,random_sampling,euclidean,uniform,30,75.0,6138.0,True,0.02528735632183908,1.0000000000000002,8.722254235179681
12,14427.0,random_sampling,euclidean,uniform,30,75.0,14427.0,True,0.027586206896551724,0.9999999999999999,9.576856729945773
13,35122.0,random_sampling,euclidean,uniform,30,75.0,35122.0,True,0.027586206896551724,1.0000000000000002,10.4665829937358
14,81528.0,random_sampling,euclidean,uniform,30,75.0,81528.0,True,0.029885057471264367,1.0000000000000002,11.30870179850853
15,55764.0,random_sampling,euclidean,uniform,30,75.0,55764.0,True,0.029885057471264367,1.0,10.92888377887298
16,121225.0,random_sampling,euclidean,uniform,30,75.0,121225.0,True,0.027586206896551724,0.9999999999999999,11.705403601973552
17,182960.0,random_sampling,euclidean,uniform,30,75.0,182960.0,True,0.02528735632183908,1.0,12.117022828696662
18,5868.0,random_sampling,euclidean,uniform,30,75.0,5868.0,True,0.027586206896551724,1.0,8.677269139262872
19,26231.0,random_sampling,euclidean,uniform,30,75.0,26231.0,True,0.02528735632183908,1.0,10.174697196419377
20,26515.0,random_sampling,euclidean,uniform,30,75.0,26515.0,True,0.027586206896551724,1.0000000000000002,10.18546588957123
0,88.0,random_sampling,euclidean,uniform,20,45.0,88.0,True,0.03684210526315789,1.0,4.477336814478207
0,202.0,random_sampling,euclidean,uniform,20,35.0,202.0,True,0.02631578947368421,1.0000000000000002,5.308267697401205
0,95.0,random_sampling,euclidean,uniform,20,5.0,95.0,True,0.005263157894736842,,4.553876891600541
0,6114.0,random_sampling,euclidean,uniform,20,85.0,6114.0,True,0.05789473684210526,0.9999999999999998,8.71833650245078
0,264.0,random_sampling,euclidean,uniform,30,55.0,264.0,True,0.020689655172413793,0.9999999999999998,5.575949103146316
0,866.0,random_sampling,euclidean,uniform,20,90.0,866.0,True,0.06842105263157895,0.9999999999999998,6.763884908562435
0,451.0,random_sampling,euclidean,uniform,20,75.0,451.0,True,0.05263157894736842,0.9999999999999998,6.111467339502679
0,1070.0,random_sampling,euclidean,uniform,30,45.0,1070.0,True,0.01839080459770115,1.0000000000000002,6.975413927455952
0,399.0,random_sampling,euclidean,uniform,20,10.0,399.0,True,0.015789473684210527,1.0,5.988961416889864
0,3145.0,random_sampling,euclidean,uniform,30,20.0,3145.0,True,0.011494252873563218,1.0,8.05356916913454
0,536.0,random_sampling,euclidean,uniform,20,100.0,536.0,True,0.07368421052631578,1.0000000000000002,6.284134161070802
0,30501.0,random_sampling,euclidean,uniform,30,50.0,30501.0,True,0.02528735632183908,1.0000000000000002,10.32551474894327
0,277.0,random_sampling,euclidean,uniform,20,40.0,277.0,True,0.03684210526315789,1.0,5.6240175061873385
0,1271.0,random_sampling,euclidean,uniform,20,55.0,1271.0,True,0.042105263157894736,1.0,7.147559271189454
0,55409.0,random_sampling,euclidean,lognormal,20,2.0,55409.0,True,0.11578947368421053,1.0000000000000002,10.922497314414658
1,88222.0,random_sampling,euclidean,lognormal,20,2.0,88222.0,True,0.14736842105263157,1.0,11.387611643998193
2,13321.0,random_sampling,euclidean,lognormal,20,2.0,13321.0,True,0.18421052631578946,0.9999999999999997,9.497097016351463
3,12967.0,random_sampling,euclidean,lognormal,20,2.0,12967.0,True,0.07368421052631578,1.0,9.470162947548884
4,250669.0,random_sampling,euclidean,lognormal,20,2.0,250669.0,True,0.11052631578947368,0.9999999999999998,12.431888622731181
5,174.0,random_sampling,euclidean,lognormal,20,2.0,174.0,True,0.10526315789473684,1.0000000000000002,5.159055299214529
6,671057.0,random_sampling,euclidean,lognormal,20,2.0,671057.0,True,0.13157894736842105,1.0000000000000002,13.416609360185001
7,5557.0,random_sampling,euclidean,lognormal,20,2.0,5557.0,True,0.16842105263157894,1.0,8.622813673279921
8,1133.0,random_sampling,euclidean,lognormal,20,2.0,1133.0,True,0.15789473684210525,0.9999999999999998,7.0326242610280065
9,543112.0,random_sampling,euclidean,lognormal,20,2.0,543112.0,True,0.14736842105263157,1.0000000000000002,13.205070839157221
10,15109.0,random_sampling,euclidean,lognormal,20,2.0,15109.0,True,0.12631578947368421,0.9999999999999998,9.62304587173984
11,29539.0,random_sampling,euclidean,lognormal,20,2.0,29539.0,True,0.14736842105263157,1.0000000000000002,10.293466703108844
12,6978.0,random_sampling,euclidean,lognormal,20,2.0,6978.0,True,0.14210526315789473,0.9999999999999997,8.85051762174672
13,8981.0,random_sampling,euclidean,lognormal,20,2.0,8981.0,True,0.12105263157894737,1.0,9.10286651367095
14,16579.0,random_sampling,euclidean,lognormal,20,2.0,16579.0,True,0.13157894736842105,1.0,9.715892113239466
15,5940.0,random_sampling,euclidean,lognormal,20,2.0,5940.0,True,0.10526315789473684,1.0000000000000002,8.68946441235669
16,10693.0,random_sampling,euclidean,lognormal,20,2.0,10693.0,True,0.14736842105263157,1.0000000000000004,9.277344600756656
17,8483.0,random_sampling,euclidean,lognormal,20,2.0,8483.0,True,0.06842105263157895,1.0000000000000002,9.045819439807735
18,2235.0,random_sampling,euclidean,lognormal,20,2.0,2235.0,True,0.13157894736842105,1.0,7.711996507047669
19,876918.0,random_sampling,euclidean,lognormal,20,2.0,876918.0,True,0.15789473684210525,1.0,13.684168766412744
20,204333.0,random_sampling,euclidean,lognormal,20,2.0,204333.0,True,0.11052631578947368,1.0,12.227506294927538
21,14209.0,random_sampling,euclidean,lognormal,20,2.0,14209.0,True,0.15789473684210525,1.0,9.561630845638076
22,11463.0,random_sampling,euclidean,lognormal,20,2.0,11463.0,True,0.14736842105263157,1.0000000000000002,9.34687973611501
23,9909.0,random_sampling,euclidean,lognormal,20,2.0,9909.0,True,0.13157894736842105,1.0000000000000002,9.201198714058899
24,54328.0,random_sampling,euclidean,lognormal,20,2.0,54328.0,True,0.16842105263157894,1.0,10.902795026793628
25,407258.0,random_sampling,euclidean,lognormal,20,2.0,407258.0,True,0.14736842105263157,1.0,12.917202170224698
26,15814.0,random_sampling,euclidean,lognormal,20,2.0,15814.0,True,0.11578947368421053,1.0,9.668650902630873
27,17952.0,random_sampling,euclidean,lognormal,20,2.0,17952.0,True,0.13157894736842105,1.0,9.795456808322422
28,1801.0,random_sampling,euclidean,lognormal,20,2.0,1801.0,True,0.14210526315789473,1.0000000000000002,7.496097345175956
29,60229.0,random_sampling,euclidean,lognormal,20,2.0,60229.0,True,0.1368421052631579,1.0000000000000002,11.005909242878186
30,1197.0,random_sampling,euclidean,lognormal,20,2.0,1197.0,True,0.14736842105263157,1.0000000000000002,7.087573705557973
31,3125.0,random_sampling,euclidean,lognormal,20,2.0,3125.0,True,0.18421052631578946,1.0000000000000002,8.047189562170502
32,5219.0,random_sampling,euclidean,lognormal,20,2.0,5219.0,True,0.13157894736842105,1.0,8.560061091643414
33,25186.0,random_sampling,euclidean,lognormal,20,2.0,25186.0,True,0.1368421052631579,1.0000000000000002,10.134043563565792
34,1248.0,random_sampling,euclidean,lognormal,20,2.0,1248.0,True,0.11578947368421053,0.9999999999999998,7.129297548929373
35,3243.0,random_sampling,euclidean,lognormal,20,2.0,3243.0,True,0.14210526315789473,0.9999999999999998,8.084254106307318
36,13306.0,random_sampling,euclidean,lognormal,20,2.0,13306.0,True,0.12105263157894737,0.9999999999999997,9.495970340301833
37,7013.0,random_sampling,euclidean,lognormal,20,2.0,7013.0,True,0.11578947368421053,1.0000000000000004,8.85552084853691
38,29275.0,random_sampling,euclidean,lognormal,20,2.0,29275.0,True,0.12105263157894737,0.9999999999999998,10.284489188465917
39,12319.0,random_sampling,euclidean,lognormal,20,2.0,12319.0,True,0.11578947368421053,0.9999999999999998,9.418898064961974
40,486049.0,random_sampling,euclidean,lognormal,20,2.0,486049.0,True,0.14736842105263157,1.0,13.094064720845596
41,55277.0,random_sampling,euclidean,lognormal,20,2.0,55277.0,True,0.13157894736842105,1.0,10.920112187793817
42,25694.0,random_sampling,euclidean,lognormal,20,2.0,25694.0,True,0.13157894736842105,0.9999999999999998,10.154012780591556
43,3785.0,random_sampling,euclidean,lognormal,20,2.0,3785.0,True,0.14736842105263157,1.0000000000000002,8.23880116587155
44,302.0,random_sampling,euclidean,lognormal,20,2.0,302.0,True,0.1,1.0,5.71042701737487
45,117120.0,random_sampling,euclidean,lognormal,20,2.0,117120.0,True,0.12631578947368421,1.0,11.670954329195139
46,7842.0,random_sampling,euclidean,lognormal,20,2.0,7842.0,True,0.16842105263157894,1.0,8.967249182852276
47,297680.0,random_sampling,euclidean,lognormal,20,2.0,297680.0,True,0.13157894736842105,1.0,12.603774363020504
48,1564.0,random_sampling,euclidean,lognormal,20,2.0,1564.0,True,0.13157894736842105,1.0,7.355001921105257
49,9993.0,random_sampling,euclidean,lognormal,20,2.0,9993.0,True,0.12631578947368421,1.0,9.209640126861789
50,4408660.0,random_sampling,euclidean,lognormal,20,2.0,4408660.0,True,0.15263157894736842,1.0000000000000004,15.2990813463745
51,1423.0,random_sampling,euclidean,lognormal,20,2.0,1423.0,True,0.14210526315789473,0.9999999999999998,7.260522598089852
52,5340.0,random_sampling,euclidean,lognormal,20,2.0,5340.0,True,0.1631578947368421,0.9999999999999998,8.582980931954241
53,452929.0,random_sampling,euclidean,lognormal,20,2.0,452929.0,True,0.12631578947368421,1.0000000000000004,13.023490659289456
54,491.0,random_sampling,euclidean,lognormal,20,2.0,491.0,True,0.12631578947368421,1.0000000000000004,6.19644412779452
55,97524.0,random_sampling,euclidean,lognormal,20,2.0,97524.0,True,0.14736842105263157,1.0000000000000002,11.487853780541204
56,31313.0,random_sampling,euclidean,lognormal,20,2.0,31313.0,True,0.14210526315789473,1.0000000000000002,10.351788625763605
57,821608.0,random_sampling,euclidean,lognormal,20,2.0,821608.0,True,0.15789473684210525,1.0,13.619018674647425
58,26785.0,random_sampling,euclidean,lognormal,20,2.0,26785.0,True,0.14736842105263157,1.0,10.19559730831506
59,209786.0,random_sampling,euclidean,lognormal,20,2.0,209786.0,True,0.11052631578947368,1.0,12.253843242498517
60,47325.0,random_sampling,euclidean,lognormal,20,2.0,47325.0,True,0.14736842105263157,1.0000000000000002,10.764793976077524
61,171540.0,random_sampling,euclidean,lognormal,20,2.0,171540.0,True,0.11052631578947368,1.0,12.052571754544413
62,195728.0,random_sampling,euclidean,lognormal,20,2.0,195728.0,True,0.14736842105263157,1.0,12.184481219286697
63,119512.0,random_sampling,euclidean,lognormal,20,2.0,119512.0,True,0.06842105263157895,0.9999999999999997,11.691172063722153
64,2961.0,random_sampling,euclidean,lognormal,20,2.0,2961.0,True,0.12105263157894737,0.9999999999999997,7.993282328101591
65,126758.0,random_sampling,euclidean,lognormal,20,2.0,126758.0,True,0.1631578947368421,1.0,11.750035035832484
66,39664.0,random_sampling,euclidean,lognormal,20,2.0,39664.0,True,0.1368421052631579,1.0,10.588199254274972
67,2281.0,random_sampling,euclidean,lognormal,20,2.0,2281.0,True,0.14736842105263157,1.0,7.732369222284388
68,4210.0,random_sampling,euclidean,lognormal,20,2.0,4210.0,True,0.12105263157894737,1.0,8.345217926676428
69,3400.0,random_sampling,euclidean,lognormal,20,2.0,3400.0,True,0.08421052631578947,1.0000000000000002,8.131530710604252
70,4906.0,random_sampling,euclidean,lognormal,20,2.0,4906.0,True,0.15263157894736842,1.0000000000000002,8.498214224818435
71,3945.0,random_sampling,euclidean,lognormal,20,2.0,3945.0,True,0.14736842105263157,0.9999999999999998,8.280204233279974
72,3705.0,random_sampling,euclidean,lognormal,20,2.0,3705.0,True,0.11578947368421053,1.0,8.217438537730187
73,153666.0,random_sampling,euclidean,lognormal,20,2.0,153666.0,True,0.12631578947368421,1.0000000000000002,11.94253669490647
74,254207.0,random_sampling,euclidean,lognormal,20,2.0,254207.0,True,0.14736842105263157,1.0,12.445904174730492
75,15538.0,random_sampling,euclidean,lognormal,20,2.0,15538.0,True,0.14736842105263157,1.0,9.651043915510366
76,445625.0,random_sampling,euclidean,lognormal,20,2.0,445625.0,True,0.12631578947368421,1.0,13.007233070150697
77,225974.0,random_sampling,euclidean,lognormal,20,2.0,225974.0,True,0.12631578947368421,1.0000000000000002,12.328175227388538
78,17537.0,random_sampling,euclidean,lognormal,20,2.0,17537.0,True,0.13157894736842105,1.0,9.772068213669293
79,23200.0,random_sampling,euclidean,lognormal,20,2.0,23200.0,True,0.14736842105263157,1.0000000000000004,10.0519075576544
80,13893.0,random_sampling,euclidean,lognormal,20,2.0,13893.0,True,0.1368421052631579,1.0000000000000002,9.539140395148861
81,11873.0,random_sampling,euclidean,lognormal,20,2.0,11873.0,True,0.1368421052631579,1.0,9.382022193665792
82,6465.0,random_sampling,euclidean,lognormal,20,2.0,6465.0,True,0.15263157894736842,1.0,8.774158291205957
83,306.0,random_sampling,euclidean,lognormal,20,2.0,306.0,True,0.08947368421052632,1.0,5.723585101952381
84,929183.0,random_sampling,euclidean,lognormal,20,2.0,929183.0,True,0.08421052631578947,1.0,13.742060984403238
85,7198.0,random_sampling,euclidean,lognormal,20,2.0,7198.0,True,0.14736842105263157,1.0,8.881558488638976
86,4469.0,random_sampling,euclidean,lognormal,20,2.0,4469.0,True,0.1368421052631579,1.0000000000000002,8.404919948933452
87,796203.0,random_sampling,euclidean,lognormal,20,2.0,796203.0,True,0.14210526315789473,1.0,13.587609457438768
88,3261.0,random_sampling,euclidean,lognormal,20,2.0,3261.0,True,0.12105263157894737,1.0000000000000002,8.089789175789319
89,59577.0,random_sampling,euclidean,lognormal,20,2.0,59577.0,True,0.08421052631578947,1.0,10.995024872532275
90,9881.0,random_sampling,euclidean,lognormal,20,2.0,9881.0,True,0.12631578947368421,1.0,9.198369000194964
0,20458.0,random_sampling,euclidean,lognormal,20,0.8,20458.0,True,0.042105263157894736,1.0,9.926129283016953
1,168.0,random_sampling,euclidean,lognormal,20,0.8,168.0,True,0.042105263157894736,1.0,5.123963979403259
2,222.0,random_sampling,euclidean,lognormal,20,0.8,222.0,True,0.04736842105263158,1.0,5.402677381872279
3,348.0,random_sampling,euclidean,lognormal,20,0.8,348.0,True,0.03684210526315789,1.0,5.8522024797744745
4,748.0,random_sampling,euclidean,lognormal,20,0.8,748.0,True,0.031578947368421054,0.9999999999999997,6.617402977974478
5,349.0,random_sampling,euclidean,lognormal,20,0.8,349.0,True,0.031578947368421054,0.9999999999999998,5.855071922202427
6,369.0,random_sampling,euclidean,lognormal,20,0.8,369.0,True,0.031578947368421054,1.0000000000000002,5.910796644040527
7,236.0,random_sampling,euclidean,lognormal,20,0.8,236.0,True,0.042105263157894736,0.9999999999999998,5.4638318050256105
8,454.0,random_sampling,euclidean,lognormal,20,0.8,454.0,True,0.03684210526315789,0.9999999999999998,6.118097198041348
9,1723.0,random_sampling,euclidean,lognormal,20,0.8,1723.0,True,0.03684210526315789,1.0,7.45182223652793
10,99.0,random_sampling,euclidean,lognormal,20,0.8,99.0,True,0.03684210526315789,1.0,4.59511985013459
11,492.0,random_sampling,euclidean,lognormal,20,0.8,492.0,True,0.05263157894736842,1.0000000000000002,6.198478716492308
12,483.0,random_sampling,euclidean,lognormal,20,0.8,483.0,True,0.03684210526315789,1.0000000000000002,6.180016653652572
13,97.0,random_sampling,euclidean,lognormal,20,0.8,97.0,True,0.03684210526315789,0.9999999999999998,4.574710978503383
14,2521.0,random_sampling,euclidean,lognormal,20,0.8,2521.0,True,0.03684210526315789,1.0,7.83241092718792
15,17693.0,random_sampling,euclidean,lognormal,20,0.8,17693.0,True,0.031578947368421054,1.0,9.780924360113003
16,836.0,random_sampling,euclidean,lognormal,20,0.8,836.0,True,0.04736842105263158,1.0,6.728628613084702
17,263.0,random_sampling,euclidean,lognormal,20,0.8,263.0,True,0.031578947368421054,1.0,5.572154032177765
18,2502.0,random_sampling,euclidean,lognormal,20,0.8,2502.0,True,0.04736842105263158,1.0000000000000002,7.824845691026856
19,180.0,random_sampling,euclidean,lognormal,20,0.8,180.0,True,0.03684210526315789,1.0,5.19295685089021
20,303.0,random_sampling,euclidean,lognormal,20,0.8,303.0,True,0.03684210526315789,1.0,5.713732805509369
21,85.0,random_sampling,euclidean,lognormal,20,0.8,85.0,True,0.03684210526315789,1.0,4.442651256490317
22,520.0,random_sampling,euclidean,lognormal,20,0.8,520.0,True,0.042105263157894736,1.0,6.253828811575473
23,804.0,random_sampling,euclidean,lognormal,20,0.8,804.0,True,0.042105263157894736,1.0000000000000002,6.6895992691789665
24,333.0,random_sampling,euclidean,lognormal,20,0.8,333.0,True,0.05789473684210526,1.0,5.808142489980444
25,254.0,random_sampling,euclidean,lognormal,20,0.8,254.0,True,0.02631578947368421,1.0,5.537334267018537
26,602.0,random_sampling,euclidean,lognormal,20,0.8,602.0,True,0.042105263157894736,1.0,6.400257445308821
27,115.0,random_sampling,euclidean,lognormal,20,0.8,115.0,True,0.03684210526315789,1.0,4.74493212836325
28,114.0,random_sampling,euclidean,lognormal,20,0.8,114.0,True,0.05789473684210526,1.0,4.736198448394496
29,120.0,random_sampling,euclidean,lognormal,20,0.8,120.0,True,0.05789473684210526,1.0000000000000002,4.787491742782046
30,381.0,random_sampling,euclidean,lognormal,20,0.8,381.0,True,0.05263157894736842,1.0,5.942799375126701
31,3213.0,random_sampling,euclidean,lognormal,20,0.8,3213.0,True,0.042105263157894736,0.9999999999999997,8.074960359115858
32,98.0,random_sampling,euclidean,lognormal,20,0.8,98.0,True,0.04736842105263158,0.9999999999999997,4.584967478670572
33,520.0,random_sampling,euclidean,lognormal,20,0.8,520.0,True,0.031578947368421054,1.0,6.253828811575473
34,218.0,random_sampling,euclidean,lognormal,20,0.8,218.0,True,0.04736842105263158,1.0000000000000002,5.384495062789089
35,473.0,random_sampling,euclidean,lognormal,20,0.8,473.0,True,0.042105263157894736,1.0,6.159095388491933
36,2067.0,random_sampling,euclidean,lognormal,20,0.8,2067.0,True,0.05789473684210526,1.0,7.633853559681768
37,295.0,random_sampling,euclidean,lognormal,20,0.8,295.0,True,0.042105263157894736,1.0,5.68697535633982
38,343.0,random_sampling,euclidean,lognormal,20,0.8,343.0,True,0.042105263157894736,1.0000000000000002,5.8377304471659395
39,118.0,random_sampling,euclidean,lognormal,20,0.8,118.0,True,0.05263157894736842,1.0,4.770684624465665
40,990.0,random_sampling,euclidean,lognormal,20,0.8,990.0,True,0.04736842105263158,0.9999999999999997,6.897704943128636
41,226.0,random_sampling,euclidean,lognormal,20,0.8,226.0,True,0.042105263157894736,1.0000000000000002,5.420534999272286
42,728.0,random_sampling,euclidean,lognormal,20,0.8,728.0,True,0.03684210526315789,1.0000000000000002,6.590301048196686
43,18518.0,random_sampling,euclidean,lognormal,20,0.8,18518.0,True,0.042105263157894736,1.0,9.826498511007992
44,712.0,random_sampling,euclidean,lognormal,20,0.8,712.0,True,0.03684210526315789,1.0,6.568077911411976
45,63.0,random_sampling,euclidean,lognormal,20,0.8,63.0,True,0.042105263157894736,1.0,4.143134726391533
46,417.0,random_sampling,euclidean,lognormal,20,0.8,417.0,True,0.042105263157894736,1.0,6.0330862217988015
47,702.0,random_sampling,euclidean,lognormal,20,0.8,702.0,True,0.042105263157894736,1.0,6.553933404025811
48,220.0,random_sampling,euclidean,lognormal,20,0.8,220.0,True,0.042105263157894736,1.0,5.393627546352362
49,250.0,random_sampling,euclidean,lognormal,20,0.8,250.0,True,0.04736842105263158,0.9999999999999998,5.521460917862246
50,2931.0,random_sampling,euclidean,lognormal,20,0.8,2931.0,True,0.04736842105263158,1.0,7.983098940710892
51,381.0,random_sampling,euclidean,lognormal,20,0.8,381.0,True,0.04736842105263158,1.0,5.942799375126701
52,1449.0,random_sampling,euclidean,lognormal,20,0.8,1449.0,True,0.03684210526315789,1.0,7.278628942320682
53,122.0,random_sampling,euclidean,lognormal,20,0.8,122.0,True,0.04736842105263158,0.9999999999999998,4.804021044733257
54,136.0,random_sampling,euclidean,lognormal,20,0.8,136.0,True,0.05263157894736842,0.9999999999999998,4.912654885736052
55,66.0,random_sampling,euclidean,lognormal,20,0.8,66.0,True,0.03684210526315789,1.0,4.189654742026425
56,270.0,random_sampling,euclidean,lognormal,20,0.8,270.0,True,0.06315789473684211,1.0000000000000002,5.598421958998375
57,159.0,random_sampling,euclidean,lognormal,20,0.8,159.0,True,0.04736842105263158,1.0,5.0689042022202315
58,413.0,random_sampling,euclidean,lognormal,20,0.8,413.0,True,0.04736842105263158,1.0,6.023447592961033
59,1049.0,random_sampling,euclidean,lognormal,20,0.8,1049.0,True,0.031578947368421054,1.0000000000000002,6.955592608396297
60,1226.0,random_sampling,euclidean,lognormal,20,0.8,1226.0,True,0.05263157894736842,0.9999999999999998,7.111512116496157
61,146.0,random_sampling,euclidean,lognormal,20,0.8,146.0,True,0.04736842105263158,1.0,4.983606621708336
62,343.0,random_sampling,euclidean,lognormal,20,0.8,343.0,True,0.031578947368421054,1.0,5.8377304471659395
63,343.0,random_sampling,euclidean,lognormal,20,0.8,343.0,True,0.03684210526315789,1.0,5.8377304471659395
64,1607.0,random_sampling,euclidean,lognormal,20,0.8,1607.0,True,0.04736842105263158,1.0,7.382124365737512
65,460.0,random_sampling,euclidean,lognormal,20,0.8,460.0,True,0.042105263157894736,0.9999999999999998,6.131226489483141
66,777.0,random_sampling,euclidean,lognormal,20,0.8,777.0,True,0.03684210526315789,0.9999999999999998,6.655440350367647
67,423.0,random_sampling,euclidean,lognormal,20,0.8,423.0,True,0.04736842105263158,1.0,6.0473721790462776
68,213.0,random_sampling,euclidean,lognormal,20,0.8,213.0,True,0.042105263157894736,1.0,5.3612921657094255
69,1740.0,random_sampling,euclidean,lognormal,20,0.8,1740.0,True,0.04736842105263158,1.0,7.461640392208575
70,51975.0,random_sampling,euclidean,lognormal,20,0.8,51975.0,True,0.05263157894736842,0.9999999999999998,10.858518112726214
71,80.0,random_sampling,euclidean,lognormal,20,0.8,80.0,True,0.042105263157894736,1.0,4.382026634673881
72,151.0,random_sampling,euclidean,lognormal,20,0.8,151.0,True,0.042105263157894736,0.9999999999999998,5.017279836814924
73,259.0,random_sampling,euclidean,lognormal,20,0.8,259.0,True,0.05263157894736842,1.0,5.556828061699537
74,240.0,random_sampling,euclidean,lognormal,20,0.8,240.0,True,0.03684210526315789,0.9999999999999997,5.480638923341991
75,144.0,random_sampling,euclidean,lognormal,20,0.8,144.0,True,0.04736842105263158,1.0000000000000002,4.969813299576001
76,103.0,random_sampling,euclidean,lognormal,20,0.8,103.0,True,0.04736842105263158,0.9999999999999997,4.634728988229636
77,11189.0,random_sampling,euclidean,lognormal,20,0.8,11189.0,True,0.04736842105263158,0.9999999999999998,9.322686431807721
78,407.0,random_sampling,euclidean,lognormal,20,0.8,407.0,True,0.03684210526315789,1.0,6.008813185442595
79,382.0,random_sampling,euclidean,lognormal,20,0.8,382.0,True,0.03684210526315789,1.0,5.945420608606575
80,514.0,random_sampling,euclidean,lognormal,20,0.8,514.0,True,0.031578947368421054,0.9999999999999998,6.2422232654551655
81,1162.0,random_sampling,euclidean,lognormal,20,0.8,1162.0,True,0.04736842105263158,1.0,7.057897937411856
82,471.0,random_sampling,euclidean,lognormal,20,0.8,471.0,True,0.04736842105263158,1.0000000000000002,6.154858094016418
83,293.0,random_sampling,euclidean,lognormal,20,0.8,293.0,True,0.06315789473684211,0.9999999999999998,5.680172609017068
84,1235.0,random_sampling,euclidean,lognormal,20,0.8,1235.0,True,0.031578947368421054,1.0,7.118826249062078
85,150.0,random_sampling,euclidean,lognormal,20,0.8,150.0,True,0.031578947368421054,1.0,5.0106352940962555
86,370.0,random_sampling,euclidean,lognormal,20,0.8,370.0,True,0.04736842105263158,0.9999999999999998,5.91350300563827
87,214.0,random_sampling,euclidean,lognormal,20,0.8,214.0,True,0.03684210526315789,1.0000000000000002,5.365976015021851
88,849.0,random_sampling,euclidean,lognormal,20,0.8,849.0,True,0.04736842105263158,1.0,6.744059186311348
89,414.0,random_sampling,euclidean,lognormal,20,0.8,414.0,True,0.05263157894736842,1.0,6.025865973825314
90,2219.0,random_sampling,euclidean,lognormal,20,0.8,2219.0,True,0.031578947368421054,1.0,7.704811922932594
91,781.0,random_sampling,euclidean,lognormal,20,0.8,781.0,True,0.042105263157894736,1.0000000000000002,6.660575149839686
92,238.0,random_sampling,euclidean,lognormal,20,0.8,238.0,True,0.042105263157894736,1.0,5.472270673671475
93,421.0,random_sampling,euclidean,lognormal,20,0.8,421.0,True,0.03684210526315789,1.0,6.042632833682381
94,212.0,random_sampling,euclidean,lognormal,20,0.8,212.0,True,0.05263157894736842,0.9999999999999998,5.356586274672012
95,1195.0,random_sampling,euclidean,lognormal,20,0.8,1195.0,True,0.03684210526315789,1.0,7.085901464365611
96,108.0,random_sampling,euclidean,lognormal,20,0.8,108.0,True,0.05789473684210526,0.9999999999999998,4.68213122712422
97,1166.0,random_sampling,euclidean,lognormal,20,0.8,1166.0,True,0.031578947368421054,0.9999999999999997,7.061334366910438
98,87.0,random_sampling,euclidean,lognormal,20,0.8,87.0,True,0.042105263157894736,0.9999999999999997,4.465908118654584
0,2654.0,random_sampling,euclidean,lognormal,20,1.2,2654.0,True,0.08947368421052632,1.0,7.8838232148921525
1,113.0,random_sampling,euclidean,lognormal,20,1.2,113.0,True,0.10526315789473684,1.0000000000000004,4.727387818712341
2,18502.0,random_sampling,euclidean,lognormal,20,1.2,18502.0,True,0.1,1.0000000000000002,9.825634113331263
3,30858.0,random_sampling,euclidean,lognormal,20,1.2,30858.0,True,0.08421052631578947,1.0,10.337151315002972
4,7642.0,random_sampling,euclidean,lognormal,20,1.2,7642.0,True,0.1,1.0000000000000002,8.941414628006845
5,1272.0,random_sampling,euclidean,lognormal,20,1.2,1272.0,True,0.1,1.0,7.148345743900068
6,1084.0,random_sampling,euclidean,lognormal,20,1.2,1084.0,True,0.07894736842105263,1.0,6.988413181999592
7,501.0,random_sampling,euclidean,lognormal,20,1.2,501.0,True,0.08421052631578947,1.0000000000000002,6.2166061010848646
8,497.0,random_sampling,euclidean,lognormal,20,1.2,497.0,True,0.05789473684210526,1.0000000000000004,6.208590026096629
9,2726.0,random_sampling,euclidean,lognormal,20,1.2,2726.0,True,0.06315789473684211,1.0000000000000004,7.9105906122564775
10,26011.0,random_sampling,euclidean,lognormal,20,1.2,26011.0,True,0.09473684210526316,0.9999999999999998,10.16627480445489
11,2157.0,random_sampling,euclidean,lognormal,20,1.2,2157.0,True,0.07894736842105263,1.0,7.676473646389156
12,1366.0,random_sampling,euclidean,lognormal,20,1.2,1366.0,True,0.04736842105263158,1.0000000000000002,7.2196420401307355
13,576.0,random_sampling,euclidean,lognormal,20,1.2,576.0,True,0.1,1.0000000000000002,6.3561076606958915
14,222.0,random_sampling,euclidean,lognormal,20,1.2,222.0,True,0.05263157894736842,1.0000000000000002,5.402677381872279
15,3531.0,random_sampling,euclidean,lognormal,20,1.2,3531.0,True,0.08421052631578947,1.0,8.169336395928386
16,792.0,random_sampling,euclidean,lognormal,20,1.2,792.0,True,0.07894736842105263,1.0,6.674561391814426
17,35258.0,random_sampling,euclidean,lognormal,20,1.2,35258.0,True,0.06842105263157895,1.0000000000000002,10.470447732845688
18,3095.0,random_sampling,euclidean,lognormal,20,1.2,3095.0,True,0.07894736842105263,1.0,8.037543185118697
19,2389.0,random_sampling,euclidean,lognormal,20,1.2,2389.0,True,0.1,0.9999999999999998,7.77863014732581
20,2137.0,random_sampling,euclidean,lognormal,20,1.2,2137.0,True,0.07368421052631578,1.0,7.667158255319148
21,1164.0,random_sampling,euclidean,lognormal,20,1.2,1164.0,True,0.12105263157894737,1.0000000000000002,7.059617628291383
22,3056.0,random_sampling,euclidean,lognormal,20,1.2,3056.0,True,0.07894736842105263,1.0,8.024862150286411
23,2167.0,random_sampling,euclidean,lognormal,20,1.2,2167.0,True,0.06842105263157895,1.0,7.681099001536359
24,192.0,random_sampling,euclidean,lognormal,20,1.2,192.0,True,0.1,1.0000000000000002,5.2574953720277815
25,10706.0,random_sampling,euclidean,lognormal,20,1.2,10706.0,True,0.10526315789473684,0.9999999999999998,9.278559610953327
26,12150.0,random_sampling,euclidean,lognormal,20,1.2,12150.0,True,0.06842105263157895,1.0,9.405084448768694
27,10080.0,random_sampling,euclidean,lognormal,20,1.2,10080.0,True,0.1,1.0000000000000002,9.21830854162536
28,1277.0,random_sampling,euclidean,lognormal,20,1.2,1277.0,True,0.07894736842105263,1.0000000000000002,7.152268856032539
29,183.0,random_sampling,euclidean,lognormal,20,1.2,183.0,True,0.06842105263157895,1.0,5.209486152841421
30,975.0,random_sampling,euclidean,lognormal,20,1.2,975.0,True,0.1,1.0000000000000002,6.882437470997847
31,1672.0,random_sampling,euclidean,lognormal,20,1.2,1672.0,True,0.07894736842105263,1.0,7.421775793644647
32,1914.0,random_sampling,euclidean,lognormal,20,1.2,1914.0,True,0.06842105263157895,1.0000000000000002,7.5569505720129
33,1965.0,random_sampling,euclidean,lognormal,20,1.2,1965.0,True,0.08947368421052632,1.0,7.583247524303362
34,2669.0,random_sampling,euclidean,lognormal,20,1.2,2669.0,True,0.05789473684210526,1.0000000000000004,7.889459149404524
35,380.0,random_sampling,euclidean,lognormal,20,1.2,380.0,True,0.06315789473684211,1.0,5.940171252720432
36,29691.0,random_sampling,euclidean,lognormal,20,1.2,29691.0,True,0.06315789473684211,1.0,10.2985992485648
37,1791.0,random_sampling,euclidean,lognormal,20,1.2,1791.0,True,0.06315789473684211,0.9999999999999998,7.490529402060711
38,240.0,random_sampling,euclidean,lognormal,20,1.2,240.0,True,0.08947368421052632,0.9999999999999998,5.480638923341991
39,1884.0,random_sampling,euclidean,lognormal,20,1.2,1884.0,True,0.06315789473684211,1.0000000000000002,7.5411524551363085
40,27058.0,random_sampling,euclidean,lognormal,20,1.2,27058.0,True,0.07368421052631578,1.0000000000000004,10.205737989163305
41,344.0,random_sampling,euclidean,lognormal,20,1.2,344.0,True,0.07894736842105263,1.0000000000000002,5.840641657373398
42,1816.0,random_sampling,euclidean,lognormal,20,1.2,1816.0,True,0.09473684210526316,1.0,7.504391559161238
43,61425.0,random_sampling,euclidean,lognormal,20,1.2,61425.0,True,0.05263157894736842,1.0,11.02557219738938
44,3892.0,random_sampling,euclidean,lognormal,20,1.2,3892.0,True,0.07368421052631578,1.0,8.266678443305896
45,5644.0,random_sampling,euclidean,lognormal,20,1.2,5644.0,True,0.08421052631578947,1.0,8.638348312972704
46,5341.0,random_sampling,euclidean,lognormal,20,1.2,5341.0,True,0.09473684210526316,1.0,8.58316818033977
47,1819.0,random_sampling,euclidean,lognormal,20,1.2,1819.0,True,0.06315789473684211,1.0,7.506042178518122
48,6552.0,random_sampling,euclidean,lognormal,20,1.2,6552.0,True,0.10526315789473684,1.0,8.787525625532906
49,993.0,random_sampling,euclidean,lognormal,20,1.2,993.0,True,0.09473684210526316,1.0,6.900730664045173
50,3250.0,random_sampling,euclidean,lognormal,20,1.2,3250.0,True,0.07368421052631578,1.0,8.086410275323782
51,2950.0,random_sampling,euclidean,lognormal,20,1.2,2950.0,True,0.05789473684210526,1.0000000000000002,7.989560449333865
52,5504.0,random_sampling,euclidean,lognormal,20,1.2,5504.0,True,0.07894736842105263,1.0,8.61323037961318
53,711.0,random_sampling,euclidean,lognormal,20,1.2,711.0,True,0.06315789473684211,1.0000000000000002,6.566672429803241
54,892.0,random_sampling,euclidean,lognormal,20,1.2,892.0,True,0.09473684210526316,0.9999999999999998,6.79346613258001
55,688.0,random_sampling,euclidean,lognormal,20,1.2,688.0,True,0.07368421052631578,1.0,6.5337888379333435
56,3916.0,random_sampling,euclidean,lognormal,20,1.2,3916.0,True,0.06315789473684211,1.0,8.272826003650401
57,2029.0,random_sampling,euclidean,lognormal,20,1.2,2029.0,True,0.08947368421052632,1.0000000000000002,7.615298339825815
58,660.0,random_sampling,euclidean,lognormal,20,1.2,660.0,True,0.09473684210526316,1.0,6.492239835020471
59,5477.0,random_sampling,euclidean,lognormal,20,1.2,5477.0,True,0.07894736842105263,0.9999999999999998,8.608312784783722
60,883.0,random_sampling,euclidean,lognormal,20,1.2,883.0,True,0.07368421052631578,1.0,6.78332520060396
61,742.0,random_sampling,euclidean,lognormal,20,1.2,742.0,True,0.1,1.0000000000000002,6.60934924316738
62,10310.0,random_sampling,euclidean,lognormal,20,1.2,10310.0,True,0.09473684210526316,1.0,9.240869577011006
63,7773.0,random_sampling,euclidean,lognormal,20,1.2,7773.0,True,0.04736842105263158,1.0,8.958411469230219
64,2764.0,random_sampling,euclidean,lognormal,20,1.2,2764.0,True,0.08947368421052632,0.9999999999999998,7.92443418488756
65,117.0,random_sampling,euclidean,lognormal,20,1.2,117.0,True,0.1,1.0000000000000002,4.762173934797756
66,18266.0,random_sampling,euclidean,lognormal,20,1.2,18266.0,True,0.05789473684210526,0.9999999999999998,9.812796687251625
67,1809.0,random_sampling,euclidean,lognormal,20,1.2,1809.0,True,0.1,1.0,7.500529485395295
68,494.0,random_sampling,euclidean,lognormal,20,1.2,494.0,True,0.07894736842105263,1.0,6.202535517187923
69,451.0,random_sampling,euclidean,lognormal,20,1.2,451.0,True,0.12631578947368421,0.9999999999999998,6.111467339502679
70,185.0,random_sampling,euclidean,lognormal,20,1.2,185.0,True,0.08947368421052632,0.9999999999999998,5.220355825078324
71,957.0,random_sampling,euclidean,lognormal,20,1.2,957.0,True,0.1,1.0000000000000002,6.863803391452954
72,899.0,random_sampling,euclidean,lognormal,20,1.2,899.0,True,0.08421052631578947,1.0,6.80128303447162
73,1919.0,random_sampling,euclidean,lognormal,20,1.2,1919.0,True,0.09473684210526316,1.0000000000000002,7.5595594960077
74,230.0,random_sampling,euclidean,lognormal,20,1.2,230.0,True,0.08421052631578947,0.9999999999999998,5.438079308923196
75,6842.0,random_sampling,euclidean,lognormal,20,1.2,6842.0,True,0.12631578947368421,1.0000000000000002,8.830835365537549
76,712.0,random_sampling,euclidean,lognormal,20,1.2,712.0,True,0.1,1.0000000000000004,6.568077911411976
77,2812.0,random_sampling,euclidean,lognormal,20,1.2,2812.0,True,0.1,1.0000000000000002,7.941651252930556
78,302.0,random_sampling,euclidean,lognormal,20,1.2,302.0,True,0.07368421052631578,1.0000000000000004,5.71042701737487
79,2873.0,random_sampling,euclidean,lognormal,20,1.2,2873.0,True,0.07894736842105263,1.0,7.96311205897929
80,1100.0,random_sampling,euclidean,lognormal,20,1.2,1100.0,True,0.08421052631578947,1.0000000000000002,7.003065458786462
81,284.0,random_sampling,euclidean,lognormal,20,1.2,284.0,True,0.08947368421052632,1.0,5.648974238161206
82,445.0,random_sampling,euclidean,lognormal,20,1.2,445.0,True,0.08421052631578947,1.0,6.09807428216624
83,29855.0,random_sampling,euclidean,lognormal,20,1.2,29855.0,True,0.08947368421052632,1.0,10.304107608981093
84,1962.0,random_sampling,euclidean,lognormal,20,1.2,1962.0,True,0.07894736842105263,1.0,7.581719640125308
85,3186.0,random_sampling,euclidean,lognormal,20,1.2,3186.0,True,0.08947368421052632,1.0,8.066521490469993
86,1017.0,random_sampling,euclidean,lognormal,20,1.2,1017.0,True,0.09473684210526316,0.9999999999999998,6.92461239604856
87,10499.0,random_sampling,euclidean,lognormal,20,1.2,10499.0,True,0.05789473684210526,1.0000000000000002,9.259035293514941
88,1267.0,random_sampling,euclidean,lognormal,20,1.2,1267.0,True,0.1,1.0,7.144407180321139
89,1551.0,random_sampling,euclidean,lognormal,20,1.2,1551.0,True,0.08947368421052632,1.0,7.346655163176539
90,254.0,random_sampling,euclidean,lognormal,20,1.2,254.0,True,0.08947368421052632,1.0000000000000002,5.537334267018537
91,17151.0,random_sampling,euclidean,lognormal,20,1.2,17151.0,True,0.05789473684210526,1.0000000000000002,9.749811759932081
92,756.0,random_sampling,euclidean,lognormal,20,1.2,756.0,True,0.06842105263157895,1.0,6.628041376179533
93,1964.0,random_sampling,euclidean,lognormal,20,1.2,1964.0,True,0.07368421052631578,1.0000000000000002,7.582738488914411
94,4040.0,random_sampling,euclidean,lognormal,20,1.2,4040.0,True,0.07368421052631578,1.0000000000000002,8.303999970955196
95,3295.0,random_sampling,euclidean,lognormal,20,1.2,3295.0,True,0.09473684210526316,1.0000000000000002,8.100161446936607
96,18023.0,random_sampling,euclidean,lognormal,20,1.2,18023.0,True,0.06315789473684211,1.0,9.799403998992805
97,6386.0,random_sampling,euclidean,lognormal,20,1.2,6386.0,True,0.08421052631578947,1.0000000000000002,8.761863373274727
0,1818.0,random_sampling,euclidean,lognormal,20,1.0,1818.0,True,0.06842105263157895,0.9999999999999998,7.505492274737424
1,197.0,random_sampling,euclidean,lognormal,20,1.0,197.0,True,0.05263157894736842,0.9999999999999998,5.2832037287379885
2,197.0,random_sampling,euclidean,lognormal,20,1.0,197.0,True,0.06315789473684211,1.0000000000000002,5.2832037287379885
3,1646.0,random_sampling,euclidean,lognormal,20,1.0,1646.0,True,0.06315789473684211,0.9999999999999998,7.406103381237015
4,521.0,random_sampling,euclidean,lognormal,20,1.0,521.0,True,0.04736842105263158,0.9999999999999998,6.255750041753367
5,10694.0,random_sampling,euclidean,lognormal,20,1.0,10694.0,True,0.04736842105263158,1.0,9.277438115508676
6,232.0,random_sampling,euclidean,lognormal,20,1.0,232.0,True,0.05789473684210526,1.0,5.44673737166631
7,207.0,random_sampling,euclidean,lognormal,20,1.0,207.0,True,0.05263157894736842,1.0000000000000002,5.332718793265369
8,1434.0,random_sampling,euclidean,lognormal,20,1.0,1434.0,True,0.06842105263157895,0.9999999999999998,7.2682230211595655
9,207.0,random_sampling,euclidean,lognormal,20,1.0,207.0,True,0.05263157894736842,1.0000000000000002,5.332718793265369
10,417.0,random_sampling,euclidean,lognormal,20,1.0,417.0,True,0.05789473684210526,1.0,6.0330862217988015
11,15841.0,random_sampling,euclidean,lognormal,20,1.0,15841.0,True,0.06315789473684211,1.0000000000000002,9.670356794688852
12,93.0,random_sampling,euclidean,lognormal,20,1.0,93.0,True,0.06315789473684211,1.0,4.532599493153256
13,711.0,random_sampling,euclidean,lognormal,20,1.0,711.0,True,0.06842105263157895,1.0000000000000002,6.566672429803241
14,456.0,random_sampling,euclidean,lognormal,20,1.0,456.0,True,0.06842105263157895,1.0000000000000002,6.1224928095143865
15,1282.0,random_sampling,euclidean,lognormal,20,1.0,1282.0,True,0.06315789473684211,1.0000000000000002,7.156176637480615
16,941.0,random_sampling,euclidean,lognormal,20,1.0,941.0,True,0.06842105263157895,1.0,6.846943139585379
17,1365.0,random_sampling,euclidean,lognormal,20,1.0,1365.0,True,0.06842105263157895,1.0000000000000002,7.21890970761906
18,210.0,random_sampling,euclidean,lognormal,20,1.0,210.0,True,0.07368421052631578,1.0000000000000002,5.3471075307174685
19,79.0,random_sampling,euclidean,lognormal,20,1.0,79.0,True,0.07368421052631578,0.9999999999999998,4.3694478524670215
20,73.0,random_sampling,euclidean,lognormal,20,1.0,73.0,True,0.042105263157894736,1.0,4.290459441148391
21,3192.0,random_sampling,euclidean,lognormal,20,1.0,3192.0,True,0.05789473684210526,1.0000000000000002,8.068402958569699
22,1007.0,random_sampling,euclidean,lognormal,20,1.0,1007.0,True,0.07894736842105263,1.0000000000000002,6.914730892718563
23,244.0,random_sampling,euclidean,lognormal,20,1.0,244.0,True,0.05789473684210526,1.0000000000000002,5.497168225293202
24,1387.0,random_sampling,euclidean,lognormal,20,1.0,1387.0,True,0.07368421052631578,1.0,7.234898420314831
25,332.0,random_sampling,euclidean,lognormal,20,1.0,332.0,True,0.04736842105263158,1.0,5.805134968916488
26,225.0,random_sampling,euclidean,lognormal,20,1.0,225.0,True,0.07894736842105263,1.0000000000000002,5.41610040220442
27,462.0,random_sampling,euclidean,lognormal,20,1.0,462.0,True,0.05789473684210526,1.0000000000000002,6.135564891081739
28,222.0,random_sampling,euclidean,lognormal,20,1.0,222.0,True,0.06315789473684211,1.0000000000000002,5.402677381872279
29,991.0,random_sampling,euclidean,lognormal,20,1.0,991.0,True,0.07368421052631578,1.0,6.898714534329988
30,210.0,random_sampling,euclidean,lognormal,20,1.0,210.0,True,0.05263157894736842,1.0000000000000002,5.3471075307174685
31,1692.0,random_sampling,euclidean,lognormal,20,1.0,1692.0,True,0.06842105263157895,1.0000000000000004,7.433666540166168
32,507.0,random_sampling,euclidean,lognormal,20,1.0,507.0,True,0.05789473684210526,1.0000000000000002,6.2285110035911835
33,220.0,random_sampling,euclidean,lognormal,20,1.0,220.0,True,0.07368421052631578,0.9999999999999998,5.393627546352362
34,3717.0,random_sampling,euclidean,lognormal,20,1.0,3717.0,True,0.04736842105263158,0.9999999999999998,8.220672170297252
35,3763.0,random_sampling,euclidean,lognormal,20,1.0,3763.0,True,0.05789473684210526,1.0,8.232971790593437
36,627.0,random_sampling,euclidean,lognormal,20,1.0,627.0,True,0.08421052631578947,1.0,6.440946540632921
37,2287.0,random_sampling,euclidean,lognormal,20,1.0,2287.0,True,0.08421052631578947,1.0,7.734996194022781
38,921.0,random_sampling,euclidean,lognormal,20,1.0,921.0,True,0.06315789473684211,1.0000000000000002,6.825460036255307
39,1863.0,random_sampling,euclidean,lognormal,20,1.0,1863.0,True,0.06315789473684211,1.0,7.529943370601589
40,366.0,random_sampling,euclidean,lognormal,20,1.0,366.0,True,0.05789473684210526,1.0,5.902633333401366
41,992.0,random_sampling,euclidean,lognormal,20,1.0,992.0,True,0.05263157894736842,1.0000000000000002,6.899723107284872
42,3208.0,random_sampling,euclidean,lognormal,20,1.0,3208.0,True,0.05789473684210526,1.0,8.073402968986406
43,442.0,random_sampling,euclidean,lognormal,20,1.0,442.0,True,0.06315789473684211,1.0000000000000002,6.091309882077698
44,286.0,random_sampling,euclidean,lognormal,20,1.0,286.0,True,0.04736842105263158,1.0000000000000002,5.655991810819852
45,262.0,random_sampling,euclidean,lognormal,20,1.0,262.0,True,0.04736842105263158,1.0,5.568344503761097
46,5645.0,random_sampling,euclidean,lognormal,20,1.0,5645.0,True,0.042105263157894736,0.9999999999999998,8.638525476583762
47,1267.0,random_sampling,euclidean,lognormal,20,1.0,1267.0,True,0.05263157894736842,1.0,7.144407180321139
48,3054.0,random_sampling,euclidean,lognormal,20,1.0,3054.0,True,0.08421052631578947,1.0000000000000002,8.024207485778577
49,930.0,random_sampling,euclidean,lognormal,20,1.0,930.0,True,0.05263157894736842,1.0000000000000002,6.835184586147301
50,2660.0,random_sampling,euclidean,lognormal,20,1.0,2660.0,True,0.05263157894736842,0.9999999999999998,7.886081401775745
51,1983.0,random_sampling,euclidean,lognormal,20,1.0,1983.0,True,0.06842105263157895,1.0,7.592366128519796
52,600.0,random_sampling,euclidean,lognormal,20,1.0,600.0,True,0.04736842105263158,1.0,6.396929655216146
53,482.0,random_sampling,euclidean,lognormal,20,1.0,482.0,True,0.06842105263157895,1.0,6.1779441140506
54,893.0,random_sampling,euclidean,lognormal,20,1.0,893.0,True,0.06315789473684211,1.0,6.794586580876499
55,226.0,random_sampling,euclidean,lognormal,20,1.0,226.0,True,0.05263157894736842,1.0,5.420534999272286
56,1268.0,random_sampling,euclidean,lognormal,20,1.0,1268.0,True,0.05263157894736842,1.0,7.145196134997171
57,360.0,random_sampling,euclidean,lognormal,20,1.0,360.0,True,0.06315789473684211,1.0000000000000002,5.886104031450156
58,640.0,random_sampling,euclidean,lognormal,20,1.0,640.0,True,0.06842105263157895,0.9999999999999998,6.461468176353717
59,189.0,random_sampling,euclidean,lognormal,20,1.0,189.0,True,0.05263157894736842,0.9999999999999998,5.241747015059643
60,128.0,random_sampling,euclidean,lognormal,20,1.0,128.0,True,0.06315789473684211,1.0,4.852030263919617
61,176.0,random_sampling,euclidean,lognormal,20,1.0,176.0,True,0.06315789473684211,1.0,5.170483995038151
62,707.0,random_sampling,euclidean,lognormal,20,1.0,707.0,True,0.042105263157894736,0.9999999999999998,6.561030665896573
63,938.0,random_sampling,euclidean,lognormal,20,1.0,938.0,True,0.06842105263157895,1.0000000000000002,6.843749949006225
64,1296.0,random_sampling,euclidean,lognormal,20,1.0,1296.0,True,0.05789473684210526,1.0000000000000002,7.16703787691222
65,823.0,random_sampling,euclidean,lognormal,20,1.0,823.0,True,0.07368421052631578,0.9999999999999998,6.71295620067707
66,1101.0,random_sampling,euclidean,lognormal,20,1.0,1101.0,True,0.05789473684210526,1.0000000000000002,7.00397413672268
67,747.0,random_sampling,euclidean,lognormal,20,1.0,747.0,True,0.07368421052631578,1.0,6.616065185132817
68,362.0,random_sampling,euclidean,lognormal,20,1.0,362.0,True,0.05789473684210526,1.0,5.8916442118257715
69,6985.0,random_sampling,euclidean,lognormal,20,1.0,6985.0,True,0.04736842105263158,0.9999999999999997,8.851520271691061
70,1685.0,random_sampling,euclidean,lognormal,20,1.0,1685.0,True,0.05789473684210526,1.0,7.429520842786462
71,1175.0,random_sampling,euclidean,lognormal,20,1.0,1175.0,True,0.042105263157894736,1.0,7.069023426578259
72,10709.0,random_sampling,euclidean,lognormal,20,1.0,10709.0,True,0.05789473684210526,0.9999999999999998,9.278839788400875
73,1478.0,random_sampling,euclidean,lognormal,20,1.0,1478.0,True,0.08421052631578947,1.0000000000000002,7.298445101508147
74,736.0,random_sampling,euclidean,lognormal,20,1.0,736.0,True,0.042105263157894736,1.0000000000000002,6.601230118728877
75,898.0,random_sampling,euclidean,lognormal,20,1.0,898.0,True,0.05789473684210526,1.0,6.8001700683022
76,10835.0,random_sampling,euclidean,lognormal,20,1.0,10835.0,True,0.05263157894736842,1.0000000000000002,9.29053691397046
77,1727.0,random_sampling,euclidean,lognormal,20,1.0,1727.0,True,0.04736842105263158,1.0,7.454141078146678
78,260.0,random_sampling,euclidean,lognormal,20,1.0,260.0,True,0.06842105263157895,1.0,5.560681631015528
79,255.0,random_sampling,euclidean,lognormal,20,1.0,255.0,True,0.06315789473684211,1.0,5.541263545158426
80,508.0,random_sampling,euclidean,lognormal,20,1.0,508.0,True,0.042105263157894736,1.0000000000000002,6.230481447578482
81,851.0,random_sampling,euclidean,lognormal,20,1.0,851.0,True,0.07368421052631578,1.0,6.7464121285733745
82,473.0,random_sampling,euclidean,lognormal,20,1.0,473.0,True,0.05789473684210526,1.0,6.159095388491933
83,202.0,random_sampling,euclidean,lognormal,20,1.0,202.0,True,0.05263157894736842,1.0,5.308267697401205
84,371.0,random_sampling,euclidean,lognormal,20,1.0,371.0,True,0.06315789473684211,0.9999999999999998,5.916202062607435
85,203.0,random_sampling,euclidean,lognormal,20,1.0,203.0,True,0.06315789473684211,1.0000000000000002,5.313205979041787
86,7115.0,random_sampling,euclidean,lognormal,20,1.0,7115.0,True,0.06315789473684211,1.0,8.869960510523953
87,73.0,random_sampling,euclidean,lognormal,20,1.0,73.0,True,0.05263157894736842,1.0,4.290459441148391
88,1428.0,random_sampling,euclidean,lognormal,20,1.0,1428.0,True,0.03684210526315789,1.0,7.2640301428995295
89,361.0,random_sampling,euclidean,lognormal,20,1.0,361.0,True,0.06315789473684211,1.0,5.8888779583328805
90,507.0,random_sampling,euclidean,lognormal,20,1.0,507.0,True,0.07368421052631578,1.0,6.2285110035911835
91,598.0,random_sampling,euclidean,lognormal,20,1.0,598.0,True,0.05789473684210526,1.0,6.393590753950631
92,273.0,random_sampling,euclidean,lognormal,20,1.0,273.0,True,0.07894736842105263,1.0,5.60947179518496
93,410.0,random_sampling,euclidean,lognormal,20,1.0,410.0,True,0.08421052631578947,1.0000000000000002,6.016157159698354
94,715.0,random_sampling,euclidean,lognormal,20,1.0,715.0,True,0.05789473684210526,1.0000000000000002,6.5722825426940075
95,1686.0,random_sampling,euclidean,lognormal,20,1.0,1686.0,True,0.05263157894736842,1.0000000000000002,7.430114138561801
96,1876.0,random_sampling,euclidean,lognormal,20,1.0,1876.0,True,0.06842105263157895,1.0000000000000004,7.53689712956617
97,2873.0,random_sampling,euclidean,lognormal,20,1.0,2873.0,True,0.05263157894736842,1.0,7.96311205897929
98,329.0,random_sampling,euclidean,lognormal,20,1.0,329.0,True,0.07368421052631578,1.0,5.796057750765372
0,54372.0,random_sampling,euclidean,lognormal,20,2.2,54372.0,True,0.1,1.0000000000000004,10.903604594455139
1,21359.0,random_sampling,euclidean,lognormal,20,2.2,21359.0,True,0.13157894736842105,1.0,9.969228475498804
2,1013.0,random_sampling,euclidean,lognormal,20,2.2,1013.0,True,0.12105263157894737,1.0000000000000002,6.920671504248683
3,174714.0,random_sampling,euclidean,lognormal,20,2.2,174714.0,True,0.16842105263157894,1.0,12.070905630289683
4,71066.0,random_sampling,euclidean,lognormal,20,2.2,71066.0,True,0.11052631578947368,0.9999999999999998,11.171364301698677
5,65587.0,random_sampling,euclidean,lognormal,20,2.2,65587.0,True,0.16842105263157894,1.0000000000000002,11.09113278456206
6,61477.0,random_sampling,euclidean,lognormal,20,2.2,61477.0,True,0.14736842105263157,1.0,11.026418400105413
7,11167.0,random_sampling,euclidean,lognormal,20,2.2,11167.0,True,0.11578947368421053,1.0,9.320718279445792
8,193230.0,random_sampling,euclidean,lognormal,20,2.2,193230.0,True,0.15263157894736842,1.0,12.171636468209046
9,17996758.0,random_sampling,euclidean,lognormal,20,2.2,17996758.0,True,0.15789473684210525,1.0,16.705702188527372
10,8177.0,random_sampling,euclidean,lognormal,20,2.2,8177.0,True,0.13157894736842105,1.0,9.009080614161977
11,3356.0,random_sampling,euclidean,lognormal,20,2.2,3356.0,True,0.14736842105263157,1.0000000000000002,8.118505067587098
12,3138.0,random_sampling,euclidean,lognormal,20,2.2,3138.0,True,0.1631578947368421,1.0000000000000002,8.051340933292979
13,4932.0,random_sampling,euclidean,lognormal,20,2.2,4932.0,True,0.12105263157894737,1.0,8.503499864284235
14,926.0,random_sampling,euclidean,lognormal,20,2.2,926.0,True,0.1631578947368421,0.9999999999999998,6.8308742346461795
15,111222.0,random_sampling,euclidean,lognormal,20,2.2,111222.0,True,0.15789473684210525,0.9999999999999998,11.619283482957144
16,940.0,random_sampling,euclidean,lognormal,20,2.2,940.0,True,0.14736842105263157,0.9999999999999998,6.84587987526405
17,48123.0,random_sampling,euclidean,lognormal,20,2.2,48123.0,True,0.15263157894736842,1.0,10.781515512284951
18,62539.0,random_sampling,euclidean,lognormal,20,2.2,62539.0,True,0.11052631578947368,0.9999999999999998,11.043545641117445
19,7032198.0,random_sampling,euclidean,lognormal,20,2.2,7032198.0,True,0.14736842105263157,1.0,15.766009874947336
20,3390.0,random_sampling,euclidean,lognormal,20,2.2,3390.0,True,0.1368421052631579,1.0,8.128585200374497
21,3557.0,random_sampling,euclidean,lognormal,20,2.2,3557.0,True,0.1368421052631579,1.0,8.176672771948455
22,286.0,random_sampling,euclidean,lognormal,20,2.2,286.0,True,0.16842105263157894,1.0,5.655991810819852
23,105056.0,random_sampling,euclidean,lognormal,20,2.2,105056.0,True,0.13157894736842105,1.0,11.562248820301319
24,6845.0,random_sampling,euclidean,lognormal,20,2.2,6845.0,True,0.14736842105263157,1.0,8.83127373772255
25,57689.0,random_sampling,euclidean,lognormal,20,2.2,57689.0,True,0.1,0.9999999999999998,10.962821793074005
26,53874.0,random_sampling,euclidean,lognormal,20,2.2,53874.0,True,0.08421052631578947,1.0,10.894403265748863
27,6386.0,random_sampling,euclidean,lognormal,20,2.2,6386.0,True,0.10526315789473684,1.0000000000000002,8.761863373274727
28,9900.0,random_sampling,euclidean,lognormal,20,2.2,9900.0,True,0.1736842105263158,1.0,9.20029003612268
29,57535.0,random_sampling,euclidean,lognormal,20,2.2,57535.0,True,0.14210526315789473,0.9999999999999998,10.960148737257558
30,16721.0,random_sampling,euclidean,lognormal,20,2.2,16721.0,True,0.15789473684210525,0.9999999999999998,9.724420693462669
31,5305.0,random_sampling,euclidean,lognormal,20,2.2,5305.0,True,0.14210526315789473,0.9999999999999998,8.576405051048084
32,6185.0,random_sampling,euclidean,lognormal,20,2.2,6185.0,True,0.12631578947368421,1.0,8.729882284826589
33,7859.0,random_sampling,euclidean,lognormal,20,2.2,7859.0,True,0.12631578947368421,0.9999999999999998,8.969414650866176
34,74589.0,random_sampling,euclidean,lognormal,20,2.2,74589.0,True,0.13157894736842105,0.9999999999999998,11.219748322236468
35,3751.0,random_sampling,euclidean,lognormal,20,2.2,3751.0,True,0.13157894736842105,0.9999999999999998,8.229777750081887
36,3375.0,random_sampling,euclidean,lognormal,20,2.2,3375.0,True,0.13157894736842105,1.0,8.12415060330663
37,856.0,random_sampling,euclidean,lognormal,20,2.2,856.0,True,0.12105263157894737,1.0,6.752270376141742
38,143394.0,random_sampling,euclidean,lognormal,20,2.2,143394.0,True,0.19473684210526315,1.0000000000000004,11.873351365268114
39,33201.0,random_sampling,euclidean,lognormal,20,2.2,33201.0,True,0.15789473684210525,0.9999999999999998,10.410335274932896
40,28833.0,random_sampling,euclidean,lognormal,20,2.2,28833.0,True,0.1736842105263158,0.9999999999999998,10.269275843491394
41,13581.0,random_sampling,euclidean,lognormal,20,2.2,13581.0,True,0.1368421052631579,1.0,9.516427036104067
42,46282.0,random_sampling,euclidean,lognormal,20,2.2,46282.0,True,0.14736842105263157,1.0,10.742508395585617
43,337047.0,random_sampling,euclidean,lognormal,20,2.2,337047.0,True,0.15263157894736842,1.0,12.727977665485408
44,174113.0,random_sampling,euclidean,lognormal,20,2.2,174113.0,True,0.11578947368421053,1.0000000000000002,12.067459792698676
45,7749.0,random_sampling,euclidean,lognormal,20,2.2,7749.0,True,0.14210526315789473,1.0,8.95531908176395
46,36567.0,random_sampling,euclidean,lognormal,20,2.2,36567.0,True,0.1736842105263158,0.9999999999999997,10.506901473323946
47,46850.0,random_sampling,euclidean,lognormal,20,2.2,46850.0,True,0.14210526315789473,0.9999999999999998,10.754706287666568
48,6341.0,random_sampling,euclidean,lognormal,20,2.2,6341.0,True,0.14736842105263157,0.9999999999999998,8.754791763700032
49,30221.0,random_sampling,euclidean,lognormal,20,2.2,30221.0,True,0.11052631578947368,1.0,10.316292325947678
50,2618.0,random_sampling,euclidean,lognormal,20,2.2,2618.0,True,0.12631578947368421,1.0000000000000002,7.870165946469845
51,35901.0,random_sampling,euclidean,lognormal,20,2.2,35901.0,True,0.14736842105263157,1.0000000000000002,10.488520429241627
52,1971.0,random_sampling,euclidean,lognormal,20,2.2,1971.0,True,0.1736842105263158,1.0,7.58629630715272
53,246193.0,random_sampling,euclidean,lognormal,20,2.2,246193.0,True,0.15789473684210525,1.0,12.41387106015932
54,8419.0,random_sampling,euclidean,lognormal,20,2.2,8419.0,True,0.12631578947368421,1.0,9.038246335337664
55,3737.0,random_sampling,euclidean,lognormal,20,2.2,3737.0,True,0.12105263157894737,0.9999999999999998,8.226038429485484
56,6361.0,random_sampling,euclidean,lognormal,20,2.2,6361.0,True,0.13157894736842105,1.0,8.757940876678804
57,23358.0,random_sampling,euclidean,lognormal,20,2.2,23358.0,True,0.10526315789473684,1.0000000000000002,10.05869481683851
58,125603.0,random_sampling,euclidean,lognormal,20,2.2,125603.0,True,0.12105263157894737,1.0,11.740881418081303
59,20029.0,random_sampling,euclidean,lognormal,20,2.2,20029.0,True,0.13157894736842105,1.0,9.904936502301233
60,1622.0,random_sampling,euclidean,lognormal,20,2.2,1622.0,True,0.11578947368421053,1.0000000000000002,7.3914152346753585
61,737505.0,random_sampling,euclidean,lognormal,20,2.2,737505.0,True,0.11578947368421053,1.0,13.511028146834146
62,9759.0,random_sampling,euclidean,lognormal,20,2.2,9759.0,True,0.17894736842105263,1.0,9.18594521514146
63,11468.0,random_sampling,euclidean,lognormal,20,2.2,11468.0,True,0.12631578947368421,1.0,9.34731582700326
64,1495.0,random_sampling,euclidean,lognormal,20,2.2,1495.0,True,0.1631578947368421,0.9999999999999998,7.3098814858247865
65,11751.0,random_sampling,euclidean,lognormal,20,2.2,11751.0,True,0.12631578947368421,1.0,9.371693622333941
66,1299247.0,random_sampling,euclidean,lognormal,20,2.2,1299247.0,True,0.11052631578947368,1.0,14.077295423843585
67,237275.0,random_sampling,euclidean,lognormal,20,2.2,237275.0,True,0.15263157894736842,1.0000000000000004,12.376975084998692
68,113657.0,random_sampling,euclidean,lognormal,20,2.2,113657.0,True,0.13157894736842105,1.0000000000000002,11.640940419992829
69,1796.0,random_sampling,euclidean,lognormal,20,2.2,1796.0,True,0.12105263157894737,1.0,7.493317248862145
70,31334.0,random_sampling,euclidean,lognormal,20,2.2,31334.0,True,0.05789473684210526,1.0000000000000002,10.352459048953433
71,48290.0,random_sampling,euclidean,lognormal,20,2.2,48290.0,True,0.11578947368421053,1.0,10.784979778867587
72,40618.0,random_sampling,euclidean,lognormal,20,2.2,40618.0,True,0.15263157894736842,0.9999999999999997,10.611966597093055
73,3281.0,random_sampling,euclidean,lognormal,20,2.2,3281.0,True,0.14736842105263157,1.0,8.0959035329611
74,10879.0,random_sampling,euclidean,lognormal,20,2.2,10879.0,True,0.07368421052631578,0.9999999999999998,9.294589604421082
75,9112.0,random_sampling,euclidean,lognormal,20,2.2,9112.0,True,0.17894736842105263,1.0,9.117347505127018
76,6263.0,random_sampling,euclidean,lognormal,20,2.2,6263.0,True,0.12631578947368421,0.9999999999999998,8.742414582525413
77,45534.0,random_sampling,euclidean,lognormal,20,2.2,45534.0,True,0.13157894736842105,1.0,10.726214578631968
78,237772.0,random_sampling,euclidean,lognormal,20,2.2,237772.0,True,0.1736842105263158,1.0000000000000002,12.379067510301168
79,9546.0,random_sampling,euclidean,lognormal,20,2.2,9546.0,True,0.08421052631578947,1.0000000000000002,9.163877497565842
80,21948.0,random_sampling,euclidean,lognormal,20,2.2,21948.0,True,0.13157894736842105,0.9999999999999998,9.996431298178866
81,97652.0,random_sampling,euclidean,lognormal,20,2.2,97652.0,True,0.12631578947368421,0.9999999999999998,11.48916541740589
82,9888.0,random_sampling,euclidean,lognormal,20,2.2,9888.0,True,0.12105263157894737,1.0,9.199077179697472
83,168.0,random_sampling,euclidean,lognormal,20,2.2,168.0,True,0.16842105263157894,1.0000000000000002,5.123963979403259
84,11306.0,random_sampling,euclidean,lognormal,20,2.2,11306.0,True,0.12105263157894737,1.0000000000000002,9.333088837235236
0,37991.0,random_sampling,euclidean,lognormal,20,1.8,37991.0,True,0.15789473684210525,1.0,10.54510456855174
1,9076.0,random_sampling,euclidean,lognormal,20,1.8,9076.0,True,0.09473684210526316,0.9999999999999998,9.113388845899733
2,31082.0,random_sampling,euclidean,lognormal,20,1.8,31082.0,True,0.12631578947368421,0.9999999999999998,10.344384152475557
3,14697.0,random_sampling,euclidean,lognormal,20,1.8,14697.0,True,0.12105263157894737,1.0000000000000002,9.595398670306684
4,5673.0,random_sampling,euclidean,lognormal,20,1.8,5673.0,True,0.15263157894736842,0.9999999999999998,8.643473357326567
5,555.0,random_sampling,euclidean,lognormal,20,1.8,555.0,True,0.12631578947368421,1.0,6.318968113746434
6,1685.0,random_sampling,euclidean,lognormal,20,1.8,1685.0,True,0.11052631578947368,0.9999999999999998,7.429520842786462
7,16147.0,random_sampling,euclidean,lognormal,20,1.8,16147.0,True,0.1368421052631579,1.0,9.689489552881621
8,18875.0,random_sampling,euclidean,lognormal,20,1.8,18875.0,True,0.11578947368421053,1.0,9.845593574117226
9,218.0,random_sampling,euclidean,lognormal,20,1.8,218.0,True,0.10526315789473684,1.0000000000000002,5.384495062789089
10,26784.0,random_sampling,euclidean,lognormal,20,1.8,26784.0,True,0.12105263157894737,1.0000000000000002,10.195559973289201
11,1719.0,random_sampling,euclidean,lognormal,20,1.8,1719.0,True,0.11578947368421053,1.0000000000000002,7.449498005382849
12,2288.0,random_sampling,euclidean,lognormal,20,1.8,2288.0,True,0.11052631578947368,1.0,7.7354333524996886
13,446661.0,random_sampling,euclidean,lognormal,20,1.8,446661.0,True,0.14736842105263157,0.9999999999999998,13.009555196611345
14,2815.0,random_sampling,euclidean,lognormal,20,1.8,2815.0,True,0.10526315789473684,1.0000000000000002,7.942717540573791
15,8328.0,random_sampling,euclidean,lognormal,20,1.8,8328.0,True,0.12105263157894737,1.0000000000000004,9.027378610294805
16,14383.0,random_sampling,euclidean,lognormal,20,1.8,14383.0,True,0.07894736842105263,1.0,9.573802232603889
17,118337.0,random_sampling,euclidean,lognormal,20,1.8,118337.0,True,0.14210526315789473,1.0,11.681291765224882
18,3459.0,random_sampling,euclidean,lognormal,20,1.8,3459.0,True,0.10526315789473684,1.0,8.148734808937169
19,1908.0,random_sampling,euclidean,lognormal,20,1.8,1908.0,True,0.12105263157894737,1.0,7.553810852008231
20,152526.0,random_sampling,euclidean,lognormal,20,1.8,152526.0,True,0.12631578947368421,1.0,11.935090352300806
21,11306.0,random_sampling,euclidean,lognormal,20,1.8,11306.0,True,0.09473684210526316,1.0,9.333088837235236
22,11526.0,random_sampling,euclidean,lognormal,20,1.8,11526.0,True,0.14210526315789473,1.0,9.352360631996612
23,2553.0,random_sampling,euclidean,lognormal,20,1.8,2553.0,True,0.08947368421052632,1.0,7.845024417241484
24,1496.0,random_sampling,euclidean,lognormal,20,1.8,1496.0,True,0.1,1.0,7.310550158534422
25,3514.0,random_sampling,euclidean,lognormal,20,1.8,3514.0,True,0.11578947368421053,1.0000000000000002,8.164510268747042
26,940.0,random_sampling,euclidean,lognormal,20,1.8,940.0,True,0.11052631578947368,1.0000000000000002,6.84587987526405
27,13905.0,random_sampling,euclidean,lognormal,20,1.8,13905.0,True,0.12631578947368421,1.0,9.540003766668065
28,1259.0,random_sampling,euclidean,lognormal,20,1.8,1259.0,True,0.11052631578947368,1.0,7.138073034044347
29,1001.0,random_sampling,euclidean,lognormal,20,1.8,1001.0,True,0.1,1.0,6.90875477931522
30,769375.0,random_sampling,euclidean,lognormal,20,1.8,769375.0,True,0.12631578947368421,1.0,13.553333775920855
31,20434.0,random_sampling,euclidean,lognormal,20,1.8,20434.0,True,0.11052631578947368,0.9999999999999997,9.924955459151368
32,8293.0,random_sampling,euclidean,lognormal,20,1.8,8293.0,True,0.13157894736842105,1.0,9.023167064451204
33,6559.0,random_sampling,euclidean,lognormal,20,1.8,6559.0,True,0.15263157894736842,1.0,8.788593431293735
34,1489.0,random_sampling,euclidean,lognormal,20,1.8,1489.0,True,0.14210526315789473,1.0,7.305860032684009
35,2046.0,random_sampling,euclidean,lognormal,20,1.8,2046.0,True,0.1,1.0,7.6236419465115715
36,211883.0,random_sampling,euclidean,lognormal,20,1.8,211883.0,True,0.12631578947368421,1.0,12.263789514516127
37,10294.0,random_sampling,euclidean,lognormal,20,1.8,10294.0,True,0.14736842105263157,1.0,9.2393164802127
38,1724.0,random_sampling,euclidean,lognormal,20,1.8,1724.0,True,0.12105263157894737,1.0,7.452402451223638
39,92888.0,random_sampling,euclidean,lognormal,20,1.8,92888.0,True,0.14736842105263157,1.0,11.439149745306842
40,28717.0,random_sampling,euclidean,lognormal,20,1.8,28717.0,True,0.12105263157894737,0.9999999999999998,10.265244560881653
41,6372.0,random_sampling,euclidean,lognormal,20,1.8,6372.0,True,0.11578947368421053,1.0,8.759668671029939
42,25689.0,random_sampling,euclidean,lognormal,20,1.8,25689.0,True,0.1368421052631579,1.0,10.153818163694302
43,26150.0,random_sampling,euclidean,lognormal,20,1.8,26150.0,True,0.11578947368421053,0.9999999999999998,10.171604469493069
44,44999.0,random_sampling,euclidean,lognormal,20,1.8,44999.0,True,0.11052631578947368,1.0000000000000004,10.714395546283317
45,1170.0,random_sampling,euclidean,lognormal,20,1.8,1170.0,True,0.14210526315789473,0.9999999999999998,7.064759027791802
46,201436.0,random_sampling,euclidean,lognormal,20,1.8,201436.0,True,0.07368421052631578,1.0,12.213226992051633
47,109777.0,random_sampling,euclidean,lognormal,20,1.8,109777.0,True,0.11578947368421053,1.0,11.606206314348444
48,401.0,random_sampling,euclidean,lognormal,20,1.8,401.0,True,0.12631578947368421,1.0000000000000002,5.993961427306569
49,2385.0,random_sampling,euclidean,lognormal,20,1.8,2385.0,True,0.11578947368421053,0.9999999999999998,7.776954403322442
50,2257.0,random_sampling,euclidean,lognormal,20,1.8,2257.0,True,0.1368421052631579,1.0000000000000002,7.721791776817535
51,2367.0,random_sampling,euclidean,lognormal,20,1.8,2367.0,True,0.15263157894736842,1.0,7.769378609513984
52,6731.0,random_sampling,euclidean,lognormal,20,1.8,6731.0,True,0.13157894736842105,1.0000000000000002,8.814479000010714
53,1695661.0,random_sampling,euclidean,lognormal,20,1.8,1695661.0,True,0.12631578947368421,1.0000000000000004,14.343583193279429
54,29220.0,random_sampling,euclidean,lognormal,20,1.8,29220.0,True,0.1368421052631579,1.0000000000000002,10.282608685304691
55,12101.0,random_sampling,euclidean,lognormal,20,1.8,12101.0,True,0.07894736842105263,1.0,9.401043372798053
56,28485.0,random_sampling,euclidean,lognormal,20,1.8,28485.0,True,0.12105263157894737,1.0000000000000004,10.257132911914496
57,45744.0,random_sampling,euclidean,lognormal,20,1.8,45744.0,True,0.11578947368421053,1.0000000000000004,10.730815914562093
58,3992.0,random_sampling,euclidean,lognormal,20,1.8,3992.0,True,0.12105263157894737,1.0,8.292047637431354
59,13864.0,random_sampling,euclidean,lognormal,20,1.8,13864.0,True,0.1,1.0,9.537050831395442
60,11448.0,random_sampling,euclidean,lognormal,20,1.8,11448.0,True,0.12105263157894737,1.0,9.345570321236286
61,18547.0,random_sampling,euclidean,lognormal,20,1.8,18547.0,True,0.11052631578947368,1.0,9.828063329889288
62,3901.0,random_sampling,euclidean,lognormal,20,1.8,3901.0,True,0.13157894736842105,1.0,8.268988209506656
63,114710.0,random_sampling,euclidean,lognormal,20,1.8,114710.0,True,0.1368421052631579,0.9999999999999998,11.650162483275313
64,9360.0,random_sampling,euclidean,lognormal,20,1.8,9360.0,True,0.15263157894736842,1.0,9.144200569471638
65,97946.0,random_sampling,euclidean,lognormal,20,1.8,97946.0,True,0.13157894736842105,1.0,11.49217158537701
66,303.0,random_sampling,euclidean,lognormal,20,1.8,303.0,True,0.14736842105263157,1.0,5.713732805509369
67,16183.0,random_sampling,euclidean,lognormal,20,1.8,16183.0,True,0.11578947368421053,1.0,9.691716587516886
68,16731.0,random_sampling,euclidean,lognormal,20,1.8,16731.0,True,0.1368421052631579,1.0,9.725018565057663
69,55672.0,random_sampling,euclidean,lognormal,20,1.8,55672.0,True,0.12105263157894737,1.0000000000000002,10.927232606524687
70,7044.0,random_sampling,euclidean,lognormal,20,1.8,7044.0,True,0.1,1.0000000000000004,8.859931469616097
71,13715.0,random_sampling,euclidean,lognormal,20,1.8,13715.0,True,0.10526315789473684,1.0,9.526245403371703
72,22599.0,random_sampling,euclidean,lognormal,20,1.8,22599.0,True,0.13157894736842105,1.0,10.025660936493804
73,16978.0,random_sampling,euclidean,lognormal,20,1.8,16978.0,True,0.14736842105263157,1.0000000000000002,9.739673667297913
74,17441.0,random_sampling,euclidean,lognormal,20,1.8,17441.0,True,0.13157894736842105,0.9999999999999998,9.766579035268668
75,12327.0,random_sampling,euclidean,lognormal,20,1.8,12327.0,True,0.11578947368421053,1.0,9.41954725755152
76,6581.0,random_sampling,euclidean,lognormal,20,1.8,6581.0,True,0.15263157894736842,0.9999999999999998,8.791941988456118
77,14772.0,random_sampling,euclidean,lognormal,20,1.8,14772.0,True,0.1,0.9999999999999998,9.600488775972455
78,168853.0,random_sampling,euclidean,lognormal,20,1.8,168853.0,True,0.13157894736842105,1.0000000000000002,12.036783792904915
79,449.0,random_sampling,euclidean,lognormal,20,1.8,449.0,True,0.12105263157894737,1.0000000000000002,6.1070228877422545
80,1735.0,random_sampling,euclidean,lognormal,20,1.8,1735.0,True,0.11578947368421053,1.0,7.45876269238096
81,2137.0,random_sampling,euclidean,lognormal,20,1.8,2137.0,True,0.10526315789473684,0.9999999999999998,7.667158255319148
82,13769.0,random_sampling,euclidean,lognormal,20,1.8,13769.0,True,0.12105263157894737,1.0,9.530174967444372
83,122062.0,random_sampling,euclidean,lognormal,20,1.8,122062.0,True,0.12631578947368421,1.0000000000000002,11.712284391348485
84,28416.0,random_sampling,euclidean,lognormal,20,1.8,28416.0,True,0.1368421052631579,1.0,10.254707645791896
85,754382.0,random_sampling,euclidean,lognormal,20,1.8,754382.0,True,0.14736842105263157,0.9999999999999998,13.53365414999552
86,21772.0,random_sampling,euclidean,lognormal,20,1.8,21772.0,True,0.10526315789473684,1.0000000000000002,9.988380019554091
87,7244.0,random_sampling,euclidean,lognormal,20,1.8,7244.0,True,0.1,1.0000000000000004,8.887928819003305
0,104.0,random_sampling,euclidean,lognormal,20,0.4,104.0,True,0.021052631578947368,0.9999999999999998,4.6443908991413725
1,39765.0,random_sampling,euclidean,lognormal,20,0.4,39765.0,True,0.02631578947368421,1.0,10.590742407391236
2,440.0,random_sampling,euclidean,lognormal,20,0.4,440.0,True,0.015789473684210527,1.0000000000000004,6.0867747269123065
3,188.0,random_sampling,euclidean,lognormal,20,0.4,188.0,True,0.015789473684210527,1.0,5.236441962829949
4,6725719.0,random_sampling,euclidean,lognormal,20,0.4,6725719.0,True,0.02631578947368421,1.0000000000000002,15.721449392235371
5,518924.0,random_sampling,euclidean,lognormal,20,0.4,518924.0,True,0.021052631578947368,1.0000000000000002,13.159512715972514
6,107.0,random_sampling,euclidean,lognormal,20,0.4,107.0,True,0.015789473684210527,0.9999999999999997,4.672828834461906
7,118.0,random_sampling,euclidean,lognormal,20,0.4,118.0,True,0.02631578947368421,1.0,4.770684624465665
8,685.0,random_sampling,euclidean,lognormal,20,0.4,685.0,True,0.015789473684210527,0.9999999999999998,6.529418838262226
9,139.0,random_sampling,euclidean,lognormal,20,0.4,139.0,True,0.021052631578947368,1.0,4.9344739331306915
10,23952.0,random_sampling,euclidean,lognormal,20,0.4,23952.0,True,0.021052631578947368,0.9999999999999997,10.08380710665941
11,768878.0,random_sampling,euclidean,lognormal,20,0.4,768878.0,True,0.015789473684210527,1.0,13.552687588307641
12,398.0,random_sampling,euclidean,lognormal,20,0.4,398.0,True,0.021052631578947368,1.0,5.986452005284438
13,304.0,random_sampling,euclidean,lognormal,20,0.4,304.0,True,0.015789473684210527,0.9999999999999997,5.717027701406222
14,253.0,random_sampling,euclidean,lognormal,20,0.4,253.0,True,0.015789473684210527,1.0000000000000002,5.53338948872752
15,147.0,random_sampling,euclidean,lognormal,20,0.4,147.0,True,0.021052631578947368,1.0,4.990432586778736
16,450.0,random_sampling,euclidean,lognormal,20,0.4,450.0,True,0.02631578947368421,1.0000000000000002,6.1092475827643655
17,96.0,random_sampling,euclidean,lognormal,20,0.4,96.0,True,0.021052631578947368,1.0,4.564348191467836
18,114.0,random_sampling,euclidean,lognormal,20,0.4,114.0,True,0.021052631578947368,0.9999999999999998,4.736198448394496
19,1856.0,random_sampling,euclidean,lognormal,20,0.4,1856.0,True,0.015789473684210527,1.0000000000000002,7.526178913346146
20,167061.0,random_sampling,euclidean,lognormal,20,0.4,167061.0,True,0.02631578947368421,0.9999999999999998,12.026114294165321
21,12559.0,random_sampling,euclidean,lognormal,20,0.4,12559.0,True,0.02631578947368421,1.0,9.438192819018127
22,672.0,random_sampling,euclidean,lognormal,20,0.4,672.0,True,0.015789473684210527,1.0,6.51025834052315
23,5011.0,random_sampling,euclidean,lognormal,20,0.4,5011.0,True,0.021052631578947368,1.0000000000000002,8.519390774959724
24,443.0,random_sampling,euclidean,lognormal,20,0.4,443.0,True,0.02631578947368421,1.0,6.093569770045136
25,631.0,random_sampling,euclidean,lognormal,20,0.4,631.0,True,0.021052631578947368,1.0,6.447305862541213
26,89.0,random_sampling,euclidean,lognormal,20,0.4,89.0,True,0.021052631578947368,1.0000000000000004,4.48863636973214
27,3563.0,random_sampling,euclidean,lognormal,20,0.4,3563.0,True,0.02631578947368421,1.0,8.178358165605836
28,124.0,random_sampling,euclidean,lognormal,20,0.4,124.0,True,0.015789473684210527,1.0,4.820281565605037
29,118.0,random_sampling,euclidean,lognormal,20,0.4,118.0,True,0.021052631578947368,1.0000000000000002,4.770684624465665
30,96.0,random_sampling,euclidean,lognormal,20,0.4,96.0,True,0.02631578947368421,1.0000000000000002,4.564348191467836
31,141.0,random_sampling,euclidean,lognormal,20,0.4,141.0,True,0.015789473684210527,1.0,4.948759890378168
32,177.0,random_sampling,euclidean,lognormal,20,0.4,177.0,True,0.021052631578947368,0.9999999999999998,5.176149732573829
33,22524.0,random_sampling,euclidean,lognormal,20,0.4,22524.0,True,0.02631578947368421,1.0,10.022336686374508
34,276.0,random_sampling,euclidean,lognormal,20,0.4,276.0,True,0.021052631578947368,0.9999999999999998,5.62040086571715
35,181.0,random_sampling,euclidean,lognormal,20,0.4,181.0,True,0.015789473684210527,0.9999999999999998,5.198497031265826
36,209.0,random_sampling,euclidean,lognormal,20,0.4,209.0,True,0.02631578947368421,0.9999999999999998,5.342334251964811
37,100.0,random_sampling,euclidean,lognormal,20,0.4,100.0,True,0.02631578947368421,1.0000000000000002,4.605170185988092
38,100.0,random_sampling,euclidean,lognormal,20,0.4,100.0,True,0.015789473684210527,1.0000000000000002,4.605170185988092
39,80.0,random_sampling,euclidean,lognormal,20,0.4,80.0,True,0.021052631578947368,1.0,4.382026634673881
40,18422.0,random_sampling,euclidean,lognormal,20,0.4,18422.0,True,0.021052631578947368,0.9999999999999998,9.821300881548181
41,117.0,random_sampling,euclidean,lognormal,20,0.4,117.0,True,0.02631578947368421,0.9999999999999998,4.762173934797756
42,1108245.0,random_sampling,euclidean,lognormal,20,0.4,1108245.0,True,0.015789473684210527,1.0,13.918288240979708
43,15642435.0,random_sampling,euclidean,lognormal,20,0.4,15642435.0,True,0.021052631578947368,1.0,16.565497971500008
44,557750.0,random_sampling,euclidean,lognormal,20,0.4,557750.0,True,0.021052631578947368,0.9999999999999998,13.231666112294779
45,130.0,random_sampling,euclidean,lognormal,20,0.4,130.0,True,0.02631578947368421,1.0,4.867534450455582
46,244.0,random_sampling,euclidean,lognormal,20,0.4,244.0,True,0.021052631578947368,1.0,5.497168225293202
47,76.0,random_sampling,euclidean,lognormal,20,0.4,76.0,True,0.015789473684210527,1.0000000000000002,4.330733340286331
48,11459.0,random_sampling,euclidean,lognormal,20,0.4,11459.0,True,0.02631578947368421,1.0,9.346530726426447
49,123.0,random_sampling,euclidean,lognormal,20,0.4,123.0,True,0.021052631578947368,0.9999999999999997,4.812184355372417
50,116.0,random_sampling,euclidean,lognormal,20,0.4,116.0,True,0.02631578947368421,1.0,4.7535901911063645
51,613.0,random_sampling,euclidean,lognormal,20,0.4,613.0,True,0.015789473684210527,1.0,6.418364935936212
52,4532.0,random_sampling,euclidean,lognormal,20,0.4,4532.0,True,0.021052631578947368,1.0,8.418918622147897
53,291.0,random_sampling,euclidean,lognormal,20,0.4,291.0,True,0.015789473684210527,1.0000000000000004,5.673323267171493
54,96.0,random_sampling,euclidean,lognormal,20,0.4,96.0,True,0.021052631578947368,0.9999999999999997,4.564348191467836
55,2959.0,random_sampling,euclidean,lognormal,20,0.4,2959.0,True,0.015789473684210527,0.9999999999999998,7.99260665240021
56,207.0,random_sampling,euclidean,lognormal,20,0.4,207.0,True,0.021052631578947368,1.0,5.332718793265369
57,9809.0,random_sampling,euclidean,lognormal,20,0.4,9809.0,True,0.02631578947368421,1.0,9.191055610564316
58,121.0,random_sampling,euclidean,lognormal,20,0.4,121.0,True,0.02631578947368421,1.0,4.795790545596741
59,83.0,random_sampling,euclidean,lognormal,20,0.4,83.0,True,0.02631578947368421,1.0,4.418840607796598
60,4041.0,random_sampling,euclidean,lognormal,20,0.4,4041.0,True,0.015789473684210527,1.0,8.304247465078474
61,19602.0,random_sampling,euclidean,lognormal,20,0.4,19602.0,True,0.021052631578947368,1.0000000000000002,9.883386880829125
62,79641.0,random_sampling,euclidean,lognormal,20,0.4,79641.0,True,0.021052631578947368,0.9999999999999997,11.285284314603569
63,700.0,random_sampling,euclidean,lognormal,20,0.4,700.0,True,0.021052631578947368,1.0,6.551080335043404
64,105.0,random_sampling,euclidean,lognormal,20,0.4,105.0,True,0.021052631578947368,1.0000000000000002,4.653960350157523
65,63.0,random_sampling,euclidean,lognormal,20,0.4,63.0,True,0.021052631578947368,1.0000000000000004,4.143134726391533
66,842494.0,random_sampling,euclidean,lognormal,20,0.4,842494.0,True,0.015789473684210527,1.0000000000000004,13.644121819521574
67,1222.0,random_sampling,euclidean,lognormal,20,0.4,1222.0,True,0.015789473684210527,1.0000000000000002,7.108244139731541
68,7266721.0,random_sampling,euclidean,lognormal,20,0.4,7266721.0,True,0.021052631578947368,1.0000000000000004,15.798815716127475
69,108.0,random_sampling,euclidean,lognormal,20,0.4,108.0,True,0.015789473684210527,1.0,4.68213122712422
70,82.0,random_sampling,euclidean,lognormal,20,0.4,82.0,True,0.021052631578947368,0.9999999999999998,4.406719247264253
71,73.0,random_sampling,euclidean,lognormal,20,0.4,73.0,True,0.015789473684210527,0.9999999999999998,4.290459441148391
72,831.0,random_sampling,euclidean,lognormal,20,0.4,831.0,True,0.021052631578947368,1.0,6.7226297948554485
73,7235.0,random_sampling,euclidean,lognormal,20,0.4,7235.0,True,0.02631578947368421,1.0000000000000002,8.886685639065584
74,419.0,random_sampling,euclidean,lognormal,20,0.4,419.0,True,0.02631578947368421,0.9999999999999998,6.037870919922137
75,611.0,random_sampling,euclidean,lognormal,20,0.4,611.0,True,0.021052631578947368,1.0,6.415096959171596
76,206.0,random_sampling,euclidean,lognormal,20,0.4,206.0,True,0.02631578947368421,0.9999999999999998,5.327876168789581
77,6068.0,random_sampling,euclidean,lognormal,20,0.4,6068.0,True,0.021052631578947368,1.0,8.710784340468424
78,37115.0,random_sampling,euclidean,lognormal,20,0.4,37115.0,True,0.021052631578947368,1.0,10.521776479551647
79,165.0,random_sampling,euclidean,lognormal,20,0.4,165.0,True,0.021052631578947368,1.0,5.10594547390058
80,70.0,random_sampling,euclidean,lognormal,20,0.4,70.0,True,0.015789473684210527,1.0,4.248495242049359
81,89.0,random_sampling,euclidean,lognormal,20,0.4,89.0,True,0.021052631578947368,0.9999999999999998,4.48863636973214
82,109.0,random_sampling,euclidean,lognormal,20,0.4,109.0,True,0.021052631578947368,0.9999999999999997,4.6913478822291435
83,77.0,random_sampling,euclidean,lognormal,20,0.4,77.0,True,0.021052631578947368,1.0,4.343805421853684
84,745.0,random_sampling,euclidean,lognormal,20,0.4,745.0,True,0.02631578947368421,1.0000000000000002,6.61338421837956
85,141.0,random_sampling,euclidean,lognormal,20,0.4,141.0,True,0.02631578947368421,0.9999999999999998,4.948759890378168
86,70.0,random_sampling,euclidean,lognormal,20,0.4,70.0,True,0.021052631578947368,1.0000000000000002,4.248495242049359
87,98.0,random_sampling,euclidean,lognormal,20,0.4,98.0,True,0.021052631578947368,0.9999999999999997,4.584967478670572
88,424.0,random_sampling,euclidean,lognormal,20,0.4,424.0,True,0.021052631578947368,1.0,6.049733455231958
89,1473.0,random_sampling,euclidean,lognormal,20,0.4,1473.0,True,0.02631578947368421,1.0,7.29505641646263
90,5175.0,random_sampling,euclidean,lognormal,20,0.4,5175.0,True,0.021052631578947368,1.0000000000000004,8.55159461813357
91,88.0,random_sampling,euclidean,lognormal,20,0.4,88.0,True,0.021052631578947368,1.0,4.477336814478207
92,76173.0,random_sampling,euclidean,lognormal,20,0.4,76173.0,True,0.02631578947368421,1.0000000000000002,11.240762348176117
93,4899.0,random_sampling,euclidean,lognormal,20,0.4,4899.0,True,0.021052631578947368,0.9999999999999998,8.496786381638575
94,388.0,random_sampling,euclidean,lognormal,20,0.4,388.0,True,0.021052631578947368,0.9999999999999998,5.961005339623274
95,111.0,random_sampling,euclidean,lognormal,20,0.4,111.0,True,0.015789473684210527,0.9999999999999998,4.709530201312334
96,98.0,random_sampling,euclidean,lognormal,20,0.4,98.0,True,0.021052631578947368,0.9999999999999998,4.584967478670572
97,119.0,random_sampling,euclidean,lognormal,20,0.4,119.0,True,0.021052631578947368,0.9999999999999997,4.77912349311153
98,6349.0,random_sampling,euclidean,lognormal,20,0.4,6349.0,True,0.021052631578947368,1.0,8.75605259917045
99,131.0,random_sampling,euclidean,lognormal,20,0.4,131.0,True,0.021052631578947368,0.9999999999999998,4.875197323201151
0,1824.0,random_sampling,euclidean,lognormal,20,1.4,1824.0,True,0.15789473684210525,1.0000000000000002,7.508787170634276
1,293.0,random_sampling,euclidean,lognormal,20,1.4,293.0,True,0.11052631578947368,0.9999999999999998,5.680172609017068
2,1528.0,random_sampling,euclidean,lognormal,20,1.4,1528.0,True,0.07368421052631578,1.0,7.331714969726466
3,8196.0,random_sampling,euclidean,lognormal,20,1.4,8196.0,True,0.07894736842105263,1.0,9.011401509358791
4,13351.0,random_sampling,euclidean,lognormal,20,1.4,13351.0,True,0.11578947368421053,0.9999999999999998,9.499346567390095
5,1240.0,random_sampling,euclidean,lognormal,20,1.4,1240.0,True,0.09473684210526316,1.0,7.122866658599083
6,12363.0,random_sampling,euclidean,lognormal,20,1.4,12363.0,True,0.06842105263157895,1.0000000000000002,9.422463420006927
7,6768.0,random_sampling,euclidean,lognormal,20,1.4,6768.0,True,0.09473684210526316,1.0000000000000002,8.81996090128606
8,492.0,random_sampling,euclidean,lognormal,20,1.4,492.0,True,0.11052631578947368,1.0,6.198478716492308
9,2747.0,random_sampling,euclidean,lognormal,20,1.4,2747.0,True,0.06842105263157895,1.0,7.918264686095274
10,837.0,random_sampling,euclidean,lognormal,20,1.4,837.0,True,0.11052631578947368,1.0000000000000002,6.729824070489475
11,2614.0,random_sampling,euclidean,lognormal,20,1.4,2614.0,True,0.10526315789473684,1.0000000000000002,7.868636894184167
12,6027.0,random_sampling,euclidean,lognormal,20,1.4,6027.0,True,0.09473684210526316,1.0000000000000002,8.704004653483045
13,484.0,random_sampling,euclidean,lognormal,20,1.4,484.0,True,0.1,0.9999999999999998,6.182084906716632
14,7100.0,random_sampling,euclidean,lognormal,20,1.4,7100.0,True,0.09473684210526316,1.0000000000000002,8.867850063029406
15,14081.0,random_sampling,euclidean,lognormal,20,1.4,14081.0,True,0.09473684210526316,1.0,9.552581649917311
16,585.0,random_sampling,euclidean,lognormal,20,1.4,585.0,True,0.08947368421052632,1.0,6.371611847231857
17,699.0,random_sampling,euclidean,lognormal,20,1.4,699.0,True,0.11052631578947368,1.0,6.54965074223381
18,13297.0,random_sampling,euclidean,lognormal,20,1.4,13297.0,True,0.07894736842105263,1.0,9.495293724856706
19,372.0,random_sampling,euclidean,lognormal,20,1.4,372.0,True,0.08947368421052632,0.9999999999999998,5.918893854273146
20,8336.0,random_sampling,euclidean,lognormal,20,1.4,8336.0,True,0.08421052631578947,1.0000000000000002,9.028338763993148
21,5484.0,random_sampling,euclidean,lognormal,20,1.4,5484.0,True,0.11578947368421053,0.9999999999999998,8.609590040682205
22,1762.0,random_sampling,euclidean,lognormal,20,1.4,1762.0,True,0.10526315789473684,1.0000000000000002,7.474204806496124
23,1946.0,random_sampling,euclidean,lognormal,20,1.4,1946.0,True,0.09473684210526316,0.9999999999999998,7.57353126274595
24,882.0,random_sampling,euclidean,lognormal,20,1.4,882.0,True,0.09473684210526316,1.0000000000000002,6.782192056006791
25,9931.0,random_sampling,euclidean,lognormal,20,1.4,9931.0,True,0.08421052631578947,1.0000000000000002,9.203416456903359
26,12733.0,random_sampling,euclidean,lognormal,20,1.4,12733.0,True,0.11578947368421053,1.0,9.451952327573435
27,7910.0,random_sampling,euclidean,lognormal,20,1.4,7910.0,True,0.13157894736842105,0.9999999999999998,8.9758830607617
28,8659.0,random_sampling,euclidean,lognormal,20,1.4,8659.0,True,0.09473684210526316,1.0000000000000002,9.066354521447801
29,6901.0,random_sampling,euclidean,lognormal,20,1.4,6901.0,True,0.11578947368421053,1.0000000000000002,8.839421607620602
30,25853.0,random_sampling,euclidean,lognormal,20,1.4,25853.0,True,0.11052631578947368,1.0000000000000004,10.16018192736142
31,4989.0,random_sampling,euclidean,lognormal,20,1.4,4989.0,True,0.12105263157894737,0.9999999999999998,8.514990767861038
32,1323.0,random_sampling,euclidean,lognormal,20,1.4,1323.0,True,0.07368421052631578,1.0,7.187657164114956
33,7836.0,random_sampling,euclidean,lognormal,20,1.4,7836.0,True,0.11052631578947368,1.0,8.966483779064431
34,1933.0,random_sampling,euclidean,lognormal,20,1.4,1933.0,True,0.08421052631578947,1.0,7.566828479208331
35,3721.0,random_sampling,euclidean,lognormal,20,1.4,3721.0,True,0.07894736842105263,1.0000000000000002,8.221747728346623
36,17351.0,random_sampling,euclidean,lognormal,20,1.4,17351.0,True,0.06315789473684211,1.0,9.761405420601672
37,3270.0,random_sampling,euclidean,lognormal,20,1.4,3270.0,True,0.10526315789473684,0.9999999999999998,8.0925452638913
38,2537.0,random_sampling,euclidean,lognormal,20,1.4,2537.0,True,0.1,1.0,7.838737559599282
39,1383.0,random_sampling,euclidean,lognormal,20,1.4,1383.0,True,0.11052631578947368,1.0,7.232010331664759
40,26983.0,random_sampling,euclidean,lognormal,20,1.4,26983.0,True,0.07894736842105263,1.0,10.20296231705686
41,827.0,random_sampling,euclidean,lognormal,20,1.4,827.0,True,0.11052631578947368,0.9999999999999998,6.717804695023691
42,26480.0,random_sampling,euclidean,lognormal,20,1.4,26480.0,True,0.06842105263157895,1.0,10.184145010050944
43,439.0,random_sampling,euclidean,lognormal,20,1.4,439.0,True,0.1,0.9999999999999998,6.0844994130751715
44,213.0,random_sampling,euclidean,lognormal,20,1.4,213.0,True,0.1,1.0,5.3612921657094255
45,18907.0,random_sampling,euclidean,lognormal,20,1.4,18907.0,True,0.09473684210526316,1.0000000000000002,9.847287502847928
46,179.0,random_sampling,euclidean,lognormal,20,1.4,179.0,True,0.09473684210526316,1.0,5.187385805840755
47,42110.0,random_sampling,euclidean,lognormal,20,1.4,42110.0,True,0.06315789473684211,1.0000000000000004,10.648040521155973
48,5856.0,random_sampling,euclidean,lognormal,20,1.4,5856.0,True,0.09473684210526316,1.0000000000000002,8.675222055641148
49,2169.0,random_sampling,euclidean,lognormal,20,1.4,2169.0,True,0.10526315789473684,1.0,7.682021510826875
50,75009.0,random_sampling,euclidean,lognormal,20,1.4,75009.0,True,0.07368421052631578,0.9999999999999998,11.225363385319023
51,11604.0,random_sampling,euclidean,lognormal,20,1.4,11604.0,True,0.09473684210526316,1.0000000000000002,9.359105145241294
52,6498.0,random_sampling,euclidean,lognormal,20,1.4,6498.0,True,0.08947368421052632,0.9999999999999998,8.779249716229046
53,11040.0,random_sampling,euclidean,lognormal,20,1.4,11040.0,True,0.11052631578947368,1.0,9.309280319831087
54,13998.0,random_sampling,euclidean,lognormal,20,1.4,13998.0,True,0.09473684210526316,1.0,9.546669741249485
55,592.0,random_sampling,euclidean,lognormal,20,1.4,592.0,True,0.1,1.0,6.3835066348840055
56,15631.0,random_sampling,euclidean,lognormal,20,1.4,15631.0,True,0.11052631578947368,1.0,9.65701140089547
57,8068.0,random_sampling,euclidean,lognormal,20,1.4,8068.0,True,0.1,1.0,8.995660899074103
58,7961.0,random_sampling,euclidean,lognormal,20,1.4,7961.0,True,0.1,0.9999999999999998,8.982309899088579
59,7886.0,random_sampling,euclidean,lognormal,20,1.4,7886.0,True,0.08947368421052632,1.0000000000000002,8.972844314437573
60,12451.0,random_sampling,euclidean,lognormal,20,1.4,12451.0,True,0.10526315789473684,1.0000000000000002,9.429556219952412
61,461.0,random_sampling,euclidean,lognormal,20,1.4,461.0,True,0.11052631578947368,0.9999999999999997,6.133398042996649
62,6065.0,random_sampling,euclidean,lognormal,20,1.4,6065.0,True,0.10526315789473684,1.0000000000000002,8.71028982137815
63,305.0,random_sampling,euclidean,lognormal,20,1.4,305.0,True,0.10526315789473684,1.0,5.720311776607412
64,1910.0,random_sampling,euclidean,lognormal,20,1.4,1910.0,True,0.12631578947368421,1.0,7.554858521040676
65,5280.0,random_sampling,euclidean,lognormal,20,1.4,5280.0,True,0.10526315789473684,1.0000000000000002,8.571681376700306
66,6364.0,random_sampling,euclidean,lognormal,20,1.4,6364.0,True,0.08947368421052632,1.0,8.758412389457677
67,3674.0,random_sampling,euclidean,lognormal,20,1.4,3674.0,True,0.11578947368421053,1.0,8.20903626577507
68,29069.0,random_sampling,euclidean,lognormal,20,1.4,29069.0,True,0.08947368421052632,1.0,10.277427593236435
69,6896.0,random_sampling,euclidean,lognormal,20,1.4,6896.0,True,0.06842105263157895,1.0,8.83869681234353
70,18678.0,random_sampling,euclidean,lognormal,20,1.4,18678.0,True,0.07894736842105263,1.0000000000000002,9.835101639669663
71,927.0,random_sampling,euclidean,lognormal,20,1.4,927.0,True,0.07894736842105263,1.0,6.831953565565855
72,2766.0,random_sampling,euclidean,lognormal,20,1.4,2766.0,True,0.11052631578947368,1.0,7.925157512224703
73,2445.0,random_sampling,euclidean,lognormal,20,1.4,2445.0,True,0.08421052631578947,1.0,7.801800401908973
74,714.0,random_sampling,euclidean,lognormal,20,1.4,714.0,True,0.10526315789473684,1.0,6.570882962339584
75,9716.0,random_sampling,euclidean,lognormal,20,1.4,9716.0,True,0.10526315789473684,1.0000000000000002,9.181529290122063
76,76117.0,random_sampling,euclidean,lognormal,20,1.4,76117.0,True,0.11578947368421053,1.0,11.240026909177837
77,4803.0,random_sampling,euclidean,lognormal,20,1.4,4803.0,True,0.10526315789473684,1.0,8.476996001664824
78,12571.0,random_sampling,euclidean,lognormal,20,1.4,12571.0,True,0.11052631578947368,1.0,9.43914785291483
79,822.0,random_sampling,euclidean,lognormal,20,1.4,822.0,True,0.10526315789473684,0.9999999999999998,6.71174039505618
80,13803.0,random_sampling,euclidean,lognormal,20,1.4,13803.0,True,0.11578947368421053,1.0,9.532641238823578
81,8046.0,random_sampling,euclidean,lognormal,20,1.4,8046.0,True,0.06842105263157895,1.0,8.992930352509733
82,1807.0,random_sampling,euclidean,lognormal,20,1.4,1807.0,True,0.09473684210526316,1.0000000000000002,7.499423290592229
83,3494.0,random_sampling,euclidean,lognormal,20,1.4,3494.0,True,0.10526315789473684,1.0000000000000002,8.158802490694002
84,4390.0,random_sampling,euclidean,lognormal,20,1.4,4390.0,True,0.11052631578947368,0.9999999999999998,8.387084506069217
85,693.0,random_sampling,euclidean,lognormal,20,1.4,693.0,True,0.12631578947368421,1.0,6.541029999189903
86,46997.0,random_sampling,euclidean,lognormal,20,1.4,46997.0,True,0.1,1.0,10.757839048867755
87,13351.0,random_sampling,euclidean,lognormal,20,1.4,13351.0,True,0.15789473684210525,1.0000000000000002,9.499346567390095
88,5377.0,random_sampling,euclidean,lognormal,20,1.4,5377.0,True,0.11052631578947368,1.0000000000000002,8.589885876809678
89,3840.0,random_sampling,euclidean,lognormal,20,1.4,3840.0,True,0.09473684210526316,1.0,8.253227645581772
90,8983.0,random_sampling,euclidean,lognormal,20,1.4,8983.0,True,0.08421052631578947,1.0000000000000002,9.103089181229207
91,30865.0,random_sampling,euclidean,lognormal,20,1.4,30865.0,True,0.11578947368421053,1.0,10.337378134827997
92,10706.0,random_sampling,euclidean,lognormal,20,1.4,10706.0,True,0.08421052631578947,1.0000000000000002,9.278559610953327
93,430.0,random_sampling,euclidean,lognormal,20,1.4,430.0,True,0.11578947368421053,1.0000000000000002,6.063785208687608
94,1736.0,random_sampling,euclidean,lognormal,20,1.4,1736.0,True,0.14736842105263157,1.0000000000000002,7.459338895220296
0,932.0,random_sampling,euclidean,lognormal,20,1.6,932.0,True,0.09473684210526316,1.0,6.837332814685591
1,17542.0,random_sampling,euclidean,lognormal,20,1.6,17542.0,True,0.14210526315789473,1.0,9.772353284511327
2,785.0,random_sampling,euclidean,lognormal,20,1.6,785.0,True,0.11578947368421053,0.9999999999999998,6.665683717782408
3,1950.0,random_sampling,euclidean,lognormal,20,1.6,1950.0,True,0.1,1.0,7.575584651557793
4,6517.0,random_sampling,euclidean,lognormal,20,1.6,6517.0,True,0.11052631578947368,1.0000000000000002,8.78216942633238
5,3504.0,random_sampling,euclidean,lognormal,20,1.6,3504.0,True,0.1,0.9999999999999998,8.161660452056282
6,10351.0,random_sampling,euclidean,lognormal,20,1.6,10351.0,True,0.11578947368421053,1.0000000000000002,9.24483841238375
7,41240.0,random_sampling,euclidean,lognormal,20,1.6,41240.0,True,0.1,1.0000000000000002,10.627163938130897
8,6348.0,random_sampling,euclidean,lognormal,20,1.6,6348.0,True,0.1368421052631579,0.9999999999999998,8.7558950816463
9,6451.0,random_sampling,euclidean,lognormal,20,1.6,6451.0,True,0.12631578947368421,1.0000000000000004,8.771990436532242
10,7986.0,random_sampling,euclidean,lognormal,20,1.6,7986.0,True,0.11052631578947368,1.0,8.985445287623167
11,979.0,random_sampling,euclidean,lognormal,20,1.6,979.0,True,0.14736842105263157,0.9999999999999998,6.88653164253051
12,3741.0,random_sampling,euclidean,lognormal,20,1.6,3741.0,True,0.1,1.0,8.227108234348146
13,476.0,random_sampling,euclidean,lognormal,20,1.6,476.0,True,0.11578947368421053,1.0,6.16541785423142
14,1163.0,random_sampling,euclidean,lognormal,20,1.6,1163.0,True,0.1368421052631579,1.0,7.0587581525186645
15,17619.0,random_sampling,euclidean,lognormal,20,1.6,17619.0,True,0.12105263157894737,0.9999999999999998,9.77673314419063
16,11111.0,random_sampling,euclidean,lognormal,20,1.6,11111.0,True,0.10526315789473684,1.0,9.315690887584008
17,6980.0,random_sampling,euclidean,lognormal,20,1.6,6980.0,True,0.10526315789473684,1.0000000000000002,8.850804195756417
18,2588.0,random_sampling,euclidean,lognormal,20,1.6,2588.0,True,0.14210526315789473,0.9999999999999998,7.858640655620791
19,7341.0,random_sampling,euclidean,lognormal,20,1.6,7341.0,True,0.12631578947368421,1.0000000000000002,8.901230352110781
20,8646.0,random_sampling,euclidean,lognormal,20,1.6,8646.0,True,0.08421052631578947,0.9999999999999998,9.064852065227576
21,3070.0,random_sampling,euclidean,lognormal,20,1.6,3070.0,True,0.13157894736842105,0.9999999999999998,8.029432840581244
22,63990.0,random_sampling,euclidean,lognormal,20,1.6,63990.0,True,0.08421052631578947,1.0,11.066482100133506
23,5359.0,random_sampling,euclidean,lognormal,20,1.6,5359.0,True,0.1,1.0,8.58653266949485
24,224404.0,random_sampling,euclidean,lognormal,20,1.6,224404.0,True,0.1368421052631579,1.0,12.321203277783752
25,154.0,random_sampling,euclidean,lognormal,20,1.6,154.0,True,0.12105263157894737,1.0000000000000002,5.0369526024136295
26,20831.0,random_sampling,euclidean,lognormal,20,1.6,20831.0,True,0.12105263157894737,1.0000000000000002,9.944197540783914
27,967.0,random_sampling,euclidean,lognormal,20,1.6,967.0,True,0.1368421052631579,1.0,6.874198495453294
28,30969.0,random_sampling,euclidean,lognormal,20,1.6,30969.0,True,0.09473684210526316,0.9999999999999998,10.3407419831337
29,827.0,random_sampling,euclidean,lognormal,20,1.6,827.0,True,0.12631578947368421,0.9999999999999998,6.717804695023691
30,414.0,random_sampling,euclidean,lognormal,20,1.6,414.0,True,0.11052631578947368,1.0,6.025865973825314
31,6340.0,random_sampling,euclidean,lognormal,20,1.6,6340.0,True,0.08421052631578947,1.0,8.754634047431272
32,2039.0,random_sampling,euclidean,lognormal,20,1.6,2039.0,True,0.13157894736842105,0.9999999999999998,7.620214770574455
33,109738.0,random_sampling,euclidean,lognormal,20,1.6,109738.0,True,0.1,1.0000000000000004,11.605850985551685
34,2878.0,random_sampling,euclidean,lognormal,20,1.6,2878.0,True,0.09473684210526316,1.0,7.964850887447313
35,62248.0,random_sampling,euclidean,lognormal,20,1.6,62248.0,True,0.12631578947368421,1.0000000000000002,11.038881685296767
36,59949.0,random_sampling,euclidean,lognormal,20,1.6,59949.0,True,0.06842105263157895,1.0000000000000002,11.001249479749399
37,9870.0,random_sampling,euclidean,lognormal,20,1.6,9870.0,True,0.12105263157894737,1.0,9.197255132427527
38,842913.0,random_sampling,euclidean,lognormal,20,1.6,842913.0,True,0.06315789473684211,1.0,13.644619028811237
39,25464.0,random_sampling,euclidean,lognormal,20,1.6,25464.0,True,0.10526315789473684,1.0,10.145020968961928
40,3792.0,random_sampling,euclidean,lognormal,20,1.6,3792.0,True,0.09473684210526316,0.9999999999999998,8.240648863374913
41,8977.0,random_sampling,euclidean,lognormal,20,1.6,8977.0,True,0.12631578947368421,1.0,9.10242102975669
42,3504.0,random_sampling,euclidean,lognormal,20,1.6,3504.0,True,0.09473684210526316,0.9999999999999998,8.161660452056282
43,6048.0,random_sampling,euclidean,lognormal,20,1.6,6048.0,True,0.08947368421052632,1.0,8.70748291785937
44,15282.0,random_sampling,euclidean,lognormal,20,1.6,15282.0,True,0.12105263157894737,1.0,9.634430944207512
45,11470.0,random_sampling,euclidean,lognormal,20,1.6,11470.0,True,0.11578947368421053,1.0,9.347490210123416
46,7326.0,random_sampling,euclidean,lognormal,20,1.6,7326.0,True,0.12105263157894737,1.0000000000000002,8.89918494333876
47,54118.0,random_sampling,euclidean,lognormal,20,1.6,54118.0,True,0.11052631578947368,1.0000000000000002,10.898922126686871
48,11668.0,random_sampling,euclidean,lognormal,20,1.6,11668.0,True,0.13157894736842105,0.9999999999999998,9.364605330987612
49,22619.0,random_sampling,euclidean,lognormal,20,1.6,22619.0,True,0.10526315789473684,1.0,10.026545540027982
50,7493.0,random_sampling,euclidean,lognormal,20,1.6,7493.0,True,0.07894736842105263,1.0000000000000004,8.92172453036431
51,3657.0,random_sampling,euclidean,lognormal,20,1.6,3657.0,True,0.14210526315789473,1.0,8.204398418149381
52,6157.0,random_sampling,euclidean,lognormal,20,1.6,6157.0,True,0.11578947368421053,1.0,8.72534492491121
53,272.0,random_sampling,euclidean,lognormal,20,1.6,272.0,True,0.14210526315789473,1.0,5.605802066295998
54,3290.0,random_sampling,euclidean,lognormal,20,1.6,3290.0,True,0.09473684210526316,1.0,8.098642843759418
55,14120.0,random_sampling,euclidean,lognormal,20,1.6,14120.0,True,0.13157894736842105,1.0,9.555347511047232
56,38196.0,random_sampling,euclidean,lognormal,20,1.6,38196.0,True,0.12105263157894737,1.0000000000000002,10.550486077070094
57,7909.0,random_sampling,euclidean,lognormal,20,1.6,7909.0,True,0.11578947368421053,1.0000000000000002,8.975756630519417
58,573.0,random_sampling,euclidean,lognormal,20,1.6,573.0,True,0.11052631578947368,1.0,6.35088571671474
59,12735.0,random_sampling,euclidean,lognormal,20,1.6,12735.0,True,0.08947368421052632,1.0,9.452109387413557
60,9540.0,random_sampling,euclidean,lognormal,20,1.6,9540.0,True,0.13157894736842105,1.0,9.163248764442333
61,498.0,random_sampling,euclidean,lognormal,20,1.6,498.0,True,0.10526315789473684,1.0000000000000002,6.210600077024653
62,1740.0,random_sampling,euclidean,lognormal,20,1.6,1740.0,True,0.06315789473684211,1.0,7.461640392208575
63,920.0,random_sampling,euclidean,lognormal,20,1.6,920.0,True,0.12105263157894737,1.0,6.824373670043086
64,2347.0,random_sampling,euclidean,lognormal,20,1.6,2347.0,True,0.09473684210526316,1.0,7.760893195851024
65,1395.0,random_sampling,euclidean,lognormal,20,1.6,1395.0,True,0.12631578947368421,1.0000000000000002,7.240649694255466
66,27056.0,random_sampling,euclidean,lognormal,20,1.6,27056.0,True,0.11578947368421053,0.9999999999999998,10.205664071138361
67,46719.0,random_sampling,euclidean,lognormal,20,1.6,46719.0,True,0.09473684210526316,1.0,10.751906213163448
68,2210.0,random_sampling,euclidean,lognormal,20,1.6,2210.0,True,0.10526315789473684,0.9999999999999997,7.700747794511798
69,199.0,random_sampling,euclidean,lognormal,20,1.6,199.0,True,0.12105263157894737,1.0000000000000002,5.293304824724492
70,13113.0,random_sampling,euclidean,lognormal,20,1.6,13113.0,True,0.06315789473684211,1.0,9.481359383531425
71,7038.0,random_sampling,euclidean,lognormal,20,1.6,7038.0,True,0.11578947368421053,1.0,8.85907931788153
72,9243.0,random_sampling,euclidean,lognormal,20,1.6,9243.0,True,0.12631578947368421,1.0,9.131621787264777
73,4582.0,random_sampling,euclidean,lognormal,20,1.6,4582.0,True,0.11578947368421053,1.0,8.42989086301344
74,5583.0,random_sampling,euclidean,lognormal,20,1.6,5583.0,True,0.11578947368421053,0.9999999999999998,8.62748154531036
75,2975.0,random_sampling,euclidean,lognormal,20,1.6,2975.0,True,0.14210526315789473,1.0000000000000004,7.99799931797973
76,7046.0,random_sampling,euclidean,lognormal,20,1.6,7046.0,True,0.12631578947368421,1.0,8.860215358901183
77,10513.0,random_sampling,euclidean,lognormal,20,1.6,10513.0,True,0.09473684210526316,1.0,9.26036786557583
78,11441.0,random_sampling,euclidean,lognormal,20,1.6,11441.0,True,0.1,1.0,9.344958673700944
79,2770.0,random_sampling,euclidean,lognormal,20,1.6,2770.0,True,0.09473684210526316,0.9999999999999998,7.926602599181384
80,1602.0,random_sampling,euclidean,lognormal,20,1.6,1602.0,True,0.1,1.0,7.379008127628304
81,11415.0,random_sampling,euclidean,lognormal,20,1.6,11415.0,True,0.11578947368421053,1.0,9.342683558963897
82,2826.0,random_sampling,euclidean,lognormal,20,1.6,2826.0,True,0.08947368421052632,1.0000000000000002,7.946617563244473
83,3765.0,random_sampling,euclidean,lognormal,20,1.6,3765.0,True,0.08421052631578947,1.0,8.233503140233994
84,939.0,random_sampling,euclidean,lognormal,20,1.6,939.0,True,0.11578947368421053,1.0,6.844815479208263
85,9855.0,random_sampling,euclidean,lognormal,20,1.6,9855.0,True,0.10526315789473684,1.0000000000000002,9.19573421958682
86,32383.0,random_sampling,euclidean,lognormal,20,1.6,32383.0,True,0.12105263157894737,0.9999999999999998,10.385388872723718
87,1711.0,random_sampling,euclidean,lognormal,20,1.6,1711.0,True,0.12105263157894737,1.0000000000000002,7.444833273892193
88,60439.0,random_sampling,euclidean,lognormal,20,1.6,60439.0,True,0.11052631578947368,1.0,11.009389870915584
89,605.0,random_sampling,euclidean,lognormal,20,1.6,605.0,True,0.09473684210526316,1.0,6.405228458030842
90,15684.0,random_sampling,euclidean,lognormal,20,1.6,15684.0,True,0.08421052631578947,1.0000000000000002,9.660396363412222
91,610.0,random_sampling,euclidean,lognormal,20,1.6,610.0,True,0.10526315789473684,0.9999999999999998,6.413458957167357
92,1466.0,random_sampling,euclidean,lognormal,20,1.6,1466.0,True,0.11578947368421053,0.9999999999999997,7.290292882446597
93,3200.0,random_sampling,euclidean,lognormal,20,1.6,3200.0,True,0.11052631578947368,0.9999999999999998,8.070906088787819
94,19631.0,random_sampling,euclidean,lognormal,20,1.6,19631.0,True,0.08421052631578947,1.0000000000000002,9.884865228408033
95,1449.0,random_sampling,euclidean,lognormal,20,1.6,1449.0,True,0.08947368421052632,1.0,7.278628942320682
0,98.0,random_sampling,euclidean,lognormal,20,0.6,98.0,True,0.04736842105263158,0.9999999999999998,4.584967478670572
1,1418.0,random_sampling,euclidean,lognormal,20,0.6,1418.0,True,0.02631578947368421,1.0,7.257002707092073
2,184.0,random_sampling,euclidean,lognormal,20,0.6,184.0,True,0.03684210526315789,0.9999999999999998,5.214935757608986
3,595.0,random_sampling,euclidean,lognormal,20,0.6,595.0,True,0.02631578947368421,1.0000000000000002,6.38856140554563
4,686.0,random_sampling,euclidean,lognormal,20,0.6,686.0,True,0.031578947368421054,0.9999999999999997,6.530877627725885
5,122.0,random_sampling,euclidean,lognormal,20,0.6,122.0,True,0.021052631578947368,1.0000000000000002,4.804021044733257
6,179.0,random_sampling,euclidean,lognormal,20,0.6,179.0,True,0.021052631578947368,1.0000000000000002,5.187385805840755
7,240.0,random_sampling,euclidean,lognormal,20,0.6,240.0,True,0.02631578947368421,0.9999999999999997,5.480638923341991
8,82.0,random_sampling,euclidean,lognormal,20,0.6,82.0,True,0.02631578947368421,1.0,4.406719247264253
9,133.0,random_sampling,euclidean,lognormal,20,0.6,133.0,True,0.031578947368421054,1.0000000000000002,4.890349128221754
10,336.0,random_sampling,euclidean,lognormal,20,0.6,336.0,True,0.031578947368421054,0.9999999999999997,5.817111159963204
11,90.0,random_sampling,euclidean,lognormal,20,0.6,90.0,True,0.021052631578947368,1.0,4.499809670330265
12,616.0,random_sampling,euclidean,lognormal,20,0.6,616.0,True,0.03684210526315789,1.0,6.423246963533519
13,118.0,random_sampling,euclidean,lognormal,20,0.6,118.0,True,0.02631578947368421,1.0,4.770684624465665
14,1084.0,random_sampling,euclidean,lognormal,20,0.6,1084.0,True,0.031578947368421054,1.0000000000000002,6.988413181999592
15,451.0,random_sampling,euclidean,lognormal,20,0.6,451.0,True,0.031578947368421054,1.0000000000000002,6.111467339502679
16,138.0,random_sampling,euclidean,lognormal,20,0.6,138.0,True,0.02631578947368421,1.0,4.927253685157205
17,240.0,random_sampling,euclidean,lognormal,20,0.6,240.0,True,0.02631578947368421,0.9999999999999998,5.480638923341991
18,25619.0,random_sampling,euclidean,lognormal,20,0.6,25619.0,True,0.031578947368421054,1.0000000000000002,10.151089542682712
19,548.0,random_sampling,euclidean,lognormal,20,0.6,548.0,True,0.042105263157894736,0.9999999999999998,6.306275286948016
20,526.0,random_sampling,euclidean,lognormal,20,0.6,526.0,True,0.015789473684210527,1.0000000000000002,6.26530121273771
21,149.0,random_sampling,euclidean,lognormal,20,0.6,149.0,True,0.021052631578947368,1.0,5.003946305945459
22,75.0,random_sampling,euclidean,lognormal,20,0.6,75.0,True,0.02631578947368421,1.0,4.31748811353631
23,104.0,random_sampling,euclidean,lognormal,20,0.6,104.0,True,0.02631578947368421,1.0000000000000002,4.6443908991413725
24,3835868.0,random_sampling,euclidean,lognormal,20,0.6,3835868.0,True,0.031578947368421054,1.0000000000000002,15.15990630354877
25,129.0,random_sampling,euclidean,lognormal,20,0.6,129.0,True,0.02631578947368421,0.9999999999999997,4.859812404361672
26,239.0,random_sampling,euclidean,lognormal,20,0.6,239.0,True,0.031578947368421054,1.0,5.476463551931511
27,377.0,random_sampling,euclidean,lognormal,20,0.6,377.0,True,0.02631578947368421,1.0,5.932245187448011
28,112.0,random_sampling,euclidean,lognormal,20,0.6,112.0,True,0.02631578947368421,1.0,4.718498871295094
29,103.0,random_sampling,euclidean,lognormal,20,0.6,103.0,True,0.02631578947368421,1.0000000000000004,4.634728988229636
30,254.0,random_sampling,euclidean,lognormal,20,0.6,254.0,True,0.031578947368421054,1.0,5.537334267018537
31,2092.0,random_sampling,euclidean,lognormal,20,0.6,2092.0,True,0.02631578947368421,1.0,7.645875825184813
32,3441.0,random_sampling,euclidean,lognormal,20,0.6,3441.0,True,0.042105263157894736,1.0000000000000002,8.14351740579748
33,362.0,random_sampling,euclidean,lognormal,20,0.6,362.0,True,0.02631578947368421,1.0000000000000002,5.8916442118257715
34,699.0,random_sampling,euclidean,lognormal,20,0.6,699.0,True,0.02631578947368421,1.0,6.54965074223381
35,1009.0,random_sampling,euclidean,lognormal,20,0.6,1009.0,True,0.021052631578947368,1.0000000000000002,6.9167150203536085
36,91.0,random_sampling,euclidean,lognormal,20,0.6,91.0,True,0.021052631578947368,1.0000000000000002,4.51085950651685
37,118.0,random_sampling,euclidean,lognormal,20,0.6,118.0,True,0.031578947368421054,1.0,4.770684624465665
38,56.0,random_sampling,euclidean,lognormal,20,0.6,56.0,True,0.021052631578947368,1.0000000000000002,4.02535169073515
39,93.0,random_sampling,euclidean,lognormal,20,0.6,93.0,True,0.031578947368421054,0.9999999999999998,4.532599493153256
40,122.0,random_sampling,euclidean,lognormal,20,0.6,122.0,True,0.03684210526315789,0.9999999999999997,4.804021044733257
41,199.0,random_sampling,euclidean,lognormal,20,0.6,199.0,True,0.021052631578947368,0.9999999999999998,5.293304824724492
42,216.0,random_sampling,euclidean,lognormal,20,0.6,216.0,True,0.031578947368421054,1.0,5.375278407684165
43,84.0,random_sampling,euclidean,lognormal,20,0.6,84.0,True,0.02631578947368421,0.9999999999999997,4.430816798843313
44,99.0,random_sampling,euclidean,lognormal,20,0.6,99.0,True,0.03684210526315789,1.0000000000000002,4.59511985013459
45,183.0,random_sampling,euclidean,lognormal,20,0.6,183.0,True,0.02631578947368421,0.9999999999999998,5.209486152841421
46,708.0,random_sampling,euclidean,lognormal,20,0.6,708.0,True,0.02631578947368421,0.9999999999999997,6.56244409369372
47,179.0,random_sampling,euclidean,lognormal,20,0.6,179.0,True,0.03684210526315789,0.9999999999999998,5.187385805840755
48,61.0,random_sampling,euclidean,lognormal,20,0.6,61.0,True,0.02631578947368421,1.0,4.110873864173311
49,323.0,random_sampling,euclidean,lognormal,20,0.6,323.0,True,0.021052631578947368,1.0,5.777652323222656
50,96.0,random_sampling,euclidean,lognormal,20,0.6,96.0,True,0.02631578947368421,0.9999999999999997,4.564348191467836
51,221.0,random_sampling,euclidean,lognormal,20,0.6,221.0,True,0.031578947368421054,1.0000000000000002,5.3981627015177525
52,641.0,random_sampling,euclidean,lognormal,20,0.6,641.0,True,0.031578947368421054,1.0000000000000002,6.46302945692067
53,207.0,random_sampling,euclidean,lognormal,20,0.6,207.0,True,0.02631578947368421,1.0,5.332718793265369
54,838.0,random_sampling,euclidean,lognormal,20,0.6,838.0,True,0.03684210526315789,1.0,6.731018100482083
55,128.0,random_sampling,euclidean,lognormal,20,0.6,128.0,True,0.03684210526315789,1.0000000000000002,4.852030263919617
56,243.0,random_sampling,euclidean,lognormal,20,0.6,243.0,True,0.031578947368421054,1.0,5.493061443340548
57,253.0,random_sampling,euclidean,lognormal,20,0.6,253.0,True,0.031578947368421054,1.0000000000000002,5.53338948872752
58,2924.0,random_sampling,euclidean,lognormal,20,0.6,2924.0,True,0.031578947368421054,1.0000000000000002,7.980707820869669
59,810.0,random_sampling,euclidean,lognormal,20,0.6,810.0,True,0.02631578947368421,1.0,6.697034247666484
60,129.0,random_sampling,euclidean,lognormal,20,0.6,129.0,True,0.03684210526315789,0.9999999999999998,4.859812404361672
61,162.0,random_sampling,euclidean,lognormal,20,0.6,162.0,True,0.031578947368421054,1.0,5.087596335232384
62,201.0,random_sampling,euclidean,lognormal,20,0.6,201.0,True,0.03684210526315789,0.9999999999999998,5.303304908059076
63,63.0,random_sampling,euclidean,lognormal,20,0.6,63.0,True,0.02631578947368421,1.0000000000000002,4.143134726391533
64,221.0,random_sampling,euclidean,lognormal,20,0.6,221.0,True,0.031578947368421054,1.0000000000000004,5.3981627015177525
65,276.0,random_sampling,euclidean,lognormal,20,0.6,276.0,True,0.02631578947368421,1.0000000000000002,5.62040086571715
66,223.0,random_sampling,euclidean,lognormal,20,0.6,223.0,True,0.03684210526315789,1.0,5.407171771460119
67,157258.0,random_sampling,euclidean,lognormal,20,0.6,157258.0,True,0.031578947368421054,1.0000000000000002,11.965643047672444
68,63.0,random_sampling,euclidean,lognormal,20,0.6,63.0,True,0.02631578947368421,0.9999999999999997,4.143134726391533
69,98.0,random_sampling,euclidean,lognormal,20,0.6,98.0,True,0.031578947368421054,1.0,4.584967478670572
70,80.0,random_sampling,euclidean,lognormal,20,0.6,80.0,True,0.031578947368421054,1.0000000000000004,4.382026634673881
71,207.0,random_sampling,euclidean,lognormal,20,0.6,207.0,True,0.031578947368421054,1.0,5.332718793265369
72,412.0,random_sampling,euclidean,lognormal,20,0.6,412.0,True,0.02631578947368421,1.0,6.021023349349527
73,203.0,random_sampling,euclidean,lognormal,20,0.6,203.0,True,0.021052631578947368,1.0,5.313205979041787
74,96.0,random_sampling,euclidean,lognormal,20,0.6,96.0,True,0.02631578947368421,0.9999999999999998,4.564348191467836
75,126.0,random_sampling,euclidean,lognormal,20,0.6,126.0,True,0.02631578947368421,0.9999999999999998,4.836281906951478
76,8290.0,random_sampling,euclidean,lognormal,20,0.6,8290.0,True,0.031578947368421054,0.9999999999999998,9.022805248129341
77,1409.0,random_sampling,euclidean,lognormal,20,0.6,1409.0,True,0.02631578947368421,1.0,7.25063551189868
78,2108.0,random_sampling,euclidean,lognormal,20,0.6,2108.0,True,0.031578947368421054,1.0,7.653494909661253
79,256.0,random_sampling,euclidean,lognormal,20,0.6,256.0,True,0.02631578947368421,1.0000000000000002,5.545177444479562
80,2708.0,random_sampling,euclidean,lognormal,20,0.6,2708.0,True,0.042105263157894736,1.0000000000000004,7.903965634032166
81,71.0,random_sampling,euclidean,lognormal,20,0.6,71.0,True,0.03684210526315789,1.0,4.2626798770413155
82,241.0,random_sampling,euclidean,lognormal,20,0.6,241.0,True,0.031578947368421054,0.9999999999999997,5.484796933490655
83,256.0,random_sampling,euclidean,lognormal,20,0.6,256.0,True,0.031578947368421054,1.0,5.545177444479562
84,267.0,random_sampling,euclidean,lognormal,20,0.6,267.0,True,0.021052631578947368,1.0,5.58724865840025
85,130.0,random_sampling,euclidean,lognormal,20,0.6,130.0,True,0.03684210526315789,1.0,4.867534450455582
86,3991.0,random_sampling,euclidean,lognormal,20,0.6,3991.0,True,0.031578947368421054,1.0,8.291797105048733
87,108.0,random_sampling,euclidean,lognormal,20,0.6,108.0,True,0.031578947368421054,1.0000000000000002,4.68213122712422
88,203.0,random_sampling,euclidean,lognormal,20,0.6,203.0,True,0.042105263157894736,1.0000000000000004,5.313205979041787
89,208.0,random_sampling,euclidean,lognormal,20,0.6,208.0,True,0.02631578947368421,1.0000000000000002,5.337538079701318
90,396.0,random_sampling,euclidean,lognormal,20,0.6,396.0,True,0.02631578947368421,1.0000000000000004,5.981414211254481
91,1291.0,random_sampling,euclidean,lognormal,20,0.6,1291.0,True,0.031578947368421054,1.0000000000000002,7.1631723908466425
92,149.0,random_sampling,euclidean,lognormal,20,0.6,149.0,True,0.042105263157894736,0.9999999999999998,5.003946305945459
93,345.0,random_sampling,euclidean,lognormal,20,0.6,345.0,True,0.031578947368421054,0.9999999999999998,5.84354441703136
94,147.0,random_sampling,euclidean,lognormal,20,0.6,147.0,True,0.031578947368421054,1.0,4.990432586778736
95,160.0,random_sampling,euclidean,lognormal,20,0.6,160.0,True,0.031578947368421054,1.0,5.075173815233827
96,123.0,random_sampling,euclidean,lognormal,20,0.6,123.0,True,0.02631578947368421,0.9999999999999998,4.812184355372417
97,1020.0,random_sampling,euclidean,lognormal,20,0.6,1020.0,True,0.02631578947368421,1.0,6.927557906278317
98,130.0,random_sampling,euclidean,lognormal,20,0.6,130.0,True,0.021052631578947368,1.0,4.867534450455582
99,220.0,random_sampling,euclidean,lognormal,20,0.6,220.0,True,0.042105263157894736,1.0,5.393627546352362
0,170.0,random_sampling,euclidean,uniform,30,5.0,170.0,True,0.0022988505747126436,,5.135798437050262
1,170.0,random_sampling,euclidean,uniform,30,5.0,170.0,True,0.0022988505747126436,,5.135798437050262
2,170.0,random_sampling,euclidean,uniform,30,5.0,170.0,True,0.0022988505747126436,,5.135798437050262
3,170.0,random_sampling,euclidean,uniform,30,5.0,170.0,True,0.0022988505747126436,,5.135798437050262
4,170.0,random_sampling,euclidean,uniform,30,5.0,170.0,True,0.0022988505747126436,,5.135798437050262
5,170.0,random_sampling,euclidean,uniform,30,5.0,170.0,True,0.0022988505747126436,,5.135798437050262
6,170.0,random_sampling,euclidean,uniform,30,5.0,170.0,True,0.0022988505747126436,,5.135798437050262
7,170.0,random_sampling,euclidean,uniform,30,5.0,170.0,True,0.0022988505747126436,,5.135798437050262
8,170.0,random_sampling,euclidean,uniform,30,5.0,170.0,True,0.0022988505747126436,,5.135798437050262
9,170.0,random_sampling,euclidean,uniform,30,5.0,170.0,True,0.0022988505747126436,,5.135798437050262
10,170.0,random_sampling,euclidean,uniform,30,5.0,170.0,True,0.0022988505747126436,,5.135798437050262
11,170.0,random_sampling,euclidean,uniform,30,5.0,170.0,True,0.0022988505747126436,,5.135798437050262
12,170.0,random_sampling,euclidean,uniform,30,5.0,170.0,True,0.0022988505747126436,,5.135798437050262
13,170.0,random_sampling,euclidean,uniform,30,5.0,170.0,True,0.0022988505747126436,,5.135798437050262
14,170.0,random_sampling,euclidean,uniform,30,5.0,170.0,True,0.0022988505747126436,,5.135798437050262
15,170.0,random_sampling,euclidean,uniform,30,5.0,170.0,True,0.0022988505747126436,,5.135798437050262
16,170.0,random_sampling,euclidean,uniform,30,5.0,170.0,True,0.0022988505747126436,,5.135798437050262
17,170.0,random_sampling,euclidean,uniform,30,5.0,170.0,True,0.0022988505747126436,,5.135798437050262
18,170.0,random_sampling,euclidean,uniform,30,5.0,170.0,True,0.0022988505747126436,,5.135798437050262
19,170.0,random_sampling,euclidean,uniform,30,5.0,170.0,True,0.0022988505747126436,,5.135798437050262
20,170.0,random_sampling,euclidean,uniform,30,5.0,170.0,True,0.0022988505747126436,,5.135798437050262
21,170.0,random_sampling,euclidean,uniform,30,5.0,170.0,True,0.0022988505747126436,,5.135798437050262
22,170.0,random_sampling,euclidean,uniform,30,5.0,170.0,True,0.0022988505747126436,,5.135798437050262
23,170.0,random_sampling,euclidean,uniform,30,5.0,170.0,True,0.0022988505747126436,,5.135798437050262
24,170.0,random_sampling,euclidean,uniform,30,5.0,170.0,True,0.0022988505747126436,,5.135798437050262
25,170.0,random_sampling,euclidean,uniform,30,5.0,170.0,True,0.0022988505747126436,,5.135798437050262
26,170.0,random_sampling,euclidean,uniform,30,5.0,170.0,True,0.0022988505747126436,,5.135798437050262
27,170.0,random_sampling,euclidean,uniform,30,5.0,170.0,True,0.0022988505747126436,,5.135798437050262
28,170.0,random_sampling,euclidean,uniform,30,5.0,170.0,True,0.0022988505747126436,,5.135798437050262
29,170.0,random_sampling,euclidean,uniform,30,5.0,170.0,True,0.0022988505747126436,,5.135798437050262
30,170.0,random_sampling,euclidean,uniform,30,5.0,170.0,True,0.0022988505747126436,,5.135798437050262
31,170.0,random_sampling,euclidean,uniform,30,5.0,170.0,True,0.0022988505747126436,,5.135798437050262
32,170.0,random_sampling,euclidean,uniform,30,5.0,170.0,True,0.0022988505747126436,,5.135798437050262
33,170.0,random_sampling,euclidean,uniform,30,5.0,170.0,True,0.0022988505747126436,,5.135798437050262
34,170.0,random_sampling,euclidean,uniform,30,5.0,170.0,True,0.0022988505747126436,,5.135798437050262
35,170.0,random_sampling,euclidean,uniform,30,5.0,170.0,True,0.0022988505747126436,,5.135798437050262
36,170.0,random_sampling,euclidean,uniform,30,5.0,170.0,True,0.0022988505747126436,,5.135798437050262
37,170.0,random_sampling,euclidean,uniform,30,5.0,170.0,True,0.0022988505747126436,,5.135798437050262
38,170.0,random_sampling,euclidean,uniform,30,5.0,170.0,True,0.0022988505747126436,,5.135798437050262
39,170.0,random_sampling,euclidean,uniform,30,5.0,170.0,True,0.0022988505747126436,,5.135798437050262
40,170.0,random_sampling,euclidean,uniform,30,5.0,170.0,True,0.0022988505747126436,,5.135798437050262
41,170.0,random_sampling,euclidean,uniform,30,5.0,170.0,True,0.0022988505747126436,,5.135798437050262
42,170.0,random_sampling,euclidean,uniform,30,5.0,170.0,True,0.0022988505747126436,,5.135798437050262
43,170.0,random_sampling,euclidean,uniform,30,5.0,170.0,True,0.0022988505747126436,,5.135798437050262
44,170.0,random_sampling,euclidean,uniform,30,5.0,170.0,True,0.0022988505747126436,,5.135798437050262
45,170.0,random_sampling,euclidean,uniform,30,5.0,170.0,True,0.0022988505747126436,,5.135798437050262
46,170.0,random_sampling,euclidean,uniform,30,5.0,170.0,True,0.0022988505747126436,,5.135798437050262
47,170.0,random_sampling,euclidean,uniform,30,5.0,170.0,True,0.0022988505747126436,,5.135798437050262
48,170.0,random_sampling,euclidean,uniform,30,5.0,170.0,True,0.0022988505747126436,,5.135798437050262
49,170.0,random_sampling,euclidean,uniform,30,5.0,170.0,True,0.0022988505747126436,,5.135798437050262
50,170.0,random_sampling,euclidean,uniform,30,5.0,170.0,True,0.0022988505747126436,,5.135798437050262
51,170.0,random_sampling,euclidean,uniform,30,5.0,170.0,True,0.0022988505747126436,,5.135798437050262
52,170.0,random_sampling,euclidean,uniform,30,5.0,170.0,True,0.0022988505747126436,,5.135798437050262
53,170.0,random_sampling,euclidean,uniform,30,5.0,170.0,True,0.0022988505747126436,,5.135798437050262
54,170.0,random_sampling,euclidean,uniform,30,5.0,170.0,True,0.0022988505747126436,,5.135798437050262
55,170.0,random_sampling,euclidean,uniform,30,5.0,170.0,True,0.0022988505747126436,,5.135798437050262
56,170.0,random_sampling,euclidean,uniform,30,5.0,170.0,True,0.0022988505747126436,,5.135798437050262
57,170.0,random_sampling,euclidean,uniform,30,5.0,170.0,True,0.0022988505747126436,,5.135798437050262
58,170.0,random_sampling,euclidean,uniform,30,5.0,170.0,True,0.0022988505747126436,,5.135798437050262
59,170.0,random_sampling,euclidean,uniform,30,5.0,170.0,True,0.0022988505747126436,,5.135798437050262
60,170.0,random_sampling,euclidean,uniform,30,5.0,170.0,True,0.0022988505747126436,,5.135798437050262
61,170.0,random_sampling,euclidean,uniform,30,5.0,170.0,True,0.0022988505747126436,,5.135798437050262
62,170.0,random_sampling,euclidean,uniform,30,5.0,170.0,True,0.0022988505747126436,,5.135798437050262
63,170.0,random_sampling,euclidean,uniform,30,5.0,170.0,True,0.0022988505747126436,,5.135798437050262
64,170.0,random_sampling,euclidean,uniform,30,5.0,170.0,True,0.0022988505747126436,,5.135798437050262
65,170.0,random_sampling,euclidean,uniform,30,5.0,170.0,True,0.0022988505747126436,,5.135798437050262
66,170.0,random_sampling,euclidean,uniform,30,5.0,170.0,True,0.0022988505747126436,,5.135798437050262
67,170.0,random_sampling,euclidean,uniform,30,5.0,170.0,True,0.0022988505747126436,,5.135798437050262
68,170.0,random_sampling,euclidean,uniform,30,5.0,170.0,True,0.0022988505747126436,,5.135798437050262
69,170.0,random_sampling,euclidean,uniform,30,5.0,170.0,True,0.0022988505747126436,,5.135798437050262
70,170.0,random_sampling,euclidean,uniform,30,5.0,170.0,True,0.0022988505747126436,,5.135798437050262
71,170.0,random_sampling,euclidean,uniform,30,5.0,170.0,True,0.0022988505747126436,,5.135798437050262
72,170.0,random_sampling,euclidean,uniform,30,5.0,170.0,True,0.0022988505747126436,,5.135798437050262
73,170.0,random_sampling,euclidean,uniform,30,5.0,170.0,True,0.0022988505747126436,,5.135798437050262
74,170.0,random_sampling,euclidean,uniform,30,5.0,170.0,True,0.0022988505747126436,,5.135798437050262
75,170.0,random_sampling,euclidean,uniform,30,5.0,170.0,True,0.0022988505747126436,,5.135798437050262
76,170.0,random_sampling,euclidean,uniform,30,5.0,170.0,True,0.0022988505747126436,,5.135798437050262
77,170.0,random_sampling,euclidean,uniform,30,5.0,170.0,True,0.0022988505747126436,,5.135798437050262
78,170.0,random_sampling,euclidean,uniform,30,5.0,170.0,True,0.0022988505747126436,,5.135798437050262
79,170.0,random_sampling,euclidean,uniform,30,5.0,170.0,True,0.0022988505747126436,,5.135798437050262
80,170.0,random_sampling,euclidean,uniform,30,5.0,170.0,True,0.0022988505747126436,,5.135798437050262
81,170.0,random_sampling,euclidean,uniform,30,5.0,170.0,True,0.0022988505747126436,,5.135798437050262
82,170.0,random_sampling,euclidean,uniform,30,5.0,170.0,True,0.0022988505747126436,,5.135798437050262
83,170.0,random_sampling,euclidean,uniform,30,5.0,170.0,True,0.0022988505747126436,,5.135798437050262
84,170.0,random_sampling,euclidean,uniform,30,5.0,170.0,True,0.0022988505747126436,,5.135798437050262
85,170.0,random_sampling,euclidean,uniform,30,5.0,170.0,True,0.0022988505747126436,,5.135798437050262
86,170.0,random_sampling,euclidean,uniform,30,5.0,170.0,True,0.0022988505747126436,,5.135798437050262
87,170.0,random_sampling,euclidean,uniform,30,5.0,170.0,True,0.0022988505747126436,,5.135798437050262
88,170.0,random_sampling,euclidean,uniform,30,5.0,170.0,True,0.0022988505747126436,,5.135798437050262
89,170.0,random_sampling,euclidean,uniform,30,5.0,170.0,True,0.0022988505747126436,,5.135798437050262
90,170.0,random_sampling,euclidean,uniform,30,5.0,170.0,True,0.0022988505747126436,,5.135798437050262
91,170.0,random_sampling,euclidean,uniform,30,5.0,170.0,True,0.0022988505747126436,,5.135798437050262
92,170.0,random_sampling,euclidean,uniform,30,5.0,170.0,True,0.0022988505747126436,,5.135798437050262
93,170.0,random_sampling,euclidean,uniform,30,5.0,170.0,True,0.0022988505747126436,,5.135798437050262
94,170.0,random_sampling,euclidean,uniform,30,5.0,170.0,True,0.0022988505747126436,,5.135798437050262
95,170.0,random_sampling,euclidean,uniform,30,5.0,170.0,True,0.0022988505747126436,,5.135798437050262
96,170.0,random_sampling,euclidean,uniform,30,5.0,170.0,True,0.0022988505747126436,,5.135798437050262
97,170.0,random_sampling,euclidean,uniform,30,5.0,170.0,True,0.0022988505747126436,,5.135798437050262
98,170.0,random_sampling,euclidean,uniform,30,5.0,170.0,True,0.0022988505747126436,,5.135798437050262
99,170.0,random_sampling,euclidean,uniform,30,5.0,170.0,True,0.0022988505747126436,,5.135798437050262
0,6349.0,random_sampling,euclidean,uniform,30,40.0,6349.0,True,0.01839080459770115,1.0,8.75605259917045
1,17645.0,random_sampling,euclidean,uniform,30,40.0,17645.0,True,0.01839080459770115,1.0000000000000002,9.77820773610937
2,1039238.0,random_sampling,euclidean,uniform,30,40.0,1039238.0,True,0.020689655172413793,1.0,13.85399831025967
3,35616.0,random_sampling,euclidean,uniform,30,40.0,35616.0,True,0.01839080459770115,0.9999999999999999,10.480550254075272
4,514.0,random_sampling,euclidean,uniform,30,40.0,514.0,True,0.016091954022988506,1.0000000000000002,6.2422232654551655
5,1800.0,random_sampling,euclidean,uniform,30,40.0,1800.0,True,0.020689655172413793,1.0000000000000002,7.495541943884256
6,15100.0,random_sampling,euclidean,uniform,30,40.0,15100.0,True,0.020689655172413793,1.0,9.622450022803015
7,3317.0,random_sampling,euclidean,uniform,30,40.0,3317.0,True,0.016091954022988506,0.9999999999999996,8.106816038947052
8,3805.0,random_sampling,euclidean,uniform,30,40.0,3805.0,True,0.016091954022988506,1.0000000000000002,8.244071270295786
9,3755.0,random_sampling,euclidean,uniform,30,40.0,3755.0,True,0.01839080459770115,0.9999999999999999,8.230843564198235
10,105213.0,random_sampling,euclidean,uniform,30,40.0,105213.0,True,0.01839080459770115,0.9999999999999999,11.563742145795578
11,778.0,random_sampling,euclidean,uniform,30,40.0,778.0,True,0.016091954022988506,1.0000000000000004,6.656726524178391
12,2680.0,random_sampling,euclidean,uniform,30,40.0,2680.0,True,0.01839080459770115,1.0000000000000002,7.893572073504902
13,12123.0,random_sampling,euclidean,uniform,30,40.0,12123.0,True,0.016091954022988506,0.9999999999999998,9.402859753746583
14,3015.0,random_sampling,euclidean,uniform,30,40.0,3015.0,True,0.01839080459770115,1.0000000000000002,8.011355109161286
15,5551.0,random_sampling,euclidean,uniform,30,40.0,5551.0,True,0.016091954022988506,1.0,8.621733370690162
16,4655.0,random_sampling,euclidean,uniform,30,40.0,4655.0,True,0.01839080459770115,1.0,8.445697189711167
17,1788.0,random_sampling,euclidean,uniform,30,40.0,1788.0,True,0.016091954022988506,0.9999999999999997,7.488852955733459
18,429324.0,random_sampling,euclidean,uniform,30,40.0,429324.0,True,0.01839080459770115,1.0000000000000002,12.969967157611594
19,217.0,random_sampling,euclidean,uniform,30,40.0,217.0,True,0.016091954022988506,0.9999999999999997,5.37989735354046
20,13429.0,random_sampling,euclidean,uniform,30,40.0,13429.0,True,0.016091954022988506,1.0000000000000002,9.505171826581176
21,5879.0,random_sampling,euclidean,uniform,30,40.0,5879.0,True,0.01839080459770115,0.9999999999999998,8.679141958402255
22,972.0,random_sampling,euclidean,uniform,30,40.0,972.0,True,0.016091954022988506,1.0000000000000002,6.879355804460439
23,146073.0,random_sampling,euclidean,uniform,30,40.0,146073.0,True,0.01839080459770115,1.0,11.891861775732124
24,1814.0,random_sampling,euclidean,uniform,30,40.0,1814.0,True,0.01839080459770115,1.0,7.503289630675082
25,1349.0,random_sampling,euclidean,uniform,30,40.0,1349.0,True,0.016091954022988506,0.9999999999999999,7.207118856207756
26,2036.0,random_sampling,euclidean,uniform,30,40.0,2036.0,True,0.016091954022988506,1.0,7.618742377670413
27,891.0,random_sampling,euclidean,uniform,30,40.0,891.0,True,0.016091954022988506,0.9999999999999999,6.792344427470809
28,12801.0,random_sampling,euclidean,uniform,30,40.0,12801.0,True,0.020689655172413793,1.0,9.45727857185611
29,7484.0,random_sampling,euclidean,uniform,30,40.0,7484.0,True,0.01839080459770115,0.9999999999999999,8.92052268739398
30,34740.0,random_sampling,euclidean,uniform,30,40.0,34740.0,True,0.016091954022988506,1.0000000000000004,10.455647039795096
31,8027.0,random_sampling,euclidean,uniform,30,40.0,8027.0,True,0.01839080459770115,0.9999999999999999,8.990566138131577
32,7748.0,random_sampling,euclidean,uniform,30,40.0,7748.0,True,0.01839080459770115,1.0000000000000002,8.955190024526887
33,8947.0,random_sampling,euclidean,uniform,30,40.0,8947.0,True,0.01839080459770115,1.0,9.099073559547596
34,61203.0,random_sampling,euclidean,uniform,30,40.0,61203.0,True,0.016091954022988506,1.0000000000000002,11.021951486906838
35,14764.0,random_sampling,euclidean,uniform,30,40.0,14764.0,True,0.020689655172413793,0.9999999999999998,9.59994706414989
36,11457.0,random_sampling,euclidean,uniform,30,40.0,11457.0,True,0.01839080459770115,1.0,9.346356175893625
37,1780.0,random_sampling,euclidean,uniform,30,40.0,1780.0,True,0.016091954022988506,1.0,7.484368643286131
38,5550.0,random_sampling,euclidean,uniform,30,40.0,5550.0,True,0.016091954022988506,0.9999999999999999,8.62155320674048
39,14901.0,random_sampling,euclidean,uniform,30,40.0,14901.0,True,0.016091954022988506,1.0,9.60918360377546
40,15632.0,random_sampling,euclidean,uniform,30,40.0,15632.0,True,0.01839080459770115,1.0000000000000002,9.657075374282565
41,3969.0,random_sampling,euclidean,uniform,30,40.0,3969.0,True,0.01839080459770115,0.9999999999999999,8.286269452783065
42,48174.0,random_sampling,euclidean,uniform,30,40.0,48174.0,True,0.01839080459770115,0.9999999999999998,10.782574735412739
43,5978.0,random_sampling,euclidean,uniform,30,40.0,5978.0,True,0.01839080459770115,0.9999999999999998,8.695841342843883
44,1912.0,random_sampling,euclidean,uniform,30,40.0,1912.0,True,0.01839080459770115,1.0000000000000002,7.555905093611346
45,2006.0,random_sampling,euclidean,uniform,30,40.0,2006.0,True,0.020689655172413793,1.0000000000000002,7.603897968521881
46,3399.0,random_sampling,euclidean,uniform,30,40.0,3399.0,True,0.016091954022988506,0.9999999999999999,8.131236549696116
47,7550.0,random_sampling,euclidean,uniform,30,40.0,7550.0,True,0.020689655172413793,1.0000000000000004,8.92930284224307
48,1985.0,random_sampling,euclidean,uniform,30,40.0,1985.0,True,0.01839080459770115,0.9999999999999999,7.59337419312129
49,21762.0,random_sampling,euclidean,uniform,30,40.0,21762.0,True,0.01839080459770115,1.0,9.987920608510958
50,780.0,random_sampling,euclidean,uniform,30,40.0,780.0,True,0.016091954022988506,1.0000000000000002,6.659293919683638
51,401.0,random_sampling,euclidean,uniform,30,40.0,401.0,True,0.016091954022988506,1.0,5.993961427306569
52,3148.0,random_sampling,euclidean,uniform,30,40.0,3148.0,True,0.01839080459770115,1.0000000000000002,8.054522609537294
53,7992.0,random_sampling,euclidean,uniform,30,40.0,7992.0,True,0.01839080459770115,1.0,8.98619632032839
54,1716.0,random_sampling,euclidean,uniform,30,40.0,1716.0,True,0.01839080459770115,1.0000000000000002,7.447751280047908
55,11739.0,random_sampling,euclidean,uniform,30,40.0,11739.0,True,0.01839080459770115,1.0000000000000002,9.370671910878523
56,3797.0,random_sampling,euclidean,uniform,30,40.0,3797.0,True,0.01839080459770115,1.0000000000000002,8.241966560231802
57,7682.0,random_sampling,euclidean,uniform,30,40.0,7682.0,True,0.01839080459770115,0.9999999999999999,8.94663520890585
58,9835.0,random_sampling,euclidean,uniform,30,40.0,9835.0,True,0.020689655172413793,1.0,9.19370273082316
59,1967.0,random_sampling,euclidean,uniform,30,40.0,1967.0,True,0.016091954022988506,0.9999999999999999,7.584264818389059
60,7583.0,random_sampling,euclidean,uniform,30,40.0,7583.0,True,0.01839080459770115,1.0000000000000002,8.933664178700935
61,3825.0,random_sampling,euclidean,uniform,30,40.0,3825.0,True,0.016091954022988506,1.0000000000000002,8.249313746260636
62,29747.0,random_sampling,euclidean,uniform,30,40.0,29747.0,True,0.020689655172413793,1.0000000000000002,10.300483565552913
63,3937.0,random_sampling,euclidean,uniform,30,40.0,3937.0,True,0.01839080459770115,1.0000000000000002,8.278174290943738
64,7730.0,random_sampling,euclidean,uniform,30,40.0,7730.0,True,0.01839080459770115,1.0,8.952864141581468
65,12252.0,random_sampling,euclidean,uniform,30,40.0,12252.0,True,0.016091954022988506,1.0,9.413444467952665
66,44292.0,random_sampling,euclidean,uniform,30,40.0,44292.0,True,0.01839080459770115,1.0,10.698559352817998
67,76335.0,random_sampling,euclidean,uniform,30,40.0,76335.0,True,0.020689655172413793,0.9999999999999998,11.242886827691043
68,3214.0,random_sampling,euclidean,uniform,30,40.0,3214.0,True,0.016091954022988506,0.9999999999999998,8.075271546297458
69,24681.0,random_sampling,euclidean,uniform,30,40.0,24681.0,True,0.016091954022988506,0.9999999999999998,10.11378899583704
70,3829.0,random_sampling,euclidean,uniform,30,40.0,3829.0,True,0.016091954022988506,1.0000000000000002,8.250358951477294
71,4098.0,random_sampling,euclidean,uniform,30,40.0,4098.0,True,0.01839080459770115,0.9999999999999998,8.318254328798846
72,10742.0,random_sampling,euclidean,uniform,30,40.0,10742.0,True,0.016091954022988506,0.9999999999999999,9.281916570465405
73,88946.0,random_sampling,euclidean,uniform,30,40.0,88946.0,True,0.01839080459770115,0.9999999999999999,11.395784722999087
74,21028.0,random_sampling,euclidean,uniform,30,40.0,21028.0,True,0.01839080459770115,1.0,9.953610161939338
75,1695.0,random_sampling,euclidean,uniform,30,40.0,1695.0,True,0.01839080459770115,1.0000000000000002,7.43543801981455
76,2002.0,random_sampling,euclidean,uniform,30,40.0,2002.0,True,0.020689655172413793,1.0000000000000002,7.601901959875166
77,4844.0,random_sampling,euclidean,uniform,30,40.0,4844.0,True,0.01839080459770115,1.0000000000000002,8.485496104672983
78,4009.0,random_sampling,euclidean,uniform,30,40.0,4009.0,True,0.016091954022988506,1.0000000000000002,8.296297112642508
79,130.0,random_sampling,euclidean,uniform,30,40.0,130.0,True,0.013793103448275862,0.9999999999999999,4.867534450455582
80,6955.0,random_sampling,euclidean,uniform,30,40.0,6955.0,True,0.01839080459770115,0.9999999999999999,8.847216104357543
81,5929.0,random_sampling,euclidean,uniform,30,40.0,5929.0,True,0.016091954022988506,1.0,8.687610843707368
82,43946.0,random_sampling,euclidean,uniform,30,40.0,43946.0,True,0.020689655172413793,0.9999999999999998,10.690716886457212
83,6628.0,random_sampling,euclidean,uniform,30,40.0,6628.0,True,0.020689655172413793,0.9999999999999998,8.799058378546453
84,8119.0,random_sampling,euclidean,uniform,30,40.0,8119.0,True,0.016091954022988506,1.0000000000000002,9.001962272862446
85,4459.0,random_sampling,euclidean,uniform,30,40.0,4459.0,True,0.020689655172413793,1.0000000000000002,8.402679804627477
86,23339.0,random_sampling,euclidean,uniform,30,40.0,23339.0,True,0.01839080459770115,0.9999999999999999,10.057881060021222
87,1507.0,random_sampling,euclidean,uniform,30,40.0,1507.0,True,0.01839080459770115,1.0000000000000002,7.317876198626496
88,6451.0,random_sampling,euclidean,uniform,30,40.0,6451.0,True,0.01839080459770115,0.9999999999999998,8.771990436532242
89,523.0,random_sampling,euclidean,uniform,30,40.0,523.0,True,0.016091954022988506,1.0000000000000002,6.259581464064923
90,3761.0,random_sampling,euclidean,uniform,30,40.0,3761.0,True,0.01839080459770115,1.0,8.232440158470336
91,1768.0,random_sampling,euclidean,uniform,30,40.0,1768.0,True,0.01839080459770115,1.0000000000000002,7.477604243197589
92,45586.0,random_sampling,euclidean,uniform,30,40.0,45586.0,True,0.016091954022988506,1.0000000000000002,10.727355930819083
93,768.0,random_sampling,euclidean,uniform,30,40.0,768.0,True,0.01839080459770115,0.9999999999999999,6.643789733147672
94,4004.0,random_sampling,euclidean,uniform,30,40.0,4004.0,True,0.016091954022988506,1.0,8.295049140435111
95,2794.0,random_sampling,euclidean,uniform,30,40.0,2794.0,True,0.016091954022988506,1.0,7.935229539816907
96,8104.0,random_sampling,euclidean,uniform,30,40.0,8104.0,True,0.016091954022988506,0.9999999999999997,9.000113045928519
97,1003.0,random_sampling,euclidean,uniform,30,40.0,1003.0,True,0.01839080459770115,1.0,6.910750787961936
98,463.0,random_sampling,euclidean,uniform,30,40.0,463.0,True,0.01839080459770115,1.0000000000000002,6.137727054086234
99,5068.0,random_sampling,euclidean,uniform,30,40.0,5068.0,True,0.01839080459770115,1.0000000000000002,8.53070154144103
0,475.0,random_sampling,euclidean,uniform,20,65.0,475.0,True,0.05263157894736842,1.0000000000000002,6.163314804034641
1,447.0,random_sampling,euclidean,uniform,20,65.0,447.0,True,0.04736842105263158,1.0,6.102558594613569
2,1198.0,random_sampling,euclidean,uniform,20,65.0,1198.0,True,0.05789473684210526,1.0,7.088408778675395
3,473.0,random_sampling,euclidean,uniform,20,65.0,473.0,True,0.04736842105263158,1.0,6.159095388491933
4,865.0,random_sampling,euclidean,uniform,20,65.0,865.0,True,0.05263157894736842,0.9999999999999998,6.762729506931879
5,1021.0,random_sampling,euclidean,uniform,20,65.0,1021.0,True,0.05263157894736842,1.0000000000000002,6.928537818164665
6,1403.0,random_sampling,euclidean,uniform,20,65.0,1403.0,True,0.042105263157894736,1.0,7.246368080102461
7,939.0,random_sampling,euclidean,uniform,20,65.0,939.0,True,0.05263157894736842,1.0,6.844815479208263
8,400.0,random_sampling,euclidean,uniform,20,65.0,400.0,True,0.05263157894736842,1.0,5.991464547107982
9,526.0,random_sampling,euclidean,uniform,20,65.0,526.0,True,0.05789473684210526,1.0,6.26530121273771
10,2108.0,random_sampling,euclidean,uniform,20,65.0,2108.0,True,0.05263157894736842,1.0,7.653494909661253
11,1293.0,random_sampling,euclidean,uniform,20,65.0,1293.0,True,0.05263157894736842,1.0000000000000002,7.164720378771857
12,2052.0,random_sampling,euclidean,uniform,20,65.0,2052.0,True,0.05263157894736842,1.0,7.62657020629066
13,909.0,random_sampling,euclidean,uniform,20,65.0,909.0,True,0.04736842105263158,1.0000000000000004,6.812345094177479
14,211.0,random_sampling,euclidean,uniform,20,65.0,211.0,True,0.04736842105263158,1.0000000000000004,5.351858133476067
15,511.0,random_sampling,euclidean,uniform,20,65.0,511.0,True,0.04736842105263158,1.0,6.236369590203704
16,842.0,random_sampling,euclidean,uniform,20,65.0,842.0,True,0.04736842105263158,1.0000000000000002,6.7357800142423265
17,129.0,random_sampling,euclidean,uniform,20,65.0,129.0,True,0.042105263157894736,1.0,4.859812404361672
18,728.0,random_sampling,euclidean,uniform,20,65.0,728.0,True,0.05263157894736842,1.0000000000000002,6.590301048196686
19,9869.0,random_sampling,euclidean,uniform,20,65.0,9869.0,True,0.04736842105263158,1.0,9.197153810172008
20,822.0,random_sampling,euclidean,uniform,20,65.0,822.0,True,0.04736842105263158,1.0,6.71174039505618
21,812.0,random_sampling,euclidean,uniform,20,65.0,812.0,True,0.05789473684210526,1.0,6.699500340161678
22,2739.0,random_sampling,euclidean,uniform,20,65.0,2739.0,True,0.04736842105263158,1.0000000000000002,7.915348169263078
23,271.0,random_sampling,euclidean,uniform,20,65.0,271.0,True,0.05263157894736842,0.9999999999999998,5.602118820879701
24,189.0,random_sampling,euclidean,uniform,20,65.0,189.0,True,0.04736842105263158,0.9999999999999998,5.241747015059643
25,222.0,random_sampling,euclidean,uniform,20,65.0,222.0,True,0.05789473684210526,1.0,5.402677381872279
26,900.0,random_sampling,euclidean,uniform,20,65.0,900.0,True,0.05789473684210526,1.0,6.802394763324311
27,1901.0,random_sampling,euclidean,uniform,20,65.0,1901.0,True,0.04736842105263158,1.0000000000000004,7.550135342488429
28,495.0,random_sampling,euclidean,uniform,20,65.0,495.0,True,0.05263157894736842,1.0,6.20455776256869
29,270.0,random_sampling,euclidean,uniform,20,65.0,270.0,True,0.05263157894736842,1.0000000000000002,5.598421958998375
30,807.0,random_sampling,euclidean,uniform,20,65.0,807.0,True,0.05263157894736842,1.0,6.693323668269949
31,3143.0,random_sampling,euclidean,uniform,20,65.0,3143.0,True,0.05263157894736842,1.0,8.052933036797567
32,226.0,random_sampling,euclidean,uniform,20,65.0,226.0,True,0.06315789473684211,0.9999999999999997,5.420534999272286
33,948.0,random_sampling,euclidean,uniform,20,65.0,948.0,True,0.05263157894736842,1.0,6.854354502255021
34,902.0,random_sampling,euclidean,uniform,20,65.0,902.0,True,0.05263157894736842,1.0000000000000004,6.804614520062624
35,1616.0,random_sampling,euclidean,uniform,20,65.0,1616.0,True,0.05789473684210526,0.9999999999999998,7.38770923908104
36,623.0,random_sampling,euclidean,uniform,20,65.0,623.0,True,0.05263157894736842,0.9999999999999998,6.434546518787453
37,1132.0,random_sampling,euclidean,uniform,20,65.0,1132.0,True,0.05789473684210526,1.0,7.0317412587631285
38,1959.0,random_sampling,euclidean,uniform,20,65.0,1959.0,True,0.05789473684210526,1.0000000000000002,7.580189417944541
39,1587.0,random_sampling,euclidean,uniform,20,65.0,1587.0,True,0.05263157894736842,1.0,7.369600720526409
40,430.0,random_sampling,euclidean,uniform,20,65.0,430.0,True,0.042105263157894736,1.0,6.063785208687608
41,502.0,random_sampling,euclidean,uniform,20,65.0,502.0,True,0.05263157894736842,1.0,6.218600119691729
42,355.0,random_sampling,euclidean,uniform,20,65.0,355.0,True,0.05263157894736842,1.0,5.872117789475416
43,485.0,random_sampling,euclidean,uniform,20,65.0,485.0,True,0.04736842105263158,1.0,6.184148890937483
44,2919.0,random_sampling,euclidean,uniform,20,65.0,2919.0,True,0.04736842105263158,1.0,7.978996370854115
45,507.0,random_sampling,euclidean,uniform,20,65.0,507.0,True,0.04736842105263158,1.0000000000000002,6.2285110035911835
46,790.0,random_sampling,euclidean,uniform,20,65.0,790.0,True,0.05789473684210526,1.0,6.672032945461067
47,134.0,random_sampling,euclidean,uniform,20,65.0,134.0,True,0.05263157894736842,1.0,4.897839799950911
48,1204.0,random_sampling,euclidean,uniform,20,65.0,1204.0,True,0.05789473684210526,1.0000000000000002,7.093404625868766
49,917.0,random_sampling,euclidean,uniform,20,65.0,917.0,True,0.04736842105263158,0.9999999999999998,6.821107472256465
50,734.0,random_sampling,euclidean,uniform,20,65.0,734.0,True,0.05263157894736842,1.0000000000000002,6.598509028614515
51,3824.0,random_sampling,euclidean,uniform,20,65.0,3824.0,True,0.05263157894736842,1.0,8.249052274171293
52,1017.0,random_sampling,euclidean,uniform,20,65.0,1017.0,True,0.05263157894736842,1.0,6.92461239604856
53,839.0,random_sampling,euclidean,uniform,20,65.0,839.0,True,0.05263157894736842,1.0,6.732210706467206
54,1952.0,random_sampling,euclidean,uniform,20,65.0,1952.0,True,0.05263157894736842,1.0,7.5766097669730375
55,1396.0,random_sampling,euclidean,uniform,20,65.0,1396.0,True,0.04736842105263158,1.0,7.241366283322318
56,190.0,random_sampling,euclidean,uniform,20,65.0,190.0,True,0.04736842105263158,1.0000000000000002,5.247024072160486
57,479.0,random_sampling,euclidean,uniform,20,65.0,479.0,True,0.04736842105263158,1.0,6.171700597410915
58,188.0,random_sampling,euclidean,uniform,20,65.0,188.0,True,0.05263157894736842,1.0,5.236441962829949
59,1018.0,random_sampling,euclidean,uniform,20,65.0,1018.0,True,0.042105263157894736,0.9999999999999997,6.925595197110468
60,918.0,random_sampling,euclidean,uniform,20,65.0,918.0,True,0.04736842105263158,1.0,6.822197390620491
61,90.0,random_sampling,euclidean,uniform,20,65.0,90.0,True,0.04736842105263158,1.0,4.499809670330265
62,682.0,random_sampling,euclidean,uniform,20,65.0,682.0,True,0.05263157894736842,1.0000000000000004,6.525029657843462
63,318.0,random_sampling,euclidean,uniform,20,65.0,318.0,True,0.05263157894736842,1.0,5.762051382780177
64,13839.0,random_sampling,euclidean,uniform,20,65.0,13839.0,True,0.04736842105263158,1.0000000000000002,9.53524597222593
65,241.0,random_sampling,euclidean,uniform,20,65.0,241.0,True,0.05263157894736842,1.0,5.484796933490655
66,1608.0,random_sampling,euclidean,uniform,20,65.0,1608.0,True,0.05263157894736842,1.0,7.382746449738912
67,503.0,random_sampling,euclidean,uniform,20,65.0,503.0,True,0.05263157894736842,1.0,6.220590170099739
68,324.0,random_sampling,euclidean,uniform,20,65.0,324.0,True,0.04736842105263158,1.0,5.780743515792329
69,1485.0,random_sampling,euclidean,uniform,20,65.0,1485.0,True,0.05789473684210526,1.0,7.3031700512368
70,543.0,random_sampling,euclidean,uniform,20,65.0,543.0,True,0.05263157894736842,0.9999999999999998,6.297109319933935
71,295.0,random_sampling,euclidean,uniform,20,65.0,295.0,True,0.042105263157894736,1.0,5.68697535633982
72,2214.0,random_sampling,euclidean,uniform,20,65.0,2214.0,True,0.05263157894736842,1.0000000000000002,7.7025561132685825
73,669.0,random_sampling,euclidean,uniform,20,65.0,669.0,True,0.05263157894736842,1.0,6.505784060128229
74,351.0,random_sampling,euclidean,uniform,20,65.0,351.0,True,0.04736842105263158,1.0,5.860786223465865
75,4466.0,random_sampling,euclidean,uniform,20,65.0,4466.0,True,0.04736842105263158,1.0,8.404248432400102
76,682.0,random_sampling,euclidean,uniform,20,65.0,682.0,True,0.05263157894736842,0.9999999999999998,6.525029657843462
77,3959.0,random_sampling,euclidean,uniform,20,65.0,3959.0,True,0.05263157894736842,1.0,8.28374674710613
78,687.0,random_sampling,euclidean,uniform,20,65.0,687.0,True,0.05263157894736842,1.0,6.532334292222349
79,554.0,random_sampling,euclidean,uniform,20,65.0,554.0,True,0.05263157894736842,1.0000000000000004,6.317164686747284
80,807.0,random_sampling,euclidean,uniform,20,65.0,807.0,True,0.04736842105263158,1.0000000000000002,6.693323668269949
81,855.0,random_sampling,euclidean,uniform,20,65.0,855.0,True,0.042105263157894736,1.0,6.75110146893676
82,456.0,random_sampling,euclidean,uniform,20,65.0,456.0,True,0.05789473684210526,1.0,6.1224928095143865
83,809.0,random_sampling,euclidean,uniform,20,65.0,809.0,True,0.04736842105263158,1.0000000000000004,6.695798917058491
84,483.0,random_sampling,euclidean,uniform,20,65.0,483.0,True,0.05263157894736842,0.9999999999999998,6.180016653652572
85,399.0,random_sampling,euclidean,uniform,20,65.0,399.0,True,0.05263157894736842,1.0,5.988961416889864
86,528.0,random_sampling,euclidean,uniform,20,65.0,528.0,True,0.04736842105263158,1.0,6.269096283706261
87,241.0,random_sampling,euclidean,uniform,20,65.0,241.0,True,0.05789473684210526,1.0000000000000002,5.484796933490655
88,904.0,random_sampling,euclidean,uniform,20,65.0,904.0,True,0.04736842105263158,1.0,6.806829360392176
89,847.0,random_sampling,euclidean,uniform,20,65.0,847.0,True,0.05263157894736842,1.0,6.741700694652055
90,464.0,random_sampling,euclidean,uniform,20,65.0,464.0,True,0.04736842105263158,1.0,6.139884552226255
91,1646.0,random_sampling,euclidean,uniform,20,65.0,1646.0,True,0.042105263157894736,1.0,7.406103381237015
92,777.0,random_sampling,euclidean,uniform,20,65.0,777.0,True,0.05263157894736842,1.0000000000000004,6.655440350367647
93,892.0,random_sampling,euclidean,uniform,20,65.0,892.0,True,0.05263157894736842,1.0,6.79346613258001
94,5964.0,random_sampling,euclidean,uniform,20,65.0,5964.0,True,0.04736842105263158,1.0000000000000002,8.69349667588463
95,364.0,random_sampling,euclidean,uniform,20,65.0,364.0,True,0.05263157894736842,1.0000000000000004,5.8971538676367405
96,446.0,random_sampling,euclidean,uniform,20,65.0,446.0,True,0.05263157894736842,1.0000000000000002,6.100318952020064
97,1357.0,random_sampling,euclidean,uniform,20,65.0,1357.0,True,0.04736842105263158,1.0,7.213031659834869
98,1019.0,random_sampling,euclidean,uniform,20,65.0,1019.0,True,0.05263157894736842,1.0,6.926577033222725
99,1256.0,random_sampling,euclidean,uniform,20,65.0,1256.0,True,0.05789473684210526,1.0,7.135687347028144
0,55564.0,random_sampling,euclidean,uniform,30,100.0,55564.0,True,0.03908045977011494,1.0000000000000002,10.92529078851728
1,31852.0,random_sampling,euclidean,uniform,30,100.0,31852.0,True,0.034482758620689655,1.0000000000000002,10.368855453377336
2,14290.0,random_sampling,euclidean,uniform,30,100.0,14290.0,True,0.029885057471264367,1.0000000000000002,9.567315270923913
3,12771.0,random_sampling,euclidean,uniform,30,100.0,12771.0,True,0.0367816091954023,1.0,9.454932254496262
4,14962.0,random_sampling,euclidean,uniform,30,100.0,14962.0,True,0.0367816091954023,1.0,9.61326893243235
5,37809.0,random_sampling,euclidean,uniform,30,100.0,37809.0,True,0.0367816091954023,1.0000000000000002,10.540302448505601
6,31472.0,random_sampling,euclidean,uniform,30,100.0,31472.0,True,0.03908045977011494,1.0,10.35685354062884
7,5484.0,random_sampling,euclidean,uniform,30,100.0,5484.0,True,0.041379310344827586,1.0,8.609590040682205
8,13595.0,random_sampling,euclidean,uniform,30,100.0,13595.0,True,0.03908045977011494,0.9999999999999999,9.51745735706657
9,15768.0,random_sampling,euclidean,uniform,30,100.0,15768.0,True,0.0367816091954023,1.0000000000000002,9.665737848832556
10,8854.0,random_sampling,euclidean,uniform,30,100.0,8854.0,True,0.0367816091954023,1.0000000000000002,9.088624613292087
11,2490.0,random_sampling,euclidean,uniform,30,100.0,2490.0,True,0.034482758620689655,1.0000000000000002,7.820037989458753
12,235859.0,random_sampling,euclidean,uniform,30,100.0,235859.0,True,0.03908045977011494,1.0,12.3709894478317
13,43826.0,random_sampling,euclidean,uniform,30,100.0,43826.0,True,0.034482758620689655,1.0,10.687982527555349
14,17548.0,random_sampling,euclidean,uniform,30,100.0,17548.0,True,0.03908045977011494,1.0,9.772695262286105
15,30976.0,random_sampling,euclidean,uniform,30,100.0,30976.0,True,0.034482758620689655,1.0,10.340967990076303
16,24939.0,random_sampling,euclidean,uniform,30,100.0,24939.0,True,0.0367816091954023,1.0,10.124188122199199
17,41808.0,random_sampling,euclidean,uniform,30,100.0,41808.0,True,0.0367816091954023,0.9999999999999999,10.640842987760394
18,13508.0,random_sampling,euclidean,uniform,30,100.0,13508.0,True,0.0367816091954023,0.9999999999999998,9.511037381505458
19,85725.0,random_sampling,euclidean,uniform,30,100.0,85725.0,True,0.03908045977011494,1.0000000000000002,11.358899777331121
20,19060.0,random_sampling,euclidean,uniform,30,100.0,19060.0,True,0.034482758620689655,1.0,9.855347177208193
21,51544.0,random_sampling,euclidean,uniform,30,100.0,51544.0,True,0.03908045977011494,1.0,10.850191090818479
22,6847.0,random_sampling,euclidean,uniform,30,100.0,6847.0,True,0.0367816091954023,1.0,8.831565879121063
23,15025.0,random_sampling,euclidean,uniform,30,100.0,15025.0,True,0.03908045977011494,1.0,9.617470759403409
24,190334.0,random_sampling,euclidean,uniform,30,100.0,190334.0,True,0.03908045977011494,1.0,12.156535702590874
25,255137.0,random_sampling,euclidean,uniform,30,100.0,255137.0,True,0.03908045977011494,1.0,12.44955593477278
26,39435.0,random_sampling,euclidean,uniform,30,100.0,39435.0,True,0.041379310344827586,1.0,10.58240902583209
27,238684.0,random_sampling,euclidean,uniform,30,100.0,238684.0,True,0.041379310344827586,1.0,12.382895780335879
28,43868.0,random_sampling,euclidean,uniform,30,100.0,43868.0,True,0.041379310344827586,1.0,10.6889404038801
29,9815.0,random_sampling,euclidean,uniform,30,100.0,9815.0,True,0.03908045977011494,0.9999999999999999,9.191667106710561
30,15456.0,random_sampling,euclidean,uniform,30,100.0,15456.0,True,0.0367816091954023,1.0000000000000002,9.6457525564523
31,62368.0,random_sampling,euclidean,uniform,30,100.0,62368.0,True,0.03218390804597701,0.9999999999999999,11.040807602307288
32,95815.0,random_sampling,euclidean,uniform,30,100.0,95815.0,True,0.0367816091954023,1.0,11.470174527902596
33,64438.0,random_sampling,euclidean,uniform,30,100.0,64438.0,True,0.034482758620689655,1.0000000000000002,11.07345880018605
34,50197.0,random_sampling,euclidean,uniform,30,100.0,50197.0,True,0.034482758620689655,0.9999999999999998,10.823710542937889
35,7879.0,random_sampling,euclidean,uniform,30,100.0,7879.0,True,0.03908045977011494,0.9999999999999999,8.971956271245688
36,7511.0,random_sampling,euclidean,uniform,30,100.0,7511.0,True,0.0367816091954023,1.0,8.924123891686012
37,3407.0,random_sampling,euclidean,uniform,30,100.0,3407.0,True,0.0367816091954023,1.0,8.133587417660966
38,43421.0,random_sampling,euclidean,uniform,30,100.0,43421.0,True,0.041379310344827586,1.0,10.678698474028431
39,12168.0,random_sampling,euclidean,uniform,30,100.0,12168.0,True,0.03908045977011494,1.0,9.406564833939129
40,97473.0,random_sampling,euclidean,uniform,30,100.0,97473.0,True,0.03908045977011494,1.0000000000000002,11.48733069555874
41,25453.0,random_sampling,euclidean,uniform,30,100.0,25453.0,True,0.03908045977011494,0.9999999999999999,10.144588893224116
42,31557.0,random_sampling,euclidean,uniform,30,100.0,31557.0,True,0.0367816091954023,0.9999999999999998,10.359550713407383
43,38820.0,random_sampling,euclidean,uniform,30,100.0,38820.0,True,0.0367816091954023,0.9999999999999998,10.566690856723001
44,47113.0,random_sampling,euclidean,uniform,30,100.0,47113.0,True,0.0367816091954023,1.0,10.760304250413741
45,11326.0,random_sampling,euclidean,uniform,30,100.0,11326.0,True,0.0367816091954023,0.9999999999999999,9.33485624667375
46,6209.0,random_sampling,euclidean,uniform,30,100.0,6209.0,True,0.034482758620689655,1.0000000000000002,8.733755131364893
47,11435.0,random_sampling,euclidean,uniform,30,100.0,11435.0,True,0.0367816091954023,1.0,9.344434106456882
48,46541.0,random_sampling,euclidean,uniform,30,100.0,46541.0,True,0.034482758620689655,0.9999999999999998,10.748088923518438
49,22563.0,random_sampling,euclidean,uniform,30,100.0,22563.0,True,0.03908045977011494,1.0,10.024066675494513
50,49471.0,random_sampling,euclidean,uniform,30,100.0,49471.0,True,0.041379310344827586,1.0000000000000002,10.809141918288724
51,55207.0,random_sampling,euclidean,uniform,30,100.0,55207.0,True,0.04367816091954023,1.0,10.918845035819478
52,21152.0,random_sampling,euclidean,uniform,30,100.0,21152.0,True,0.041379310344827586,1.0,9.959489742651412
53,11252.0,random_sampling,euclidean,uniform,30,100.0,11252.0,True,0.0367816091954023,1.0,9.328301169609748
54,122459.0,random_sampling,euclidean,uniform,30,100.0,122459.0,True,0.034482758620689655,1.0,11.715531559066871
55,25854.0,random_sampling,euclidean,uniform,30,100.0,25854.0,True,0.034482758620689655,1.0,10.160220606843893
56,85665.0,random_sampling,euclidean,uniform,30,100.0,85665.0,True,0.034482758620689655,0.9999999999999999,11.358199619767072
57,51896.0,random_sampling,euclidean,uniform,30,100.0,51896.0,True,0.034482758620689655,1.0,10.856996994892892
58,212162.0,random_sampling,euclidean,uniform,30,100.0,212162.0,True,0.03908045977011494,0.9999999999999999,12.265105412782864
59,53665.0,random_sampling,euclidean,uniform,30,100.0,53665.0,True,0.0367816091954023,1.0,10.890516298915625
60,7772.0,random_sampling,euclidean,uniform,30,100.0,7772.0,True,0.041379310344827586,0.9999999999999999,8.95828281049733
61,4066.0,random_sampling,euclidean,uniform,30,100.0,4066.0,True,0.0367816091954023,0.9999999999999999,8.310414994188292
62,13383.0,random_sampling,euclidean,uniform,30,100.0,13383.0,True,0.0367816091954023,1.0000000000000002,9.501740523796375
63,31005.0,random_sampling,euclidean,uniform,30,100.0,31005.0,True,0.034482758620689655,1.0,10.341903760783978
64,7678.0,random_sampling,euclidean,uniform,30,100.0,7678.0,True,0.034482758620689655,1.0,8.946114375560743
65,28926.0,random_sampling,euclidean,uniform,30,100.0,28926.0,True,0.0367816091954023,1.0000000000000002,10.272496123633678
66,27255.0,random_sampling,euclidean,uniform,30,100.0,27255.0,True,0.0367816091954023,1.0000000000000002,10.21299226949838
67,85436.0,random_sampling,euclidean,uniform,30,100.0,85436.0,True,0.034482758620689655,1.0000000000000002,11.355522836618695
68,17920.0,random_sampling,euclidean,uniform,30,100.0,17920.0,True,0.03908045977011494,1.0,9.793672686528922
69,63699.0,random_sampling,euclidean,uniform,30,100.0,63699.0,True,0.03908045977011494,0.9999999999999999,11.061924142849904
70,3948.0,random_sampling,euclidean,uniform,30,100.0,3948.0,True,0.03908045977011494,1.0,8.280964400553373
71,210319.0,random_sampling,euclidean,uniform,30,100.0,210319.0,True,0.03908045977011494,0.9999999999999998,12.256380704732893
72,22603.0,random_sampling,euclidean,uniform,30,100.0,22603.0,True,0.041379310344827586,1.0000000000000002,10.025837919813588
73,16226.0,random_sampling,euclidean,uniform,30,100.0,16226.0,True,0.0367816091954023,0.9999999999999999,9.69437017295501
74,17661.0,random_sampling,euclidean,uniform,30,100.0,17661.0,True,0.03908045977011494,1.0,9.779114097696372
75,27944.0,random_sampling,euclidean,uniform,30,100.0,27944.0,True,0.034482758620689655,1.0,10.237957786486668
76,15681.0,random_sampling,euclidean,uniform,30,100.0,15681.0,True,0.0367816091954023,1.0000000000000002,9.660205067381032
77,882258.0,random_sampling,euclidean,uniform,30,100.0,882258.0,True,0.0367816091954023,1.0000000000000002,13.690239809220973
78,12644.0,random_sampling,euclidean,uniform,30,100.0,12644.0,True,0.03908045977011494,1.0,9.444938073335509
79,8659.0,random_sampling,euclidean,uniform,30,100.0,8659.0,True,0.0367816091954023,1.0000000000000002,9.066354521447801
80,66971.0,random_sampling,euclidean,uniform,30,100.0,66971.0,True,0.0367816091954023,1.0000000000000002,11.112014968851744
81,37616.0,random_sampling,euclidean,uniform,30,100.0,37616.0,True,0.0367816091954023,1.0,10.535184770779852
82,19219.0,random_sampling,euclidean,uniform,30,100.0,19219.0,True,0.03908045977011494,0.9999999999999998,9.863654652034406
83,3426.0,random_sampling,euclidean,uniform,30,100.0,3426.0,True,0.03908045977011494,1.0,8.139148678884066
84,1774.0,random_sampling,euclidean,uniform,30,100.0,1774.0,True,0.0367816091954023,1.0000000000000002,7.480992162869525
85,21615.0,random_sampling,euclidean,uniform,30,100.0,21615.0,True,0.0367816091954023,0.9999999999999999,9.981142797101732
86,53727.0,random_sampling,euclidean,uniform,30,100.0,53727.0,True,0.0367816091954023,1.0,10.891670947434848
87,296663.0,random_sampling,euclidean,uniform,30,100.0,296663.0,True,0.0367816091954023,0.9999999999999999,12.600352093413271
88,49768.0,random_sampling,euclidean,uniform,30,100.0,49768.0,True,0.03908045977011494,1.0000000000000002,10.815127486194855
89,61334.0,random_sampling,euclidean,uniform,30,100.0,61334.0,True,0.034482758620689655,1.0,11.024089617429157
90,28257.0,random_sampling,euclidean,uniform,30,100.0,28257.0,True,0.034482758620689655,0.9999999999999999,10.249096493490926
91,5827.0,random_sampling,euclidean,uniform,30,100.0,5827.0,True,0.0367816091954023,1.0,8.670257567143075
92,15146.0,random_sampling,euclidean,uniform,30,100.0,15146.0,True,0.03908045977011494,1.0000000000000002,9.625491749673769
93,293395.0,random_sampling,euclidean,uniform,30,100.0,293395.0,True,0.03218390804597701,1.0,12.58927510296435
94,37506.0,random_sampling,euclidean,uniform,30,100.0,37506.0,True,0.0367816091954023,1.0000000000000002,10.532256199159868
95,4102.0,random_sampling,euclidean,uniform,30,100.0,4102.0,True,0.0367816091954023,0.9999999999999998,8.319229938632326
96,31427.0,random_sampling,euclidean,uniform,30,100.0,31427.0,True,0.03908045977011494,0.9999999999999998,10.355422675029144
97,63211.0,random_sampling,euclidean,uniform,30,100.0,63211.0,True,0.0367816091954023,0.9999999999999998,11.054233615622806
98,170231.0,random_sampling,euclidean,uniform,30,100.0,170231.0,True,0.0367816091954023,1.0,12.044911617196579
99,7827.0,random_sampling,euclidean,uniform,30,100.0,7827.0,True,0.0367816091954023,1.0,8.965334573804839
0,313.0,random_sampling,euclidean,uniform,20,70.0,313.0,True,0.06315789473684211,1.0000000000000004,5.746203190540153
1,834.0,random_sampling,euclidean,uniform,20,70.0,834.0,True,0.06315789473684211,1.0000000000000002,6.726233402358747
2,324.0,random_sampling,euclidean,uniform,20,70.0,324.0,True,0.05263157894736842,1.0,5.780743515792329
3,41.0,random_sampling,euclidean,uniform,20,70.0,41.0,True,0.04736842105263158,1.0000000000000002,3.713572066704308
4,648.0,random_sampling,euclidean,uniform,20,70.0,648.0,True,0.06842105263157895,1.0,6.473890696352274
5,252.0,random_sampling,euclidean,uniform,20,70.0,252.0,True,0.05263157894736842,1.0,5.529429087511423
6,508.0,random_sampling,euclidean,uniform,20,70.0,508.0,True,0.05263157894736842,1.0000000000000002,6.230481447578482
7,7994.0,random_sampling,euclidean,uniform,20,70.0,7994.0,True,0.06315789473684211,1.0000000000000002,8.986446539271268
8,1721.0,random_sampling,euclidean,uniform,20,70.0,1721.0,True,0.05789473684210526,1.0,7.450660796211539
9,784.0,random_sampling,euclidean,uniform,20,70.0,784.0,True,0.05263157894736842,1.0,6.664409020350408
10,3110.0,random_sampling,euclidean,uniform,20,70.0,3110.0,True,0.05789473684210526,1.0,8.04237800517328
11,1677.0,random_sampling,euclidean,uniform,20,70.0,1677.0,True,0.05263157894736842,1.0,7.424761761823209
12,898.0,random_sampling,euclidean,uniform,20,70.0,898.0,True,0.05263157894736842,1.0,6.8001700683022
13,162.0,random_sampling,euclidean,uniform,20,70.0,162.0,True,0.05789473684210526,1.0,5.087596335232384
14,2321.0,random_sampling,euclidean,uniform,20,70.0,2321.0,True,0.05789473684210526,0.9999999999999998,7.749753406274437
15,859.0,random_sampling,euclidean,uniform,20,70.0,859.0,True,0.05789473684210526,0.9999999999999998,6.755768921984255
16,401.0,random_sampling,euclidean,uniform,20,70.0,401.0,True,0.05263157894736842,1.0,5.993961427306569
17,527.0,random_sampling,euclidean,uniform,20,70.0,527.0,True,0.06315789473684211,1.0,6.267200548541362
18,1960.0,random_sampling,euclidean,uniform,20,70.0,1960.0,True,0.05789473684210526,1.0000000000000002,7.580699752224563
19,2185.0,random_sampling,euclidean,uniform,20,70.0,2185.0,True,0.05789473684210526,0.9999999999999997,7.68937110752969
20,417.0,random_sampling,euclidean,uniform,20,70.0,417.0,True,0.05789473684210526,1.0,6.0330862217988015
21,1434.0,random_sampling,euclidean,uniform,20,70.0,1434.0,True,0.05263157894736842,0.9999999999999998,7.2682230211595655
22,274.0,random_sampling,euclidean,uniform,20,70.0,274.0,True,0.05789473684210526,1.0,5.6131281063880705
23,2728.0,random_sampling,euclidean,uniform,20,70.0,2728.0,True,0.05789473684210526,0.9999999999999998,7.911324018963353
24,502.0,random_sampling,euclidean,uniform,20,70.0,502.0,True,0.05789473684210526,0.9999999999999998,6.218600119691729
25,473.0,random_sampling,euclidean,uniform,20,70.0,473.0,True,0.05789473684210526,1.0,6.159095388491933
26,470.0,random_sampling,euclidean,uniform,20,70.0,470.0,True,0.06315789473684211,1.0000000000000002,6.152732694704104
27,1562.0,random_sampling,euclidean,uniform,20,70.0,1562.0,True,0.05789473684210526,1.0000000000000004,7.3537223303996315
28,1542.0,random_sampling,euclidean,uniform,20,70.0,1542.0,True,0.05789473684210526,0.9999999999999998,7.340835554123275
29,138.0,random_sampling,euclidean,uniform,20,70.0,138.0,True,0.05789473684210526,1.0,4.927253685157205
30,172.0,random_sampling,euclidean,uniform,20,70.0,172.0,True,0.05789473684210526,0.9999999999999998,5.147494476813453
31,1166.0,random_sampling,euclidean,uniform,20,70.0,1166.0,True,0.06842105263157895,1.0,7.061334366910438
32,170.0,random_sampling,euclidean,uniform,20,70.0,170.0,True,0.06315789473684211,0.9999999999999997,5.135798437050262
33,1008.0,random_sampling,euclidean,uniform,20,70.0,1008.0,True,0.06315789473684211,1.0000000000000004,6.915723448631314
34,890.0,random_sampling,euclidean,uniform,20,70.0,890.0,True,0.05789473684210526,1.0000000000000002,6.7912214627261855
35,183.0,random_sampling,euclidean,uniform,20,70.0,183.0,True,0.05789473684210526,0.9999999999999998,5.209486152841421
36,1091.0,random_sampling,euclidean,uniform,20,70.0,1091.0,True,0.06315789473684211,0.9999999999999998,6.994849985833071
37,2990.0,random_sampling,euclidean,uniform,20,70.0,2990.0,True,0.06315789473684211,1.0000000000000002,8.003028666384733
38,3045.0,random_sampling,euclidean,uniform,20,70.0,3045.0,True,0.05789473684210526,0.9999999999999998,8.021256180143997
39,1108.0,random_sampling,euclidean,uniform,20,70.0,1108.0,True,0.06315789473684211,0.9999999999999998,7.010311867307229
40,1601.0,random_sampling,euclidean,uniform,20,70.0,1601.0,True,0.06315789473684211,0.9999999999999998,7.3783837129967145
41,512.0,random_sampling,euclidean,uniform,20,70.0,512.0,True,0.05789473684210526,1.0,6.238324625039508
42,479.0,random_sampling,euclidean,uniform,20,70.0,479.0,True,0.07368421052631578,1.0000000000000002,6.171700597410915
43,980.0,random_sampling,euclidean,uniform,20,70.0,980.0,True,0.05263157894736842,1.0,6.887552571664617
44,1391.0,random_sampling,euclidean,uniform,20,70.0,1391.0,True,0.06315789473684211,1.0,7.237778191923443
45,493.0,random_sampling,euclidean,uniform,20,70.0,493.0,True,0.06842105263157895,0.9999999999999998,6.20050917404269
46,506.0,random_sampling,euclidean,uniform,20,70.0,506.0,True,0.05789473684210526,1.0000000000000002,6.226536669287466
47,1006.0,random_sampling,euclidean,uniform,20,70.0,1006.0,True,0.05263157894736842,1.0,6.913737350659685
48,1104.0,random_sampling,euclidean,uniform,20,70.0,1104.0,True,0.06315789473684211,1.0000000000000002,7.00669522683704
49,967.0,random_sampling,euclidean,uniform,20,70.0,967.0,True,0.04736842105263158,1.0,6.874198495453294
50,3070.0,random_sampling,euclidean,uniform,20,70.0,3070.0,True,0.05263157894736842,0.9999999999999997,8.029432840581244
51,1470.0,random_sampling,euclidean,uniform,20,70.0,1470.0,True,0.05789473684210526,1.0,7.293017679772782
52,4769.0,random_sampling,euclidean,uniform,20,70.0,4769.0,True,0.06842105263157895,1.0000000000000002,8.469891918298224
53,616.0,random_sampling,euclidean,uniform,20,70.0,616.0,True,0.05789473684210526,0.9999999999999998,6.423246963533519
54,917.0,random_sampling,euclidean,uniform,20,70.0,917.0,True,0.05789473684210526,1.0000000000000002,6.821107472256465
55,661.0,random_sampling,euclidean,uniform,20,70.0,661.0,True,0.06315789473684211,1.0,6.493753839851686
56,837.0,random_sampling,euclidean,uniform,20,70.0,837.0,True,0.05263157894736842,0.9999999999999998,6.729824070489475
57,1806.0,random_sampling,euclidean,uniform,20,70.0,1806.0,True,0.05789473684210526,1.0,7.498869733976931
58,428.0,random_sampling,euclidean,uniform,20,70.0,428.0,True,0.05789473684210526,0.9999999999999998,6.059123195581797
59,3402.0,random_sampling,euclidean,uniform,20,70.0,3402.0,True,0.06842105263157895,1.0,8.132118772955806
60,246.0,random_sampling,euclidean,uniform,20,70.0,246.0,True,0.06842105263157895,0.9999999999999998,5.5053315359323625
61,255.0,random_sampling,euclidean,uniform,20,70.0,255.0,True,0.05263157894736842,1.0,5.541263545158426
62,1397.0,random_sampling,euclidean,uniform,20,70.0,1397.0,True,0.05263157894736842,1.0,7.242082359256962
63,2143.0,random_sampling,euclidean,uniform,20,70.0,2143.0,True,0.05789473684210526,0.9999999999999998,7.669961995473577
64,830.0,random_sampling,euclidean,uniform,20,70.0,830.0,True,0.07368421052631578,1.0000000000000002,6.721425700790643
65,721.0,random_sampling,euclidean,uniform,20,70.0,721.0,True,0.05263157894736842,1.0000000000000002,6.580639137284949
66,444.0,random_sampling,euclidean,uniform,20,70.0,444.0,True,0.06315789473684211,0.9999999999999997,6.095824562432225
67,2340.0,random_sampling,euclidean,uniform,20,70.0,2340.0,True,0.06315789473684211,1.0000000000000002,7.757906208351747
68,1592.0,random_sampling,euclidean,uniform,20,70.0,1592.0,True,0.05789473684210526,0.9999999999999997,7.3727463664043285
69,387.0,random_sampling,euclidean,uniform,20,70.0,387.0,True,0.05789473684210526,1.0,5.958424693029782
70,191.0,random_sampling,euclidean,uniform,20,70.0,191.0,True,0.05789473684210526,0.9999999999999998,5.25227342804663
71,2496.0,random_sampling,euclidean,uniform,20,70.0,2496.0,True,0.05789473684210526,1.0,7.822444729489319
72,832.0,random_sampling,euclidean,uniform,20,70.0,832.0,True,0.05789473684210526,0.9999999999999998,6.723832440821209
73,1246.0,random_sampling,euclidean,uniform,20,70.0,1246.0,True,0.06315789473684211,1.0,7.1276936993473985
74,1465.0,random_sampling,euclidean,uniform,20,70.0,1465.0,True,0.05263157894736842,1.0000000000000002,7.289610521451167
75,1947.0,random_sampling,euclidean,uniform,20,70.0,1947.0,True,0.06842105263157895,1.0,7.5740450053721995
76,718.0,random_sampling,euclidean,uniform,20,70.0,718.0,True,0.05789473684210526,1.0,6.576469569048224
77,223.0,random_sampling,euclidean,uniform,20,70.0,223.0,True,0.05789473684210526,1.0,5.407171771460119
78,450.0,random_sampling,euclidean,uniform,20,70.0,450.0,True,0.05789473684210526,1.0,6.1092475827643655
79,828.0,random_sampling,euclidean,uniform,20,70.0,828.0,True,0.05789473684210526,1.0,6.71901315438526
80,4060.0,random_sampling,euclidean,uniform,20,70.0,4060.0,True,0.05789473684210526,1.0,8.308938252595778
81,2716.0,random_sampling,euclidean,uniform,20,70.0,2716.0,True,0.06315789473684211,1.0,7.906915488678587
82,991.0,random_sampling,euclidean,uniform,20,70.0,991.0,True,0.05263157894736842,0.9999999999999998,6.898714534329988
83,462.0,random_sampling,euclidean,uniform,20,70.0,462.0,True,0.06315789473684211,1.0000000000000002,6.135564891081739
84,472.0,random_sampling,euclidean,uniform,20,70.0,472.0,True,0.06842105263157895,1.0000000000000002,6.156978985585555
85,893.0,random_sampling,euclidean,uniform,20,70.0,893.0,True,0.04736842105263158,1.0000000000000002,6.794586580876499
86,228.0,random_sampling,euclidean,uniform,20,70.0,228.0,True,0.05789473684210526,1.0,5.429345628954441
87,163.0,random_sampling,euclidean,uniform,20,70.0,163.0,True,0.06315789473684211,1.0,5.093750200806762
88,1839.0,random_sampling,euclidean,uniform,20,70.0,1839.0,True,0.05789473684210526,0.9999999999999998,7.516977224604321
89,1334.0,random_sampling,euclidean,uniform,20,70.0,1334.0,True,0.05789473684210526,1.0000000000000002,7.195937226475569
90,1269.0,random_sampling,euclidean,uniform,20,70.0,1269.0,True,0.05789473684210526,1.0000000000000002,7.1459844677143876
91,498.0,random_sampling,euclidean,uniform,20,70.0,498.0,True,0.05789473684210526,1.0,6.210600077024653
92,1282.0,random_sampling,euclidean,uniform,20,70.0,1282.0,True,0.05789473684210526,1.0,7.156176637480615
93,366.0,random_sampling,euclidean,uniform,20,70.0,366.0,True,0.05789473684210526,1.0,5.902633333401366
94,1660.0,random_sampling,euclidean,uniform,20,70.0,1660.0,True,0.06842105263157895,1.0000000000000002,7.414572881350589
95,355.0,random_sampling,euclidean,uniform,20,70.0,355.0,True,0.05263157894736842,0.9999999999999997,5.872117789475416
96,3930.0,random_sampling,euclidean,uniform,20,70.0,3930.0,True,0.05789473684210526,1.0000000000000002,8.276394704863307
97,979.0,random_sampling,euclidean,uniform,20,70.0,979.0,True,0.05789473684210526,1.0,6.88653164253051
98,5772.0,random_sampling,euclidean,uniform,20,70.0,5772.0,True,0.06842105263157895,0.9999999999999998,8.660773919893762
99,504.0,random_sampling,euclidean,uniform,20,70.0,504.0,True,0.05263157894736842,1.0,6.222576268071369
0,234.0,random_sampling,euclidean,uniform,20,20.0,234.0,True,0.021052631578947368,1.0000000000000002,5.455321115357702
1,159.0,random_sampling,euclidean,uniform,20,20.0,159.0,True,0.02631578947368421,0.9999999999999998,5.0689042022202315
2,240.0,random_sampling,euclidean,uniform,20,20.0,240.0,True,0.021052631578947368,1.0000000000000002,5.480638923341991
3,247.0,random_sampling,euclidean,uniform,20,20.0,247.0,True,0.02631578947368421,1.0,5.5093883366279774
4,124.0,random_sampling,euclidean,uniform,20,20.0,124.0,True,0.021052631578947368,1.0,4.820281565605037
5,135.0,random_sampling,euclidean,uniform,20,20.0,135.0,True,0.021052631578947368,0.9999999999999997,4.90527477843843
6,129.0,random_sampling,euclidean,uniform,20,20.0,129.0,True,0.021052631578947368,1.0000000000000002,4.859812404361672
7,127.0,random_sampling,euclidean,uniform,20,20.0,127.0,True,0.021052631578947368,1.0,4.844187086458591
8,9029.0,random_sampling,euclidean,uniform,20,20.0,9029.0,True,0.02631578947368421,1.0000000000000002,9.10819689830748
9,206.0,random_sampling,euclidean,uniform,20,20.0,206.0,True,0.021052631578947368,1.0000000000000002,5.327876168789581
10,994.0,random_sampling,euclidean,uniform,20,20.0,994.0,True,0.021052631578947368,1.0,6.901737206656574
11,901.0,random_sampling,euclidean,uniform,20,20.0,901.0,True,0.021052631578947368,1.0000000000000002,6.803505257608338
12,120.0,random_sampling,euclidean,uniform,20,20.0,120.0,True,0.021052631578947368,0.9999999999999997,4.787491742782046
13,440.0,random_sampling,euclidean,uniform,20,20.0,440.0,True,0.021052631578947368,1.0,6.0867747269123065
14,168.0,random_sampling,euclidean,uniform,20,20.0,168.0,True,0.021052631578947368,1.0000000000000002,5.123963979403259
15,3413.0,random_sampling,euclidean,uniform,20,20.0,3413.0,True,0.021052631578947368,1.0,8.135346948906706
16,129.0,random_sampling,euclidean,uniform,20,20.0,129.0,True,0.02631578947368421,1.0000000000000002,4.859812404361672
17,184.0,random_sampling,euclidean,uniform,20,20.0,184.0,True,0.021052631578947368,1.0,5.214935757608986
18,151.0,random_sampling,euclidean,uniform,20,20.0,151.0,True,0.021052631578947368,1.0,5.017279836814924
19,209.0,random_sampling,euclidean,uniform,20,20.0,209.0,True,0.02631578947368421,1.0000000000000002,5.342334251964811
20,376.0,random_sampling,euclidean,uniform,20,20.0,376.0,True,0.021052631578947368,1.0000000000000002,5.929589143389895
21,119.0,random_sampling,euclidean,uniform,20,20.0,119.0,True,0.021052631578947368,0.9999999999999997,4.77912349311153
22,216.0,random_sampling,euclidean,uniform,20,20.0,216.0,True,0.021052631578947368,1.0000000000000004,5.375278407684165
23,97.0,random_sampling,euclidean,uniform,20,20.0,97.0,True,0.021052631578947368,0.9999999999999998,4.574710978503383
24,291.0,random_sampling,euclidean,uniform,20,20.0,291.0,True,0.02631578947368421,0.9999999999999997,5.673323267171493
25,69.0,random_sampling,euclidean,uniform,20,20.0,69.0,True,0.021052631578947368,1.0000000000000004,4.23410650459726
26,139.0,random_sampling,euclidean,uniform,20,20.0,139.0,True,0.021052631578947368,0.9999999999999998,4.9344739331306915
27,231.0,random_sampling,euclidean,uniform,20,20.0,231.0,True,0.021052631578947368,0.9999999999999998,5.442417710521793
28,450.0,random_sampling,euclidean,uniform,20,20.0,450.0,True,0.02631578947368421,1.0,6.1092475827643655
29,130.0,random_sampling,euclidean,uniform,20,20.0,130.0,True,0.021052631578947368,1.0000000000000002,4.867534450455582
30,114.0,random_sampling,euclidean,uniform,20,20.0,114.0,True,0.021052631578947368,1.0,4.736198448394496
31,162.0,random_sampling,euclidean,uniform,20,20.0,162.0,True,0.02631578947368421,0.9999999999999997,5.087596335232384
32,127.0,random_sampling,euclidean,uniform,20,20.0,127.0,True,0.021052631578947368,0.9999999999999997,4.844187086458591
33,622.0,random_sampling,euclidean,uniform,20,20.0,622.0,True,0.021052631578947368,1.0000000000000002,6.432940092739179
34,1454.0,random_sampling,euclidean,uniform,20,20.0,1454.0,True,0.02631578947368421,1.0,7.282073658093465
35,3139.0,random_sampling,euclidean,uniform,20,20.0,3139.0,True,0.02631578947368421,1.0000000000000002,8.051659556841953
36,181.0,random_sampling,euclidean,uniform,20,20.0,181.0,True,0.021052631578947368,1.0000000000000002,5.198497031265826
37,208.0,random_sampling,euclidean,uniform,20,20.0,208.0,True,0.021052631578947368,0.9999999999999997,5.337538079701318
38,6616.0,random_sampling,euclidean,uniform,20,20.0,6616.0,True,0.021052631578947368,1.0,8.797246236703527
39,437.0,random_sampling,euclidean,uniform,20,20.0,437.0,True,0.021052631578947368,1.0,6.07993319509559
40,633.0,random_sampling,euclidean,uniform,20,20.0,633.0,True,0.021052631578947368,1.0,6.450470422144176
41,1012.0,random_sampling,euclidean,uniform,20,20.0,1012.0,True,0.021052631578947368,1.0000000000000002,6.919683849847411
42,389.0,random_sampling,euclidean,uniform,20,20.0,389.0,True,0.031578947368421054,1.0,5.963579343618446
43,1379.0,random_sampling,euclidean,uniform,20,20.0,1379.0,True,0.021052631578947368,1.0000000000000002,7.229113877793302
44,75.0,random_sampling,euclidean,uniform,20,20.0,75.0,True,0.02631578947368421,1.0,4.31748811353631
45,122.0,random_sampling,euclidean,uniform,20,20.0,122.0,True,0.021052631578947368,1.0000000000000002,4.804021044733257
46,196.0,random_sampling,euclidean,uniform,20,20.0,196.0,True,0.02631578947368421,1.0000000000000002,5.278114659230517
47,127.0,random_sampling,euclidean,uniform,20,20.0,127.0,True,0.021052631578947368,1.0000000000000002,4.844187086458591
48,127.0,random_sampling,euclidean,uniform,20,20.0,127.0,True,0.021052631578947368,0.9999999999999998,4.844187086458591
49,235.0,random_sampling,euclidean,uniform,20,20.0,235.0,True,0.021052631578947368,1.0000000000000002,5.459585514144159
50,2197.0,random_sampling,euclidean,uniform,20,20.0,2197.0,True,0.02631578947368421,1.0000000000000002,7.69484807238461
51,86.0,random_sampling,euclidean,uniform,20,20.0,86.0,True,0.021052631578947368,1.0,4.454347296253507
52,148.0,random_sampling,euclidean,uniform,20,20.0,148.0,True,0.021052631578947368,1.0,4.997212273764115
53,141.0,random_sampling,euclidean,uniform,20,20.0,141.0,True,0.02631578947368421,1.0,4.948759890378168
54,96.0,random_sampling,euclidean,uniform,20,20.0,96.0,True,0.02631578947368421,1.0,4.564348191467836
55,323.0,random_sampling,euclidean,uniform,20,20.0,323.0,True,0.021052631578947368,1.0000000000000002,5.777652323222656
56,218.0,random_sampling,euclidean,uniform,20,20.0,218.0,True,0.021052631578947368,0.9999999999999997,5.384495062789089
57,138.0,random_sampling,euclidean,uniform,20,20.0,138.0,True,0.02631578947368421,1.0,4.927253685157205
58,282.0,random_sampling,euclidean,uniform,20,20.0,282.0,True,0.021052631578947368,1.0000000000000002,5.641907070938114
59,251.0,random_sampling,euclidean,uniform,20,20.0,251.0,True,0.02631578947368421,1.0,5.5254529391317835
60,214.0,random_sampling,euclidean,uniform,20,20.0,214.0,True,0.02631578947368421,1.0000000000000002,5.365976015021851
61,1449.0,random_sampling,euclidean,uniform,20,20.0,1449.0,True,0.021052631578947368,1.0,7.278628942320682
62,114.0,random_sampling,euclidean,uniform,20,20.0,114.0,True,0.021052631578947368,1.0000000000000002,4.736198448394496
63,178.0,random_sampling,euclidean,uniform,20,20.0,178.0,True,0.021052631578947368,1.0,5.181783550292085
64,153.0,random_sampling,euclidean,uniform,20,20.0,153.0,True,0.02631578947368421,1.0,5.030437921392435
65,134.0,random_sampling,euclidean,uniform,20,20.0,134.0,True,0.021052631578947368,0.9999999999999997,4.897839799950911
66,626.0,random_sampling,euclidean,uniform,20,20.0,626.0,True,0.021052631578947368,1.0,6.439350371100098
67,122.0,random_sampling,euclidean,uniform,20,20.0,122.0,True,0.021052631578947368,1.0,4.804021044733257
68,112.0,random_sampling,euclidean,uniform,20,20.0,112.0,True,0.021052631578947368,1.0,4.718498871295094
69,179.0,random_sampling,euclidean,uniform,20,20.0,179.0,True,0.021052631578947368,1.0000000000000002,5.187385805840755
70,93.0,random_sampling,euclidean,uniform,20,20.0,93.0,True,0.021052631578947368,1.0000000000000004,4.532599493153256
71,176.0,random_sampling,euclidean,uniform,20,20.0,176.0,True,0.021052631578947368,1.0000000000000002,5.170483995038151
72,197.0,random_sampling,euclidean,uniform,20,20.0,197.0,True,0.021052631578947368,1.0000000000000002,5.2832037287379885
73,81.0,random_sampling,euclidean,uniform,20,20.0,81.0,True,0.021052631578947368,0.9999999999999997,4.394449154672439
74,230.0,random_sampling,euclidean,uniform,20,20.0,230.0,True,0.021052631578947368,0.9999999999999998,5.438079308923196
75,180.0,random_sampling,euclidean,uniform,20,20.0,180.0,True,0.021052631578947368,1.0,5.19295685089021
76,227.0,random_sampling,euclidean,uniform,20,20.0,227.0,True,0.02631578947368421,1.0,5.424950017481403
77,970.0,random_sampling,euclidean,uniform,20,20.0,970.0,True,0.021052631578947368,1.0000000000000002,6.877296071497429
78,131.0,random_sampling,euclidean,uniform,20,20.0,131.0,True,0.02631578947368421,0.9999999999999998,4.875197323201151
79,331.0,random_sampling,euclidean,uniform,20,20.0,331.0,True,0.02631578947368421,1.0,5.802118375377063
80,247.0,random_sampling,euclidean,uniform,20,20.0,247.0,True,0.021052631578947368,1.0000000000000002,5.5093883366279774
81,4005.0,random_sampling,euclidean,uniform,20,20.0,4005.0,True,0.021052631578947368,1.0000000000000002,8.29529885950246
82,24729.0,random_sampling,euclidean,uniform,20,20.0,24729.0,True,0.02631578947368421,1.0,10.115731922981338
83,166.0,random_sampling,euclidean,uniform,20,20.0,166.0,True,0.021052631578947368,1.0000000000000002,5.111987788356544
84,420.0,random_sampling,euclidean,uniform,20,20.0,420.0,True,0.021052631578947368,1.0000000000000002,6.040254711277414
85,209.0,random_sampling,euclidean,uniform,20,20.0,209.0,True,0.021052631578947368,1.0,5.342334251964811
86,120.0,random_sampling,euclidean,uniform,20,20.0,120.0,True,0.021052631578947368,1.0000000000000002,4.787491742782046
87,363.0,random_sampling,euclidean,uniform,20,20.0,363.0,True,0.02631578947368421,1.0,5.8944028342648505
88,79.0,random_sampling,euclidean,uniform,20,20.0,79.0,True,0.021052631578947368,1.0000000000000004,4.3694478524670215
89,201.0,random_sampling,euclidean,uniform,20,20.0,201.0,True,0.021052631578947368,0.9999999999999998,5.303304908059076
90,62.0,random_sampling,euclidean,uniform,20,20.0,62.0,True,0.021052631578947368,1.0000000000000002,4.127134385045092
91,256.0,random_sampling,euclidean,uniform,20,20.0,256.0,True,0.021052631578947368,1.0000000000000002,5.545177444479562
92,187.0,random_sampling,euclidean,uniform,20,20.0,187.0,True,0.02631578947368421,0.9999999999999998,5.231108616854587
93,236.0,random_sampling,euclidean,uniform,20,20.0,236.0,True,0.02631578947368421,1.0000000000000002,5.4638318050256105
94,174.0,random_sampling,euclidean,uniform,20,20.0,174.0,True,0.021052631578947368,1.0000000000000002,5.159055299214529
95,179.0,random_sampling,euclidean,uniform,20,20.0,179.0,True,0.02631578947368421,1.0,5.187385805840755
96,637.0,random_sampling,euclidean,uniform,20,20.0,637.0,True,0.02631578947368421,1.0,6.456769655572163
97,362.0,random_sampling,euclidean,uniform,20,20.0,362.0,True,0.031578947368421054,1.0000000000000002,5.8916442118257715
98,266.0,random_sampling,euclidean,uniform,20,20.0,266.0,True,0.021052631578947368,1.0000000000000002,5.583496308781699
99,6063.0,random_sampling,euclidean,uniform,20,20.0,6063.0,True,0.021052631578947368,1.0000000000000002,8.70996000607173
0,125044.0,random_sampling,euclidean,uniform,30,95.0,125044.0,True,0.0367816091954023,1.0,11.736420954346972
1,44156.0,random_sampling,euclidean,uniform,30,95.0,44156.0,True,0.034482758620689655,1.0,10.695484097138243
2,3087.0,random_sampling,euclidean,uniform,30,95.0,3087.0,True,0.0367816091954023,1.0,8.034955024502159
3,125045.0,random_sampling,euclidean,uniform,30,95.0,125045.0,True,0.03908045977011494,1.0000000000000002,11.736428951499986
4,9494.0,random_sampling,euclidean,uniform,30,95.0,9494.0,True,0.03218390804597701,0.9999999999999999,9.158415299111264
5,43874.0,random_sampling,euclidean,uniform,30,95.0,43874.0,True,0.034482758620689655,1.0,10.689077168485634
6,12645.0,random_sampling,euclidean,uniform,30,95.0,12645.0,True,0.03218390804597701,1.0,9.445017159104065
7,21639.0,random_sampling,euclidean,uniform,30,95.0,21639.0,True,0.034482758620689655,0.9999999999999998,9.982252521171782
8,13027.0,random_sampling,euclidean,uniform,30,95.0,13027.0,True,0.0367816091954023,1.0,9.474779405697564
9,7961.0,random_sampling,euclidean,uniform,30,95.0,7961.0,True,0.03218390804597701,1.0,8.982309899088579
10,27467.0,random_sampling,euclidean,uniform,30,95.0,27467.0,True,0.03218390804597701,1.0,10.220740563078143
11,105814.0,random_sampling,euclidean,uniform,30,95.0,105814.0,True,0.0367816091954023,1.0,11.569438114793913
12,93720.0,random_sampling,euclidean,uniform,30,95.0,93720.0,True,0.03218390804597701,1.0,11.448066892621732
13,125005.0,random_sampling,euclidean,uniform,30,95.0,125005.0,True,0.0367816091954023,0.9999999999999999,11.736109015484459
14,15096.0,random_sampling,euclidean,uniform,30,95.0,15096.0,True,0.03218390804597701,1.0,9.622185087048386
15,24612.0,random_sampling,euclidean,uniform,30,95.0,24612.0,True,0.034482758620689655,1.0,10.11098940786038
16,32368.0,random_sampling,euclidean,uniform,30,95.0,32368.0,True,0.03218390804597701,1.0,10.384925559407527
17,26905.0,random_sampling,euclidean,uniform,30,95.0,26905.0,True,0.034482758620689655,0.9999999999999997,10.20006742192352
18,36989.0,random_sampling,euclidean,uniform,30,95.0,36989.0,True,0.03218390804597701,0.9999999999999999,10.518375850127462
19,61308.0,random_sampling,euclidean,uniform,30,95.0,61308.0,True,0.03218390804597701,1.0,11.023665619118798
20,15376.0,random_sampling,euclidean,uniform,30,95.0,15376.0,True,0.034482758620689655,1.0,9.640563131210074
21,28869.0,random_sampling,euclidean,uniform,30,95.0,28869.0,True,0.029885057471264367,1.0,10.27052363402451
22,947.0,random_sampling,euclidean,uniform,30,95.0,947.0,True,0.03218390804597701,0.9999999999999999,6.853299093186078
23,46323.0,random_sampling,euclidean,uniform,30,95.0,46323.0,True,0.034482758620689655,0.9999999999999998,10.743393876988973
24,18961.0,random_sampling,euclidean,uniform,30,95.0,18961.0,True,0.034482758620689655,0.9999999999999998,9.850139517034204
25,70780.0,random_sampling,euclidean,uniform,30,95.0,70780.0,True,0.0367816091954023,1.0000000000000002,11.167331753899454
26,88126.0,random_sampling,euclidean,uniform,30,95.0,88126.0,True,0.034482758620689655,1.0000000000000002,11.386522887567917
27,32682.0,random_sampling,euclidean,uniform,30,95.0,32682.0,True,0.034482758620689655,1.0,10.39457974661173
28,11070.0,random_sampling,euclidean,uniform,30,95.0,11070.0,True,0.034482758620689655,1.0,9.311994025702683
29,12582.0,random_sampling,euclidean,uniform,30,95.0,12582.0,True,0.034482758620689655,1.0,9.440022500129976
30,63622.0,random_sampling,euclidean,uniform,30,95.0,63622.0,True,0.03908045977011494,1.0000000000000002,11.060714601464154
31,24320.0,random_sampling,euclidean,uniform,30,95.0,24320.0,True,0.034482758620689655,0.9999999999999998,10.099054336080103
32,39858.0,random_sampling,euclidean,uniform,30,95.0,39858.0,True,0.03218390804597701,0.9999999999999997,10.593078416893297
33,49873.0,random_sampling,euclidean,uniform,30,95.0,49873.0,True,0.029885057471264367,0.9999999999999999,10.817235053137502
34,125422.0,random_sampling,euclidean,uniform,30,95.0,125422.0,True,0.03218390804597701,1.0000000000000002,11.739439330389898
35,16516.0,random_sampling,euclidean,uniform,30,95.0,16516.0,True,0.03218390804597701,1.0000000000000002,9.71208488700598
36,13973.0,random_sampling,euclidean,uniform,30,95.0,13973.0,True,0.03908045977011494,1.0000000000000002,9.544882175080447
37,98091.0,random_sampling,euclidean,uniform,30,95.0,98091.0,True,0.034482758620689655,1.0,11.493650898225532
38,86657.0,random_sampling,euclidean,uniform,30,95.0,86657.0,True,0.034482758620689655,1.0,11.36971307664714
39,16167.0,random_sampling,euclidean,uniform,30,95.0,16167.0,True,0.029885057471264367,1.0,9.690727406601606
40,3289.0,random_sampling,euclidean,uniform,30,95.0,3289.0,True,0.034482758620689655,0.9999999999999999,8.098338846189057
41,11758.0,random_sampling,euclidean,uniform,30,95.0,11758.0,True,0.034482758620689655,1.0000000000000002,9.3722891389622
42,96675.0,random_sampling,euclidean,uniform,30,95.0,96675.0,True,0.03218390804597701,0.9999999999999999,11.479110116475498
43,148794.0,random_sampling,euclidean,uniform,30,95.0,148794.0,True,0.03908045977011494,0.9999999999999999,11.910318077987506
44,22367.0,random_sampling,euclidean,uniform,30,95.0,22367.0,True,0.034482758620689655,1.0,10.01534193731027
45,14853.0,random_sampling,euclidean,uniform,30,95.0,14853.0,True,0.034482758620689655,1.0000000000000002,9.605957144029533
46,64092.0,random_sampling,euclidean,uniform,30,95.0,64092.0,True,0.029885057471264367,1.0,11.06807483012777
47,61178.0,random_sampling,euclidean,uniform,30,95.0,61178.0,True,0.03218390804597701,1.0000000000000002,11.021542926748845
48,31220.0,random_sampling,euclidean,uniform,30,95.0,31220.0,True,0.029885057471264367,1.0000000000000002,10.348814194069423
49,106499.0,random_sampling,euclidean,uniform,30,95.0,106499.0,True,0.027586206896551724,1.0000000000000002,11.575890874416173
50,28489.0,random_sampling,euclidean,uniform,30,95.0,28489.0,True,0.03218390804597701,1.0,10.257273326840833
51,28276.0,random_sampling,euclidean,uniform,30,95.0,28276.0,True,0.03218390804597701,1.0000000000000002,10.249768667290844
52,25232.0,random_sampling,euclidean,uniform,30,95.0,25232.0,True,0.03218390804597701,0.9999999999999998,10.13586830920282
53,26247.0,random_sampling,euclidean,uniform,30,95.0,26247.0,True,0.0367816091954023,1.0,10.175306975774374
54,5865.0,random_sampling,euclidean,uniform,30,95.0,5865.0,True,0.029885057471264367,1.0,8.676757761087575
55,4365.0,random_sampling,euclidean,uniform,30,95.0,4365.0,True,0.029885057471264367,1.0000000000000002,8.381373468273702
56,25039.0,random_sampling,euclidean,uniform,30,95.0,25039.0,True,0.034482758620689655,0.9999999999999999,10.128189888314331
57,169338.0,random_sampling,euclidean,uniform,30,95.0,169338.0,True,0.034482758620689655,1.0000000000000002,12.039651996567883
58,46952.0,random_sampling,euclidean,uniform,30,95.0,46952.0,True,0.0367816091954023,0.9999999999999998,10.75688108223817
59,11421.0,random_sampling,euclidean,uniform,30,95.0,11421.0,True,0.03218390804597701,0.9999999999999998,9.343209045050607
60,14907.0,random_sampling,euclidean,uniform,30,95.0,14907.0,True,0.029885057471264367,1.0,9.60958618027043
61,31487.0,random_sampling,euclidean,uniform,30,95.0,31487.0,True,0.029885057471264367,1.0,10.3573300412176
62,13715.0,random_sampling,euclidean,uniform,30,95.0,13715.0,True,0.034482758620689655,1.0,9.526245403371703
63,118676.0,random_sampling,euclidean,uniform,30,95.0,118676.0,True,0.034482758620689655,1.0000000000000002,11.68415236975857
64,6741.0,random_sampling,euclidean,uniform,30,95.0,6741.0,True,0.029885057471264367,0.9999999999999999,8.815963560853438
65,11987.0,random_sampling,euclidean,uniform,30,95.0,11987.0,True,0.03218390804597701,0.9999999999999999,9.3915780082071
66,27392.0,random_sampling,euclidean,uniform,30,95.0,27392.0,True,0.03218390804597701,1.0,10.218006278941468
67,5885.0,random_sampling,euclidean,uniform,30,95.0,5885.0,True,0.029885057471264367,0.9999999999999998,8.680162019694377
68,13795.0,random_sampling,euclidean,uniform,30,95.0,13795.0,True,0.03218390804597701,1.0000000000000002,9.532061486651386
69,15048.0,random_sampling,euclidean,uniform,30,95.0,15048.0,True,0.034482758620689655,1.0000000000000002,9.619000370980867
70,45110.0,random_sampling,euclidean,uniform,30,95.0,45110.0,True,0.0367816091954023,1.0,10.716859230402441
71,27968.0,random_sampling,euclidean,uniform,30,95.0,27968.0,True,0.03218390804597701,1.0,10.238816278455262
72,177407.0,random_sampling,euclidean,uniform,30,95.0,177407.0,True,0.0367816091954023,1.0,12.086201806929193
73,174651.0,random_sampling,euclidean,uniform,30,95.0,174651.0,True,0.0367816091954023,0.9999999999999998,12.070544975955775
74,13545.0,random_sampling,euclidean,uniform,30,95.0,13545.0,True,0.029885057471264367,1.0000000000000002,9.513772754519195
75,42718.0,random_sampling,euclidean,uniform,30,95.0,42718.0,True,0.034482758620689655,0.9999999999999999,10.66237565605875
76,3969.0,random_sampling,euclidean,uniform,30,95.0,3969.0,True,0.034482758620689655,0.9999999999999998,8.286269452783065
77,3083.0,random_sampling,euclidean,uniform,30,95.0,3083.0,True,0.027586206896551724,1.0000000000000002,8.03365842788615
78,29662.0,random_sampling,euclidean,uniform,30,95.0,29662.0,True,0.03218390804597701,0.9999999999999999,10.297622044301908
79,7777.0,random_sampling,euclidean,uniform,30,95.0,7777.0,True,0.034482758620689655,0.9999999999999999,8.958925938694943
80,11964.0,random_sampling,euclidean,uniform,30,95.0,11964.0,True,0.03218390804597701,1.0,9.389657419749838
81,3440.0,random_sampling,euclidean,uniform,30,95.0,3440.0,True,0.03218390804597701,1.0,8.143226750367445
82,6480.0,random_sampling,euclidean,uniform,30,95.0,6480.0,True,0.034482758620689655,0.9999999999999999,8.776475789346321
83,258855.0,random_sampling,euclidean,uniform,30,95.0,258855.0,True,0.034482758620689655,1.0,12.464023338349788
84,29688.0,random_sampling,euclidean,uniform,30,95.0,29688.0,True,0.034482758620689655,1.0000000000000002,10.298498202740433
85,14401.0,random_sampling,euclidean,uniform,30,95.0,14401.0,True,0.03218390804597701,1.0000000000000002,9.575052927597383
86,36950.0,random_sampling,euclidean,uniform,30,95.0,36950.0,True,0.034482758620689655,0.9999999999999998,10.517320926376348
87,352333.0,random_sampling,euclidean,uniform,30,95.0,352333.0,True,0.03908045977011494,1.0,12.772332030110023
88,27334.0,random_sampling,euclidean,uniform,30,95.0,27334.0,True,0.03218390804597701,0.9999999999999998,10.215886627524746
89,279928.0,random_sampling,euclidean,uniform,30,95.0,279928.0,True,0.03218390804597701,0.9999999999999999,12.54228770622735
90,41899.0,random_sampling,euclidean,uniform,30,95.0,41899.0,True,0.034482758620689655,1.0,10.643017239276974
91,2858.0,random_sampling,euclidean,uniform,30,95.0,2858.0,True,0.034482758620689655,1.0,7.957877358489813
92,238924.0,random_sampling,euclidean,uniform,30,95.0,238924.0,True,0.034482758620689655,1.0000000000000002,12.383900788711788
93,73648.0,random_sampling,euclidean,uniform,30,95.0,73648.0,True,0.029885057471264367,1.0000000000000002,11.207052266057023
94,18018.0,random_sampling,euclidean,uniform,30,95.0,18018.0,True,0.034482758620689655,1.0000000000000002,9.799126537211386
95,122183.0,random_sampling,euclidean,uniform,30,95.0,122183.0,True,0.034482758620689655,0.9999999999999999,11.71327519983913
96,15767.0,random_sampling,euclidean,uniform,30,95.0,15767.0,True,0.034482758620689655,1.0,9.665674427237482
97,31639.0,random_sampling,euclidean,uniform,30,95.0,31639.0,True,0.029885057471264367,0.9999999999999998,10.362145815819545
98,30601.0,random_sampling,euclidean,uniform,30,95.0,30601.0,True,0.034482758620689655,0.9999999999999998,10.328787967145063
99,115489.0,random_sampling,euclidean,uniform,30,95.0,115489.0,True,0.034482758620689655,1.0000000000000002,11.656930566313312
0,13120.0,random_sampling,euclidean,uniform,30,90.0,13120.0,True,0.034482758620689655,1.0,9.48189306249808
1,20834.0,random_sampling,euclidean,uniform,30,90.0,20834.0,True,0.03218390804597701,0.9999999999999999,9.944341546544393
2,7161.0,random_sampling,euclidean,uniform,30,90.0,7161.0,True,0.034482758620689655,1.0,8.87640491500694
3,106462.0,random_sampling,euclidean,uniform,30,90.0,106462.0,True,0.034482758620689655,1.0,11.575543392948934
4,9064.0,random_sampling,euclidean,uniform,30,90.0,9064.0,True,0.034482758620689655,1.0000000000000002,9.112065802707843
5,22377.0,random_sampling,euclidean,uniform,30,90.0,22377.0,True,0.0367816091954023,1.0000000000000002,10.015788924623273
6,5104.0,random_sampling,euclidean,uniform,30,90.0,5104.0,True,0.029885057471264367,0.9999999999999999,8.537779825024625
7,64989.0,random_sampling,euclidean,uniform,30,90.0,64989.0,True,0.0367816091954023,1.0,11.0819733037874
8,27949.0,random_sampling,euclidean,uniform,30,90.0,27949.0,True,0.034482758620689655,1.0000000000000002,10.238136699767878
9,51268.0,random_sampling,euclidean,uniform,30,90.0,51268.0,True,0.0367816091954023,1.0000000000000002,10.844822054849715
10,108336.0,random_sampling,euclidean,uniform,30,90.0,108336.0,True,0.0367816091954023,1.0,11.592992787725427
11,8182.0,random_sampling,euclidean,uniform,30,90.0,8182.0,True,0.034482758620689655,1.0000000000000002,9.009691898489343
12,453124.0,random_sampling,euclidean,uniform,30,90.0,453124.0,True,0.03908045977011494,1.0000000000000002,13.023921097692089
13,19850.0,random_sampling,euclidean,uniform,30,90.0,19850.0,True,0.03218390804597701,0.9999999999999998,9.895959286115337
14,31988.0,random_sampling,euclidean,uniform,30,90.0,31988.0,True,0.029885057471264367,0.9999999999999998,10.37311611145178
15,133553.0,random_sampling,euclidean,uniform,30,90.0,133553.0,True,0.0367816091954023,1.0,11.802253681782624
16,258689.0,random_sampling,euclidean,uniform,30,90.0,258689.0,True,0.0367816091954023,1.0000000000000002,12.463381846976331
17,31808.0,random_sampling,euclidean,uniform,30,90.0,31808.0,True,0.03218390804597701,1.0000000000000002,10.3674731094563
18,15601.0,random_sampling,euclidean,uniform,30,90.0,15601.0,True,0.029885057471264367,1.0,9.65509029374725
19,27890.0,random_sampling,euclidean,uniform,30,90.0,27890.0,True,0.0367816091954023,1.0000000000000002,10.236023480621535
20,5848.0,random_sampling,euclidean,uniform,30,90.0,5848.0,True,0.0367816091954023,1.0,8.673855001429615
21,99024.0,random_sampling,euclidean,uniform,30,90.0,99024.0,True,0.034482758620689655,0.9999999999999998,11.503117523979142
22,153288.0,random_sampling,euclidean,uniform,30,90.0,153288.0,True,0.03218390804597701,1.0,11.940073783909535
23,64103.0,random_sampling,euclidean,uniform,30,90.0,64103.0,True,0.0367816091954023,0.9999999999999998,11.068246443685663
24,31279.0,random_sampling,euclidean,uniform,30,90.0,31279.0,True,0.034482758620689655,1.0,10.350702224838756
25,6970.0,random_sampling,euclidean,uniform,30,90.0,6970.0,True,0.03218390804597701,1.0,8.84937050375457
26,33108.0,random_sampling,euclidean,uniform,30,90.0,33108.0,True,0.029885057471264367,1.0,10.407530224005287
27,13225.0,random_sampling,euclidean,uniform,30,90.0,13225.0,True,0.029885057471264367,1.0000000000000002,9.4898642567265
28,14474.0,random_sampling,euclidean,uniform,30,90.0,14474.0,True,0.03218390804597701,1.0000000000000002,9.580109215426074
29,12433.0,random_sampling,euclidean,uniform,30,90.0,12433.0,True,0.034482758620689655,1.0000000000000002,9.428109506952937
30,24153.0,random_sampling,euclidean,uniform,30,90.0,24153.0,True,0.034482758620689655,1.0000000000000002,10.09216387496809
31,19393.0,random_sampling,euclidean,uniform,30,90.0,19393.0,True,0.03218390804597701,1.0,9.872667455196241
32,3962.0,random_sampling,euclidean,uniform,30,90.0,3962.0,True,0.034482758620689655,1.0000000000000002,8.284504227258497
33,3996.0,random_sampling,euclidean,uniform,30,90.0,3996.0,True,0.0367816091954023,1.0,8.293049139768444
34,11236.0,random_sampling,euclidean,uniform,30,90.0,11236.0,True,0.034482758620689655,1.0000000000000002,9.326878188224134
35,86475.0,random_sampling,euclidean,uniform,30,90.0,86475.0,True,0.029885057471264367,1.0,11.36761063380537
36,10813.0,random_sampling,euclidean,uniform,30,90.0,10813.0,True,0.034482758620689655,0.9999999999999999,9.288504392945537
37,103119.0,random_sampling,euclidean,uniform,30,90.0,103119.0,True,0.034482758620689655,1.0,11.543638940126172
38,5976.0,random_sampling,euclidean,uniform,30,90.0,5976.0,True,0.034482758620689655,0.9999999999999999,8.695506726812653
39,56556.0,random_sampling,euclidean,uniform,30,90.0,56556.0,True,0.0367816091954023,1.0,10.942986576711732
40,50120.0,random_sampling,euclidean,uniform,30,90.0,50120.0,True,0.034482758620689655,1.0,10.822175409010004
41,73837.0,random_sampling,euclidean,uniform,30,90.0,73837.0,True,0.029885057471264367,1.0,11.20961523996568
42,115987.0,random_sampling,euclidean,uniform,30,90.0,115987.0,True,0.0367816091954023,1.0,11.661233394842789
43,223728.0,random_sampling,euclidean,uniform,30,90.0,223728.0,True,0.0367816091954023,0.9999999999999999,12.318186307280632
44,27322.0,random_sampling,euclidean,uniform,30,90.0,27322.0,True,0.03218390804597701,0.9999999999999999,10.215447517447432
45,13914.0,random_sampling,euclidean,uniform,30,90.0,13914.0,True,0.034482758620689655,1.0000000000000002,9.540650806483587
46,50654.0,random_sampling,euclidean,uniform,30,90.0,50654.0,True,0.0367816091954023,1.0000000000000002,10.832773479905095
47,29521.0,random_sampling,euclidean,uniform,30,90.0,29521.0,True,0.0367816091954023,1.0,10.292857153479407
48,125083.0,random_sampling,euclidean,uniform,30,90.0,125083.0,True,0.034482758620689655,0.9999999999999998,11.736732795933975
49,28976.0,random_sampling,euclidean,uniform,30,90.0,28976.0,True,0.03218390804597701,1.0,10.274223180123194
50,2572.0,random_sampling,euclidean,uniform,30,90.0,2572.0,True,0.034482758620689655,1.0000000000000002,7.85243908535751
51,58884.0,random_sampling,euclidean,uniform,30,90.0,58884.0,True,0.0367816091954023,1.0000000000000002,10.983324685877903
52,179576.0,random_sampling,euclidean,uniform,30,90.0,179576.0,True,0.034482758620689655,1.0,12.09835379563138
53,481497.0,random_sampling,euclidean,uniform,30,90.0,481497.0,True,0.034482758620689655,0.9999999999999999,13.084655279671312
54,12297.0,random_sampling,euclidean,uniform,30,90.0,12297.0,True,0.034482758620689655,1.0,9.417110609172447
55,4684.0,random_sampling,euclidean,uniform,30,90.0,4684.0,True,0.034482758620689655,0.9999999999999998,8.451907724717607
56,30785.0,random_sampling,euclidean,uniform,30,90.0,30785.0,True,0.034482758620689655,1.0,10.33478283734531
57,17891.0,random_sampling,euclidean,uniform,30,90.0,17891.0,True,0.029885057471264367,1.0,9.792053072089823
58,3532.0,random_sampling,euclidean,uniform,30,90.0,3532.0,True,0.0367816091954023,0.9999999999999999,8.16961956172385
59,15440.0,random_sampling,euclidean,uniform,30,90.0,15440.0,True,0.03218390804597701,1.0,9.644716823578767
60,16393.0,random_sampling,euclidean,uniform,30,90.0,16393.0,True,0.034482758620689655,0.9999999999999998,9.704609693426455
61,34142.0,random_sampling,euclidean,uniform,30,90.0,34142.0,True,0.034482758620689655,0.9999999999999998,10.438283576940698
62,27671.0,random_sampling,euclidean,uniform,30,90.0,27671.0,True,0.029885057471264367,1.0,10.228140212351999
63,6155.0,random_sampling,euclidean,uniform,30,90.0,6155.0,True,0.034482758620689655,1.0,8.725020038618554
64,59236.0,random_sampling,euclidean,uniform,30,90.0,59236.0,True,0.03218390804597701,1.0000000000000002,10.989284744157393
65,90699.0,random_sampling,euclidean,uniform,30,90.0,90699.0,True,0.03218390804597701,1.0,11.415301610684125
66,21240.0,random_sampling,euclidean,uniform,30,90.0,21240.0,True,0.03218390804597701,1.0,9.963641475355875
67,6874.0,random_sampling,euclidean,uniform,30,90.0,6874.0,True,0.034482758620689655,1.0000000000000002,8.835501457409778
68,59311.0,random_sampling,euclidean,uniform,30,90.0,59311.0,True,0.034482758620689655,1.0000000000000002,10.990550065253778
69,18869.0,random_sampling,euclidean,uniform,30,90.0,18869.0,True,0.034482758620689655,1.0,9.845275642787714
70,11846.0,random_sampling,euclidean,uniform,30,90.0,11846.0,True,0.03218390804597701,0.9999999999999999,9.37974553683691
71,43168.0,random_sampling,euclidean,uniform,30,90.0,43168.0,True,0.034482758620689655,0.9999999999999998,10.672854759007482
72,6608.0,random_sampling,euclidean,uniform,30,90.0,6608.0,True,0.027586206896551724,1.0,8.796036315200814
73,71605.0,random_sampling,euclidean,uniform,30,90.0,71605.0,True,0.034482758620689655,1.0000000000000002,11.178920182912803
74,14488.0,random_sampling,euclidean,uniform,30,90.0,14488.0,True,0.03218390804597701,1.0,9.58107599956325
75,26710.0,random_sampling,euclidean,uniform,30,90.0,26710.0,True,0.029885057471264367,1.0,10.192793306104006
76,29720.0,random_sampling,euclidean,uniform,30,90.0,29720.0,True,0.029885057471264367,0.9999999999999999,10.299575498831695
77,8753.0,random_sampling,euclidean,uniform,30,90.0,8753.0,True,0.034482758620689655,0.9999999999999999,9.077151777732437
78,5924.0,random_sampling,euclidean,uniform,30,90.0,5924.0,True,0.0367816091954023,1.0000000000000002,8.68676717538769
79,222691.0,random_sampling,euclidean,uniform,30,90.0,222691.0,True,0.0367816091954023,1.0,12.313540439317018
80,29188.0,random_sampling,euclidean,uniform,30,90.0,29188.0,True,0.034482758620689655,1.0000000000000002,10.281512944885511
81,14452.0,random_sampling,euclidean,uniform,30,90.0,14452.0,True,0.034482758620689655,1.0,9.57858809226753
82,7933.0,random_sampling,euclidean,uniform,30,90.0,7933.0,True,0.034482758620689655,1.0,8.978786553302003
83,14402.0,random_sampling,euclidean,uniform,30,90.0,14402.0,True,0.034482758620689655,1.0,9.575122364808813
84,417708.0,random_sampling,euclidean,uniform,30,90.0,417708.0,True,0.0367816091954023,0.9999999999999998,12.942537902803656
85,42413.0,random_sampling,euclidean,uniform,30,90.0,42413.0,True,0.034482758620689655,0.9999999999999997,10.655210198000303
86,21890.0,random_sampling,euclidean,uniform,30,90.0,21890.0,True,0.0367816091954023,1.0,9.993785190516908
87,26783.0,random_sampling,euclidean,uniform,30,90.0,26783.0,True,0.0367816091954023,1.0,10.195522636869386
88,82375.0,random_sampling,euclidean,uniform,30,90.0,82375.0,True,0.03218390804597701,1.0,11.319037271804808
89,487288.0,random_sampling,euclidean,uniform,30,90.0,487288.0,True,0.0367816091954023,1.0,13.096610603041006
90,68247.0,random_sampling,euclidean,uniform,30,90.0,68247.0,True,0.0367816091954023,1.0000000000000002,11.130888756037155
91,12938.0,random_sampling,euclidean,uniform,30,90.0,12938.0,True,0.03218390804597701,1.0,9.46792399660393
92,30247.0,random_sampling,euclidean,uniform,30,90.0,30247.0,True,0.03218390804597701,1.0,10.317152284987246
93,34349.0,random_sampling,euclidean,uniform,30,90.0,34349.0,True,0.034482758620689655,1.0000000000000002,10.444328185145217
94,42424.0,random_sampling,euclidean,uniform,30,90.0,42424.0,True,0.03218390804597701,1.0,10.655469518816966
95,48094.0,random_sampling,euclidean,uniform,30,90.0,48094.0,True,0.03218390804597701,1.0000000000000004,10.780912708188415
96,216402.0,random_sampling,euclidean,uniform,30,90.0,216402.0,True,0.03218390804597701,1.0000000000000002,12.284893068055933
97,30208.0,random_sampling,euclidean,uniform,30,90.0,30208.0,True,0.034482758620689655,1.0,10.315862068945227
98,27199.0,random_sampling,euclidean,uniform,30,90.0,27199.0,True,0.03218390804597701,0.9999999999999999,10.210935486902368
99,206364.0,random_sampling,euclidean,uniform,30,90.0,206364.0,True,0.03218390804597701,1.0000000000000002,12.2373968787722
0,128668.0,random_sampling,euclidean,uniform,30,60.0,128668.0,True,0.02528735632183908,0.9999999999999999,11.764990722419466
1,6246.0,random_sampling,euclidean,uniform,30,60.0,6246.0,True,0.022988505747126436,1.0,8.739696537843024
2,78509.0,random_sampling,euclidean,uniform,30,60.0,78509.0,True,0.027586206896551724,1.0,11.270968546880257
3,54861.0,random_sampling,euclidean,uniform,30,60.0,54861.0,True,0.022988505747126436,1.0,10.912557992542743
4,95506.0,random_sampling,euclidean,uniform,30,60.0,95506.0,True,0.022988505747126436,1.0,11.466944351720405
5,3641.0,random_sampling,euclidean,uniform,30,60.0,3641.0,True,0.02528735632183908,1.0,8.200013648175434
6,11021.0,random_sampling,euclidean,uniform,30,60.0,11021.0,True,0.022988505747126436,1.0000000000000002,9.307557822691543
7,6952.0,random_sampling,euclidean,uniform,30,60.0,6952.0,True,0.02528735632183908,1.0,8.846784666945227
8,45259.0,random_sampling,euclidean,uniform,30,60.0,45259.0,True,0.02528735632183908,1.0,10.720156824378703
9,15674.0,random_sampling,euclidean,uniform,30,60.0,15674.0,True,0.02528735632183908,1.0,9.65975856761281
10,31823.0,random_sampling,euclidean,uniform,30,60.0,31823.0,True,0.02528735632183908,0.9999999999999998,10.367944577774505
11,6508.0,random_sampling,euclidean,uniform,30,60.0,6508.0,True,0.022988505747126436,0.9999999999999998,8.780787468338929
12,49742.0,random_sampling,euclidean,uniform,30,60.0,49742.0,True,0.022988505747126436,0.9999999999999999,10.814604925636285
13,15773.0,random_sampling,euclidean,uniform,30,60.0,15773.0,True,0.027586206896551724,1.0,9.666054896487474
14,12171.0,random_sampling,euclidean,uniform,30,60.0,12171.0,True,0.027586206896551724,1.0000000000000002,9.406811351874557
15,50336.0,random_sampling,euclidean,uniform,30,60.0,50336.0,True,0.02528735632183908,1.0,10.826475805858005
16,4015.0,random_sampling,euclidean,uniform,30,60.0,4015.0,True,0.02528735632183908,0.9999999999999999,8.297792626380861
17,11392.0,random_sampling,euclidean,uniform,30,60.0,11392.0,True,0.027586206896551724,0.9999999999999999,9.340666633651757
18,32016.0,random_sampling,euclidean,uniform,30,60.0,32016.0,True,0.02528735632183908,1.0000000000000002,10.373991056823515
19,16395.0,random_sampling,euclidean,uniform,30,60.0,16395.0,True,0.02528735632183908,0.9999999999999997,9.704731689278749
20,76264.0,random_sampling,euclidean,uniform,30,60.0,76264.0,True,0.020689655172413793,0.9999999999999998,11.241956284173414
21,5980.0,random_sampling,euclidean,uniform,30,60.0,5980.0,True,0.02528735632183908,1.0000000000000002,8.696175846944678
22,26923.0,random_sampling,euclidean,uniform,30,60.0,26923.0,True,0.02528735632183908,1.0,10.200736218857122
23,63485.0,random_sampling,euclidean,uniform,30,60.0,63485.0,True,0.02528735632183908,1.0000000000000002,11.058558936503891
24,60778.0,random_sampling,euclidean,uniform,30,60.0,60778.0,True,0.02528735632183908,1.0,11.014983160368345
25,125970.0,random_sampling,euclidean,uniform,30,60.0,125970.0,True,0.02528735632183908,1.0,11.74379906234635
26,49282.0,random_sampling,euclidean,uniform,30,60.0,49282.0,True,0.02528735632183908,1.0000000000000002,10.80531418179946
27,156653.0,random_sampling,euclidean,uniform,30,60.0,156653.0,True,0.027586206896551724,1.0000000000000002,11.961788447170468
28,55781.0,random_sampling,euclidean,uniform,30,60.0,55781.0,True,0.022988505747126436,0.9999999999999999,10.929188588593389
29,5872.0,random_sampling,euclidean,uniform,30,60.0,5872.0,True,0.022988505747126436,0.9999999999999998,8.677950570294351
30,7204.0,random_sampling,euclidean,uniform,30,60.0,7204.0,True,0.027586206896551724,0.9999999999999998,8.882391706295847
31,7603.0,random_sampling,euclidean,uniform,30,60.0,7603.0,True,0.022988505747126436,1.0,8.936298185228436
32,3339.0,random_sampling,euclidean,uniform,30,60.0,3339.0,True,0.02528735632183908,0.9999999999999999,8.113426639943654
33,21964.0,random_sampling,euclidean,uniform,30,60.0,21964.0,True,0.020689655172413793,1.0000000000000002,9.997160028398763
34,29244.0,random_sampling,euclidean,uniform,30,60.0,29244.0,True,0.022988505747126436,1.0000000000000002,10.283429703413207
35,31015.0,random_sampling,euclidean,uniform,30,60.0,31015.0,True,0.022988505747126436,1.0000000000000002,10.342226237407218
36,24081.0,random_sampling,euclidean,uniform,30,60.0,24081.0,True,0.022988505747126436,0.9999999999999999,10.089178426799686
37,58718.0,random_sampling,euclidean,uniform,30,60.0,58718.0,True,0.02528735632183908,1.0000000000000002,10.98050160276284
38,2042.0,random_sampling,euclidean,uniform,30,60.0,2042.0,True,0.022988505747126436,0.9999999999999999,7.621684998724611
39,3692.0,random_sampling,euclidean,uniform,30,60.0,3692.0,True,0.022988505747126436,1.0000000000000002,8.213923595622743
40,8189.0,random_sampling,euclidean,uniform,30,60.0,8189.0,True,0.02528735632183908,1.0,9.010547069270189
41,5783.0,random_sampling,euclidean,uniform,30,60.0,5783.0,True,0.02528735632183908,1.0000000000000002,8.662677858158219
42,7848.0,random_sampling,euclidean,uniform,30,60.0,7848.0,True,0.022988505747126436,0.9999999999999998,8.9680140012452
43,4012.0,random_sampling,euclidean,uniform,30,60.0,4012.0,True,0.022988505747126436,1.0000000000000002,8.297045149081827
44,12901.0,random_sampling,euclidean,uniform,30,60.0,12901.0,True,0.027586206896551724,1.0,9.465060106725137
45,150133.0,random_sampling,euclidean,uniform,30,60.0,150133.0,True,0.022988505747126436,1.0,11.919276846888375
46,49250.0,random_sampling,euclidean,uniform,30,60.0,49250.0,True,0.02528735632183908,1.0000000000000002,10.804664646600235
47,47240.0,random_sampling,euclidean,uniform,30,60.0,47240.0,True,0.022988505747126436,0.9999999999999999,10.762996270311298
48,636830.0,random_sampling,euclidean,uniform,30,60.0,636830.0,True,0.02528735632183908,1.0000000000000002,13.364258022955408
49,16031.0,random_sampling,euclidean,uniform,30,60.0,16031.0,True,0.02528735632183908,1.0000000000000002,9.682279626689674
50,6159.0,random_sampling,euclidean,uniform,30,60.0,6159.0,True,0.02528735632183908,0.9999999999999999,8.725669705687043
51,42449.0,random_sampling,euclidean,uniform,30,60.0,42449.0,True,0.027586206896551724,1.0,10.65605863433599
52,20341.0,random_sampling,euclidean,uniform,30,60.0,20341.0,True,0.022988505747126436,0.9999999999999998,9.920393832602487
53,100573.0,random_sampling,euclidean,uniform,30,60.0,100573.0,True,0.02528735632183908,1.0000000000000002,11.518639110962797
54,13911.0,random_sampling,euclidean,uniform,30,60.0,13911.0,True,0.029885057471264367,0.9999999999999999,9.54043517305957
55,20193.0,random_sampling,euclidean,uniform,30,60.0,20193.0,True,0.02528735632183908,1.0,9.913091288678823
56,53582.0,random_sampling,euclidean,uniform,30,60.0,53582.0,True,0.029885057471264367,0.9999999999999999,10.888968469762906
57,29760.0,random_sampling,euclidean,uniform,30,60.0,29760.0,True,0.022988505747126436,1.0000000000000002,10.300920488947028
58,6786.0,random_sampling,euclidean,uniform,30,60.0,6786.0,True,0.02528735632183908,1.0,8.822616945344176
59,228232.0,random_sampling,euclidean,uniform,30,60.0,228232.0,True,0.020689655172413793,1.0000000000000002,12.338117934449393
60,9418.0,random_sampling,euclidean,uniform,30,60.0,9418.0,True,0.022988505747126436,1.0000000000000002,9.1503780308035
61,3202.0,random_sampling,euclidean,uniform,30,60.0,3202.0,True,0.02528735632183908,1.0000000000000002,8.07153089355666
62,16850.0,random_sampling,euclidean,uniform,30,60.0,16850.0,True,0.027586206896551724,1.0,9.732105935780508
63,24543.0,random_sampling,euclidean,uniform,30,60.0,24543.0,True,0.022988505747126436,0.9999999999999998,10.108181960181808
64,3166.0,random_sampling,euclidean,uniform,30,60.0,3166.0,True,0.022988505747126436,1.0000000000000002,8.060224240440958
65,13713.0,random_sampling,euclidean,uniform,30,60.0,13713.0,True,0.022988505747126436,1.0000000000000002,9.526099566999854
66,1011.0,random_sampling,euclidean,uniform,30,60.0,1011.0,True,0.02528735632183908,1.0,6.918695219020472
67,25035.0,random_sampling,euclidean,uniform,30,60.0,25035.0,True,0.02528735632183908,0.9999999999999998,10.128030124764045
68,88492.0,random_sampling,euclidean,uniform,30,60.0,88492.0,True,0.022988505747126436,1.0000000000000002,11.390667431429877
69,55107.0,random_sampling,euclidean,uniform,30,60.0,55107.0,True,0.027586206896551724,1.0,10.917032028814173
70,23670.0,random_sampling,euclidean,uniform,30,60.0,23670.0,True,0.02528735632183908,0.9999999999999998,10.071963702508029
71,25050.0,random_sampling,euclidean,uniform,30,60.0,25050.0,True,0.02528735632183908,1.0,10.12862910651301
72,29782.0,random_sampling,euclidean,uniform,30,60.0,29782.0,True,0.02528735632183908,0.9999999999999999,10.30165946315015
73,40950.0,random_sampling,euclidean,uniform,30,60.0,40950.0,True,0.020689655172413793,0.9999999999999999,10.620107089281216
74,126574.0,random_sampling,euclidean,uniform,30,60.0,126574.0,True,0.02528735632183908,1.0,11.748582396352624
75,13337.0,random_sampling,euclidean,uniform,30,60.0,13337.0,True,0.022988505747126436,0.9999999999999999,9.498297406622395
76,237895.0,random_sampling,euclidean,uniform,30,60.0,237895.0,True,0.02528735632183908,0.9999999999999999,12.379584678836052
77,2918.0,random_sampling,euclidean,uniform,30,60.0,2918.0,True,0.02528735632183908,1.0000000000000002,7.978653729082731
78,15739.0,random_sampling,euclidean,uniform,30,60.0,15739.0,True,0.027586206896551724,1.0000000000000004,9.6638969875516
79,40278.0,random_sampling,euclidean,uniform,30,60.0,40278.0,True,0.027586206896551724,1.0,10.603560693166807
80,21222.0,random_sampling,euclidean,uniform,30,60.0,21222.0,True,0.022988505747126436,1.0000000000000002,9.962793658433535
81,8067.0,random_sampling,euclidean,uniform,30,60.0,8067.0,True,0.020689655172413793,0.9999999999999999,8.995536944936974
82,53916.0,random_sampling,euclidean,uniform,30,60.0,53916.0,True,0.02528735632183908,1.0000000000000002,10.89518255885816
83,8039.0,random_sampling,euclidean,uniform,30,60.0,8039.0,True,0.022988505747126436,1.0,8.99205997632796
84,5538.0,random_sampling,euclidean,uniform,30,60.0,5538.0,True,0.022988505747126436,1.0,8.619388703730907
85,43918.0,random_sampling,euclidean,uniform,30,60.0,43918.0,True,0.02528735632183908,1.0,10.690079537805937
86,1147699.0,random_sampling,euclidean,uniform,30,60.0,1147699.0,True,0.022988505747126436,1.0,13.953269626360546
87,57195.0,random_sampling,euclidean,uniform,30,60.0,57195.0,True,0.02528735632183908,1.0000000000000002,10.954221760959774
88,482.0,random_sampling,euclidean,uniform,30,60.0,482.0,True,0.022988505747126436,1.0000000000000002,6.1779441140506
89,130332.0,random_sampling,euclidean,uniform,30,60.0,130332.0,True,0.02528735632183908,1.0,11.777840320068035
90,26110.0,random_sampling,euclidean,uniform,30,60.0,26110.0,True,0.02528735632183908,1.0,10.170073661693175
91,5381.0,random_sampling,euclidean,uniform,30,60.0,5381.0,True,0.022988505747126436,1.0000000000000002,8.59062950948942
92,5197.0,random_sampling,euclidean,uniform,30,60.0,5197.0,True,0.027586206896551724,1.0,8.555836815008442
93,23149.0,random_sampling,euclidean,uniform,30,60.0,23149.0,True,0.027586206896551724,1.0,10.049706862037105
94,13533.0,random_sampling,euclidean,uniform,30,60.0,13533.0,True,0.02528735632183908,1.0,9.512886426076506
95,14152.0,random_sampling,euclidean,uniform,30,60.0,14152.0,True,0.02528735632183908,1.0,9.557611235839621
96,52714.0,random_sampling,euclidean,uniform,30,60.0,52714.0,True,0.02528735632183908,1.0000000000000002,10.872636353898463
97,1304.0,random_sampling,euclidean,uniform,30,60.0,1304.0,True,0.02528735632183908,1.0,7.1731917424865985
98,31095.0,random_sampling,euclidean,uniform,30,60.0,31095.0,True,0.02528735632183908,0.9999999999999999,10.34480231353799
99,14571.0,random_sampling,euclidean,uniform,30,60.0,14571.0,True,0.02528735632183908,1.0,9.586788531013854
0,1823.0,random_sampling,euclidean,uniform,30,30.0,1823.0,True,0.013793103448275862,1.0,7.508238774678663
1,2606.0,random_sampling,euclidean,uniform,30,30.0,2606.0,True,0.013793103448275862,1.0,7.8655717576847906
2,5010.0,random_sampling,euclidean,uniform,30,30.0,5010.0,True,0.013793103448275862,1.0000000000000004,8.51919119407891
3,7196.0,random_sampling,euclidean,uniform,30,30.0,7196.0,True,0.013793103448275862,0.9999999999999999,8.881280595070423
4,1174.0,random_sampling,euclidean,uniform,30,30.0,1174.0,True,0.013793103448275862,0.9999999999999998,7.068172000388042
5,9827.0,random_sampling,euclidean,uniform,30,30.0,9827.0,True,0.016091954022988506,0.9999999999999998,9.192888978362427
6,840.0,random_sampling,euclidean,uniform,30,30.0,840.0,True,0.013793103448275862,1.0,6.733401891837359
7,839.0,random_sampling,euclidean,uniform,30,30.0,839.0,True,0.016091954022988506,1.0000000000000002,6.732210706467206
8,8400.0,random_sampling,euclidean,uniform,30,30.0,8400.0,True,0.016091954022988506,1.0000000000000004,9.035986984831405
9,498.0,random_sampling,euclidean,uniform,30,30.0,498.0,True,0.013793103448275862,0.9999999999999998,6.210600077024653
10,3467.0,random_sampling,euclidean,uniform,30,30.0,3467.0,True,0.016091954022988506,1.0,8.151044945685024
11,464.0,random_sampling,euclidean,uniform,30,30.0,464.0,True,0.013793103448275862,1.0,6.139884552226255
12,4501.0,random_sampling,euclidean,uniform,30,30.0,4501.0,True,0.013793103448275862,0.9999999999999999,8.412054873292933
13,11389.0,random_sampling,euclidean,uniform,30,30.0,11389.0,True,0.011494252873563218,1.0,9.340403256274351
14,9622.0,random_sampling,euclidean,uniform,30,30.0,9622.0,True,0.013793103448275862,0.9999999999999998,9.171807422259398
15,15481.0,random_sampling,euclidean,uniform,30,30.0,15481.0,True,0.013793103448275862,0.9999999999999998,9.647368744540465
16,232.0,random_sampling,euclidean,uniform,30,30.0,232.0,True,0.016091954022988506,1.0000000000000002,5.44673737166631
17,228020.0,random_sampling,euclidean,uniform,30,30.0,228020.0,True,0.013793103448275862,1.0,12.33718862338771
18,235.0,random_sampling,euclidean,uniform,30,30.0,235.0,True,0.013793103448275862,0.9999999999999998,5.459585514144159
19,25073.0,random_sampling,euclidean,uniform,30,30.0,25073.0,True,0.016091954022988506,1.0000000000000002,10.129546848931234
20,391.0,random_sampling,euclidean,uniform,30,30.0,391.0,True,0.013793103448275862,0.9999999999999998,5.968707559985366
21,749.0,random_sampling,euclidean,uniform,30,30.0,749.0,True,0.013793103448275862,0.9999999999999998,6.618738983517219
22,4706.0,random_sampling,euclidean,uniform,30,30.0,4706.0,True,0.016091954022988506,0.9999999999999999,8.456593569287309
23,14123.0,random_sampling,euclidean,uniform,30,30.0,14123.0,True,0.013793103448275862,1.0000000000000002,9.555559953069064
24,9593.0,random_sampling,euclidean,uniform,30,30.0,9593.0,True,0.011494252873563218,0.9999999999999999,9.168788944817948
25,2966.0,random_sampling,euclidean,uniform,30,30.0,2966.0,True,0.016091954022988506,1.0,7.994969522697877
26,416.0,random_sampling,euclidean,uniform,30,30.0,416.0,True,0.013793103448275862,1.0000000000000002,6.030685260261263
27,23512.0,random_sampling,euclidean,uniform,30,30.0,23512.0,True,0.016091954022988506,1.0000000000000002,10.065266208098754
28,37909.0,random_sampling,euclidean,uniform,30,30.0,37909.0,True,0.013793103448275862,1.0000000000000002,10.542943829898158
29,1236.0,random_sampling,euclidean,uniform,30,30.0,1236.0,True,0.016091954022988506,1.0,7.119635638017636
30,3412.0,random_sampling,euclidean,uniform,30,30.0,3412.0,True,0.016091954022988506,0.9999999999999999,8.13505390861157
31,129.0,random_sampling,euclidean,uniform,30,30.0,129.0,True,0.016091954022988506,1.0000000000000002,4.859812404361672
32,44467.0,random_sampling,euclidean,uniform,30,30.0,44467.0,True,0.016091954022988506,1.0,10.702502620019327
33,1703.0,random_sampling,euclidean,uniform,30,30.0,1703.0,True,0.013793103448275862,0.9999999999999999,7.440146680662688
34,436.0,random_sampling,euclidean,uniform,30,30.0,436.0,True,0.013793103448275862,0.9999999999999998,6.077642243349034
35,1002.0,random_sampling,euclidean,uniform,30,30.0,1002.0,True,0.016091954022988506,1.0000000000000002,6.90975328164481
36,195363.0,random_sampling,euclidean,uniform,30,30.0,195363.0,True,0.016091954022988506,0.9999999999999998,12.18261464549198
37,2318.0,random_sampling,euclidean,uniform,30,30.0,2318.0,True,0.013793103448275862,1.0000000000000002,7.748460023899697
38,3002.0,random_sampling,euclidean,uniform,30,30.0,3002.0,True,0.016091954022988506,1.0,8.007034012193408
39,14811.0,random_sampling,euclidean,uniform,30,30.0,14811.0,True,0.013793103448275862,1.0000000000000002,9.603125426926972
40,499.0,random_sampling,euclidean,uniform,30,30.0,499.0,True,0.016091954022988506,1.0000000000000004,6.212606095751519
41,5074.0,random_sampling,euclidean,uniform,30,30.0,5074.0,True,0.013793103448275862,0.9999999999999998,8.531884740159228
42,387.0,random_sampling,euclidean,uniform,30,30.0,387.0,True,0.016091954022988506,1.0000000000000002,5.958424693029782
43,1452.0,random_sampling,euclidean,uniform,30,30.0,1452.0,True,0.011494252873563218,1.0000000000000002,7.280697195384741
44,4070.0,random_sampling,euclidean,uniform,30,30.0,4070.0,True,0.016091954022988506,1.0,8.311398278436641
45,80914.0,random_sampling,euclidean,uniform,30,30.0,80914.0,True,0.013793103448275862,0.9999999999999998,11.301142141226654
46,3736.0,random_sampling,euclidean,uniform,30,30.0,3736.0,True,0.013793103448275862,1.0,8.225770799348734
47,1907.0,random_sampling,euclidean,uniform,30,30.0,1907.0,True,0.01839080459770115,1.0000000000000002,7.553286605600419
48,3050.0,random_sampling,euclidean,uniform,30,30.0,3050.0,True,0.013793103448275862,1.0,8.022896869601457
49,15044.0,random_sampling,euclidean,uniform,30,30.0,15044.0,True,0.01839080459770115,0.9999999999999999,9.618734519590227
50,2280.0,random_sampling,euclidean,uniform,30,30.0,2280.0,True,0.013793103448275862,1.0,7.731930721948486
51,14794.0,random_sampling,euclidean,uniform,30,30.0,14794.0,True,0.011494252873563218,0.9999999999999999,9.601976972147813
52,1151.0,random_sampling,euclidean,uniform,30,30.0,1151.0,True,0.013793103448275862,0.9999999999999999,7.048386408721883
53,529762.0,random_sampling,euclidean,uniform,30,30.0,529762.0,True,0.013793103448275862,0.9999999999999998,13.18018312806842
54,984.0,random_sampling,euclidean,uniform,30,30.0,984.0,True,0.013793103448275862,1.0000000000000002,6.891625897052253
55,20586.0,random_sampling,euclidean,uniform,30,30.0,20586.0,True,0.016091954022988506,1.0,9.932366512086505
56,675.0,random_sampling,euclidean,uniform,30,30.0,675.0,True,0.013793103448275862,1.0000000000000002,6.51471269087253
57,22884.0,random_sampling,euclidean,uniform,30,30.0,22884.0,True,0.016091954022988506,0.9999999999999999,10.03819325538842
58,777.0,random_sampling,euclidean,uniform,30,30.0,777.0,True,0.016091954022988506,0.9999999999999998,6.655440350367647
59,219.0,random_sampling,euclidean,uniform,30,30.0,219.0,True,0.013793103448275862,1.0000000000000002,5.389071729816501
60,5300.0,random_sampling,euclidean,uniform,30,30.0,5300.0,True,0.013793103448275862,1.0000000000000002,8.575462099540212
61,3725.0,random_sampling,euclidean,uniform,30,30.0,3725.0,True,0.016091954022988506,1.0,8.22282213081366
62,2138.0,random_sampling,euclidean,uniform,30,30.0,2138.0,True,0.016091954022988506,0.9999999999999998,7.6676260915849905
63,474.0,random_sampling,euclidean,uniform,30,30.0,474.0,True,0.016091954022988506,1.0000000000000002,6.161207321695077
64,1773.0,random_sampling,euclidean,uniform,30,30.0,1773.0,True,0.016091954022988506,1.0,7.480428306074208
65,33065.0,random_sampling,euclidean,uniform,30,30.0,33065.0,True,0.013793103448275862,1.0,10.406230600108763
66,1980.0,random_sampling,euclidean,uniform,30,30.0,1980.0,True,0.013793103448275862,0.9999999999999998,7.590852123688581
67,477.0,random_sampling,euclidean,uniform,30,30.0,477.0,True,0.013793103448275862,1.0000000000000004,6.1675164908883415
68,21286.0,random_sampling,euclidean,uniform,30,30.0,21286.0,True,0.016091954022988506,0.9999999999999998,9.96580485860099
69,1231.0,random_sampling,euclidean,uniform,30,30.0,1231.0,True,0.013793103448275862,1.0000000000000002,7.115582126184454
70,766.0,random_sampling,euclidean,uniform,30,30.0,766.0,True,0.013793103448275862,1.0000000000000002,6.641182169740591
71,404.0,random_sampling,euclidean,uniform,30,30.0,404.0,True,0.016091954022988506,0.9999999999999998,6.0014148779611505
72,457.0,random_sampling,euclidean,uniform,30,30.0,457.0,True,0.013793103448275862,0.9999999999999999,6.124683390894205
73,101562.0,random_sampling,euclidean,uniform,30,30.0,101562.0,True,0.016091954022988506,0.9999999999999999,11.528424728417152
74,2918.0,random_sampling,euclidean,uniform,30,30.0,2918.0,True,0.016091954022988506,0.9999999999999999,7.978653729082731
75,1619.0,random_sampling,euclidean,uniform,30,30.0,1619.0,True,0.011494252873563218,1.0,7.389563953677635
76,1577.0,random_sampling,euclidean,uniform,30,30.0,1577.0,True,0.016091954022988506,1.0000000000000002,7.3632795869630385
77,247.0,random_sampling,euclidean,uniform,30,30.0,247.0,True,0.016091954022988506,1.0,5.5093883366279774
78,2169.0,random_sampling,euclidean,uniform,30,30.0,2169.0,True,0.013793103448275862,1.0000000000000004,7.682021510826875
79,906.0,random_sampling,euclidean,uniform,30,30.0,906.0,True,0.013793103448275862,0.9999999999999999,6.80903930604298
80,3780.0,random_sampling,euclidean,uniform,30,30.0,3780.0,True,0.01839080459770115,0.9999999999999998,8.237479288613633
81,648.0,random_sampling,euclidean,uniform,30,30.0,648.0,True,0.013793103448275862,1.0,6.473890696352274
82,867.0,random_sampling,euclidean,uniform,30,30.0,867.0,True,0.013793103448275862,1.0000000000000002,6.7650389767805414
83,7865.0,random_sampling,euclidean,uniform,30,30.0,7865.0,True,0.013793103448275862,0.9999999999999997,8.970177815492379
84,3215.0,random_sampling,euclidean,uniform,30,30.0,3215.0,True,0.013793103448275862,0.9999999999999999,8.07558263667172
85,20010.0,random_sampling,euclidean,uniform,30,30.0,20010.0,True,0.013793103448275862,1.0000000000000002,9.903987427577778
86,3301.0,random_sampling,euclidean,uniform,30,30.0,3301.0,True,0.013793103448275862,1.0,8.101980731853192
87,14017.0,random_sampling,euclidean,uniform,30,30.0,14017.0,True,0.013793103448275862,1.0,9.548026157663058
88,783.0,random_sampling,euclidean,uniform,30,30.0,783.0,True,0.013793103448275862,1.0,6.663132695990803
89,780.0,random_sampling,euclidean,uniform,30,30.0,780.0,True,0.013793103448275862,1.0000000000000004,6.659293919683638
90,2892.0,random_sampling,euclidean,uniform,30,30.0,2892.0,True,0.013793103448275862,1.0000000000000002,7.969703583278656
91,1821.0,random_sampling,euclidean,uniform,30,30.0,1821.0,True,0.013793103448275862,1.0,7.507141079727608
92,165467.0,random_sampling,euclidean,uniform,30,30.0,165467.0,True,0.013793103448275862,0.9999999999999998,12.016527058146883
93,1248.0,random_sampling,euclidean,uniform,30,30.0,1248.0,True,0.013793103448275862,1.0000000000000002,7.129297548929373
94,155054.0,random_sampling,euclidean,uniform,30,30.0,155054.0,True,0.013793103448275862,1.0,11.951528722325465
95,1709.0,random_sampling,euclidean,uniform,30,30.0,1709.0,True,0.016091954022988506,0.9999999999999998,7.443663683115591
96,30216.0,random_sampling,euclidean,uniform,30,30.0,30216.0,True,0.016091954022988506,1.0,10.316126864392293
97,3864.0,random_sampling,euclidean,uniform,30,30.0,3864.0,True,0.013793103448275862,1.0000000000000002,8.259458195332408
98,9137.0,random_sampling,euclidean,uniform,30,30.0,9137.0,True,0.013793103448275862,1.0000000000000002,9.120087382998621
99,97538.0,random_sampling,euclidean,uniform,30,30.0,97538.0,True,0.013793103448275862,1.0,11.487997324645377
0,268.0,random_sampling,euclidean,uniform,20,60.0,268.0,True,0.05263157894736842,0.9999999999999998,5.5909869805108565
1,249.0,random_sampling,euclidean,uniform,20,60.0,249.0,True,0.05263157894736842,1.0000000000000002,5.517452896464707
2,415.0,random_sampling,euclidean,uniform,20,60.0,415.0,True,0.04736842105263158,1.0,6.028278520230698
3,289.0,random_sampling,euclidean,uniform,20,60.0,289.0,True,0.03684210526315789,1.0,5.666426688112432
4,1431.0,random_sampling,euclidean,uniform,20,60.0,1431.0,True,0.05263157894736842,0.9999999999999998,7.266128779556451
5,746.0,random_sampling,euclidean,uniform,20,60.0,746.0,True,0.05263157894736842,1.0,6.61472560020376
6,489.0,random_sampling,euclidean,uniform,20,60.0,489.0,True,0.05263157894736842,0.9999999999999998,6.192362489474872
7,371.0,random_sampling,euclidean,uniform,20,60.0,371.0,True,0.06315789473684211,1.0,5.916202062607435
8,412.0,random_sampling,euclidean,uniform,20,60.0,412.0,True,0.04736842105263158,1.0,6.021023349349527
9,272.0,random_sampling,euclidean,uniform,20,60.0,272.0,True,0.04736842105263158,1.0,5.605802066295998
10,902.0,random_sampling,euclidean,uniform,20,60.0,902.0,True,0.05263157894736842,0.9999999999999998,6.804614520062624
11,679.0,random_sampling,euclidean,uniform,20,60.0,679.0,True,0.04736842105263158,1.0,6.520621127558696
12,565.0,random_sampling,euclidean,uniform,20,60.0,565.0,True,0.05263157894736842,1.0000000000000002,6.336825731146441
13,928.0,random_sampling,euclidean,uniform,20,60.0,928.0,True,0.05789473684210526,1.0,6.833031732786201
14,436.0,random_sampling,euclidean,uniform,20,60.0,436.0,True,0.04736842105263158,0.9999999999999998,6.077642243349034
15,2133.0,random_sampling,euclidean,uniform,20,60.0,2133.0,True,0.04736842105263158,1.0,7.665284718471351
16,232.0,random_sampling,euclidean,uniform,20,60.0,232.0,True,0.04736842105263158,1.0,5.44673737166631
17,471.0,random_sampling,euclidean,uniform,20,60.0,471.0,True,0.04736842105263158,1.0,6.154858094016418
18,853.0,random_sampling,euclidean,uniform,20,60.0,853.0,True,0.05263157894736842,1.0,6.748759547491679
19,1048.0,random_sampling,euclidean,uniform,20,60.0,1048.0,True,0.04736842105263158,0.9999999999999998,6.954638864880987
20,220.0,random_sampling,euclidean,uniform,20,60.0,220.0,True,0.04736842105263158,1.0,5.393627546352362
21,1054.0,random_sampling,euclidean,uniform,20,60.0,1054.0,True,0.05789473684210526,1.0000000000000004,6.960347729101308
22,909.0,random_sampling,euclidean,uniform,20,60.0,909.0,True,0.04736842105263158,1.0000000000000002,6.812345094177479
23,711.0,random_sampling,euclidean,uniform,20,60.0,711.0,True,0.04736842105263158,1.0,6.566672429803241
24,1095.0,random_sampling,euclidean,uniform,20,60.0,1095.0,True,0.04736842105263158,1.0,6.9985096422506015
25,1072.0,random_sampling,euclidean,uniform,20,60.0,1072.0,True,0.05263157894736842,1.0,6.977281341630747
26,696.0,random_sampling,euclidean,uniform,20,60.0,696.0,True,0.04736842105263158,1.0,6.54534966033442
27,1405.0,random_sampling,euclidean,uniform,20,60.0,1405.0,True,0.05263157894736842,0.9999999999999998,7.247792581767846
28,1340.0,random_sampling,euclidean,uniform,20,60.0,1340.0,True,0.04736842105263158,0.9999999999999998,7.200424892944957
29,557.0,random_sampling,euclidean,uniform,20,60.0,557.0,True,0.05263157894736842,1.0,6.322565239927284
30,4232.0,random_sampling,euclidean,uniform,20,60.0,4232.0,True,0.05263157894736842,1.0,8.350429973538136
31,1046.0,random_sampling,euclidean,uniform,20,60.0,1046.0,True,0.05263157894736842,1.0,6.952728644624869
32,1015.0,random_sampling,euclidean,uniform,20,60.0,1015.0,True,0.04736842105263158,1.0,6.922643891475888
33,2343.0,random_sampling,euclidean,uniform,20,60.0,2343.0,True,0.05263157894736842,0.9999999999999998,7.759187438507795
34,723.0,random_sampling,euclidean,uniform,20,60.0,723.0,True,0.05789473684210526,1.0,6.583409222158765
35,1713.0,random_sampling,euclidean,uniform,20,60.0,1713.0,True,0.04736842105263158,1.0,7.44600149832412
36,487.0,random_sampling,euclidean,uniform,20,60.0,487.0,True,0.042105263157894736,1.0,6.18826412308259
37,2640.0,random_sampling,euclidean,uniform,20,60.0,2640.0,True,0.04736842105263158,1.0,7.878534196140362
38,243.0,random_sampling,euclidean,uniform,20,60.0,243.0,True,0.05263157894736842,1.0000000000000004,5.493061443340548
39,634.0,random_sampling,euclidean,uniform,20,60.0,634.0,True,0.05263157894736842,1.0,6.452048954437226
40,679.0,random_sampling,euclidean,uniform,20,60.0,679.0,True,0.04736842105263158,1.0,6.520621127558696
41,805.0,random_sampling,euclidean,uniform,20,60.0,805.0,True,0.05263157894736842,1.0000000000000002,6.690842277418564
42,239.0,random_sampling,euclidean,uniform,20,60.0,239.0,True,0.05263157894736842,1.0000000000000004,5.476463551931511
43,366.0,random_sampling,euclidean,uniform,20,60.0,366.0,True,0.05263157894736842,1.0000000000000002,5.902633333401366
44,357.0,random_sampling,euclidean,uniform,20,60.0,357.0,True,0.04736842105263158,1.0,5.877735781779639
45,887.0,random_sampling,euclidean,uniform,20,60.0,887.0,True,0.05263157894736842,0.9999999999999998,6.787844982309579
46,973.0,random_sampling,euclidean,uniform,20,60.0,973.0,True,0.05263157894736842,1.0000000000000004,6.880384082186005
47,420.0,random_sampling,euclidean,uniform,20,60.0,420.0,True,0.04736842105263158,1.0000000000000002,6.040254711277414
48,118.0,random_sampling,euclidean,uniform,20,60.0,118.0,True,0.04736842105263158,1.0,4.770684624465665
49,248.0,random_sampling,euclidean,uniform,20,60.0,248.0,True,0.042105263157894736,1.0,5.5134287461649825
50,608.0,random_sampling,euclidean,uniform,20,60.0,608.0,True,0.05789473684210526,0.9999999999999998,6.410174881966167
51,1164.0,random_sampling,euclidean,uniform,20,60.0,1164.0,True,0.05263157894736842,1.0,7.059617628291383
52,912.0,random_sampling,euclidean,uniform,20,60.0,912.0,True,0.06315789473684211,1.0,6.815639990074331
53,1840.0,random_sampling,euclidean,uniform,20,60.0,1840.0,True,0.04736842105263158,1.0,7.517520850603031
54,210.0,random_sampling,euclidean,uniform,20,60.0,210.0,True,0.05263157894736842,1.0,5.3471075307174685
55,3801.0,random_sampling,euclidean,uniform,20,60.0,3801.0,True,0.05263157894736842,1.0,8.24301946898925
56,206.0,random_sampling,euclidean,uniform,20,60.0,206.0,True,0.05789473684210526,1.0,5.327876168789581
57,257.0,random_sampling,euclidean,uniform,20,60.0,257.0,True,0.05263157894736842,1.0,5.54907608489522
58,2964.0,random_sampling,euclidean,uniform,20,60.0,2964.0,True,0.05263157894736842,1.0,7.994294986415977
59,892.0,random_sampling,euclidean,uniform,20,60.0,892.0,True,0.04736842105263158,1.0,6.79346613258001
60,841.0,random_sampling,euclidean,uniform,20,60.0,841.0,True,0.05263157894736842,1.0,6.734591659972948
61,123.0,random_sampling,euclidean,uniform,20,60.0,123.0,True,0.05263157894736842,1.0,4.812184355372417
62,647.0,random_sampling,euclidean,uniform,20,60.0,647.0,True,0.04736842105263158,1.0,6.472346294500901
63,59.0,random_sampling,euclidean,uniform,20,60.0,59.0,True,0.05789473684210526,1.0000000000000002,4.07753744390572
64,353.0,random_sampling,euclidean,uniform,20,60.0,353.0,True,0.04736842105263158,1.0,5.8664680569332965
65,3062.0,random_sampling,euclidean,uniform,20,60.0,3062.0,True,0.04736842105263158,1.0,8.026823576217629
66,472.0,random_sampling,euclidean,uniform,20,60.0,472.0,True,0.05263157894736842,1.0,6.156978985585555
67,545.0,random_sampling,euclidean,uniform,20,60.0,545.0,True,0.05263157894736842,1.0,6.300785794663244
68,1161.0,random_sampling,euclidean,uniform,20,60.0,1161.0,True,0.05789473684210526,1.0,7.057036981697891
69,1033.0,random_sampling,euclidean,uniform,20,60.0,1033.0,True,0.05789473684210526,1.0000000000000002,6.940222469119639
70,896.0,random_sampling,euclidean,uniform,20,60.0,896.0,True,0.04736842105263158,1.0,6.79794041297493
71,1130.0,random_sampling,euclidean,uniform,20,60.0,1130.0,True,0.05263157894736842,1.0,7.029972911706386
72,403.0,random_sampling,euclidean,uniform,20,60.0,403.0,True,0.05263157894736842,1.0,5.998936561946683
73,946.0,random_sampling,euclidean,uniform,20,60.0,946.0,True,0.05263157894736842,1.0,6.852242569051878
74,795.0,random_sampling,euclidean,uniform,20,60.0,795.0,True,0.05789473684210526,1.0,6.678342114654332
75,538.0,random_sampling,euclidean,uniform,20,60.0,538.0,True,0.05789473684210526,1.0000000000000002,6.2878585601617845
76,1898.0,random_sampling,euclidean,uniform,20,60.0,1898.0,True,0.04736842105263158,1.0000000000000002,7.5485559791698735
77,1410.0,random_sampling,euclidean,uniform,20,60.0,1410.0,True,0.05263157894736842,0.9999999999999998,7.251344983372214
78,498.0,random_sampling,euclidean,uniform,20,60.0,498.0,True,0.05789473684210526,1.0,6.210600077024653
79,206.0,random_sampling,euclidean,uniform,20,60.0,206.0,True,0.04736842105263158,1.0,5.327876168789581
80,865.0,random_sampling,euclidean,uniform,20,60.0,865.0,True,0.05263157894736842,0.9999999999999998,6.762729506931879
81,1624.0,random_sampling,euclidean,uniform,20,60.0,1624.0,True,0.05263157894736842,1.0000000000000002,7.392647520721623
82,3862.0,random_sampling,euclidean,uniform,20,60.0,3862.0,True,0.05263157894736842,0.9999999999999997,8.258940462988459
83,257.0,random_sampling,euclidean,uniform,20,60.0,257.0,True,0.04736842105263158,1.0,5.54907608489522
84,4709.0,random_sampling,euclidean,uniform,20,60.0,4709.0,True,0.05789473684210526,0.9999999999999998,8.457230850243555
85,11174.0,random_sampling,euclidean,uniform,20,60.0,11174.0,True,0.05263157894736842,1.0,9.321344930019094
86,384.0,random_sampling,euclidean,uniform,20,60.0,384.0,True,0.05789473684210526,0.9999999999999998,5.950642552587727
87,506.0,random_sampling,euclidean,uniform,20,60.0,506.0,True,0.05789473684210526,1.0,6.226536669287466
88,1676.0,random_sampling,euclidean,uniform,20,60.0,1676.0,True,0.04736842105263158,1.0,7.424165281042028
89,280.0,random_sampling,euclidean,uniform,20,60.0,280.0,True,0.042105263157894736,1.0,5.634789603169249
90,1552.0,random_sampling,euclidean,uniform,20,60.0,1552.0,True,0.04736842105263158,1.0000000000000002,7.347299700743164
91,510.0,random_sampling,euclidean,uniform,20,60.0,510.0,True,0.05789473684210526,1.0,6.234410725718371
92,4113.0,random_sampling,euclidean,uniform,20,60.0,4113.0,True,0.04736842105263158,1.0,8.321907968230423
93,705.0,random_sampling,euclidean,uniform,20,60.0,705.0,True,0.05789473684210526,1.0000000000000002,6.558197802812269
94,434.0,random_sampling,euclidean,uniform,20,60.0,434.0,True,0.05789473684210526,1.0,6.073044534100405
95,2905.0,random_sampling,euclidean,uniform,20,60.0,2905.0,True,0.05263157894736842,1.0000000000000002,7.974188669286011
96,914.0,random_sampling,euclidean,uniform,20,60.0,914.0,True,0.05263157894736842,1.0,6.81783057145415
97,1646.0,random_sampling,euclidean,uniform,20,60.0,1646.0,True,0.05789473684210526,1.0000000000000002,7.406103381237015
98,464.0,random_sampling,euclidean,uniform,20,60.0,464.0,True,0.05263157894736842,1.0,6.139884552226255
99,815.0,random_sampling,euclidean,uniform,20,60.0,815.0,True,0.06842105263157895,0.9999999999999998,6.703188113240863
0,14139.0,random_sampling,euclidean,uniform,30,85.0,14139.0,True,0.03218390804597701,1.0000000000000002,9.556692215591841
1,63871.0,random_sampling,euclidean,uniform,30,85.0,63871.0,True,0.027586206896551724,0.9999999999999999,11.06462070323595
2,100321.0,random_sampling,euclidean,uniform,30,85.0,100321.0,True,0.03218390804597701,0.9999999999999999,11.516130323919139
3,29838.0,random_sampling,euclidean,uniform,30,85.0,29838.0,True,0.029885057471264367,1.0,10.303538027942794
4,29981.0,random_sampling,euclidean,uniform,30,85.0,29981.0,True,0.029885057471264367,1.0,10.308319126670684
5,6665.0,random_sampling,euclidean,uniform,30,85.0,6665.0,True,0.03218390804597701,1.0000000000000002,8.804625232612809
6,9632.0,random_sampling,euclidean,uniform,30,85.0,9632.0,True,0.034482758620689655,0.9999999999999998,9.172846167548602
7,31164.0,random_sampling,euclidean,uniform,30,85.0,31164.0,True,0.03218390804597701,1.0000000000000002,10.34701886145075
8,9193.0,random_sampling,euclidean,uniform,30,85.0,9193.0,True,0.029885057471264367,1.0000000000000002,9.126197603863755
9,29222.0,random_sampling,euclidean,uniform,30,85.0,29222.0,True,0.0367816091954023,1.0,10.28267712923203
10,81108.0,random_sampling,euclidean,uniform,30,85.0,81108.0,True,0.03218390804597701,0.9999999999999998,11.303536878888355
11,45811.0,random_sampling,euclidean,uniform,30,85.0,45811.0,True,0.034482758620689655,1.0,10.732279515937446
12,58393.0,random_sampling,euclidean,uniform,30,85.0,58393.0,True,0.0367816091954023,1.0,10.974951298618475
13,22099.0,random_sampling,euclidean,uniform,30,85.0,22099.0,True,0.0367816091954023,1.0000000000000002,10.003287637613305
14,9645.0,random_sampling,euclidean,uniform,30,85.0,9645.0,True,0.029885057471264367,1.0000000000000002,9.17419492533983
15,11535.0,random_sampling,euclidean,uniform,30,85.0,11535.0,True,0.029885057471264367,1.0,9.353141170607854
16,3300.0,random_sampling,euclidean,uniform,30,85.0,3300.0,True,0.034482758620689655,1.0000000000000002,8.101677747454572
17,7980.0,random_sampling,euclidean,uniform,30,85.0,7980.0,True,0.027586206896551724,1.0000000000000002,8.984693690443855
18,31289.0,random_sampling,euclidean,uniform,30,85.0,31289.0,True,0.029885057471264367,1.0,10.351021877059864
19,14107.0,random_sampling,euclidean,uniform,30,85.0,14107.0,True,0.029885057471264367,1.0000000000000002,9.554426407074502
20,35057.0,random_sampling,euclidean,uniform,30,85.0,35057.0,True,0.029885057471264367,1.0000000000000002,10.464730587215707
21,31081.0,random_sampling,euclidean,uniform,30,85.0,31081.0,True,0.034482758620689655,1.0,10.344351978996153
22,5993.0,random_sampling,euclidean,uniform,30,85.0,5993.0,True,0.03218390804597701,0.9999999999999998,8.698347400458186
23,25988.0,random_sampling,euclidean,uniform,30,85.0,25988.0,True,0.027586206896551724,1.0,10.165390172000421
24,15327.0,random_sampling,euclidean,uniform,30,85.0,15327.0,True,0.03218390804597701,1.0,9.637371257998907
25,15259.0,random_sampling,euclidean,uniform,30,85.0,15259.0,True,0.027586206896551724,0.9999999999999999,9.632924771891735
26,3744.0,random_sampling,euclidean,uniform,30,85.0,3744.0,True,0.029885057471264367,1.0000000000000002,8.227909837597483
27,5885.0,random_sampling,euclidean,uniform,30,85.0,5885.0,True,0.03218390804597701,0.9999999999999999,8.680162019694377
28,87273.0,random_sampling,euclidean,uniform,30,85.0,87273.0,True,0.029885057471264367,1.0,11.376796415640765
29,14610.0,random_sampling,euclidean,uniform,30,85.0,14610.0,True,0.03218390804597701,1.0000000000000002,9.589461504744746
30,59658.0,random_sampling,euclidean,uniform,30,85.0,59658.0,True,0.03218390804597701,1.0,10.996383534208128
31,16326.0,random_sampling,euclidean,uniform,30,85.0,16326.0,True,0.03218390804597701,0.9999999999999999,9.7005142080113
32,29985.0,random_sampling,euclidean,uniform,30,85.0,29985.0,True,0.0367816091954023,1.0000000000000002,10.30845253560261
33,53356.0,random_sampling,euclidean,uniform,30,85.0,53356.0,True,0.029885057471264367,1.0000000000000002,10.884741715260935
34,7680.0,random_sampling,euclidean,uniform,30,85.0,7680.0,True,0.02528735632183908,0.9999999999999999,8.946374826141717
35,13123.0,random_sampling,euclidean,uniform,30,85.0,13123.0,True,0.027586206896551724,1.0000000000000002,9.482121694896287
36,7716.0,random_sampling,euclidean,uniform,30,85.0,7716.0,True,0.029885057471264367,0.9999999999999998,8.951051374025619
37,45724.0,random_sampling,euclidean,uniform,30,85.0,45724.0,True,0.03218390804597701,0.9999999999999998,10.730378603145668
38,172298.0,random_sampling,euclidean,uniform,30,85.0,172298.0,True,0.03218390804597701,1.0000000000000002,12.056980814787595
39,8042.0,random_sampling,euclidean,uniform,30,85.0,8042.0,True,0.029885057471264367,1.0,8.992433087457218
40,17881.0,random_sampling,euclidean,uniform,30,85.0,17881.0,True,0.03218390804597701,1.0000000000000002,9.791493975575204
41,79600.0,random_sampling,euclidean,uniform,30,85.0,79600.0,True,0.029885057471264367,1.0000000000000002,11.284769371832475
42,32450.0,random_sampling,euclidean,uniform,30,85.0,32450.0,True,0.029885057471264367,0.9999999999999999,10.387455722132236
43,29929.0,random_sampling,euclidean,uniform,30,85.0,29929.0,True,0.03218390804597701,0.9999999999999999,10.306583188995559
44,32480.0,random_sampling,euclidean,uniform,30,85.0,32480.0,True,0.027586206896551724,1.0000000000000002,10.388379794275615
45,24738.0,random_sampling,euclidean,uniform,30,85.0,24738.0,True,0.029885057471264367,1.0,10.116095801934955
46,4781.0,random_sampling,euclidean,uniform,30,85.0,4781.0,True,0.03218390804597701,1.0,8.472405008626103
47,12351.0,random_sampling,euclidean,uniform,30,85.0,12351.0,True,0.03218390804597701,0.9999999999999999,9.421492310438014
48,61131.0,random_sampling,euclidean,uniform,30,85.0,61131.0,True,0.029885057471264367,1.0,11.020774381469046
49,15000.0,random_sampling,euclidean,uniform,30,85.0,15000.0,True,0.027586206896551724,1.0000000000000002,9.615805480084347
50,42741.0,random_sampling,euclidean,uniform,30,85.0,42741.0,True,0.029885057471264367,1.0,10.662913925885341
51,8605.0,random_sampling,euclidean,uniform,30,85.0,8605.0,True,0.029885057471264367,0.9999999999999999,9.06009870864564
52,32709.0,random_sampling,euclidean,uniform,30,85.0,32709.0,True,0.03218390804597701,1.0000000000000002,10.395405548374491
53,25812.0,random_sampling,euclidean,uniform,30,85.0,25812.0,True,0.029885057471264367,1.0,10.158594779055731
54,16190.0,random_sampling,euclidean,uniform,30,85.0,16190.0,True,0.029885057471264367,1.0000000000000002,9.69214904667168
55,23582.0,random_sampling,euclidean,uniform,30,85.0,23582.0,True,0.029885057471264367,1.0000000000000002,10.068238988136619
56,7338.0,random_sampling,euclidean,uniform,30,85.0,7338.0,True,0.03218390804597701,1.0,8.900821604915228
57,26880.0,random_sampling,euclidean,uniform,30,85.0,26880.0,True,0.029885057471264367,1.0000000000000002,10.199137794637085
58,23269.0,random_sampling,euclidean,uniform,30,85.0,23269.0,True,0.027586206896551724,1.0,10.054877281586947
59,30551.0,random_sampling,euclidean,uniform,30,85.0,30551.0,True,0.034482758620689655,0.9999999999999998,10.327152697288243
60,256639.0,random_sampling,euclidean,uniform,30,85.0,256639.0,True,0.03218390804597701,1.0000000000000002,12.455425707143966
61,29534.0,random_sampling,euclidean,uniform,30,85.0,29534.0,True,0.034482758620689655,1.0000000000000002,10.293297421033719
62,4034.0,random_sampling,euclidean,uniform,30,85.0,4034.0,True,0.03218390804597701,0.9999999999999998,8.302513718514158
63,6567.0,random_sampling,euclidean,uniform,30,85.0,6567.0,True,0.027586206896551724,1.0,8.789812386190972
64,14471.0,random_sampling,euclidean,uniform,30,85.0,14471.0,True,0.029885057471264367,1.0,9.579901925737992
65,47642.0,random_sampling,euclidean,uniform,30,85.0,47642.0,True,0.029885057471264367,1.0,10.771470004116164
66,22622.0,random_sampling,euclidean,uniform,30,85.0,22622.0,True,0.03218390804597701,1.0000000000000002,10.026678163091326
67,14450.0,random_sampling,euclidean,uniform,30,85.0,14450.0,True,0.029885057471264367,1.0000000000000002,9.578449693540579
68,32410.0,random_sampling,euclidean,uniform,30,85.0,32410.0,True,0.029885057471264367,1.0,10.386222296135593
69,12246.0,random_sampling,euclidean,uniform,30,85.0,12246.0,True,0.034482758620689655,1.0,9.4129546320379
70,83381.0,random_sampling,euclidean,uniform,30,85.0,83381.0,True,0.034482758620689655,1.0000000000000002,11.33117574464663
71,87133.0,random_sampling,euclidean,uniform,30,85.0,87133.0,True,0.029885057471264367,1.0,11.375190965942126
72,85726.0,random_sampling,euclidean,uniform,30,85.0,85726.0,True,0.03218390804597701,0.9999999999999999,11.358911442471598
73,12797.0,random_sampling,euclidean,uniform,30,85.0,12797.0,True,0.029885057471264367,0.9999999999999997,9.456966047437597
74,94585.0,random_sampling,euclidean,uniform,30,85.0,94585.0,True,0.029885057471264367,0.9999999999999997,11.457254180099763
75,7723.0,random_sampling,euclidean,uniform,30,85.0,7723.0,True,0.034482758620689655,1.0000000000000002,8.951958168569265
76,899.0,random_sampling,euclidean,uniform,30,85.0,899.0,True,0.029885057471264367,1.0000000000000002,6.80128303447162
77,65281.0,random_sampling,euclidean,uniform,30,85.0,65281.0,True,0.029885057471264367,1.0000000000000002,11.08645630814811
78,23599.0,random_sampling,euclidean,uniform,30,85.0,23599.0,True,0.029885057471264367,0.9999999999999999,10.06895961723459
79,37135.0,random_sampling,euclidean,uniform,30,85.0,37135.0,True,0.029885057471264367,1.0,10.522315200103396
80,101881.0,random_sampling,euclidean,uniform,30,85.0,101881.0,True,0.029885057471264367,1.0000000000000002,11.531560744514401
81,50223.0,random_sampling,euclidean,uniform,30,85.0,50223.0,True,0.034482758620689655,1.0,10.824228368083894
82,25685.0,random_sampling,euclidean,uniform,30,85.0,25685.0,True,0.029885057471264367,0.9999999999999998,10.153662442901368
83,52165.0,random_sampling,euclidean,uniform,30,85.0,52165.0,True,0.029885057471264367,1.0000000000000002,10.86216705090207
84,11503.0,random_sampling,euclidean,uniform,30,85.0,11503.0,True,0.03218390804597701,1.0,9.35036314989601
85,105492.0,random_sampling,euclidean,uniform,30,85.0,105492.0,True,0.029885057471264367,1.0000000000000002,11.566390399639179
86,103386.0,random_sampling,euclidean,uniform,30,85.0,103386.0,True,0.029885057471264367,1.0000000000000002,11.546224835371154
87,11285.0,random_sampling,euclidean,uniform,30,85.0,11285.0,True,0.034482758620689655,1.0,9.331229689251636
88,34433.0,random_sampling,euclidean,uniform,30,85.0,34433.0,True,0.034482758620689655,0.9999999999999999,10.446770685850653
89,109903.0,random_sampling,euclidean,uniform,30,85.0,109903.0,True,0.029885057471264367,1.0000000000000002,11.607353437562363
90,13185.0,random_sampling,euclidean,uniform,30,85.0,13185.0,True,0.029885057471264367,1.0,9.486835098787386
91,3893.0,random_sampling,euclidean,uniform,30,85.0,3893.0,True,0.029885057471264367,1.0,8.266935347610456
92,7009.0,random_sampling,euclidean,uniform,30,85.0,7009.0,True,0.02528735632183908,0.9999999999999999,8.854950316500325
93,13801.0,random_sampling,euclidean,uniform,30,85.0,13801.0,True,0.027586206896551724,1.0,9.53249633228804
94,18319.0,random_sampling,euclidean,uniform,30,85.0,18319.0,True,0.034482758620689655,1.0,9.81569405158546
95,54890.0,random_sampling,euclidean,uniform,30,85.0,54890.0,True,0.029885057471264367,1.0,10.913086461543935
96,2048.0,random_sampling,euclidean,uniform,30,85.0,2048.0,True,0.029885057471264367,1.0,7.6246189861593985
97,3571.0,random_sampling,euclidean,uniform,30,85.0,3571.0,True,0.027586206896551724,1.0,8.18060094759445
98,277224.0,random_sampling,euclidean,uniform,30,85.0,277224.0,True,0.029885057471264367,1.0,12.532581122636627
99,34487.0,random_sampling,euclidean,uniform,30,85.0,34487.0,True,0.029885057471264367,0.9999999999999999,10.448337720413921
0,90493.0,random_sampling,euclidean,uniform,30,80.0,90493.0,True,0.029885057471264367,1.0000000000000002,11.413027778630203
1,10170.0,random_sampling,euclidean,uniform,30,80.0,10170.0,True,0.029885057471264367,0.9999999999999999,9.227197489042606
2,43226.0,random_sampling,euclidean,uniform,30,80.0,43226.0,True,0.029885057471264367,1.0,10.674197445043864
3,164954.0,random_sampling,euclidean,uniform,30,80.0,164954.0,True,0.027586206896551724,1.0,12.013421926135365
4,29580.0,random_sampling,euclidean,uniform,30,80.0,29580.0,True,0.03218390804597701,1.0000000000000002,10.294853736264791
5,15485.0,random_sampling,euclidean,uniform,30,80.0,15485.0,True,0.027586206896551724,1.0,9.647627092407303
6,44450.0,random_sampling,euclidean,uniform,30,80.0,44450.0,True,0.029885057471264367,1.0000000000000002,10.702120240942051
7,11205.0,random_sampling,euclidean,uniform,30,80.0,11205.0,True,0.027586206896551724,1.0,9.324115386235027
8,3863.0,random_sampling,euclidean,uniform,30,80.0,3863.0,True,0.03218390804597701,1.0000000000000002,8.259199362666282
9,27158.0,random_sampling,euclidean,uniform,30,80.0,27158.0,True,0.03218390804597701,1.0000000000000002,10.20942694125874
10,218655.0,random_sampling,euclidean,uniform,30,80.0,218655.0,True,0.027586206896551724,1.0,12.295250424176222
11,47493.0,random_sampling,euclidean,uniform,30,80.0,47493.0,True,0.029885057471264367,1.0000000000000002,10.768337610741888
12,205401.0,random_sampling,euclidean,uniform,30,80.0,205401.0,True,0.029885057471264367,0.9999999999999999,12.232719445013917
13,38195.0,random_sampling,euclidean,uniform,30,80.0,38195.0,True,0.03218390804597701,1.0000000000000002,10.55045989597546
14,7572.0,random_sampling,euclidean,uniform,30,80.0,7572.0,True,0.03218390804597701,0.9999999999999999,8.932212512329214
15,127592.0,random_sampling,euclidean,uniform,30,80.0,127592.0,True,0.029885057471264367,0.9999999999999999,11.75659295200259
16,54753.0,random_sampling,euclidean,uniform,30,80.0,54753.0,True,0.034482758620689655,1.0000000000000002,10.91058744069813
17,16374.0,random_sampling,euclidean,uniform,30,80.0,16374.0,True,0.029885057471264367,1.0000000000000002,9.703449989936393
18,29716.0,random_sampling,euclidean,uniform,30,80.0,29716.0,True,0.034482758620689655,0.9999999999999999,10.299440900271696
19,24770.0,random_sampling,euclidean,uniform,30,80.0,24770.0,True,0.034482758620689655,1.0,10.117388522483406
20,10234.0,random_sampling,euclidean,uniform,30,80.0,10234.0,True,0.034482758620689655,1.0,9.233470789365038
21,2195.0,random_sampling,euclidean,uniform,30,80.0,2195.0,True,0.029885057471264367,1.0000000000000002,7.693937325509272
22,43469.0,random_sampling,euclidean,uniform,30,80.0,43469.0,True,0.029885057471264367,1.0,10.679803319347403
23,29918.0,random_sampling,euclidean,uniform,30,80.0,29918.0,True,0.03218390804597701,0.9999999999999999,10.306215584934407
24,29766.0,random_sampling,euclidean,uniform,30,80.0,29766.0,True,0.029885057471264367,1.0000000000000002,10.301122081529105
25,9002.0,random_sampling,euclidean,uniform,30,80.0,9002.0,True,0.034482758620689655,0.9999999999999998,9.105202053852878
26,17078.0,random_sampling,euclidean,uniform,30,80.0,17078.0,True,0.029885057471264367,1.0,9.745546364467552
27,60075.0,random_sampling,euclidean,uniform,30,80.0,60075.0,True,0.029885057471264367,0.9999999999999999,11.00334906060467
28,5643.0,random_sampling,euclidean,uniform,30,80.0,5643.0,True,0.02528735632183908,0.9999999999999999,8.63817111796914
29,15168.0,random_sampling,euclidean,uniform,30,80.0,15168.0,True,0.029885057471264367,0.9999999999999998,9.626943224494804
30,61126.0,random_sampling,euclidean,uniform,30,80.0,61126.0,True,0.03218390804597701,1.0,11.020692586561552
31,7800.0,random_sampling,euclidean,uniform,30,80.0,7800.0,True,0.03218390804597701,0.9999999999999999,8.961879012677683
32,55972.0,random_sampling,euclidean,uniform,30,80.0,55972.0,True,0.029885057471264367,1.0,10.932606844675604
33,45048.0,random_sampling,euclidean,uniform,30,80.0,45048.0,True,0.027586206896551724,1.0,10.715483866934454
34,59918.0,random_sampling,euclidean,uniform,30,80.0,59918.0,True,0.029885057471264367,0.9999999999999999,11.000732239796932
35,21277.0,random_sampling,euclidean,uniform,30,80.0,21277.0,True,0.03218390804597701,0.9999999999999999,9.965381956073719
36,24469.0,random_sampling,euclidean,uniform,30,80.0,24469.0,True,0.029885057471264367,0.9999999999999998,10.105162289234684
37,58865.0,random_sampling,euclidean,uniform,30,80.0,58865.0,True,0.027586206896551724,1.0000000000000002,10.983001965512297
38,6957.0,random_sampling,euclidean,uniform,30,80.0,6957.0,True,0.029885057471264367,1.0,8.847503625923641
39,10924.0,random_sampling,euclidean,uniform,30,80.0,10924.0,True,0.03218390804597701,1.0,9.298717482593595
40,57075.0,random_sampling,euclidean,uniform,30,80.0,57075.0,True,0.029885057471264367,1.0,10.952121471397996
41,14617.0,random_sampling,euclidean,uniform,30,80.0,14617.0,True,0.034482758620689655,1.0000000000000004,9.589940513889292
42,43225.0,random_sampling,euclidean,uniform,30,80.0,43225.0,True,0.029885057471264367,0.9999999999999999,10.674174310551491
43,23882.0,random_sampling,euclidean,uniform,30,80.0,23882.0,True,0.029885057471264367,0.9999999999999998,10.08088031609333
44,58415.0,random_sampling,euclidean,uniform,30,80.0,58415.0,True,0.027586206896551724,0.9999999999999999,10.97532798515125
45,22569.0,random_sampling,euclidean,uniform,30,80.0,22569.0,True,0.029885057471264367,1.0,10.02433256222833
46,61238.0,random_sampling,euclidean,uniform,30,80.0,61238.0,True,0.029885057471264367,0.9999999999999999,11.022523190845115
47,20364.0,random_sampling,euclidean,uniform,30,80.0,20364.0,True,0.029885057471264367,1.0,9.921523915022227
48,13602.0,random_sampling,euclidean,uniform,30,80.0,13602.0,True,0.029885057471264367,1.0000000000000002,9.517972119735584
49,56332.0,random_sampling,euclidean,uniform,30,80.0,56332.0,True,0.03218390804597701,1.0,10.939018036317941
50,14708.0,random_sampling,euclidean,uniform,30,80.0,14708.0,True,0.034482758620689655,1.0,9.596146842421163
51,42715.0,random_sampling,euclidean,uniform,30,80.0,42715.0,True,0.027586206896551724,1.0,10.66230542558572
52,15631.0,random_sampling,euclidean,uniform,30,80.0,15631.0,True,0.03218390804597701,1.0,9.65701140089547
53,60199.0,random_sampling,euclidean,uniform,30,80.0,60199.0,True,0.03218390804597701,1.0,11.005411019863262
54,128512.0,random_sampling,euclidean,uniform,30,80.0,128512.0,True,0.029885057471264367,1.0,11.763777564171292
55,39559.0,random_sampling,euclidean,uniform,30,80.0,39559.0,True,0.027586206896551724,0.9999999999999999,10.585548507358508
56,7149.0,random_sampling,euclidean,uniform,30,80.0,7149.0,True,0.03218390804597701,1.0,8.874727765766853
57,51940.0,random_sampling,euclidean,uniform,30,80.0,51940.0,True,0.029885057471264367,0.9999999999999998,10.85784448521674
58,52169.0,random_sampling,euclidean,uniform,30,80.0,52169.0,True,0.034482758620689655,1.0,10.862243727728453
59,32137.0,random_sampling,euclidean,uniform,30,80.0,32137.0,True,0.03218390804597701,1.0,10.377763293304536
60,13669.0,random_sampling,euclidean,uniform,30,80.0,13669.0,True,0.029885057471264367,0.9999999999999999,9.522885774152654
61,75072.0,random_sampling,euclidean,uniform,30,80.0,75072.0,True,0.03218390804597701,1.0,11.226202932013146
62,29593.0,random_sampling,euclidean,uniform,30,80.0,29593.0,True,0.027586206896551724,1.0,10.295293125858327
63,112012.0,random_sampling,euclidean,uniform,30,80.0,112012.0,True,0.03218390804597701,1.0,11.626361287394989
64,3627.0,random_sampling,euclidean,uniform,30,80.0,3627.0,True,0.029885057471264367,1.0,8.196161139282902
65,23567.0,random_sampling,euclidean,uniform,30,80.0,23567.0,True,0.029885057471264367,0.9999999999999999,10.067602707388096
66,49692.0,random_sampling,euclidean,uniform,30,80.0,49692.0,True,0.03218390804597701,1.0000000000000002,10.813599233333568
67,74609.0,random_sampling,euclidean,uniform,30,80.0,74609.0,True,0.03218390804597701,1.0,11.220016422346655
68,25033.0,random_sampling,euclidean,uniform,30,80.0,25033.0,True,0.029885057471264367,0.9999999999999998,10.127950233416236
69,6203.0,random_sampling,euclidean,uniform,30,80.0,6203.0,True,0.03218390804597701,1.0000000000000002,8.732788324973118
70,267602.0,random_sampling,euclidean,uniform,30,80.0,267602.0,True,0.029885057471264367,1.0000000000000002,12.497256081049835
71,21963.0,random_sampling,euclidean,uniform,30,80.0,21963.0,True,0.029885057471264367,0.9999999999999997,9.997114498314753
72,83780.0,random_sampling,euclidean,uniform,30,80.0,83780.0,True,0.027586206896551724,1.0,11.335949594501026
73,26114.0,random_sampling,euclidean,uniform,30,80.0,26114.0,True,0.029885057471264367,0.9999999999999999,10.170226847967983
74,24540.0,random_sampling,euclidean,uniform,30,80.0,24540.0,True,0.029885057471264367,1.0000000000000002,10.108059718264903
75,54378.0,random_sampling,euclidean,uniform,30,80.0,54378.0,True,0.029885057471264367,0.9999999999999999,10.903714939282837
76,15806.0,random_sampling,euclidean,uniform,30,80.0,15806.0,True,0.029885057471264367,1.0,9.668144893764921
77,26250.0,random_sampling,euclidean,uniform,30,80.0,26250.0,True,0.0367816091954023,0.9999999999999999,10.17542126801977
78,29310.0,random_sampling,euclidean,uniform,30,80.0,29310.0,True,0.029885057471264367,1.0,10.285684033704937
79,86511.0,random_sampling,euclidean,uniform,30,80.0,86511.0,True,0.027586206896551724,1.0,11.368026852464912
80,19339.0,random_sampling,euclidean,uniform,30,80.0,19339.0,True,0.027586206896551724,1.0000000000000002,9.8698790613623
81,95538.0,random_sampling,euclidean,uniform,30,80.0,95538.0,True,0.034482758620689655,0.9999999999999999,11.46727935308448
82,30394.0,random_sampling,euclidean,uniform,30,80.0,30394.0,True,0.029885057471264367,1.0,10.32200049949355
83,50424.0,random_sampling,euclidean,uniform,30,80.0,50424.0,True,0.03218390804597701,0.9999999999999999,10.828222531192946
84,15813.0,random_sampling,euclidean,uniform,30,80.0,15813.0,True,0.029885057471264367,0.9999999999999999,9.668587665523317
85,134210.0,random_sampling,euclidean,uniform,30,80.0,134210.0,True,0.034482758620689655,1.0000000000000002,11.807161016391852
86,41853.0,random_sampling,euclidean,uniform,30,80.0,41853.0,True,0.029885057471264367,1.0000000000000004,10.641918757936217
87,29291.0,random_sampling,euclidean,uniform,30,80.0,29291.0,True,0.027586206896551724,0.9999999999999999,10.285035580584145
88,2940.0,random_sampling,euclidean,uniform,30,80.0,2940.0,True,0.03218390804597701,1.0000000000000002,7.986164860332727
89,30038.0,random_sampling,euclidean,uniform,30,80.0,30038.0,True,0.03218390804597701,0.9999999999999999,10.310218525765526
90,53431.0,random_sampling,euclidean,uniform,30,80.0,53431.0,True,0.029885057471264367,1.0000000000000002,10.886146380853784
91,126812.0,random_sampling,euclidean,uniform,30,80.0,126812.0,True,0.029885057471264367,1.0,11.750460953731418
92,10090.0,random_sampling,euclidean,uniform,30,80.0,10090.0,True,0.03218390804597701,0.9999999999999999,9.219300113347655
93,32874.0,random_sampling,euclidean,uniform,30,80.0,32874.0,True,0.027586206896551724,1.0000000000000002,10.40043735076647
94,180247.0,random_sampling,euclidean,uniform,30,80.0,180247.0,True,0.034482758620689655,1.0,12.102083411458066
95,5228.0,random_sampling,euclidean,uniform,30,80.0,5228.0,True,0.034482758620689655,0.9999999999999999,8.561784074744113
96,7881.0,random_sampling,euclidean,uniform,30,80.0,7881.0,True,0.029885057471264367,0.9999999999999998,8.97221007835365
97,32842.0,random_sampling,euclidean,uniform,30,80.0,32842.0,True,0.027586206896551724,1.0000000000000002,10.399463463051783
98,32175.0,random_sampling,euclidean,uniform,30,80.0,32175.0,True,0.029885057471264367,1.0,10.378945032464328
99,3725.0,random_sampling,euclidean,uniform,30,80.0,3725.0,True,0.029885057471264367,1.0000000000000002,8.22282213081366
0,446.0,random_sampling,euclidean,uniform,20,95.0,446.0,True,0.06842105263157895,0.9999999999999998,6.100318952020064
1,522.0,random_sampling,euclidean,uniform,20,95.0,522.0,True,0.06842105263157895,1.0,6.257667587882639
2,519.0,random_sampling,euclidean,uniform,20,95.0,519.0,True,0.06842105263157895,0.9999999999999998,6.251903883165888
3,329.0,random_sampling,euclidean,uniform,20,95.0,329.0,True,0.06315789473684211,1.0,5.796057750765372
4,736.0,random_sampling,euclidean,uniform,20,95.0,736.0,True,0.06315789473684211,1.0,6.601230118728877
5,434.0,random_sampling,euclidean,uniform,20,95.0,434.0,True,0.06842105263157895,1.0,6.073044534100405
6,507.0,random_sampling,euclidean,uniform,20,95.0,507.0,True,0.06315789473684211,1.0,6.2285110035911835
7,590.0,random_sampling,euclidean,uniform,20,95.0,590.0,True,0.06842105263157895,1.0,6.380122536899765
8,2261.0,random_sampling,euclidean,uniform,20,95.0,2261.0,True,0.06842105263157895,0.9999999999999998,7.72356247227797
9,1352.0,random_sampling,euclidean,uniform,20,95.0,1352.0,True,0.07894736842105263,1.0,7.20934025660291
10,1155.0,random_sampling,euclidean,uniform,20,95.0,1155.0,True,0.07368421052631578,0.9999999999999998,7.051855622955894
11,1654.0,random_sampling,euclidean,uniform,20,95.0,1654.0,True,0.07368421052631578,0.9999999999999998,7.4109518755836366
12,1019.0,random_sampling,euclidean,uniform,20,95.0,1019.0,True,0.06315789473684211,1.0,6.926577033222725
13,763.0,random_sampling,euclidean,uniform,20,95.0,763.0,True,0.06842105263157895,1.0,6.637258031284457
14,11037.0,random_sampling,euclidean,uniform,20,95.0,11037.0,True,0.07368421052631578,1.0,9.309008543772885
15,1898.0,random_sampling,euclidean,uniform,20,95.0,1898.0,True,0.06315789473684211,1.0,7.5485559791698735
16,1553.0,random_sampling,euclidean,uniform,20,95.0,1553.0,True,0.07368421052631578,1.0000000000000002,7.347943823148687
17,1659.0,random_sampling,euclidean,uniform,20,95.0,1659.0,True,0.06315789473684211,1.0000000000000002,7.413970290190444
18,926.0,random_sampling,euclidean,uniform,20,95.0,926.0,True,0.06842105263157895,1.0,6.8308742346461795
19,1830.0,random_sampling,euclidean,uniform,20,95.0,1830.0,True,0.06315789473684211,1.0,7.512071245835466
20,1593.0,random_sampling,euclidean,uniform,20,95.0,1593.0,True,0.07368421052631578,1.0000000000000002,7.373374309910049
21,733.0,random_sampling,euclidean,uniform,20,95.0,733.0,True,0.06842105263157895,1.0000000000000004,6.597145701886651
22,2056.0,random_sampling,euclidean,uniform,20,95.0,2056.0,True,0.06842105263157895,0.9999999999999998,7.628517626575055
23,233.0,random_sampling,euclidean,uniform,20,95.0,233.0,True,0.08421052631578947,1.0,5.4510384535657
24,1945.0,random_sampling,euclidean,uniform,20,95.0,1945.0,True,0.07368421052631578,1.0,7.573017256052546
25,403.0,random_sampling,euclidean,uniform,20,95.0,403.0,True,0.07894736842105263,1.0000000000000002,5.998936561946683
26,442.0,random_sampling,euclidean,uniform,20,95.0,442.0,True,0.06842105263157895,1.0,6.091309882077698
27,1705.0,random_sampling,euclidean,uniform,20,95.0,1705.0,True,0.07368421052631578,0.9999999999999997,7.4413203897176174
28,295.0,random_sampling,euclidean,uniform,20,95.0,295.0,True,0.06842105263157895,1.0000000000000002,5.68697535633982
29,443.0,random_sampling,euclidean,uniform,20,95.0,443.0,True,0.06842105263157895,1.0,6.093569770045136
30,589.0,random_sampling,euclidean,uniform,20,95.0,589.0,True,0.06315789473684211,1.0000000000000004,6.3784261836515865
31,808.0,random_sampling,euclidean,uniform,20,95.0,808.0,True,0.06842105263157895,1.0000000000000002,6.694562058521095
32,347.0,random_sampling,euclidean,uniform,20,95.0,347.0,True,0.05789473684210526,0.9999999999999998,5.849324779946859
33,3475.0,random_sampling,euclidean,uniform,20,95.0,3475.0,True,0.08421052631578947,1.0,8.153349757998892
34,724.0,random_sampling,euclidean,uniform,20,95.0,724.0,True,0.07368421052631578,1.0000000000000002,6.584791392385716
35,244.0,random_sampling,euclidean,uniform,20,95.0,244.0,True,0.07894736842105263,0.9999999999999998,5.497168225293202
36,975.0,random_sampling,euclidean,uniform,20,95.0,975.0,True,0.07368421052631578,1.0,6.882437470997847
37,3687.0,random_sampling,euclidean,uniform,20,95.0,3687.0,True,0.06842105263157895,1.0,8.212568398234145
38,4438.0,random_sampling,euclidean,uniform,20,95.0,4438.0,True,0.06842105263157895,1.0000000000000002,8.39795910349254
39,965.0,random_sampling,euclidean,uniform,20,95.0,965.0,True,0.07894736842105263,1.0000000000000004,6.872128101338986
40,690.0,random_sampling,euclidean,uniform,20,95.0,690.0,True,0.07368421052631578,1.0000000000000002,6.536691597591305
41,240.0,random_sampling,euclidean,uniform,20,95.0,240.0,True,0.06842105263157895,1.0,5.480638923341991
42,755.0,random_sampling,euclidean,uniform,20,95.0,755.0,True,0.06842105263157895,1.0,6.626717749249025
43,1296.0,random_sampling,euclidean,uniform,20,95.0,1296.0,True,0.06315789473684211,0.9999999999999998,7.16703787691222
44,920.0,random_sampling,euclidean,uniform,20,95.0,920.0,True,0.05789473684210526,1.0000000000000002,6.824373670043086
45,1559.0,random_sampling,euclidean,uniform,20,95.0,1559.0,True,0.06842105263157895,1.0,7.351799869057777
46,1163.0,random_sampling,euclidean,uniform,20,95.0,1163.0,True,0.06842105263157895,1.0,7.0587581525186645
47,490.0,random_sampling,euclidean,uniform,20,95.0,490.0,True,0.07368421052631578,1.0,6.194405391104672
48,1107.0,random_sampling,euclidean,uniform,20,95.0,1107.0,True,0.06842105263157895,1.0,7.009408932708637
49,240.0,random_sampling,euclidean,uniform,20,95.0,240.0,True,0.07894736842105263,1.0,5.480638923341991
50,1599.0,random_sampling,euclidean,uniform,20,95.0,1599.0,True,0.06842105263157895,1.0000000000000002,7.377133712833954
51,560.0,random_sampling,euclidean,uniform,20,95.0,560.0,True,0.06842105263157895,0.9999999999999997,6.327936783729195
52,695.0,random_sampling,euclidean,uniform,20,95.0,695.0,True,0.06842105263157895,1.0000000000000002,6.543911845564792
53,994.0,random_sampling,euclidean,uniform,20,95.0,994.0,True,0.06315789473684211,1.0000000000000004,6.901737206656574
54,1724.0,random_sampling,euclidean,uniform,20,95.0,1724.0,True,0.06842105263157895,1.0,7.452402451223638
55,235.0,random_sampling,euclidean,uniform,20,95.0,235.0,True,0.06842105263157895,1.0,5.459585514144159
56,1005.0,random_sampling,euclidean,uniform,20,95.0,1005.0,True,0.06842105263157895,1.0,6.912742820493176
57,6963.0,random_sampling,euclidean,uniform,20,95.0,6963.0,True,0.07894736842105263,1.0,8.848365694942547
58,1503.0,random_sampling,euclidean,uniform,20,95.0,1503.0,True,0.07368421052631578,0.9999999999999998,7.315218389752975
59,1533.0,random_sampling,euclidean,uniform,20,95.0,1533.0,True,0.07368421052631578,0.9999999999999998,7.334981878871814
60,179.0,random_sampling,euclidean,uniform,20,95.0,179.0,True,0.06842105263157895,1.0,5.187385805840755
61,937.0,random_sampling,euclidean,uniform,20,95.0,937.0,True,0.07368421052631578,1.0,6.842683282238422
62,816.0,random_sampling,euclidean,uniform,20,95.0,816.0,True,0.07368421052631578,0.9999999999999997,6.704414354964107
63,741.0,random_sampling,euclidean,uniform,20,95.0,741.0,True,0.07368421052631578,1.0,6.608000625296087
64,1347.0,random_sampling,euclidean,uniform,20,95.0,1347.0,True,0.06842105263157895,1.0,7.205635176410364
65,786.0,random_sampling,euclidean,uniform,20,95.0,786.0,True,0.07894736842105263,1.0,6.666956792429207
66,1001.0,random_sampling,euclidean,uniform,20,95.0,1001.0,True,0.06315789473684211,1.0000000000000002,6.90875477931522
67,1173.0,random_sampling,euclidean,uniform,20,95.0,1173.0,True,0.07368421052631578,1.0,7.067319848653476
68,3313.0,random_sampling,euclidean,uniform,20,95.0,3313.0,True,0.06842105263157895,1.0,8.105609402299896
69,497.0,random_sampling,euclidean,uniform,20,95.0,497.0,True,0.06315789473684211,1.0000000000000002,6.208590026096629
70,195.0,random_sampling,euclidean,uniform,20,95.0,195.0,True,0.06315789473684211,1.0000000000000002,5.272999558563747
71,551.0,random_sampling,euclidean,uniform,20,95.0,551.0,True,0.06842105263157895,1.0000000000000004,6.311734809152915
72,1904.0,random_sampling,euclidean,uniform,20,95.0,1904.0,True,0.06842105263157895,1.0,7.55171221535131
73,887.0,random_sampling,euclidean,uniform,20,95.0,887.0,True,0.07368421052631578,1.0,6.787844982309579
74,982.0,random_sampling,euclidean,uniform,20,95.0,982.0,True,0.06842105263157895,1.0,6.889591308354466
75,2756.0,random_sampling,euclidean,uniform,20,95.0,2756.0,True,0.07368421052631578,0.9999999999999998,7.9215356321335495
76,6344.0,random_sampling,euclidean,uniform,20,95.0,6344.0,True,0.06842105263157895,1.0,8.755264763314685
77,432.0,random_sampling,euclidean,uniform,20,95.0,432.0,True,0.07894736842105263,0.9999999999999998,6.068425588244111
78,699.0,random_sampling,euclidean,uniform,20,95.0,699.0,True,0.06842105263157895,1.0,6.54965074223381
79,7195.0,random_sampling,euclidean,uniform,20,95.0,7195.0,True,0.06842105263157895,1.0000000000000002,8.881141619321468
80,5673.0,random_sampling,euclidean,uniform,20,95.0,5673.0,True,0.07368421052631578,0.9999999999999998,8.643473357326567
81,904.0,random_sampling,euclidean,uniform,20,95.0,904.0,True,0.07894736842105263,1.0,6.806829360392176
82,1247.0,random_sampling,euclidean,uniform,20,95.0,1247.0,True,0.06842105263157895,1.0,7.1284959456800365
83,400.0,random_sampling,euclidean,uniform,20,95.0,400.0,True,0.06315789473684211,0.9999999999999998,5.991464547107982
84,874.0,random_sampling,euclidean,uniform,20,95.0,874.0,True,0.07368421052631578,1.0,6.773080375655535
85,1430.0,random_sampling,euclidean,uniform,20,95.0,1430.0,True,0.06842105263157895,0.9999999999999997,7.265429723253953
86,2567.0,random_sampling,euclidean,uniform,20,95.0,2567.0,True,0.07894736842105263,1.0,7.8504931808711405
87,1154.0,random_sampling,euclidean,uniform,20,95.0,1154.0,True,0.05789473684210526,1.0000000000000004,7.050989447068045
88,1232.0,random_sampling,euclidean,uniform,20,95.0,1232.0,True,0.06842105263157895,0.9999999999999998,7.116394144093465
89,714.0,random_sampling,euclidean,uniform,20,95.0,714.0,True,0.06842105263157895,1.0,6.570882962339584
90,595.0,random_sampling,euclidean,uniform,20,95.0,595.0,True,0.06842105263157895,1.0000000000000004,6.38856140554563
91,500.0,random_sampling,euclidean,uniform,20,95.0,500.0,True,0.07368421052631578,1.0,6.214608098422191
92,6255.0,random_sampling,euclidean,uniform,20,95.0,6255.0,True,0.06842105263157895,1.0,8.741136422901011
93,1514.0,random_sampling,euclidean,uniform,20,95.0,1514.0,True,0.07368421052631578,1.0000000000000002,7.322510433997394
94,995.0,random_sampling,euclidean,uniform,20,95.0,995.0,True,0.06842105263157895,1.0,6.902742737158593
95,1549.0,random_sampling,euclidean,uniform,20,95.0,1549.0,True,0.07368421052631578,1.0,7.3453648404168685
96,1869.0,random_sampling,euclidean,uniform,20,95.0,1869.0,True,0.06842105263157895,1.0000000000000002,7.533158807455563
97,3628.0,random_sampling,euclidean,uniform,20,95.0,3628.0,True,0.07894736842105263,1.0000000000000002,8.196436811235028
98,476.0,random_sampling,euclidean,uniform,20,95.0,476.0,True,0.07368421052631578,1.0,6.16541785423142
99,226.0,random_sampling,euclidean,uniform,20,95.0,226.0,True,0.07894736842105263,1.0000000000000002,5.420534999272286
0,202.0,random_sampling,euclidean,uniform,20,25.0,202.0,True,0.02631578947368421,1.0000000000000002,5.308267697401205
1,145.0,random_sampling,euclidean,uniform,20,25.0,145.0,True,0.021052631578947368,0.9999999999999998,4.976733742420574
2,230.0,random_sampling,euclidean,uniform,20,25.0,230.0,True,0.021052631578947368,1.0000000000000002,5.438079308923196
3,782.0,random_sampling,euclidean,uniform,20,25.0,782.0,True,0.021052631578947368,1.0,6.661854740545311
4,245.0,random_sampling,euclidean,uniform,20,25.0,245.0,True,0.021052631578947368,1.0,5.501258210544727
5,204.0,random_sampling,euclidean,uniform,20,25.0,204.0,True,0.021052631578947368,0.9999999999999997,5.318119993844216
6,1256.0,random_sampling,euclidean,uniform,20,25.0,1256.0,True,0.021052631578947368,1.0,7.135687347028144
7,196.0,random_sampling,euclidean,uniform,20,25.0,196.0,True,0.031578947368421054,1.0000000000000002,5.278114659230517
8,63.0,random_sampling,euclidean,uniform,20,25.0,63.0,True,0.021052631578947368,0.9999999999999998,4.143134726391533
9,107.0,random_sampling,euclidean,uniform,20,25.0,107.0,True,0.021052631578947368,0.9999999999999998,4.672828834461906
10,144.0,random_sampling,euclidean,uniform,20,25.0,144.0,True,0.021052631578947368,1.0000000000000004,4.969813299576001
11,52.0,random_sampling,euclidean,uniform,20,25.0,52.0,True,0.021052631578947368,1.0000000000000002,3.9512437185814275
12,548.0,random_sampling,euclidean,uniform,20,25.0,548.0,True,0.021052631578947368,0.9999999999999998,6.306275286948016
13,301.0,random_sampling,euclidean,uniform,20,25.0,301.0,True,0.021052631578947368,1.0000000000000002,5.707110264748875
14,234.0,random_sampling,euclidean,uniform,20,25.0,234.0,True,0.021052631578947368,0.9999999999999997,5.455321115357702
15,104.0,random_sampling,euclidean,uniform,20,25.0,104.0,True,0.02631578947368421,1.0000000000000002,4.6443908991413725
16,206.0,random_sampling,euclidean,uniform,20,25.0,206.0,True,0.021052631578947368,1.0,5.327876168789581
17,7134.0,random_sampling,euclidean,uniform,20,25.0,7134.0,True,0.02631578947368421,1.0,8.872627365918836
18,504.0,random_sampling,euclidean,uniform,20,25.0,504.0,True,0.02631578947368421,1.0000000000000002,6.222576268071369
19,273.0,random_sampling,euclidean,uniform,20,25.0,273.0,True,0.021052631578947368,1.0000000000000002,5.60947179518496
20,39584.0,random_sampling,euclidean,uniform,20,25.0,39584.0,True,0.021052631578947368,1.0000000000000002,10.586180275192214
21,135.0,random_sampling,euclidean,uniform,20,25.0,135.0,True,0.021052631578947368,1.0000000000000002,4.90527477843843
22,72.0,random_sampling,euclidean,uniform,20,25.0,72.0,True,0.021052631578947368,1.0,4.276666119016055
23,39528.0,random_sampling,euclidean,uniform,20,25.0,39528.0,True,0.021052631578947368,1.0,10.584764560525587
24,415.0,random_sampling,euclidean,uniform,20,25.0,415.0,True,0.02631578947368421,1.0000000000000002,6.028278520230698
25,101.0,random_sampling,euclidean,uniform,20,25.0,101.0,True,0.02631578947368421,1.0000000000000002,4.61512051684126
26,136.0,random_sampling,euclidean,uniform,20,25.0,136.0,True,0.02631578947368421,1.0000000000000002,4.912654885736052
27,130.0,random_sampling,euclidean,uniform,20,25.0,130.0,True,0.021052631578947368,0.9999999999999998,4.867534450455582
28,365.0,random_sampling,euclidean,uniform,20,25.0,365.0,True,0.02631578947368421,1.0,5.8998973535824915
29,135.0,random_sampling,euclidean,uniform,20,25.0,135.0,True,0.021052631578947368,1.0000000000000002,4.90527477843843
30,147.0,random_sampling,euclidean,uniform,20,25.0,147.0,True,0.021052631578947368,1.0000000000000002,4.990432586778736
31,100.0,random_sampling,euclidean,uniform,20,25.0,100.0,True,0.021052631578947368,1.0,4.605170185988092
32,487.0,random_sampling,euclidean,uniform,20,25.0,487.0,True,0.021052631578947368,1.0,6.18826412308259
33,1383.0,random_sampling,euclidean,uniform,20,25.0,1383.0,True,0.02631578947368421,1.0000000000000002,7.232010331664759
34,707.0,random_sampling,euclidean,uniform,20,25.0,707.0,True,0.021052631578947368,1.0000000000000002,6.561030665896573
35,402.0,random_sampling,euclidean,uniform,20,25.0,402.0,True,0.021052631578947368,1.0,5.996452088619021
36,91.0,random_sampling,euclidean,uniform,20,25.0,91.0,True,0.021052631578947368,0.9999999999999997,4.51085950651685
37,151.0,random_sampling,euclidean,uniform,20,25.0,151.0,True,0.02631578947368421,0.9999999999999998,5.017279836814924
38,89.0,random_sampling,euclidean,uniform,20,25.0,89.0,True,0.02631578947368421,0.9999999999999997,4.48863636973214
39,141.0,random_sampling,euclidean,uniform,20,25.0,141.0,True,0.021052631578947368,1.0000000000000002,4.948759890378168
40,200.0,random_sampling,euclidean,uniform,20,25.0,200.0,True,0.02631578947368421,1.0,5.298317366548036
41,1442.0,random_sampling,euclidean,uniform,20,25.0,1442.0,True,0.021052631578947368,1.0000000000000004,7.273786317844895
42,415.0,random_sampling,euclidean,uniform,20,25.0,415.0,True,0.021052631578947368,1.0,6.028278520230698
43,243.0,random_sampling,euclidean,uniform,20,25.0,243.0,True,0.02631578947368421,1.0,5.493061443340548
44,100.0,random_sampling,euclidean,uniform,20,25.0,100.0,True,0.021052631578947368,1.0,4.605170185988092
45,237.0,random_sampling,euclidean,uniform,20,25.0,237.0,True,0.021052631578947368,0.9999999999999998,5.4680601411351315
46,176.0,random_sampling,euclidean,uniform,20,25.0,176.0,True,0.021052631578947368,1.0,5.170483995038151
47,169.0,random_sampling,euclidean,uniform,20,25.0,169.0,True,0.021052631578947368,0.9999999999999997,5.1298987149230735
48,226.0,random_sampling,euclidean,uniform,20,25.0,226.0,True,0.021052631578947368,1.0000000000000002,5.420534999272286
49,293.0,random_sampling,euclidean,uniform,20,25.0,293.0,True,0.02631578947368421,1.0,5.680172609017068
50,124.0,random_sampling,euclidean,uniform,20,25.0,124.0,True,0.021052631578947368,0.9999999999999997,4.820281565605037
51,94.0,random_sampling,euclidean,uniform,20,25.0,94.0,True,0.02631578947368421,1.0000000000000002,4.543294782270004
52,378.0,random_sampling,euclidean,uniform,20,25.0,378.0,True,0.021052631578947368,1.0,5.934894195619588
53,126.0,random_sampling,euclidean,uniform,20,25.0,126.0,True,0.021052631578947368,1.0,4.836281906951478
54,243.0,random_sampling,euclidean,uniform,20,25.0,243.0,True,0.021052631578947368,0.9999999999999997,5.493061443340548
55,79.0,random_sampling,euclidean,uniform,20,25.0,79.0,True,0.021052631578947368,1.0000000000000004,4.3694478524670215
56,107.0,random_sampling,euclidean,uniform,20,25.0,107.0,True,0.021052631578947368,0.9999999999999997,4.672828834461906
57,210.0,random_sampling,euclidean,uniform,20,25.0,210.0,True,0.021052631578947368,1.0000000000000002,5.3471075307174685
58,396.0,random_sampling,euclidean,uniform,20,25.0,396.0,True,0.021052631578947368,1.0000000000000002,5.981414211254481
59,172.0,random_sampling,euclidean,uniform,20,25.0,172.0,True,0.02631578947368421,1.0,5.147494476813453
60,131.0,random_sampling,euclidean,uniform,20,25.0,131.0,True,0.021052631578947368,1.0,4.875197323201151
61,104.0,random_sampling,euclidean,uniform,20,25.0,104.0,True,0.02631578947368421,1.0000000000000004,4.6443908991413725
62,310.0,random_sampling,euclidean,uniform,20,25.0,310.0,True,0.02631578947368421,1.0,5.736572297479192
63,875.0,random_sampling,euclidean,uniform,20,25.0,875.0,True,0.021052631578947368,1.0,6.774223886357614
64,113.0,random_sampling,euclidean,uniform,20,25.0,113.0,True,0.021052631578947368,1.0000000000000004,4.727387818712341
65,23558.0,random_sampling,euclidean,uniform,20,25.0,23558.0,True,0.021052631578947368,1.0000000000000002,10.06722074451873
66,76.0,random_sampling,euclidean,uniform,20,25.0,76.0,True,0.021052631578947368,0.9999999999999997,4.330733340286331
67,105.0,random_sampling,euclidean,uniform,20,25.0,105.0,True,0.021052631578947368,1.0,4.653960350157523
68,164.0,random_sampling,euclidean,uniform,20,25.0,164.0,True,0.021052631578947368,1.0,5.099866427824199
69,274.0,random_sampling,euclidean,uniform,20,25.0,274.0,True,0.021052631578947368,1.0000000000000002,5.6131281063880705
70,164.0,random_sampling,euclidean,uniform,20,25.0,164.0,True,0.021052631578947368,1.0000000000000002,5.099866427824199
71,73.0,random_sampling,euclidean,uniform,20,25.0,73.0,True,0.021052631578947368,1.0000000000000004,4.290459441148391
72,106.0,random_sampling,euclidean,uniform,20,25.0,106.0,True,0.021052631578947368,1.0,4.663439094112067
73,121.0,random_sampling,euclidean,uniform,20,25.0,121.0,True,0.021052631578947368,1.0000000000000002,4.795790545596741
74,139.0,random_sampling,euclidean,uniform,20,25.0,139.0,True,0.021052631578947368,1.0000000000000002,4.9344739331306915
75,171.0,random_sampling,euclidean,uniform,20,25.0,171.0,True,0.02631578947368421,1.0000000000000002,5.14166355650266
76,92.0,random_sampling,euclidean,uniform,20,25.0,92.0,True,0.021052631578947368,0.9999999999999998,4.5217885770490405
77,484.0,random_sampling,euclidean,uniform,20,25.0,484.0,True,0.021052631578947368,0.9999999999999997,6.182084906716632
78,1060.0,random_sampling,euclidean,uniform,20,25.0,1060.0,True,0.021052631578947368,1.0000000000000004,6.966024187106113
79,12724.0,random_sampling,euclidean,uniform,20,25.0,12724.0,True,0.02631578947368421,1.0000000000000002,9.451245252869034
80,151.0,random_sampling,euclidean,uniform,20,25.0,151.0,True,0.021052631578947368,1.0,5.017279836814924
81,190.0,random_sampling,euclidean,uniform,20,25.0,190.0,True,0.021052631578947368,1.0,5.247024072160486
82,169.0,random_sampling,euclidean,uniform,20,25.0,169.0,True,0.021052631578947368,1.0000000000000002,5.1298987149230735
83,66.0,random_sampling,euclidean,uniform,20,25.0,66.0,True,0.021052631578947368,1.0000000000000004,4.189654742026425
84,875.0,random_sampling,euclidean,uniform,20,25.0,875.0,True,0.021052631578947368,1.0000000000000002,6.774223886357614
85,104.0,random_sampling,euclidean,uniform,20,25.0,104.0,True,0.021052631578947368,1.0,4.6443908991413725
86,260.0,random_sampling,euclidean,uniform,20,25.0,260.0,True,0.021052631578947368,1.0,5.560681631015528
87,614.0,random_sampling,euclidean,uniform,20,25.0,614.0,True,0.021052631578947368,1.0,6.419994928147142
88,397.0,random_sampling,euclidean,uniform,20,25.0,397.0,True,0.02631578947368421,1.0,5.983936280687191
89,186.0,random_sampling,euclidean,uniform,20,25.0,186.0,True,0.021052631578947368,1.0,5.225746673713202
90,464.0,random_sampling,euclidean,uniform,20,25.0,464.0,True,0.021052631578947368,1.0000000000000002,6.139884552226255
91,215.0,random_sampling,euclidean,uniform,20,25.0,215.0,True,0.02631578947368421,0.9999999999999998,5.3706380281276624
92,140.0,random_sampling,euclidean,uniform,20,25.0,140.0,True,0.021052631578947368,0.9999999999999997,4.941642422609304
93,121.0,random_sampling,euclidean,uniform,20,25.0,121.0,True,0.021052631578947368,1.0000000000000002,4.795790545596741
94,220.0,random_sampling,euclidean,uniform,20,25.0,220.0,True,0.031578947368421054,1.0000000000000004,5.393627546352362
95,427.0,random_sampling,euclidean,uniform,20,25.0,427.0,True,0.021052631578947368,1.0000000000000004,6.056784013228625
96,3887.0,random_sampling,euclidean,uniform,20,25.0,3887.0,True,0.021052631578947368,1.0000000000000004,8.265392930852224
97,203.0,random_sampling,euclidean,uniform,20,25.0,203.0,True,0.021052631578947368,0.9999999999999997,5.313205979041787
98,1630.0,random_sampling,euclidean,uniform,20,25.0,1630.0,True,0.021052631578947368,1.0,7.396335293800808
99,92.0,random_sampling,euclidean,uniform,20,25.0,92.0,True,0.021052631578947368,1.0,4.5217885770490405
0,896.0,random_sampling,euclidean,uniform,20,50.0,896.0,True,0.042105263157894736,1.0,6.79794041297493
1,1291.0,random_sampling,euclidean,uniform,20,50.0,1291.0,True,0.042105263157894736,1.0,7.1631723908466425
2,366.0,random_sampling,euclidean,uniform,20,50.0,366.0,True,0.04736842105263158,1.0000000000000002,5.902633333401366
3,143.0,random_sampling,euclidean,uniform,20,50.0,143.0,True,0.03684210526315789,1.0000000000000002,4.962844630259907
4,159.0,random_sampling,euclidean,uniform,20,50.0,159.0,True,0.042105263157894736,0.9999999999999997,5.0689042022202315
5,3428.0,random_sampling,euclidean,uniform,20,50.0,3428.0,True,0.03684210526315789,0.9999999999999997,8.13973227971767
6,2456.0,random_sampling,euclidean,uniform,20,50.0,2456.0,True,0.042105263157894736,1.0,7.806289289267033
7,974.0,random_sampling,euclidean,uniform,20,50.0,974.0,True,0.04736842105263158,1.0,6.881411303642535
8,956.0,random_sampling,euclidean,uniform,20,50.0,956.0,True,0.042105263157894736,1.0000000000000004,6.862757913051401
9,195.0,random_sampling,euclidean,uniform,20,50.0,195.0,True,0.04736842105263158,1.0,5.272999558563747
10,233.0,random_sampling,euclidean,uniform,20,50.0,233.0,True,0.04736842105263158,1.0000000000000002,5.4510384535657
11,2366.0,random_sampling,euclidean,uniform,20,50.0,2366.0,True,0.04736842105263158,0.9999999999999998,7.768956044538332
12,2397.0,random_sampling,euclidean,uniform,20,50.0,2397.0,True,0.05263157894736842,1.0,7.781973234434385
13,1012.0,random_sampling,euclidean,uniform,20,50.0,1012.0,True,0.04736842105263158,1.0,6.919683849847411
14,895.0,random_sampling,euclidean,uniform,20,50.0,895.0,True,0.05263157894736842,1.0000000000000004,6.796823718274855
15,2033.0,random_sampling,euclidean,uniform,20,50.0,2033.0,True,0.04736842105263158,1.0,7.617267813628347
16,1096.0,random_sampling,euclidean,uniform,20,50.0,1096.0,True,0.04736842105263158,1.0,6.999422467507961
17,386.0,random_sampling,euclidean,uniform,20,50.0,386.0,True,0.04736842105263158,1.0000000000000002,5.955837369464831
18,194.0,random_sampling,euclidean,uniform,20,50.0,194.0,True,0.04736842105263158,1.0,5.267858159063328
19,936.0,random_sampling,euclidean,uniform,20,50.0,936.0,True,0.03684210526315789,1.0,6.841615476477592
20,196.0,random_sampling,euclidean,uniform,20,50.0,196.0,True,0.042105263157894736,0.9999999999999998,5.278114659230517
21,733.0,random_sampling,euclidean,uniform,20,50.0,733.0,True,0.042105263157894736,1.0,6.597145701886651
22,826.0,random_sampling,euclidean,uniform,20,50.0,826.0,True,0.04736842105263158,1.0000000000000002,6.716594773520978
23,9669.0,random_sampling,euclidean,uniform,20,50.0,9669.0,True,0.03684210526315789,1.0,9.176680170483548
24,206.0,random_sampling,euclidean,uniform,20,50.0,206.0,True,0.05263157894736842,0.9999999999999998,5.327876168789581
25,407.0,random_sampling,euclidean,uniform,20,50.0,407.0,True,0.03684210526315789,1.0,6.008813185442595
26,913.0,random_sampling,euclidean,uniform,20,50.0,913.0,True,0.042105263157894736,1.0000000000000002,6.816735880594968
27,4161.0,random_sampling,euclidean,uniform,20,50.0,4161.0,True,0.03684210526315789,1.0000000000000002,8.333510708982942
28,174.0,random_sampling,euclidean,uniform,20,50.0,174.0,True,0.042105263157894736,1.0,5.159055299214529
29,921.0,random_sampling,euclidean,uniform,20,50.0,921.0,True,0.04736842105263158,1.0000000000000004,6.825460036255307
30,1387.0,random_sampling,euclidean,uniform,20,50.0,1387.0,True,0.042105263157894736,1.0,7.234898420314831
31,401.0,random_sampling,euclidean,uniform,20,50.0,401.0,True,0.04736842105263158,0.9999999999999998,5.993961427306569
32,486.0,random_sampling,euclidean,uniform,20,50.0,486.0,True,0.042105263157894736,0.9999999999999998,6.186208623900494
33,1485.0,random_sampling,euclidean,uniform,20,50.0,1485.0,True,0.042105263157894736,1.0,7.3031700512368
34,600.0,random_sampling,euclidean,uniform,20,50.0,600.0,True,0.04736842105263158,1.0,6.396929655216146
35,373.0,random_sampling,euclidean,uniform,20,50.0,373.0,True,0.03684210526315789,1.0,5.921578419643816
36,156.0,random_sampling,euclidean,uniform,20,50.0,156.0,True,0.03684210526315789,1.0,5.049856007249537
37,643.0,random_sampling,euclidean,uniform,20,50.0,643.0,True,0.04736842105263158,1.0000000000000002,6.466144724237619
38,583.0,random_sampling,euclidean,uniform,20,50.0,583.0,True,0.04736842105263158,1.0,6.368187186350492
39,3364.0,random_sampling,euclidean,uniform,20,50.0,3364.0,True,0.04736842105263158,1.0000000000000004,8.120886021092838
40,927.0,random_sampling,euclidean,uniform,20,50.0,927.0,True,0.04736842105263158,0.9999999999999998,6.831953565565855
41,292.0,random_sampling,euclidean,uniform,20,50.0,292.0,True,0.042105263157894736,1.0,5.676753802268282
42,1404.0,random_sampling,euclidean,uniform,20,50.0,1404.0,True,0.042105263157894736,1.0000000000000002,7.247080584585756
43,111.0,random_sampling,euclidean,uniform,20,50.0,111.0,True,0.04736842105263158,1.0,4.709530201312334
44,1458.0,random_sampling,euclidean,uniform,20,50.0,1458.0,True,0.03684210526315789,1.0,7.284820912568604
45,775.0,random_sampling,euclidean,uniform,20,50.0,775.0,True,0.042105263157894736,1.0,6.652863029353347
46,75.0,random_sampling,euclidean,uniform,20,50.0,75.0,True,0.042105263157894736,1.0000000000000004,4.31748811353631
47,1034.0,random_sampling,euclidean,uniform,20,50.0,1034.0,True,0.042105263157894736,1.0,6.9411900550683745
48,986.0,random_sampling,euclidean,uniform,20,50.0,986.0,True,0.04736842105263158,1.0,6.893656354602635
49,97.0,random_sampling,euclidean,uniform,20,50.0,97.0,True,0.042105263157894736,1.0,4.574710978503383
50,989.0,random_sampling,euclidean,uniform,20,50.0,989.0,True,0.04736842105263158,1.0,6.8966943316227125
51,926.0,random_sampling,euclidean,uniform,20,50.0,926.0,True,0.04736842105263158,1.0000000000000002,6.8308742346461795
52,294.0,random_sampling,euclidean,uniform,20,50.0,294.0,True,0.042105263157894736,1.0000000000000002,5.683579767338681
53,465.0,random_sampling,euclidean,uniform,20,50.0,465.0,True,0.042105263157894736,1.0,6.142037405587356
54,1218.0,random_sampling,euclidean,uniform,20,50.0,1218.0,True,0.03684210526315789,0.9999999999999998,7.1049654482698426
55,106.0,random_sampling,euclidean,uniform,20,50.0,106.0,True,0.042105263157894736,0.9999999999999998,4.663439094112067
56,1685.0,random_sampling,euclidean,uniform,20,50.0,1685.0,True,0.03684210526315789,1.0000000000000002,7.429520842786462
57,555.0,random_sampling,euclidean,uniform,20,50.0,555.0,True,0.05263157894736842,1.0,6.318968113746434
58,1147.0,random_sampling,euclidean,uniform,20,50.0,1147.0,True,0.04736842105263158,1.0,7.044905117129371
59,890.0,random_sampling,euclidean,uniform,20,50.0,890.0,True,0.04736842105263158,1.0,6.7912214627261855
60,299.0,random_sampling,euclidean,uniform,20,50.0,299.0,True,0.042105263157894736,1.0,5.700443573390687
61,431.0,random_sampling,euclidean,uniform,20,50.0,431.0,True,0.042105263157894736,1.0000000000000002,6.066108090103747
62,953.0,random_sampling,euclidean,uniform,20,50.0,953.0,True,0.04736842105263158,1.0000000000000002,6.859614903654202
63,423.0,random_sampling,euclidean,uniform,20,50.0,423.0,True,0.04736842105263158,1.0,6.0473721790462776
64,738.0,random_sampling,euclidean,uniform,20,50.0,738.0,True,0.04736842105263158,1.0,6.6039438246004725
65,882.0,random_sampling,euclidean,uniform,20,50.0,882.0,True,0.04736842105263158,1.0000000000000004,6.782192056006791
66,440.0,random_sampling,euclidean,uniform,20,50.0,440.0,True,0.05263157894736842,1.0000000000000002,6.0867747269123065
67,369.0,random_sampling,euclidean,uniform,20,50.0,369.0,True,0.042105263157894736,1.0,5.910796644040527
68,1471.0,random_sampling,euclidean,uniform,20,50.0,1471.0,True,0.04736842105263158,1.0,7.293697720601438
69,761.0,random_sampling,euclidean,uniform,20,50.0,761.0,True,0.04736842105263158,1.0000000000000002,6.634633357861686
70,16378.0,random_sampling,euclidean,uniform,20,50.0,16378.0,True,0.042105263157894736,1.0,9.703694249830134
71,854.0,random_sampling,euclidean,uniform,20,50.0,854.0,True,0.042105263157894736,0.9999999999999998,6.74993119378857
72,92.0,random_sampling,euclidean,uniform,20,50.0,92.0,True,0.04736842105263158,1.0,4.5217885770490405
73,1951.0,random_sampling,euclidean,uniform,20,50.0,1951.0,True,0.03684210526315789,1.0,7.576097340623111
74,115.0,random_sampling,euclidean,uniform,20,50.0,115.0,True,0.042105263157894736,0.9999999999999998,4.74493212836325
75,239.0,random_sampling,euclidean,uniform,20,50.0,239.0,True,0.03684210526315789,1.0,5.476463551931511
76,1200.0,random_sampling,euclidean,uniform,20,50.0,1200.0,True,0.042105263157894736,1.0,7.090076835776092
77,993.0,random_sampling,euclidean,uniform,20,50.0,993.0,True,0.05263157894736842,1.0,6.900730664045173
78,328.0,random_sampling,euclidean,uniform,20,50.0,328.0,True,0.04736842105263158,1.0000000000000002,5.793013608384144
79,116.0,random_sampling,euclidean,uniform,20,50.0,116.0,True,0.042105263157894736,1.0,4.7535901911063645
80,714.0,random_sampling,euclidean,uniform,20,50.0,714.0,True,0.042105263157894736,1.0,6.570882962339584
81,114.0,random_sampling,euclidean,uniform,20,50.0,114.0,True,0.04736842105263158,1.0,4.736198448394496
82,5633.0,random_sampling,euclidean,uniform,20,50.0,5633.0,True,0.042105263157894736,1.0,8.636397438894713
83,416.0,random_sampling,euclidean,uniform,20,50.0,416.0,True,0.042105263157894736,1.0,6.030685260261263
84,286.0,random_sampling,euclidean,uniform,20,50.0,286.0,True,0.04736842105263158,1.0000000000000002,5.655991810819852
85,123.0,random_sampling,euclidean,uniform,20,50.0,123.0,True,0.05263157894736842,1.0,4.812184355372417
86,506.0,random_sampling,euclidean,uniform,20,50.0,506.0,True,0.05263157894736842,0.9999999999999997,6.226536669287466
87,805.0,random_sampling,euclidean,uniform,20,50.0,805.0,True,0.042105263157894736,1.0000000000000004,6.690842277418564
88,165.0,random_sampling,euclidean,uniform,20,50.0,165.0,True,0.04736842105263158,1.0000000000000002,5.10594547390058
89,843.0,random_sampling,euclidean,uniform,20,50.0,843.0,True,0.03684210526315789,1.0000000000000002,6.736966958001855
90,514.0,random_sampling,euclidean,uniform,20,50.0,514.0,True,0.042105263157894736,1.0,6.2422232654551655
91,3919.0,random_sampling,euclidean,uniform,20,50.0,3919.0,True,0.04736842105263158,1.0,8.273591798199632
92,613.0,random_sampling,euclidean,uniform,20,50.0,613.0,True,0.04736842105263158,1.0000000000000004,6.418364935936212
93,1921.0,random_sampling,euclidean,uniform,20,50.0,1921.0,True,0.03684210526315789,1.0000000000000002,7.560601162768557
94,3203.0,random_sampling,euclidean,uniform,20,50.0,3203.0,True,0.04736842105263158,1.0000000000000004,8.071843149609158
95,2188.0,random_sampling,euclidean,uniform,20,50.0,2188.0,True,0.04736842105263158,1.0,7.690743163541872
96,216.0,random_sampling,euclidean,uniform,20,50.0,216.0,True,0.04736842105263158,1.0000000000000002,5.375278407684165
97,458.0,random_sampling,euclidean,uniform,20,50.0,458.0,True,0.042105263157894736,1.0,6.126869184114185
98,620.0,random_sampling,euclidean,uniform,20,50.0,620.0,True,0.042105263157894736,1.0000000000000002,6.429719478039138
0,149.0,random_sampling,euclidean,uniform,20,30.0,149.0,True,0.031578947368421054,1.0,5.003946305945459
1,1286.0,random_sampling,euclidean,uniform,20,30.0,1286.0,True,0.031578947368421054,1.0000000000000002,7.1592919047975645
2,8919.0,random_sampling,euclidean,uniform,20,30.0,8919.0,True,0.02631578947368421,1.0,9.095939111666207
3,236.0,random_sampling,euclidean,uniform,20,30.0,236.0,True,0.02631578947368421,0.9999999999999998,5.4638318050256105
4,1259.0,random_sampling,euclidean,uniform,20,30.0,1259.0,True,0.031578947368421054,1.0,7.138073034044347
5,88.0,random_sampling,euclidean,uniform,20,30.0,88.0,True,0.02631578947368421,0.9999999999999998,4.477336814478207
6,3567.0,random_sampling,euclidean,uniform,20,30.0,3567.0,True,0.02631578947368421,1.0,8.17948018535889
7,456.0,random_sampling,euclidean,uniform,20,30.0,456.0,True,0.02631578947368421,0.9999999999999998,6.1224928095143865
8,120.0,random_sampling,euclidean,uniform,20,30.0,120.0,True,0.02631578947368421,1.0,4.787491742782046
9,163.0,random_sampling,euclidean,uniform,20,30.0,163.0,True,0.031578947368421054,1.0,5.093750200806762
10,337.0,random_sampling,euclidean,uniform,20,30.0,337.0,True,0.02631578947368421,1.0000000000000002,5.820082930352362
11,941.0,random_sampling,euclidean,uniform,20,30.0,941.0,True,0.031578947368421054,1.0,6.846943139585379
12,123.0,random_sampling,euclidean,uniform,20,30.0,123.0,True,0.031578947368421054,1.0,4.812184355372417
13,165.0,random_sampling,euclidean,uniform,20,30.0,165.0,True,0.03684210526315789,1.0000000000000002,5.10594547390058
14,190.0,random_sampling,euclidean,uniform,20,30.0,190.0,True,0.02631578947368421,1.0000000000000004,5.247024072160486
15,2683.0,random_sampling,euclidean,uniform,20,30.0,2683.0,True,0.031578947368421054,1.0,7.894690850425624
16,253.0,random_sampling,euclidean,uniform,20,30.0,253.0,True,0.031578947368421054,1.0000000000000004,5.53338948872752
17,327.0,random_sampling,euclidean,uniform,20,30.0,327.0,True,0.031578947368421054,0.9999999999999998,5.7899601708972535
18,182.0,random_sampling,euclidean,uniform,20,30.0,182.0,True,0.031578947368421054,1.0,5.204006687076795
19,111.0,random_sampling,euclidean,uniform,20,30.0,111.0,True,0.031578947368421054,1.0,4.709530201312334
20,321.0,random_sampling,euclidean,uniform,20,30.0,321.0,True,0.031578947368421054,1.0,5.771441123130016
21,544.0,random_sampling,euclidean,uniform,20,30.0,544.0,True,0.031578947368421054,1.0,6.298949246855942
22,1437.0,random_sampling,euclidean,uniform,20,30.0,1437.0,True,0.02631578947368421,1.0,7.270312886079025
23,113.0,random_sampling,euclidean,uniform,20,30.0,113.0,True,0.031578947368421054,1.0,4.727387818712341
24,125.0,random_sampling,euclidean,uniform,20,30.0,125.0,True,0.031578947368421054,1.0,4.8283137373023015
25,65.0,random_sampling,euclidean,uniform,20,30.0,65.0,True,0.031578947368421054,0.9999999999999998,4.174387269895637
26,105.0,random_sampling,euclidean,uniform,20,30.0,105.0,True,0.03684210526315789,1.0000000000000004,4.653960350157523
27,388.0,random_sampling,euclidean,uniform,20,30.0,388.0,True,0.031578947368421054,1.0,5.961005339623274
28,251.0,random_sampling,euclidean,uniform,20,30.0,251.0,True,0.031578947368421054,1.0000000000000002,5.5254529391317835
29,583.0,random_sampling,euclidean,uniform,20,30.0,583.0,True,0.031578947368421054,0.9999999999999998,6.368187186350492
30,261.0,random_sampling,euclidean,uniform,20,30.0,261.0,True,0.031578947368421054,0.9999999999999998,5.564520407322694
31,305.0,random_sampling,euclidean,uniform,20,30.0,305.0,True,0.031578947368421054,0.9999999999999998,5.720311776607412
32,517.0,random_sampling,euclidean,uniform,20,30.0,517.0,True,0.031578947368421054,0.9999999999999998,6.248042874508429
33,783.0,random_sampling,euclidean,uniform,20,30.0,783.0,True,0.02631578947368421,1.0,6.663132695990803
34,66.0,random_sampling,euclidean,uniform,20,30.0,66.0,True,0.02631578947368421,1.0000000000000002,4.189654742026425
35,515.0,random_sampling,euclidean,uniform,20,30.0,515.0,True,0.031578947368421054,1.0,6.244166900663736
36,626.0,random_sampling,euclidean,uniform,20,30.0,626.0,True,0.031578947368421054,1.0,6.439350371100098
37,393.0,random_sampling,euclidean,uniform,20,30.0,393.0,True,0.031578947368421054,1.0000000000000004,5.973809611869261
38,267.0,random_sampling,euclidean,uniform,20,30.0,267.0,True,0.02631578947368421,0.9999999999999998,5.58724865840025
39,115.0,random_sampling,euclidean,uniform,20,30.0,115.0,True,0.031578947368421054,1.0,4.74493212836325
40,215.0,random_sampling,euclidean,uniform,20,30.0,215.0,True,0.031578947368421054,1.0000000000000002,5.3706380281276624
41,149.0,random_sampling,euclidean,uniform,20,30.0,149.0,True,0.03684210526315789,1.0000000000000002,5.003946305945459
42,99.0,random_sampling,euclidean,uniform,20,30.0,99.0,True,0.031578947368421054,1.0,4.59511985013459
43,527.0,random_sampling,euclidean,uniform,20,30.0,527.0,True,0.02631578947368421,1.0000000000000004,6.267200548541362
44,979.0,random_sampling,euclidean,uniform,20,30.0,979.0,True,0.031578947368421054,1.0,6.88653164253051
45,480.0,random_sampling,euclidean,uniform,20,30.0,480.0,True,0.031578947368421054,0.9999999999999998,6.173786103901937
46,427.0,random_sampling,euclidean,uniform,20,30.0,427.0,True,0.03684210526315789,1.0,6.056784013228625
47,114.0,random_sampling,euclidean,uniform,20,30.0,114.0,True,0.031578947368421054,1.0,4.736198448394496
48,86.0,random_sampling,euclidean,uniform,20,30.0,86.0,True,0.031578947368421054,1.0,4.454347296253507
49,2664.0,random_sampling,euclidean,uniform,20,30.0,2664.0,True,0.03684210526315789,1.0,7.88758403166028
50,179.0,random_sampling,euclidean,uniform,20,30.0,179.0,True,0.031578947368421054,0.9999999999999998,5.187385805840755
51,269.0,random_sampling,euclidean,uniform,20,30.0,269.0,True,0.031578947368421054,1.0,5.594711379601839
52,713.0,random_sampling,euclidean,uniform,20,30.0,713.0,True,0.02631578947368421,1.0,6.569481420414296
53,296.0,random_sampling,euclidean,uniform,20,30.0,296.0,True,0.02631578947368421,0.9999999999999998,5.69035945432406
54,987.0,random_sampling,euclidean,uniform,20,30.0,987.0,True,0.03684210526315789,1.0000000000000002,6.894670039433482
55,389.0,random_sampling,euclidean,uniform,20,30.0,389.0,True,0.031578947368421054,0.9999999999999998,5.963579343618446
56,203.0,random_sampling,euclidean,uniform,20,30.0,203.0,True,0.02631578947368421,1.0,5.313205979041787
57,195.0,random_sampling,euclidean,uniform,20,30.0,195.0,True,0.031578947368421054,1.0,5.272999558563747
58,260.0,random_sampling,euclidean,uniform,20,30.0,260.0,True,0.031578947368421054,1.0,5.560681631015528
59,454.0,random_sampling,euclidean,uniform,20,30.0,454.0,True,0.031578947368421054,0.9999999999999998,6.118097198041348
60,299.0,random_sampling,euclidean,uniform,20,30.0,299.0,True,0.031578947368421054,0.9999999999999998,5.700443573390687
61,255.0,random_sampling,euclidean,uniform,20,30.0,255.0,True,0.02631578947368421,1.0,5.541263545158426
62,1766.0,random_sampling,euclidean,uniform,20,30.0,1766.0,True,0.031578947368421054,0.9999999999999998,7.476472381163905
63,580.0,random_sampling,euclidean,uniform,20,30.0,580.0,True,0.031578947368421054,0.9999999999999998,6.363028103540465
64,66.0,random_sampling,euclidean,uniform,20,30.0,66.0,True,0.02631578947368421,0.9999999999999998,4.189654742026425
65,226.0,random_sampling,euclidean,uniform,20,30.0,226.0,True,0.031578947368421054,1.0,5.420534999272286
66,61.0,random_sampling,euclidean,uniform,20,30.0,61.0,True,0.02631578947368421,1.0000000000000004,4.110873864173311
67,138.0,random_sampling,euclidean,uniform,20,30.0,138.0,True,0.031578947368421054,1.0000000000000002,4.927253685157205
68,250.0,random_sampling,euclidean,uniform,20,30.0,250.0,True,0.02631578947368421,1.0,5.521460917862246
69,391.0,random_sampling,euclidean,uniform,20,30.0,391.0,True,0.031578947368421054,0.9999999999999998,5.968707559985366
70,330.0,random_sampling,euclidean,uniform,20,30.0,330.0,True,0.02631578947368421,1.0,5.799092654460526
71,225.0,random_sampling,euclidean,uniform,20,30.0,225.0,True,0.02631578947368421,1.0000000000000002,5.41610040220442
72,117.0,random_sampling,euclidean,uniform,20,30.0,117.0,True,0.02631578947368421,1.0,4.762173934797756
73,511.0,random_sampling,euclidean,uniform,20,30.0,511.0,True,0.031578947368421054,1.0,6.236369590203704
74,790.0,random_sampling,euclidean,uniform,20,30.0,790.0,True,0.031578947368421054,0.9999999999999998,6.672032945461067
75,511.0,random_sampling,euclidean,uniform,20,30.0,511.0,True,0.02631578947368421,1.0000000000000002,6.236369590203704
76,119.0,random_sampling,euclidean,uniform,20,30.0,119.0,True,0.02631578947368421,1.0000000000000002,4.77912349311153
77,145.0,random_sampling,euclidean,uniform,20,30.0,145.0,True,0.031578947368421054,1.0,4.976733742420574
78,1990.0,random_sampling,euclidean,uniform,20,30.0,1990.0,True,0.031578947368421054,1.0,7.595889917718538
79,189.0,random_sampling,euclidean,uniform,20,30.0,189.0,True,0.03684210526315789,1.0000000000000002,5.241747015059643
80,129.0,random_sampling,euclidean,uniform,20,30.0,129.0,True,0.031578947368421054,1.0,4.859812404361672
81,366.0,random_sampling,euclidean,uniform,20,30.0,366.0,True,0.031578947368421054,1.0,5.902633333401366
82,125.0,random_sampling,euclidean,uniform,20,30.0,125.0,True,0.031578947368421054,0.9999999999999998,4.8283137373023015
83,131.0,random_sampling,euclidean,uniform,20,30.0,131.0,True,0.031578947368421054,1.0000000000000004,4.875197323201151
84,378.0,random_sampling,euclidean,uniform,20,30.0,378.0,True,0.031578947368421054,1.0,5.934894195619588
85,861.0,random_sampling,euclidean,uniform,20,30.0,861.0,True,0.031578947368421054,1.0,6.7580945044277305
86,168.0,random_sampling,euclidean,uniform,20,30.0,168.0,True,0.03684210526315789,1.0000000000000002,5.123963979403259
87,387.0,random_sampling,euclidean,uniform,20,30.0,387.0,True,0.031578947368421054,1.0,5.958424693029782
88,201.0,random_sampling,euclidean,uniform,20,30.0,201.0,True,0.02631578947368421,1.0,5.303304908059076
89,119.0,random_sampling,euclidean,uniform,20,30.0,119.0,True,0.031578947368421054,1.0000000000000002,4.77912349311153
90,435.0,random_sampling,euclidean,uniform,20,30.0,435.0,True,0.031578947368421054,0.9999999999999998,6.075346031088684
91,214.0,random_sampling,euclidean,uniform,20,30.0,214.0,True,0.031578947368421054,0.9999999999999998,5.365976015021851
92,502.0,random_sampling,euclidean,uniform,20,30.0,502.0,True,0.02631578947368421,1.0,6.218600119691729
93,159.0,random_sampling,euclidean,uniform,20,30.0,159.0,True,0.02631578947368421,1.0,5.0689042022202315
94,145.0,random_sampling,euclidean,uniform,20,30.0,145.0,True,0.02631578947368421,0.9999999999999998,4.976733742420574
95,539.0,random_sampling,euclidean,uniform,20,30.0,539.0,True,0.03684210526315789,0.9999999999999998,6.289715570908998
96,189.0,random_sampling,euclidean,uniform,20,30.0,189.0,True,0.03684210526315789,1.0,5.241747015059643
97,364.0,random_sampling,euclidean,uniform,20,30.0,364.0,True,0.031578947368421054,1.0,5.8971538676367405
98,378.0,random_sampling,euclidean,uniform,20,30.0,378.0,True,0.031578947368421054,1.0,5.934894195619588
99,323.0,random_sampling,euclidean,uniform,20,30.0,323.0,True,0.03684210526315789,1.0,5.777652323222656
0,1959.0,random_sampling,euclidean,uniform,30,70.0,1959.0,True,0.027586206896551724,0.9999999999999999,7.580189417944541
1,2043.0,random_sampling,euclidean,uniform,30,70.0,2043.0,True,0.029885057471264367,1.0000000000000002,7.622174594817622
2,18793.0,random_sampling,euclidean,uniform,30,70.0,18793.0,True,0.029885057471264367,0.9999999999999998,9.8412397390566
3,122397.0,random_sampling,euclidean,uniform,30,70.0,122397.0,True,0.029885057471264367,0.9999999999999999,11.71502513895607
4,13771.0,random_sampling,euclidean,uniform,30,70.0,13771.0,True,0.029885057471264367,1.0,9.530320210727126
5,19231.0,random_sampling,euclidean,uniform,30,70.0,19231.0,True,0.027586206896551724,0.9999999999999999,9.864278839310847
6,3686.0,random_sampling,euclidean,uniform,30,70.0,3686.0,True,0.027586206896551724,0.9999999999999999,8.212297138229768
7,125022.0,random_sampling,euclidean,uniform,30,70.0,125022.0,True,0.029885057471264367,1.0000000000000002,11.736245000798256
8,30898.0,random_sampling,euclidean,uniform,30,70.0,30898.0,True,0.02528735632183908,1.0,10.338446735871996
9,50297.0,random_sampling,euclidean,uniform,30,70.0,50297.0,True,0.02528735632183908,1.0,10.82570071216205
10,21296.0,random_sampling,euclidean,uniform,30,70.0,21296.0,True,0.027586206896551724,1.0,9.966274540634894
11,316161.0,random_sampling,euclidean,uniform,30,70.0,316161.0,True,0.029885057471264367,1.0000000000000002,12.664006856492103
12,10415.0,random_sampling,euclidean,uniform,30,70.0,10415.0,True,0.02528735632183908,1.0000000000000002,9.251002353695073
13,51952.0,random_sampling,euclidean,uniform,30,70.0,51952.0,True,0.02528735632183908,1.0,10.858075494342627
14,28931.0,random_sampling,euclidean,uniform,30,70.0,28931.0,True,0.02528735632183908,1.0,10.272668963567046
15,16714.0,random_sampling,euclidean,uniform,30,70.0,16714.0,True,0.029885057471264367,0.9999999999999999,9.724001970561382
16,14766.0,random_sampling,euclidean,uniform,30,70.0,14766.0,True,0.03218390804597701,1.0,9.60008251961911
17,4757.0,random_sampling,euclidean,uniform,30,70.0,4757.0,True,0.029885057471264367,0.9999999999999999,8.467372496432281
18,30955.0,random_sampling,euclidean,uniform,30,70.0,30955.0,True,0.027586206896551724,0.9999999999999998,10.340289815953332
19,7378.0,random_sampling,euclidean,uniform,30,70.0,7378.0,True,0.02528735632183908,1.0000000000000002,8.906257878156621
20,31824.0,random_sampling,euclidean,uniform,30,70.0,31824.0,True,0.027586206896551724,0.9999999999999999,10.367976001093753
21,29653.0,random_sampling,euclidean,uniform,30,70.0,29653.0,True,0.027586206896551724,1.0,10.297318579745925
22,3354.0,random_sampling,euclidean,uniform,30,70.0,3354.0,True,0.02528735632183908,1.0000000000000002,8.117908942383155
23,7782.0,random_sampling,euclidean,uniform,30,70.0,7782.0,True,0.02528735632183908,0.9999999999999999,8.9595686535445
24,15512.0,random_sampling,euclidean,uniform,30,70.0,15512.0,True,0.029885057471264367,1.0000000000000002,9.649369196922487
25,58198.0,random_sampling,euclidean,uniform,30,70.0,58198.0,True,0.029885057471264367,1.0,10.971606268867896
26,5495.0,random_sampling,euclidean,uniform,30,70.0,5495.0,True,0.027586206896551724,1.0000000000000002,8.611593866837723
27,22266.0,random_sampling,euclidean,uniform,30,70.0,22266.0,True,0.027586206896551724,0.9999999999999999,10.010816130288653
28,14306.0,random_sampling,euclidean,uniform,30,70.0,14306.0,True,0.027586206896551724,1.0000000000000002,9.56843430866833
29,23981.0,random_sampling,euclidean,uniform,30,70.0,23981.0,True,0.027586206896551724,1.0,10.085017129129874
30,14249.0,random_sampling,euclidean,uniform,30,70.0,14249.0,True,0.027586206896551724,1.0000000000000002,9.564442007795789
31,51736.0,random_sampling,euclidean,uniform,30,70.0,51736.0,True,0.029885057471264367,1.0,10.853909143126428
32,4920.0,random_sampling,euclidean,uniform,30,70.0,4920.0,True,0.029885057471264367,1.0000000000000002,8.501063809486354
33,6342.0,random_sampling,euclidean,uniform,30,70.0,6342.0,True,0.027586206896551724,0.9999999999999999,8.754949455098293
34,231045.0,random_sampling,euclidean,uniform,30,70.0,231045.0,True,0.03218390804597701,1.0,12.350367775726667
35,2420.0,random_sampling,euclidean,uniform,30,70.0,2420.0,True,0.02528735632183908,1.0,7.791522819150732
36,36242.0,random_sampling,euclidean,uniform,30,70.0,36242.0,True,0.02528735632183908,0.9999999999999999,10.497973946272102
37,28389.0,random_sampling,euclidean,uniform,30,70.0,28389.0,True,0.029885057471264367,1.0000000000000002,10.253757025176343
38,6072.0,random_sampling,euclidean,uniform,30,70.0,6072.0,True,0.03218390804597701,1.0000000000000002,8.711443319075466
39,7271.0,random_sampling,euclidean,uniform,30,70.0,7271.0,True,0.027586206896551724,1.0,8.891649112650057
40,21608.0,random_sampling,euclidean,uniform,30,70.0,21608.0,True,0.03218390804597701,1.0,9.980818895472451
41,58243.0,random_sampling,euclidean,uniform,30,70.0,58243.0,True,0.027586206896551724,0.9999999999999998,10.972379192532934
42,97156.0,random_sampling,euclidean,uniform,30,70.0,97156.0,True,0.034482758620689655,0.9999999999999999,11.4840732130632
43,15257.0,random_sampling,euclidean,uniform,30,70.0,15257.0,True,0.029885057471264367,0.9999999999999997,9.632793693113202
44,30831.0,random_sampling,euclidean,uniform,30,70.0,30831.0,True,0.022988505747126436,1.0000000000000002,10.336275956293182
45,20606.0,random_sampling,euclidean,uniform,30,70.0,20606.0,True,0.029885057471264367,1.0000000000000002,9.933337574505014
46,53210.0,random_sampling,euclidean,uniform,30,70.0,53210.0,True,0.022988505747126436,1.0,10.882001627590414
47,3898.0,random_sampling,euclidean,uniform,30,70.0,3898.0,True,0.027586206896551724,1.0,8.268218880067506
48,12731.0,random_sampling,euclidean,uniform,30,70.0,12731.0,True,0.027586206896551724,0.9999999999999998,9.451795243061646
49,28598.0,random_sampling,euclidean,uniform,30,70.0,28598.0,True,0.02528735632183908,0.9999999999999997,10.261092064292793
50,3319.0,random_sampling,euclidean,uniform,30,70.0,3319.0,True,0.02528735632183908,1.0,8.107418811719974
51,60218.0,random_sampling,euclidean,uniform,30,70.0,60218.0,True,0.027586206896551724,1.0,11.005726589926587
52,578057.0,random_sampling,euclidean,uniform,30,70.0,578057.0,True,0.027586206896551724,0.9999999999999999,13.267427758709239
53,12491.0,random_sampling,euclidean,uniform,30,70.0,12491.0,True,0.03218390804597701,1.0000000000000002,9.43276366396591
54,13657.0,random_sampling,euclidean,uniform,30,70.0,13657.0,True,0.03218390804597701,1.0000000000000002,9.522007489678424
55,93357.0,random_sampling,euclidean,uniform,30,70.0,93357.0,True,0.02528735632183908,0.9999999999999999,11.444186132768047
56,27955.0,random_sampling,euclidean,uniform,30,70.0,27955.0,True,0.02528735632183908,1.0,10.238351353460745
57,53436.0,random_sampling,euclidean,uniform,30,70.0,53436.0,True,0.027586206896551724,1.0,10.886239955109703
58,5344.0,random_sampling,euclidean,uniform,30,70.0,5344.0,True,0.03218390804597701,1.0000000000000002,8.583729715216482
59,395839.0,random_sampling,euclidean,uniform,30,70.0,395839.0,True,0.027586206896551724,1.0,12.888762841909827
60,816.0,random_sampling,euclidean,uniform,30,70.0,816.0,True,0.022988505747126436,1.0,6.704414354964107
61,58028.0,random_sampling,euclidean,uniform,30,70.0,58028.0,True,0.027586206896551724,1.0000000000000002,10.968680931658794
62,59375.0,random_sampling,euclidean,uniform,30,70.0,59375.0,True,0.027586206896551724,1.0,10.991628541336942
63,52201.0,random_sampling,euclidean,uniform,30,70.0,52201.0,True,0.022988505747126436,1.0,10.862856930775358
64,3244.0,random_sampling,euclidean,uniform,30,70.0,3244.0,True,0.027586206896551724,0.9999999999999999,8.084562415235304
65,47674.0,random_sampling,euclidean,uniform,30,70.0,47674.0,True,0.027586206896551724,1.0,10.772141454894674
66,25781.0,random_sampling,euclidean,uniform,30,70.0,25781.0,True,0.029885057471264367,1.0000000000000002,10.15739306550038
67,65452.0,random_sampling,euclidean,uniform,30,70.0,65452.0,True,0.02528735632183908,1.0,11.089072328548786
68,14801.0,random_sampling,euclidean,uniform,30,70.0,14801.0,True,0.027586206896551724,1.0,9.60245002503719
69,150698.0,random_sampling,euclidean,uniform,30,70.0,150698.0,True,0.027586206896551724,1.0000000000000002,11.923033113126388
70,31692.0,random_sampling,euclidean,uniform,30,70.0,31692.0,True,0.02528735632183908,1.0,10.363819562085132
71,48060.0,random_sampling,euclidean,uniform,30,70.0,48060.0,True,0.03218390804597701,1.0000000000000002,10.78020550929046
72,14146.0,random_sampling,euclidean,uniform,30,70.0,14146.0,True,0.02528735632183908,1.0,9.557187177595935
73,5348.0,random_sampling,euclidean,uniform,30,70.0,5348.0,True,0.029885057471264367,1.0000000000000002,8.584477938221834
74,50743.0,random_sampling,euclidean,uniform,30,70.0,50743.0,True,0.02528735632183908,1.0000000000000002,10.834528956356191
75,24227.0,random_sampling,euclidean,uniform,30,70.0,24227.0,True,0.027586206896551724,1.0,10.095222992690658
76,49207.0,random_sampling,euclidean,uniform,30,70.0,49207.0,True,0.027586206896551724,1.0,10.803791168782833
77,55280.0,random_sampling,euclidean,uniform,30,70.0,55280.0,True,0.029885057471264367,0.9999999999999999,10.920166458441551
78,29885.0,random_sampling,euclidean,uniform,30,70.0,29885.0,True,0.029885057471264367,1.0,10.305111961258355
79,52760.0,random_sampling,euclidean,uniform,30,70.0,52760.0,True,0.027586206896551724,1.0000000000000002,10.873508606831251
80,15039.0,random_sampling,euclidean,uniform,30,70.0,15039.0,True,0.029885057471264367,1.0,9.618402105931613
81,6801.0,random_sampling,euclidean,uniform,30,70.0,6801.0,True,0.029885057471264367,1.0000000000000002,8.824824939175638
82,56424.0,random_sampling,euclidean,uniform,30,70.0,56424.0,True,0.027586206896551724,1.0000000000000002,10.940649878888015
83,56771.0,random_sampling,euclidean,uniform,30,70.0,56771.0,True,0.027586206896551724,1.0,10.946780910947098
84,7611.0,random_sampling,euclidean,uniform,30,70.0,7611.0,True,0.027586206896551724,1.0,8.937349848267392
85,37584.0,random_sampling,euclidean,uniform,30,70.0,37584.0,True,0.02528735632183908,1.0000000000000002,10.534333706898694
86,31191.0,random_sampling,euclidean,uniform,30,70.0,31191.0,True,0.029885057471264367,0.9999999999999999,10.34788487064608
87,3073.0,random_sampling,euclidean,uniform,30,70.0,3073.0,True,0.02528735632183908,1.0,8.030409562130485
88,13509.0,random_sampling,euclidean,uniform,30,70.0,13509.0,True,0.02528735632183908,1.0000000000000002,9.51111140896968
89,88103.0,random_sampling,euclidean,uniform,30,70.0,88103.0,True,0.027586206896551724,1.0000000000000002,11.386261863557902
90,56954.0,random_sampling,euclidean,uniform,30,70.0,56954.0,True,0.029885057471264367,1.0000000000000002,10.949999203458866
91,3071.0,random_sampling,euclidean,uniform,30,70.0,3071.0,True,0.03218390804597701,0.9999999999999999,8.029758520440822
92,5386.0,random_sampling,euclidean,uniform,30,70.0,5386.0,True,0.02528735632183908,1.0,8.591558273371545
93,31051.0,random_sampling,euclidean,uniform,30,70.0,31051.0,True,0.027586206896551724,1.0,10.343386292962181
94,40395.0,random_sampling,euclidean,uniform,30,70.0,40395.0,True,0.03218390804597701,1.0000000000000002,10.606461293913808
95,15604.0,random_sampling,euclidean,uniform,30,70.0,15604.0,True,0.027586206896551724,1.0,9.655282570626547
96,67117.0,random_sampling,euclidean,uniform,30,70.0,67117.0,True,0.02528735632183908,1.0,11.114192644075443
97,35894.0,random_sampling,euclidean,uniform,30,70.0,35894.0,True,0.027586206896551724,1.0000000000000002,10.488325429589223
98,29489.0,random_sampling,euclidean,uniform,30,70.0,29489.0,True,0.027586206896551724,0.9999999999999999,10.29177259143444
99,4055.0,random_sampling,euclidean,uniform,30,70.0,4055.0,True,0.029885057471264367,1.0,8.307705966549513
0,456.0,random_sampling,euclidean,uniform,20,80.0,456.0,True,0.06842105263157895,0.9999999999999998,6.1224928095143865
1,858.0,random_sampling,euclidean,uniform,20,80.0,858.0,True,0.06315789473684211,1.0000000000000002,6.754604099487962
2,809.0,random_sampling,euclidean,uniform,20,80.0,809.0,True,0.06315789473684211,1.0,6.695798917058491
3,250.0,random_sampling,euclidean,uniform,20,80.0,250.0,True,0.05263157894736842,0.9999999999999998,5.521460917862246
4,169.0,random_sampling,euclidean,uniform,20,80.0,169.0,True,0.06315789473684211,1.0,5.1298987149230735
5,3353.0,random_sampling,euclidean,uniform,20,80.0,3353.0,True,0.07368421052631578,0.9999999999999998,8.117610746466228
6,2586.0,random_sampling,euclidean,uniform,20,80.0,2586.0,True,0.06315789473684211,1.0,7.857867559331803
7,508.0,random_sampling,euclidean,uniform,20,80.0,508.0,True,0.06842105263157895,1.0,6.230481447578482
8,1366.0,random_sampling,euclidean,uniform,20,80.0,1366.0,True,0.06315789473684211,1.0,7.2196420401307355
9,1482.0,random_sampling,euclidean,uniform,20,80.0,1482.0,True,0.06842105263157895,0.9999999999999998,7.301147805856032
10,180.0,random_sampling,euclidean,uniform,20,80.0,180.0,True,0.06315789473684211,1.0,5.19295685089021
11,906.0,random_sampling,euclidean,uniform,20,80.0,906.0,True,0.05263157894736842,1.0,6.80903930604298
12,246.0,random_sampling,euclidean,uniform,20,80.0,246.0,True,0.05789473684210526,1.0,5.5053315359323625
13,569.0,random_sampling,euclidean,uniform,20,80.0,569.0,True,0.06842105263157895,0.9999999999999998,6.343880434126331
14,4571.0,random_sampling,euclidean,uniform,20,80.0,4571.0,True,0.05263157894736842,1.0,8.427487278331744
15,1858.0,random_sampling,euclidean,uniform,20,80.0,1858.0,True,0.06315789473684211,1.0,7.527255919373784
16,31913.0,random_sampling,euclidean,uniform,20,80.0,31913.0,True,0.05263157894736842,0.9999999999999998,10.370768729268756
17,139.0,random_sampling,euclidean,uniform,20,80.0,139.0,True,0.06842105263157895,1.0,4.9344739331306915
18,1522.0,random_sampling,euclidean,uniform,20,80.0,1522.0,True,0.06315789473684211,1.0,7.3277805384216315
19,840.0,random_sampling,euclidean,uniform,20,80.0,840.0,True,0.06842105263157895,1.0,6.733401891837359
20,949.0,random_sampling,euclidean,uniform,20,80.0,949.0,True,0.07368421052631578,1.0,6.855408798609928
21,766.0,random_sampling,euclidean,uniform,20,80.0,766.0,True,0.06842105263157895,1.0000000000000002,6.641182169740591
22,490.0,random_sampling,euclidean,uniform,20,80.0,490.0,True,0.05789473684210526,1.0,6.194405391104672
23,462.0,random_sampling,euclidean,uniform,20,80.0,462.0,True,0.05263157894736842,1.0000000000000002,6.135564891081739
24,3021.0,random_sampling,euclidean,uniform,20,80.0,3021.0,True,0.06315789473684211,0.9999999999999997,8.013343181386672
25,248.0,random_sampling,euclidean,uniform,20,80.0,248.0,True,0.06315789473684211,1.0,5.5134287461649825
26,405.0,random_sampling,euclidean,uniform,20,80.0,405.0,True,0.07368421052631578,1.0,6.003887067106539
27,2252.0,random_sampling,euclidean,uniform,20,80.0,2252.0,True,0.06842105263157895,1.0,7.719573989259581
28,1108.0,random_sampling,euclidean,uniform,20,80.0,1108.0,True,0.06842105263157895,0.9999999999999998,7.010311867307229
29,783.0,random_sampling,euclidean,uniform,20,80.0,783.0,True,0.06315789473684211,1.0,6.663132695990803
30,632.0,random_sampling,euclidean,uniform,20,80.0,632.0,True,0.06315789473684211,1.0,6.448889394146858
31,232.0,random_sampling,euclidean,uniform,20,80.0,232.0,True,0.05789473684210526,1.0,5.44673737166631
32,2091.0,random_sampling,euclidean,uniform,20,80.0,2091.0,True,0.06842105263157895,1.0000000000000002,7.645397699428633
33,752.0,random_sampling,euclidean,uniform,20,80.0,752.0,True,0.06315789473684211,1.0,6.62273632394984
34,1145.0,random_sampling,euclidean,uniform,20,80.0,1145.0,True,0.06315789473684211,1.0,7.0431599159883405
35,998.0,random_sampling,euclidean,uniform,20,80.0,998.0,True,0.06842105263157895,1.0,6.905753276311464
36,223.0,random_sampling,euclidean,uniform,20,80.0,223.0,True,0.06315789473684211,1.0,5.407171771460119
37,890.0,random_sampling,euclidean,uniform,20,80.0,890.0,True,0.06315789473684211,0.9999999999999998,6.7912214627261855
38,618.0,random_sampling,euclidean,uniform,20,80.0,618.0,True,0.06315789473684211,0.9999999999999998,6.42648845745769
39,195.0,random_sampling,euclidean,uniform,20,80.0,195.0,True,0.05263157894736842,1.0,5.272999558563747
40,403.0,random_sampling,euclidean,uniform,20,80.0,403.0,True,0.07894736842105263,1.0,5.998936561946683
41,387.0,random_sampling,euclidean,uniform,20,80.0,387.0,True,0.06842105263157895,1.0000000000000002,5.958424693029782
42,392.0,random_sampling,euclidean,uniform,20,80.0,392.0,True,0.06842105263157895,1.0,5.971261839790462
43,4667.0,random_sampling,euclidean,uniform,20,80.0,4667.0,True,0.05263157894736842,1.0,8.448271745949816
44,2887.0,random_sampling,euclidean,uniform,20,80.0,2887.0,True,0.05789473684210526,1.0,7.967973179662935
45,502.0,random_sampling,euclidean,uniform,20,80.0,502.0,True,0.06842105263157895,1.0,6.218600119691729
46,675.0,random_sampling,euclidean,uniform,20,80.0,675.0,True,0.06315789473684211,1.0000000000000004,6.51471269087253
47,389.0,random_sampling,euclidean,uniform,20,80.0,389.0,True,0.05789473684210526,1.0,5.963579343618446
48,962.0,random_sampling,euclidean,uniform,20,80.0,962.0,True,0.06315789473684211,0.9999999999999998,6.8690144506657065
49,1442.0,random_sampling,euclidean,uniform,20,80.0,1442.0,True,0.05789473684210526,1.0,7.273786317844895
50,2694.0,random_sampling,euclidean,uniform,20,80.0,2694.0,True,0.05263157894736842,1.0,7.898782356970309
51,2249.0,random_sampling,euclidean,uniform,20,80.0,2249.0,True,0.05789473684210526,1.0000000000000002,7.718240951959316
52,556.0,random_sampling,euclidean,uniform,20,80.0,556.0,True,0.06315789473684211,0.9999999999999998,6.320768294250582
53,650.0,random_sampling,euclidean,uniform,20,80.0,650.0,True,0.06315789473684211,1.0,6.476972362889683
54,2951.0,random_sampling,euclidean,uniform,20,80.0,2951.0,True,0.05789473684210526,1.0000000000000002,7.989899374942939
55,787.0,random_sampling,euclidean,uniform,20,80.0,787.0,True,0.06315789473684211,1.0,6.668228248417403
56,1019.0,random_sampling,euclidean,uniform,20,80.0,1019.0,True,0.05789473684210526,1.0,6.926577033222725
57,495.0,random_sampling,euclidean,uniform,20,80.0,495.0,True,0.06842105263157895,1.0000000000000002,6.20455776256869
58,766.0,random_sampling,euclidean,uniform,20,80.0,766.0,True,0.05789473684210526,1.0,6.641182169740591
59,907.0,random_sampling,euclidean,uniform,20,80.0,907.0,True,0.06842105263157895,0.9999999999999998,6.810142450115136
60,161.0,random_sampling,euclidean,uniform,20,80.0,161.0,True,0.06315789473684211,1.0,5.081404364984463
61,1121.0,random_sampling,euclidean,uniform,20,80.0,1121.0,True,0.06315789473684211,1.0000000000000002,7.02197642307216
62,1788.0,random_sampling,euclidean,uniform,20,80.0,1788.0,True,0.07368421052631578,1.0000000000000002,7.488852955733459
63,301.0,random_sampling,euclidean,uniform,20,80.0,301.0,True,0.06315789473684211,1.0000000000000004,5.707110264748875
64,431.0,random_sampling,euclidean,uniform,20,80.0,431.0,True,0.06842105263157895,1.0,6.066108090103747
65,1584.0,random_sampling,euclidean,uniform,20,80.0,1584.0,True,0.05789473684210526,1.0,7.367708572374371
66,2315.0,random_sampling,euclidean,uniform,20,80.0,2315.0,True,0.06842105263157895,1.0,7.747164966520335
67,503.0,random_sampling,euclidean,uniform,20,80.0,503.0,True,0.06315789473684211,1.0000000000000002,6.220590170099739
68,121.0,random_sampling,euclidean,uniform,20,80.0,121.0,True,0.06315789473684211,0.9999999999999998,4.795790545596741
69,383.0,random_sampling,euclidean,uniform,20,80.0,383.0,True,0.07368421052631578,1.0,5.948034989180646
70,448.0,random_sampling,euclidean,uniform,20,80.0,448.0,True,0.05789473684210526,1.0,6.104793232414985
71,759.0,random_sampling,euclidean,uniform,20,80.0,759.0,True,0.06315789473684211,1.0,6.63200177739563
72,6671.0,random_sampling,euclidean,uniform,20,80.0,6671.0,True,0.06315789473684211,1.0,8.805525052709516
73,229.0,random_sampling,euclidean,uniform,20,80.0,229.0,True,0.06315789473684211,1.0000000000000002,5.43372200355424
74,766.0,random_sampling,euclidean,uniform,20,80.0,766.0,True,0.06842105263157895,1.0,6.641182169740591
75,1253.0,random_sampling,euclidean,uniform,20,80.0,1253.0,True,0.05263157894736842,1.0,7.133295954896068
76,16365.0,random_sampling,euclidean,uniform,20,80.0,16365.0,True,0.06315789473684211,1.0,9.702900186935281
77,3077.0,random_sampling,euclidean,uniform,20,80.0,3077.0,True,0.05789473684210526,1.0,8.031710375322042
78,122.0,random_sampling,euclidean,uniform,20,80.0,122.0,True,0.07368421052631578,1.0,4.804021044733257
79,1025.0,random_sampling,euclidean,uniform,20,80.0,1025.0,True,0.06842105263157895,1.0000000000000002,6.932447891572509
80,921.0,random_sampling,euclidean,uniform,20,80.0,921.0,True,0.06315789473684211,1.0,6.825460036255307
81,377.0,random_sampling,euclidean,uniform,20,80.0,377.0,True,0.06315789473684211,1.0,5.932245187448011
82,2269.0,random_sampling,euclidean,uniform,20,80.0,2269.0,True,0.06315789473684211,1.0,7.727094484779841
83,243.0,random_sampling,euclidean,uniform,20,80.0,243.0,True,0.05263157894736842,1.0,5.493061443340548
84,1583.0,random_sampling,euclidean,uniform,20,80.0,1583.0,True,0.05263157894736842,1.0,7.367077059881012
85,1909.0,random_sampling,euclidean,uniform,20,80.0,1909.0,True,0.05789473684210526,1.0,7.554334823725748
86,595.0,random_sampling,euclidean,uniform,20,80.0,595.0,True,0.05263157894736842,1.0,6.38856140554563
87,258.0,random_sampling,euclidean,uniform,20,80.0,258.0,True,0.06842105263157895,1.0000000000000004,5.552959584921617
88,831.0,random_sampling,euclidean,uniform,20,80.0,831.0,True,0.05789473684210526,1.0,6.7226297948554485
89,822.0,random_sampling,euclidean,uniform,20,80.0,822.0,True,0.06315789473684211,1.0,6.71174039505618
90,642.0,random_sampling,euclidean,uniform,20,80.0,642.0,True,0.06315789473684211,1.0,6.464588303689961
91,288.0,random_sampling,euclidean,uniform,20,80.0,288.0,True,0.05789473684210526,0.9999999999999998,5.662960480135946
92,461.0,random_sampling,euclidean,uniform,20,80.0,461.0,True,0.05789473684210526,0.9999999999999998,6.133398042996649
93,62.0,random_sampling,euclidean,uniform,20,80.0,62.0,True,0.06315789473684211,1.0,4.127134385045092
94,5469.0,random_sampling,euclidean,uniform,20,80.0,5469.0,True,0.06315789473684211,1.0000000000000004,8.606851063346772
95,538.0,random_sampling,euclidean,uniform,20,80.0,538.0,True,0.06842105263157895,1.0,6.2878585601617845
96,776.0,random_sampling,euclidean,uniform,20,80.0,776.0,True,0.07368421052631578,1.0000000000000002,6.654152520183219
97,3184.0,random_sampling,euclidean,uniform,20,80.0,3184.0,True,0.06315789473684211,1.0000000000000002,8.065893546964274
98,1530.0,random_sampling,euclidean,uniform,20,80.0,1530.0,True,0.05263157894736842,1.0,7.333023014386481
99,443.0,random_sampling,euclidean,uniform,20,80.0,443.0,True,0.06315789473684211,1.0,6.093569770045136
0,122.0,random_sampling,euclidean,uniform,20,15.0,122.0,True,0.015789473684210527,1.0,4.804021044733257
1,147.0,random_sampling,euclidean,uniform,20,15.0,147.0,True,0.015789473684210527,1.0,4.990432586778736
2,192.0,random_sampling,euclidean,uniform,20,15.0,192.0,True,0.015789473684210527,1.0,5.2574953720277815
3,136.0,random_sampling,euclidean,uniform,20,15.0,136.0,True,0.015789473684210527,1.0,4.912654885736052
4,284.0,random_sampling,euclidean,uniform,20,15.0,284.0,True,0.015789473684210527,1.0,5.648974238161206
5,152.0,random_sampling,euclidean,uniform,20,15.0,152.0,True,0.015789473684210527,1.0,5.0238805208462765
6,349.0,random_sampling,euclidean,uniform,20,15.0,349.0,True,0.015789473684210527,0.9999999999999998,5.855071922202427
7,92.0,random_sampling,euclidean,uniform,20,15.0,92.0,True,0.015789473684210527,1.0,4.5217885770490405
8,57.0,random_sampling,euclidean,uniform,20,15.0,57.0,True,0.015789473684210527,1.0,4.04305126783455
9,13257.0,random_sampling,euclidean,uniform,20,15.0,13257.0,True,0.015789473684210527,1.0,9.49228099379885
10,251.0,random_sampling,euclidean,uniform,20,15.0,251.0,True,0.015789473684210527,0.9999999999999998,5.5254529391317835
11,158.0,random_sampling,euclidean,uniform,20,15.0,158.0,True,0.015789473684210527,1.0,5.062595033026967
12,170.0,random_sampling,euclidean,uniform,20,15.0,170.0,True,0.015789473684210527,0.9999999999999998,5.135798437050262
13,211.0,random_sampling,euclidean,uniform,20,15.0,211.0,True,0.015789473684210527,1.0,5.351858133476067
14,95.0,random_sampling,euclidean,uniform,20,15.0,95.0,True,0.015789473684210527,1.0,4.553876891600541
15,170.0,random_sampling,euclidean,uniform,20,15.0,170.0,True,0.015789473684210527,1.0,5.135798437050262
16,396.0,random_sampling,euclidean,uniform,20,15.0,396.0,True,0.015789473684210527,1.0,5.981414211254481
17,141.0,random_sampling,euclidean,uniform,20,15.0,141.0,True,0.015789473684210527,1.0,4.948759890378168
18,165.0,random_sampling,euclidean,uniform,20,15.0,165.0,True,0.015789473684210527,1.0,5.10594547390058
19,162.0,random_sampling,euclidean,uniform,20,15.0,162.0,True,0.015789473684210527,1.0000000000000004,5.087596335232384
20,169.0,random_sampling,euclidean,uniform,20,15.0,169.0,True,0.015789473684210527,1.0000000000000002,5.1298987149230735
21,23793.0,random_sampling,euclidean,uniform,20,15.0,23793.0,True,0.015789473684210527,1.0,10.077146698751429
22,224.0,random_sampling,euclidean,uniform,20,15.0,224.0,True,0.015789473684210527,1.0,5.4116460518550396
23,116.0,random_sampling,euclidean,uniform,20,15.0,116.0,True,0.015789473684210527,1.0000000000000002,4.7535901911063645
24,128.0,random_sampling,euclidean,uniform,20,15.0,128.0,True,0.015789473684210527,1.0,4.852030263919617
25,402.0,random_sampling,euclidean,uniform,20,15.0,402.0,True,0.015789473684210527,1.0,5.996452088619021
26,99235.0,random_sampling,euclidean,uniform,20,15.0,99235.0,True,0.015789473684210527,1.0,11.505246053626358
27,301.0,random_sampling,euclidean,uniform,20,15.0,301.0,True,0.015789473684210527,0.9999999999999998,5.707110264748875
28,165.0,random_sampling,euclidean,uniform,20,15.0,165.0,True,0.015789473684210527,1.0,5.10594547390058
29,110.0,random_sampling,euclidean,uniform,20,15.0,110.0,True,0.015789473684210527,1.0000000000000002,4.700480365792417
30,109.0,random_sampling,euclidean,uniform,20,15.0,109.0,True,0.015789473684210527,0.9999999999999997,4.6913478822291435
31,102.0,random_sampling,euclidean,uniform,20,15.0,102.0,True,0.015789473684210527,1.0,4.624972813284271
32,238.0,random_sampling,euclidean,uniform,20,15.0,238.0,True,0.015789473684210527,1.0,5.472270673671475
33,114.0,random_sampling,euclidean,uniform,20,15.0,114.0,True,0.015789473684210527,1.0,4.736198448394496
34,146.0,random_sampling,euclidean,uniform,20,15.0,146.0,True,0.015789473684210527,1.0000000000000002,4.983606621708336
35,211.0,random_sampling,euclidean,uniform,20,15.0,211.0,True,0.015789473684210527,1.0,5.351858133476067
36,180.0,random_sampling,euclidean,uniform,20,15.0,180.0,True,0.015789473684210527,0.9999999999999998,5.19295685089021
37,246.0,random_sampling,euclidean,uniform,20,15.0,246.0,True,0.015789473684210527,1.0,5.5053315359323625
38,184.0,random_sampling,euclidean,uniform,20,15.0,184.0,True,0.015789473684210527,1.0,5.214935757608986
39,188.0,random_sampling,euclidean,uniform,20,15.0,188.0,True,0.015789473684210527,1.0,5.236441962829949
40,85.0,random_sampling,euclidean,uniform,20,15.0,85.0,True,0.015789473684210527,1.0000000000000002,4.442651256490317
41,157.0,random_sampling,euclidean,uniform,20,15.0,157.0,True,0.015789473684210527,1.0,5.056245805348308
42,209.0,random_sampling,euclidean,uniform,20,15.0,209.0,True,0.015789473684210527,1.0,5.342334251964811
43,105.0,random_sampling,euclidean,uniform,20,15.0,105.0,True,0.015789473684210527,1.0000000000000004,4.653960350157523
44,73.0,random_sampling,euclidean,uniform,20,15.0,73.0,True,0.015789473684210527,1.0,4.290459441148391
45,162.0,random_sampling,euclidean,uniform,20,15.0,162.0,True,0.015789473684210527,1.0,5.087596335232384
46,2755286.0,random_sampling,euclidean,uniform,20,15.0,2755286.0,True,0.015789473684210527,1.0000000000000002,14.829031806433406
47,128.0,random_sampling,euclidean,uniform,20,15.0,128.0,True,0.015789473684210527,1.0000000000000002,4.852030263919617
48,3473.0,random_sampling,euclidean,uniform,20,15.0,3473.0,True,0.015789473684210527,1.0000000000000002,8.152774052744075
49,91.0,random_sampling,euclidean,uniform,20,15.0,91.0,True,0.015789473684210527,1.0,4.51085950651685
50,188.0,random_sampling,euclidean,uniform,20,15.0,188.0,True,0.015789473684210527,1.0000000000000004,5.236441962829949
51,87.0,random_sampling,euclidean,uniform,20,15.0,87.0,True,0.015789473684210527,1.0000000000000002,4.465908118654584
52,109.0,random_sampling,euclidean,uniform,20,15.0,109.0,True,0.015789473684210527,0.9999999999999998,4.6913478822291435
53,4267.0,random_sampling,euclidean,uniform,20,15.0,4267.0,True,0.015789473684210527,1.0,8.358666283188
54,440.0,random_sampling,euclidean,uniform,20,15.0,440.0,True,0.015789473684210527,1.0000000000000002,6.0867747269123065
55,213.0,random_sampling,euclidean,uniform,20,15.0,213.0,True,0.015789473684210527,0.9999999999999998,5.3612921657094255
56,234.0,random_sampling,euclidean,uniform,20,15.0,234.0,True,0.015789473684210527,1.0,5.455321115357702
57,114.0,random_sampling,euclidean,uniform,20,15.0,114.0,True,0.015789473684210527,1.0000000000000002,4.736198448394496
58,160.0,random_sampling,euclidean,uniform,20,15.0,160.0,True,0.015789473684210527,1.0,5.075173815233827
59,176.0,random_sampling,euclidean,uniform,20,15.0,176.0,True,0.015789473684210527,1.0000000000000002,5.170483995038151
60,175.0,random_sampling,euclidean,uniform,20,15.0,175.0,True,0.015789473684210527,1.0000000000000002,5.1647859739235145
61,74738.0,random_sampling,euclidean,uniform,20,15.0,74738.0,True,0.015789473684210527,1.0,11.221743943248734
62,130.0,random_sampling,euclidean,uniform,20,15.0,130.0,True,0.015789473684210527,0.9999999999999998,4.867534450455582
63,280.0,random_sampling,euclidean,uniform,20,15.0,280.0,True,0.015789473684210527,1.0000000000000002,5.634789603169249
64,128.0,random_sampling,euclidean,uniform,20,15.0,128.0,True,0.015789473684210527,1.0000000000000002,4.852030263919617
65,337.0,random_sampling,euclidean,uniform,20,15.0,337.0,True,0.015789473684210527,1.0,5.820082930352362
66,969.0,random_sampling,euclidean,uniform,20,15.0,969.0,True,0.015789473684210527,1.0,6.876264611890766
67,241.0,random_sampling,euclidean,uniform,20,15.0,241.0,True,0.015789473684210527,1.0,5.484796933490655
68,161.0,random_sampling,euclidean,uniform,20,15.0,161.0,True,0.015789473684210527,1.0,5.081404364984463
69,125.0,random_sampling,euclidean,uniform,20,15.0,125.0,True,0.015789473684210527,1.0,4.8283137373023015
70,174.0,random_sampling,euclidean,uniform,20,15.0,174.0,True,0.015789473684210527,1.0,5.159055299214529
71,114.0,random_sampling,euclidean,uniform,20,15.0,114.0,True,0.015789473684210527,1.0000000000000002,4.736198448394496
72,4502.0,random_sampling,euclidean,uniform,20,15.0,4502.0,True,0.015789473684210527,0.9999999999999998,8.412277021466677
73,2003.0,random_sampling,euclidean,uniform,20,15.0,2003.0,True,0.015789473684210527,0.9999999999999998,7.602401335665818
74,97.0,random_sampling,euclidean,uniform,20,15.0,97.0,True,0.015789473684210527,1.0,4.574710978503383
75,163.0,random_sampling,euclidean,uniform,20,15.0,163.0,True,0.015789473684210527,1.0,5.093750200806762
76,131.0,random_sampling,euclidean,uniform,20,15.0,131.0,True,0.015789473684210527,1.0,4.875197323201151
77,209.0,random_sampling,euclidean,uniform,20,15.0,209.0,True,0.015789473684210527,1.0,5.342334251964811
78,148.0,random_sampling,euclidean,uniform,20,15.0,148.0,True,0.015789473684210527,1.0000000000000002,4.997212273764115
79,243.0,random_sampling,euclidean,uniform,20,15.0,243.0,True,0.015789473684210527,0.9999999999999998,5.493061443340548
80,144.0,random_sampling,euclidean,uniform,20,15.0,144.0,True,0.015789473684210527,1.0,4.969813299576001
81,11609.0,random_sampling,euclidean,uniform,20,15.0,11609.0,True,0.015789473684210527,1.0,9.359535938338036
82,145.0,random_sampling,euclidean,uniform,20,15.0,145.0,True,0.015789473684210527,1.0,4.976733742420574
83,137.0,random_sampling,euclidean,uniform,20,15.0,137.0,True,0.015789473684210527,1.0,4.919980925828125
84,839.0,random_sampling,euclidean,uniform,20,15.0,839.0,True,0.015789473684210527,1.0,6.732210706467206
85,83.0,random_sampling,euclidean,uniform,20,15.0,83.0,True,0.015789473684210527,1.0,4.418840607796598
86,343.0,random_sampling,euclidean,uniform,20,15.0,343.0,True,0.015789473684210527,1.0,5.8377304471659395
87,4670.0,random_sampling,euclidean,uniform,20,15.0,4670.0,True,0.015789473684210527,0.9999999999999998,8.448914350662942
88,383.0,random_sampling,euclidean,uniform,20,15.0,383.0,True,0.015789473684210527,1.0,5.948034989180646
89,231.0,random_sampling,euclidean,uniform,20,15.0,231.0,True,0.015789473684210527,1.0,5.442417710521793
90,161.0,random_sampling,euclidean,uniform,20,15.0,161.0,True,0.015789473684210527,1.0,5.081404364984463
91,997.0,random_sampling,euclidean,uniform,20,15.0,997.0,True,0.015789473684210527,1.0,6.904750769961838
92,139.0,random_sampling,euclidean,uniform,20,15.0,139.0,True,0.015789473684210527,1.0,4.9344739331306915
93,75.0,random_sampling,euclidean,uniform,20,15.0,75.0,True,0.015789473684210527,1.0,4.31748811353631
94,159.0,random_sampling,euclidean,uniform,20,15.0,159.0,True,0.015789473684210527,1.0,5.0689042022202315
95,181.0,random_sampling,euclidean,uniform,20,15.0,181.0,True,0.015789473684210527,1.0000000000000002,5.198497031265826
96,168.0,random_sampling,euclidean,uniform,20,15.0,168.0,True,0.015789473684210527,1.0000000000000002,5.123963979403259
97,108.0,random_sampling,euclidean,uniform,20,15.0,108.0,True,0.021052631578947368,0.9999999999999998,4.68213122712422
98,917.0,random_sampling,euclidean,uniform,20,15.0,917.0,True,0.015789473684210527,1.0,6.821107472256465
0,2804.0,random_sampling,euclidean,uniform,30,35.0,2804.0,True,0.013793103448275862,1.0000000000000004,7.938802248154481
1,4017.0,random_sampling,euclidean,uniform,30,35.0,4017.0,True,0.013793103448275862,1.0000000000000002,8.298290634359283
2,211.0,random_sampling,euclidean,uniform,30,35.0,211.0,True,0.013793103448275862,0.9999999999999999,5.351858133476067
3,469.0,random_sampling,euclidean,uniform,30,35.0,469.0,True,0.013793103448275862,1.0,6.150602768446279
4,307.0,random_sampling,euclidean,uniform,30,35.0,307.0,True,0.013793103448275862,1.0,5.726847747587197
5,211.0,random_sampling,euclidean,uniform,30,35.0,211.0,True,0.013793103448275862,1.0000000000000002,5.351858133476067
6,166.0,random_sampling,euclidean,uniform,30,35.0,166.0,True,0.011494252873563218,1.0,5.111987788356544
7,538.0,random_sampling,euclidean,uniform,30,35.0,538.0,True,0.016091954022988506,1.0000000000000002,6.2878585601617845
8,21896.0,random_sampling,euclidean,uniform,30,35.0,21896.0,True,0.016091954022988506,1.0,9.994059250720515
9,6228.0,random_sampling,euclidean,uniform,30,35.0,6228.0,True,0.013793103448275862,1.0,8.73681053295389
10,885.0,random_sampling,euclidean,uniform,30,35.0,885.0,True,0.013793103448275862,0.9999999999999997,6.785587645007929
11,1006.0,random_sampling,euclidean,uniform,30,35.0,1006.0,True,0.013793103448275862,1.0000000000000002,6.913737350659685
12,488.0,random_sampling,euclidean,uniform,30,35.0,488.0,True,0.013793103448275862,0.9999999999999998,6.1903154058531475
13,5168.0,random_sampling,euclidean,uniform,30,35.0,5168.0,True,0.013793103448275862,1.0,8.550241045462437
14,751.0,random_sampling,euclidean,uniform,30,35.0,751.0,True,0.011494252873563218,1.0,6.621405651764134
15,851.0,random_sampling,euclidean,uniform,30,35.0,851.0,True,0.013793103448275862,1.0000000000000002,6.7464121285733745
16,2062.0,random_sampling,euclidean,uniform,30,35.0,2062.0,True,0.013793103448275862,1.0000000000000002,7.631431664576906
17,986.0,random_sampling,euclidean,uniform,30,35.0,986.0,True,0.016091954022988506,0.9999999999999999,6.893656354602635
18,14408.0,random_sampling,euclidean,uniform,30,35.0,14408.0,True,0.013793103448275862,1.0000000000000004,9.575538886855792
19,1862.0,random_sampling,euclidean,uniform,30,35.0,1862.0,True,0.013793103448275862,1.0000000000000002,7.529406457837013
20,3539.0,random_sampling,euclidean,uniform,30,35.0,3539.0,True,0.013793103448275862,0.9999999999999998,8.171599480345463
21,2145.0,random_sampling,euclidean,uniform,30,35.0,2145.0,True,0.013793103448275862,1.0000000000000002,7.6708948313621175
22,1829.0,random_sampling,euclidean,uniform,30,35.0,1829.0,True,0.013793103448275862,1.0000000000000002,7.511524648390866
23,70965.0,random_sampling,euclidean,uniform,30,35.0,70965.0,True,0.013793103448275862,0.9999999999999997,11.169942076733358
24,248211.0,random_sampling,euclidean,uniform,30,35.0,248211.0,True,0.013793103448275862,1.0,12.422034469868084
25,812.0,random_sampling,euclidean,uniform,30,35.0,812.0,True,0.013793103448275862,1.0,6.699500340161678
26,1504.0,random_sampling,euclidean,uniform,30,35.0,1504.0,True,0.013793103448275862,1.0000000000000004,7.315883504509785
27,1829.0,random_sampling,euclidean,uniform,30,35.0,1829.0,True,0.013793103448275862,1.0,7.511524648390866
28,257.0,random_sampling,euclidean,uniform,30,35.0,257.0,True,0.011494252873563218,1.0,5.54907608489522
29,1991.0,random_sampling,euclidean,uniform,30,35.0,1991.0,True,0.013793103448275862,1.0,7.596392304064196
30,6216.0,random_sampling,euclidean,uniform,30,35.0,6216.0,True,0.013793103448275862,1.0000000000000002,8.734881892047483
31,982.0,random_sampling,euclidean,uniform,30,35.0,982.0,True,0.013793103448275862,1.0,6.889591308354466
32,5376.0,random_sampling,euclidean,uniform,30,35.0,5376.0,True,0.016091954022988506,0.9999999999999998,8.589699882202986
33,4152.0,random_sampling,euclidean,uniform,30,35.0,4152.0,True,0.016091954022988506,1.0000000000000002,8.331345424845724
34,2142.0,random_sampling,euclidean,uniform,30,35.0,2142.0,True,0.013793103448275862,1.0000000000000002,7.669495251007694
35,6076.0,random_sampling,euclidean,uniform,30,35.0,6076.0,True,0.016091954022988506,1.0,8.712101863715663
36,28566.0,random_sampling,euclidean,uniform,30,35.0,28566.0,True,0.013793103448275862,0.9999999999999997,10.259972478422574
37,14574.0,random_sampling,euclidean,uniform,30,35.0,14574.0,True,0.016091954022988506,1.0,9.586994398230228
38,103761.0,random_sampling,euclidean,uniform,30,35.0,103761.0,True,0.013793103448275862,1.0000000000000002,11.549845456569173
39,983.0,random_sampling,euclidean,uniform,30,35.0,983.0,True,0.011494252873563218,1.0,6.890609120147166
40,1374.0,random_sampling,euclidean,uniform,30,35.0,1374.0,True,0.016091954022988506,1.0000000000000002,7.2254814727822945
41,3763.0,random_sampling,euclidean,uniform,30,35.0,3763.0,True,0.016091954022988506,0.9999999999999998,8.232971790593437
42,851.0,random_sampling,euclidean,uniform,30,35.0,851.0,True,0.016091954022988506,1.0,6.7464121285733745
43,2863.0,random_sampling,euclidean,uniform,30,35.0,2863.0,True,0.016091954022988506,1.0,7.959625305098115
44,7657.0,random_sampling,euclidean,uniform,30,35.0,7657.0,True,0.013793103448275862,1.0000000000000002,8.943375541113124
45,24702.0,random_sampling,euclidean,uniform,30,35.0,24702.0,True,0.013793103448275862,0.9999999999999998,10.11463949099796
46,2416.0,random_sampling,euclidean,uniform,30,35.0,2416.0,True,0.013793103448275862,1.0,7.789868559054706
47,20287.0,random_sampling,euclidean,uniform,30,35.0,20287.0,True,0.013793103448275862,1.0,9.91773556580133
48,258.0,random_sampling,euclidean,uniform,30,35.0,258.0,True,0.013793103448275862,0.9999999999999998,5.552959584921617
49,433.0,random_sampling,euclidean,uniform,30,35.0,433.0,True,0.013793103448275862,1.0000000000000002,6.07073772800249
50,819.0,random_sampling,euclidean,uniform,30,35.0,819.0,True,0.013793103448275862,1.0000000000000002,6.70808408385307
51,1178.0,random_sampling,euclidean,uniform,30,35.0,1178.0,True,0.01839080459770115,0.9999999999999999,7.071573364211532
52,2908.0,random_sampling,euclidean,uniform,30,35.0,2908.0,True,0.013793103448275862,1.0,7.97522083865341
53,8544.0,random_sampling,euclidean,uniform,30,35.0,8544.0,True,0.016091954022988506,1.0000000000000002,9.052984561199976
54,10645.0,random_sampling,euclidean,uniform,30,35.0,10645.0,True,0.013793103448275862,1.0000000000000002,9.27284557732758
55,5589.0,random_sampling,euclidean,uniform,30,35.0,5589.0,True,0.013793103448275862,0.9999999999999997,8.628555659269699
56,5643.0,random_sampling,euclidean,uniform,30,35.0,5643.0,True,0.013793103448275862,1.0000000000000002,8.63817111796914
57,8577.0,random_sampling,euclidean,uniform,30,35.0,8577.0,True,0.016091954022988506,1.0000000000000002,9.056839480990421
58,9038.0,random_sampling,euclidean,uniform,30,35.0,9038.0,True,0.016091954022988506,1.0,9.109193189971226
59,8029.0,random_sampling,euclidean,uniform,30,35.0,8029.0,True,0.013793103448275862,1.0,8.990815266184685
60,987.0,random_sampling,euclidean,uniform,30,35.0,987.0,True,0.013793103448275862,1.0000000000000002,6.894670039433482
61,462.0,random_sampling,euclidean,uniform,30,35.0,462.0,True,0.013793103448275862,0.9999999999999998,6.135564891081739
62,787.0,random_sampling,euclidean,uniform,30,35.0,787.0,True,0.013793103448275862,1.0,6.668228248417403
63,3896.0,random_sampling,euclidean,uniform,30,35.0,3896.0,True,0.016091954022988506,1.0000000000000002,8.267705664762426
64,7715.0,random_sampling,euclidean,uniform,30,35.0,7715.0,True,0.016091954022988506,1.0000000000000004,8.950921764797261
65,2104.0,random_sampling,euclidean,uniform,30,35.0,2104.0,True,0.016091954022988506,1.0000000000000002,7.651595573857601
66,861.0,random_sampling,euclidean,uniform,30,35.0,861.0,True,0.013793103448275862,1.0000000000000002,6.7580945044277305
67,1549.0,random_sampling,euclidean,uniform,30,35.0,1549.0,True,0.013793103448275862,1.0,7.3453648404168685
68,913.0,random_sampling,euclidean,uniform,30,35.0,913.0,True,0.013793103448275862,1.0,6.816735880594968
69,904.0,random_sampling,euclidean,uniform,30,35.0,904.0,True,0.013793103448275862,0.9999999999999998,6.806829360392176
70,7374.0,random_sampling,euclidean,uniform,30,35.0,7374.0,True,0.013793103448275862,1.0,8.90571557879409
71,2267.0,random_sampling,euclidean,uniform,30,35.0,2267.0,True,0.013793103448275862,0.9999999999999998,7.726212650507529
72,6093.0,random_sampling,euclidean,uniform,30,35.0,6093.0,True,0.013793103448275862,1.0,8.714895850248494
73,51499.0,random_sampling,euclidean,uniform,30,35.0,51499.0,True,0.016091954022988506,1.0000000000000002,10.849317668987577
74,609.0,random_sampling,euclidean,uniform,30,35.0,609.0,True,0.016091954022988506,1.0,6.411818267709897
75,441.0,random_sampling,euclidean,uniform,30,35.0,441.0,True,0.013793103448275862,0.9999999999999998,6.089044875446846
76,25416.0,random_sampling,euclidean,uniform,30,35.0,25416.0,True,0.013793103448275862,1.0,10.143134175949353
77,5215.0,random_sampling,euclidean,uniform,30,35.0,5215.0,True,0.013793103448275862,1.0,8.559294367434873
78,17360.0,random_sampling,euclidean,uniform,30,35.0,17360.0,True,0.013793103448275862,1.0000000000000002,9.761923988214342
79,331.0,random_sampling,euclidean,uniform,30,35.0,331.0,True,0.016091954022988506,0.9999999999999997,5.802118375377063
80,245953.0,random_sampling,euclidean,uniform,30,35.0,245953.0,True,0.013793103448275862,1.0,12.412895739750233
81,502.0,random_sampling,euclidean,uniform,30,35.0,502.0,True,0.013793103448275862,0.9999999999999999,6.218600119691729
82,2527.0,random_sampling,euclidean,uniform,30,35.0,2527.0,True,0.013793103448275862,1.0000000000000002,7.834788107388194
83,245.0,random_sampling,euclidean,uniform,30,35.0,245.0,True,0.016091954022988506,1.0000000000000002,5.501258210544727
84,698.0,random_sampling,euclidean,uniform,30,35.0,698.0,True,0.013793103448275862,1.0,6.548219102762372
85,3703.0,random_sampling,euclidean,uniform,30,35.0,3703.0,True,0.013793103448275862,0.9999999999999999,8.216898580913613
86,6576.0,random_sampling,euclidean,uniform,30,35.0,6576.0,True,0.013793103448275862,0.9999999999999999,8.791181936736017
87,939.0,random_sampling,euclidean,uniform,30,35.0,939.0,True,0.011494252873563218,0.9999999999999998,6.844815479208263
88,20479.0,random_sampling,euclidean,uniform,30,35.0,20479.0,True,0.013793103448275862,1.0,9.927155249836312
89,1669.0,random_sampling,euclidean,uniform,30,35.0,1669.0,True,0.016091954022988506,1.0000000000000002,7.419979923661835
90,6853.0,random_sampling,euclidean,uniform,30,35.0,6853.0,True,0.016091954022988506,1.0000000000000002,8.832441791585824
91,586.0,random_sampling,euclidean,uniform,30,35.0,586.0,True,0.011494252873563218,1.0000000000000002,6.373319789577012
92,433.0,random_sampling,euclidean,uniform,30,35.0,433.0,True,0.013793103448275862,1.0000000000000002,6.07073772800249
93,6424.0,random_sampling,euclidean,uniform,30,35.0,6424.0,True,0.011494252873563218,1.0,8.767796255626598
94,180.0,random_sampling,euclidean,uniform,30,35.0,180.0,True,0.016091954022988506,1.0,5.19295685089021
95,2963.0,random_sampling,euclidean,uniform,30,35.0,2963.0,True,0.013793103448275862,0.9999999999999999,7.993957547573565
96,6267.0,random_sampling,euclidean,uniform,30,35.0,6267.0,True,0.013793103448275862,1.0,8.743053050224676
97,7235.0,random_sampling,euclidean,uniform,30,35.0,7235.0,True,0.016091954022988506,1.0,8.886685639065584
98,6300.0,random_sampling,euclidean,uniform,30,35.0,6300.0,True,0.016091954022988506,1.0,8.748304912379623
99,8278.0,random_sampling,euclidean,uniform,30,35.0,8278.0,True,0.01839080459770115,0.9999999999999999,9.021356672308677
0,27852.0,random_sampling,euclidean,uniform,30,65.0,27852.0,True,0.02528735632183908,0.9999999999999999,10.234660056062438
1,29888.0,random_sampling,euclidean,uniform,30,65.0,29888.0,True,0.02528735632183908,1.0000000000000002,10.30521234102857
2,23118.0,random_sampling,euclidean,uniform,30,65.0,23118.0,True,0.022988505747126436,1.0,10.048366813854212
3,13841.0,random_sampling,euclidean,uniform,30,65.0,13841.0,True,0.02528735632183908,1.0,9.535390480896702
4,14076.0,random_sampling,euclidean,uniform,30,65.0,14076.0,True,0.02528735632183908,1.0000000000000002,9.552226498441476
5,14276.0,random_sampling,euclidean,uniform,30,65.0,14276.0,True,0.022988505747126436,1.0000000000000002,9.566335084610051
6,15512.0,random_sampling,euclidean,uniform,30,65.0,15512.0,True,0.02528735632183908,1.0,9.649369196922487
7,15422.0,random_sampling,euclidean,uniform,30,65.0,15422.0,True,0.022988505747126436,1.0,9.643550340392906
8,11359.0,random_sampling,euclidean,uniform,30,65.0,11359.0,True,0.02528735632183908,1.0,9.33776566023142
9,8541.0,random_sampling,euclidean,uniform,30,65.0,8541.0,True,0.02528735632183908,0.9999999999999999,9.052633375946147
10,13853.0,random_sampling,euclidean,uniform,30,65.0,13853.0,True,0.022988505747126436,0.9999999999999999,9.536257094657879
11,52662.0,random_sampling,euclidean,uniform,30,65.0,52662.0,True,0.020689655172413793,0.9999999999999999,10.871649411820172
12,19516.0,random_sampling,euclidean,uniform,30,65.0,19516.0,True,0.022988505747126436,1.0,9.878989920935728
13,191695.0,random_sampling,euclidean,uniform,30,65.0,191695.0,True,0.022988505747126436,1.0000000000000002,12.163660846273135
14,22688.0,random_sampling,euclidean,uniform,30,65.0,22688.0,True,0.027586206896551724,1.0000000000000002,10.029591429331854
15,3476.0,random_sampling,euclidean,uniform,30,65.0,3476.0,True,0.022988505747126436,1.0000000000000002,8.153637486385282
16,7184.0,random_sampling,euclidean,uniform,30,65.0,7184.0,True,0.02528735632183908,1.0000000000000002,8.879611609982035
17,4053.0,random_sampling,euclidean,uniform,30,65.0,4053.0,True,0.027586206896551724,1.0,8.307212626628308
18,34685.0,random_sampling,euclidean,uniform,30,65.0,34685.0,True,0.02528735632183908,1.0,10.454062595819401
19,984902.0,random_sampling,euclidean,uniform,30,65.0,984902.0,True,0.02528735632183908,1.0,13.800297422818744
20,15898.0,random_sampling,euclidean,uniform,30,65.0,15898.0,True,0.02528735632183908,0.9999999999999999,9.673948594133059
21,61531.0,random_sampling,euclidean,uniform,30,65.0,61531.0,True,0.022988505747126436,1.0,11.027296391837153
22,62086.0,random_sampling,euclidean,uniform,30,65.0,62086.0,True,0.02528735632183908,0.9999999999999999,11.036275799671376
23,13506.0,random_sampling,euclidean,uniform,30,65.0,13506.0,True,0.02528735632183908,1.0,9.510889310134788
24,22197.0,random_sampling,euclidean,uniform,30,65.0,22197.0,True,0.029885057471264367,1.0,10.007712423593661
25,7957.0,random_sampling,euclidean,uniform,30,65.0,7957.0,True,0.022988505747126436,0.9999999999999998,8.981807323377534
26,110761.0,random_sampling,euclidean,uniform,30,65.0,110761.0,True,0.02528735632183908,1.0,11.615130005774297
27,128367.0,random_sampling,euclidean,uniform,30,65.0,128367.0,True,0.02528735632183908,1.0,11.762648627859642
28,6954.0,random_sampling,euclidean,uniform,30,65.0,6954.0,True,0.020689655172413793,1.0000000000000002,8.847072312567807
29,6923.0,random_sampling,euclidean,uniform,30,65.0,6923.0,True,0.020689655172413793,1.0,8.842604480678025
30,14675.0,random_sampling,euclidean,uniform,30,65.0,14675.0,True,0.02528735632183908,1.0,9.593900644696298
31,105120.0,random_sampling,euclidean,uniform,30,65.0,105120.0,True,0.02528735632183908,0.9999999999999999,11.562857833718438
32,5387.0,random_sampling,euclidean,uniform,30,65.0,5387.0,True,0.02528735632183908,0.9999999999999999,8.591743922680534
33,8557.0,random_sampling,euclidean,uniform,30,65.0,8557.0,True,0.02528735632183908,1.0000000000000002,9.054504940418054
34,6985.0,random_sampling,euclidean,uniform,30,65.0,6985.0,True,0.020689655172413793,1.0,8.851520271691061
35,14539.0,random_sampling,euclidean,uniform,30,65.0,14539.0,True,0.029885057471264367,1.0000000000000002,9.584589972931425
36,42916.0,random_sampling,euclidean,uniform,30,65.0,42916.0,True,0.027586206896551724,1.0000000000000002,10.666999995756637
37,7049.0,random_sampling,euclidean,uniform,30,65.0,7049.0,True,0.020689655172413793,1.0000000000000002,8.860641041773876
38,429886.0,random_sampling,euclidean,uniform,30,65.0,429886.0,True,0.027586206896551724,1.0000000000000002,12.971275336241142
39,2931.0,random_sampling,euclidean,uniform,30,65.0,2931.0,True,0.022988505747126436,1.0,7.983098940710892
40,132123.0,random_sampling,euclidean,uniform,30,65.0,132123.0,True,0.027586206896551724,1.0,11.79148858587727
41,14873.0,random_sampling,euclidean,uniform,30,65.0,14873.0,True,0.020689655172413793,0.9999999999999999,9.607302767592598
42,88576.0,random_sampling,euclidean,uniform,30,65.0,88576.0,True,0.027586206896551724,1.0000000000000002,11.391616219537287
43,32638.0,random_sampling,euclidean,uniform,30,65.0,32638.0,True,0.02528735632183908,1.0000000000000002,10.39323253269088
44,15772.0,random_sampling,euclidean,uniform,30,65.0,15772.0,True,0.027586206896551724,0.9999999999999999,9.665991494997519
45,9869.0,random_sampling,euclidean,uniform,30,65.0,9869.0,True,0.029885057471264367,0.9999999999999998,9.197153810172008
46,1796.0,random_sampling,euclidean,uniform,30,65.0,1796.0,True,0.022988505747126436,0.9999999999999999,7.493317248862145
47,15150.0,random_sampling,euclidean,uniform,30,65.0,15150.0,True,0.027586206896551724,1.0000000000000002,9.625755810937516
48,87743.0,random_sampling,euclidean,uniform,30,65.0,87743.0,True,0.02528735632183908,0.9999999999999999,11.382167366066378
49,3547.0,random_sampling,euclidean,uniform,30,65.0,3547.0,True,0.022988505747126436,0.9999999999999999,8.173857454773621
50,25841.0,random_sampling,euclidean,uniform,30,65.0,25841.0,True,0.02528735632183908,0.9999999999999999,10.159717656838128
51,2311.0,random_sampling,euclidean,uniform,30,65.0,2311.0,True,0.020689655172413793,1.0,7.745435610274381
52,97990.0,random_sampling,euclidean,uniform,30,65.0,97990.0,True,0.027586206896551724,1.0000000000000004,11.492620711629865
53,1061169.0,random_sampling,euclidean,uniform,30,65.0,1061169.0,True,0.029885057471264367,0.9999999999999998,13.874881688606447
54,8313.0,random_sampling,euclidean,uniform,30,65.0,8313.0,True,0.02528735632183908,1.0,9.025575833531088
55,24338.0,random_sampling,euclidean,uniform,30,65.0,24338.0,True,0.02528735632183908,0.9999999999999998,10.099794193896745
56,38924.0,random_sampling,euclidean,uniform,30,65.0,38924.0,True,0.02528735632183908,0.9999999999999999,10.56936630594188
57,88702.0,random_sampling,euclidean,uniform,30,65.0,88702.0,True,0.022988505747126436,1.0000000000000002,11.393037715957789
58,1382.0,random_sampling,euclidean,uniform,30,65.0,1382.0,True,0.022988505747126436,1.0,7.231287004327616
59,3588.0,random_sampling,euclidean,uniform,30,65.0,3588.0,True,0.02528735632183908,0.9999999999999999,8.185350223178686
60,14702.0,random_sampling,euclidean,uniform,30,65.0,14702.0,True,0.02528735632183908,0.9999999999999999,9.595738817934032
61,1873.0,random_sampling,euclidean,uniform,30,65.0,1873.0,True,0.02528735632183908,0.9999999999999999,7.5352967024440884
62,23560.0,random_sampling,euclidean,uniform,30,65.0,23560.0,True,0.020689655172413793,1.0000000000000002,10.067305637765523
63,58455.0,random_sampling,euclidean,uniform,30,65.0,58455.0,True,0.02528735632183908,1.0000000000000002,10.976012506440918
64,13698.0,random_sampling,euclidean,uniform,30,65.0,13698.0,True,0.02528735632183908,1.0,9.52500511575785
65,7751.0,random_sampling,euclidean,uniform,30,65.0,7751.0,True,0.02528735632183908,1.0,8.955577146281511
66,22325.0,random_sampling,euclidean,uniform,30,65.0,22325.0,True,0.02528735632183908,1.0,10.0134624057447
67,6079.0,random_sampling,euclidean,uniform,30,65.0,6079.0,True,0.022988505747126436,0.9999999999999999,8.712595487748722
68,15477.0,random_sampling,euclidean,uniform,30,65.0,15477.0,True,0.02528735632183908,1.0,9.64711032991276
69,221395.0,random_sampling,euclidean,uniform,30,65.0,221395.0,True,0.02528735632183908,0.9999999999999999,12.307703715442493
70,23034.0,random_sampling,euclidean,uniform,30,65.0,23034.0,True,0.02528735632183908,1.0000000000000004,10.044726664228852
71,26396.0,random_sampling,euclidean,uniform,30,65.0,26396.0,True,0.022988505747126436,1.0000000000000002,10.180967762503313
72,15840.0,random_sampling,euclidean,uniform,30,65.0,15840.0,True,0.02528735632183908,1.0000000000000002,9.670293665368417
73,6483.0,random_sampling,euclidean,uniform,30,65.0,6483.0,True,0.022988505747126436,1.0,8.776938645174996
74,14454.0,random_sampling,euclidean,uniform,30,65.0,14454.0,True,0.02528735632183908,0.9999999999999999,9.578726471842927
75,21212.0,random_sampling,euclidean,uniform,30,65.0,21212.0,True,0.02528735632183908,1.0,9.962322338257021
76,13310.0,random_sampling,euclidean,uniform,30,65.0,13310.0,True,0.022988505747126436,0.9999999999999998,9.496270911389157
77,165506.0,random_sampling,euclidean,uniform,30,65.0,165506.0,True,0.027586206896551724,0.9999999999999999,12.016762726918538
78,103751.0,random_sampling,euclidean,uniform,30,65.0,103751.0,True,0.022988505747126436,1.0000000000000002,11.549749076600712
79,15423.0,random_sampling,euclidean,uniform,30,65.0,15423.0,True,0.022988505747126436,1.0000000000000002,9.643615180723614
80,10092.0,random_sampling,euclidean,uniform,30,65.0,10092.0,True,0.02528735632183908,1.0,9.219498309760949
81,42744.0,random_sampling,euclidean,uniform,30,65.0,42744.0,True,0.022988505747126436,1.0000000000000002,10.662984113637608
82,106942.0,random_sampling,euclidean,uniform,30,65.0,106942.0,True,0.027586206896551724,0.9999999999999999,11.580041910403772
83,30598.0,random_sampling,euclidean,uniform,30,65.0,30598.0,True,0.020689655172413793,0.9999999999999999,10.328689926327325
84,8097.0,random_sampling,euclidean,uniform,30,65.0,8097.0,True,0.022988505747126436,0.9999999999999999,8.999248901686114
85,360206.0,random_sampling,euclidean,uniform,30,65.0,360206.0,True,0.02528735632183908,1.0,12.794431368997808
86,3601.0,random_sampling,euclidean,uniform,30,65.0,3601.0,True,0.027586206896551724,0.9999999999999999,8.188966863648876
87,20016.0,random_sampling,euclidean,uniform,30,65.0,20016.0,True,0.027586206896551724,1.0,9.904287232706693
88,53295.0,random_sampling,euclidean,uniform,30,65.0,53295.0,True,0.02528735632183908,0.9999999999999998,10.883597797123237
89,21735.0,random_sampling,euclidean,uniform,30,65.0,21735.0,True,0.022988505747126436,0.9999999999999999,9.986679143422892
90,26986.0,random_sampling,euclidean,uniform,30,65.0,26986.0,True,0.020689655172413793,0.9999999999999999,10.203073491990732
91,3927.0,random_sampling,euclidean,uniform,30,65.0,3927.0,True,0.022988505747126436,1.0,8.27563105457801
92,16544.0,random_sampling,euclidean,uniform,30,65.0,16544.0,True,0.020689655172413793,1.0,9.713778777308155
93,7181.0,random_sampling,euclidean,uniform,30,65.0,7181.0,True,0.022988505747126436,1.0,8.879193928110318
94,27777.0,random_sampling,euclidean,uniform,30,65.0,27777.0,True,0.02528735632183908,1.0,10.231963619116156
95,191037.0,random_sampling,euclidean,uniform,30,65.0,191037.0,True,0.027586206896551724,1.0,12.160222405545484
96,12083.0,random_sampling,euclidean,uniform,30,65.0,12083.0,True,0.02528735632183908,0.9999999999999997,9.399554785027307
97,100928.0,random_sampling,euclidean,uniform,30,65.0,100928.0,True,0.02528735632183908,0.9999999999999998,11.522162670322711
98,187175.0,random_sampling,euclidean,uniform,30,65.0,187175.0,True,0.02528735632183908,1.0,12.139799287098885
99,16946.0,random_sampling,euclidean,uniform,30,65.0,16946.0,True,0.022988505747126436,1.0000000000000002,9.73778709675841
0,26515.0,random_sampling,euclidean,uniform,30,75.0,26515.0,True,0.03218390804597701,0.9999999999999999,10.18546588957123
1,157097.0,random_sampling,euclidean,uniform,30,75.0,157097.0,True,0.027586206896551724,1.0000000000000002,11.964618727944256
2,3441.0,random_sampling,euclidean,uniform,30,75.0,3441.0,True,0.027586206896551724,1.0000000000000004,8.14351740579748
3,5721.0,random_sampling,euclidean,uniform,30,75.0,5721.0,True,0.027586206896551724,0.9999999999999999,8.651898894268529
4,19818.0,random_sampling,euclidean,uniform,30,75.0,19818.0,True,0.022988505747126436,1.0,9.894345894618844
5,28896.0,random_sampling,euclidean,uniform,30,75.0,28896.0,True,0.029885057471264367,1.0000000000000002,10.271458456216711
6,87008.0,random_sampling,euclidean,uniform,30,75.0,87008.0,True,0.027586206896551724,1.0000000000000002,11.373755347432198
7,28052.0,random_sampling,euclidean,uniform,30,75.0,28052.0,True,0.027586206896551724,1.0,10.241815209656801
8,5660.0,random_sampling,euclidean,uniform,30,75.0,5660.0,True,0.027586206896551724,1.0,8.641179171197228
9,7934.0,random_sampling,euclidean,uniform,30,75.0,7934.0,True,0.02528735632183908,0.9999999999999999,8.978912601074276
10,31109.0,random_sampling,euclidean,uniform,30,75.0,31109.0,True,0.02528735632183908,0.9999999999999999,10.34525244536991
11,6138.0,random_sampling,euclidean,uniform,30,75.0,6138.0,True,0.02528735632183908,1.0000000000000002,8.722254235179681
12,14427.0,random_sampling,euclidean,uniform,30,75.0,14427.0,True,0.027586206896551724,0.9999999999999999,9.576856729945773
13,35122.0,random_sampling,euclidean,uniform,30,75.0,35122.0,True,0.027586206896551724,1.0000000000000002,10.4665829937358
14,81528.0,random_sampling,euclidean,uniform,30,75.0,81528.0,True,0.029885057471264367,1.0000000000000002,11.30870179850853
15,55764.0,random_sampling,euclidean,uniform,30,75.0,55764.0,True,0.029885057471264367,1.0,10.92888377887298
16,121225.0,random_sampling,euclidean,uniform,30,75.0,121225.0,True,0.027586206896551724,0.9999999999999999,11.705403601973552
17,182960.0,random_sampling,euclidean,uniform,30,75.0,182960.0,True,0.02528735632183908,1.0,12.117022828696662
18,5868.0,random_sampling,euclidean,uniform,30,75.0,5868.0,True,0.027586206896551724,1.0,8.677269139262872
19,26231.0,random_sampling,euclidean,uniform,30,75.0,26231.0,True,0.02528735632183908,1.0,10.174697196419377
20,40924.0,random_sampling,euclidean,uniform,30,75.0,40924.0,True,0.027586206896551724,1.0000000000000002,10.61947196699883
21,30436.0,random_sampling,euclidean,uniform,30,75.0,30436.0,True,0.027586206896551724,1.0,10.323381397296414
22,126696.0,random_sampling,euclidean,uniform,30,75.0,126696.0,True,0.029885057471264367,0.9999999999999999,11.749545795171562
23,13912.0,random_sampling,euclidean,uniform,30,75.0,13912.0,True,0.027586206896551724,1.0,9.54050705603412
24,15476.0,random_sampling,euclidean,uniform,30,75.0,15476.0,True,0.027586206896551724,0.9999999999999999,9.647045715820404
25,68016.0,random_sampling,euclidean,uniform,30,75.0,68016.0,True,0.029885057471264367,0.9999999999999998,11.127498250598572
26,227482.0,random_sampling,euclidean,uniform,30,75.0,227482.0,True,0.027586206896551724,0.9999999999999999,12.3348263933638
27,28502.0,random_sampling,euclidean,uniform,30,75.0,28502.0,True,0.027586206896551724,1.0,10.257729539233157
28,24969.0,random_sampling,euclidean,uniform,30,75.0,24969.0,True,0.029885057471264367,0.9999999999999999,10.125390334414204
29,7647.0,random_sampling,euclidean,uniform,30,75.0,7647.0,True,0.029885057471264367,0.9999999999999999,8.942068693044225
30,14340.0,random_sampling,euclidean,uniform,30,75.0,14340.0,True,0.027586206896551724,1.0000000000000002,9.57080811415361
31,28084.0,random_sampling,euclidean,uniform,30,75.0,28084.0,True,0.029885057471264367,1.0000000000000002,10.24295529813714
32,118965.0,random_sampling,euclidean,uniform,30,75.0,118965.0,True,0.02528735632183908,1.0,11.68658461118553
33,16201.0,random_sampling,euclidean,uniform,30,75.0,16201.0,True,0.02528735632183908,1.0,9.692828247710418
34,9058.0,random_sampling,euclidean,uniform,30,75.0,9058.0,True,0.029885057471264367,1.0000000000000004,9.111403624116159
35,6183.0,random_sampling,euclidean,uniform,30,75.0,6183.0,True,0.027586206896551724,0.9999999999999999,8.729558869558568
36,8620.0,random_sampling,euclidean,uniform,30,75.0,8620.0,True,0.02528735632183908,1.0,9.061840363657739
37,15682.0,random_sampling,euclidean,uniform,30,75.0,15682.0,True,0.02528735632183908,1.0000000000000004,9.660268836790868
38,236190.0,random_sampling,euclidean,uniform,30,75.0,236190.0,True,0.02528735632183908,1.0,12.372391844846623
39,7075.0,random_sampling,euclidean,uniform,30,75.0,7075.0,True,0.02528735632183908,1.0,8.864322722511439
40,13501.0,random_sampling,euclidean,uniform,30,75.0,13501.0,True,0.029885057471264367,1.0,9.510519035757246
41,12207.0,random_sampling,euclidean,uniform,30,75.0,12207.0,True,0.02528735632183908,0.9999999999999999,9.4097648366698
42,9724.0,random_sampling,euclidean,uniform,30,75.0,9724.0,True,0.027586206896551724,1.0,9.182352335436015
43,13935.0,random_sampling,euclidean,uniform,30,75.0,13935.0,True,0.029885057471264367,1.0000000000000002,9.542158939916048
44,26048.0,random_sampling,euclidean,uniform,30,75.0,26048.0,True,0.029885057471264367,1.0,10.167696268802267
45,318515.0,random_sampling,euclidean,uniform,30,75.0,318515.0,True,0.027586206896551724,1.0,12.671424848646765
46,1832.0,random_sampling,euclidean,uniform,30,75.0,1832.0,True,0.02528735632183908,0.9999999999999999,7.513163545234075
47,14898.0,random_sampling,euclidean,uniform,30,75.0,14898.0,True,0.029885057471264367,1.0000000000000002,9.608982254736222
48,3359.0,random_sampling,euclidean,uniform,30,75.0,3359.0,True,0.02528735632183908,1.0000000000000002,8.119398589612294
49,269451.0,random_sampling,euclidean,uniform,30,75.0,269451.0,True,0.027586206896551724,1.0000000000000002,12.50414183461844
50,55666.0,random_sampling,euclidean,uniform,30,75.0,55666.0,True,0.027586206896551724,1.0,10.927124826611164
51,59494.0,random_sampling,euclidean,uniform,30,75.0,59494.0,True,0.027586206896551724,1.0,10.993630746112858
52,9358.0,random_sampling,euclidean,uniform,30,75.0,9358.0,True,0.029885057471264367,1.0,9.143986871426161
53,14851.0,random_sampling,euclidean,uniform,30,75.0,14851.0,True,0.02528735632183908,1.0,9.605822482030945
54,17272.0,random_sampling,euclidean,uniform,30,75.0,17272.0,True,0.02528735632183908,0.9999999999999999,9.756841972194643
55,28801.0,random_sampling,euclidean,uniform,30,75.0,28801.0,True,0.027586206896551724,0.9999999999999998,10.268165387743457
56,86850.0,random_sampling,euclidean,uniform,30,75.0,86850.0,True,0.02528735632183908,1.0,11.37193777166925
57,5754.0,random_sampling,euclidean,uniform,30,75.0,5754.0,True,0.029885057471264367,1.0,8.657650544111494
58,3552.0,random_sampling,euclidean,uniform,30,75.0,3552.0,True,0.02528735632183908,1.0000000000000002,8.17526610411206
59,24278.0,random_sampling,euclidean,uniform,30,75.0,24278.0,True,0.027586206896551724,1.0,10.097325869457748
60,61831.0,random_sampling,euclidean,uniform,30,75.0,61831.0,True,0.029885057471264367,1.0000000000000002,11.032160135800446
61,8925.0,random_sampling,euclidean,uniform,30,75.0,8925.0,True,0.027586206896551724,1.0,9.09661160664784
62,1416.0,random_sampling,euclidean,uniform,30,75.0,1416.0,True,0.034482758620689655,0.9999999999999999,7.255591274253665
63,15742.0,random_sampling,euclidean,uniform,30,75.0,15742.0,True,0.029885057471264367,0.9999999999999999,9.664087578702395
64,7337.0,random_sampling,euclidean,uniform,30,75.0,7337.0,True,0.02528735632183908,1.0000000000000002,8.900685318713995
65,31015.0,random_sampling,euclidean,uniform,30,75.0,31015.0,True,0.03218390804597701,1.0,10.342226237407218
66,10868.0,random_sampling,euclidean,uniform,30,75.0,10868.0,True,0.02528735632183908,1.0,9.293577970546238
67,128492.0,random_sampling,euclidean,uniform,30,75.0,128492.0,True,0.029885057471264367,0.9999999999999999,11.763621924570037
68,8243.0,random_sampling,euclidean,uniform,30,75.0,8243.0,True,0.027586206896551724,0.9999999999999998,9.017119634313227
69,49821.0,random_sampling,euclidean,uniform,30,75.0,49821.0,True,0.02528735632183908,1.0,10.816191860874863
70,63401.0,random_sampling,euclidean,uniform,30,75.0,63401.0,True,0.03218390804597701,1.0,11.05723491317159
71,58776.0,random_sampling,euclidean,uniform,30,75.0,58776.0,True,0.029885057471264367,0.9999999999999999,10.981488887300113
72,31738.0,random_sampling,euclidean,uniform,30,75.0,31738.0,True,0.027586206896551724,1.0000000000000002,10.365269980122788
73,3964.0,random_sampling,euclidean,uniform,30,75.0,3964.0,True,0.027586206896551724,1.0000000000000002,8.285008895449879
74,62684.0,random_sampling,euclidean,uniform,30,75.0,62684.0,True,0.027586206896551724,1.0,11.045861510643107
75,35718.0,random_sampling,euclidean,uniform,30,75.0,35718.0,True,0.029885057471264367,1.0,10.483410042381445
76,2405.0,random_sampling,euclidean,uniform,30,75.0,2405.0,True,0.029885057471264367,1.0,7.785305182539862
77,28475.0,random_sampling,euclidean,uniform,30,75.0,28475.0,True,0.02528735632183908,0.9999999999999999,10.256781788315383
78,903.0,random_sampling,euclidean,uniform,30,75.0,903.0,True,0.029885057471264367,1.0,6.805722553416985
79,57443.0,random_sampling,euclidean,uniform,30,75.0,57443.0,True,0.02528735632183908,0.9999999999999999,10.958548430770506
80,182184.0,random_sampling,euclidean,uniform,30,75.0,182184.0,True,0.027586206896551724,1.0,12.112772444364714
81,11469.0,random_sampling,euclidean,uniform,30,75.0,11469.0,True,0.029885057471264367,1.0,9.347403022364523
82,7856.0,random_sampling,euclidean,uniform,30,75.0,7856.0,True,0.027586206896551724,1.0000000000000002,8.969032850034301
83,53319.0,random_sampling,euclidean,uniform,30,75.0,53319.0,True,0.029885057471264367,0.9999999999999999,10.884048019428102
84,4589.0,random_sampling,euclidean,uniform,30,75.0,4589.0,True,0.029885057471264367,1.0,8.431417414394833
85,41027.0,random_sampling,euclidean,uniform,30,75.0,41027.0,True,0.02528735632183908,1.0,10.621985665531742
86,13161.0,random_sampling,euclidean,uniform,30,75.0,13161.0,True,0.02528735632183908,1.0,9.485013189834323
87,6873.0,random_sampling,euclidean,uniform,30,75.0,6873.0,True,0.027586206896551724,0.9999999999999998,8.835355971121606
88,3755.0,random_sampling,euclidean,uniform,30,75.0,3755.0,True,0.027586206896551724,0.9999999999999999,8.230843564198235
89,7660.0,random_sampling,euclidean,uniform,30,75.0,7660.0,True,0.027586206896551724,1.0000000000000002,8.943767262734637
90,33310.0,random_sampling,euclidean,uniform,30,75.0,33310.0,True,0.02528735632183908,1.0,10.413612931187725
91,9622.0,random_sampling,euclidean,uniform,30,75.0,9622.0,True,0.027586206896551724,1.0000000000000002,9.171807422259398
92,28602.0,random_sampling,euclidean,uniform,30,75.0,28602.0,True,0.02528735632183908,1.0,10.261231924432881
93,64770.0,random_sampling,euclidean,uniform,30,75.0,64770.0,True,0.029885057471264367,1.0000000000000002,11.078597812176962
94,7820.0,random_sampling,euclidean,uniform,30,75.0,7820.0,True,0.027586206896551724,0.9999999999999999,8.964439833539357
95,9928.0,random_sampling,euclidean,uniform,30,75.0,9928.0,True,0.029885057471264367,0.9999999999999999,9.203114326884442
96,27375.0,random_sampling,euclidean,uniform,30,75.0,27375.0,True,0.02528735632183908,1.0000000000000002,10.217385467118802
97,11858.0,random_sampling,euclidean,uniform,30,75.0,11858.0,True,0.027586206896551724,1.0,9.380758024267314
98,160029.0,random_sampling,euclidean,uniform,30,75.0,160029.0,True,0.027586206896551724,1.0,11.983110327792167
0,88.0,random_sampling,euclidean,uniform,20,45.0,88.0,True,0.03684210526315789,1.0,4.477336814478207
1,1328.0,random_sampling,euclidean,uniform,20,45.0,1328.0,True,0.02631578947368421,1.0,7.191429330036379
2,567.0,random_sampling,euclidean,uniform,20,45.0,567.0,True,0.03684210526315789,1.0,6.340359303727752
3,229.0,random_sampling,euclidean,uniform,20,45.0,229.0,True,0.03684210526315789,1.0,5.43372200355424
4,391.0,random_sampling,euclidean,uniform,20,45.0,391.0,True,0.04736842105263158,1.0,5.968707559985366
5,484.0,random_sampling,euclidean,uniform,20,45.0,484.0,True,0.03684210526315789,1.0000000000000004,6.182084906716632
6,1588.0,random_sampling,euclidean,uniform,20,45.0,1588.0,True,0.031578947368421054,0.9999999999999998,7.370230641807081
7,1122.0,random_sampling,euclidean,uniform,20,45.0,1122.0,True,0.042105263157894736,1.0000000000000002,7.022868086082641
8,484.0,random_sampling,euclidean,uniform,20,45.0,484.0,True,0.03684210526315789,1.0,6.182084906716632
9,192.0,random_sampling,euclidean,uniform,20,45.0,192.0,True,0.042105263157894736,1.0,5.2574953720277815
10,79.0,random_sampling,euclidean,uniform,20,45.0,79.0,True,0.03684210526315789,1.0,4.3694478524670215
11,1363.0,random_sampling,euclidean,uniform,20,45.0,1363.0,True,0.03684210526315789,1.0000000000000002,7.217443431696533
12,2731.0,random_sampling,euclidean,uniform,20,45.0,2731.0,True,0.042105263157894736,1.0,7.912423121473705
13,327.0,random_sampling,euclidean,uniform,20,45.0,327.0,True,0.03684210526315789,1.0,5.7899601708972535
14,76.0,random_sampling,euclidean,uniform,20,45.0,76.0,True,0.03684210526315789,1.0,4.330733340286331
15,66.0,random_sampling,euclidean,uniform,20,45.0,66.0,True,0.042105263157894736,0.9999999999999997,4.189654742026425
16,218.0,random_sampling,euclidean,uniform,20,45.0,218.0,True,0.042105263157894736,0.9999999999999998,5.384495062789089
17,1124.0,random_sampling,euclidean,uniform,20,45.0,1124.0,True,0.03684210526315789,1.0,7.024649030453636
18,370.0,random_sampling,euclidean,uniform,20,45.0,370.0,True,0.03684210526315789,1.0,5.91350300563827
19,493.0,random_sampling,euclidean,uniform,20,45.0,493.0,True,0.04736842105263158,1.0,6.20050917404269
20,1080.0,random_sampling,euclidean,uniform,20,45.0,1080.0,True,0.031578947368421054,1.0,6.984716320118266
21,650.0,random_sampling,euclidean,uniform,20,45.0,650.0,True,0.042105263157894736,1.0,6.476972362889683
22,2681.0,random_sampling,euclidean,uniform,20,45.0,2681.0,True,0.042105263157894736,0.9999999999999998,7.893945138235959
23,122.0,random_sampling,euclidean,uniform,20,45.0,122.0,True,0.03684210526315789,1.0,4.804021044733257
24,5072.0,random_sampling,euclidean,uniform,20,45.0,5072.0,True,0.042105263157894736,1.0,8.531490496117062
25,477.0,random_sampling,euclidean,uniform,20,45.0,477.0,True,0.042105263157894736,1.0,6.1675164908883415
26,303.0,random_sampling,euclidean,uniform,20,45.0,303.0,True,0.03684210526315789,1.0,5.713732805509369
27,198.0,random_sampling,euclidean,uniform,20,45.0,198.0,True,0.042105263157894736,1.0,5.288267030694535
28,402.0,random_sampling,euclidean,uniform,20,45.0,402.0,True,0.03684210526315789,1.0,5.996452088619021
29,1001.0,random_sampling,euclidean,uniform,20,45.0,1001.0,True,0.03684210526315789,1.0,6.90875477931522
30,145.0,random_sampling,euclidean,uniform,20,45.0,145.0,True,0.042105263157894736,0.9999999999999998,4.976733742420574
31,356.0,random_sampling,euclidean,uniform,20,45.0,356.0,True,0.042105263157894736,1.0000000000000004,5.87493073085203
32,239.0,random_sampling,euclidean,uniform,20,45.0,239.0,True,0.03684210526315789,1.0,5.476463551931511
33,127.0,random_sampling,euclidean,uniform,20,45.0,127.0,True,0.03684210526315789,1.0,4.844187086458591
34,113.0,random_sampling,euclidean,uniform,20,45.0,113.0,True,0.042105263157894736,1.0,4.727387818712341
35,115.0,random_sampling,euclidean,uniform,20,45.0,115.0,True,0.042105263157894736,1.0,4.74493212836325
36,121.0,random_sampling,euclidean,uniform,20,45.0,121.0,True,0.03684210526315789,0.9999999999999998,4.795790545596741
37,471.0,random_sampling,euclidean,uniform,20,45.0,471.0,True,0.03684210526315789,1.0,6.154858094016418
38,103.0,random_sampling,euclidean,uniform,20,45.0,103.0,True,0.03684210526315789,1.0000000000000004,4.634728988229636
39,2391.0,random_sampling,euclidean,uniform,20,45.0,2391.0,True,0.042105263157894736,0.9999999999999998,7.779466967458324
40,255.0,random_sampling,euclidean,uniform,20,45.0,255.0,True,0.03684210526315789,1.0,5.541263545158426
41,310.0,random_sampling,euclidean,uniform,20,45.0,310.0,True,0.03684210526315789,0.9999999999999998,5.736572297479192
42,289.0,random_sampling,euclidean,uniform,20,45.0,289.0,True,0.03684210526315789,1.0000000000000002,5.666426688112432
43,784.0,random_sampling,euclidean,uniform,20,45.0,784.0,True,0.03684210526315789,1.0,6.664409020350408
44,489.0,random_sampling,euclidean,uniform,20,45.0,489.0,True,0.031578947368421054,1.0000000000000004,6.192362489474872
45,440.0,random_sampling,euclidean,uniform,20,45.0,440.0,True,0.042105263157894736,1.0000000000000002,6.0867747269123065
46,174.0,random_sampling,euclidean,uniform,20,45.0,174.0,True,0.03684210526315789,1.0,5.159055299214529
47,1095.0,random_sampling,euclidean,uniform,20,45.0,1095.0,True,0.03684210526315789,1.0000000000000002,6.9985096422506015
48,418.0,random_sampling,euclidean,uniform,20,45.0,418.0,True,0.042105263157894736,0.9999999999999998,6.035481432524756
49,435.0,random_sampling,euclidean,uniform,20,45.0,435.0,True,0.042105263157894736,0.9999999999999998,6.075346031088684
50,965.0,random_sampling,euclidean,uniform,20,45.0,965.0,True,0.042105263157894736,1.0,6.872128101338986
51,936.0,random_sampling,euclidean,uniform,20,45.0,936.0,True,0.03684210526315789,1.0,6.841615476477592
52,909.0,random_sampling,euclidean,uniform,20,45.0,909.0,True,0.03684210526315789,1.0000000000000004,6.812345094177479
53,293.0,random_sampling,euclidean,uniform,20,45.0,293.0,True,0.03684210526315789,1.0,5.680172609017068
54,326.0,random_sampling,euclidean,uniform,20,45.0,326.0,True,0.042105263157894736,1.0,5.786897381366708
55,959.0,random_sampling,euclidean,uniform,20,45.0,959.0,True,0.042105263157894736,1.0,6.8658910748834385
56,466.0,random_sampling,euclidean,uniform,20,45.0,466.0,True,0.03684210526315789,0.9999999999999998,6.144185634125646
57,840.0,random_sampling,euclidean,uniform,20,45.0,840.0,True,0.031578947368421054,0.9999999999999998,6.733401891837359
58,734.0,random_sampling,euclidean,uniform,20,45.0,734.0,True,0.031578947368421054,0.9999999999999998,6.598509028614515
59,2405.0,random_sampling,euclidean,uniform,20,45.0,2405.0,True,0.03684210526315789,0.9999999999999998,7.785305182539862
60,739.0,random_sampling,euclidean,uniform,20,45.0,739.0,True,0.03684210526315789,0.9999999999999998,6.6052979209482015
61,1844.0,random_sampling,euclidean,uniform,20,45.0,1844.0,True,0.03684210526315789,0.9999999999999998,7.519692404116539
62,877.0,random_sampling,euclidean,uniform,20,45.0,877.0,True,0.042105263157894736,1.0,6.776506992372183
63,1847.0,random_sampling,euclidean,uniform,20,45.0,1847.0,True,0.03684210526315789,0.9999999999999998,7.52131798019924
64,445.0,random_sampling,euclidean,uniform,20,45.0,445.0,True,0.03684210526315789,1.0,6.09807428216624
65,1141.0,random_sampling,euclidean,uniform,20,45.0,1141.0,True,0.03684210526315789,1.0000000000000002,7.039660349862076
66,186.0,random_sampling,euclidean,uniform,20,45.0,186.0,True,0.03684210526315789,0.9999999999999998,5.225746673713202
67,942.0,random_sampling,euclidean,uniform,20,45.0,942.0,True,0.03684210526315789,1.0,6.848005274576363
68,246.0,random_sampling,euclidean,uniform,20,45.0,246.0,True,0.03684210526315789,1.0,5.5053315359323625
69,406.0,random_sampling,euclidean,uniform,20,45.0,406.0,True,0.03684210526315789,0.9999999999999998,6.0063531596017325
70,1033.0,random_sampling,euclidean,uniform,20,45.0,1033.0,True,0.03684210526315789,1.0,6.940222469119639
71,547.0,random_sampling,euclidean,uniform,20,45.0,547.0,True,0.03684210526315789,0.9999999999999998,6.304448802421981
72,1559.0,random_sampling,euclidean,uniform,20,45.0,1559.0,True,0.042105263157894736,1.0000000000000004,7.351799869057777
73,215.0,random_sampling,euclidean,uniform,20,45.0,215.0,True,0.03684210526315789,0.9999999999999998,5.3706380281276624
74,285.0,random_sampling,euclidean,uniform,20,45.0,285.0,True,0.042105263157894736,1.0000000000000002,5.652489180268651
75,138.0,random_sampling,euclidean,uniform,20,45.0,138.0,True,0.031578947368421054,1.0000000000000002,4.927253685157205
76,467.0,random_sampling,euclidean,uniform,20,45.0,467.0,True,0.03684210526315789,1.0,6.1463292576688975
77,745.0,random_sampling,euclidean,uniform,20,45.0,745.0,True,0.03684210526315789,0.9999999999999998,6.61338421837956
78,495.0,random_sampling,euclidean,uniform,20,45.0,495.0,True,0.04736842105263158,1.0,6.20455776256869
79,319.0,random_sampling,euclidean,uniform,20,45.0,319.0,True,0.031578947368421054,0.9999999999999998,5.765191102784844
80,228.0,random_sampling,euclidean,uniform,20,45.0,228.0,True,0.031578947368421054,0.9999999999999998,5.429345628954441
81,922.0,random_sampling,euclidean,uniform,20,45.0,922.0,True,0.042105263157894736,1.0000000000000002,6.826545223556594
82,240.0,random_sampling,euclidean,uniform,20,45.0,240.0,True,0.03684210526315789,0.9999999999999998,5.480638923341991
83,418.0,random_sampling,euclidean,uniform,20,45.0,418.0,True,0.03684210526315789,0.9999999999999998,6.035481432524756
84,288.0,random_sampling,euclidean,uniform,20,45.0,288.0,True,0.031578947368421054,1.0000000000000002,5.662960480135946
85,931.0,random_sampling,euclidean,uniform,20,45.0,931.0,True,0.03684210526315789,0.9999999999999997,6.836259277277067
86,117.0,random_sampling,euclidean,uniform,20,45.0,117.0,True,0.042105263157894736,1.0000000000000002,4.762173934797756
87,437.0,random_sampling,euclidean,uniform,20,45.0,437.0,True,0.042105263157894736,1.0,6.07993319509559
88,127.0,random_sampling,euclidean,uniform,20,45.0,127.0,True,0.042105263157894736,1.0,4.844187086458591
89,68.0,random_sampling,euclidean,uniform,20,45.0,68.0,True,0.03684210526315789,1.0,4.219507705176107
90,361.0,random_sampling,euclidean,uniform,20,45.0,361.0,True,0.042105263157894736,1.0,5.8888779583328805
91,207.0,random_sampling,euclidean,uniform,20,45.0,207.0,True,0.03684210526315789,1.0000000000000002,5.332718793265369
92,73.0,random_sampling,euclidean,uniform,20,45.0,73.0,True,0.04736842105263158,0.9999999999999998,4.290459441148391
93,515.0,random_sampling,euclidean,uniform,20,45.0,515.0,True,0.031578947368421054,0.9999999999999998,6.244166900663736
94,237.0,random_sampling,euclidean,uniform,20,45.0,237.0,True,0.042105263157894736,1.0,5.4680601411351315
95,388.0,random_sampling,euclidean,uniform,20,45.0,388.0,True,0.03684210526315789,1.0,5.961005339623274
96,2480.0,random_sampling,euclidean,uniform,20,45.0,2480.0,True,0.042105263157894736,1.0,7.8160138391590275
97,210.0,random_sampling,euclidean,uniform,20,45.0,210.0,True,0.042105263157894736,1.0,5.3471075307174685
98,248.0,random_sampling,euclidean,uniform,20,45.0,248.0,True,0.031578947368421054,0.9999999999999998,5.5134287461649825
0,202.0,random_sampling,euclidean,uniform,20,35.0,202.0,True,0.02631578947368421,1.0000000000000002,5.308267697401205
1,437.0,random_sampling,euclidean,uniform,20,35.0,437.0,True,0.031578947368421054,1.0000000000000002,6.07993319509559
2,213.0,random_sampling,euclidean,uniform,20,35.0,213.0,True,0.031578947368421054,1.0,5.3612921657094255
3,111.0,random_sampling,euclidean,uniform,20,35.0,111.0,True,0.02631578947368421,1.0,4.709530201312334
4,549.0,random_sampling,euclidean,uniform,20,35.0,549.0,True,0.031578947368421054,1.0,6.3080984415095305
5,52.0,random_sampling,euclidean,uniform,20,35.0,52.0,True,0.031578947368421054,1.0,3.9512437185814275
6,235.0,random_sampling,euclidean,uniform,20,35.0,235.0,True,0.02631578947368421,0.9999999999999998,5.459585514144159
7,380.0,random_sampling,euclidean,uniform,20,35.0,380.0,True,0.031578947368421054,1.0,5.940171252720432
8,134.0,random_sampling,euclidean,uniform,20,35.0,134.0,True,0.031578947368421054,1.0,4.897839799950911
9,100.0,random_sampling,euclidean,uniform,20,35.0,100.0,True,0.03684210526315789,1.0,4.605170185988092
10,277.0,random_sampling,euclidean,uniform,20,35.0,277.0,True,0.031578947368421054,1.0000000000000002,5.6240175061873385
11,239.0,random_sampling,euclidean,uniform,20,35.0,239.0,True,0.031578947368421054,1.0000000000000004,5.476463551931511
12,186.0,random_sampling,euclidean,uniform,20,35.0,186.0,True,0.031578947368421054,1.0000000000000004,5.225746673713202
13,219.0,random_sampling,euclidean,uniform,20,35.0,219.0,True,0.031578947368421054,0.9999999999999998,5.389071729816501
14,476.0,random_sampling,euclidean,uniform,20,35.0,476.0,True,0.031578947368421054,0.9999999999999998,6.16541785423142
15,357.0,random_sampling,euclidean,uniform,20,35.0,357.0,True,0.02631578947368421,1.0,5.877735781779639
16,218.0,random_sampling,euclidean,uniform,20,35.0,218.0,True,0.031578947368421054,1.0,5.384495062789089
17,121.0,random_sampling,euclidean,uniform,20,35.0,121.0,True,0.03684210526315789,1.0000000000000002,4.795790545596741
18,111.0,random_sampling,euclidean,uniform,20,35.0,111.0,True,0.031578947368421054,1.0000000000000002,4.709530201312334
19,58.0,random_sampling,euclidean,uniform,20,35.0,58.0,True,0.031578947368421054,1.0,4.060443010546419
20,363.0,random_sampling,euclidean,uniform,20,35.0,363.0,True,0.031578947368421054,1.0,5.8944028342648505
21,626.0,random_sampling,euclidean,uniform,20,35.0,626.0,True,0.03684210526315789,1.0000000000000002,6.439350371100098
22,124.0,random_sampling,euclidean,uniform,20,35.0,124.0,True,0.031578947368421054,1.0,4.820281565605037
23,145.0,random_sampling,euclidean,uniform,20,35.0,145.0,True,0.03684210526315789,1.0000000000000004,4.976733742420574
24,183.0,random_sampling,euclidean,uniform,20,35.0,183.0,True,0.031578947368421054,1.0000000000000002,5.209486152841421
25,265.0,random_sampling,euclidean,uniform,20,35.0,265.0,True,0.03684210526315789,1.0,5.579729825986222
26,125.0,random_sampling,euclidean,uniform,20,35.0,125.0,True,0.031578947368421054,1.0000000000000004,4.8283137373023015
27,921.0,random_sampling,euclidean,uniform,20,35.0,921.0,True,0.03684210526315789,1.0,6.825460036255307
28,164.0,random_sampling,euclidean,uniform,20,35.0,164.0,True,0.031578947368421054,1.0,5.099866427824199
29,661.0,random_sampling,euclidean,uniform,20,35.0,661.0,True,0.031578947368421054,0.9999999999999998,6.493753839851686
30,352.0,random_sampling,euclidean,uniform,20,35.0,352.0,True,0.031578947368421054,1.0000000000000004,5.863631175598097
31,98.0,random_sampling,euclidean,uniform,20,35.0,98.0,True,0.031578947368421054,1.0000000000000002,4.584967478670572
32,164.0,random_sampling,euclidean,uniform,20,35.0,164.0,True,0.02631578947368421,0.9999999999999997,5.099866427824199
33,378.0,random_sampling,euclidean,uniform,20,35.0,378.0,True,0.031578947368421054,0.9999999999999998,5.934894195619588
34,4672.0,random_sampling,euclidean,uniform,20,35.0,4672.0,True,0.031578947368421054,1.0,8.449342524508063
35,278.0,random_sampling,euclidean,uniform,20,35.0,278.0,True,0.02631578947368421,1.0000000000000004,5.627621113690637
36,146.0,random_sampling,euclidean,uniform,20,35.0,146.0,True,0.031578947368421054,0.9999999999999998,4.983606621708336
37,1991.0,random_sampling,euclidean,uniform,20,35.0,1991.0,True,0.03684210526315789,1.0,7.596392304064196
38,115.0,random_sampling,euclidean,uniform,20,35.0,115.0,True,0.02631578947368421,1.0000000000000002,4.74493212836325
39,196.0,random_sampling,euclidean,uniform,20,35.0,196.0,True,0.031578947368421054,1.0,5.278114659230517
40,863.0,random_sampling,euclidean,uniform,20,35.0,863.0,True,0.031578947368421054,1.0,6.760414691083428
41,947.0,random_sampling,euclidean,uniform,20,35.0,947.0,True,0.031578947368421054,0.9999999999999998,6.853299093186078
42,126.0,random_sampling,euclidean,uniform,20,35.0,126.0,True,0.03684210526315789,0.9999999999999998,4.836281906951478
43,152.0,random_sampling,euclidean,uniform,20,35.0,152.0,True,0.02631578947368421,1.0,5.0238805208462765
44,156.0,random_sampling,euclidean,uniform,20,35.0,156.0,True,0.02631578947368421,1.0,5.049856007249537
45,278.0,random_sampling,euclidean,uniform,20,35.0,278.0,True,0.031578947368421054,1.0,5.627621113690637
46,200.0,random_sampling,euclidean,uniform,20,35.0,200.0,True,0.031578947368421054,1.0000000000000002,5.298317366548036
47,475.0,random_sampling,euclidean,uniform,20,35.0,475.0,True,0.031578947368421054,1.0,6.163314804034641
48,351.0,random_sampling,euclidean,uniform,20,35.0,351.0,True,0.031578947368421054,1.0,5.860786223465865
49,689.0,random_sampling,euclidean,uniform,20,35.0,689.0,True,0.031578947368421054,1.0000000000000002,6.535241271013659
50,173.0,random_sampling,euclidean,uniform,20,35.0,173.0,True,0.031578947368421054,1.0000000000000002,5.153291594497779
51,311.0,random_sampling,euclidean,uniform,20,35.0,311.0,True,0.02631578947368421,1.0000000000000002,5.739792912179234
52,216.0,random_sampling,euclidean,uniform,20,35.0,216.0,True,0.031578947368421054,1.0000000000000002,5.375278407684165
53,486.0,random_sampling,euclidean,uniform,20,35.0,486.0,True,0.03684210526315789,0.9999999999999998,6.186208623900494
54,969.0,random_sampling,euclidean,uniform,20,35.0,969.0,True,0.02631578947368421,1.0,6.876264611890766
55,303.0,random_sampling,euclidean,uniform,20,35.0,303.0,True,0.031578947368421054,1.0,5.713732805509369
56,928.0,random_sampling,euclidean,uniform,20,35.0,928.0,True,0.02631578947368421,1.0,6.833031732786201
57,174.0,random_sampling,euclidean,uniform,20,35.0,174.0,True,0.03684210526315789,1.0000000000000004,5.159055299214529
58,338.0,random_sampling,euclidean,uniform,20,35.0,338.0,True,0.031578947368421054,1.0,5.823045895483019
59,509.0,random_sampling,euclidean,uniform,20,35.0,509.0,True,0.02631578947368421,1.0000000000000002,6.2324480165505225
60,174.0,random_sampling,euclidean,uniform,20,35.0,174.0,True,0.02631578947368421,1.0,5.159055299214529
61,216.0,random_sampling,euclidean,uniform,20,35.0,216.0,True,0.02631578947368421,0.9999999999999998,5.375278407684165
62,1080.0,random_sampling,euclidean,uniform,20,35.0,1080.0,True,0.02631578947368421,0.9999999999999998,6.984716320118266
63,123.0,random_sampling,euclidean,uniform,20,35.0,123.0,True,0.031578947368421054,1.0000000000000002,4.812184355372417
64,365.0,random_sampling,euclidean,uniform,20,35.0,365.0,True,0.03684210526315789,0.9999999999999998,5.8998973535824915
65,258.0,random_sampling,euclidean,uniform,20,35.0,258.0,True,0.031578947368421054,1.0000000000000002,5.552959584921617
66,274.0,random_sampling,euclidean,uniform,20,35.0,274.0,True,0.031578947368421054,1.0000000000000002,5.6131281063880705
67,452.0,random_sampling,euclidean,uniform,20,35.0,452.0,True,0.031578947368421054,0.9999999999999998,6.113682179832232
68,77.0,random_sampling,euclidean,uniform,20,35.0,77.0,True,0.02631578947368421,0.9999999999999998,4.343805421853684
69,248.0,random_sampling,euclidean,uniform,20,35.0,248.0,True,0.031578947368421054,1.0,5.5134287461649825
70,432.0,random_sampling,euclidean,uniform,20,35.0,432.0,True,0.03684210526315789,1.0,6.068425588244111
71,118.0,random_sampling,euclidean,uniform,20,35.0,118.0,True,0.02631578947368421,1.0000000000000002,4.770684624465665
72,365.0,random_sampling,euclidean,uniform,20,35.0,365.0,True,0.031578947368421054,1.0,5.8998973535824915
73,116.0,random_sampling,euclidean,uniform,20,35.0,116.0,True,0.03684210526315789,1.0000000000000004,4.7535901911063645
74,292.0,random_sampling,euclidean,uniform,20,35.0,292.0,True,0.031578947368421054,1.0,5.676753802268282
75,207.0,random_sampling,euclidean,uniform,20,35.0,207.0,True,0.03684210526315789,1.0,5.332718793265369
76,717.0,random_sampling,euclidean,uniform,20,35.0,717.0,True,0.031578947368421054,0.9999999999999998,6.57507584059962
77,906.0,random_sampling,euclidean,uniform,20,35.0,906.0,True,0.031578947368421054,1.0000000000000004,6.80903930604298
78,271.0,random_sampling,euclidean,uniform,20,35.0,271.0,True,0.02631578947368421,0.9999999999999998,5.602118820879701
79,387.0,random_sampling,euclidean,uniform,20,35.0,387.0,True,0.031578947368421054,0.9999999999999998,5.958424693029782
80,225.0,random_sampling,euclidean,uniform,20,35.0,225.0,True,0.02631578947368421,1.0,5.41610040220442
81,78.0,random_sampling,euclidean,uniform,20,35.0,78.0,True,0.02631578947368421,1.0000000000000004,4.356708826689592
82,1239.0,random_sampling,euclidean,uniform,20,35.0,1239.0,True,0.031578947368421054,0.9999999999999998,7.122059881629142
83,1223.0,random_sampling,euclidean,uniform,20,35.0,1223.0,True,0.031578947368421054,0.9999999999999998,7.109062135687172
84,330.0,random_sampling,euclidean,uniform,20,35.0,330.0,True,0.031578947368421054,1.0000000000000004,5.799092654460526
85,12523.0,random_sampling,euclidean,uniform,20,35.0,12523.0,True,0.042105263157894736,1.0,9.435322232564033
86,78.0,random_sampling,euclidean,uniform,20,35.0,78.0,True,0.031578947368421054,1.0000000000000004,4.356708826689592
87,6125.0,random_sampling,euclidean,uniform,20,35.0,6125.0,True,0.031578947368421054,1.0,8.720134035412928
88,124.0,random_sampling,euclidean,uniform,20,35.0,124.0,True,0.031578947368421054,1.0000000000000002,4.820281565605037
89,106.0,random_sampling,euclidean,uniform,20,35.0,106.0,True,0.02631578947368421,1.0000000000000004,4.663439094112067
90,128.0,random_sampling,euclidean,uniform,20,35.0,128.0,True,0.031578947368421054,1.0,4.852030263919617
91,201.0,random_sampling,euclidean,uniform,20,35.0,201.0,True,0.02631578947368421,1.0000000000000002,5.303304908059076
92,255.0,random_sampling,euclidean,uniform,20,35.0,255.0,True,0.031578947368421054,1.0000000000000004,5.541263545158426
93,156.0,random_sampling,euclidean,uniform,20,35.0,156.0,True,0.031578947368421054,1.0,5.049856007249537
94,235.0,random_sampling,euclidean,uniform,20,35.0,235.0,True,0.031578947368421054,1.0000000000000002,5.459585514144159
95,155.0,random_sampling,euclidean,uniform,20,35.0,155.0,True,0.02631578947368421,1.0,5.043425116919247
96,252.0,random_sampling,euclidean,uniform,20,35.0,252.0,True,0.02631578947368421,0.9999999999999998,5.529429087511423
97,79.0,random_sampling,euclidean,uniform,20,35.0,79.0,True,0.031578947368421054,1.0000000000000004,4.3694478524670215
98,85.0,random_sampling,euclidean,uniform,20,35.0,85.0,True,0.02631578947368421,0.9999999999999998,4.442651256490317
99,905.0,random_sampling,euclidean,uniform,20,35.0,905.0,True,0.03684210526315789,1.0,6.807934943699926
0,95.0,random_sampling,euclidean,uniform,20,5.0,95.0,True,0.005263157894736842,,4.553876891600541
1,95.0,random_sampling,euclidean,uniform,20,5.0,95.0,True,0.005263157894736842,,4.553876891600541
2,95.0,random_sampling,euclidean,uniform,20,5.0,95.0,True,0.005263157894736842,,4.553876891600541
3,95.0,random_sampling,euclidean,uniform,20,5.0,95.0,True,0.005263157894736842,,4.553876891600541
4,95.0,random_sampling,euclidean,uniform,20,5.0,95.0,True,0.005263157894736842,,4.553876891600541
5,95.0,random_sampling,euclidean,uniform,20,5.0,95.0,True,0.005263157894736842,,4.553876891600541
6,95.0,random_sampling,euclidean,uniform,20,5.0,95.0,True,0.005263157894736842,,4.553876891600541
7,95.0,random_sampling,euclidean,uniform,20,5.0,95.0,True,0.005263157894736842,,4.553876891600541
8,95.0,random_sampling,euclidean,uniform,20,5.0,95.0,True,0.005263157894736842,,4.553876891600541
9,95.0,random_sampling,euclidean,uniform,20,5.0,95.0,True,0.005263157894736842,,4.553876891600541
10,95.0,random_sampling,euclidean,uniform,20,5.0,95.0,True,0.005263157894736842,,4.553876891600541
11,95.0,random_sampling,euclidean,uniform,20,5.0,95.0,True,0.005263157894736842,,4.553876891600541
12,95.0,random_sampling,euclidean,uniform,20,5.0,95.0,True,0.005263157894736842,,4.553876891600541
13,95.0,random_sampling,euclidean,uniform,20,5.0,95.0,True,0.005263157894736842,,4.553876891600541
14,95.0,random_sampling,euclidean,uniform,20,5.0,95.0,True,0.005263157894736842,,4.553876891600541
15,95.0,random_sampling,euclidean,uniform,20,5.0,95.0,True,0.005263157894736842,,4.553876891600541
16,95.0,random_sampling,euclidean,uniform,20,5.0,95.0,True,0.005263157894736842,,4.553876891600541
17,95.0,random_sampling,euclidean,uniform,20,5.0,95.0,True,0.005263157894736842,,4.553876891600541
18,95.0,random_sampling,euclidean,uniform,20,5.0,95.0,True,0.005263157894736842,,4.553876891600541
19,95.0,random_sampling,euclidean,uniform,20,5.0,95.0,True,0.005263157894736842,,4.553876891600541
20,95.0,random_sampling,euclidean,uniform,20,5.0,95.0,True,0.005263157894736842,,4.553876891600541
21,95.0,random_sampling,euclidean,uniform,20,5.0,95.0,True,0.005263157894736842,,4.553876891600541
22,95.0,random_sampling,euclidean,uniform,20,5.0,95.0,True,0.005263157894736842,,4.553876891600541
23,95.0,random_sampling,euclidean,uniform,20,5.0,95.0,True,0.005263157894736842,,4.553876891600541
24,95.0,random_sampling,euclidean,uniform,20,5.0,95.0,True,0.005263157894736842,,4.553876891600541
25,95.0,random_sampling,euclidean,uniform,20,5.0,95.0,True,0.005263157894736842,,4.553876891600541
26,95.0,random_sampling,euclidean,uniform,20,5.0,95.0,True,0.005263157894736842,,4.553876891600541
27,95.0,random_sampling,euclidean,uniform,20,5.0,95.0,True,0.005263157894736842,,4.553876891600541
28,95.0,random_sampling,euclidean,uniform,20,5.0,95.0,True,0.005263157894736842,,4.553876891600541
29,95.0,random_sampling,euclidean,uniform,20,5.0,95.0,True,0.005263157894736842,,4.553876891600541
30,95.0,random_sampling,euclidean,uniform,20,5.0,95.0,True,0.005263157894736842,,4.553876891600541
31,95.0,random_sampling,euclidean,uniform,20,5.0,95.0,True,0.005263157894736842,,4.553876891600541
32,95.0,random_sampling,euclidean,uniform,20,5.0,95.0,True,0.005263157894736842,,4.553876891600541
33,95.0,random_sampling,euclidean,uniform,20,5.0,95.0,True,0.005263157894736842,,4.553876891600541
34,95.0,random_sampling,euclidean,uniform,20,5.0,95.0,True,0.005263157894736842,,4.553876891600541
35,95.0,random_sampling,euclidean,uniform,20,5.0,95.0,True,0.005263157894736842,,4.553876891600541
36,95.0,random_sampling,euclidean,uniform,20,5.0,95.0,True,0.005263157894736842,,4.553876891600541
37,95.0,random_sampling,euclidean,uniform,20,5.0,95.0,True,0.005263157894736842,,4.553876891600541
38,95.0,random_sampling,euclidean,uniform,20,5.0,95.0,True,0.005263157894736842,,4.553876891600541
39,95.0,random_sampling,euclidean,uniform,20,5.0,95.0,True,0.005263157894736842,,4.553876891600541
40,95.0,random_sampling,euclidean,uniform,20,5.0,95.0,True,0.005263157894736842,,4.553876891600541
41,95.0,random_sampling,euclidean,uniform,20,5.0,95.0,True,0.005263157894736842,,4.553876891600541
42,95.0,random_sampling,euclidean,uniform,20,5.0,95.0,True,0.005263157894736842,,4.553876891600541
43,95.0,random_sampling,euclidean,uniform,20,5.0,95.0,True,0.005263157894736842,,4.553876891600541
44,95.0,random_sampling,euclidean,uniform,20,5.0,95.0,True,0.005263157894736842,,4.553876891600541
45,95.0,random_sampling,euclidean,uniform,20,5.0,95.0,True,0.005263157894736842,,4.553876891600541
46,95.0,random_sampling,euclidean,uniform,20,5.0,95.0,True,0.005263157894736842,,4.553876891600541
47,95.0,random_sampling,euclidean,uniform,20,5.0,95.0,True,0.005263157894736842,,4.553876891600541
48,95.0,random_sampling,euclidean,uniform,20,5.0,95.0,True,0.005263157894736842,,4.553876891600541
49,95.0,random_sampling,euclidean,uniform,20,5.0,95.0,True,0.005263157894736842,,4.553876891600541
50,95.0,random_sampling,euclidean,uniform,20,5.0,95.0,True,0.005263157894736842,,4.553876891600541
51,95.0,random_sampling,euclidean,uniform,20,5.0,95.0,True,0.005263157894736842,,4.553876891600541
52,95.0,random_sampling,euclidean,uniform,20,5.0,95.0,True,0.005263157894736842,,4.553876891600541
53,95.0,random_sampling,euclidean,uniform,20,5.0,95.0,True,0.005263157894736842,,4.553876891600541
54,95.0,random_sampling,euclidean,uniform,20,5.0,95.0,True,0.005263157894736842,,4.553876891600541
55,95.0,random_sampling,euclidean,uniform,20,5.0,95.0,True,0.005263157894736842,,4.553876891600541
56,95.0,random_sampling,euclidean,uniform,20,5.0,95.0,True,0.005263157894736842,,4.553876891600541
57,95.0,random_sampling,euclidean,uniform,20,5.0,95.0,True,0.005263157894736842,,4.553876891600541
58,95.0,random_sampling,euclidean,uniform,20,5.0,95.0,True,0.005263157894736842,,4.553876891600541
59,95.0,random_sampling,euclidean,uniform,20,5.0,95.0,True,0.005263157894736842,,4.553876891600541
60,95.0,random_sampling,euclidean,uniform,20,5.0,95.0,True,0.005263157894736842,,4.553876891600541
61,95.0,random_sampling,euclidean,uniform,20,5.0,95.0,True,0.005263157894736842,,4.553876891600541
62,95.0,random_sampling,euclidean,uniform,20,5.0,95.0,True,0.005263157894736842,,4.553876891600541
63,95.0,random_sampling,euclidean,uniform,20,5.0,95.0,True,0.005263157894736842,,4.553876891600541
64,95.0,random_sampling,euclidean,uniform,20,5.0,95.0,True,0.005263157894736842,,4.553876891600541
65,95.0,random_sampling,euclidean,uniform,20,5.0,95.0,True,0.005263157894736842,,4.553876891600541
66,95.0,random_sampling,euclidean,uniform,20,5.0,95.0,True,0.005263157894736842,,4.553876891600541
67,95.0,random_sampling,euclidean,uniform,20,5.0,95.0,True,0.005263157894736842,,4.553876891600541
68,95.0,random_sampling,euclidean,uniform,20,5.0,95.0,True,0.005263157894736842,,4.553876891600541
69,95.0,random_sampling,euclidean,uniform,20,5.0,95.0,True,0.005263157894736842,,4.553876891600541
70,95.0,random_sampling,euclidean,uniform,20,5.0,95.0,True,0.005263157894736842,,4.553876891600541
71,95.0,random_sampling,euclidean,uniform,20,5.0,95.0,True,0.005263157894736842,,4.553876891600541
72,95.0,random_sampling,euclidean,uniform,20,5.0,95.0,True,0.005263157894736842,,4.553876891600541
73,95.0,random_sampling,euclidean,uniform,20,5.0,95.0,True,0.005263157894736842,,4.553876891600541
74,95.0,random_sampling,euclidean,uniform,20,5.0,95.0,True,0.005263157894736842,,4.553876891600541
75,95.0,random_sampling,euclidean,uniform,20,5.0,95.0,True,0.005263157894736842,,4.553876891600541
76,95.0,random_sampling,euclidean,uniform,20,5.0,95.0,True,0.005263157894736842,,4.553876891600541
77,95.0,random_sampling,euclidean,uniform,20,5.0,95.0,True,0.005263157894736842,,4.553876891600541
78,95.0,random_sampling,euclidean,uniform,20,5.0,95.0,True,0.005263157894736842,,4.553876891600541
79,95.0,random_sampling,euclidean,uniform,20,5.0,95.0,True,0.005263157894736842,,4.553876891600541
80,95.0,random_sampling,euclidean,uniform,20,5.0,95.0,True,0.005263157894736842,,4.553876891600541
81,95.0,random_sampling,euclidean,uniform,20,5.0,95.0,True,0.005263157894736842,,4.553876891600541
82,95.0,random_sampling,euclidean,uniform,20,5.0,95.0,True,0.005263157894736842,,4.553876891600541
83,95.0,random_sampling,euclidean,uniform,20,5.0,95.0,True,0.005263157894736842,,4.553876891600541
84,95.0,random_sampling,euclidean,uniform,20,5.0,95.0,True,0.005263157894736842,,4.553876891600541
85,95.0,random_sampling,euclidean,uniform,20,5.0,95.0,True,0.005263157894736842,,4.553876891600541
86,95.0,random_sampling,euclidean,uniform,20,5.0,95.0,True,0.005263157894736842,,4.553876891600541
87,95.0,random_sampling,euclidean,uniform,20,5.0,95.0,True,0.005263157894736842,,4.553876891600541
88,95.0,random_sampling,euclidean,uniform,20,5.0,95.0,True,0.005263157894736842,,4.553876891600541
89,95.0,random_sampling,euclidean,uniform,20,5.0,95.0,True,0.005263157894736842,,4.553876891600541
90,95.0,random_sampling,euclidean,uniform,20,5.0,95.0,True,0.005263157894736842,,4.553876891600541
91,95.0,random_sampling,euclidean,uniform,20,5.0,95.0,True,0.005263157894736842,,4.553876891600541
92,95.0,random_sampling,euclidean,uniform,20,5.0,95.0,True,0.005263157894736842,,4.553876891600541
93,95.0,random_sampling,euclidean,uniform,20,5.0,95.0,True,0.005263157894736842,,4.553876891600541
94,95.0,random_sampling,euclidean,uniform,20,5.0,95.0,True,0.005263157894736842,,4.553876891600541
95,95.0,random_sampling,euclidean,uniform,20,5.0,95.0,True,0.005263157894736842,,4.553876891600541
96,95.0,random_sampling,euclidean,uniform,20,5.0,95.0,True,0.005263157894736842,,4.553876891600541
97,95.0,random_sampling,euclidean,uniform,20,5.0,95.0,True,0.005263157894736842,,4.553876891600541
98,95.0,random_sampling,euclidean,uniform,20,5.0,95.0,True,0.005263157894736842,,4.553876891600541
99,95.0,random_sampling,euclidean,uniform,20,5.0,95.0,True,0.005263157894736842,,4.553876891600541
0,6114.0,random_sampling,euclidean,uniform,20,85.0,6114.0,True,0.05789473684210526,0.9999999999999998,8.71833650245078
1,870.0,random_sampling,euclidean,uniform,20,85.0,870.0,True,0.06315789473684211,0.9999999999999998,6.76849321164863
2,705.0,random_sampling,euclidean,uniform,20,85.0,705.0,True,0.06842105263157895,1.0,6.558197802812269
3,6823.0,random_sampling,euclidean,uniform,20,85.0,6823.0,True,0.06842105263157895,1.0000000000000002,8.828054536815424
4,791.0,random_sampling,euclidean,uniform,20,85.0,791.0,True,0.06315789473684211,1.0,6.673297967767654
5,1295.0,random_sampling,euclidean,uniform,20,85.0,1295.0,True,0.05789473684210526,1.0,7.166265974133638
6,1476.0,random_sampling,euclidean,uniform,20,85.0,1476.0,True,0.05789473684210526,1.0,7.297091005160418
7,1611.0,random_sampling,euclidean,uniform,20,85.0,1611.0,True,0.06315789473684211,0.9999999999999998,7.384610383176974
8,3869.0,random_sampling,euclidean,uniform,20,85.0,3869.0,True,0.05789473684210526,1.0000000000000002,8.260751354700513
9,1104.0,random_sampling,euclidean,uniform,20,85.0,1104.0,True,0.06315789473684211,0.9999999999999998,7.00669522683704
10,1484.0,random_sampling,euclidean,uniform,20,85.0,1484.0,True,0.06315789473684211,1.0,7.302496423727326
11,790.0,random_sampling,euclidean,uniform,20,85.0,790.0,True,0.05789473684210526,1.0,6.672032945461067
12,764.0,random_sampling,euclidean,uniform,20,85.0,764.0,True,0.06315789473684211,1.0000000000000002,6.638567789166521
13,199.0,random_sampling,euclidean,uniform,20,85.0,199.0,True,0.05789473684210526,0.9999999999999998,5.293304824724492
14,1254.0,random_sampling,euclidean,uniform,20,85.0,1254.0,True,0.06315789473684211,0.9999999999999998,7.134093721192866
15,2850.0,random_sampling,euclidean,uniform,20,85.0,2850.0,True,0.06315789473684211,1.0,7.955074273262696
16,1877.0,random_sampling,euclidean,uniform,20,85.0,1877.0,True,0.06315789473684211,1.0,7.537430036586509
17,339.0,random_sampling,euclidean,uniform,20,85.0,339.0,True,0.06315789473684211,1.0,5.82600010738045
18,2189.0,random_sampling,euclidean,uniform,20,85.0,2189.0,True,0.06842105263157895,1.0,7.691200097522863
19,571.0,random_sampling,euclidean,uniform,20,85.0,571.0,True,0.06315789473684211,1.0000000000000002,6.3473892096560105
20,777.0,random_sampling,euclidean,uniform,20,85.0,777.0,True,0.06842105263157895,1.0,6.655440350367647
21,1413.0,random_sampling,euclidean,uniform,20,85.0,1413.0,True,0.05263157894736842,1.0000000000000004,7.253470382684528
22,4183.0,random_sampling,euclidean,uniform,20,85.0,4183.0,True,0.06315789473684211,1.0000000000000004,8.338783971442199
23,393.0,random_sampling,euclidean,uniform,20,85.0,393.0,True,0.07368421052631578,0.9999999999999998,5.973809611869261
24,1461.0,random_sampling,euclidean,uniform,20,85.0,1461.0,True,0.05789473684210526,1.0,7.2868764117507
25,683.0,random_sampling,euclidean,uniform,20,85.0,683.0,True,0.06842105263157895,1.0000000000000004,6.52649485957079
26,1595.0,random_sampling,euclidean,uniform,20,85.0,1595.0,True,0.07368421052631578,1.0,7.374629015218945
27,383.0,random_sampling,euclidean,uniform,20,85.0,383.0,True,0.05789473684210526,1.0000000000000002,5.948034989180646
28,1877.0,random_sampling,euclidean,uniform,20,85.0,1877.0,True,0.05263157894736842,1.0,7.537430036586509
29,1578.0,random_sampling,euclidean,uniform,20,85.0,1578.0,True,0.06315789473684211,0.9999999999999998,7.363913501405819
30,404.0,random_sampling,euclidean,uniform,20,85.0,404.0,True,0.05263157894736842,1.0,6.0014148779611505
31,1858.0,random_sampling,euclidean,uniform,20,85.0,1858.0,True,0.05789473684210526,1.0,7.527255919373784
32,1667.0,random_sampling,euclidean,uniform,20,85.0,1667.0,True,0.06315789473684211,1.0,7.418780882750794
33,981.0,random_sampling,euclidean,uniform,20,85.0,981.0,True,0.05789473684210526,1.0,6.8885724595653635
34,2026.0,random_sampling,euclidean,uniform,20,85.0,2026.0,True,0.06842105263157895,0.9999999999999998,7.613818684808629
35,1197.0,random_sampling,euclidean,uniform,20,85.0,1197.0,True,0.06842105263157895,1.0,7.087573705557973
36,221.0,random_sampling,euclidean,uniform,20,85.0,221.0,True,0.06315789473684211,1.0000000000000002,5.3981627015177525
37,1167.0,random_sampling,euclidean,uniform,20,85.0,1167.0,True,0.06315789473684211,1.0,7.062191632286556
38,488.0,random_sampling,euclidean,uniform,20,85.0,488.0,True,0.07894736842105263,1.0,6.1903154058531475
39,513.0,random_sampling,euclidean,uniform,20,85.0,513.0,True,0.06842105263157895,1.0,6.240275845170769
40,4618.0,random_sampling,euclidean,uniform,20,85.0,4618.0,True,0.06315789473684211,1.0,8.43771698991444
41,429.0,random_sampling,euclidean,uniform,20,85.0,429.0,True,0.06315789473684211,1.0,6.061456918928017
42,392.0,random_sampling,euclidean,uniform,20,85.0,392.0,True,0.05789473684210526,1.0,5.971261839790462
43,806.0,random_sampling,euclidean,uniform,20,85.0,806.0,True,0.06842105263157895,1.0000000000000002,6.692083742506628
44,470.0,random_sampling,euclidean,uniform,20,85.0,470.0,True,0.06315789473684211,1.0000000000000002,6.152732694704104
45,999.0,random_sampling,euclidean,uniform,20,85.0,999.0,True,0.05263157894736842,1.0,6.906754778648554
46,1821.0,random_sampling,euclidean,uniform,20,85.0,1821.0,True,0.05789473684210526,0.9999999999999998,7.507141079727608
47,638.0,random_sampling,euclidean,uniform,20,85.0,638.0,True,0.05789473684210526,1.0,6.45833828334479
48,690.0,random_sampling,euclidean,uniform,20,85.0,690.0,True,0.06315789473684211,1.0,6.536691597591305
49,1019.0,random_sampling,euclidean,uniform,20,85.0,1019.0,True,0.06315789473684211,1.0,6.926577033222725
50,764.0,random_sampling,euclidean,uniform,20,85.0,764.0,True,0.05789473684210526,1.0,6.638567789166521
51,281.0,random_sampling,euclidean,uniform,20,85.0,281.0,True,0.07368421052631578,1.0,5.638354669333745
52,907.0,random_sampling,euclidean,uniform,20,85.0,907.0,True,0.05789473684210526,0.9999999999999998,6.810142450115136
53,485.0,random_sampling,euclidean,uniform,20,85.0,485.0,True,0.06842105263157895,1.0,6.184148890937483
54,470.0,random_sampling,euclidean,uniform,20,85.0,470.0,True,0.05789473684210526,1.0,6.152732694704104
55,817.0,random_sampling,euclidean,uniform,20,85.0,817.0,True,0.05789473684210526,0.9999999999999998,6.705639094860003
56,818.0,random_sampling,euclidean,uniform,20,85.0,818.0,True,0.06315789473684211,1.0,6.706862336602747
57,6021.0,random_sampling,euclidean,uniform,20,85.0,6021.0,True,0.06315789473684211,1.0,8.703008637464448
58,970.0,random_sampling,euclidean,uniform,20,85.0,970.0,True,0.06842105263157895,1.0,6.877296071497429
59,483.0,random_sampling,euclidean,uniform,20,85.0,483.0,True,0.06315789473684211,1.0,6.180016653652572
60,398.0,random_sampling,euclidean,uniform,20,85.0,398.0,True,0.05789473684210526,1.0000000000000002,5.986452005284438
61,559.0,random_sampling,euclidean,uniform,20,85.0,559.0,True,0.06315789473684211,1.0,6.326149473155099
62,1035.0,random_sampling,euclidean,uniform,20,85.0,1035.0,True,0.06315789473684211,1.0,6.942156705699469
63,1247.0,random_sampling,euclidean,uniform,20,85.0,1247.0,True,0.06315789473684211,1.0,7.1284959456800365
64,397.0,random_sampling,euclidean,uniform,20,85.0,397.0,True,0.07368421052631578,0.9999999999999998,5.983936280687191
65,514.0,random_sampling,euclidean,uniform,20,85.0,514.0,True,0.06315789473684211,1.0,6.2422232654551655
66,893.0,random_sampling,euclidean,uniform,20,85.0,893.0,True,0.06315789473684211,0.9999999999999997,6.794586580876499
67,841.0,random_sampling,euclidean,uniform,20,85.0,841.0,True,0.06315789473684211,1.0,6.734591659972948
68,115.0,random_sampling,euclidean,uniform,20,85.0,115.0,True,0.05263157894736842,1.0,4.74493212836325
69,1872.0,random_sampling,euclidean,uniform,20,85.0,1872.0,True,0.06315789473684211,1.0,7.534762657037537
70,249.0,random_sampling,euclidean,uniform,20,85.0,249.0,True,0.06315789473684211,0.9999999999999998,5.517452896464707
71,459.0,random_sampling,euclidean,uniform,20,85.0,459.0,True,0.06315789473684211,1.0000000000000002,6.129050210060545
72,2005.0,random_sampling,euclidean,uniform,20,85.0,2005.0,True,0.05789473684210526,0.9999999999999998,7.60339933974067
73,776.0,random_sampling,euclidean,uniform,20,85.0,776.0,True,0.06842105263157895,1.0,6.654152520183219
74,801.0,random_sampling,euclidean,uniform,20,85.0,801.0,True,0.05789473684210526,1.0000000000000002,6.68586094706836
75,331.0,random_sampling,euclidean,uniform,20,85.0,331.0,True,0.05789473684210526,1.0,5.802118375377063
76,825.0,random_sampling,euclidean,uniform,20,85.0,825.0,True,0.06842105263157895,0.9999999999999998,6.715383386334681
77,1215.0,random_sampling,euclidean,uniform,20,85.0,1215.0,True,0.06842105263157895,1.0000000000000002,7.102499355774649
78,684.0,random_sampling,euclidean,uniform,20,85.0,684.0,True,0.06315789473684211,1.0,6.52795791762255
79,453.0,random_sampling,euclidean,uniform,20,85.0,453.0,True,0.06842105263157895,0.9999999999999998,6.115892125483034
80,655.0,random_sampling,euclidean,uniform,20,85.0,655.0,True,0.06315789473684211,0.9999999999999998,6.484635235635252
81,1689.0,random_sampling,euclidean,uniform,20,85.0,1689.0,True,0.06842105263157895,1.0,7.4318919168078
82,1680.0,random_sampling,euclidean,uniform,20,85.0,1680.0,True,0.06315789473684211,1.0,7.426549072397305
83,682.0,random_sampling,euclidean,uniform,20,85.0,682.0,True,0.06315789473684211,1.0,6.525029657843462
84,1772.0,random_sampling,euclidean,uniform,20,85.0,1772.0,True,0.06842105263157895,1.0,7.4798641311650265
85,1395.0,random_sampling,euclidean,uniform,20,85.0,1395.0,True,0.06315789473684211,1.0,7.240649694255466
86,566.0,random_sampling,euclidean,uniform,20,85.0,566.0,True,0.06842105263157895,1.0,6.338594078203183
87,411.0,random_sampling,euclidean,uniform,20,85.0,411.0,True,0.06315789473684211,0.9999999999999998,6.018593214496234
88,1950.0,random_sampling,euclidean,uniform,20,85.0,1950.0,True,0.07368421052631578,1.0,7.575584651557793
89,706.0,random_sampling,euclidean,uniform,20,85.0,706.0,True,0.06842105263157895,1.0000000000000002,6.559615237493242
90,497.0,random_sampling,euclidean,uniform,20,85.0,497.0,True,0.07368421052631578,1.0000000000000002,6.208590026096629
91,208.0,random_sampling,euclidean,uniform,20,85.0,208.0,True,0.06315789473684211,1.0,5.337538079701318
92,204.0,random_sampling,euclidean,uniform,20,85.0,204.0,True,0.06842105263157895,1.0,5.318119993844216
93,742.0,random_sampling,euclidean,uniform,20,85.0,742.0,True,0.06315789473684211,0.9999999999999998,6.60934924316738
94,493.0,random_sampling,euclidean,uniform,20,85.0,493.0,True,0.06842105263157895,1.0,6.20050917404269
95,997.0,random_sampling,euclidean,uniform,20,85.0,997.0,True,0.06315789473684211,1.0,6.904750769961838
96,826.0,random_sampling,euclidean,uniform,20,85.0,826.0,True,0.06315789473684211,1.0,6.716594773520978
97,2161.0,random_sampling,euclidean,uniform,20,85.0,2161.0,True,0.06842105263157895,0.9999999999999998,7.6783263565068856
98,196.0,random_sampling,euclidean,uniform,20,85.0,196.0,True,0.06842105263157895,0.9999999999999998,5.278114659230517
99,529.0,random_sampling,euclidean,uniform,20,85.0,529.0,True,0.05789473684210526,1.0,6.270988431858299
0,264.0,random_sampling,euclidean,uniform,30,55.0,264.0,True,0.020689655172413793,0.9999999999999998,5.575949103146316
1,29982.0,random_sampling,euclidean,uniform,30,55.0,29982.0,True,0.01839080459770115,1.0000000000000004,10.30835248057226
2,7967.0,random_sampling,euclidean,uniform,30,55.0,7967.0,True,0.01839080459770115,1.0,8.983063289380366
3,2022.0,random_sampling,euclidean,uniform,30,55.0,2022.0,True,0.020689655172413793,0.9999999999999998,7.611842399580417
4,28387.0,random_sampling,euclidean,uniform,30,55.0,28387.0,True,0.02528735632183908,0.9999999999999999,10.253686572872523
5,6870.0,random_sampling,euclidean,uniform,30,55.0,6870.0,True,0.020689655172413793,0.9999999999999999,8.834919385216395
6,126510.0,random_sampling,euclidean,uniform,30,55.0,126510.0,True,0.020689655172413793,0.9999999999999999,11.748076635408715
7,9388.0,random_sampling,euclidean,uniform,30,55.0,9388.0,True,0.01839080459770115,1.0000000000000002,9.147187556970914
8,8196.0,random_sampling,euclidean,uniform,30,55.0,8196.0,True,0.020689655172413793,0.9999999999999999,9.011401509358791
9,10963.0,random_sampling,euclidean,uniform,30,55.0,10963.0,True,0.020689655172413793,0.9999999999999997,9.30228124567454
10,15325.0,random_sampling,euclidean,uniform,30,55.0,15325.0,True,0.02528735632183908,1.0,9.637240760804412
11,21925.0,random_sampling,euclidean,uniform,30,55.0,21925.0,True,0.020689655172413793,0.9999999999999998,9.995382817240383
12,6576.0,random_sampling,euclidean,uniform,30,55.0,6576.0,True,0.022988505747126436,0.9999999999999999,8.791181936736017
13,11130.0,random_sampling,euclidean,uniform,30,55.0,11130.0,True,0.022988505747126436,1.0,9.31739944426959
14,249559.0,random_sampling,euclidean,uniform,30,55.0,249559.0,True,0.022988505747126436,1.0000000000000002,12.427450639164283
15,55032.0,random_sampling,euclidean,uniform,30,55.0,55032.0,True,0.022988505747126436,1.0000000000000002,10.91567011320585
16,8011.0,random_sampling,euclidean,uniform,30,55.0,8011.0,True,0.020689655172413793,1.0000000000000002,8.988570876215118
17,3542.0,random_sampling,euclidean,uniform,30,55.0,3542.0,True,0.01839080459770115,1.0000000000000004,8.17244681834278
18,28276.0,random_sampling,euclidean,uniform,30,55.0,28276.0,True,0.020689655172413793,0.9999999999999998,10.249768667290844
19,1535.0,random_sampling,euclidean,uniform,30,55.0,1535.0,True,0.01839080459770115,1.0,7.336285660021297
20,39422.0,random_sampling,euclidean,uniform,30,55.0,39422.0,True,0.020689655172413793,1.0,10.582079315086874
21,974.0,random_sampling,euclidean,uniform,30,55.0,974.0,True,0.01839080459770115,1.0000000000000002,6.881411303642535
22,516.0,random_sampling,euclidean,uniform,30,55.0,516.0,True,0.020689655172413793,0.9999999999999998,6.246106765481563
23,1879.0,random_sampling,euclidean,uniform,30,55.0,1879.0,True,0.02528735632183908,1.0000000000000002,7.538494999413465
24,3712.0,random_sampling,euclidean,uniform,30,55.0,3712.0,True,0.01839080459770115,1.0000000000000002,8.21932609390609
25,53583.0,random_sampling,euclidean,uniform,30,55.0,53583.0,True,0.022988505747126436,1.0000000000000002,10.888987132572593
26,59857.0,random_sampling,euclidean,uniform,30,55.0,59857.0,True,0.020689655172413793,1.0,10.999713663211269
27,45494.0,random_sampling,euclidean,uniform,30,55.0,45494.0,True,0.01839080459770115,0.9999999999999999,10.725335728111807
28,95469.0,random_sampling,euclidean,uniform,30,55.0,95469.0,True,0.022988505747126436,0.9999999999999998,11.466556866442616
29,30175.0,random_sampling,euclidean,uniform,30,55.0,30175.0,True,0.020689655172413793,1.0,10.314769045965733
30,8080.0,random_sampling,euclidean,uniform,30,55.0,8080.0,True,0.022988505747126436,1.0000000000000002,8.997147151515142
31,31214.0,random_sampling,euclidean,uniform,30,55.0,31214.0,True,0.020689655172413793,1.0,10.3486219911025
32,900.0,random_sampling,euclidean,uniform,30,55.0,900.0,True,0.022988505747126436,0.9999999999999998,6.802394763324311
33,15906.0,random_sampling,euclidean,uniform,30,55.0,15906.0,True,0.022988505747126436,1.0,9.67445167551708
34,3518.0,random_sampling,euclidean,uniform,30,55.0,3518.0,True,0.01839080459770115,0.9999999999999999,8.165647925297504
35,617.0,random_sampling,euclidean,uniform,30,55.0,617.0,True,0.020689655172413793,1.0,6.424869023905388
36,26164.0,random_sampling,euclidean,uniform,30,55.0,26164.0,True,0.022988505747126436,1.0,10.172139699081104
37,21841.0,random_sampling,euclidean,uniform,30,55.0,21841.0,True,0.020689655172413793,0.9999999999999998,9.991544216356411
38,7758.0,random_sampling,euclidean,uniform,30,55.0,7758.0,True,0.020689655172413793,1.0,8.956479847999912
39,2248.0,random_sampling,euclidean,uniform,30,55.0,2248.0,True,0.01839080459770115,1.0,7.717796211013582
40,50674.0,random_sampling,euclidean,uniform,30,55.0,50674.0,True,0.020689655172413793,1.0000000000000002,10.833168237529042
41,6906.0,random_sampling,euclidean,uniform,30,55.0,6906.0,True,0.020689655172413793,0.9999999999999999,8.840145877949938
42,201825.0,random_sampling,euclidean,uniform,30,55.0,201825.0,True,0.022988505747126436,0.9999999999999999,12.215156264263216
43,32175.0,random_sampling,euclidean,uniform,30,55.0,32175.0,True,0.022988505747126436,0.9999999999999998,10.378945032464328
44,992.0,random_sampling,euclidean,uniform,30,55.0,992.0,True,0.020689655172413793,1.0,6.899723107284872
45,7599.0,random_sampling,euclidean,uniform,30,55.0,7599.0,True,0.022988505747126436,0.9999999999999998,8.935771938669784
46,1804.0,random_sampling,euclidean,uniform,30,55.0,1804.0,True,0.020689655172413793,1.0000000000000002,7.4977617006225685
47,13033.0,random_sampling,euclidean,uniform,30,55.0,13033.0,True,0.022988505747126436,1.0,9.47523988153072
48,9177.0,random_sampling,euclidean,uniform,30,55.0,9177.0,True,0.020689655172413793,0.9999999999999999,9.124455632819013
49,4836.0,random_sampling,euclidean,uniform,30,55.0,4836.0,True,0.022988505747126436,0.9999999999999998,8.483843211734683
50,12465.0,random_sampling,euclidean,uniform,30,55.0,12465.0,True,0.01839080459770115,1.0000000000000002,9.430679995957659
51,15564.0,random_sampling,euclidean,uniform,30,55.0,15564.0,True,0.01839080459770115,1.0,9.652715834104445
52,10462.0,random_sampling,euclidean,uniform,30,55.0,10462.0,True,0.02528735632183908,0.9999999999999999,9.255504923930557
53,57526.0,random_sampling,euclidean,uniform,30,55.0,57526.0,True,0.01839080459770115,1.0,10.959992298498669
54,2028.0,random_sampling,euclidean,uniform,30,55.0,2028.0,True,0.020689655172413793,0.9999999999999999,7.614805364711073
55,7084.0,random_sampling,euclidean,uniform,30,55.0,7084.0,True,0.020689655172413793,1.0000000000000002,8.865593998902725
56,10141.0,random_sampling,euclidean,uniform,30,55.0,10141.0,True,0.020689655172413793,1.0,9.224341891611996
57,46375.0,random_sampling,euclidean,uniform,30,55.0,46375.0,True,0.022988505747126436,1.0000000000000002,10.744515799909736
58,107246.0,random_sampling,euclidean,uniform,30,55.0,107246.0,True,0.020689655172413793,1.0,11.582880540057452
59,1901.0,random_sampling,euclidean,uniform,30,55.0,1901.0,True,0.022988505747126436,1.0,7.550135342488429
60,32034.0,random_sampling,euclidean,uniform,30,55.0,32034.0,True,0.022988505747126436,0.9999999999999998,10.374553117728242
61,5547.0,random_sampling,euclidean,uniform,30,55.0,5547.0,True,0.016091954022988506,1.0000000000000002,8.621012520055235
62,20063.0,random_sampling,euclidean,uniform,30,55.0,20063.0,True,0.020689655172413793,1.0000000000000002,9.9066326016802
63,7191.0,random_sampling,euclidean,uniform,30,55.0,7191.0,True,0.020689655172413793,0.9999999999999998,8.880585523102495
64,15310.0,random_sampling,euclidean,uniform,30,55.0,15310.0,True,0.020689655172413793,1.0000000000000002,9.63626148865173
65,2818.0,random_sampling,euclidean,uniform,30,55.0,2818.0,True,0.020689655172413793,1.0000000000000002,7.943782692458625
66,5716.0,random_sampling,euclidean,uniform,30,55.0,5716.0,True,0.020689655172413793,0.9999999999999999,8.651024539049757
67,63769.0,random_sampling,euclidean,uniform,30,55.0,63769.0,True,0.01839080459770115,1.0000000000000002,11.063022457831494
68,47477.0,random_sampling,euclidean,uniform,30,55.0,47477.0,True,0.020689655172413793,1.0000000000000002,10.768000662228644
69,360369.0,random_sampling,euclidean,uniform,30,55.0,360369.0,True,0.01839080459770115,1.0,12.794883785478481
70,16019.0,random_sampling,euclidean,uniform,30,55.0,16019.0,True,0.020689655172413793,0.9999999999999998,9.681530796701484
71,175237.0,random_sampling,euclidean,uniform,30,55.0,175237.0,True,0.020689655172413793,0.9999999999999999,12.07389462240216
72,48175.0,random_sampling,euclidean,uniform,30,55.0,48175.0,True,0.020689655172413793,0.9999999999999997,10.782595493282567
73,16210.0,random_sampling,euclidean,uniform,30,55.0,16210.0,True,0.01839080459770115,0.9999999999999999,9.693383614729722
74,37059.0,random_sampling,euclidean,uniform,30,55.0,37059.0,True,0.020689655172413793,1.0000000000000002,10.520266516204924
75,6450.0,random_sampling,euclidean,uniform,30,55.0,6450.0,True,0.020689655172413793,0.9999999999999999,8.771835409789817
76,6543.0,random_sampling,euclidean,uniform,30,55.0,6543.0,True,0.022988505747126436,1.0000000000000002,8.78615105486974
77,49734.0,random_sampling,euclidean,uniform,30,55.0,49734.0,True,0.020689655172413793,0.9999999999999999,10.81444408281958
78,1913.0,random_sampling,euclidean,uniform,30,55.0,1913.0,True,0.02528735632183908,0.9999999999999999,7.556427969440253
79,7424.0,random_sampling,euclidean,uniform,30,55.0,7424.0,True,0.020689655172413793,1.0000000000000002,8.912473274466036
80,4608.0,random_sampling,euclidean,uniform,30,55.0,4608.0,True,0.02528735632183908,1.0000000000000002,8.435549202375727
81,51148.0,random_sampling,euclidean,uniform,30,55.0,51148.0,True,0.01839080459770115,0.9999999999999999,10.842478669931058
82,4587.0,random_sampling,euclidean,uniform,30,55.0,4587.0,True,0.01839080459770115,0.9999999999999999,8.430981494597171
83,28334.0,random_sampling,euclidean,uniform,30,55.0,28334.0,True,0.020689655172413793,1.0000000000000002,10.251817775939296
84,3412.0,random_sampling,euclidean,uniform,30,55.0,3412.0,True,0.020689655172413793,1.0,8.13505390861157
85,3780.0,random_sampling,euclidean,uniform,30,55.0,3780.0,True,0.01839080459770115,0.9999999999999998,8.237479288613633
86,15914.0,random_sampling,euclidean,uniform,30,55.0,15914.0,True,0.022988505747126436,0.9999999999999998,9.67495450393748
87,56076.0,random_sampling,euclidean,uniform,30,55.0,56076.0,True,0.022988505747126436,0.9999999999999998,10.934463192488426
88,25461.0,random_sampling,euclidean,uniform,30,55.0,25461.0,True,0.022988505747126436,0.9999999999999998,10.144903148637786
89,428.0,random_sampling,euclidean,uniform,30,55.0,428.0,True,0.020689655172413793,0.9999999999999998,6.059123195581797
90,8714.0,random_sampling,euclidean,uniform,30,55.0,8714.0,True,0.020689655172413793,1.0000000000000002,9.072686206677387
91,7780.0,random_sampling,euclidean,uniform,30,55.0,7780.0,True,0.022988505747126436,0.9999999999999999,8.959311617172437
92,8532.0,random_sampling,euclidean,uniform,30,55.0,8532.0,True,0.020689655172413793,0.9999999999999999,9.05157907959124
93,3756.0,random_sampling,euclidean,uniform,30,55.0,3756.0,True,0.020689655172413793,1.0000000000000002,8.231109840328154
94,14584.0,random_sampling,euclidean,uniform,30,55.0,14584.0,True,0.020689655172413793,1.0000000000000002,9.5876803163585
95,144717.0,random_sampling,euclidean,uniform,30,55.0,144717.0,True,0.022988505747126436,1.0000000000000002,11.882535390169405
96,32732.0,random_sampling,euclidean,uniform,30,55.0,32732.0,True,0.020689655172413793,0.9999999999999998,10.396108471647272
97,15456.0,random_sampling,euclidean,uniform,30,55.0,15456.0,True,0.020689655172413793,1.0,9.6457525564523
98,39252.0,random_sampling,euclidean,uniform,30,55.0,39252.0,True,0.020689655172413793,1.0000000000000002,10.577757677326384
99,1804.0,random_sampling,euclidean,uniform,30,55.0,1804.0,True,0.020689655172413793,0.9999999999999998,7.4977617006225685
0,866.0,random_sampling,euclidean,uniform,20,90.0,866.0,True,0.06842105263157895,0.9999999999999998,6.763884908562435
1,1609.0,random_sampling,euclidean,uniform,20,90.0,1609.0,True,0.06842105263157895,1.0,7.3833681469923835
2,377.0,random_sampling,euclidean,uniform,20,90.0,377.0,True,0.08421052631578947,0.9999999999999998,5.932245187448011
3,963.0,random_sampling,euclidean,uniform,20,90.0,963.0,True,0.07368421052631578,1.0,6.870053411798126
4,364.0,random_sampling,euclidean,uniform,20,90.0,364.0,True,0.07368421052631578,0.9999999999999998,5.8971538676367405
5,4237.0,random_sampling,euclidean,uniform,20,90.0,4237.0,True,0.06842105263157895,1.0000000000000002,8.351610750626559
6,731.0,random_sampling,euclidean,uniform,20,90.0,731.0,True,0.06842105263157895,1.0,6.594413459749778
7,500.0,random_sampling,euclidean,uniform,20,90.0,500.0,True,0.06842105263157895,1.0,6.214608098422191
8,438.0,random_sampling,euclidean,uniform,20,90.0,438.0,True,0.06842105263157895,1.0,6.082218910376446
9,635.0,random_sampling,euclidean,uniform,20,90.0,635.0,True,0.06842105263157895,0.9999999999999998,6.453624998892692
10,5090.0,random_sampling,euclidean,uniform,20,90.0,5090.0,True,0.06842105263157895,1.0,8.53503310954457
11,950.0,random_sampling,euclidean,uniform,20,90.0,950.0,True,0.06842105263157895,0.9999999999999998,6.856461984594587
12,1542.0,random_sampling,euclidean,uniform,20,90.0,1542.0,True,0.07368421052631578,1.0,7.340835554123275
13,945.0,random_sampling,euclidean,uniform,20,90.0,945.0,True,0.06842105263157895,1.0,6.851184927493743
14,739.0,random_sampling,euclidean,uniform,20,90.0,739.0,True,0.06842105263157895,1.0000000000000002,6.6052979209482015
15,551.0,random_sampling,euclidean,uniform,20,90.0,551.0,True,0.05789473684210526,0.9999999999999998,6.311734809152915
16,1028.0,random_sampling,euclidean,uniform,20,90.0,1028.0,True,0.05789473684210526,1.0,6.93537044601511
17,455.0,random_sampling,euclidean,uniform,20,90.0,455.0,True,0.06842105263157895,1.0,6.12029741895095
18,530.0,random_sampling,euclidean,uniform,20,90.0,530.0,True,0.07368421052631578,1.0,6.272877006546167
19,452.0,random_sampling,euclidean,uniform,20,90.0,452.0,True,0.07368421052631578,1.0,6.113682179832232
20,406.0,random_sampling,euclidean,uniform,20,90.0,406.0,True,0.06842105263157895,1.0,6.0063531596017325
21,995.0,random_sampling,euclidean,uniform,20,90.0,995.0,True,0.07368421052631578,1.0,6.902742737158593
22,590.0,random_sampling,euclidean,uniform,20,90.0,590.0,True,0.06842105263157895,1.0000000000000002,6.380122536899765
23,100.0,random_sampling,euclidean,uniform,20,90.0,100.0,True,0.06842105263157895,1.0,4.605170185988092
24,5988.0,random_sampling,euclidean,uniform,20,90.0,5988.0,True,0.07894736842105263,1.0,8.69751274553952
25,810.0,random_sampling,euclidean,uniform,20,90.0,810.0,True,0.06315789473684211,1.0000000000000004,6.697034247666484
26,1142.0,random_sampling,euclidean,uniform,20,90.0,1142.0,True,0.06842105263157895,1.0,7.040536390215956
27,483.0,random_sampling,euclidean,uniform,20,90.0,483.0,True,0.06315789473684211,0.9999999999999998,6.180016653652572
28,311.0,random_sampling,euclidean,uniform,20,90.0,311.0,True,0.06315789473684211,1.0,5.739792912179234
29,2694.0,random_sampling,euclidean,uniform,20,90.0,2694.0,True,0.07368421052631578,1.0000000000000002,7.898782356970309
30,817.0,random_sampling,euclidean,uniform,20,90.0,817.0,True,0.07894736842105263,1.0,6.705639094860003
31,1087.0,random_sampling,euclidean,uniform,20,90.0,1087.0,True,0.07368421052631578,0.9999999999999998,6.99117688712121
32,1739.0,random_sampling,euclidean,uniform,20,90.0,1739.0,True,0.07368421052631578,0.9999999999999998,7.461065514354283
33,2011.0,random_sampling,euclidean,uniform,20,90.0,2011.0,True,0.07368421052631578,1.0,7.606387389772652
34,1607.0,random_sampling,euclidean,uniform,20,90.0,1607.0,True,0.06842105263157895,1.0000000000000002,7.382124365737512
35,311.0,random_sampling,euclidean,uniform,20,90.0,311.0,True,0.07368421052631578,1.0,5.739792912179234
36,1829.0,random_sampling,euclidean,uniform,20,90.0,1829.0,True,0.07368421052631578,1.0,7.511524648390866
37,738.0,random_sampling,euclidean,uniform,20,90.0,738.0,True,0.07894736842105263,1.0,6.6039438246004725
38,724.0,random_sampling,euclidean,uniform,20,90.0,724.0,True,0.05789473684210526,1.0,6.584791392385716
39,388.0,random_sampling,euclidean,uniform,20,90.0,388.0,True,0.05789473684210526,0.9999999999999998,5.961005339623274
40,839.0,random_sampling,euclidean,uniform,20,90.0,839.0,True,0.07368421052631578,1.0000000000000002,6.732210706467206
41,460.0,random_sampling,euclidean,uniform,20,90.0,460.0,True,0.06842105263157895,1.0,6.131226489483141
42,1418.0,random_sampling,euclidean,uniform,20,90.0,1418.0,True,0.05789473684210526,1.0000000000000002,7.257002707092073
43,3235.0,random_sampling,euclidean,uniform,20,90.0,3235.0,True,0.07368421052631578,0.9999999999999998,8.081784206935001
44,727.0,random_sampling,euclidean,uniform,20,90.0,727.0,True,0.06315789473684211,0.9999999999999998,6.588926477533519
45,1324.0,random_sampling,euclidean,uniform,20,90.0,1324.0,True,0.06842105263157895,1.0,7.188412736496954
46,1683.0,random_sampling,euclidean,uniform,20,90.0,1683.0,True,0.06842105263157895,0.9999999999999998,7.428333194190806
47,3659.0,random_sampling,euclidean,uniform,20,90.0,3659.0,True,0.06315789473684211,1.0000000000000002,8.204945165019208
48,121.0,random_sampling,euclidean,uniform,20,90.0,121.0,True,0.06315789473684211,1.0,4.795790545596741
49,2340.0,random_sampling,euclidean,uniform,20,90.0,2340.0,True,0.06842105263157895,1.0000000000000002,7.757906208351747
50,3596.0,random_sampling,euclidean,uniform,20,90.0,3596.0,True,0.07368421052631578,1.0000000000000002,8.18757739559151
51,309.0,random_sampling,euclidean,uniform,20,90.0,309.0,True,0.06842105263157895,1.0,5.733341276897746
52,1238.0,random_sampling,euclidean,uniform,20,90.0,1238.0,True,0.07894736842105263,0.9999999999999998,7.121252453244542
53,226.0,random_sampling,euclidean,uniform,20,90.0,226.0,True,0.07894736842105263,1.0000000000000002,5.420534999272286
54,1942.0,random_sampling,euclidean,uniform,20,90.0,1942.0,True,0.06842105263157895,1.0,7.571473648851271
55,311.0,random_sampling,euclidean,uniform,20,90.0,311.0,True,0.07894736842105263,0.9999999999999997,5.739792912179234
56,828.0,random_sampling,euclidean,uniform,20,90.0,828.0,True,0.07368421052631578,1.0000000000000002,6.71901315438526
57,762.0,random_sampling,euclidean,uniform,20,90.0,762.0,True,0.06842105263157895,1.0000000000000002,6.635946555686647
58,211.0,random_sampling,euclidean,uniform,20,90.0,211.0,True,0.06842105263157895,0.9999999999999998,5.351858133476067
59,968.0,random_sampling,euclidean,uniform,20,90.0,968.0,True,0.08421052631578947,1.0,6.875232087276577
60,369.0,random_sampling,euclidean,uniform,20,90.0,369.0,True,0.07368421052631578,0.9999999999999998,5.910796644040527
61,1763.0,random_sampling,euclidean,uniform,20,90.0,1763.0,True,0.06315789473684211,1.0000000000000002,7.47477218239787
62,579.0,random_sampling,euclidean,uniform,20,90.0,579.0,True,0.06315789473684211,1.0,6.361302477572996
63,1388.0,random_sampling,euclidean,uniform,20,90.0,1388.0,True,0.06842105263157895,1.0,7.23561914106675
64,2410.0,random_sampling,euclidean,uniform,20,90.0,2410.0,True,0.07894736842105263,1.0000000000000002,7.787382026484701
65,1339.0,random_sampling,euclidean,uniform,20,90.0,1339.0,True,0.07368421052631578,0.9999999999999998,7.199678345691172
66,1005.0,random_sampling,euclidean,uniform,20,90.0,1005.0,True,0.07894736842105263,1.0,6.912742820493176
67,784.0,random_sampling,euclidean,uniform,20,90.0,784.0,True,0.07368421052631578,1.0000000000000002,6.664409020350408
68,677.0,random_sampling,euclidean,uniform,20,90.0,677.0,True,0.06315789473684211,1.0,6.517671272912275
69,1401.0,random_sampling,euclidean,uniform,20,90.0,1401.0,True,0.07894736842105263,1.0000000000000004,7.244941546337007
70,1008.0,random_sampling,euclidean,uniform,20,90.0,1008.0,True,0.07368421052631578,1.0,6.915723448631314
71,1012.0,random_sampling,euclidean,uniform,20,90.0,1012.0,True,0.06315789473684211,1.0,6.919683849847411
72,1734.0,random_sampling,euclidean,uniform,20,90.0,1734.0,True,0.07368421052631578,1.0,7.458186157340487
73,814.0,random_sampling,euclidean,uniform,20,90.0,814.0,True,0.07368421052631578,1.0000000000000002,6.70196036600254
74,1623.0,random_sampling,euclidean,uniform,20,90.0,1623.0,True,0.07368421052631578,0.9999999999999998,7.392031567514591
75,1323.0,random_sampling,euclidean,uniform,20,90.0,1323.0,True,0.06842105263157895,0.9999999999999998,7.187657164114956
76,1267.0,random_sampling,euclidean,uniform,20,90.0,1267.0,True,0.05789473684210526,1.0000000000000002,7.144407180321139
77,964.0,random_sampling,euclidean,uniform,20,90.0,964.0,True,0.05789473684210526,1.0,6.871091294610546
78,976.0,random_sampling,euclidean,uniform,20,90.0,976.0,True,0.06842105263157895,1.0,6.883462586413092
79,2337.0,random_sampling,euclidean,uniform,20,90.0,2337.0,True,0.07368421052631578,1.0000000000000002,7.756623334538858
80,447.0,random_sampling,euclidean,uniform,20,90.0,447.0,True,0.06842105263157895,0.9999999999999998,6.102558594613569
81,937.0,random_sampling,euclidean,uniform,20,90.0,937.0,True,0.07894736842105263,1.0,6.842683282238422
82,837.0,random_sampling,euclidean,uniform,20,90.0,837.0,True,0.07368421052631578,1.0,6.729824070489475
83,456.0,random_sampling,euclidean,uniform,20,90.0,456.0,True,0.06842105263157895,1.0,6.1224928095143865
84,473.0,random_sampling,euclidean,uniform,20,90.0,473.0,True,0.06842105263157895,1.0,6.159095388491933
85,388.0,random_sampling,euclidean,uniform,20,90.0,388.0,True,0.05789473684210526,1.0,5.961005339623274
86,1330.0,random_sampling,euclidean,uniform,20,90.0,1330.0,True,0.05789473684210526,1.0,7.1929342212158
87,1418.0,random_sampling,euclidean,uniform,20,90.0,1418.0,True,0.07894736842105263,1.0000000000000002,7.257002707092073
88,298.0,random_sampling,euclidean,uniform,20,90.0,298.0,True,0.06842105263157895,0.9999999999999998,5.697093486505405
89,214.0,random_sampling,euclidean,uniform,20,90.0,214.0,True,0.06842105263157895,1.0,5.365976015021851
90,1721.0,random_sampling,euclidean,uniform,20,90.0,1721.0,True,0.07368421052631578,1.0,7.450660796211539
91,506.0,random_sampling,euclidean,uniform,20,90.0,506.0,True,0.07368421052631578,1.0,6.226536669287466
92,861.0,random_sampling,euclidean,uniform,20,90.0,861.0,True,0.07368421052631578,0.9999999999999998,6.7580945044277305
93,1508.0,random_sampling,euclidean,uniform,20,90.0,1508.0,True,0.06842105263157895,1.0000000000000004,7.318539548567902
94,520.0,random_sampling,euclidean,uniform,20,90.0,520.0,True,0.07368421052631578,1.0000000000000002,6.253828811575473
95,1644.0,random_sampling,euclidean,uniform,20,90.0,1644.0,True,0.07368421052631578,1.0,7.404887575616125
96,577.0,random_sampling,euclidean,uniform,20,90.0,577.0,True,0.06315789473684211,1.0000000000000004,6.3578422665081
97,1591.0,random_sampling,euclidean,uniform,20,90.0,1591.0,True,0.07894736842105263,1.0,7.372118028337787
98,989.0,random_sampling,euclidean,uniform,20,90.0,989.0,True,0.07368421052631578,1.0,6.8966943316227125
99,2042.0,random_sampling,euclidean,uniform,20,90.0,2042.0,True,0.07368421052631578,1.0,7.621684998724611
0,451.0,random_sampling,euclidean,uniform,20,75.0,451.0,True,0.05263157894736842,0.9999999999999998,6.111467339502679
1,399.0,random_sampling,euclidean,uniform,20,75.0,399.0,True,0.05263157894736842,1.0000000000000004,5.988961416889864
2,826.0,random_sampling,euclidean,uniform,20,75.0,826.0,True,0.06315789473684211,1.0000000000000002,6.716594773520978
3,712.0,random_sampling,euclidean,uniform,20,75.0,712.0,True,0.05789473684210526,1.0,6.568077911411976
4,648.0,random_sampling,euclidean,uniform,20,75.0,648.0,True,0.05789473684210526,1.0,6.473890696352274
5,823.0,random_sampling,euclidean,uniform,20,75.0,823.0,True,0.05789473684210526,1.0,6.71295620067707
6,1606.0,random_sampling,euclidean,uniform,20,75.0,1606.0,True,0.06315789473684211,1.0000000000000002,7.381501894506707
7,937.0,random_sampling,euclidean,uniform,20,75.0,937.0,True,0.04736842105263158,1.0,6.842683282238422
8,1426.0,random_sampling,euclidean,uniform,20,75.0,1426.0,True,0.05789473684210526,1.0000000000000002,7.262628600974241
9,1281.0,random_sampling,euclidean,uniform,20,75.0,1281.0,True,0.06315789473684211,1.0000000000000002,7.155396301896734
10,264.0,random_sampling,euclidean,uniform,20,75.0,264.0,True,0.05789473684210526,1.0,5.575949103146316
11,3856.0,random_sampling,euclidean,uniform,20,75.0,3856.0,True,0.05263157894736842,1.0000000000000002,8.257385655730436
12,875.0,random_sampling,euclidean,uniform,20,75.0,875.0,True,0.05263157894736842,1.0,6.774223886357614
13,699.0,random_sampling,euclidean,uniform,20,75.0,699.0,True,0.05789473684210526,1.0,6.54965074223381
14,725.0,random_sampling,euclidean,uniform,20,75.0,725.0,True,0.06315789473684211,0.9999999999999998,6.586171654854675
15,454.0,random_sampling,euclidean,uniform,20,75.0,454.0,True,0.06315789473684211,1.0,6.118097198041348
16,246.0,random_sampling,euclidean,uniform,20,75.0,246.0,True,0.05263157894736842,0.9999999999999998,5.5053315359323625
17,347.0,random_sampling,euclidean,uniform,20,75.0,347.0,True,0.05789473684210526,1.0,5.849324779946859
18,7562.0,random_sampling,euclidean,uniform,20,75.0,7562.0,True,0.05789473684210526,1.0,8.930890984450878
19,231.0,random_sampling,euclidean,uniform,20,75.0,231.0,True,0.05263157894736842,1.0,5.442417710521793
20,4628.0,random_sampling,euclidean,uniform,20,75.0,4628.0,True,0.05789473684210526,1.0000000000000002,8.439880088313567
21,2265.0,random_sampling,euclidean,uniform,20,75.0,2265.0,True,0.05789473684210526,1.0,7.725330037917135
22,269.0,random_sampling,euclidean,uniform,20,75.0,269.0,True,0.04736842105263158,0.9999999999999998,5.594711379601839
23,732.0,random_sampling,euclidean,uniform,20,75.0,732.0,True,0.05789473684210526,1.0,6.595780513961311
24,506.0,random_sampling,euclidean,uniform,20,75.0,506.0,True,0.04736842105263158,0.9999999999999998,6.226536669287466
25,725.0,random_sampling,euclidean,uniform,20,75.0,725.0,True,0.05789473684210526,1.0,6.586171654854675
26,1254.0,random_sampling,euclidean,uniform,20,75.0,1254.0,True,0.05263157894736842,1.0,7.134093721192866
27,845.0,random_sampling,euclidean,uniform,20,75.0,845.0,True,0.05789473684210526,1.0,6.739336627357174
28,1819.0,random_sampling,euclidean,uniform,20,75.0,1819.0,True,0.05789473684210526,1.0,7.506042178518122
29,497.0,random_sampling,euclidean,uniform,20,75.0,497.0,True,0.05789473684210526,1.0,6.208590026096629
30,244.0,random_sampling,euclidean,uniform,20,75.0,244.0,True,0.05789473684210526,1.0,5.497168225293202
31,2761.0,random_sampling,euclidean,uniform,20,75.0,2761.0,True,0.05789473684210526,1.0000000000000004,7.923348211930154
32,1698.0,random_sampling,euclidean,uniform,20,75.0,1698.0,True,0.06315789473684211,1.0,7.437206366871292
33,393.0,random_sampling,euclidean,uniform,20,75.0,393.0,True,0.04736842105263158,0.9999999999999998,5.973809611869261
34,1508.0,random_sampling,euclidean,uniform,20,75.0,1508.0,True,0.05789473684210526,1.0,7.318539548567902
35,2219.0,random_sampling,euclidean,uniform,20,75.0,2219.0,True,0.06315789473684211,0.9999999999999998,7.704811922932594
36,2375.0,random_sampling,euclidean,uniform,20,75.0,2375.0,True,0.05789473684210526,1.0,7.772752716468742
37,336.0,random_sampling,euclidean,uniform,20,75.0,336.0,True,0.04736842105263158,1.0,5.817111159963204
38,1805.0,random_sampling,euclidean,uniform,20,75.0,1805.0,True,0.06315789473684211,1.0000000000000002,7.498315870766981
39,1939.0,random_sampling,euclidean,uniform,20,75.0,1939.0,True,0.05789473684210526,1.0000000000000002,7.569927655242652
40,628.0,random_sampling,euclidean,uniform,20,75.0,628.0,True,0.05789473684210526,1.0,6.4425401664681985
41,234.0,random_sampling,euclidean,uniform,20,75.0,234.0,True,0.06842105263157895,1.0,5.455321115357702
42,1039.0,random_sampling,euclidean,uniform,20,75.0,1039.0,True,0.05789473684210526,0.9999999999999998,6.946013991099227
43,251.0,random_sampling,euclidean,uniform,20,75.0,251.0,True,0.06842105263157895,1.0,5.5254529391317835
44,854.0,random_sampling,euclidean,uniform,20,75.0,854.0,True,0.05263157894736842,1.0,6.74993119378857
45,390.0,random_sampling,euclidean,uniform,20,75.0,390.0,True,0.06315789473684211,1.0000000000000002,5.966146739123692
46,843.0,random_sampling,euclidean,uniform,20,75.0,843.0,True,0.05789473684210526,0.9999999999999998,6.736966958001855
47,1081.0,random_sampling,euclidean,uniform,20,75.0,1081.0,True,0.05263157894736842,1.0,6.985641817639208
48,2172.0,random_sampling,euclidean,uniform,20,75.0,2172.0,True,0.06315789473684211,1.0,7.683403681053826
49,450.0,random_sampling,euclidean,uniform,20,75.0,450.0,True,0.05263157894736842,1.0000000000000002,6.1092475827643655
50,319.0,random_sampling,euclidean,uniform,20,75.0,319.0,True,0.05263157894736842,1.0,5.765191102784844
51,6416.0,random_sampling,euclidean,uniform,20,75.0,6416.0,True,0.05789473684210526,1.0,8.766550149546351
52,1379.0,random_sampling,euclidean,uniform,20,75.0,1379.0,True,0.05263157894736842,1.0,7.229113877793302
53,493.0,random_sampling,euclidean,uniform,20,75.0,493.0,True,0.042105263157894736,1.0000000000000002,6.20050917404269
54,1515.0,random_sampling,euclidean,uniform,20,75.0,1515.0,True,0.06842105263157895,1.0,7.323170717943469
55,703.0,random_sampling,euclidean,uniform,20,75.0,703.0,True,0.05263157894736842,0.9999999999999997,6.555356891810665
56,767.0,random_sampling,euclidean,uniform,20,75.0,767.0,True,0.05789473684210526,1.0,6.642486801367256
57,1012.0,random_sampling,euclidean,uniform,20,75.0,1012.0,True,0.05789473684210526,0.9999999999999998,6.919683849847411
58,856.0,random_sampling,euclidean,uniform,20,75.0,856.0,True,0.05789473684210526,1.0,6.752270376141742
59,2373.0,random_sampling,euclidean,uniform,20,75.0,2373.0,True,0.05263157894736842,1.0000000000000002,7.771910256435763
60,1808.0,random_sampling,euclidean,uniform,20,75.0,1808.0,True,0.05263157894736842,1.0,7.4999765409521215
61,436.0,random_sampling,euclidean,uniform,20,75.0,436.0,True,0.05789473684210526,1.0000000000000002,6.077642243349034
62,2522.0,random_sampling,euclidean,uniform,20,75.0,2522.0,True,0.05263157894736842,1.0,7.8328075165248645
63,950.0,random_sampling,euclidean,uniform,20,75.0,950.0,True,0.06315789473684211,1.0,6.856461984594587
64,5648.0,random_sampling,euclidean,uniform,20,75.0,5648.0,True,0.06315789473684211,1.0,8.639056779173078
65,814.0,random_sampling,euclidean,uniform,20,75.0,814.0,True,0.06315789473684211,1.0000000000000002,6.70196036600254
66,514.0,random_sampling,euclidean,uniform,20,75.0,514.0,True,0.05263157894736842,1.0,6.2422232654551655
67,403.0,random_sampling,euclidean,uniform,20,75.0,403.0,True,0.06315789473684211,1.0,5.998936561946683
68,242.0,random_sampling,euclidean,uniform,20,75.0,242.0,True,0.06315789473684211,1.0,5.488937726156687
69,2440.0,random_sampling,euclidean,uniform,20,75.0,2440.0,True,0.05789473684210526,1.0,7.799753318287247
70,188.0,random_sampling,euclidean,uniform,20,75.0,188.0,True,0.05263157894736842,1.0,5.236441962829949
71,902.0,random_sampling,euclidean,uniform,20,75.0,902.0,True,0.04736842105263158,1.0000000000000002,6.804614520062624
72,420.0,random_sampling,euclidean,uniform,20,75.0,420.0,True,0.05789473684210526,0.9999999999999998,6.040254711277414
73,874.0,random_sampling,euclidean,uniform,20,75.0,874.0,True,0.05789473684210526,0.9999999999999997,6.773080375655535
74,1800.0,random_sampling,euclidean,uniform,20,75.0,1800.0,True,0.05789473684210526,1.0,7.495541943884256
75,1348.0,random_sampling,euclidean,uniform,20,75.0,1348.0,True,0.05789473684210526,1.0000000000000002,7.206377291472252
76,492.0,random_sampling,euclidean,uniform,20,75.0,492.0,True,0.05789473684210526,0.9999999999999998,6.198478716492308
77,363.0,random_sampling,euclidean,uniform,20,75.0,363.0,True,0.06315789473684211,1.0,5.8944028342648505
78,1658.0,random_sampling,euclidean,uniform,20,75.0,1658.0,True,0.06315789473684211,1.0,7.4133673356952405
79,988.0,random_sampling,euclidean,uniform,20,75.0,988.0,True,0.06842105263157895,1.0,6.895682697747868
80,1668.0,random_sampling,euclidean,uniform,20,75.0,1668.0,True,0.06315789473684211,0.9999999999999998,7.419380582918692
81,431.0,random_sampling,euclidean,uniform,20,75.0,431.0,True,0.05789473684210526,1.0000000000000002,6.066108090103747
82,5046.0,random_sampling,euclidean,uniform,20,75.0,5046.0,True,0.05789473684210526,1.0,8.526351129201004
83,1609.0,random_sampling,euclidean,uniform,20,75.0,1609.0,True,0.06315789473684211,0.9999999999999997,7.3833681469923835
84,2016.0,random_sampling,euclidean,uniform,20,75.0,2016.0,True,0.05263157894736842,0.9999999999999998,7.60887062919126
85,222.0,random_sampling,euclidean,uniform,20,75.0,222.0,True,0.05263157894736842,1.0000000000000002,5.402677381872279
86,1161.0,random_sampling,euclidean,uniform,20,75.0,1161.0,True,0.05789473684210526,1.0,7.057036981697891
87,1254.0,random_sampling,euclidean,uniform,20,75.0,1254.0,True,0.05789473684210526,0.9999999999999998,7.134093721192866
88,343.0,random_sampling,euclidean,uniform,20,75.0,343.0,True,0.06315789473684211,0.9999999999999998,5.8377304471659395
89,1995.0,random_sampling,euclidean,uniform,20,75.0,1995.0,True,0.06315789473684211,1.0000000000000002,7.598399329323964
90,1248.0,random_sampling,euclidean,uniform,20,75.0,1248.0,True,0.05789473684210526,1.0,7.129297548929373
91,482.0,random_sampling,euclidean,uniform,20,75.0,482.0,True,0.06315789473684211,0.9999999999999998,6.1779441140506
92,779.0,random_sampling,euclidean,uniform,20,75.0,779.0,True,0.05789473684210526,0.9999999999999998,6.658011045870748
93,990.0,random_sampling,euclidean,uniform,20,75.0,990.0,True,0.06315789473684211,1.0,6.897704943128636
94,1974.0,random_sampling,euclidean,uniform,20,75.0,1974.0,True,0.05789473684210526,1.0,7.587817219993427
95,500.0,random_sampling,euclidean,uniform,20,75.0,500.0,True,0.04736842105263158,1.0,6.214608098422191
96,1465.0,random_sampling,euclidean,uniform,20,75.0,1465.0,True,0.05263157894736842,1.0000000000000002,7.289610521451167
97,319.0,random_sampling,euclidean,uniform,20,75.0,319.0,True,0.05263157894736842,1.0,5.765191102784844
98,6143.0,random_sampling,euclidean,uniform,20,75.0,6143.0,True,0.06315789473684211,0.9999999999999998,8.723068501163928
99,704.0,random_sampling,euclidean,uniform,20,75.0,704.0,True,0.06315789473684211,1.0000000000000002,6.556778356158042
0,1070.0,random_sampling,euclidean,uniform,30,45.0,1070.0,True,0.01839080459770115,1.0000000000000002,6.975413927455952
1,986.0,random_sampling,euclidean,uniform,30,45.0,986.0,True,0.01839080459770115,1.0,6.893656354602635
2,7811.0,random_sampling,euclidean,uniform,30,45.0,7811.0,True,0.01839080459770115,0.9999999999999999,8.963288275610298
3,6368.0,random_sampling,euclidean,uniform,30,45.0,6368.0,True,0.01839080459770115,0.9999999999999999,8.75904072752422
4,825.0,random_sampling,euclidean,uniform,30,45.0,825.0,True,0.01839080459770115,1.0000000000000002,6.715383386334681
5,3915.0,random_sampling,euclidean,uniform,30,45.0,3915.0,True,0.01839080459770115,0.9999999999999999,8.272570608424903
6,178479.0,random_sampling,euclidean,uniform,30,45.0,178479.0,True,0.01839080459770115,0.9999999999999999,12.09222622622205
7,3958.0,random_sampling,euclidean,uniform,30,45.0,3958.0,True,0.020689655172413793,0.9999999999999999,8.28349412616251
8,6893.0,random_sampling,euclidean,uniform,30,45.0,6893.0,True,0.01839080459770115,1.0000000000000002,8.838261682885651
9,381.0,random_sampling,euclidean,uniform,30,45.0,381.0,True,0.016091954022988506,0.9999999999999998,5.942799375126701
10,12665.0,random_sampling,euclidean,uniform,30,45.0,12665.0,True,0.016091954022988506,0.9999999999999998,9.446597562435775
11,52747.0,random_sampling,euclidean,uniform,30,45.0,52747.0,True,0.01839080459770115,1.0,10.873262177683122
12,166453.0,random_sampling,euclidean,uniform,30,45.0,166453.0,True,0.016091954022988506,0.9999999999999999,12.022468266271211
13,6798.0,random_sampling,euclidean,uniform,30,45.0,6798.0,True,0.01839080459770115,1.0000000000000004,8.824383730256061
14,958.0,random_sampling,euclidean,uniform,30,45.0,958.0,True,0.020689655172413793,1.0,6.86484777797086
15,12138.0,random_sampling,euclidean,uniform,30,45.0,12138.0,True,0.01839080459770115,1.0000000000000002,9.4040963063958
16,7884.0,random_sampling,euclidean,uniform,30,45.0,7884.0,True,0.01839080459770115,0.9999999999999999,8.97259066827261
17,6310.0,random_sampling,euclidean,uniform,30,45.0,6310.0,True,0.01839080459770115,0.9999999999999998,8.749890955535259
18,19808.0,random_sampling,euclidean,uniform,30,45.0,19808.0,True,0.020689655172413793,1.0,9.893841175484322
19,11922.0,random_sampling,euclidean,uniform,30,45.0,11922.0,True,0.016091954022988506,1.0000000000000002,9.386140711779872
20,3613.0,random_sampling,euclidean,uniform,30,45.0,3613.0,True,0.016091954022988506,0.9999999999999999,8.19229373114764
21,11288.0,random_sampling,euclidean,uniform,30,45.0,11288.0,True,0.016091954022988506,0.9999999999999999,9.33149549353265
22,22112.0,random_sampling,euclidean,uniform,30,45.0,22112.0,True,0.022988505747126436,1.0,10.003875726567397
23,1847.0,random_sampling,euclidean,uniform,30,45.0,1847.0,True,0.01839080459770115,1.0000000000000002,7.52131798019924
24,8169.0,random_sampling,euclidean,uniform,30,45.0,8169.0,True,0.020689655172413793,1.0,9.00810178134187
25,12853.0,random_sampling,euclidean,uniform,30,45.0,12853.0,True,0.01839080459770115,1.0,9.461332526110132
26,7310.0,random_sampling,euclidean,uniform,30,45.0,7310.0,True,0.016091954022988506,1.0000000000000002,8.896998552743824
27,2724.0,random_sampling,euclidean,uniform,30,45.0,2724.0,True,0.016091954022988506,1.0,7.909856667269403
28,125782.0,random_sampling,euclidean,uniform,30,45.0,125782.0,True,0.01839080459770115,1.0000000000000002,11.742305528750217
29,26418.0,random_sampling,euclidean,uniform,30,45.0,26418.0,True,0.016091954022988506,0.9999999999999997,10.181800874983809
30,27866.0,random_sampling,euclidean,uniform,30,45.0,27866.0,True,0.020689655172413793,0.9999999999999999,10.235162586673537
31,19004.0,random_sampling,euclidean,uniform,30,45.0,19004.0,True,0.01839080459770115,1.0000000000000002,9.852404762306811
32,1068.0,random_sampling,euclidean,uniform,30,45.0,1068.0,True,0.01839080459770115,1.0,6.97354301952014
33,4459.0,random_sampling,euclidean,uniform,30,45.0,4459.0,True,0.01839080459770115,0.9999999999999998,8.402679804627477
34,55958.0,random_sampling,euclidean,uniform,30,45.0,55958.0,True,0.020689655172413793,0.9999999999999998,10.932356688326582
35,3003.0,random_sampling,euclidean,uniform,30,45.0,3003.0,True,0.01839080459770115,1.0000000000000002,8.00736706798333
36,27849.0,random_sampling,euclidean,uniform,30,45.0,27849.0,True,0.01839080459770115,1.0000000000000002,10.234552338068042
37,10447.0,random_sampling,euclidean,uniform,30,45.0,10447.0,True,0.01839080459770115,1.0,9.254070134837509
38,24932.0,random_sampling,euclidean,uniform,30,45.0,24932.0,True,0.01839080459770115,0.9999999999999998,10.123907397928742
39,1912.0,random_sampling,euclidean,uniform,30,45.0,1912.0,True,0.016091954022988506,0.9999999999999998,7.555905093611346
40,1331.0,random_sampling,euclidean,uniform,30,45.0,1331.0,True,0.016091954022988506,1.0,7.193685818395112
41,3462.0,random_sampling,euclidean,uniform,30,45.0,3462.0,True,0.01839080459770115,1.0,8.149601735736155
42,8494.0,random_sampling,euclidean,uniform,30,45.0,8494.0,True,0.01839080459770115,0.9999999999999999,9.047115310873217
43,3973.0,random_sampling,euclidean,uniform,30,45.0,3973.0,True,0.01839080459770115,0.9999999999999999,8.287276755814599
44,58978.0,random_sampling,euclidean,uniform,30,45.0,58978.0,True,0.016091954022988506,0.9999999999999998,10.984919771994385
45,1838.0,random_sampling,euclidean,uniform,30,45.0,1838.0,True,0.01839080459770115,0.9999999999999998,7.516433302915632
46,7699.0,random_sampling,euclidean,uniform,30,45.0,7699.0,True,0.01839080459770115,1.0,8.94884572927805
47,14695.0,random_sampling,euclidean,uniform,30,45.0,14695.0,True,0.01839080459770115,1.0,9.595262578853017
48,7965.0,random_sampling,euclidean,uniform,30,45.0,7965.0,True,0.016091954022988506,1.0000000000000002,8.98281222234415
49,6779.0,random_sampling,euclidean,uniform,30,45.0,6779.0,True,0.020689655172413793,1.0000000000000002,8.821584877430965
50,1965.0,random_sampling,euclidean,uniform,30,45.0,1965.0,True,0.01839080459770115,1.0,7.583247524303362
51,5157.0,random_sampling,euclidean,uniform,30,45.0,5157.0,True,0.020689655172413793,1.0,8.548110294050959
52,4109.0,random_sampling,euclidean,uniform,30,45.0,4109.0,True,0.01839080459770115,1.0000000000000002,8.32093496888341
53,3721.0,random_sampling,euclidean,uniform,30,45.0,3721.0,True,0.020689655172413793,1.0,8.221747728346623
54,3884.0,random_sampling,euclidean,uniform,30,45.0,3884.0,True,0.01839080459770115,0.9999999999999999,8.264620829411216
55,72088.0,random_sampling,euclidean,uniform,30,45.0,72088.0,True,0.016091954022988506,1.0,11.185642873914873
56,21035.0,random_sampling,euclidean,uniform,30,45.0,21035.0,True,0.01839080459770115,0.9999999999999999,9.95394299602462
57,7730.0,random_sampling,euclidean,uniform,30,45.0,7730.0,True,0.01839080459770115,1.0,8.952864141581468
58,1981.0,random_sampling,euclidean,uniform,30,45.0,1981.0,True,0.016091954022988506,1.0,7.591357046698551
59,475.0,random_sampling,euclidean,uniform,30,45.0,475.0,True,0.016091954022988506,0.9999999999999998,6.163314804034641
60,8593.0,random_sampling,euclidean,uniform,30,45.0,8593.0,True,0.01839080459770115,1.0000000000000002,9.058703197313223
61,7704.0,random_sampling,euclidean,uniform,30,45.0,7704.0,True,0.01839080459770115,1.0,8.949494953477961
62,824.0,random_sampling,euclidean,uniform,30,45.0,824.0,True,0.01839080459770115,1.0000000000000002,6.714170529909472
63,27736.0,random_sampling,euclidean,uniform,30,45.0,27736.0,True,0.01839080459770115,1.0,10.230486487364859
64,1013.0,random_sampling,euclidean,uniform,30,45.0,1013.0,True,0.016091954022988506,0.9999999999999998,6.920671504248683
65,4966.0,random_sampling,euclidean,uniform,30,45.0,4966.0,True,0.01839080459770115,0.9999999999999999,8.510369966068112
66,3708.0,random_sampling,euclidean,uniform,30,45.0,3708.0,True,0.01839080459770115,0.9999999999999999,8.218247926685745
67,8204.0,random_sampling,euclidean,uniform,30,45.0,8204.0,True,0.01839080459770115,1.0,9.012377119192271
68,13800.0,random_sampling,euclidean,uniform,30,45.0,13800.0,True,0.01839080459770115,0.9999999999999999,9.532423871145296
69,5421.0,random_sampling,euclidean,uniform,30,45.0,5421.0,True,0.016091954022988506,0.9999999999999998,8.598035579260339
70,6723.0,random_sampling,euclidean,uniform,30,45.0,6723.0,True,0.020689655172413793,1.0000000000000002,8.813289762469037
71,29484.0,random_sampling,euclidean,uniform,30,45.0,29484.0,True,0.01839080459770115,0.9999999999999999,10.291603022309179
72,65531.0,random_sampling,euclidean,uniform,30,45.0,65531.0,True,0.020689655172413793,1.0000000000000002,11.090278592103282
73,409.0,random_sampling,euclidean,uniform,30,45.0,409.0,True,0.016091954022988506,0.9999999999999997,6.013715156042802
74,790.0,random_sampling,euclidean,uniform,30,45.0,790.0,True,0.01839080459770115,1.0000000000000002,6.672032945461067
75,459.0,random_sampling,euclidean,uniform,30,45.0,459.0,True,0.016091954022988506,1.0,6.129050210060545
76,2004.0,random_sampling,euclidean,uniform,30,45.0,2004.0,True,0.01839080459770115,1.0,7.602900462204755
77,2011.0,random_sampling,euclidean,uniform,30,45.0,2011.0,True,0.020689655172413793,1.0,7.606387389772652
78,4554.0,random_sampling,euclidean,uniform,30,45.0,4554.0,True,0.020689655172413793,0.9999999999999999,8.423761246623686
79,1769.0,random_sampling,euclidean,uniform,30,45.0,1769.0,True,0.01839080459770115,1.0,7.478169694159785
80,5485.0,random_sampling,euclidean,uniform,30,45.0,5485.0,True,0.01839080459770115,0.9999999999999997,8.609772372709331
81,31916.0,random_sampling,euclidean,uniform,30,45.0,31916.0,True,0.016091954022988506,1.0,10.370862730428172
82,6965.0,random_sampling,euclidean,uniform,30,45.0,6965.0,True,0.020689655172413793,0.9999999999999998,8.848652886213905
83,2907.0,random_sampling,euclidean,uniform,30,45.0,2907.0,True,0.016091954022988506,1.0000000000000002,7.9748769005588755
84,22120.0,random_sampling,euclidean,uniform,30,45.0,22120.0,True,0.016091954022988506,1.0000000000000002,10.004237455636272
85,10291.0,random_sampling,euclidean,uniform,30,45.0,10291.0,True,0.01839080459770115,1.0000000000000002,9.239025005836092
86,6966.0,random_sampling,euclidean,uniform,30,45.0,6966.0,True,0.016091954022988506,1.0,8.848796450925947
87,4552.0,random_sampling,euclidean,uniform,30,45.0,4552.0,True,0.020689655172413793,1.0000000000000002,8.423321975806166
88,16004.0,random_sampling,euclidean,uniform,30,45.0,16004.0,True,0.01839080459770115,0.9999999999999998,9.680593969977126
89,47090.0,random_sampling,euclidean,uniform,30,45.0,47090.0,True,0.016091954022988506,1.0,10.7598159432376
90,40518.0,random_sampling,euclidean,uniform,30,45.0,40518.0,True,0.020689655172413793,1.0,10.609501598802897
91,29409.0,random_sampling,euclidean,uniform,30,45.0,29409.0,True,0.016091954022988506,0.9999999999999998,10.289056028929835
92,82307.0,random_sampling,euclidean,uniform,30,45.0,82307.0,True,0.01839080459770115,1.0000000000000002,11.318211437726225
93,4826.0,random_sampling,euclidean,uniform,30,45.0,4826.0,True,0.016091954022988506,1.0000000000000002,8.481773246184977
94,958.0,random_sampling,euclidean,uniform,30,45.0,958.0,True,0.016091954022988506,1.0,6.86484777797086
95,3925.0,random_sampling,euclidean,uniform,30,45.0,3925.0,True,0.016091954022988506,0.9999999999999998,8.275121630216509
96,14881.0,random_sampling,euclidean,uniform,30,45.0,14881.0,True,0.020689655172413793,1.0,9.60784051043005
97,25874.0,random_sampling,euclidean,uniform,30,45.0,25874.0,True,0.01839080459770115,1.0,10.160993882477847
98,27220.0,random_sampling,euclidean,uniform,30,45.0,27220.0,True,0.016091954022988506,1.0,10.211707276205457
99,6066.0,random_sampling,euclidean,uniform,30,45.0,6066.0,True,0.020689655172413793,1.0000000000000002,8.710454688248527
0,399.0,random_sampling,euclidean,uniform,20,10.0,399.0,True,0.015789473684210527,1.0,5.988961416889864
1,259.0,random_sampling,euclidean,uniform,20,10.0,259.0,True,0.015789473684210527,1.0000000000000002,5.556828061699537
2,222.0,random_sampling,euclidean,uniform,20,10.0,222.0,True,0.015789473684210527,1.0,5.402677381872279
3,1140.0,random_sampling,euclidean,uniform,20,10.0,1140.0,True,0.015789473684210527,0.9999999999999998,7.038783541388542
4,203.0,random_sampling,euclidean,uniform,20,10.0,203.0,True,0.015789473684210527,1.0,5.313205979041787
5,143.0,random_sampling,euclidean,uniform,20,10.0,143.0,True,0.015789473684210527,1.0,4.962844630259907
6,141.0,random_sampling,euclidean,uniform,20,10.0,141.0,True,0.015789473684210527,1.0,4.948759890378168
7,233.0,random_sampling,euclidean,uniform,20,10.0,233.0,True,0.015789473684210527,1.0,5.4510384535657
8,177.0,random_sampling,euclidean,uniform,20,10.0,177.0,True,0.015789473684210527,1.0,5.176149732573829
9,147.0,random_sampling,euclidean,uniform,20,10.0,147.0,True,0.015789473684210527,0.9999999999999997,4.990432586778736
10,127.0,random_sampling,euclidean,uniform,20,10.0,127.0,True,0.015789473684210527,1.0,4.844187086458591
11,123.0,random_sampling,euclidean,uniform,20,10.0,123.0,True,0.015789473684210527,1.0000000000000004,4.812184355372417
12,104.0,random_sampling,euclidean,uniform,20,10.0,104.0,True,0.015789473684210527,0.9999999999999998,4.6443908991413725
13,135.0,random_sampling,euclidean,uniform,20,10.0,135.0,True,0.015789473684210527,1.0000000000000002,4.90527477843843
14,131.0,random_sampling,euclidean,uniform,20,10.0,131.0,True,0.015789473684210527,1.0000000000000002,4.875197323201151
15,267.0,random_sampling,euclidean,uniform,20,10.0,267.0,True,0.015789473684210527,1.0000000000000002,5.58724865840025
16,152.0,random_sampling,euclidean,uniform,20,10.0,152.0,True,0.015789473684210527,1.0,5.0238805208462765
17,240.0,random_sampling,euclidean,uniform,20,10.0,240.0,True,0.015789473684210527,1.0,5.480638923341991
18,164.0,random_sampling,euclidean,uniform,20,10.0,164.0,True,0.015789473684210527,1.0000000000000002,5.099866427824199
19,10361.0,random_sampling,euclidean,uniform,20,10.0,10361.0,True,0.015789473684210527,0.9999999999999998,9.245804036251752
20,295.0,random_sampling,euclidean,uniform,20,10.0,295.0,True,0.015789473684210527,1.0,5.68697535633982
21,3040.0,random_sampling,euclidean,uniform,20,10.0,3040.0,True,0.015789473684210527,0.9999999999999997,8.019612794400267
22,128.0,random_sampling,euclidean,uniform,20,10.0,128.0,True,0.015789473684210527,1.0,4.852030263919617
23,121.0,random_sampling,euclidean,uniform,20,10.0,121.0,True,0.015789473684210527,1.0,4.795790545596741
24,229.0,random_sampling,euclidean,uniform,20,10.0,229.0,True,0.015789473684210527,1.0,5.43372200355424
25,90.0,random_sampling,euclidean,uniform,20,10.0,90.0,True,0.015789473684210527,1.0,4.499809670330265
26,349.0,random_sampling,euclidean,uniform,20,10.0,349.0,True,0.015789473684210527,0.9999999999999998,5.855071922202427
27,133.0,random_sampling,euclidean,uniform,20,10.0,133.0,True,0.015789473684210527,1.0,4.890349128221754
28,299.0,random_sampling,euclidean,uniform,20,10.0,299.0,True,0.015789473684210527,1.0,5.700443573390687
29,874.0,random_sampling,euclidean,uniform,20,10.0,874.0,True,0.015789473684210527,0.9999999999999998,6.773080375655535
30,110.0,random_sampling,euclidean,uniform,20,10.0,110.0,True,0.015789473684210527,1.0,4.700480365792417
31,516.0,random_sampling,euclidean,uniform,20,10.0,516.0,True,0.015789473684210527,1.0,6.246106765481563
32,204.0,random_sampling,euclidean,uniform,20,10.0,204.0,True,0.015789473684210527,1.0000000000000002,5.318119993844216
33,247.0,random_sampling,euclidean,uniform,20,10.0,247.0,True,0.015789473684210527,1.0,5.5093883366279774
34,256.0,random_sampling,euclidean,uniform,20,10.0,256.0,True,0.015789473684210527,1.0000000000000002,5.545177444479562
35,255.0,random_sampling,euclidean,uniform,20,10.0,255.0,True,0.015789473684210527,1.0000000000000002,5.541263545158426
36,235.0,random_sampling,euclidean,uniform,20,10.0,235.0,True,0.015789473684210527,1.0000000000000002,5.459585514144159
37,111.0,random_sampling,euclidean,uniform,20,10.0,111.0,True,0.015789473684210527,1.0,4.709530201312334
38,161.0,random_sampling,euclidean,uniform,20,10.0,161.0,True,0.015789473684210527,1.0,5.081404364984463
39,225.0,random_sampling,euclidean,uniform,20,10.0,225.0,True,0.015789473684210527,1.0000000000000002,5.41610040220442
40,219.0,random_sampling,euclidean,uniform,20,10.0,219.0,True,0.015789473684210527,1.0000000000000002,5.389071729816501
41,283.0,random_sampling,euclidean,uniform,20,10.0,283.0,True,0.015789473684210527,1.0000000000000002,5.645446897643238
42,238.0,random_sampling,euclidean,uniform,20,10.0,238.0,True,0.015789473684210527,1.0000000000000002,5.472270673671475
43,131.0,random_sampling,euclidean,uniform,20,10.0,131.0,True,0.015789473684210527,1.0,4.875197323201151
44,141.0,random_sampling,euclidean,uniform,20,10.0,141.0,True,0.015789473684210527,1.0,4.948759890378168
45,109.0,random_sampling,euclidean,uniform,20,10.0,109.0,True,0.015789473684210527,1.0,4.6913478822291435
46,136.0,random_sampling,euclidean,uniform,20,10.0,136.0,True,0.015789473684210527,1.0,4.912654885736052
47,285.0,random_sampling,euclidean,uniform,20,10.0,285.0,True,0.015789473684210527,1.0,5.652489180268651
48,374.0,random_sampling,euclidean,uniform,20,10.0,374.0,True,0.015789473684210527,1.0000000000000002,5.924255797414532
49,89.0,random_sampling,euclidean,uniform,20,10.0,89.0,True,0.015789473684210527,1.0000000000000002,4.48863636973214
50,121.0,random_sampling,euclidean,uniform,20,10.0,121.0,True,0.015789473684210527,1.0,4.795790545596741
51,15066.0,random_sampling,euclidean,uniform,20,10.0,15066.0,True,0.015789473684210527,0.9999999999999998,9.62019582838564
52,113.0,random_sampling,euclidean,uniform,20,10.0,113.0,True,0.015789473684210527,1.0000000000000002,4.727387818712341
53,241.0,random_sampling,euclidean,uniform,20,10.0,241.0,True,0.015789473684210527,1.0,5.484796933490655
54,102.0,random_sampling,euclidean,uniform,20,10.0,102.0,True,0.015789473684210527,1.0,4.624972813284271
55,112.0,random_sampling,euclidean,uniform,20,10.0,112.0,True,0.015789473684210527,1.0,4.718498871295094
56,73.0,random_sampling,euclidean,uniform,20,10.0,73.0,True,0.015789473684210527,1.0,4.290459441148391
57,149.0,random_sampling,euclidean,uniform,20,10.0,149.0,True,0.015789473684210527,1.0,5.003946305945459
58,104.0,random_sampling,euclidean,uniform,20,10.0,104.0,True,0.015789473684210527,0.9999999999999998,4.6443908991413725
59,157.0,random_sampling,euclidean,uniform,20,10.0,157.0,True,0.015789473684210527,1.0000000000000004,5.056245805348308
60,3011.0,random_sampling,euclidean,uniform,20,10.0,3011.0,True,0.015789473684210527,1.0000000000000002,8.010027528481734
61,149.0,random_sampling,euclidean,uniform,20,10.0,149.0,True,0.015789473684210527,1.0,5.003946305945459
62,181.0,random_sampling,euclidean,uniform,20,10.0,181.0,True,0.015789473684210527,1.0,5.198497031265826
63,150.0,random_sampling,euclidean,uniform,20,10.0,150.0,True,0.015789473684210527,1.0,5.0106352940962555
64,231.0,random_sampling,euclidean,uniform,20,10.0,231.0,True,0.015789473684210527,1.0,5.442417710521793
65,259.0,random_sampling,euclidean,uniform,20,10.0,259.0,True,0.015789473684210527,1.0000000000000002,5.556828061699537
66,138.0,random_sampling,euclidean,uniform,20,10.0,138.0,True,0.015789473684210527,1.0,4.927253685157205
67,119.0,random_sampling,euclidean,uniform,20,10.0,119.0,True,0.015789473684210527,1.0000000000000002,4.77912349311153
68,184.0,random_sampling,euclidean,uniform,20,10.0,184.0,True,0.015789473684210527,1.0,5.214935757608986
69,136.0,random_sampling,euclidean,uniform,20,10.0,136.0,True,0.015789473684210527,1.0,4.912654885736052
70,191.0,random_sampling,euclidean,uniform,20,10.0,191.0,True,0.015789473684210527,0.9999999999999998,5.25227342804663
71,1527.0,random_sampling,euclidean,uniform,20,10.0,1527.0,True,0.015789473684210527,1.0,7.3310603052186325
72,232.0,random_sampling,euclidean,uniform,20,10.0,232.0,True,0.015789473684210527,1.0,5.44673737166631
73,155.0,random_sampling,euclidean,uniform,20,10.0,155.0,True,0.015789473684210527,1.0000000000000002,5.043425116919247
74,6750.0,random_sampling,euclidean,uniform,20,10.0,6750.0,True,0.015789473684210527,0.9999999999999998,8.817297783866575
75,153.0,random_sampling,euclidean,uniform,20,10.0,153.0,True,0.015789473684210527,0.9999999999999998,5.030437921392435
76,268.0,random_sampling,euclidean,uniform,20,10.0,268.0,True,0.015789473684210527,1.0,5.5909869805108565
77,232.0,random_sampling,euclidean,uniform,20,10.0,232.0,True,0.015789473684210527,1.0,5.44673737166631
78,186.0,random_sampling,euclidean,uniform,20,10.0,186.0,True,0.015789473684210527,1.0,5.225746673713202
79,198.0,random_sampling,euclidean,uniform,20,10.0,198.0,True,0.015789473684210527,1.0,5.288267030694535
80,115.0,random_sampling,euclidean,uniform,20,10.0,115.0,True,0.015789473684210527,1.0000000000000002,4.74493212836325
81,107.0,random_sampling,euclidean,uniform,20,10.0,107.0,True,0.015789473684210527,0.9999999999999997,4.672828834461906
82,3385308.0,random_sampling,euclidean,uniform,20,10.0,3385308.0,True,0.015789473684210527,1.0000000000000002,15.03495544984947
83,166.0,random_sampling,euclidean,uniform,20,10.0,166.0,True,0.015789473684210527,1.0,5.111987788356544
84,295.0,random_sampling,euclidean,uniform,20,10.0,295.0,True,0.015789473684210527,1.0,5.68697535633982
85,155.0,random_sampling,euclidean,uniform,20,10.0,155.0,True,0.015789473684210527,1.0,5.043425116919247
86,170.0,random_sampling,euclidean,uniform,20,10.0,170.0,True,0.015789473684210527,1.0,5.135798437050262
87,78.0,random_sampling,euclidean,uniform,20,10.0,78.0,True,0.015789473684210527,1.0,4.356708826689592
88,218.0,random_sampling,euclidean,uniform,20,10.0,218.0,True,0.015789473684210527,1.0000000000000002,5.384495062789089
89,133.0,random_sampling,euclidean,uniform,20,10.0,133.0,True,0.015789473684210527,1.0,4.890349128221754
90,149.0,random_sampling,euclidean,uniform,20,10.0,149.0,True,0.015789473684210527,1.0,5.003946305945459
91,172.0,random_sampling,euclidean,uniform,20,10.0,172.0,True,0.015789473684210527,1.0000000000000002,5.147494476813453
92,155.0,random_sampling,euclidean,uniform,20,10.0,155.0,True,0.015789473684210527,1.0,5.043425116919247
93,304.0,random_sampling,euclidean,uniform,20,10.0,304.0,True,0.015789473684210527,1.0,5.717027701406222
94,155.0,random_sampling,euclidean,uniform,20,10.0,155.0,True,0.015789473684210527,1.0000000000000002,5.043425116919247
95,3383.0,random_sampling,euclidean,uniform,20,10.0,3383.0,True,0.015789473684210527,0.9999999999999998,8.12651816878071
96,170.0,random_sampling,euclidean,uniform,20,10.0,170.0,True,0.015789473684210527,1.0000000000000002,5.135798437050262
97,85.0,random_sampling,euclidean,uniform,20,10.0,85.0,True,0.015789473684210527,1.0,4.442651256490317
98,11371.0,random_sampling,euclidean,uniform,20,10.0,11371.0,True,0.015789473684210527,0.9999999999999997,9.338821533624722
99,138.0,random_sampling,euclidean,uniform,20,10.0,138.0,True,0.015789473684210527,1.0000000000000002,4.927253685157205
0,536.0,random_sampling,euclidean,uniform,20,100.0,536.0,True,0.07368421052631578,1.0000000000000002,6.284134161070802
1,366.0,random_sampling,euclidean,uniform,20,100.0,366.0,True,0.08947368421052632,1.0,5.902633333401366
2,645.0,random_sampling,euclidean,uniform,20,100.0,645.0,True,0.07368421052631578,1.0000000000000004,6.4692503167957724
3,450.0,random_sampling,euclidean,uniform,20,100.0,450.0,True,0.06315789473684211,1.0,6.1092475827643655
4,2048.0,random_sampling,euclidean,uniform,20,100.0,2048.0,True,0.07894736842105263,1.0,7.6246189861593985
5,1177.0,random_sampling,euclidean,uniform,20,100.0,1177.0,True,0.07894736842105263,1.0,7.0707241072602764
6,270.0,random_sampling,euclidean,uniform,20,100.0,270.0,True,0.06315789473684211,1.0,5.598421958998375
7,966.0,random_sampling,euclidean,uniform,20,100.0,966.0,True,0.07894736842105263,1.0000000000000002,6.873163834212518
8,381.0,random_sampling,euclidean,uniform,20,100.0,381.0,True,0.07368421052631578,0.9999999999999998,5.942799375126701
9,434.0,random_sampling,euclidean,uniform,20,100.0,434.0,True,0.08421052631578947,1.0,6.073044534100405
10,623.0,random_sampling,euclidean,uniform,20,100.0,623.0,True,0.07894736842105263,0.9999999999999997,6.434546518787453
11,790.0,random_sampling,euclidean,uniform,20,100.0,790.0,True,0.07894736842105263,1.0000000000000002,6.672032945461067
12,485.0,random_sampling,euclidean,uniform,20,100.0,485.0,True,0.07368421052631578,1.0,6.184148890937483
13,511.0,random_sampling,euclidean,uniform,20,100.0,511.0,True,0.07894736842105263,0.9999999999999997,6.236369590203704
14,801.0,random_sampling,euclidean,uniform,20,100.0,801.0,True,0.07368421052631578,1.0,6.68586094706836
15,1552.0,random_sampling,euclidean,uniform,20,100.0,1552.0,True,0.07368421052631578,1.0000000000000002,7.347299700743164
16,1883.0,random_sampling,euclidean,uniform,20,100.0,1883.0,True,0.07894736842105263,1.0000000000000002,7.5406215286571525
17,167.0,random_sampling,euclidean,uniform,20,100.0,167.0,True,0.06842105263157895,1.0000000000000002,5.117993812416755
18,5090.0,random_sampling,euclidean,uniform,20,100.0,5090.0,True,0.06842105263157895,1.0,8.53503310954457
19,4060.0,random_sampling,euclidean,uniform,20,100.0,4060.0,True,0.1,0.9999999999999998,8.308938252595778
20,914.0,random_sampling,euclidean,uniform,20,100.0,914.0,True,0.07368421052631578,1.0,6.81783057145415
21,569.0,random_sampling,euclidean,uniform,20,100.0,569.0,True,0.07894736842105263,0.9999999999999998,6.343880434126331
22,2562.0,random_sampling,euclidean,uniform,20,100.0,2562.0,True,0.06842105263157895,1.0,7.848543482456679
23,2837.0,random_sampling,euclidean,uniform,20,100.0,2837.0,True,0.06842105263157895,1.0,7.950502434808851
24,263.0,random_sampling,euclidean,uniform,20,100.0,263.0,True,0.07894736842105263,0.9999999999999998,5.572154032177765
25,1690.0,random_sampling,euclidean,uniform,20,100.0,1690.0,True,0.07368421052631578,0.9999999999999998,7.432483807917119
26,487.0,random_sampling,euclidean,uniform,20,100.0,487.0,True,0.07368421052631578,1.0000000000000002,6.18826412308259
27,1310.0,random_sampling,euclidean,uniform,20,100.0,1310.0,True,0.08421052631578947,1.0,7.177782416195197
28,1393.0,random_sampling,euclidean,uniform,20,100.0,1393.0,True,0.08421052631578947,1.0,7.239214973779806
29,1202.0,random_sampling,euclidean,uniform,20,100.0,1202.0,True,0.07894736842105263,1.0000000000000002,7.091742115095153
30,2674.0,random_sampling,euclidean,uniform,20,100.0,2674.0,True,0.07368421052631578,1.0,7.891330757661889
31,487.0,random_sampling,euclidean,uniform,20,100.0,487.0,True,0.07894736842105263,1.0000000000000002,6.18826412308259
32,1539.0,random_sampling,euclidean,uniform,20,100.0,1539.0,True,0.06842105263157895,1.0000000000000002,7.338888133838879
33,1358.0,random_sampling,euclidean,uniform,20,100.0,1358.0,True,0.08421052631578947,1.0,7.213768308118642
34,158.0,random_sampling,euclidean,uniform,20,100.0,158.0,True,0.08421052631578947,1.0,5.062595033026967
35,1601.0,random_sampling,euclidean,uniform,20,100.0,1601.0,True,0.07368421052631578,1.0000000000000002,7.3783837129967145
36,666.0,random_sampling,euclidean,uniform,20,100.0,666.0,True,0.07894736842105263,1.0,6.501289670540389
37,904.0,random_sampling,euclidean,uniform,20,100.0,904.0,True,0.07894736842105263,0.9999999999999998,6.806829360392176
38,1335.0,random_sampling,euclidean,uniform,20,100.0,1335.0,True,0.07368421052631578,1.0000000000000002,7.19668657083435
39,8328.0,random_sampling,euclidean,uniform,20,100.0,8328.0,True,0.08421052631578947,1.0,9.027378610294805
40,1606.0,random_sampling,euclidean,uniform,20,100.0,1606.0,True,0.08421052631578947,1.0,7.381501894506707
41,729.0,random_sampling,euclidean,uniform,20,100.0,729.0,True,0.07894736842105263,1.0000000000000002,6.591673732008658
42,869.0,random_sampling,euclidean,uniform,20,100.0,869.0,True,0.07894736842105263,1.0,6.767343125265392
43,867.0,random_sampling,euclidean,uniform,20,100.0,867.0,True,0.07894736842105263,1.0,6.7650389767805414
44,776.0,random_sampling,euclidean,uniform,20,100.0,776.0,True,0.07368421052631578,1.0,6.654152520183219
45,982.0,random_sampling,euclidean,uniform,20,100.0,982.0,True,0.07368421052631578,1.0,6.889591308354466
46,221.0,random_sampling,euclidean,uniform,20,100.0,221.0,True,0.07368421052631578,1.0000000000000002,5.3981627015177525
47,1903.0,random_sampling,euclidean,uniform,20,100.0,1903.0,True,0.06842105263157895,1.0,7.551186867296149
48,483.0,random_sampling,euclidean,uniform,20,100.0,483.0,True,0.06842105263157895,1.0,6.180016653652572
49,1846.0,random_sampling,euclidean,uniform,20,100.0,1846.0,True,0.07894736842105263,1.0,7.520776415062797
50,345.0,random_sampling,euclidean,uniform,20,100.0,345.0,True,0.07894736842105263,1.0000000000000002,5.84354441703136
51,653.0,random_sampling,euclidean,uniform,20,100.0,653.0,True,0.06842105263157895,1.0000000000000002,6.481577129276431
52,775.0,random_sampling,euclidean,uniform,20,100.0,775.0,True,0.07894736842105263,0.9999999999999998,6.652863029353347
53,828.0,random_sampling,euclidean,uniform,20,100.0,828.0,True,0.08421052631578947,1.0,6.71901315438526
54,1572.0,random_sampling,euclidean,uniform,20,100.0,1572.0,True,0.07894736842105263,1.0000000000000002,7.360103972989152
55,617.0,random_sampling,euclidean,uniform,20,100.0,617.0,True,0.07368421052631578,1.0,6.424869023905388
56,2449.0,random_sampling,euclidean,uniform,20,100.0,2449.0,True,0.06842105263157895,0.9999999999999998,7.803435056952168
57,1474.0,random_sampling,euclidean,uniform,20,100.0,1474.0,True,0.07368421052631578,1.0,7.295735072749282
58,1733.0,random_sampling,euclidean,uniform,20,100.0,1733.0,True,0.06315789473684211,1.0000000000000002,7.457609289715606
59,274.0,random_sampling,euclidean,uniform,20,100.0,274.0,True,0.07368421052631578,1.0,5.6131281063880705
60,594.0,random_sampling,euclidean,uniform,20,100.0,594.0,True,0.07368421052631578,0.9999999999999998,6.386879319362645
61,2251.0,random_sampling,euclidean,uniform,20,100.0,2251.0,True,0.08421052631578947,1.0,7.719129840906732
62,3085.0,random_sampling,euclidean,uniform,20,100.0,3085.0,True,0.07368421052631578,1.0,8.034306936339489
63,127.0,random_sampling,euclidean,uniform,20,100.0,127.0,True,0.07368421052631578,1.0,4.844187086458591
64,996.0,random_sampling,euclidean,uniform,20,100.0,996.0,True,0.07894736842105263,1.0,6.903747257584598
65,1708.0,random_sampling,euclidean,uniform,20,100.0,1708.0,True,0.08421052631578947,1.0,7.443078374348516
66,1992.0,random_sampling,euclidean,uniform,20,100.0,1992.0,True,0.08421052631578947,1.0,7.596894438144544
67,434.0,random_sampling,euclidean,uniform,20,100.0,434.0,True,0.07894736842105263,1.0,6.073044534100405
68,273.0,random_sampling,euclidean,uniform,20,100.0,273.0,True,0.07368421052631578,1.0000000000000002,5.60947179518496
69,445.0,random_sampling,euclidean,uniform,20,100.0,445.0,True,0.07894736842105263,1.0,6.09807428216624
70,1454.0,random_sampling,euclidean,uniform,20,100.0,1454.0,True,0.07368421052631578,1.0000000000000002,7.282073658093465
71,1677.0,random_sampling,euclidean,uniform,20,100.0,1677.0,True,0.07368421052631578,1.0,7.424761761823209
72,1013.0,random_sampling,euclidean,uniform,20,100.0,1013.0,True,0.06842105263157895,1.0000000000000004,6.920671504248683
73,644.0,random_sampling,euclidean,uniform,20,100.0,644.0,True,0.07368421052631578,1.0000000000000002,6.467698726104354
74,1977.0,random_sampling,euclidean,uniform,20,100.0,1977.0,True,0.08421052631578947,1.0,7.589335823170617
75,766.0,random_sampling,euclidean,uniform,20,100.0,766.0,True,0.07368421052631578,1.0000000000000002,6.641182169740591
76,796.0,random_sampling,euclidean,uniform,20,100.0,796.0,True,0.08421052631578947,1.0,6.679599185844383
77,1554.0,random_sampling,euclidean,uniform,20,100.0,1554.0,True,0.06315789473684211,1.0000000000000002,7.348587530927593
78,1245.0,random_sampling,euclidean,uniform,20,100.0,1245.0,True,0.08947368421052632,0.9999999999999998,7.126890808898808
79,208.0,random_sampling,euclidean,uniform,20,100.0,208.0,True,0.06842105263157895,1.0000000000000004,5.337538079701318
80,673.0,random_sampling,euclidean,uniform,20,100.0,673.0,True,0.07368421052631578,1.0,6.511745329644728
81,249.0,random_sampling,euclidean,uniform,20,100.0,249.0,True,0.06842105263157895,0.9999999999999997,5.517452896464707
82,659.0,random_sampling,euclidean,uniform,20,100.0,659.0,True,0.06842105263157895,1.0000000000000002,6.490723534502507
83,821.0,random_sampling,euclidean,uniform,20,100.0,821.0,True,0.07368421052631578,0.9999999999999998,6.710523109452428
84,3182.0,random_sampling,euclidean,uniform,20,100.0,3182.0,True,0.07368421052631578,1.0000000000000002,8.065265208897733
85,1382.0,random_sampling,euclidean,uniform,20,100.0,1382.0,True,0.07894736842105263,1.0,7.231287004327616
86,238.0,random_sampling,euclidean,uniform,20,100.0,238.0,True,0.07894736842105263,1.0,5.472270673671475
87,3291.0,random_sampling,euclidean,uniform,20,100.0,3291.0,True,0.07368421052631578,1.0000000000000002,8.098946748943339
88,1591.0,random_sampling,euclidean,uniform,20,100.0,1591.0,True,0.07894736842105263,0.9999999999999998,7.372118028337787
89,857.0,random_sampling,euclidean,uniform,20,100.0,857.0,True,0.06842105263157895,1.0,6.75343791859778
90,997.0,random_sampling,euclidean,uniform,20,100.0,997.0,True,0.06842105263157895,1.0,6.904750769961838
91,2311.0,random_sampling,euclidean,uniform,20,100.0,2311.0,True,0.07894736842105263,1.0000000000000002,7.745435610274381
92,1518.0,random_sampling,euclidean,uniform,20,100.0,1518.0,True,0.07368421052631578,1.0000000000000002,7.325148957955575
93,1845.0,random_sampling,euclidean,uniform,20,100.0,1845.0,True,0.08421052631578947,1.0000000000000002,7.520234556474628
94,1985.0,random_sampling,euclidean,uniform,20,100.0,1985.0,True,0.07368421052631578,1.0,7.59337419312129
95,1372.0,random_sampling,euclidean,uniform,20,100.0,1372.0,True,0.06842105263157895,1.0,7.22402480828583
96,476.0,random_sampling,euclidean,uniform,20,100.0,476.0,True,0.07894736842105263,1.0,6.16541785423142
97,3249.0,random_sampling,euclidean,uniform,20,100.0,3249.0,True,0.06842105263157895,1.0,8.0861025356691
98,3334.0,random_sampling,euclidean,uniform,20,100.0,3334.0,True,0.08421052631578947,0.9999999999999997,8.111928063310739
99,372.0,random_sampling,euclidean,uniform,20,100.0,372.0,True,0.08421052631578947,1.0,5.918893854273146
0,30501.0,random_sampling,euclidean,uniform,30,50.0,30501.0,True,0.02528735632183908,1.0000000000000002,10.32551474894327
1,12663.0,random_sampling,euclidean,uniform,30,50.0,12663.0,True,0.02528735632183908,1.0,9.44643963445061
2,3187.0,random_sampling,euclidean,uniform,30,50.0,3187.0,True,0.022988505747126436,1.0,8.066835314417336
3,40375.0,random_sampling,euclidean,uniform,30,50.0,40375.0,True,0.01839080459770115,0.9999999999999999,10.605966060524958
4,37904.0,random_sampling,euclidean,uniform,30,50.0,37904.0,True,0.022988505747126436,1.0,10.542811926398567
5,12538.0,random_sampling,euclidean,uniform,30,50.0,12538.0,True,0.01839080459770115,0.9999999999999998,9.436519311833914
6,31505.0,random_sampling,euclidean,uniform,30,50.0,31505.0,True,0.020689655172413793,0.9999999999999999,10.357901542376156
7,14427.0,random_sampling,euclidean,uniform,30,50.0,14427.0,True,0.020689655172413793,1.0000000000000002,9.576856729945773
8,64502.0,random_sampling,euclidean,uniform,30,50.0,64502.0,True,0.01839080459770115,0.9999999999999999,11.074451510055072
9,10292.0,random_sampling,euclidean,uniform,30,50.0,10292.0,True,0.020689655172413793,1.0000000000000002,9.239122173401634
10,5639.0,random_sampling,euclidean,uniform,30,50.0,5639.0,True,0.020689655172413793,1.0000000000000002,8.637462023807181
11,43921.0,random_sampling,euclidean,uniform,30,50.0,43921.0,True,0.02528735632183908,0.9999999999999998,10.69014784459452
12,3991.0,random_sampling,euclidean,uniform,30,50.0,3991.0,True,0.022988505747126436,1.0000000000000002,8.291797105048733
13,2874.0,random_sampling,euclidean,uniform,30,50.0,2874.0,True,0.020689655172413793,1.0,7.96346006663897
14,1708.0,random_sampling,euclidean,uniform,30,50.0,1708.0,True,0.020689655172413793,0.9999999999999999,7.443078374348516
15,7609.0,random_sampling,euclidean,uniform,30,50.0,7609.0,True,0.022988505747126436,0.9999999999999999,8.937087036176523
16,50527.0,random_sampling,euclidean,uniform,30,50.0,50527.0,True,0.020689655172413793,1.0,10.830263125852557
17,8957.0,random_sampling,euclidean,uniform,30,50.0,8957.0,True,0.020689655172413793,1.0000000000000002,9.100190628475195
18,23871.0,random_sampling,euclidean,uniform,30,50.0,23871.0,True,0.020689655172413793,1.0000000000000002,10.080419612045645
19,123009.0,random_sampling,euclidean,uniform,30,50.0,123009.0,True,0.020689655172413793,1.0000000000000002,11.720012802409414
20,28714.0,random_sampling,euclidean,uniform,30,50.0,28714.0,True,0.020689655172413793,0.9999999999999998,10.265140087687639
21,57451.0,random_sampling,euclidean,uniform,30,50.0,57451.0,True,0.020689655172413793,1.0,10.958687689565794
22,1967.0,random_sampling,euclidean,uniform,30,50.0,1967.0,True,0.02528735632183908,1.0,7.584264818389059
23,4524.0,random_sampling,euclidean,uniform,30,50.0,4524.0,True,0.022988505747126436,0.9999999999999999,8.41715183723601
24,23871.0,random_sampling,euclidean,uniform,30,50.0,23871.0,True,0.022988505747126436,1.0,10.080419612045645
25,15244.0,random_sampling,euclidean,uniform,30,50.0,15244.0,True,0.022988505747126436,1.0000000000000002,9.63194126199375
26,12554.0,random_sampling,euclidean,uniform,30,50.0,12554.0,True,0.020689655172413793,0.9999999999999998,9.437794618877478
27,23568.0,random_sampling,euclidean,uniform,30,50.0,23568.0,True,0.02528735632183908,1.0,10.067645138702412
28,7488.0,random_sampling,euclidean,uniform,30,50.0,7488.0,True,0.020689655172413793,1.0000000000000002,8.921057018157429
29,117454.0,random_sampling,euclidean,uniform,30,50.0,117454.0,True,0.022988505747126436,1.0,11.673802046552682
30,3430.0,random_sampling,euclidean,uniform,30,50.0,3430.0,True,0.01839080459770115,1.0,8.140315540159985
31,15809.0,random_sampling,euclidean,uniform,30,50.0,15809.0,True,0.020689655172413793,1.0,9.668334677096187
32,57319.0,random_sampling,euclidean,uniform,30,50.0,57319.0,True,0.022988505747126436,1.0,10.956387435872271
33,8060.0,random_sampling,euclidean,uniform,30,50.0,8060.0,True,0.022988505747126436,1.0000000000000002,8.994668835500674
34,63447.0,random_sampling,euclidean,uniform,30,50.0,63447.0,True,0.022988505747126436,0.9999999999999999,11.05796019070086
35,31301.0,random_sampling,euclidean,uniform,30,50.0,31301.0,True,0.022988505747126436,0.9999999999999999,10.351405324899678
36,3425.0,random_sampling,euclidean,uniform,30,50.0,3425.0,True,0.01839080459770115,0.9999999999999998,8.138856750696325
37,30880.0,random_sampling,euclidean,uniform,30,50.0,30880.0,True,0.022988505747126436,0.9999999999999999,10.337864004138712
38,5668.0,random_sampling,euclidean,uniform,30,50.0,5668.0,True,0.020689655172413793,1.0000000000000002,8.64259160081057
39,15295.0,random_sampling,euclidean,uniform,30,50.0,15295.0,True,0.020689655172413793,0.9999999999999999,9.635281256585003
40,9711.0,random_sampling,euclidean,uniform,30,50.0,9711.0,True,0.022988505747126436,0.9999999999999998,9.181014542594355
41,14591.0,random_sampling,euclidean,uniform,30,50.0,14591.0,True,0.022988505747126436,1.0,9.588160179264023
42,4016.0,random_sampling,euclidean,uniform,30,50.0,4016.0,True,0.01839080459770115,0.9999999999999999,8.298041661371565
43,29988.0,random_sampling,euclidean,uniform,30,50.0,29988.0,True,0.01839080459770115,0.9999999999999999,10.308552580622953
44,2079.0,random_sampling,euclidean,uniform,30,50.0,2079.0,True,0.020689655172413793,1.0,7.639642287858013
45,14817.0,random_sampling,euclidean,uniform,30,50.0,14817.0,True,0.020689655172413793,0.9999999999999999,9.603530449208735
46,42893.0,random_sampling,euclidean,uniform,30,50.0,42893.0,True,0.01839080459770115,0.9999999999999999,10.666463921439238
47,59842.0,random_sampling,euclidean,uniform,30,50.0,59842.0,True,0.02528735632183908,0.9999999999999998,10.999463034549734
48,2035.0,random_sampling,euclidean,uniform,30,50.0,2035.0,True,0.020689655172413793,0.9999999999999999,7.618251097876695
49,1699.0,random_sampling,euclidean,uniform,30,50.0,1699.0,True,0.01839080459770115,1.0,7.4377951216719325
50,6863.0,random_sampling,euclidean,uniform,30,50.0,6863.0,True,0.020689655172413793,1.0000000000000002,8.833899942908635
51,2842.0,random_sampling,euclidean,uniform,30,50.0,2842.0,True,0.022988505747126436,1.0000000000000002,7.952263308657046
52,53748.0,random_sampling,euclidean,uniform,30,50.0,53748.0,True,0.022988505747126436,1.0,10.8920617359953
53,825.0,random_sampling,euclidean,uniform,30,50.0,825.0,True,0.01839080459770115,1.0000000000000002,6.715383386334681
54,61831.0,random_sampling,euclidean,uniform,30,50.0,61831.0,True,0.022988505747126436,1.0000000000000002,11.032160135800446
55,6165.0,random_sampling,euclidean,uniform,30,50.0,6165.0,True,0.020689655172413793,1.0000000000000002,8.726643415598444
56,7897.0,random_sampling,euclidean,uniform,30,50.0,7897.0,True,0.01839080459770115,0.9999999999999999,8.97423821949758
57,29932.0,random_sampling,euclidean,uniform,30,50.0,29932.0,True,0.01839080459770115,1.0,10.30668342120025
58,3977.0,random_sampling,euclidean,uniform,30,50.0,3977.0,True,0.020689655172413793,1.0000000000000002,8.28828304520769
59,56747.0,random_sampling,euclidean,uniform,30,50.0,56747.0,True,0.022988505747126436,1.0000000000000004,10.946358070510206
60,80699.0,random_sampling,euclidean,uniform,30,50.0,80699.0,True,0.02528735632183908,1.0,11.298481462607533
61,40321.0,random_sampling,euclidean,uniform,30,50.0,40321.0,True,0.01839080459770115,0.9999999999999997,10.604627704024997
62,31461.0,random_sampling,euclidean,uniform,30,50.0,31461.0,True,0.01839080459770115,1.0,10.356503962502515
63,15967.0,random_sampling,euclidean,uniform,30,50.0,15967.0,True,0.020689655172413793,1.0,9.678279371339702
64,120834.0,random_sampling,euclidean,uniform,30,50.0,120834.0,True,0.020689655172413793,1.0,11.702172981834916
65,31811.0,random_sampling,euclidean,uniform,30,50.0,31811.0,True,0.020689655172413793,0.9999999999999998,10.367567420904209
66,44363.0,random_sampling,euclidean,uniform,30,50.0,44363.0,True,0.02528735632183908,1.0,10.700161067671738
67,3061.0,random_sampling,euclidean,uniform,30,50.0,3061.0,True,0.020689655172413793,1.0000000000000002,8.026496938945412
68,15177.0,random_sampling,euclidean,uniform,30,50.0,15177.0,True,0.020689655172413793,1.0000000000000002,9.627536402960045
69,10523.0,random_sampling,euclidean,uniform,30,50.0,10523.0,True,0.022988505747126436,1.0000000000000002,9.261318616740812
70,8073.0,random_sampling,euclidean,uniform,30,50.0,8073.0,True,0.020689655172413793,1.0,8.996280439395015
71,58640.0,random_sampling,euclidean,uniform,30,50.0,58640.0,True,0.020689655172413793,1.0000000000000002,10.979172336560532
72,437319.0,random_sampling,euclidean,uniform,30,50.0,437319.0,True,0.022988505747126436,0.9999999999999997,12.988418184890726
73,7260.0,random_sampling,euclidean,uniform,30,50.0,7260.0,True,0.020689655172413793,0.9999999999999998,8.890135107818843
74,7611.0,random_sampling,euclidean,uniform,30,50.0,7611.0,True,0.01839080459770115,1.0,8.937349848267392
75,31190.0,random_sampling,euclidean,uniform,30,50.0,31190.0,True,0.02528735632183908,1.0000000000000002,10.347852809601848
76,53941.0,random_sampling,euclidean,uniform,30,50.0,53941.0,True,0.020689655172413793,1.0,10.895646135639412
77,8128.0,random_sampling,euclidean,uniform,30,50.0,8128.0,True,0.02528735632183908,0.9999999999999999,9.003070169818264
78,29976.0,random_sampling,euclidean,uniform,30,50.0,29976.0,True,0.022988505747126436,0.9999999999999998,10.308152340473523
79,38788.0,random_sampling,euclidean,uniform,30,50.0,38788.0,True,0.020689655172413793,1.0000000000000002,10.565866199424438
80,2051.0,random_sampling,euclidean,uniform,30,50.0,2051.0,True,0.020689655172413793,0.9999999999999998,7.62608275807238
81,16057.0,random_sampling,euclidean,uniform,30,50.0,16057.0,True,0.01839080459770115,1.0,9.683900170549684
82,6321.0,random_sampling,euclidean,uniform,30,50.0,6321.0,True,0.020689655172413793,1.0,8.751632702472298
83,3797.0,random_sampling,euclidean,uniform,30,50.0,3797.0,True,0.022988505747126436,1.0000000000000002,8.241966560231802
84,5498.0,random_sampling,euclidean,uniform,30,50.0,5498.0,True,0.022988505747126436,1.0000000000000002,8.612139668725192
85,1784.0,random_sampling,euclidean,uniform,30,50.0,1784.0,True,0.022988505747126436,1.0000000000000002,7.486613313139955
86,114755.0,random_sampling,euclidean,uniform,30,50.0,114755.0,True,0.022988505747126436,1.0,11.650554699958267
87,109731.0,random_sampling,euclidean,uniform,30,50.0,109731.0,True,0.02528735632183908,0.9999999999999999,11.605787195221366
88,6034.0,random_sampling,euclidean,uniform,30,50.0,6034.0,True,0.01839080459770115,0.9999999999999999,8.705165419719007
89,92073.0,random_sampling,euclidean,uniform,30,50.0,92073.0,True,0.022988505747126436,1.0000000000000002,11.4303370196546
90,68064.0,random_sampling,euclidean,uniform,30,50.0,68064.0,True,0.020689655172413793,1.0,11.128203717999964
91,7166.0,random_sampling,euclidean,uniform,30,50.0,7166.0,True,0.020689655172413793,0.9999999999999998,8.8771028978649
92,6078.0,random_sampling,euclidean,uniform,30,50.0,6078.0,True,0.01839080459770115,1.0,8.712430973476739
93,150071.0,random_sampling,euclidean,uniform,30,50.0,150071.0,True,0.020689655172413793,0.9999999999999999,11.91886379442484
94,9644.0,random_sampling,euclidean,uniform,30,50.0,9644.0,True,0.02528735632183908,1.0000000000000002,9.174091239301061
95,484.0,random_sampling,euclidean,uniform,30,50.0,484.0,True,0.02528735632183908,1.0,6.182084906716632
96,1803.0,random_sampling,euclidean,uniform,30,50.0,1803.0,True,0.01839080459770115,0.9999999999999998,7.497207223203318
97,1491.0,random_sampling,euclidean,uniform,30,50.0,1491.0,True,0.020689655172413793,1.0000000000000002,7.307202314764738
98,3765.0,random_sampling,euclidean,uniform,30,50.0,3765.0,True,0.020689655172413793,1.0000000000000002,8.233503140233994
99,3717.0,random_sampling,euclidean,uniform,30,50.0,3717.0,True,0.022988505747126436,0.9999999999999998,8.220672170297252
0,277.0,random_sampling,euclidean,uniform,20,40.0,277.0,True,0.03684210526315789,1.0,5.6240175061873385
1,1174.0,random_sampling,euclidean,uniform,20,40.0,1174.0,True,0.02631578947368421,1.0,7.068172000388042
2,728.0,random_sampling,euclidean,uniform,20,40.0,728.0,True,0.042105263157894736,1.0000000000000002,6.590301048196686
3,107.0,random_sampling,euclidean,uniform,20,40.0,107.0,True,0.031578947368421054,0.9999999999999998,4.672828834461906
4,2826.0,random_sampling,euclidean,uniform,20,40.0,2826.0,True,0.03684210526315789,1.0,7.946617563244473
5,323.0,random_sampling,euclidean,uniform,20,40.0,323.0,True,0.03684210526315789,1.0,5.777652323222656
6,424.0,random_sampling,euclidean,uniform,20,40.0,424.0,True,0.03684210526315789,1.0,6.049733455231958
7,389.0,random_sampling,euclidean,uniform,20,40.0,389.0,True,0.031578947368421054,1.0,5.963579343618446
8,619.0,random_sampling,euclidean,uniform,20,40.0,619.0,True,0.03684210526315789,1.0,6.428105272684596
9,634.0,random_sampling,euclidean,uniform,20,40.0,634.0,True,0.03684210526315789,1.0,6.452048954437226
10,143.0,random_sampling,euclidean,uniform,20,40.0,143.0,True,0.031578947368421054,1.0,4.962844630259907
11,1541.0,random_sampling,euclidean,uniform,20,40.0,1541.0,True,0.042105263157894736,1.0,7.340186835320115
12,2338.0,random_sampling,euclidean,uniform,20,40.0,2338.0,True,0.03684210526315789,1.0,7.757051142032013
13,2008.0,random_sampling,euclidean,uniform,20,40.0,2008.0,True,0.042105263157894736,1.0,7.60489448081162
14,1275.0,random_sampling,euclidean,uniform,20,40.0,1275.0,True,0.042105263157894736,0.9999999999999998,7.150701457592526
15,121.0,random_sampling,euclidean,uniform,20,40.0,121.0,True,0.03684210526315789,1.0,4.795790545596741
16,100.0,random_sampling,euclidean,uniform,20,40.0,100.0,True,0.042105263157894736,1.0000000000000004,4.605170185988092
17,423.0,random_sampling,euclidean,uniform,20,40.0,423.0,True,0.03684210526315789,1.0000000000000002,6.0473721790462776
18,157.0,random_sampling,euclidean,uniform,20,40.0,157.0,True,0.03684210526315789,1.0,5.056245805348308
19,120.0,random_sampling,euclidean,uniform,20,40.0,120.0,True,0.03684210526315789,1.0000000000000002,4.787491742782046
20,498.0,random_sampling,euclidean,uniform,20,40.0,498.0,True,0.031578947368421054,1.0,6.210600077024653
21,3358.0,random_sampling,euclidean,uniform,20,40.0,3358.0,True,0.042105263157894736,0.9999999999999998,8.119100837637486
22,367.0,random_sampling,euclidean,uniform,20,40.0,367.0,True,0.03684210526315789,1.0,5.905361848054571
23,1972.0,random_sampling,euclidean,uniform,20,40.0,1972.0,True,0.042105263157894736,1.0,7.586803535162581
24,240.0,random_sampling,euclidean,uniform,20,40.0,240.0,True,0.04736842105263158,1.0,5.480638923341991
25,263.0,random_sampling,euclidean,uniform,20,40.0,263.0,True,0.042105263157894736,1.0,5.572154032177765
26,986.0,random_sampling,euclidean,uniform,20,40.0,986.0,True,0.042105263157894736,1.0000000000000002,6.893656354602635
27,415.0,random_sampling,euclidean,uniform,20,40.0,415.0,True,0.042105263157894736,1.0,6.028278520230698
28,302.0,random_sampling,euclidean,uniform,20,40.0,302.0,True,0.031578947368421054,1.0,5.71042701737487
29,211.0,random_sampling,euclidean,uniform,20,40.0,211.0,True,0.03684210526315789,1.0,5.351858133476067
30,282.0,random_sampling,euclidean,uniform,20,40.0,282.0,True,0.031578947368421054,1.0,5.641907070938114
31,1639.0,random_sampling,euclidean,uniform,20,40.0,1639.0,True,0.03684210526315789,1.0000000000000004,7.40184157874383
32,375.0,random_sampling,euclidean,uniform,20,40.0,375.0,True,0.03684210526315789,1.0000000000000002,5.926926025970411
33,224.0,random_sampling,euclidean,uniform,20,40.0,224.0,True,0.03684210526315789,1.0,5.4116460518550396
34,2014.0,random_sampling,euclidean,uniform,20,40.0,2014.0,True,0.03684210526315789,1.0,7.607878073278507
35,364.0,random_sampling,euclidean,uniform,20,40.0,364.0,True,0.03684210526315789,1.0000000000000002,5.8971538676367405
36,184.0,random_sampling,euclidean,uniform,20,40.0,184.0,True,0.03684210526315789,1.0000000000000002,5.214935757608986
37,402.0,random_sampling,euclidean,uniform,20,40.0,402.0,True,0.04736842105263158,0.9999999999999998,5.996452088619021
38,1117.0,random_sampling,euclidean,uniform,20,40.0,1117.0,True,0.03684210526315789,1.0,7.018401799069201
39,118.0,random_sampling,euclidean,uniform,20,40.0,118.0,True,0.031578947368421054,1.0000000000000004,4.770684624465665
40,236.0,random_sampling,euclidean,uniform,20,40.0,236.0,True,0.03684210526315789,1.0,5.4638318050256105
41,433.0,random_sampling,euclidean,uniform,20,40.0,433.0,True,0.042105263157894736,0.9999999999999998,6.07073772800249
42,528.0,random_sampling,euclidean,uniform,20,40.0,528.0,True,0.031578947368421054,1.0000000000000004,6.269096283706261
43,242.0,random_sampling,euclidean,uniform,20,40.0,242.0,True,0.03684210526315789,1.0,5.488937726156687
44,1839.0,random_sampling,euclidean,uniform,20,40.0,1839.0,True,0.03684210526315789,1.0,7.516977224604321
45,670.0,random_sampling,euclidean,uniform,20,40.0,670.0,True,0.04736842105263158,0.9999999999999998,6.507277712385012
46,2934.0,random_sampling,euclidean,uniform,20,40.0,2934.0,True,0.042105263157894736,1.0,7.984121958702927
47,211.0,random_sampling,euclidean,uniform,20,40.0,211.0,True,0.042105263157894736,1.0,5.351858133476067
48,240.0,random_sampling,euclidean,uniform,20,40.0,240.0,True,0.03684210526315789,0.9999999999999998,5.480638923341991
49,1743.0,random_sampling,euclidean,uniform,20,40.0,1743.0,True,0.03684210526315789,1.0,7.463363045520021
50,327.0,random_sampling,euclidean,uniform,20,40.0,327.0,True,0.03684210526315789,0.9999999999999998,5.7899601708972535
51,254.0,random_sampling,euclidean,uniform,20,40.0,254.0,True,0.04736842105263158,1.0000000000000004,5.537334267018537
52,180.0,random_sampling,euclidean,uniform,20,40.0,180.0,True,0.03684210526315789,0.9999999999999998,5.19295685089021
53,389.0,random_sampling,euclidean,uniform,20,40.0,389.0,True,0.03684210526315789,1.0,5.963579343618446
54,376.0,random_sampling,euclidean,uniform,20,40.0,376.0,True,0.042105263157894736,0.9999999999999998,5.929589143389895
55,394.0,random_sampling,euclidean,uniform,20,40.0,394.0,True,0.03684210526315789,1.0000000000000002,5.976350909297934
56,325.0,random_sampling,euclidean,uniform,20,40.0,325.0,True,0.042105263157894736,0.9999999999999998,5.783825182329737
57,144.0,random_sampling,euclidean,uniform,20,40.0,144.0,True,0.042105263157894736,0.9999999999999998,4.969813299576001
58,1991.0,random_sampling,euclidean,uniform,20,40.0,1991.0,True,0.03684210526315789,0.9999999999999998,7.596392304064196
59,451.0,random_sampling,euclidean,uniform,20,40.0,451.0,True,0.03684210526315789,1.0,6.111467339502679
60,362.0,random_sampling,euclidean,uniform,20,40.0,362.0,True,0.03684210526315789,1.0,5.8916442118257715
61,145.0,random_sampling,euclidean,uniform,20,40.0,145.0,True,0.03684210526315789,0.9999999999999998,4.976733742420574
62,574.0,random_sampling,euclidean,uniform,20,40.0,574.0,True,0.03684210526315789,0.9999999999999998,6.352629396319567
63,228.0,random_sampling,euclidean,uniform,20,40.0,228.0,True,0.042105263157894736,1.0,5.429345628954441
64,328.0,random_sampling,euclidean,uniform,20,40.0,328.0,True,0.031578947368421054,0.9999999999999997,5.793013608384144
65,363.0,random_sampling,euclidean,uniform,20,40.0,363.0,True,0.031578947368421054,1.0,5.8944028342648505
66,122.0,random_sampling,euclidean,uniform,20,40.0,122.0,True,0.03684210526315789,0.9999999999999998,4.804021044733257
67,305.0,random_sampling,euclidean,uniform,20,40.0,305.0,True,0.03684210526315789,0.9999999999999998,5.720311776607412
68,449.0,random_sampling,euclidean,uniform,20,40.0,449.0,True,0.03684210526315789,0.9999999999999998,6.1070228877422545
69,552.0,random_sampling,euclidean,uniform,20,40.0,552.0,True,0.03684210526315789,1.0,6.313548046277095
70,148.0,random_sampling,euclidean,uniform,20,40.0,148.0,True,0.042105263157894736,1.0,4.997212273764115
71,635.0,random_sampling,euclidean,uniform,20,40.0,635.0,True,0.042105263157894736,0.9999999999999998,6.453624998892692
72,237.0,random_sampling,euclidean,uniform,20,40.0,237.0,True,0.03684210526315789,0.9999999999999998,5.4680601411351315
73,222.0,random_sampling,euclidean,uniform,20,40.0,222.0,True,0.042105263157894736,1.0,5.402677381872279
74,214.0,random_sampling,euclidean,uniform,20,40.0,214.0,True,0.03684210526315789,1.0000000000000002,5.365976015021851
75,1768.0,random_sampling,euclidean,uniform,20,40.0,1768.0,True,0.042105263157894736,0.9999999999999997,7.477604243197589
76,646.0,random_sampling,euclidean,uniform,20,40.0,646.0,True,0.042105263157894736,1.0000000000000004,6.470799503782602
77,297.0,random_sampling,euclidean,uniform,20,40.0,297.0,True,0.031578947368421054,1.0,5.6937321388027
78,141.0,random_sampling,euclidean,uniform,20,40.0,141.0,True,0.031578947368421054,1.0,4.948759890378168
79,761.0,random_sampling,euclidean,uniform,20,40.0,761.0,True,0.03684210526315789,0.9999999999999998,6.634633357861686
80,918.0,random_sampling,euclidean,uniform,20,40.0,918.0,True,0.03684210526315789,1.0000000000000002,6.822197390620491
81,197.0,random_sampling,euclidean,uniform,20,40.0,197.0,True,0.042105263157894736,1.0,5.2832037287379885
82,1808.0,random_sampling,euclidean,uniform,20,40.0,1808.0,True,0.03684210526315789,0.9999999999999998,7.4999765409521215
83,407.0,random_sampling,euclidean,uniform,20,40.0,407.0,True,0.042105263157894736,1.0,6.008813185442595
84,154.0,random_sampling,euclidean,uniform,20,40.0,154.0,True,0.03684210526315789,0.9999999999999998,5.0369526024136295
85,537.0,random_sampling,euclidean,uniform,20,40.0,537.0,True,0.042105263157894736,1.0,6.285998094508865
86,115.0,random_sampling,euclidean,uniform,20,40.0,115.0,True,0.031578947368421054,1.0,4.74493212836325
87,121.0,random_sampling,euclidean,uniform,20,40.0,121.0,True,0.031578947368421054,0.9999999999999997,4.795790545596741
88,420.0,random_sampling,euclidean,uniform,20,40.0,420.0,True,0.03684210526315789,1.0,6.040254711277414
89,2648.0,random_sampling,euclidean,uniform,20,40.0,2648.0,True,0.042105263157894736,1.0,7.881559917056899
90,862.0,random_sampling,euclidean,uniform,20,40.0,862.0,True,0.042105263157894736,1.0,6.759255270663693
91,386.0,random_sampling,euclidean,uniform,20,40.0,386.0,True,0.031578947368421054,1.0000000000000002,5.955837369464831
92,372.0,random_sampling,euclidean,uniform,20,40.0,372.0,True,0.031578947368421054,1.0000000000000004,5.918893854273146
93,127.0,random_sampling,euclidean,uniform,20,40.0,127.0,True,0.03684210526315789,1.0,4.844187086458591
94,1249.0,random_sampling,euclidean,uniform,20,40.0,1249.0,True,0.03684210526315789,1.0000000000000002,7.130098510125578
95,381.0,random_sampling,euclidean,uniform,20,40.0,381.0,True,0.042105263157894736,1.0,5.942799375126701
96,395.0,random_sampling,euclidean,uniform,20,40.0,395.0,True,0.03684210526315789,0.9999999999999998,5.978885764901122
97,199.0,random_sampling,euclidean,uniform,20,40.0,199.0,True,0.03684210526315789,0.9999999999999998,5.293304824724492
98,307.0,random_sampling,euclidean,uniform,20,40.0,307.0,True,0.031578947368421054,0.9999999999999998,5.726847747587197
99,1156.0,random_sampling,euclidean,uniform,20,40.0,1156.0,True,0.04736842105263158,1.0,7.052721049232323
0,1271.0,random_sampling,euclidean,uniform,20,55.0,1271.0,True,0.042105263157894736,1.0,7.147559271189454
1,3317.0,random_sampling,euclidean,uniform,20,55.0,3317.0,True,0.03684210526315789,1.0000000000000002,8.106816038947052
2,1879.0,random_sampling,euclidean,uniform,20,55.0,1879.0,True,0.05789473684210526,1.0000000000000002,7.538494999413465
3,455.0,random_sampling,euclidean,uniform,20,55.0,455.0,True,0.042105263157894736,1.0000000000000004,6.12029741895095
4,1584.0,random_sampling,euclidean,uniform,20,55.0,1584.0,True,0.04736842105263158,1.0,7.367708572374371
5,846.0,random_sampling,euclidean,uniform,20,55.0,846.0,True,0.042105263157894736,1.0000000000000002,6.740519359606223
6,1793.0,random_sampling,euclidean,uniform,20,55.0,1793.0,True,0.04736842105263158,1.0,7.491645473605133
7,250.0,random_sampling,euclidean,uniform,20,55.0,250.0,True,0.04736842105263158,1.0000000000000002,5.521460917862246
8,1466.0,random_sampling,euclidean,uniform,20,55.0,1466.0,True,0.04736842105263158,1.0,7.290292882446597
9,1493.0,random_sampling,euclidean,uniform,20,55.0,1493.0,True,0.042105263157894736,1.0000000000000004,7.30854279753919
10,1830.0,random_sampling,euclidean,uniform,20,55.0,1830.0,True,0.042105263157894736,1.0000000000000004,7.512071245835466
11,698.0,random_sampling,euclidean,uniform,20,55.0,698.0,True,0.05263157894736842,1.0000000000000002,6.548219102762372
12,112.0,random_sampling,euclidean,uniform,20,55.0,112.0,True,0.03684210526315789,1.0,4.718498871295094
13,646.0,random_sampling,euclidean,uniform,20,55.0,646.0,True,0.04736842105263158,1.0,6.470799503782602
14,1187.0,random_sampling,euclidean,uniform,20,55.0,1187.0,True,0.04736842105263158,0.9999999999999998,7.079184394609668
15,835.0,random_sampling,euclidean,uniform,20,55.0,835.0,True,0.042105263157894736,1.0,6.727431724850855
16,632.0,random_sampling,euclidean,uniform,20,55.0,632.0,True,0.042105263157894736,1.0,6.448889394146858
17,1014.0,random_sampling,euclidean,uniform,20,55.0,1014.0,True,0.042105263157894736,1.0,6.921658184151129
18,412.0,random_sampling,euclidean,uniform,20,55.0,412.0,True,0.042105263157894736,1.0,6.021023349349527
19,2209.0,random_sampling,euclidean,uniform,20,55.0,2209.0,True,0.04736842105263158,1.0000000000000002,7.700295203420117
20,903.0,random_sampling,euclidean,uniform,20,55.0,903.0,True,0.042105263157894736,1.0,6.805722553416985
21,1940.0,random_sampling,euclidean,uniform,20,55.0,1940.0,True,0.042105263157894736,0.9999999999999998,7.570443252057374
22,243.0,random_sampling,euclidean,uniform,20,55.0,243.0,True,0.04736842105263158,1.0,5.493061443340548
23,2715.0,random_sampling,euclidean,uniform,20,55.0,2715.0,True,0.04736842105263158,0.9999999999999998,7.906547232368036
24,527.0,random_sampling,euclidean,uniform,20,55.0,527.0,True,0.04736842105263158,1.0,6.267200548541362
25,419.0,random_sampling,euclidean,uniform,20,55.0,419.0,True,0.042105263157894736,1.0000000000000002,6.037870919922137
26,207.0,random_sampling,euclidean,uniform,20,55.0,207.0,True,0.05263157894736842,1.0000000000000002,5.332718793265369
27,1556.0,random_sampling,euclidean,uniform,20,55.0,1556.0,True,0.042105263157894736,1.0000000000000004,7.349873704738337
28,381.0,random_sampling,euclidean,uniform,20,55.0,381.0,True,0.042105263157894736,1.0000000000000002,5.942799375126701
29,341.0,random_sampling,euclidean,uniform,20,55.0,341.0,True,0.042105263157894736,1.0,5.831882477283517
30,228.0,random_sampling,euclidean,uniform,20,55.0,228.0,True,0.042105263157894736,1.0,5.429345628954441
31,5419.0,random_sampling,euclidean,uniform,20,55.0,5419.0,True,0.042105263157894736,1.0,8.597666575566114
32,3775.0,random_sampling,euclidean,uniform,20,55.0,3775.0,True,0.042105263157894736,0.9999999999999997,8.236155661683124
33,483.0,random_sampling,euclidean,uniform,20,55.0,483.0,True,0.042105263157894736,1.0000000000000002,6.180016653652572
34,2645.0,random_sampling,euclidean,uniform,20,55.0,2645.0,True,0.042105263157894736,1.0000000000000002,7.8804263442924
35,280.0,random_sampling,euclidean,uniform,20,55.0,280.0,True,0.04736842105263158,0.9999999999999998,5.634789603169249
36,715.0,random_sampling,euclidean,uniform,20,55.0,715.0,True,0.042105263157894736,1.0,6.5722825426940075
37,2068.0,random_sampling,euclidean,uniform,20,55.0,2068.0,True,0.042105263157894736,1.0,7.63433723562832
38,86.0,random_sampling,euclidean,uniform,20,55.0,86.0,True,0.042105263157894736,1.0,4.454347296253507
39,488.0,random_sampling,euclidean,uniform,20,55.0,488.0,True,0.04736842105263158,1.0,6.1903154058531475
40,428.0,random_sampling,euclidean,uniform,20,55.0,428.0,True,0.042105263157894736,1.0000000000000004,6.059123195581797
41,924.0,random_sampling,euclidean,uniform,20,55.0,924.0,True,0.03684210526315789,1.0,6.828712071641684
42,221.0,random_sampling,euclidean,uniform,20,55.0,221.0,True,0.04736842105263158,1.0000000000000002,5.3981627015177525
43,1962.0,random_sampling,euclidean,uniform,20,55.0,1962.0,True,0.04736842105263158,1.0,7.581719640125308
44,499.0,random_sampling,euclidean,uniform,20,55.0,499.0,True,0.042105263157894736,1.0,6.212606095751519
45,1566.0,random_sampling,euclidean,uniform,20,55.0,1566.0,True,0.042105263157894736,0.9999999999999998,7.356279876550748
46,1289.0,random_sampling,euclidean,uniform,20,55.0,1289.0,True,0.05263157894736842,1.0,7.161622002939187
47,749.0,random_sampling,euclidean,uniform,20,55.0,749.0,True,0.05263157894736842,0.9999999999999998,6.618738983517219
48,195.0,random_sampling,euclidean,uniform,20,55.0,195.0,True,0.03684210526315789,1.0000000000000002,5.272999558563747
49,1823.0,random_sampling,euclidean,uniform,20,55.0,1823.0,True,0.04736842105263158,1.0,7.508238774678663
50,201.0,random_sampling,euclidean,uniform,20,55.0,201.0,True,0.04736842105263158,1.0000000000000002,5.303304908059076
51,918.0,random_sampling,euclidean,uniform,20,55.0,918.0,True,0.042105263157894736,1.0,6.822197390620491
52,1181.0,random_sampling,euclidean,uniform,20,55.0,1181.0,True,0.042105263157894736,1.0000000000000004,7.074116816197362
53,842.0,random_sampling,euclidean,uniform,20,55.0,842.0,True,0.042105263157894736,1.0000000000000002,6.7357800142423265
54,2331.0,random_sampling,euclidean,uniform,20,55.0,2331.0,True,0.04736842105263158,1.0,7.754052639035757
55,394.0,random_sampling,euclidean,uniform,20,55.0,394.0,True,0.042105263157894736,1.0000000000000004,5.976350909297934
56,1472.0,random_sampling,euclidean,uniform,20,55.0,1472.0,True,0.04736842105263158,1.0,7.294377299288821
57,1368.0,random_sampling,euclidean,uniform,20,55.0,1368.0,True,0.05263157894736842,1.0,7.221105098182496
58,566.0,random_sampling,euclidean,uniform,20,55.0,566.0,True,0.04736842105263158,0.9999999999999998,6.338594078203183
59,910.0,random_sampling,euclidean,uniform,20,55.0,910.0,True,0.042105263157894736,1.0,6.813444599510896
60,517.0,random_sampling,euclidean,uniform,20,55.0,517.0,True,0.042105263157894736,1.0,6.248042874508429
61,405.0,random_sampling,euclidean,uniform,20,55.0,405.0,True,0.04736842105263158,0.9999999999999998,6.003887067106539
62,501.0,random_sampling,euclidean,uniform,20,55.0,501.0,True,0.04736842105263158,1.0000000000000002,6.2166061010848646
63,233.0,random_sampling,euclidean,uniform,20,55.0,233.0,True,0.042105263157894736,1.0000000000000002,5.4510384535657
64,529.0,random_sampling,euclidean,uniform,20,55.0,529.0,True,0.03684210526315789,1.0,6.270988431858299
65,1043.0,random_sampling,euclidean,uniform,20,55.0,1043.0,True,0.03684210526315789,0.9999999999999997,6.949856455000773
66,659.0,random_sampling,euclidean,uniform,20,55.0,659.0,True,0.042105263157894736,1.0,6.490723534502507
67,960.0,random_sampling,euclidean,uniform,20,55.0,960.0,True,0.04736842105263158,1.0,6.866933284461882
68,980.0,random_sampling,euclidean,uniform,20,55.0,980.0,True,0.04736842105263158,1.0000000000000004,6.887552571664617
69,498.0,random_sampling,euclidean,uniform,20,55.0,498.0,True,0.05789473684210526,1.0000000000000002,6.210600077024653
70,867.0,random_sampling,euclidean,uniform,20,55.0,867.0,True,0.042105263157894736,1.0000000000000002,6.7650389767805414
71,954.0,random_sampling,euclidean,uniform,20,55.0,954.0,True,0.05263157894736842,1.0000000000000002,6.860663671448287
72,343.0,random_sampling,euclidean,uniform,20,55.0,343.0,True,0.04736842105263158,1.0000000000000002,5.8377304471659395
73,1598.0,random_sampling,euclidean,uniform,20,55.0,1598.0,True,0.04736842105263158,1.0000000000000002,7.37650812632622
74,889.0,random_sampling,euclidean,uniform,20,55.0,889.0,True,0.042105263157894736,1.0,6.790097235513905
75,1013.0,random_sampling,euclidean,uniform,20,55.0,1013.0,True,0.03684210526315789,1.0,6.920671504248683
76,1366.0,random_sampling,euclidean,uniform,20,55.0,1366.0,True,0.04736842105263158,1.0,7.2196420401307355
77,610.0,random_sampling,euclidean,uniform,20,55.0,610.0,True,0.04736842105263158,1.0000000000000002,6.413458957167357
78,92.0,random_sampling,euclidean,uniform,20,55.0,92.0,True,0.042105263157894736,1.0000000000000004,4.5217885770490405
79,106.0,random_sampling,euclidean,uniform,20,55.0,106.0,True,0.03684210526315789,1.0,4.663439094112067
80,3926.0,random_sampling,euclidean,uniform,20,55.0,3926.0,True,0.04736842105263158,1.0000000000000002,8.275376374836407
81,741.0,random_sampling,euclidean,uniform,20,55.0,741.0,True,0.03684210526315789,1.0000000000000002,6.608000625296087
82,299.0,random_sampling,euclidean,uniform,20,55.0,299.0,True,0.042105263157894736,1.0,5.700443573390687
83,1410.0,random_sampling,euclidean,uniform,20,55.0,1410.0,True,0.05263157894736842,1.0000000000000002,7.251344983372214
84,1134.0,random_sampling,euclidean,uniform,20,55.0,1134.0,True,0.04736842105263158,0.9999999999999998,7.033506484287697
85,228.0,random_sampling,euclidean,uniform,20,55.0,228.0,True,0.04736842105263158,0.9999999999999998,5.429345628954441
86,441.0,random_sampling,euclidean,uniform,20,55.0,441.0,True,0.03684210526315789,1.0000000000000002,6.089044875446846
87,916.0,random_sampling,euclidean,uniform,20,55.0,916.0,True,0.042105263157894736,0.9999999999999998,6.82001636467413
88,510.0,random_sampling,euclidean,uniform,20,55.0,510.0,True,0.042105263157894736,1.0,6.234410725718371
89,474.0,random_sampling,euclidean,uniform,20,55.0,474.0,True,0.05263157894736842,1.0,6.161207321695077
90,2255.0,random_sampling,euclidean,uniform,20,55.0,2255.0,True,0.04736842105263158,1.0,7.720905251936779
91,128.0,random_sampling,euclidean,uniform,20,55.0,128.0,True,0.03684210526315789,1.0000000000000004,4.852030263919617
92,3949.0,random_sampling,euclidean,uniform,20,55.0,3949.0,True,0.042105263157894736,1.0000000000000002,8.28121766128665
93,1703.0,random_sampling,euclidean,uniform,20,55.0,1703.0,True,0.03684210526315789,1.0,7.440146680662688
94,829.0,random_sampling,euclidean,uniform,20,55.0,829.0,True,0.04736842105263158,1.0000000000000002,6.720220155135295
95,392.0,random_sampling,euclidean,uniform,20,55.0,392.0,True,0.042105263157894736,1.0,5.971261839790462
96,112.0,random_sampling,euclidean,uniform,20,55.0,112.0,True,0.042105263157894736,1.0,4.718498871295094
97,442.0,random_sampling,euclidean,uniform,20,55.0,442.0,True,0.042105263157894736,1.0,6.091309882077698
98,742.0,random_sampling,euclidean,uniform,20,55.0,742.0,True,0.04736842105263158,1.0000000000000002,6.60934924316738
99,768.0,random_sampling,euclidean,uniform,20,55.0,768.0,True,0.04736842105263158,1.0,6.643789733147672
