generation,iteration,mutation_type,generation_type,distribution,city_size,range,iterations,symmetric,normed_unique_distances,nearest_neighbor_norm,log_iterations
0,187.0,random_sampling,symmetric,lognormal,20,2.0,187.0,True,1.0,0.9999999999999998,5.231108616854587
0,715.0,random_sampling,symmetric,lognormal,20,0.8,715.0,True,1.0,1.0,6.5722825426940075
0,7451.0,random_sampling,symmetric,lognormal,30,1.2,7451.0,True,1.0,0.9999999999999999,8.916103530553727
0,103.0,random_sampling,symmetric,lognormal,20,4.6,103.0,True,0.9473684210526315,1.0,4.634728988229636
0,1141.0,random_sampling,symmetric,lognormal,30,4.0,1141.0,True,0.9770114942528736,1.0000000000000002,7.039660349862076
0,480.0,random_sampling,symmetric,lognormal,20,3.2,480.0,True,0.9842105263157894,1.0000000000000002,6.173786103901937
0,309.0,random_sampling,symmetric,lognormal,20,2.6,309.0,True,1.0,1.0,5.733341276897746
0,244.0,random_sampling,symmetric,lognormal,20,1.2,244.0,True,1.0,1.0000000000000002,5.497168225293202
0,207.0,random_sampling,symmetric,lognormal,20,2.4,207.0,True,1.0,1.0,5.332718793265369
0,10927.0,random_sampling,symmetric,lognormal,30,3.0,10927.0,True,0.9908045977011494,1.0,9.298992069570746
0,508.0,random_sampling,symmetric,lognormal,20,4.2,508.0,True,0.9947368421052631,1.0000000000000002,6.230481447578482
0,3440.0,random_sampling,symmetric,lognormal,30,4.2,3440.0,True,0.9701149425287356,1.0000000000000002,8.143226750367445
0,470.0,random_sampling,symmetric,lognormal,30,3.4,470.0,True,0.9954022988505747,0.9999999999999999,6.152732694704104
0,28645.0,random_sampling,symmetric,lognormal,30,2.4,28645.0,True,0.9954022988505747,0.9999999999999999,10.262734186842678
0,6053.0,random_sampling,symmetric,lognormal,30,4.6,6053.0,True,0.9586206896551724,0.9999999999999999,8.708309295891688
0,6374.0,random_sampling,symmetric,lognormal,30,0.4,6374.0,True,0.993103448275862,1.0000000000000002,8.759982494977281
0,477.0,random_sampling,symmetric,lognormal,30,4.8,477.0,True,0.9379310344827586,0.9999999999999999,6.1675164908883415
0,14646.0,random_sampling,symmetric,lognormal,30,1.6,14646.0,True,0.9977011494252873,0.9999999999999999,9.591922539621015
0,2205.0,random_sampling,symmetric,lognormal,30,2.6,2205.0,True,0.993103448275862,1.0,7.6984827878809465
0,239.0,random_sampling,symmetric,lognormal,20,1.0,239.0,True,0.9947368421052631,1.0,5.476463551931511
0,5517.0,random_sampling,symmetric,lognormal,30,1.4,5517.0,True,0.9908045977011494,1.0,8.61558951327243
0,2383.0,random_sampling,symmetric,lognormal,30,2.0,2383.0,True,0.9977011494252873,0.9999999999999998,7.776115477098742
0,278.0,random_sampling,symmetric,lognormal,20,3.4,278.0,True,1.0,1.0000000000000002,5.627621113690637
0,482.0,random_sampling,symmetric,lognormal,20,4.8,482.0,True,0.9526315789473684,0.9999999999999998,6.1779441140506
0,226.0,random_sampling,symmetric,lognormal,20,2.2,226.0,True,1.0,1.0,5.420534999272286
0,7335.0,random_sampling,symmetric,lognormal,30,1.0,7335.0,True,0.9954022988505747,0.9999999999999999,8.900412690577083
0,76.0,random_sampling,symmetric,lognormal,20,4.0,76.0,True,0.9894736842105263,1.0000000000000002,4.330733340286331
0,64.0,random_sampling,symmetric,lognormal,20,3.6,64.0,True,0.9947368421052631,1.0,4.1588830833596715
0,42679.0,random_sampling,symmetric,lognormal,30,0.8,42679.0,True,0.9954022988505747,1.0,10.66146227496313
0,270.0,random_sampling,symmetric,lognormal,20,2.8,270.0,True,1.0,1.0,5.598421958998375
0,4964.0,random_sampling,symmetric,lognormal,30,0.2,4964.0,True,0.9793103448275862,0.9999999999999998,8.509967146324497
0,5133.0,random_sampling,symmetric,lognormal,30,1.8,5133.0,True,0.9977011494252873,1.0000000000000002,8.543445562560303
0,1700.0,random_sampling,symmetric,lognormal,30,4.4,1700.0,True,0.960919540229885,1.0,7.438383530044307
0,1412.0,random_sampling,symmetric,lognormal,20,0.2,1412.0,True,0.9947368421052631,1.0000000000000002,7.252762418053187
0,133.0,random_sampling,symmetric,lognormal,20,3.8,133.0,True,0.9894736842105263,1.0,4.890349128221754
0,109.0,random_sampling,symmetric,lognormal,20,5.0,109.0,True,0.9789473684210527,1.0,4.6913478822291435
0,1797.0,random_sampling,symmetric,lognormal,30,5.0,1797.0,True,0.9264367816091954,1.0000000000000002,7.493873886783559
0,131.0,random_sampling,symmetric,lognormal,20,1.8,131.0,True,1.0,1.0,4.875197323201151
0,151.0,random_sampling,symmetric,lognormal,20,3.0,151.0,True,1.0,1.0,5.017279836814924
0,327.0,random_sampling,symmetric,lognormal,20,0.4,327.0,True,0.9842105263157894,1.0,5.7899601708972535
0,1571.0,random_sampling,symmetric,lognormal,30,3.8,1571.0,True,0.9747126436781609,1.0000000000000002,7.359467638255621
0,863.0,random_sampling,symmetric,lognormal,30,3.6,863.0,True,0.9885057471264368,1.0,6.760414691083428
0,4230.0,random_sampling,symmetric,lognormal,30,3.2,4230.0,True,0.9885057471264368,1.0000000000000002,8.349957272040324
0,368.0,random_sampling,symmetric,lognormal,20,1.4,368.0,True,1.0,1.0000000000000002,5.908082938168931
0,22021.0,random_sampling,symmetric,lognormal,30,2.8,22021.0,True,0.9954022988505747,1.0,9.999751822506193
0,8043.0,random_sampling,symmetric,lognormal,30,0.6,8043.0,True,0.9954022988505747,1.0,8.99255742690407
0,207.0,random_sampling,symmetric,lognormal,20,1.6,207.0,True,1.0,1.0000000000000002,5.332718793265369
0,3291.0,random_sampling,symmetric,lognormal,30,2.2,3291.0,True,0.9977011494252873,1.0000000000000002,8.098946748943339
0,3006.0,random_sampling,symmetric,lognormal,20,0.6,3006.0,True,1.0,0.9999999999999998,8.00836557031292
0,88.0,random_sampling,symmetric,lognormal,20,4.4,88.0,True,0.9842105263157894,0.9999999999999998,4.477336814478207
0,113.0,random_sampling,symmetric,uniform,30,5.0,113.0,True,0.013793103448275862,,4.727387818712341
0,7191.0,random_sampling,symmetric,uniform,30,40.0,7191.0,True,0.09425287356321839,1.0,8.880585523102495
0,931.0,random_sampling,symmetric,uniform,20,65.0,931.0,True,0.34210526315789475,1.0,6.836259277277067
0,3991.0,random_sampling,symmetric,uniform,30,100.0,3991.0,True,0.22988505747126436,1.0,8.291797105048733
0,1388.0,random_sampling,symmetric,uniform,30,15.0,1388.0,True,0.0367816091954023,1.0,7.23561914106675
0,399.0,random_sampling,symmetric,uniform,20,70.0,399.0,True,0.3473684210526316,0.9999999999999998,5.988961416889864
0,781.0,random_sampling,symmetric,uniform,20,20.0,781.0,True,0.11052631578947368,0.9999999999999998,6.660575149839686
0,16430.0,random_sampling,symmetric,uniform,30,95.0,16430.0,True,0.2206896551724138,1.0000000000000002,9.706864211031315
0,13445.0,random_sampling,symmetric,uniform,30,90.0,13445.0,True,0.20919540229885059,1.0,9.506362568702965
0,8077.0,random_sampling,symmetric,uniform,30,60.0,8077.0,True,0.14022988505747128,1.0000000000000002,8.996775795442296
0,11386.0,random_sampling,symmetric,uniform,30,30.0,11386.0,True,0.07126436781609195,0.9999999999999998,9.340139809511028
0,4443.0,random_sampling,symmetric,uniform,30,10.0,4443.0,True,0.02528735632183908,1.0,8.399085102935908
0,473.0,random_sampling,symmetric,uniform,20,60.0,473.0,True,0.32105263157894737,1.0000000000000002,6.159095388491933
0,40576.0,random_sampling,symmetric,uniform,30,85.0,40576.0,True,0.19770114942528735,1.0000000000000002,10.610932037796898
0,29987.0,random_sampling,symmetric,uniform,30,80.0,29987.0,True,0.1839080459770115,0.9999999999999999,10.308519233394938
0,459.0,random_sampling,symmetric,uniform,20,95.0,459.0,True,0.4263157894736842,1.0,6.129050210060545
0,575.0,random_sampling,symmetric,uniform,20,25.0,575.0,True,0.1368421052631579,1.0,6.354370040797351
0,380.0,random_sampling,symmetric,uniform,20,50.0,380.0,True,0.2631578947368421,0.9999999999999998,5.940171252720432
0,272.0,random_sampling,symmetric,uniform,20,30.0,272.0,True,0.1631578947368421,1.0,5.605802066295998
0,31619.0,random_sampling,symmetric,uniform,30,70.0,31619.0,True,0.1632183908045977,0.9999999999999999,10.361513484709917
0,849.0,random_sampling,symmetric,uniform,20,80.0,849.0,True,0.39473684210526316,0.9999999999999998,6.744059186311348
0,598.0,random_sampling,symmetric,uniform,20,15.0,598.0,True,0.08421052631578947,1.0,6.393590753950631
0,6923.0,random_sampling,symmetric,uniform,30,35.0,6923.0,True,0.08275862068965517,1.0,8.842604480678025
0,6061.0,random_sampling,symmetric,uniform,30,65.0,6061.0,True,0.15172413793103448,1.0,8.709630081951286
0,2756.0,random_sampling,symmetric,uniform,30,75.0,2756.0,True,0.17471264367816092,1.0000000000000002,7.9215356321335495
0,331.0,random_sampling,symmetric,uniform,20,45.0,331.0,True,0.24210526315789474,1.0,5.802118375377063
0,884.0,random_sampling,symmetric,uniform,20,35.0,884.0,True,0.18947368421052632,1.0,6.784457062637643
0,106.0,random_sampling,symmetric,uniform,20,5.0,106.0,True,0.031578947368421054,1.0,4.663439094112067
0,914.0,random_sampling,symmetric,uniform,20,85.0,914.0,True,0.38421052631578945,0.9999999999999998,6.81783057145415
0,2896.0,random_sampling,symmetric,uniform,30,55.0,2896.0,True,0.12873563218390804,1.0,7.971085753505607
0,75.0,random_sampling,symmetric,uniform,20,90.0,75.0,True,0.4052631578947368,1.0,4.31748811353631
0,1754.0,random_sampling,symmetric,uniform,20,75.0,1754.0,True,0.3684210526315789,0.9999999999999997,7.469654172932128
0,21523.0,random_sampling,symmetric,uniform,30,45.0,21523.0,True,0.10574712643678161,1.0000000000000002,9.97687740976418
0,133.0,random_sampling,symmetric,uniform,20,10.0,133.0,True,0.05789473684210526,1.0,4.890349128221754
0,1794.0,random_sampling,symmetric,uniform,30,20.0,1794.0,True,0.04827586206896552,1.0,7.492203042618741
0,2049.0,random_sampling,symmetric,uniform,20,100.0,2049.0,True,0.4368421052631579,1.0,7.6251071482389
0,7644.0,random_sampling,symmetric,uniform,30,50.0,7644.0,True,0.11724137931034483,0.9999999999999998,8.941676305360163
0,73.0,random_sampling,symmetric,uniform,20,40.0,73.0,True,0.21578947368421053,1.0,4.290459441148391
0,53147.0,random_sampling,symmetric,uniform,30,25.0,53147.0,True,0.059770114942528735,1.0,10.88081693815073
0,1502.0,random_sampling,symmetric,uniform,20,55.0,1502.0,True,0.29473684210526313,1.0,7.31455283232408
0,187.0,random_sampling,symmetric,lognormal,20,2.0,187.0,True,1.0,0.9999999999999998,5.231108616854587
1,462.0,random_sampling,symmetric,lognormal,20,2.0,462.0,True,1.0,0.9999999999999997,6.135564891081739
2,789.0,random_sampling,symmetric,lognormal,20,2.0,789.0,True,1.0,1.0000000000000002,6.670766320845874
3,349.0,random_sampling,symmetric,lognormal,20,2.0,349.0,True,1.0,1.0,5.855071922202427
4,356.0,random_sampling,symmetric,lognormal,20,2.0,356.0,True,0.9947368421052631,1.0000000000000002,5.87493073085203
5,125.0,random_sampling,symmetric,lognormal,20,2.0,125.0,True,1.0,1.0000000000000002,4.8283137373023015
6,307.0,random_sampling,symmetric,lognormal,20,2.0,307.0,True,1.0,1.0000000000000002,5.726847747587197
7,86.0,random_sampling,symmetric,lognormal,20,2.0,86.0,True,1.0,1.0,4.454347296253507
8,559.0,random_sampling,symmetric,lognormal,20,2.0,559.0,True,1.0,1.0,6.326149473155099
9,265.0,random_sampling,symmetric,lognormal,20,2.0,265.0,True,0.9947368421052631,1.0,5.579729825986222
10,496.0,random_sampling,symmetric,lognormal,20,2.0,496.0,True,1.0,1.0000000000000002,6.206575926724928
11,633.0,random_sampling,symmetric,lognormal,20,2.0,633.0,True,0.9947368421052631,1.0000000000000004,6.450470422144176
12,408.0,random_sampling,symmetric,lognormal,20,2.0,408.0,True,1.0,1.0,6.0112671744041615
13,191.0,random_sampling,symmetric,lognormal,20,2.0,191.0,True,1.0,0.9999999999999998,5.25227342804663
14,338.0,random_sampling,symmetric,lognormal,20,2.0,338.0,True,1.0,1.0,5.823045895483019
15,129.0,random_sampling,symmetric,lognormal,20,2.0,129.0,True,0.9947368421052631,1.0,4.859812404361672
16,315.0,random_sampling,symmetric,lognormal,20,2.0,315.0,True,1.0,1.0000000000000002,5.752572638825633
17,760.0,random_sampling,symmetric,lognormal,20,2.0,760.0,True,1.0,0.9999999999999998,6.633318433280377
18,283.0,random_sampling,symmetric,lognormal,20,2.0,283.0,True,1.0,1.0,5.645446897643238
19,251.0,random_sampling,symmetric,lognormal,20,2.0,251.0,True,1.0,0.9999999999999998,5.5254529391317835
20,742.0,random_sampling,symmetric,lognormal,20,2.0,742.0,True,1.0,1.0,6.60934924316738
21,328.0,random_sampling,symmetric,lognormal,20,2.0,328.0,True,1.0,1.0,5.793013608384144
22,90.0,random_sampling,symmetric,lognormal,20,2.0,90.0,True,1.0,1.0000000000000002,4.499809670330265
23,996.0,random_sampling,symmetric,lognormal,20,2.0,996.0,True,1.0,1.0000000000000002,6.903747257584598
24,732.0,random_sampling,symmetric,lognormal,20,2.0,732.0,True,1.0,0.9999999999999998,6.595780513961311
25,375.0,random_sampling,symmetric,lognormal,20,2.0,375.0,True,1.0,1.0000000000000002,5.926926025970411
26,710.0,random_sampling,symmetric,lognormal,20,2.0,710.0,True,1.0,0.9999999999999998,6.565264970035361
27,465.0,random_sampling,symmetric,lognormal,20,2.0,465.0,True,1.0,0.9999999999999997,6.142037405587356
28,225.0,random_sampling,symmetric,lognormal,20,2.0,225.0,True,1.0,1.0,5.41610040220442
29,551.0,random_sampling,symmetric,lognormal,20,2.0,551.0,True,1.0,1.0,6.311734809152915
30,258.0,random_sampling,symmetric,lognormal,20,2.0,258.0,True,0.9894736842105263,1.0000000000000002,5.552959584921617
31,161.0,random_sampling,symmetric,lognormal,20,2.0,161.0,True,1.0,1.0,5.081404364984463
32,172.0,random_sampling,symmetric,lognormal,20,2.0,172.0,True,1.0,1.0000000000000004,5.147494476813453
33,297.0,random_sampling,symmetric,lognormal,20,2.0,297.0,True,1.0,0.9999999999999997,5.6937321388027
34,544.0,random_sampling,symmetric,lognormal,20,2.0,544.0,True,1.0,1.0,6.298949246855942
35,212.0,random_sampling,symmetric,lognormal,20,2.0,212.0,True,0.9947368421052631,1.0000000000000002,5.356586274672012
36,604.0,random_sampling,symmetric,lognormal,20,2.0,604.0,True,1.0,1.0,6.403574197934815
37,402.0,random_sampling,symmetric,lognormal,20,2.0,402.0,True,1.0,1.0,5.996452088619021
38,385.0,random_sampling,symmetric,lognormal,20,2.0,385.0,True,1.0,0.9999999999999998,5.953243334287785
39,841.0,random_sampling,symmetric,lognormal,20,2.0,841.0,True,1.0,1.0000000000000004,6.734591659972948
40,159.0,random_sampling,symmetric,lognormal,20,2.0,159.0,True,1.0,1.0,5.0689042022202315
41,541.0,random_sampling,symmetric,lognormal,20,2.0,541.0,True,0.9947368421052631,1.0,6.293419278846481
42,493.0,random_sampling,symmetric,lognormal,20,2.0,493.0,True,1.0,1.0,6.20050917404269
43,299.0,random_sampling,symmetric,lognormal,20,2.0,299.0,True,1.0,1.0,5.700443573390687
44,583.0,random_sampling,symmetric,lognormal,20,2.0,583.0,True,0.9947368421052631,1.0,6.368187186350492
45,1588.0,random_sampling,symmetric,lognormal,20,2.0,1588.0,True,0.9947368421052631,1.0,7.370230641807081
46,660.0,random_sampling,symmetric,lognormal,20,2.0,660.0,True,1.0,1.0,6.492239835020471
47,1464.0,random_sampling,symmetric,lognormal,20,2.0,1464.0,True,0.9947368421052631,1.0000000000000002,7.288927694521257
48,229.0,random_sampling,symmetric,lognormal,20,2.0,229.0,True,1.0,0.9999999999999998,5.43372200355424
49,154.0,random_sampling,symmetric,lognormal,20,2.0,154.0,True,0.9894736842105263,1.0,5.0369526024136295
50,328.0,random_sampling,symmetric,lognormal,20,2.0,328.0,True,1.0,1.0,5.793013608384144
51,622.0,random_sampling,symmetric,lognormal,20,2.0,622.0,True,1.0,1.0,6.432940092739179
52,553.0,random_sampling,symmetric,lognormal,20,2.0,553.0,True,0.9947368421052631,1.0,6.315358001522335
53,637.0,random_sampling,symmetric,lognormal,20,2.0,637.0,True,1.0,1.0,6.456769655572163
54,731.0,random_sampling,symmetric,lognormal,20,2.0,731.0,True,1.0,1.0,6.594413459749778
55,252.0,random_sampling,symmetric,lognormal,20,2.0,252.0,True,1.0,1.0000000000000002,5.529429087511423
56,639.0,random_sampling,symmetric,lognormal,20,2.0,639.0,True,1.0,1.0,6.459904454377535
57,894.0,random_sampling,symmetric,lognormal,20,2.0,894.0,True,1.0,1.0000000000000002,6.795705775173514
58,769.0,random_sampling,symmetric,lognormal,20,2.0,769.0,True,0.9947368421052631,1.0,6.645090969505644
59,276.0,random_sampling,symmetric,lognormal,20,2.0,276.0,True,1.0,1.0000000000000004,5.62040086571715
60,934.0,random_sampling,symmetric,lognormal,20,2.0,934.0,True,1.0,1.0,6.839476438228843
61,804.0,random_sampling,symmetric,lognormal,20,2.0,804.0,True,1.0,1.0,6.6895992691789665
62,565.0,random_sampling,symmetric,lognormal,20,2.0,565.0,True,1.0,1.0,6.336825731146441
63,446.0,random_sampling,symmetric,lognormal,20,2.0,446.0,True,1.0,0.9999999999999998,6.100318952020064
64,227.0,random_sampling,symmetric,lognormal,20,2.0,227.0,True,1.0,1.0,5.424950017481403
65,435.0,random_sampling,symmetric,lognormal,20,2.0,435.0,True,1.0,1.0000000000000002,6.075346031088684
66,920.0,random_sampling,symmetric,lognormal,20,2.0,920.0,True,1.0,0.9999999999999998,6.824373670043086
67,210.0,random_sampling,symmetric,lognormal,20,2.0,210.0,True,1.0,1.0000000000000002,5.3471075307174685
68,168.0,random_sampling,symmetric,lognormal,20,2.0,168.0,True,1.0,0.9999999999999998,5.123963979403259
69,279.0,random_sampling,symmetric,lognormal,20,2.0,279.0,True,1.0,1.0000000000000002,5.631211781821365
70,849.0,random_sampling,symmetric,lognormal,20,2.0,849.0,True,0.9947368421052631,1.0,6.744059186311348
71,585.0,random_sampling,symmetric,lognormal,20,2.0,585.0,True,1.0,1.0,6.371611847231857
72,148.0,random_sampling,symmetric,lognormal,20,2.0,148.0,True,1.0,1.0000000000000002,4.997212273764115
73,545.0,random_sampling,symmetric,lognormal,20,2.0,545.0,True,1.0,1.0000000000000002,6.300785794663244
74,532.0,random_sampling,symmetric,lognormal,20,2.0,532.0,True,1.0,1.0000000000000002,6.2766434893416445
75,360.0,random_sampling,symmetric,lognormal,20,2.0,360.0,True,0.9947368421052631,1.0,5.886104031450156
76,717.0,random_sampling,symmetric,lognormal,20,2.0,717.0,True,1.0,1.0,6.57507584059962
77,228.0,random_sampling,symmetric,lognormal,20,2.0,228.0,True,0.9947368421052631,1.0000000000000002,5.429345628954441
78,70.0,random_sampling,symmetric,lognormal,20,2.0,70.0,True,1.0,1.0,4.248495242049359
79,1652.0,random_sampling,symmetric,lognormal,20,2.0,1652.0,True,1.0,1.0,7.409741954080923
80,446.0,random_sampling,symmetric,lognormal,20,2.0,446.0,True,0.9947368421052631,0.9999999999999997,6.100318952020064
81,530.0,random_sampling,symmetric,lognormal,20,2.0,530.0,True,1.0,1.0,6.272877006546167
82,967.0,random_sampling,symmetric,lognormal,20,2.0,967.0,True,0.9947368421052631,1.0000000000000002,6.874198495453294
83,860.0,random_sampling,symmetric,lognormal,20,2.0,860.0,True,1.0,0.9999999999999998,6.756932389247553
84,727.0,random_sampling,symmetric,lognormal,20,2.0,727.0,True,1.0,1.0,6.588926477533519
85,228.0,random_sampling,symmetric,lognormal,20,2.0,228.0,True,0.9947368421052631,1.0,5.429345628954441
86,227.0,random_sampling,symmetric,lognormal,20,2.0,227.0,True,1.0,0.9999999999999998,5.424950017481403
87,274.0,random_sampling,symmetric,lognormal,20,2.0,274.0,True,0.9947368421052631,1.0000000000000002,5.6131281063880705
88,285.0,random_sampling,symmetric,lognormal,20,2.0,285.0,True,1.0,0.9999999999999998,5.652489180268651
89,845.0,random_sampling,symmetric,lognormal,20,2.0,845.0,True,1.0,1.0,6.739336627357174
90,212.0,random_sampling,symmetric,lognormal,20,2.0,212.0,True,0.9947368421052631,0.9999999999999998,5.356586274672012
91,1027.0,random_sampling,symmetric,lognormal,20,2.0,1027.0,True,1.0,0.9999999999999998,6.934397209928558
92,136.0,random_sampling,symmetric,lognormal,20,2.0,136.0,True,1.0,0.9999999999999998,4.912654885736052
93,352.0,random_sampling,symmetric,lognormal,20,2.0,352.0,True,0.9947368421052631,1.0,5.863631175598097
94,630.0,random_sampling,symmetric,lognormal,20,2.0,630.0,True,1.0,1.0,6.4457198193855785
95,426.0,random_sampling,symmetric,lognormal,20,2.0,426.0,True,1.0,0.9999999999999998,6.054439346269371
96,608.0,random_sampling,symmetric,lognormal,20,2.0,608.0,True,0.9947368421052631,1.0000000000000004,6.410174881966167
97,447.0,random_sampling,symmetric,lognormal,20,2.0,447.0,True,1.0,1.0000000000000002,6.102558594613569
98,612.0,random_sampling,symmetric,lognormal,20,2.0,612.0,True,1.0,0.9999999999999998,6.416732282512326
99,1208.0,random_sampling,symmetric,lognormal,20,2.0,1208.0,True,1.0,0.9999999999999998,7.0967213784947605
0,715.0,random_sampling,symmetric,lognormal,20,0.8,715.0,True,1.0,1.0,6.5722825426940075
1,680.0,random_sampling,symmetric,lognormal,20,0.8,680.0,True,1.0,1.0,6.522092798170152
2,959.0,random_sampling,symmetric,lognormal,20,0.8,959.0,True,0.9947368421052631,1.0000000000000002,6.8658910748834385
3,951.0,random_sampling,symmetric,lognormal,20,0.8,951.0,True,1.0,1.0,6.85751406254539
4,641.0,random_sampling,symmetric,lognormal,20,0.8,641.0,True,1.0,0.9999999999999998,6.46302945692067
5,551.0,random_sampling,symmetric,lognormal,20,0.8,551.0,True,0.9947368421052631,1.0,6.311734809152915
6,1634.0,random_sampling,symmetric,lognormal,20,0.8,1634.0,True,1.0,0.9999999999999998,7.3987862754199485
7,2535.0,random_sampling,symmetric,lognormal,20,0.8,2535.0,True,1.0,1.0000000000000002,7.837948916025283
8,221.0,random_sampling,symmetric,lognormal,20,0.8,221.0,True,1.0,1.0000000000000002,5.3981627015177525
9,334.0,random_sampling,symmetric,lognormal,20,0.8,334.0,True,0.9947368421052631,1.0,5.811140992976701
10,162.0,random_sampling,symmetric,lognormal,20,0.8,162.0,True,1.0,1.0,5.087596335232384
11,877.0,random_sampling,symmetric,lognormal,20,0.8,877.0,True,1.0,1.0,6.776506992372183
12,620.0,random_sampling,symmetric,lognormal,20,0.8,620.0,True,1.0,0.9999999999999998,6.429719478039138
13,1170.0,random_sampling,symmetric,lognormal,20,0.8,1170.0,True,1.0,1.0,7.064759027791802
14,380.0,random_sampling,symmetric,lognormal,20,0.8,380.0,True,0.9947368421052631,1.0,5.940171252720432
15,758.0,random_sampling,symmetric,lognormal,20,0.8,758.0,True,1.0,0.9999999999999998,6.630683385642372
16,714.0,random_sampling,symmetric,lognormal,20,0.8,714.0,True,1.0,1.0,6.570882962339584
17,476.0,random_sampling,symmetric,lognormal,20,0.8,476.0,True,1.0,1.0,6.16541785423142
18,548.0,random_sampling,symmetric,lognormal,20,0.8,548.0,True,1.0,1.0,6.306275286948016
19,572.0,random_sampling,symmetric,lognormal,20,0.8,572.0,True,1.0,0.9999999999999998,6.349138991379798
20,180.0,random_sampling,symmetric,lognormal,20,0.8,180.0,True,1.0,1.0,5.19295685089021
21,494.0,random_sampling,symmetric,lognormal,20,0.8,494.0,True,1.0,1.0,6.202535517187923
22,593.0,random_sampling,symmetric,lognormal,20,0.8,593.0,True,1.0,1.0,6.385194398997726
23,757.0,random_sampling,symmetric,lognormal,20,0.8,757.0,True,0.9947368421052631,1.0,6.6293632534374485
24,5572.0,random_sampling,symmetric,lognormal,20,0.8,5572.0,True,1.0,1.0,8.625509334899697
25,353.0,random_sampling,symmetric,lognormal,20,0.8,353.0,True,0.9947368421052631,1.0,5.8664680569332965
26,165.0,random_sampling,symmetric,lognormal,20,0.8,165.0,True,0.9894736842105263,1.0,5.10594547390058
27,749.0,random_sampling,symmetric,lognormal,20,0.8,749.0,True,0.9894736842105263,1.0000000000000004,6.618738983517219
28,588.0,random_sampling,symmetric,lognormal,20,0.8,588.0,True,1.0,1.0000000000000002,6.376726947898627
29,464.0,random_sampling,symmetric,lognormal,20,0.8,464.0,True,0.9947368421052631,0.9999999999999998,6.139884552226255
30,442.0,random_sampling,symmetric,lognormal,20,0.8,442.0,True,1.0,1.0000000000000002,6.091309882077698
31,721.0,random_sampling,symmetric,lognormal,20,0.8,721.0,True,0.9947368421052631,1.0,6.580639137284949
32,874.0,random_sampling,symmetric,lognormal,20,0.8,874.0,True,1.0,1.0000000000000002,6.773080375655535
33,204.0,random_sampling,symmetric,lognormal,20,0.8,204.0,True,1.0,1.0,5.318119993844216
34,477.0,random_sampling,symmetric,lognormal,20,0.8,477.0,True,0.9947368421052631,1.0,6.1675164908883415
35,341.0,random_sampling,symmetric,lognormal,20,0.8,341.0,True,1.0,0.9999999999999998,5.831882477283517
36,339.0,random_sampling,symmetric,lognormal,20,0.8,339.0,True,1.0,0.9999999999999998,5.82600010738045
37,274.0,random_sampling,symmetric,lognormal,20,0.8,274.0,True,1.0,1.0,5.6131281063880705
38,116.0,random_sampling,symmetric,lognormal,20,0.8,116.0,True,0.9947368421052631,1.0,4.7535901911063645
39,438.0,random_sampling,symmetric,lognormal,20,0.8,438.0,True,1.0,1.0000000000000002,6.082218910376446
40,541.0,random_sampling,symmetric,lognormal,20,0.8,541.0,True,1.0,1.0,6.293419278846481
41,414.0,random_sampling,symmetric,lognormal,20,0.8,414.0,True,1.0,0.9999999999999998,6.025865973825314
42,633.0,random_sampling,symmetric,lognormal,20,0.8,633.0,True,1.0,0.9999999999999998,6.450470422144176
43,343.0,random_sampling,symmetric,lognormal,20,0.8,343.0,True,1.0,1.0,5.8377304471659395
44,804.0,random_sampling,symmetric,lognormal,20,0.8,804.0,True,1.0,1.0000000000000002,6.6895992691789665
45,824.0,random_sampling,symmetric,lognormal,20,0.8,824.0,True,0.9947368421052631,0.9999999999999998,6.714170529909472
46,583.0,random_sampling,symmetric,lognormal,20,0.8,583.0,True,1.0,1.0000000000000002,6.368187186350492
47,208.0,random_sampling,symmetric,lognormal,20,0.8,208.0,True,0.9947368421052631,1.0,5.337538079701318
48,358.0,random_sampling,symmetric,lognormal,20,0.8,358.0,True,0.9947368421052631,1.0,5.8805329864007
49,611.0,random_sampling,symmetric,lognormal,20,0.8,611.0,True,0.9947368421052631,1.0,6.415096959171596
50,724.0,random_sampling,symmetric,lognormal,20,0.8,724.0,True,1.0,1.0000000000000002,6.584791392385716
51,542.0,random_sampling,symmetric,lognormal,20,0.8,542.0,True,1.0,1.0,6.295266001439646
52,331.0,random_sampling,symmetric,lognormal,20,0.8,331.0,True,1.0,0.9999999999999998,5.802118375377063
53,460.0,random_sampling,symmetric,lognormal,20,0.8,460.0,True,1.0,0.9999999999999998,6.131226489483141
54,816.0,random_sampling,symmetric,lognormal,20,0.8,816.0,True,1.0,1.0,6.704414354964107
55,205.0,random_sampling,symmetric,lognormal,20,0.8,205.0,True,1.0,1.0,5.3230099791384085
56,1174.0,random_sampling,symmetric,lognormal,20,0.8,1174.0,True,1.0,1.0,7.068172000388042
57,621.0,random_sampling,symmetric,lognormal,20,0.8,621.0,True,0.9947368421052631,1.0000000000000002,6.431331081933479
58,317.0,random_sampling,symmetric,lognormal,20,0.8,317.0,True,0.9947368421052631,1.0,5.75890177387728
59,868.0,random_sampling,symmetric,lognormal,20,0.8,868.0,True,0.9947368421052631,1.0,6.7661917146603505
60,931.0,random_sampling,symmetric,lognormal,20,0.8,931.0,True,0.9947368421052631,0.9999999999999998,6.836259277277067
61,221.0,random_sampling,symmetric,lognormal,20,0.8,221.0,True,1.0,0.9999999999999998,5.3981627015177525
62,648.0,random_sampling,symmetric,lognormal,20,0.8,648.0,True,1.0,0.9999999999999998,6.473890696352274
63,329.0,random_sampling,symmetric,lognormal,20,0.8,329.0,True,1.0,0.9999999999999998,5.796057750765372
64,346.0,random_sampling,symmetric,lognormal,20,0.8,346.0,True,1.0,1.0,5.846438775057725
65,525.0,random_sampling,symmetric,lognormal,20,0.8,525.0,True,0.9947368421052631,1.0,6.263398262591624
66,1163.0,random_sampling,symmetric,lognormal,20,0.8,1163.0,True,1.0,1.0,7.0587581525186645
67,1359.0,random_sampling,symmetric,lognormal,20,0.8,1359.0,True,1.0,1.0,7.214504414151143
68,134.0,random_sampling,symmetric,lognormal,20,0.8,134.0,True,1.0,1.0000000000000002,4.897839799950911
69,347.0,random_sampling,symmetric,lognormal,20,0.8,347.0,True,1.0,1.0,5.849324779946859
70,1031.0,random_sampling,symmetric,lognormal,20,0.8,1031.0,True,1.0,1.0000000000000002,6.93828448401696
71,845.0,random_sampling,symmetric,lognormal,20,0.8,845.0,True,1.0,1.0,6.739336627357174
72,385.0,random_sampling,symmetric,lognormal,20,0.8,385.0,True,0.9894736842105263,0.9999999999999998,5.953243334287785
73,1017.0,random_sampling,symmetric,lognormal,20,0.8,1017.0,True,1.0,1.0000000000000002,6.92461239604856
74,358.0,random_sampling,symmetric,lognormal,20,0.8,358.0,True,1.0,1.0,5.8805329864007
75,239.0,random_sampling,symmetric,lognormal,20,0.8,239.0,True,1.0,1.0,5.476463551931511
76,3320.0,random_sampling,symmetric,lognormal,20,0.8,3320.0,True,1.0,0.9999999999999998,8.107720061910534
77,575.0,random_sampling,symmetric,lognormal,20,0.8,575.0,True,0.9894736842105263,1.0,6.354370040797351
78,1683.0,random_sampling,symmetric,lognormal,20,0.8,1683.0,True,0.9947368421052631,0.9999999999999998,7.428333194190806
79,560.0,random_sampling,symmetric,lognormal,20,0.8,560.0,True,0.9947368421052631,0.9999999999999998,6.327936783729195
80,707.0,random_sampling,symmetric,lognormal,20,0.8,707.0,True,0.9947368421052631,0.9999999999999998,6.561030665896573
81,1072.0,random_sampling,symmetric,lognormal,20,0.8,1072.0,True,1.0,1.0,6.977281341630747
82,405.0,random_sampling,symmetric,lognormal,20,0.8,405.0,True,0.9947368421052631,0.9999999999999998,6.003887067106539
83,713.0,random_sampling,symmetric,lognormal,20,0.8,713.0,True,0.9947368421052631,1.0000000000000002,6.569481420414296
84,398.0,random_sampling,symmetric,lognormal,20,0.8,398.0,True,1.0,1.0000000000000002,5.986452005284438
85,2185.0,random_sampling,symmetric,lognormal,20,0.8,2185.0,True,0.9947368421052631,1.0,7.68937110752969
86,632.0,random_sampling,symmetric,lognormal,20,0.8,632.0,True,1.0,1.0000000000000002,6.448889394146858
87,252.0,random_sampling,symmetric,lognormal,20,0.8,252.0,True,0.9947368421052631,1.0000000000000002,5.529429087511423
88,988.0,random_sampling,symmetric,lognormal,20,0.8,988.0,True,1.0,0.9999999999999998,6.895682697747868
89,2150.0,random_sampling,symmetric,lognormal,20,0.8,2150.0,True,1.0,1.0,7.673223121121708
90,260.0,random_sampling,symmetric,lognormal,20,0.8,260.0,True,1.0,1.0000000000000004,5.560681631015528
91,369.0,random_sampling,symmetric,lognormal,20,0.8,369.0,True,1.0,1.0000000000000002,5.910796644040527
92,193.0,random_sampling,symmetric,lognormal,20,0.8,193.0,True,0.9947368421052631,1.0,5.262690188904886
93,619.0,random_sampling,symmetric,lognormal,20,0.8,619.0,True,1.0,1.0,6.428105272684596
94,399.0,random_sampling,symmetric,lognormal,20,0.8,399.0,True,1.0,1.0,5.988961416889864
95,386.0,random_sampling,symmetric,lognormal,20,0.8,386.0,True,1.0,1.0,5.955837369464831
96,399.0,random_sampling,symmetric,lognormal,20,0.8,399.0,True,1.0,1.0,5.988961416889864
97,613.0,random_sampling,symmetric,lognormal,20,0.8,613.0,True,1.0,0.9999999999999998,6.418364935936212
98,848.0,random_sampling,symmetric,lognormal,20,0.8,848.0,True,1.0,1.0,6.742880635791903
99,740.0,random_sampling,symmetric,lognormal,20,0.8,740.0,True,1.0,1.0,6.606650186198215
0,7451.0,random_sampling,symmetric,lognormal,30,1.2,7451.0,True,1.0,0.9999999999999999,8.916103530553727
1,35135.0,random_sampling,symmetric,lognormal,30,1.2,35135.0,True,1.0,1.0,10.466953063626297
2,45672.0,random_sampling,symmetric,lognormal,30,1.2,45672.0,True,0.9977011494252873,1.0000000000000002,10.729240697644094
3,15154.0,random_sampling,symmetric,lognormal,30,1.2,15154.0,True,0.993103448275862,1.0,9.626019802491319
4,19087.0,random_sampling,symmetric,lognormal,30,1.2,19087.0,True,0.9977011494252873,1.0,9.856762754029893
5,8267.0,random_sampling,symmetric,lognormal,30,1.2,8267.0,True,0.993103448275862,1.0,9.020026965252676
6,4338.0,random_sampling,symmetric,lognormal,30,1.2,4338.0,True,0.993103448275862,1.0000000000000002,8.37516869138682
7,1132.0,random_sampling,symmetric,lognormal,30,1.2,1132.0,True,0.9954022988505747,1.0,7.0317412587631285
8,18949.0,random_sampling,symmetric,lognormal,30,1.2,18949.0,True,0.9977011494252873,1.0000000000000002,9.849506438669614
9,9929.0,random_sampling,symmetric,lognormal,30,1.2,9929.0,True,1.0,0.9999999999999999,9.203215047033595
10,7436.0,random_sampling,symmetric,lognormal,30,1.2,7436.0,True,0.9977011494252873,1.0,8.914088348841334
11,1893.0,random_sampling,symmetric,lognormal,30,1.2,1893.0,True,0.9954022988505747,1.0000000000000002,7.545918151209323
12,7114.0,random_sampling,symmetric,lognormal,30,1.2,7114.0,True,0.993103448275862,0.9999999999999998,8.8698199525084
13,3755.0,random_sampling,symmetric,lognormal,30,1.2,3755.0,True,0.9954022988505747,1.0,8.230843564198235
14,8235.0,random_sampling,symmetric,lognormal,30,1.2,8235.0,True,0.993103448275862,1.0,9.016148642611741
15,9317.0,random_sampling,symmetric,lognormal,30,1.2,9317.0,True,0.993103448275862,1.0,9.139595967450425
16,54573.0,random_sampling,symmetric,lognormal,30,1.2,54573.0,True,0.993103448275862,0.9999999999999999,10.907294533930326
17,7365.0,random_sampling,symmetric,lognormal,30,1.2,7365.0,True,0.993103448275862,1.0,8.90449432889673
18,1654.0,random_sampling,symmetric,lognormal,30,1.2,1654.0,True,0.993103448275862,0.9999999999999999,7.4109518755836366
19,26604.0,random_sampling,symmetric,lognormal,30,1.2,26604.0,True,1.0,1.0,10.188816859404312
20,7014.0,random_sampling,symmetric,lognormal,30,1.2,7014.0,True,0.9977011494252873,1.0,8.855663430700124
21,6979.0,random_sampling,symmetric,lognormal,30,1.2,6979.0,True,0.9954022988505747,1.0,8.850660919017152
22,4718.0,random_sampling,symmetric,lognormal,30,1.2,4718.0,True,0.9954022988505747,1.0,8.45914025996762
23,18461.0,random_sampling,symmetric,lognormal,30,1.2,18461.0,True,1.0,1.0,9.82341567777057
24,12557.0,random_sampling,symmetric,lognormal,30,1.2,12557.0,True,0.9908045977011494,0.9999999999999999,9.438033557988964
25,4521.0,random_sampling,symmetric,lognormal,30,1.2,4521.0,True,0.9977011494252873,1.0,8.416488487294606
26,4138.0,random_sampling,symmetric,lognormal,30,1.2,4138.0,True,0.9954022988505747,0.9999999999999998,8.327967858305488
27,12737.0,random_sampling,symmetric,lognormal,30,1.2,12737.0,True,0.9954022988505747,1.0,9.45226642258976
28,10888.0,random_sampling,symmetric,lognormal,30,1.2,10888.0,True,0.9954022988505747,1.0,9.295416544331301
29,3559.0,random_sampling,symmetric,lognormal,30,1.2,3559.0,True,0.9977011494252873,1.0,8.177234885510194
30,19203.0,random_sampling,symmetric,lognormal,30,1.2,19203.0,True,0.9977011494252873,1.0000000000000002,9.862821795810113
31,999.0,random_sampling,symmetric,lognormal,30,1.2,999.0,True,0.9977011494252873,1.0000000000000002,6.906754778648554
32,9785.0,random_sampling,symmetric,lognormal,30,1.2,9785.0,True,0.9977011494252873,1.0,9.188605879830176
33,4174.0,random_sampling,symmetric,lognormal,30,1.2,4174.0,True,0.9977011494252873,1.0000000000000002,8.336630087637147
34,6472.0,random_sampling,symmetric,lognormal,30,1.2,6472.0,True,0.9908045977011494,0.9999999999999999,8.775240458738327
35,7076.0,random_sampling,symmetric,lognormal,30,1.2,7076.0,True,1.0,0.9999999999999999,8.864464055279676
36,6038.0,random_sampling,symmetric,lognormal,30,1.2,6038.0,True,0.993103448275862,0.9999999999999999,8.705828110266784
37,21091.0,random_sampling,symmetric,lognormal,30,1.2,21091.0,True,0.9954022988505747,1.0,9.956601688185614
38,3693.0,random_sampling,symmetric,lognormal,30,1.2,3693.0,True,1.0,0.9999999999999999,8.214194414852564
39,1474.0,random_sampling,symmetric,lognormal,30,1.2,1474.0,True,0.993103448275862,1.0,7.295735072749282
40,2344.0,random_sampling,symmetric,lognormal,30,1.2,2344.0,True,1.0,1.0000000000000002,7.759614150696903
41,14096.0,random_sampling,symmetric,lognormal,30,1.2,14096.0,True,1.0,1.0000000000000002,9.553646348175961
42,20418.0,random_sampling,symmetric,lognormal,30,1.2,20418.0,True,0.9954022988505747,0.9999999999999999,9.924172143728962
43,1970.0,random_sampling,symmetric,lognormal,30,1.2,1970.0,True,0.9977011494252873,1.0,7.585788821732034
44,3459.0,random_sampling,symmetric,lognormal,30,1.2,3459.0,True,0.9977011494252873,0.9999999999999999,8.148734808937169
45,2732.0,random_sampling,symmetric,lognormal,30,1.2,2732.0,True,0.9977011494252873,1.0000000000000002,7.912789220690681
46,1308.0,random_sampling,symmetric,lognormal,30,1.2,1308.0,True,1.0,1.0,7.176254532017144
47,15137.0,random_sampling,symmetric,lognormal,30,1.2,15137.0,True,0.9954022988505747,1.0000000000000002,9.624897356762565
48,3867.0,random_sampling,symmetric,lognormal,30,1.2,3867.0,True,0.9954022988505747,1.0,8.260234291607297
49,1098.0,random_sampling,symmetric,lognormal,30,1.2,1098.0,True,1.0,1.0000000000000002,7.001245622069476
50,9194.0,random_sampling,symmetric,lognormal,30,1.2,9194.0,True,0.993103448275862,1.0,9.126306376366173
51,12721.0,random_sampling,symmetric,lognormal,30,1.2,12721.0,True,0.9977011494252873,1.0000000000000002,9.45100945015621
52,10764.0,random_sampling,symmetric,lognormal,30,1.2,10764.0,True,1.0,1.0,9.283962511846797
53,16188.0,random_sampling,symmetric,lognormal,30,1.2,16188.0,True,0.9977011494252873,1.0000000000000002,9.692025505995757
54,17164.0,random_sampling,symmetric,lognormal,30,1.2,17164.0,True,0.9954022988505747,1.0,9.750569446111415
55,5546.0,random_sampling,symmetric,lognormal,30,1.2,5546.0,True,0.9908045977011494,1.0,8.620832226175724
56,4278.0,random_sampling,symmetric,lognormal,30,1.2,4278.0,True,0.9954022988505747,0.9999999999999999,8.361240889642351
57,14350.0,random_sampling,symmetric,lognormal,30,1.2,14350.0,True,0.9954022988505747,1.0,9.571505221187767
58,13579.0,random_sampling,symmetric,lognormal,30,1.2,13579.0,True,1.0,1.0,9.516279760698795
59,9662.0,random_sampling,symmetric,lognormal,30,1.2,9662.0,True,0.9977011494252873,1.0,9.175955945114351
60,815.0,random_sampling,symmetric,lognormal,30,1.2,815.0,True,0.9977011494252873,1.0000000000000002,6.703188113240863
61,5286.0,random_sampling,symmetric,lognormal,30,1.2,5286.0,True,1.0,1.0,8.572817095164234
62,5496.0,random_sampling,symmetric,lognormal,30,1.2,5496.0,True,0.9954022988505747,1.0000000000000002,8.611775833902186
63,9044.0,random_sampling,symmetric,lognormal,30,1.2,9044.0,True,0.9954022988505747,1.0,9.10985683339786
64,7519.0,random_sampling,symmetric,lognormal,30,1.2,7519.0,True,0.9977011494252873,1.0000000000000002,8.925188429378027
65,144203.0,random_sampling,symmetric,lognormal,30,1.2,144203.0,True,0.9954022988505747,1.0,11.878977308054857
66,8692.0,random_sampling,symmetric,lognormal,30,1.2,8692.0,True,0.993103448275862,0.9999999999999999,9.07015834137632
67,3228.0,random_sampling,symmetric,lognormal,30,1.2,3228.0,True,1.0,0.9999999999999999,8.07961802938984
68,19255.0,random_sampling,symmetric,lognormal,30,1.2,19255.0,True,0.9954022988505747,0.9999999999999998,9.865526046249009
69,6384.0,random_sampling,symmetric,lognormal,30,1.2,6384.0,True,0.9977011494252873,1.0000000000000002,8.761550139129644
70,10588.0,random_sampling,symmetric,lognormal,30,1.2,10588.0,True,0.9954022988505747,1.0000000000000002,9.267476563346992
71,4152.0,random_sampling,symmetric,lognormal,30,1.2,4152.0,True,0.9954022988505747,1.0000000000000002,8.331345424845724
72,5098.0,random_sampling,symmetric,lognormal,30,1.2,5098.0,True,1.0,1.0,8.53660358493606
73,37319.0,random_sampling,symmetric,lognormal,30,1.2,37319.0,True,0.993103448275862,1.0000000000000002,10.52725785931825
74,9698.0,random_sampling,symmetric,lognormal,30,1.2,9698.0,True,0.9954022988505747,1.0,9.179674957665297
75,4555.0,random_sampling,symmetric,lognormal,30,1.2,4555.0,True,1.0,0.9999999999999999,8.423980809694058
76,4757.0,random_sampling,symmetric,lognormal,30,1.2,4757.0,True,1.0,1.0,8.467372496432281
77,17084.0,random_sampling,symmetric,lognormal,30,1.2,17084.0,True,0.9977011494252873,0.9999999999999999,9.745897631961357
78,3951.0,random_sampling,symmetric,lognormal,30,1.2,3951.0,True,1.0,1.0000000000000002,8.281723990411392
79,15774.0,random_sampling,symmetric,lognormal,30,1.2,15774.0,True,1.0,0.9999999999999999,9.666118293957936
80,11052.0,random_sampling,symmetric,lognormal,30,1.2,11052.0,True,0.9954022988505747,1.0000000000000002,9.310366686043308
81,8782.0,random_sampling,symmetric,lognormal,30,1.2,8782.0,True,1.0,0.9999999999999997,9.080459451121662
82,24824.0,random_sampling,symmetric,lognormal,30,1.2,24824.0,True,0.9954022988505747,1.0000000000000002,10.119566206128216
83,30458.0,random_sampling,symmetric,lognormal,30,1.2,30458.0,True,0.9977011494252873,1.0,10.324103964411636
84,67545.0,random_sampling,symmetric,lognormal,30,1.2,67545.0,True,0.9954022988505747,1.0000000000000002,11.120549321403782
85,12659.0,random_sampling,symmetric,lognormal,30,1.2,12659.0,True,0.9977011494252873,1.0,9.446123703636829
86,6095.0,random_sampling,symmetric,lognormal,30,1.2,6095.0,True,0.9977011494252873,1.0000000000000002,8.715224041915372
87,9969.0,random_sampling,symmetric,lognormal,30,1.2,9969.0,True,0.9954022988505747,1.0000000000000002,9.207235557022704
88,21840.0,random_sampling,symmetric,lognormal,30,1.2,21840.0,True,0.9954022988505747,1.0000000000000002,9.991498429858842
89,26003.0,random_sampling,symmetric,lognormal,30,1.2,26003.0,True,0.9977011494252873,1.0,10.165967194962711
90,6973.0,random_sampling,symmetric,lognormal,30,1.2,6973.0,True,0.9977011494252873,1.0,8.84980082722101
91,63974.0,random_sampling,symmetric,lognormal,30,1.2,63974.0,True,0.9954022988505747,1.0,11.066232029799922
92,9296.0,random_sampling,symmetric,lognormal,30,1.2,9296.0,True,1.0,1.0000000000000002,9.137339479091693
93,4073.0,random_sampling,symmetric,lognormal,30,1.2,4073.0,True,0.9977011494252873,1.0000000000000002,8.312135107648412
94,12786.0,random_sampling,symmetric,lognormal,30,1.2,12786.0,True,0.993103448275862,1.0,9.456106101326672
95,8900.0,random_sampling,symmetric,lognormal,30,1.2,8900.0,True,0.9977011494252873,1.0,9.093806555720231
96,849.0,random_sampling,symmetric,lognormal,30,1.2,849.0,True,0.9954022988505747,0.9999999999999999,6.744059186311348
97,13934.0,random_sampling,symmetric,lognormal,30,1.2,13934.0,True,0.9954022988505747,1.0,9.542087175590064
98,7412.0,random_sampling,symmetric,lognormal,30,1.2,7412.0,True,0.9977011494252873,1.0,8.91085558740525
99,8176.0,random_sampling,symmetric,lognormal,30,1.2,8176.0,True,0.9954022988505747,1.0,9.008958312443486
0,103.0,random_sampling,symmetric,lognormal,20,4.6,103.0,True,0.9473684210526315,1.0,4.634728988229636
1,104.0,random_sampling,symmetric,lognormal,20,4.6,104.0,True,0.9631578947368421,1.0,4.6443908991413725
2,464.0,random_sampling,symmetric,lognormal,20,4.6,464.0,True,0.968421052631579,0.9999999999999998,6.139884552226255
3,199.0,random_sampling,symmetric,lognormal,20,4.6,199.0,True,0.9736842105263158,1.0000000000000002,5.293304824724492
4,190.0,random_sampling,symmetric,lognormal,20,4.6,190.0,True,0.9631578947368421,0.9999999999999998,5.247024072160486
5,143.0,random_sampling,symmetric,lognormal,20,4.6,143.0,True,0.9894736842105263,1.0,4.962844630259907
6,75.0,random_sampling,symmetric,lognormal,20,4.6,75.0,True,0.9789473684210527,1.0000000000000002,4.31748811353631
7,296.0,random_sampling,symmetric,lognormal,20,4.6,296.0,True,0.9736842105263158,1.0,5.69035945432406
8,207.0,random_sampling,symmetric,lognormal,20,4.6,207.0,True,0.968421052631579,1.0,5.332718793265369
9,144.0,random_sampling,symmetric,lognormal,20,4.6,144.0,True,0.9789473684210527,1.0,4.969813299576001
10,1073.0,random_sampling,symmetric,lognormal,20,4.6,1073.0,True,0.9736842105263158,1.0,6.9782137426306985
11,222.0,random_sampling,symmetric,lognormal,20,4.6,222.0,True,0.9789473684210527,1.0000000000000002,5.402677381872279
12,186.0,random_sampling,symmetric,lognormal,20,4.6,186.0,True,0.9789473684210527,1.0000000000000002,5.225746673713202
13,253.0,random_sampling,symmetric,lognormal,20,4.6,253.0,True,0.968421052631579,1.0,5.53338948872752
14,167.0,random_sampling,symmetric,lognormal,20,4.6,167.0,True,0.9894736842105263,0.9999999999999998,5.117993812416755
15,184.0,random_sampling,symmetric,lognormal,20,4.6,184.0,True,0.9894736842105263,1.0,5.214935757608986
16,93.0,random_sampling,symmetric,lognormal,20,4.6,93.0,True,0.9631578947368421,1.0,4.532599493153256
17,193.0,random_sampling,symmetric,lognormal,20,4.6,193.0,True,0.9789473684210527,1.0000000000000002,5.262690188904886
18,1037.0,random_sampling,symmetric,lognormal,20,4.6,1037.0,True,0.9842105263157894,1.0,6.9440872082295275
19,150.0,random_sampling,symmetric,lognormal,20,4.6,150.0,True,0.9736842105263158,0.9999999999999998,5.0106352940962555
20,89.0,random_sampling,symmetric,lognormal,20,4.6,89.0,True,0.9789473684210527,1.0,4.48863636973214
21,142.0,random_sampling,symmetric,lognormal,20,4.6,142.0,True,0.9578947368421052,1.0,4.955827057601261
22,379.0,random_sampling,symmetric,lognormal,20,4.6,379.0,True,0.9789473684210527,1.0,5.937536205082426
23,69.0,random_sampling,symmetric,lognormal,20,4.6,69.0,True,0.9526315789473684,1.0,4.23410650459726
24,116.0,random_sampling,symmetric,lognormal,20,4.6,116.0,True,0.9842105263157894,1.0000000000000002,4.7535901911063645
25,336.0,random_sampling,symmetric,lognormal,20,4.6,336.0,True,0.9789473684210527,1.0,5.817111159963204
26,80.0,random_sampling,symmetric,lognormal,20,4.6,80.0,True,0.968421052631579,1.0,4.382026634673881
27,54.0,random_sampling,symmetric,lognormal,20,4.6,54.0,True,0.9736842105263158,1.0,3.9889840465642745
28,333.0,random_sampling,symmetric,lognormal,20,4.6,333.0,True,0.9842105263157894,1.0000000000000002,5.808142489980444
29,936.0,random_sampling,symmetric,lognormal,20,4.6,936.0,True,0.9842105263157894,1.0000000000000002,6.841615476477592
30,97.0,random_sampling,symmetric,lognormal,20,4.6,97.0,True,0.9736842105263158,1.0,4.574710978503383
31,289.0,random_sampling,symmetric,lognormal,20,4.6,289.0,True,0.9736842105263158,1.0,5.666426688112432
32,185.0,random_sampling,symmetric,lognormal,20,4.6,185.0,True,0.9736842105263158,1.0,5.220355825078324
33,328.0,random_sampling,symmetric,lognormal,20,4.6,328.0,True,0.968421052631579,1.0,5.793013608384144
34,169.0,random_sampling,symmetric,lognormal,20,4.6,169.0,True,0.9894736842105263,1.0000000000000002,5.1298987149230735
35,241.0,random_sampling,symmetric,lognormal,20,4.6,241.0,True,0.968421052631579,1.0,5.484796933490655
36,348.0,random_sampling,symmetric,lognormal,20,4.6,348.0,True,0.968421052631579,0.9999999999999998,5.8522024797744745
37,746.0,random_sampling,symmetric,lognormal,20,4.6,746.0,True,0.9789473684210527,1.0,6.61472560020376
38,43.0,random_sampling,symmetric,lognormal,20,4.6,43.0,True,0.9631578947368421,1.0,3.7612001156935624
39,230.0,random_sampling,symmetric,lognormal,20,4.6,230.0,True,0.9631578947368421,0.9999999999999998,5.438079308923196
40,163.0,random_sampling,symmetric,lognormal,20,4.6,163.0,True,0.9894736842105263,1.0000000000000002,5.093750200806762
41,551.0,random_sampling,symmetric,lognormal,20,4.6,551.0,True,0.9789473684210527,1.0,6.311734809152915
42,174.0,random_sampling,symmetric,lognormal,20,4.6,174.0,True,0.968421052631579,1.0,5.159055299214529
43,43.0,random_sampling,symmetric,lognormal,20,4.6,43.0,True,0.9789473684210527,0.9999999999999998,3.7612001156935624
44,174.0,random_sampling,symmetric,lognormal,20,4.6,174.0,True,0.9578947368421052,1.0000000000000002,5.159055299214529
45,194.0,random_sampling,symmetric,lognormal,20,4.6,194.0,True,0.9789473684210527,1.0,5.267858159063328
46,94.0,random_sampling,symmetric,lognormal,20,4.6,94.0,True,0.9736842105263158,1.0,4.543294782270004
47,76.0,random_sampling,symmetric,lognormal,20,4.6,76.0,True,0.9789473684210527,1.0,4.330733340286331
48,188.0,random_sampling,symmetric,lognormal,20,4.6,188.0,True,0.9789473684210527,0.9999999999999998,5.236441962829949
49,254.0,random_sampling,symmetric,lognormal,20,4.6,254.0,True,0.9947368421052631,0.9999999999999998,5.537334267018537
50,132.0,random_sampling,symmetric,lognormal,20,4.6,132.0,True,0.968421052631579,1.0,4.882801922586371
51,132.0,random_sampling,symmetric,lognormal,20,4.6,132.0,True,1.0,1.0,4.882801922586371
52,95.0,random_sampling,symmetric,lognormal,20,4.6,95.0,True,0.9736842105263158,1.0000000000000002,4.553876891600541
53,320.0,random_sampling,symmetric,lognormal,20,4.6,320.0,True,0.9947368421052631,0.9999999999999998,5.768320995793772
54,237.0,random_sampling,symmetric,lognormal,20,4.6,237.0,True,0.9789473684210527,1.0,5.4680601411351315
55,117.0,random_sampling,symmetric,lognormal,20,4.6,117.0,True,0.9789473684210527,1.0,4.762173934797756
56,456.0,random_sampling,symmetric,lognormal,20,4.6,456.0,True,0.9631578947368421,1.0,6.1224928095143865
57,330.0,random_sampling,symmetric,lognormal,20,4.6,330.0,True,0.968421052631579,1.0,5.799092654460526
58,147.0,random_sampling,symmetric,lognormal,20,4.6,147.0,True,0.9842105263157894,1.0,4.990432586778736
59,93.0,random_sampling,symmetric,lognormal,20,4.6,93.0,True,0.9736842105263158,1.0,4.532599493153256
60,213.0,random_sampling,symmetric,lognormal,20,4.6,213.0,True,0.9631578947368421,1.0,5.3612921657094255
61,205.0,random_sampling,symmetric,lognormal,20,4.6,205.0,True,0.9789473684210527,1.0,5.3230099791384085
62,357.0,random_sampling,symmetric,lognormal,20,4.6,357.0,True,0.9736842105263158,1.0000000000000002,5.877735781779639
63,175.0,random_sampling,symmetric,lognormal,20,4.6,175.0,True,0.9631578947368421,0.9999999999999998,5.1647859739235145
64,401.0,random_sampling,symmetric,lognormal,20,4.6,401.0,True,0.9736842105263158,1.0,5.993961427306569
65,92.0,random_sampling,symmetric,lognormal,20,4.6,92.0,True,0.9736842105263158,1.0,4.5217885770490405
66,966.0,random_sampling,symmetric,lognormal,20,4.6,966.0,True,0.9736842105263158,1.0,6.873163834212518
67,163.0,random_sampling,symmetric,lognormal,20,4.6,163.0,True,0.968421052631579,0.9999999999999998,5.093750200806762
68,244.0,random_sampling,symmetric,lognormal,20,4.6,244.0,True,0.9842105263157894,1.0000000000000002,5.497168225293202
69,141.0,random_sampling,symmetric,lognormal,20,4.6,141.0,True,0.9578947368421052,0.9999999999999998,4.948759890378168
70,125.0,random_sampling,symmetric,lognormal,20,4.6,125.0,True,0.9894736842105263,1.0,4.8283137373023015
71,81.0,random_sampling,symmetric,lognormal,20,4.6,81.0,True,0.968421052631579,1.0,4.394449154672439
72,241.0,random_sampling,symmetric,lognormal,20,4.6,241.0,True,0.9842105263157894,1.0,5.484796933490655
73,80.0,random_sampling,symmetric,lognormal,20,4.6,80.0,True,0.9842105263157894,1.0,4.382026634673881
74,837.0,random_sampling,symmetric,lognormal,20,4.6,837.0,True,0.9842105263157894,1.0,6.729824070489475
75,498.0,random_sampling,symmetric,lognormal,20,4.6,498.0,True,0.9736842105263158,1.0000000000000004,6.210600077024653
76,336.0,random_sampling,symmetric,lognormal,20,4.6,336.0,True,0.9789473684210527,0.9999999999999998,5.817111159963204
77,268.0,random_sampling,symmetric,lognormal,20,4.6,268.0,True,0.9631578947368421,0.9999999999999998,5.5909869805108565
78,83.0,random_sampling,symmetric,lognormal,20,4.6,83.0,True,0.9578947368421052,1.0000000000000002,4.418840607796598
79,184.0,random_sampling,symmetric,lognormal,20,4.6,184.0,True,0.9526315789473684,1.0,5.214935757608986
80,444.0,random_sampling,symmetric,lognormal,20,4.6,444.0,True,0.9789473684210527,1.0,6.095824562432225
81,157.0,random_sampling,symmetric,lognormal,20,4.6,157.0,True,0.9736842105263158,1.0,5.056245805348308
82,244.0,random_sampling,symmetric,lognormal,20,4.6,244.0,True,0.9842105263157894,1.0,5.497168225293202
83,155.0,random_sampling,symmetric,lognormal,20,4.6,155.0,True,0.9842105263157894,1.0,5.043425116919247
84,43.0,random_sampling,symmetric,lognormal,20,4.6,43.0,True,0.9842105263157894,1.0000000000000002,3.7612001156935624
85,138.0,random_sampling,symmetric,lognormal,20,4.6,138.0,True,0.968421052631579,1.0000000000000002,4.927253685157205
86,193.0,random_sampling,symmetric,lognormal,20,4.6,193.0,True,0.968421052631579,1.0,5.262690188904886
87,366.0,random_sampling,symmetric,lognormal,20,4.6,366.0,True,0.9578947368421052,1.0000000000000002,5.902633333401366
88,119.0,random_sampling,symmetric,lognormal,20,4.6,119.0,True,0.9368421052631579,0.9999999999999998,4.77912349311153
89,192.0,random_sampling,symmetric,lognormal,20,4.6,192.0,True,0.9578947368421052,1.0,5.2574953720277815
90,138.0,random_sampling,symmetric,lognormal,20,4.6,138.0,True,0.9736842105263158,1.0,4.927253685157205
91,178.0,random_sampling,symmetric,lognormal,20,4.6,178.0,True,0.9631578947368421,1.0,5.181783550292085
92,252.0,random_sampling,symmetric,lognormal,20,4.6,252.0,True,0.9947368421052631,1.0,5.529429087511423
93,250.0,random_sampling,symmetric,lognormal,20,4.6,250.0,True,0.9947368421052631,1.0,5.521460917862246
94,533.0,random_sampling,symmetric,lognormal,20,4.6,533.0,True,0.968421052631579,1.0,6.278521424165844
95,109.0,random_sampling,symmetric,lognormal,20,4.6,109.0,True,0.968421052631579,0.9999999999999998,4.6913478822291435
96,118.0,random_sampling,symmetric,lognormal,20,4.6,118.0,True,0.9631578947368421,0.9999999999999998,4.770684624465665
97,141.0,random_sampling,symmetric,lognormal,20,4.6,141.0,True,0.9421052631578948,1.0,4.948759890378168
98,452.0,random_sampling,symmetric,lognormal,20,4.6,452.0,True,0.9526315789473684,1.0,6.113682179832232
99,445.0,random_sampling,symmetric,lognormal,20,4.6,445.0,True,0.9789473684210527,1.0,6.09807428216624
0,1141.0,random_sampling,symmetric,lognormal,30,4.0,1141.0,True,0.9770114942528736,1.0000000000000002,7.039660349862076
1,2076.0,random_sampling,symmetric,lognormal,30,4.0,2076.0,True,0.9770114942528736,0.9999999999999999,7.638198244285779
2,5884.0,random_sampling,symmetric,lognormal,30,4.0,5884.0,True,0.9770114942528736,1.0000000000000002,8.679992081721329
3,653.0,random_sampling,symmetric,lognormal,30,4.0,653.0,True,0.9724137931034482,1.0000000000000002,6.481577129276431
4,4028.0,random_sampling,symmetric,lognormal,30,4.0,4028.0,True,0.9793103448275862,0.9999999999999998,8.301025253838453
5,1627.0,random_sampling,symmetric,lognormal,30,4.0,1627.0,True,0.9701149425287356,0.9999999999999999,7.394493107219038
6,1892.0,random_sampling,symmetric,lognormal,30,4.0,1892.0,True,0.9816091954022989,1.0000000000000002,7.545389749611823
7,2780.0,random_sampling,symmetric,lognormal,30,4.0,2780.0,True,0.9793103448275862,1.0000000000000002,7.930206206684683
8,9300.0,random_sampling,symmetric,lognormal,30,4.0,9300.0,True,0.9816091954022989,1.0,9.137769679141348
9,623.0,random_sampling,symmetric,lognormal,30,4.0,623.0,True,0.9770114942528736,1.0000000000000002,6.434546518787453
10,5516.0,random_sampling,symmetric,lognormal,30,4.0,5516.0,True,0.9747126436781609,0.9999999999999999,8.615408238913192
11,488.0,random_sampling,symmetric,lognormal,30,4.0,488.0,True,0.967816091954023,1.0,6.1903154058531475
12,4221.0,random_sampling,symmetric,lognormal,30,4.0,4221.0,True,0.9793103448275862,1.0,8.347827345782498
13,2265.0,random_sampling,symmetric,lognormal,30,4.0,2265.0,True,0.9724137931034482,0.9999999999999999,7.725330037917135
14,1977.0,random_sampling,symmetric,lognormal,30,4.0,1977.0,True,0.9793103448275862,1.0,7.589335823170617
15,1087.0,random_sampling,symmetric,lognormal,30,4.0,1087.0,True,0.9701149425287356,1.0,6.99117688712121
16,789.0,random_sampling,symmetric,lognormal,30,4.0,789.0,True,0.9885057471264368,1.0,6.670766320845874
17,2639.0,random_sampling,symmetric,lognormal,30,4.0,2639.0,True,0.9724137931034482,1.0000000000000002,7.878155336503324
18,948.0,random_sampling,symmetric,lognormal,30,4.0,948.0,True,0.9747126436781609,1.0,6.854354502255021
19,1076.0,random_sampling,symmetric,lognormal,30,4.0,1076.0,True,0.9747126436781609,1.0,6.98100574072173
20,1243.0,random_sampling,symmetric,lognormal,30,4.0,1243.0,True,0.967816091954023,1.0,7.1252830915107115
21,666.0,random_sampling,symmetric,lognormal,30,4.0,666.0,True,0.9793103448275862,1.0,6.501289670540389
22,3976.0,random_sampling,symmetric,lognormal,30,4.0,3976.0,True,0.9747126436781609,1.0,8.288031567776464
23,1260.0,random_sampling,symmetric,lognormal,30,4.0,1260.0,True,0.9770114942528736,0.9999999999999998,7.138866999945524
24,563.0,random_sampling,symmetric,lognormal,30,4.0,563.0,True,0.9793103448275862,1.0000000000000002,6.333279628139691
25,2182.0,random_sampling,symmetric,lognormal,30,4.0,2182.0,True,0.9839080459770115,0.9999999999999999,7.687997166393016
26,2044.0,random_sampling,symmetric,lognormal,30,4.0,2044.0,True,0.9701149425287356,1.0,7.622663951323595
27,526.0,random_sampling,symmetric,lognormal,30,4.0,526.0,True,0.9816091954022989,0.9999999999999999,6.26530121273771
28,1401.0,random_sampling,symmetric,lognormal,30,4.0,1401.0,True,0.9632183908045977,1.0,7.244941546337007
29,3211.0,random_sampling,symmetric,lognormal,30,4.0,3211.0,True,0.967816091954023,1.0,8.074337694089515
30,1726.0,random_sampling,symmetric,lognormal,30,4.0,1726.0,True,0.960919540229885,0.9999999999999999,7.453561871643373
31,2846.0,random_sampling,symmetric,lognormal,30,4.0,2846.0,True,0.9701149425287356,1.0,7.953669778649798
32,628.0,random_sampling,symmetric,lognormal,30,4.0,628.0,True,0.9632183908045977,1.0,6.4425401664681985
33,709.0,random_sampling,symmetric,lognormal,30,4.0,709.0,True,0.9816091954022989,0.9999999999999998,6.5638555265321274
34,4589.0,random_sampling,symmetric,lognormal,30,4.0,4589.0,True,0.9770114942528736,1.0000000000000002,8.431417414394833
35,2046.0,random_sampling,symmetric,lognormal,30,4.0,2046.0,True,0.9563218390804598,1.0,7.6236419465115715
36,1317.0,random_sampling,symmetric,lognormal,30,4.0,1317.0,True,0.9793103448275862,1.0,7.183111701743281
37,2785.0,random_sampling,symmetric,lognormal,30,4.0,2785.0,True,0.9747126436781609,1.0,7.932003152361385
38,5430.0,random_sampling,symmetric,lognormal,30,4.0,5430.0,True,0.9839080459770115,0.9999999999999999,8.599694412927981
39,1167.0,random_sampling,symmetric,lognormal,30,4.0,1167.0,True,0.9816091954022989,1.0,7.062191632286556
40,1317.0,random_sampling,symmetric,lognormal,30,4.0,1317.0,True,0.9816091954022989,1.0,7.183111701743281
41,134.0,random_sampling,symmetric,lognormal,30,4.0,134.0,True,0.9770114942528736,1.0,4.897839799950911
42,638.0,random_sampling,symmetric,lognormal,30,4.0,638.0,True,0.9586206896551724,0.9999999999999999,6.45833828334479
43,5033.0,random_sampling,symmetric,lognormal,30,4.0,5033.0,True,0.9632183908045977,1.0000000000000002,8.52377150677636
44,434.0,random_sampling,symmetric,lognormal,30,4.0,434.0,True,0.9586206896551724,1.0,6.073044534100405
45,2569.0,random_sampling,symmetric,lognormal,30,4.0,2569.0,True,0.9655172413793104,1.0,7.851271997109883
46,2300.0,random_sampling,symmetric,lognormal,30,4.0,2300.0,True,0.993103448275862,1.0,7.7406644019172415
47,3165.0,random_sampling,symmetric,lognormal,30,4.0,3165.0,True,0.967816091954023,0.9999999999999999,8.059908334578276
48,432.0,random_sampling,symmetric,lognormal,30,4.0,432.0,True,0.9724137931034482,0.9999999999999999,6.068425588244111
49,2979.0,random_sampling,symmetric,lognormal,30,4.0,2979.0,True,0.9586206896551724,1.0000000000000002,7.999342952713282
50,1566.0,random_sampling,symmetric,lognormal,30,4.0,1566.0,True,0.9816091954022989,0.9999999999999998,7.356279876550748
51,7537.0,random_sampling,symmetric,lognormal,30,4.0,7537.0,True,0.9655172413793104,0.9999999999999997,8.92757950384347
52,4006.0,random_sampling,symmetric,lognormal,30,4.0,4006.0,True,0.9839080459770115,0.9999999999999999,8.295548516225763
53,2067.0,random_sampling,symmetric,lognormal,30,4.0,2067.0,True,0.9448275862068966,1.0,7.633853559681768
54,1604.0,random_sampling,symmetric,lognormal,30,4.0,1604.0,True,0.9747126436781609,1.0000000000000002,7.38025578842646
55,3336.0,random_sampling,symmetric,lognormal,30,4.0,3336.0,True,0.9816091954022989,1.0000000000000002,8.112527763478637
56,2277.0,random_sampling,symmetric,lognormal,30,4.0,2277.0,True,0.9770114942528736,0.9999999999999998,7.7306140660637395
57,5771.0,random_sampling,symmetric,lognormal,30,4.0,5771.0,True,0.9793103448275862,0.9999999999999999,8.660600654710967
58,538.0,random_sampling,symmetric,lognormal,30,4.0,538.0,True,0.960919540229885,1.0,6.2878585601617845
59,625.0,random_sampling,symmetric,lognormal,30,4.0,625.0,True,0.9701149425287356,1.0000000000000002,6.437751649736401
60,9174.0,random_sampling,symmetric,lognormal,30,4.0,9174.0,True,0.9701149425287356,0.9999999999999998,9.124128675157117
61,404.0,random_sampling,symmetric,lognormal,30,4.0,404.0,True,0.9793103448275862,1.0000000000000002,6.0014148779611505
62,4896.0,random_sampling,symmetric,lognormal,30,4.0,4896.0,True,0.9862068965517241,1.0000000000000002,8.496173824192162
63,4747.0,random_sampling,symmetric,lognormal,30,4.0,4747.0,True,0.9655172413793104,0.9999999999999999,8.465268118551318
64,1777.0,random_sampling,symmetric,lognormal,30,4.0,1777.0,True,0.9770114942528736,0.9999999999999999,7.482681828154651
65,2914.0,random_sampling,symmetric,lognormal,30,4.0,2914.0,True,0.9747126436781609,0.9999999999999999,7.97728198675515
66,1274.0,random_sampling,symmetric,lognormal,30,4.0,1274.0,True,0.9724137931034482,1.0000000000000002,7.149916836132109
67,1470.0,random_sampling,symmetric,lognormal,30,4.0,1470.0,True,0.9655172413793104,0.9999999999999998,7.293017679772782
68,677.0,random_sampling,symmetric,lognormal,30,4.0,677.0,True,0.9724137931034482,1.0000000000000002,6.517671272912275
69,431.0,random_sampling,symmetric,lognormal,30,4.0,431.0,True,0.9747126436781609,1.0,6.066108090103747
70,17252.0,random_sampling,symmetric,lognormal,30,4.0,17252.0,True,0.9632183908045977,1.0,9.755683357767733
71,4378.0,random_sampling,symmetric,lognormal,30,4.0,4378.0,True,0.9701149425287356,1.0,8.384347278082808
72,3265.0,random_sampling,symmetric,lognormal,30,4.0,3265.0,True,0.9747126436781609,1.0000000000000002,8.09101504171053
73,7869.0,random_sampling,symmetric,lognormal,30,4.0,7869.0,True,0.967816091954023,1.0,8.970686268534983
74,754.0,random_sampling,symmetric,lognormal,30,4.0,754.0,True,0.9862068965517241,1.0,6.625392368007956
75,1478.0,random_sampling,symmetric,lognormal,30,4.0,1478.0,True,0.9793103448275862,0.9999999999999999,7.298445101508147
76,4951.0,random_sampling,symmetric,lognormal,30,4.0,4951.0,True,0.9747126436781609,0.9999999999999999,8.507344855361422
77,2569.0,random_sampling,symmetric,lognormal,30,4.0,2569.0,True,0.9770114942528736,1.0,7.851271997109883
78,1709.0,random_sampling,symmetric,lognormal,30,4.0,1709.0,True,0.9724137931034482,0.9999999999999998,7.443663683115591
79,1303.0,random_sampling,symmetric,lognormal,30,4.0,1303.0,True,0.9655172413793104,0.9999999999999998,7.172424577124845
80,5047.0,random_sampling,symmetric,lognormal,30,4.0,5047.0,True,0.9701149425287356,1.0,8.526549286340263
81,874.0,random_sampling,symmetric,lognormal,30,4.0,874.0,True,0.9586206896551724,0.9999999999999998,6.773080375655535
82,875.0,random_sampling,symmetric,lognormal,30,4.0,875.0,True,0.9724137931034482,1.0000000000000002,6.774223886357614
83,5688.0,random_sampling,symmetric,lognormal,30,4.0,5688.0,True,0.9747126436781609,1.0,8.646113971483077
84,1496.0,random_sampling,symmetric,lognormal,30,4.0,1496.0,True,0.9655172413793104,1.0000000000000002,7.310550158534422
85,330.0,random_sampling,symmetric,lognormal,30,4.0,330.0,True,0.960919540229885,0.9999999999999999,5.799092654460526
86,7104.0,random_sampling,symmetric,lognormal,30,4.0,7104.0,True,0.9747126436781609,1.0,8.868413284672005
87,4834.0,random_sampling,symmetric,lognormal,30,4.0,4834.0,True,0.9770114942528736,0.9999999999999999,8.483429561263428
88,419.0,random_sampling,symmetric,lognormal,30,4.0,419.0,True,0.967816091954023,1.0000000000000002,6.037870919922137
89,3538.0,random_sampling,symmetric,lognormal,30,4.0,3538.0,True,0.9540229885057471,1.0,8.17131687471973
90,455.0,random_sampling,symmetric,lognormal,30,4.0,455.0,True,0.9747126436781609,1.0000000000000002,6.12029741895095
91,1753.0,random_sampling,symmetric,lognormal,30,4.0,1753.0,True,0.9563218390804598,1.0000000000000002,7.469083884921234
92,507.0,random_sampling,symmetric,lognormal,30,4.0,507.0,True,0.9770114942528736,0.9999999999999999,6.2285110035911835
93,1563.0,random_sampling,symmetric,lognormal,30,4.0,1563.0,True,0.9655172413793104,1.0,7.354362330421477
94,2888.0,random_sampling,symmetric,lognormal,30,4.0,2888.0,True,0.9540229885057471,1.0,7.968319500012717
95,1449.0,random_sampling,symmetric,lognormal,30,4.0,1449.0,True,0.9816091954022989,1.0,7.278628942320682
96,924.0,random_sampling,symmetric,lognormal,30,4.0,924.0,True,0.9770114942528736,0.9999999999999999,6.828712071641684
97,633.0,random_sampling,symmetric,lognormal,30,4.0,633.0,True,0.9655172413793104,0.9999999999999999,6.450470422144176
98,1167.0,random_sampling,symmetric,lognormal,30,4.0,1167.0,True,0.9770114942528736,1.0000000000000002,7.062191632286556
99,1360.0,random_sampling,symmetric,lognormal,30,4.0,1360.0,True,0.9724137931034482,1.0,7.215239978730097
0,480.0,random_sampling,symmetric,lognormal,20,3.2,480.0,True,0.9842105263157894,1.0000000000000002,6.173786103901937
1,105.0,random_sampling,symmetric,lognormal,20,3.2,105.0,True,0.9842105263157894,1.0,4.653960350157523
2,286.0,random_sampling,symmetric,lognormal,20,3.2,286.0,True,1.0,1.0,5.655991810819852
3,194.0,random_sampling,symmetric,lognormal,20,3.2,194.0,True,0.9947368421052631,1.0,5.267858159063328
4,178.0,random_sampling,symmetric,lognormal,20,3.2,178.0,True,0.9842105263157894,1.0,5.181783550292085
5,621.0,random_sampling,symmetric,lognormal,20,3.2,621.0,True,0.9947368421052631,1.0,6.431331081933479
6,878.0,random_sampling,symmetric,lognormal,20,3.2,878.0,True,0.9894736842105263,0.9999999999999998,6.777646593635117
7,285.0,random_sampling,symmetric,lognormal,20,3.2,285.0,True,0.9894736842105263,0.9999999999999998,5.652489180268651
8,39.0,random_sampling,symmetric,lognormal,20,3.2,39.0,True,1.0,1.0,3.6635616461296463
9,125.0,random_sampling,symmetric,lognormal,20,3.2,125.0,True,0.9947368421052631,1.0000000000000002,4.8283137373023015
10,953.0,random_sampling,symmetric,lognormal,20,3.2,953.0,True,0.9947368421052631,0.9999999999999998,6.859614903654202
11,214.0,random_sampling,symmetric,lognormal,20,3.2,214.0,True,0.9947368421052631,1.0,5.365976015021851
12,545.0,random_sampling,symmetric,lognormal,20,3.2,545.0,True,0.9894736842105263,1.0000000000000002,6.300785794663244
13,203.0,random_sampling,symmetric,lognormal,20,3.2,203.0,True,0.9894736842105263,1.0,5.313205979041787
14,265.0,random_sampling,symmetric,lognormal,20,3.2,265.0,True,0.9947368421052631,1.0,5.579729825986222
15,688.0,random_sampling,symmetric,lognormal,20,3.2,688.0,True,0.9947368421052631,1.0,6.5337888379333435
16,265.0,random_sampling,symmetric,lognormal,20,3.2,265.0,True,1.0,1.0,5.579729825986222
17,255.0,random_sampling,symmetric,lognormal,20,3.2,255.0,True,1.0,0.9999999999999998,5.541263545158426
18,349.0,random_sampling,symmetric,lognormal,20,3.2,349.0,True,1.0,1.0000000000000002,5.855071922202427
19,103.0,random_sampling,symmetric,lognormal,20,3.2,103.0,True,0.9947368421052631,1.0,4.634728988229636
20,231.0,random_sampling,symmetric,lognormal,20,3.2,231.0,True,1.0,1.0,5.442417710521793
21,1221.0,random_sampling,symmetric,lognormal,20,3.2,1221.0,True,0.9947368421052631,1.0,7.107425474110705
22,363.0,random_sampling,symmetric,lognormal,20,3.2,363.0,True,1.0,1.0,5.8944028342648505
23,277.0,random_sampling,symmetric,lognormal,20,3.2,277.0,True,0.9947368421052631,1.0000000000000002,5.6240175061873385
24,181.0,random_sampling,symmetric,lognormal,20,3.2,181.0,True,1.0,1.0,5.198497031265826
25,347.0,random_sampling,symmetric,lognormal,20,3.2,347.0,True,0.9947368421052631,0.9999999999999998,5.849324779946859
26,231.0,random_sampling,symmetric,lognormal,20,3.2,231.0,True,1.0,1.0,5.442417710521793
27,85.0,random_sampling,symmetric,lognormal,20,3.2,85.0,True,0.9947368421052631,1.0,4.442651256490317
28,625.0,random_sampling,symmetric,lognormal,20,3.2,625.0,True,0.9947368421052631,1.0,6.437751649736401
29,164.0,random_sampling,symmetric,lognormal,20,3.2,164.0,True,1.0,1.0,5.099866427824199
30,422.0,random_sampling,symmetric,lognormal,20,3.2,422.0,True,0.9894736842105263,0.9999999999999998,6.045005314036012
31,413.0,random_sampling,symmetric,lognormal,20,3.2,413.0,True,0.9894736842105263,0.9999999999999998,6.023447592961033
32,222.0,random_sampling,symmetric,lognormal,20,3.2,222.0,True,0.9947368421052631,1.0000000000000002,5.402677381872279
33,129.0,random_sampling,symmetric,lognormal,20,3.2,129.0,True,1.0,1.0,4.859812404361672
34,188.0,random_sampling,symmetric,lognormal,20,3.2,188.0,True,1.0,1.0,5.236441962829949
35,99.0,random_sampling,symmetric,lognormal,20,3.2,99.0,True,1.0,1.0000000000000002,4.59511985013459
36,257.0,random_sampling,symmetric,lognormal,20,3.2,257.0,True,0.9789473684210527,1.0,5.54907608489522
37,236.0,random_sampling,symmetric,lognormal,20,3.2,236.0,True,0.9894736842105263,1.0,5.4638318050256105
38,169.0,random_sampling,symmetric,lognormal,20,3.2,169.0,True,0.9947368421052631,1.0,5.1298987149230735
39,394.0,random_sampling,symmetric,lognormal,20,3.2,394.0,True,0.9947368421052631,1.0000000000000002,5.976350909297934
40,2546.0,random_sampling,symmetric,lognormal,20,3.2,2546.0,True,0.9947368421052631,0.9999999999999998,7.842278779117352
41,75.0,random_sampling,symmetric,lognormal,20,3.2,75.0,True,0.9894736842105263,1.0000000000000002,4.31748811353631
42,311.0,random_sampling,symmetric,lognormal,20,3.2,311.0,True,1.0,1.0000000000000002,5.739792912179234
43,106.0,random_sampling,symmetric,lognormal,20,3.2,106.0,True,0.9842105263157894,1.0,4.663439094112067
44,136.0,random_sampling,symmetric,lognormal,20,3.2,136.0,True,0.9894736842105263,1.0,4.912654885736052
45,366.0,random_sampling,symmetric,lognormal,20,3.2,366.0,True,0.9842105263157894,1.0,5.902633333401366
46,640.0,random_sampling,symmetric,lognormal,20,3.2,640.0,True,1.0,1.0,6.461468176353717
47,108.0,random_sampling,symmetric,lognormal,20,3.2,108.0,True,0.9842105263157894,1.0000000000000002,4.68213122712422
48,351.0,random_sampling,symmetric,lognormal,20,3.2,351.0,True,0.9894736842105263,0.9999999999999998,5.860786223465865
49,122.0,random_sampling,symmetric,lognormal,20,3.2,122.0,True,1.0,1.0,4.804021044733257
50,276.0,random_sampling,symmetric,lognormal,20,3.2,276.0,True,0.9894736842105263,1.0,5.62040086571715
51,87.0,random_sampling,symmetric,lognormal,20,3.2,87.0,True,0.9842105263157894,1.0,4.465908118654584
52,262.0,random_sampling,symmetric,lognormal,20,3.2,262.0,True,0.9894736842105263,1.0,5.568344503761097
53,406.0,random_sampling,symmetric,lognormal,20,3.2,406.0,True,1.0,0.9999999999999998,6.0063531596017325
54,352.0,random_sampling,symmetric,lognormal,20,3.2,352.0,True,0.9947368421052631,1.0,5.863631175598097
55,273.0,random_sampling,symmetric,lognormal,20,3.2,273.0,True,0.9947368421052631,1.0,5.60947179518496
56,114.0,random_sampling,symmetric,lognormal,20,3.2,114.0,True,1.0,1.0,4.736198448394496
57,291.0,random_sampling,symmetric,lognormal,20,3.2,291.0,True,1.0,1.0,5.673323267171493
58,319.0,random_sampling,symmetric,lognormal,20,3.2,319.0,True,1.0,1.0000000000000002,5.765191102784844
59,326.0,random_sampling,symmetric,lognormal,20,3.2,326.0,True,1.0,1.0,5.786897381366708
60,245.0,random_sampling,symmetric,lognormal,20,3.2,245.0,True,0.9947368421052631,0.9999999999999998,5.501258210544727
61,250.0,random_sampling,symmetric,lognormal,20,3.2,250.0,True,1.0,0.9999999999999998,5.521460917862246
62,746.0,random_sampling,symmetric,lognormal,20,3.2,746.0,True,1.0,1.0000000000000002,6.61472560020376
63,226.0,random_sampling,symmetric,lognormal,20,3.2,226.0,True,0.9947368421052631,0.9999999999999998,5.420534999272286
64,415.0,random_sampling,symmetric,lognormal,20,3.2,415.0,True,1.0,1.0,6.028278520230698
65,1083.0,random_sampling,symmetric,lognormal,20,3.2,1083.0,True,0.9894736842105263,1.0000000000000002,6.9874902470009905
66,37.0,random_sampling,symmetric,lognormal,20,3.2,37.0,True,0.9947368421052631,1.0,3.6109179126442243
67,131.0,random_sampling,symmetric,lognormal,20,3.2,131.0,True,1.0,1.0,4.875197323201151
68,218.0,random_sampling,symmetric,lognormal,20,3.2,218.0,True,1.0,1.0,5.384495062789089
69,75.0,random_sampling,symmetric,lognormal,20,3.2,75.0,True,1.0,1.0000000000000002,4.31748811353631
70,108.0,random_sampling,symmetric,lognormal,20,3.2,108.0,True,0.9894736842105263,1.0,4.68213122712422
71,85.0,random_sampling,symmetric,lognormal,20,3.2,85.0,True,0.9947368421052631,1.0,4.442651256490317
72,121.0,random_sampling,symmetric,lognormal,20,3.2,121.0,True,0.9894736842105263,1.0,4.795790545596741
73,436.0,random_sampling,symmetric,lognormal,20,3.2,436.0,True,1.0,1.0,6.077642243349034
74,235.0,random_sampling,symmetric,lognormal,20,3.2,235.0,True,0.9894736842105263,1.0,5.459585514144159
75,549.0,random_sampling,symmetric,lognormal,20,3.2,549.0,True,1.0,1.0000000000000002,6.3080984415095305
76,155.0,random_sampling,symmetric,lognormal,20,3.2,155.0,True,1.0,0.9999999999999998,5.043425116919247
77,172.0,random_sampling,symmetric,lognormal,20,3.2,172.0,True,1.0,1.0,5.147494476813453
78,162.0,random_sampling,symmetric,lognormal,20,3.2,162.0,True,1.0,1.0000000000000002,5.087596335232384
79,488.0,random_sampling,symmetric,lognormal,20,3.2,488.0,True,0.9894736842105263,0.9999999999999997,6.1903154058531475
80,269.0,random_sampling,symmetric,lognormal,20,3.2,269.0,True,0.9947368421052631,1.0,5.594711379601839
81,192.0,random_sampling,symmetric,lognormal,20,3.2,192.0,True,0.9947368421052631,1.0,5.2574953720277815
82,369.0,random_sampling,symmetric,lognormal,20,3.2,369.0,True,0.9947368421052631,1.0000000000000002,5.910796644040527
83,568.0,random_sampling,symmetric,lognormal,20,3.2,568.0,True,1.0,1.0,6.342121418721152
84,258.0,random_sampling,symmetric,lognormal,20,3.2,258.0,True,1.0,1.0,5.552959584921617
85,391.0,random_sampling,symmetric,lognormal,20,3.2,391.0,True,0.9894736842105263,0.9999999999999998,5.968707559985366
86,185.0,random_sampling,symmetric,lognormal,20,3.2,185.0,True,0.9894736842105263,1.0,5.220355825078324
87,532.0,random_sampling,symmetric,lognormal,20,3.2,532.0,True,1.0,1.0000000000000002,6.2766434893416445
88,77.0,random_sampling,symmetric,lognormal,20,3.2,77.0,True,0.9842105263157894,1.0,4.343805421853684
89,301.0,random_sampling,symmetric,lognormal,20,3.2,301.0,True,0.9947368421052631,1.0,5.707110264748875
90,452.0,random_sampling,symmetric,lognormal,20,3.2,452.0,True,1.0,1.0,6.113682179832232
91,566.0,random_sampling,symmetric,lognormal,20,3.2,566.0,True,1.0,1.0,6.338594078203183
92,901.0,random_sampling,symmetric,lognormal,20,3.2,901.0,True,0.9947368421052631,1.0,6.803505257608338
93,382.0,random_sampling,symmetric,lognormal,20,3.2,382.0,True,0.9894736842105263,1.0,5.945420608606575
94,321.0,random_sampling,symmetric,lognormal,20,3.2,321.0,True,0.9947368421052631,0.9999999999999998,5.771441123130016
95,345.0,random_sampling,symmetric,lognormal,20,3.2,345.0,True,0.9736842105263158,1.0,5.84354441703136
96,1047.0,random_sampling,symmetric,lognormal,20,3.2,1047.0,True,0.9947368421052631,0.9999999999999998,6.953684210870537
97,108.0,random_sampling,symmetric,lognormal,20,3.2,108.0,True,0.9842105263157894,0.9999999999999998,4.68213122712422
98,397.0,random_sampling,symmetric,lognormal,20,3.2,397.0,True,0.9894736842105263,0.9999999999999998,5.983936280687191
99,176.0,random_sampling,symmetric,lognormal,20,3.2,176.0,True,1.0,1.0,5.170483995038151
0,309.0,random_sampling,symmetric,lognormal,20,2.6,309.0,True,1.0,1.0,5.733341276897746
1,62.0,random_sampling,symmetric,lognormal,20,2.6,62.0,True,0.9947368421052631,1.0,4.127134385045092
2,174.0,random_sampling,symmetric,lognormal,20,2.6,174.0,True,1.0,1.0,5.159055299214529
3,162.0,random_sampling,symmetric,lognormal,20,2.6,162.0,True,0.9947368421052631,1.0,5.087596335232384
4,1037.0,random_sampling,symmetric,lognormal,20,2.6,1037.0,True,0.9947368421052631,1.0,6.9440872082295275
5,557.0,random_sampling,symmetric,lognormal,20,2.6,557.0,True,1.0,1.0,6.322565239927284
6,69.0,random_sampling,symmetric,lognormal,20,2.6,69.0,True,0.9947368421052631,0.9999999999999998,4.23410650459726
7,812.0,random_sampling,symmetric,lognormal,20,2.6,812.0,True,1.0,1.0,6.699500340161678
8,326.0,random_sampling,symmetric,lognormal,20,2.6,326.0,True,0.9947368421052631,1.0000000000000002,5.786897381366708
9,925.0,random_sampling,symmetric,lognormal,20,2.6,925.0,True,0.9894736842105263,1.0,6.829793737512425
10,128.0,random_sampling,symmetric,lognormal,20,2.6,128.0,True,0.9894736842105263,1.0,4.852030263919617
11,555.0,random_sampling,symmetric,lognormal,20,2.6,555.0,True,0.9947368421052631,1.0,6.318968113746434
12,300.0,random_sampling,symmetric,lognormal,20,2.6,300.0,True,1.0,1.0,5.703782474656201
13,423.0,random_sampling,symmetric,lognormal,20,2.6,423.0,True,1.0,1.0000000000000002,6.0473721790462776
14,860.0,random_sampling,symmetric,lognormal,20,2.6,860.0,True,1.0,1.0000000000000002,6.756932389247553
15,325.0,random_sampling,symmetric,lognormal,20,2.6,325.0,True,1.0,1.0,5.783825182329737
16,165.0,random_sampling,symmetric,lognormal,20,2.6,165.0,True,1.0,1.0,5.10594547390058
17,1172.0,random_sampling,symmetric,lognormal,20,2.6,1172.0,True,1.0,1.0000000000000002,7.066466970136958
18,122.0,random_sampling,symmetric,lognormal,20,2.6,122.0,True,1.0,1.0,4.804021044733257
19,1481.0,random_sampling,symmetric,lognormal,20,2.6,1481.0,True,1.0,0.9999999999999998,7.300472814267799
20,123.0,random_sampling,symmetric,lognormal,20,2.6,123.0,True,1.0,1.0,4.812184355372417
21,269.0,random_sampling,symmetric,lognormal,20,2.6,269.0,True,0.9947368421052631,1.0,5.594711379601839
22,99.0,random_sampling,symmetric,lognormal,20,2.6,99.0,True,0.9947368421052631,1.0,4.59511985013459
23,292.0,random_sampling,symmetric,lognormal,20,2.6,292.0,True,1.0,1.0,5.676753802268282
24,86.0,random_sampling,symmetric,lognormal,20,2.6,86.0,True,0.9894736842105263,1.0000000000000002,4.454347296253507
25,598.0,random_sampling,symmetric,lognormal,20,2.6,598.0,True,0.9947368421052631,1.0,6.393590753950631
26,3991.0,random_sampling,symmetric,lognormal,20,2.6,3991.0,True,0.9947368421052631,0.9999999999999998,8.291797105048733
27,294.0,random_sampling,symmetric,lognormal,20,2.6,294.0,True,0.9947368421052631,1.0,5.683579767338681
28,287.0,random_sampling,symmetric,lognormal,20,2.6,287.0,True,1.0,0.9999999999999998,5.659482215759621
29,1733.0,random_sampling,symmetric,lognormal,20,2.6,1733.0,True,0.9947368421052631,1.0,7.457609289715606
30,452.0,random_sampling,symmetric,lognormal,20,2.6,452.0,True,0.9947368421052631,1.0000000000000002,6.113682179832232
31,70.0,random_sampling,symmetric,lognormal,20,2.6,70.0,True,1.0,1.0,4.248495242049359
32,313.0,random_sampling,symmetric,lognormal,20,2.6,313.0,True,1.0,1.0,5.746203190540153
33,301.0,random_sampling,symmetric,lognormal,20,2.6,301.0,True,1.0,1.0,5.707110264748875
34,265.0,random_sampling,symmetric,lognormal,20,2.6,265.0,True,0.9947368421052631,1.0,5.579729825986222
35,330.0,random_sampling,symmetric,lognormal,20,2.6,330.0,True,0.9947368421052631,1.0000000000000002,5.799092654460526
36,645.0,random_sampling,symmetric,lognormal,20,2.6,645.0,True,1.0,1.0000000000000002,6.4692503167957724
37,149.0,random_sampling,symmetric,lognormal,20,2.6,149.0,True,0.9947368421052631,1.0000000000000002,5.003946305945459
38,204.0,random_sampling,symmetric,lognormal,20,2.6,204.0,True,1.0,1.0,5.318119993844216
39,209.0,random_sampling,symmetric,lognormal,20,2.6,209.0,True,1.0,0.9999999999999998,5.342334251964811
40,384.0,random_sampling,symmetric,lognormal,20,2.6,384.0,True,0.9947368421052631,1.0,5.950642552587727
41,83.0,random_sampling,symmetric,lognormal,20,2.6,83.0,True,0.9894736842105263,1.0000000000000002,4.418840607796598
42,250.0,random_sampling,symmetric,lognormal,20,2.6,250.0,True,1.0,1.0,5.521460917862246
43,185.0,random_sampling,symmetric,lognormal,20,2.6,185.0,True,1.0,1.0,5.220355825078324
44,563.0,random_sampling,symmetric,lognormal,20,2.6,563.0,True,1.0,1.0,6.333279628139691
45,247.0,random_sampling,symmetric,lognormal,20,2.6,247.0,True,1.0,1.0000000000000002,5.5093883366279774
46,425.0,random_sampling,symmetric,lognormal,20,2.6,425.0,True,1.0,1.0,6.052089168924417
47,354.0,random_sampling,symmetric,lognormal,20,2.6,354.0,True,0.9947368421052631,1.0,5.869296913133774
48,207.0,random_sampling,symmetric,lognormal,20,2.6,207.0,True,1.0,1.0,5.332718793265369
49,317.0,random_sampling,symmetric,lognormal,20,2.6,317.0,True,1.0,1.0,5.75890177387728
50,376.0,random_sampling,symmetric,lognormal,20,2.6,376.0,True,1.0,1.0,5.929589143389895
51,138.0,random_sampling,symmetric,lognormal,20,2.6,138.0,True,1.0,0.9999999999999998,4.927253685157205
52,330.0,random_sampling,symmetric,lognormal,20,2.6,330.0,True,0.9947368421052631,1.0,5.799092654460526
53,703.0,random_sampling,symmetric,lognormal,20,2.6,703.0,True,0.9947368421052631,1.0,6.555356891810665
54,488.0,random_sampling,symmetric,lognormal,20,2.6,488.0,True,1.0,0.9999999999999998,6.1903154058531475
55,320.0,random_sampling,symmetric,lognormal,20,2.6,320.0,True,1.0,1.0,5.768320995793772
56,623.0,random_sampling,symmetric,lognormal,20,2.6,623.0,True,1.0,1.0,6.434546518787453
57,198.0,random_sampling,symmetric,lognormal,20,2.6,198.0,True,0.9947368421052631,1.0,5.288267030694535
58,559.0,random_sampling,symmetric,lognormal,20,2.6,559.0,True,1.0,1.0,6.326149473155099
59,1070.0,random_sampling,symmetric,lognormal,20,2.6,1070.0,True,0.9894736842105263,1.0,6.975413927455952
60,229.0,random_sampling,symmetric,lognormal,20,2.6,229.0,True,1.0,1.0,5.43372200355424
61,553.0,random_sampling,symmetric,lognormal,20,2.6,553.0,True,0.9947368421052631,1.0,6.315358001522335
62,923.0,random_sampling,symmetric,lognormal,20,2.6,923.0,True,0.9947368421052631,1.0,6.827629234502852
63,208.0,random_sampling,symmetric,lognormal,20,2.6,208.0,True,0.9842105263157894,1.0,5.337538079701318
64,174.0,random_sampling,symmetric,lognormal,20,2.6,174.0,True,1.0,0.9999999999999998,5.159055299214529
65,142.0,random_sampling,symmetric,lognormal,20,2.6,142.0,True,0.9947368421052631,0.9999999999999998,4.955827057601261
66,398.0,random_sampling,symmetric,lognormal,20,2.6,398.0,True,0.9894736842105263,1.0000000000000002,5.986452005284438
67,157.0,random_sampling,symmetric,lognormal,20,2.6,157.0,True,0.9947368421052631,1.0,5.056245805348308
68,726.0,random_sampling,symmetric,lognormal,20,2.6,726.0,True,0.9947368421052631,1.0,6.587550014824796
69,79.0,random_sampling,symmetric,lognormal,20,2.6,79.0,True,1.0,1.0,4.3694478524670215
70,315.0,random_sampling,symmetric,lognormal,20,2.6,315.0,True,1.0,1.0,5.752572638825633
71,187.0,random_sampling,symmetric,lognormal,20,2.6,187.0,True,1.0,1.0000000000000002,5.231108616854587
72,95.0,random_sampling,symmetric,lognormal,20,2.6,95.0,True,1.0,1.0000000000000002,4.553876891600541
73,297.0,random_sampling,symmetric,lognormal,20,2.6,297.0,True,1.0,1.0000000000000002,5.6937321388027
74,787.0,random_sampling,symmetric,lognormal,20,2.6,787.0,True,1.0,0.9999999999999998,6.668228248417403
75,155.0,random_sampling,symmetric,lognormal,20,2.6,155.0,True,1.0,1.0,5.043425116919247
76,129.0,random_sampling,symmetric,lognormal,20,2.6,129.0,True,0.9947368421052631,1.0000000000000002,4.859812404361672
77,1322.0,random_sampling,symmetric,lognormal,20,2.6,1322.0,True,1.0,0.9999999999999998,7.186901020411631
78,5300.0,random_sampling,symmetric,lognormal,20,2.6,5300.0,True,0.9842105263157894,1.0000000000000002,8.575462099540212
79,576.0,random_sampling,symmetric,lognormal,20,2.6,576.0,True,1.0,1.0000000000000002,6.3561076606958915
80,379.0,random_sampling,symmetric,lognormal,20,2.6,379.0,True,1.0,1.0000000000000002,5.937536205082426
81,1268.0,random_sampling,symmetric,lognormal,20,2.6,1268.0,True,1.0,0.9999999999999998,7.145196134997171
82,264.0,random_sampling,symmetric,lognormal,20,2.6,264.0,True,1.0,1.0,5.575949103146316
83,220.0,random_sampling,symmetric,lognormal,20,2.6,220.0,True,1.0,1.0,5.393627546352362
84,350.0,random_sampling,symmetric,lognormal,20,2.6,350.0,True,1.0,0.9999999999999998,5.857933154483459
85,518.0,random_sampling,symmetric,lognormal,20,2.6,518.0,True,1.0,1.0000000000000002,6.249975242259483
86,113.0,random_sampling,symmetric,lognormal,20,2.6,113.0,True,1.0,0.9999999999999998,4.727387818712341
87,143.0,random_sampling,symmetric,lognormal,20,2.6,143.0,True,0.9947368421052631,0.9999999999999998,4.962844630259907
88,281.0,random_sampling,symmetric,lognormal,20,2.6,281.0,True,1.0,1.0,5.638354669333745
89,954.0,random_sampling,symmetric,lognormal,20,2.6,954.0,True,1.0,1.0,6.860663671448287
90,659.0,random_sampling,symmetric,lognormal,20,2.6,659.0,True,1.0,1.0000000000000002,6.490723534502507
91,263.0,random_sampling,symmetric,lognormal,20,2.6,263.0,True,0.9894736842105263,1.0,5.572154032177765
92,728.0,random_sampling,symmetric,lognormal,20,2.6,728.0,True,1.0,1.0,6.590301048196686
93,319.0,random_sampling,symmetric,lognormal,20,2.6,319.0,True,0.9947368421052631,1.0000000000000002,5.765191102784844
94,127.0,random_sampling,symmetric,lognormal,20,2.6,127.0,True,1.0,1.0,4.844187086458591
95,332.0,random_sampling,symmetric,lognormal,20,2.6,332.0,True,1.0,1.0,5.805134968916488
96,1069.0,random_sampling,symmetric,lognormal,20,2.6,1069.0,True,1.0,1.0,6.974478911025045
97,128.0,random_sampling,symmetric,lognormal,20,2.6,128.0,True,1.0,1.0,4.852030263919617
98,151.0,random_sampling,symmetric,lognormal,20,2.6,151.0,True,0.9947368421052631,1.0,5.017279836814924
99,1057.0,random_sampling,symmetric,lognormal,20,2.6,1057.0,True,1.0,1.0000000000000002,6.963189985870238
0,244.0,random_sampling,symmetric,lognormal,20,1.2,244.0,True,1.0,1.0000000000000002,5.497168225293202
1,1176.0,random_sampling,symmetric,lognormal,20,1.2,1176.0,True,1.0,1.0,7.069874128458572
2,635.0,random_sampling,symmetric,lognormal,20,1.2,635.0,True,1.0,1.0000000000000002,6.453624998892692
3,920.0,random_sampling,symmetric,lognormal,20,1.2,920.0,True,1.0,0.9999999999999998,6.824373670043086
4,443.0,random_sampling,symmetric,lognormal,20,1.2,443.0,True,1.0,1.0,6.093569770045136
5,546.0,random_sampling,symmetric,lognormal,20,1.2,546.0,True,1.0,1.0000000000000002,6.302618975744905
6,469.0,random_sampling,symmetric,lognormal,20,1.2,469.0,True,1.0,1.0,6.150602768446279
7,913.0,random_sampling,symmetric,lognormal,20,1.2,913.0,True,1.0,1.0,6.816735880594968
8,755.0,random_sampling,symmetric,lognormal,20,1.2,755.0,True,0.9947368421052631,1.0,6.626717749249025
9,405.0,random_sampling,symmetric,lognormal,20,1.2,405.0,True,1.0,1.0,6.003887067106539
10,897.0,random_sampling,symmetric,lognormal,20,1.2,897.0,True,1.0,1.0000000000000002,6.799055862058796
11,313.0,random_sampling,symmetric,lognormal,20,1.2,313.0,True,0.9947368421052631,1.0000000000000002,5.746203190540153
12,228.0,random_sampling,symmetric,lognormal,20,1.2,228.0,True,0.9947368421052631,0.9999999999999998,5.429345628954441
13,250.0,random_sampling,symmetric,lognormal,20,1.2,250.0,True,1.0,1.0000000000000002,5.521460917862246
14,412.0,random_sampling,symmetric,lognormal,20,1.2,412.0,True,1.0,1.0000000000000002,6.021023349349527
15,808.0,random_sampling,symmetric,lognormal,20,1.2,808.0,True,1.0,0.9999999999999998,6.694562058521095
16,953.0,random_sampling,symmetric,lognormal,20,1.2,953.0,True,1.0,1.0,6.859614903654202
17,676.0,random_sampling,symmetric,lognormal,20,1.2,676.0,True,1.0,1.0,6.516193076042964
18,165.0,random_sampling,symmetric,lognormal,20,1.2,165.0,True,1.0,1.0,5.10594547390058
19,579.0,random_sampling,symmetric,lognormal,20,1.2,579.0,True,1.0,1.0,6.361302477572996
20,171.0,random_sampling,symmetric,lognormal,20,1.2,171.0,True,1.0,1.0,5.14166355650266
21,749.0,random_sampling,symmetric,lognormal,20,1.2,749.0,True,1.0,1.0,6.618738983517219
22,235.0,random_sampling,symmetric,lognormal,20,1.2,235.0,True,1.0,1.0,5.459585514144159
23,602.0,random_sampling,symmetric,lognormal,20,1.2,602.0,True,0.9947368421052631,1.0,6.400257445308821
24,186.0,random_sampling,symmetric,lognormal,20,1.2,186.0,True,1.0,1.0,5.225746673713202
25,1835.0,random_sampling,symmetric,lognormal,20,1.2,1835.0,True,1.0,1.0,7.51479976048867
26,890.0,random_sampling,symmetric,lognormal,20,1.2,890.0,True,1.0,1.0,6.7912214627261855
27,379.0,random_sampling,symmetric,lognormal,20,1.2,379.0,True,1.0,1.0000000000000002,5.937536205082426
28,722.0,random_sampling,symmetric,lognormal,20,1.2,722.0,True,1.0,1.0,6.582025138892826
29,313.0,random_sampling,symmetric,lognormal,20,1.2,313.0,True,1.0,1.0,5.746203190540153
30,160.0,random_sampling,symmetric,lognormal,20,1.2,160.0,True,0.9947368421052631,1.0000000000000002,5.075173815233827
31,460.0,random_sampling,symmetric,lognormal,20,1.2,460.0,True,1.0,1.0,6.131226489483141
32,181.0,random_sampling,symmetric,lognormal,20,1.2,181.0,True,1.0,1.0000000000000002,5.198497031265826
33,199.0,random_sampling,symmetric,lognormal,20,1.2,199.0,True,1.0,0.9999999999999998,5.293304824724492
34,2213.0,random_sampling,symmetric,lognormal,20,1.2,2213.0,True,0.9947368421052631,1.0000000000000004,7.70210434005105
35,817.0,random_sampling,symmetric,lognormal,20,1.2,817.0,True,0.9947368421052631,1.0,6.705639094860003
36,2994.0,random_sampling,symmetric,lognormal,20,1.2,2994.0,True,1.0,1.0,8.004365564979574
37,733.0,random_sampling,symmetric,lognormal,20,1.2,733.0,True,1.0,1.0,6.597145701886651
38,260.0,random_sampling,symmetric,lognormal,20,1.2,260.0,True,1.0,1.0,5.560681631015528
39,401.0,random_sampling,symmetric,lognormal,20,1.2,401.0,True,0.9947368421052631,1.0,5.993961427306569
40,276.0,random_sampling,symmetric,lognormal,20,1.2,276.0,True,1.0,1.0,5.62040086571715
41,613.0,random_sampling,symmetric,lognormal,20,1.2,613.0,True,1.0,0.9999999999999998,6.418364935936212
42,144.0,random_sampling,symmetric,lognormal,20,1.2,144.0,True,1.0,1.0,4.969813299576001
43,421.0,random_sampling,symmetric,lognormal,20,1.2,421.0,True,1.0,0.9999999999999998,6.042632833682381
44,1097.0,random_sampling,symmetric,lognormal,20,1.2,1097.0,True,0.9947368421052631,1.0,7.00033446027523
45,581.0,random_sampling,symmetric,lognormal,20,1.2,581.0,True,1.0,0.9999999999999998,6.364750756851911
46,1078.0,random_sampling,symmetric,lognormal,20,1.2,1078.0,True,1.0,0.9999999999999997,6.982862751468942
47,200.0,random_sampling,symmetric,lognormal,20,1.2,200.0,True,1.0,0.9999999999999998,5.298317366548036
48,300.0,random_sampling,symmetric,lognormal,20,1.2,300.0,True,1.0,1.0,5.703782474656201
49,631.0,random_sampling,symmetric,lognormal,20,1.2,631.0,True,1.0,1.0,6.447305862541213
50,259.0,random_sampling,symmetric,lognormal,20,1.2,259.0,True,1.0,1.0,5.556828061699537
51,159.0,random_sampling,symmetric,lognormal,20,1.2,159.0,True,1.0,1.0,5.0689042022202315
52,1350.0,random_sampling,symmetric,lognormal,20,1.2,1350.0,True,1.0,1.0,7.2078598714324755
53,306.0,random_sampling,symmetric,lognormal,20,1.2,306.0,True,1.0,0.9999999999999998,5.723585101952381
54,447.0,random_sampling,symmetric,lognormal,20,1.2,447.0,True,0.9947368421052631,1.0,6.102558594613569
55,629.0,random_sampling,symmetric,lognormal,20,1.2,629.0,True,1.0,1.0000000000000002,6.444131256700441
56,596.0,random_sampling,symmetric,lognormal,20,1.2,596.0,True,0.9947368421052631,1.0,6.39024066706535
57,526.0,random_sampling,symmetric,lognormal,20,1.2,526.0,True,1.0,1.0,6.26530121273771
58,997.0,random_sampling,symmetric,lognormal,20,1.2,997.0,True,1.0,1.0,6.904750769961838
59,502.0,random_sampling,symmetric,lognormal,20,1.2,502.0,True,1.0,0.9999999999999998,6.218600119691729
60,1704.0,random_sampling,symmetric,lognormal,20,1.2,1704.0,True,1.0,0.9999999999999998,7.440733707389261
61,163.0,random_sampling,symmetric,lognormal,20,1.2,163.0,True,1.0,0.9999999999999998,5.093750200806762
62,1124.0,random_sampling,symmetric,lognormal,20,1.2,1124.0,True,1.0,1.0000000000000002,7.024649030453636
63,383.0,random_sampling,symmetric,lognormal,20,1.2,383.0,True,0.9947368421052631,0.9999999999999998,5.948034989180646
64,447.0,random_sampling,symmetric,lognormal,20,1.2,447.0,True,1.0,1.0,6.102558594613569
65,680.0,random_sampling,symmetric,lognormal,20,1.2,680.0,True,1.0,1.0,6.522092798170152
66,1544.0,random_sampling,symmetric,lognormal,20,1.2,1544.0,True,1.0,1.0,7.342131730584722
67,406.0,random_sampling,symmetric,lognormal,20,1.2,406.0,True,1.0,1.0000000000000002,6.0063531596017325
68,380.0,random_sampling,symmetric,lognormal,20,1.2,380.0,True,1.0,1.0,5.940171252720432
69,444.0,random_sampling,symmetric,lognormal,20,1.2,444.0,True,0.9947368421052631,1.0,6.095824562432225
70,144.0,random_sampling,symmetric,lognormal,20,1.2,144.0,True,1.0,1.0,4.969813299576001
71,707.0,random_sampling,symmetric,lognormal,20,1.2,707.0,True,1.0,1.0,6.561030665896573
72,459.0,random_sampling,symmetric,lognormal,20,1.2,459.0,True,0.9947368421052631,1.0,6.129050210060545
73,601.0,random_sampling,symmetric,lognormal,20,1.2,601.0,True,1.0,0.9999999999999998,6.398594934535208
74,506.0,random_sampling,symmetric,lognormal,20,1.2,506.0,True,1.0,1.0,6.226536669287466
75,367.0,random_sampling,symmetric,lognormal,20,1.2,367.0,True,1.0,1.0,5.905361848054571
76,836.0,random_sampling,symmetric,lognormal,20,1.2,836.0,True,0.9947368421052631,0.9999999999999998,6.728628613084702
77,230.0,random_sampling,symmetric,lognormal,20,1.2,230.0,True,1.0,1.0,5.438079308923196
78,1005.0,random_sampling,symmetric,lognormal,20,1.2,1005.0,True,1.0,1.0,6.912742820493176
79,2409.0,random_sampling,symmetric,lognormal,20,1.2,2409.0,True,1.0,0.9999999999999998,7.786967002614872
80,2407.0,random_sampling,symmetric,lognormal,20,1.2,2407.0,True,1.0,0.9999999999999998,7.786136437783072
81,249.0,random_sampling,symmetric,lognormal,20,1.2,249.0,True,1.0,1.0,5.517452896464707
82,260.0,random_sampling,symmetric,lognormal,20,1.2,260.0,True,1.0,1.0,5.560681631015528
83,630.0,random_sampling,symmetric,lognormal,20,1.2,630.0,True,1.0,1.0,6.4457198193855785
84,266.0,random_sampling,symmetric,lognormal,20,1.2,266.0,True,0.9947368421052631,0.9999999999999998,5.583496308781699
85,137.0,random_sampling,symmetric,lognormal,20,1.2,137.0,True,1.0,0.9999999999999998,4.919980925828125
86,651.0,random_sampling,symmetric,lognormal,20,1.2,651.0,True,1.0,1.0,6.478509642208569
87,67.0,random_sampling,symmetric,lognormal,20,1.2,67.0,True,0.9894736842105263,1.0,4.204692619390966
88,748.0,random_sampling,symmetric,lognormal,20,1.2,748.0,True,1.0,0.9999999999999998,6.617402977974478
89,294.0,random_sampling,symmetric,lognormal,20,1.2,294.0,True,0.9947368421052631,1.0000000000000002,5.683579767338681
90,466.0,random_sampling,symmetric,lognormal,20,1.2,466.0,True,1.0,1.0,6.144185634125646
91,250.0,random_sampling,symmetric,lognormal,20,1.2,250.0,True,1.0,1.0,5.521460917862246
92,877.0,random_sampling,symmetric,lognormal,20,1.2,877.0,True,1.0,0.9999999999999997,6.776506992372183
93,302.0,random_sampling,symmetric,lognormal,20,1.2,302.0,True,0.9947368421052631,1.0,5.71042701737487
94,621.0,random_sampling,symmetric,lognormal,20,1.2,621.0,True,0.9947368421052631,1.0,6.431331081933479
95,173.0,random_sampling,symmetric,lognormal,20,1.2,173.0,True,0.9947368421052631,1.0000000000000002,5.153291594497779
96,372.0,random_sampling,symmetric,lognormal,20,1.2,372.0,True,1.0,1.0,5.918893854273146
97,259.0,random_sampling,symmetric,lognormal,20,1.2,259.0,True,1.0,1.0000000000000002,5.556828061699537
98,2072.0,random_sampling,symmetric,lognormal,20,1.2,2072.0,True,1.0,1.0000000000000002,7.6362696033793735
99,1469.0,random_sampling,symmetric,lognormal,20,1.2,1469.0,True,1.0,1.0000000000000002,7.292337176173877
0,207.0,random_sampling,symmetric,lognormal,20,2.4,207.0,True,1.0,1.0,5.332718793265369
1,445.0,random_sampling,symmetric,lognormal,20,2.4,445.0,True,1.0,0.9999999999999998,6.09807428216624
2,717.0,random_sampling,symmetric,lognormal,20,2.4,717.0,True,1.0,1.0,6.57507584059962
3,271.0,random_sampling,symmetric,lognormal,20,2.4,271.0,True,1.0,1.0,5.602118820879701
4,363.0,random_sampling,symmetric,lognormal,20,2.4,363.0,True,0.9947368421052631,1.0000000000000004,5.8944028342648505
5,518.0,random_sampling,symmetric,lognormal,20,2.4,518.0,True,0.9894736842105263,0.9999999999999997,6.249975242259483
6,1065.0,random_sampling,symmetric,lognormal,20,2.4,1065.0,True,1.0,1.0,6.970730078143525
7,199.0,random_sampling,symmetric,lognormal,20,2.4,199.0,True,1.0,1.0,5.293304824724492
8,121.0,random_sampling,symmetric,lognormal,20,2.4,121.0,True,1.0,1.0,4.795790545596741
9,152.0,random_sampling,symmetric,lognormal,20,2.4,152.0,True,1.0,1.0,5.0238805208462765
10,256.0,random_sampling,symmetric,lognormal,20,2.4,256.0,True,1.0,1.0,5.545177444479562
11,297.0,random_sampling,symmetric,lognormal,20,2.4,297.0,True,0.9894736842105263,1.0,5.6937321388027
12,138.0,random_sampling,symmetric,lognormal,20,2.4,138.0,True,1.0,1.0,4.927253685157205
13,106.0,random_sampling,symmetric,lognormal,20,2.4,106.0,True,0.9947368421052631,1.0,4.663439094112067
14,153.0,random_sampling,symmetric,lognormal,20,2.4,153.0,True,0.9947368421052631,0.9999999999999998,5.030437921392435
15,1101.0,random_sampling,symmetric,lognormal,20,2.4,1101.0,True,1.0,1.0,7.00397413672268
16,407.0,random_sampling,symmetric,lognormal,20,2.4,407.0,True,0.9947368421052631,0.9999999999999998,6.008813185442595
17,671.0,random_sampling,symmetric,lognormal,20,2.4,671.0,True,0.9947368421052631,0.9999999999999998,6.508769136971682
18,415.0,random_sampling,symmetric,lognormal,20,2.4,415.0,True,0.9947368421052631,0.9999999999999998,6.028278520230698
19,231.0,random_sampling,symmetric,lognormal,20,2.4,231.0,True,0.9947368421052631,0.9999999999999998,5.442417710521793
20,347.0,random_sampling,symmetric,lognormal,20,2.4,347.0,True,1.0,1.0000000000000002,5.849324779946859
21,121.0,random_sampling,symmetric,lognormal,20,2.4,121.0,True,1.0,1.0000000000000002,4.795790545596741
22,108.0,random_sampling,symmetric,lognormal,20,2.4,108.0,True,1.0,0.9999999999999998,4.68213122712422
23,477.0,random_sampling,symmetric,lognormal,20,2.4,477.0,True,0.9947368421052631,1.0000000000000002,6.1675164908883415
24,521.0,random_sampling,symmetric,lognormal,20,2.4,521.0,True,1.0,1.0000000000000002,6.255750041753367
25,1318.0,random_sampling,symmetric,lognormal,20,2.4,1318.0,True,1.0,1.0000000000000002,7.183870715062453
26,361.0,random_sampling,symmetric,lognormal,20,2.4,361.0,True,0.9947368421052631,1.0,5.8888779583328805
27,162.0,random_sampling,symmetric,lognormal,20,2.4,162.0,True,0.9947368421052631,1.0,5.087596335232384
28,598.0,random_sampling,symmetric,lognormal,20,2.4,598.0,True,0.9947368421052631,1.0,6.393590753950631
29,1066.0,random_sampling,symmetric,lognormal,20,2.4,1066.0,True,1.0,0.9999999999999998,6.97166860472579
30,172.0,random_sampling,symmetric,lognormal,20,2.4,172.0,True,1.0,0.9999999999999997,5.147494476813453
31,255.0,random_sampling,symmetric,lognormal,20,2.4,255.0,True,0.9947368421052631,1.0,5.541263545158426
32,488.0,random_sampling,symmetric,lognormal,20,2.4,488.0,True,1.0,1.0000000000000002,6.1903154058531475
33,475.0,random_sampling,symmetric,lognormal,20,2.4,475.0,True,0.9947368421052631,1.0,6.163314804034641
34,264.0,random_sampling,symmetric,lognormal,20,2.4,264.0,True,1.0,1.0000000000000004,5.575949103146316
35,2850.0,random_sampling,symmetric,lognormal,20,2.4,2850.0,True,0.9947368421052631,0.9999999999999998,7.955074273262696
36,164.0,random_sampling,symmetric,lognormal,20,2.4,164.0,True,1.0,1.0,5.099866427824199
37,324.0,random_sampling,symmetric,lognormal,20,2.4,324.0,True,0.9947368421052631,1.0,5.780743515792329
38,407.0,random_sampling,symmetric,lognormal,20,2.4,407.0,True,1.0,0.9999999999999998,6.008813185442595
39,378.0,random_sampling,symmetric,lognormal,20,2.4,378.0,True,1.0,0.9999999999999998,5.934894195619588
40,251.0,random_sampling,symmetric,lognormal,20,2.4,251.0,True,1.0,1.0,5.5254529391317835
41,183.0,random_sampling,symmetric,lognormal,20,2.4,183.0,True,1.0,0.9999999999999997,5.209486152841421
42,126.0,random_sampling,symmetric,lognormal,20,2.4,126.0,True,0.9947368421052631,1.0,4.836281906951478
43,181.0,random_sampling,symmetric,lognormal,20,2.4,181.0,True,1.0,1.0,5.198497031265826
44,309.0,random_sampling,symmetric,lognormal,20,2.4,309.0,True,1.0,1.0,5.733341276897746
45,795.0,random_sampling,symmetric,lognormal,20,2.4,795.0,True,1.0,1.0000000000000002,6.678342114654332
46,705.0,random_sampling,symmetric,lognormal,20,2.4,705.0,True,0.9947368421052631,1.0000000000000002,6.558197802812269
47,427.0,random_sampling,symmetric,lognormal,20,2.4,427.0,True,1.0,1.0,6.056784013228625
48,555.0,random_sampling,symmetric,lognormal,20,2.4,555.0,True,0.9947368421052631,1.0000000000000002,6.318968113746434
49,222.0,random_sampling,symmetric,lognormal,20,2.4,222.0,True,1.0,1.0,5.402677381872279
50,586.0,random_sampling,symmetric,lognormal,20,2.4,586.0,True,1.0,0.9999999999999998,6.373319789577012
51,449.0,random_sampling,symmetric,lognormal,20,2.4,449.0,True,1.0,1.0,6.1070228877422545
52,620.0,random_sampling,symmetric,lognormal,20,2.4,620.0,True,1.0,1.0,6.429719478039138
53,268.0,random_sampling,symmetric,lognormal,20,2.4,268.0,True,1.0,1.0,5.5909869805108565
54,127.0,random_sampling,symmetric,lognormal,20,2.4,127.0,True,1.0,1.0000000000000002,4.844187086458591
55,673.0,random_sampling,symmetric,lognormal,20,2.4,673.0,True,1.0,1.0,6.511745329644728
56,104.0,random_sampling,symmetric,lognormal,20,2.4,104.0,True,1.0,1.0,4.6443908991413725
57,346.0,random_sampling,symmetric,lognormal,20,2.4,346.0,True,0.9894736842105263,1.0000000000000002,5.846438775057725
58,1153.0,random_sampling,symmetric,lognormal,20,2.4,1153.0,True,1.0,1.0000000000000002,7.050122520269059
59,667.0,random_sampling,symmetric,lognormal,20,2.4,667.0,True,1.0,1.0,6.502790045915623
60,514.0,random_sampling,symmetric,lognormal,20,2.4,514.0,True,0.9947368421052631,1.0,6.2422232654551655
61,382.0,random_sampling,symmetric,lognormal,20,2.4,382.0,True,1.0,1.0,5.945420608606575
62,211.0,random_sampling,symmetric,lognormal,20,2.4,211.0,True,0.9947368421052631,1.0,5.351858133476067
63,318.0,random_sampling,symmetric,lognormal,20,2.4,318.0,True,1.0,1.0000000000000002,5.762051382780177
64,110.0,random_sampling,symmetric,lognormal,20,2.4,110.0,True,1.0,1.0,4.700480365792417
65,220.0,random_sampling,symmetric,lognormal,20,2.4,220.0,True,1.0,1.0,5.393627546352362
66,221.0,random_sampling,symmetric,lognormal,20,2.4,221.0,True,0.9947368421052631,0.9999999999999998,5.3981627015177525
67,200.0,random_sampling,symmetric,lognormal,20,2.4,200.0,True,1.0,0.9999999999999998,5.298317366548036
68,195.0,random_sampling,symmetric,lognormal,20,2.4,195.0,True,1.0,0.9999999999999998,5.272999558563747
69,1427.0,random_sampling,symmetric,lognormal,20,2.4,1427.0,True,0.9947368421052631,1.0,7.2633296174768365
70,93.0,random_sampling,symmetric,lognormal,20,2.4,93.0,True,1.0,1.0,4.532599493153256
71,74.0,random_sampling,symmetric,lognormal,20,2.4,74.0,True,1.0,1.0,4.30406509320417
72,315.0,random_sampling,symmetric,lognormal,20,2.4,315.0,True,0.9947368421052631,1.0,5.752572638825633
73,820.0,random_sampling,symmetric,lognormal,20,2.4,820.0,True,0.9947368421052631,0.9999999999999998,6.709304340258298
74,615.0,random_sampling,symmetric,lognormal,20,2.4,615.0,True,0.9842105263157894,1.0,6.421622267806518
75,140.0,random_sampling,symmetric,lognormal,20,2.4,140.0,True,1.0,1.0,4.941642422609304
76,579.0,random_sampling,symmetric,lognormal,20,2.4,579.0,True,1.0,1.0,6.361302477572996
77,624.0,random_sampling,symmetric,lognormal,20,2.4,624.0,True,0.9947368421052631,0.9999999999999997,6.436150368369428
78,219.0,random_sampling,symmetric,lognormal,20,2.4,219.0,True,1.0,0.9999999999999998,5.389071729816501
79,243.0,random_sampling,symmetric,lognormal,20,2.4,243.0,True,1.0,1.0,5.493061443340548
80,536.0,random_sampling,symmetric,lognormal,20,2.4,536.0,True,1.0,1.0,6.284134161070802
81,173.0,random_sampling,symmetric,lognormal,20,2.4,173.0,True,1.0,1.0,5.153291594497779
82,419.0,random_sampling,symmetric,lognormal,20,2.4,419.0,True,1.0,1.0,6.037870919922137
83,106.0,random_sampling,symmetric,lognormal,20,2.4,106.0,True,1.0,1.0,4.663439094112067
84,1101.0,random_sampling,symmetric,lognormal,20,2.4,1101.0,True,0.9947368421052631,1.0,7.00397413672268
85,465.0,random_sampling,symmetric,lognormal,20,2.4,465.0,True,0.9947368421052631,1.0,6.142037405587356
86,1227.0,random_sampling,symmetric,lognormal,20,2.4,1227.0,True,1.0,1.0,7.112327444710911
87,245.0,random_sampling,symmetric,lognormal,20,2.4,245.0,True,0.9947368421052631,1.0,5.501258210544727
88,542.0,random_sampling,symmetric,lognormal,20,2.4,542.0,True,1.0,1.0,6.295266001439646
89,1681.0,random_sampling,symmetric,lognormal,20,2.4,1681.0,True,0.9947368421052631,0.9999999999999998,7.427144133408616
90,296.0,random_sampling,symmetric,lognormal,20,2.4,296.0,True,0.9947368421052631,1.0000000000000002,5.69035945432406
91,430.0,random_sampling,symmetric,lognormal,20,2.4,430.0,True,1.0,1.0,6.063785208687608
92,889.0,random_sampling,symmetric,lognormal,20,2.4,889.0,True,0.9947368421052631,1.0,6.790097235513905
93,551.0,random_sampling,symmetric,lognormal,20,2.4,551.0,True,1.0,1.0,6.311734809152915
94,253.0,random_sampling,symmetric,lognormal,20,2.4,253.0,True,0.9894736842105263,1.0,5.53338948872752
95,202.0,random_sampling,symmetric,lognormal,20,2.4,202.0,True,1.0,1.0,5.308267697401205
96,780.0,random_sampling,symmetric,lognormal,20,2.4,780.0,True,1.0,1.0,6.659293919683638
97,50.0,random_sampling,symmetric,lognormal,20,2.4,50.0,True,1.0,1.0000000000000002,3.912023005428146
98,361.0,random_sampling,symmetric,lognormal,20,2.4,361.0,True,1.0,1.0,5.8888779583328805
99,270.0,random_sampling,symmetric,lognormal,20,2.4,270.0,True,1.0,0.9999999999999998,5.598421958998375
0,10927.0,random_sampling,symmetric,lognormal,30,3.0,10927.0,True,0.9908045977011494,1.0,9.298992069570746
1,10428.0,random_sampling,symmetric,lognormal,30,3.0,10428.0,True,0.993103448275862,0.9999999999999999,9.252249775053393
2,6334.0,random_sampling,symmetric,lognormal,30,3.0,6334.0,True,0.9954022988505747,0.9999999999999999,8.753687227098585
3,16494.0,random_sampling,symmetric,lognormal,30,3.0,16494.0,True,0.993103448275862,1.0000000000000002,9.7107519573933
4,3809.0,random_sampling,symmetric,lognormal,30,3.0,3809.0,True,0.9885057471264368,1.0,8.245121966478605
5,1412.0,random_sampling,symmetric,lognormal,30,3.0,1412.0,True,0.9977011494252873,1.0,7.252762418053187
6,4071.0,random_sampling,symmetric,lognormal,30,3.0,4071.0,True,0.9908045977011494,1.0,8.31164394850298
7,4633.0,random_sampling,symmetric,lognormal,30,3.0,4633.0,True,0.9977011494252873,1.0,8.440959885416648
8,1738.0,random_sampling,symmetric,lognormal,30,3.0,1738.0,True,0.9862068965517241,0.9999999999999999,7.460490305825338
9,1401.0,random_sampling,symmetric,lognormal,30,3.0,1401.0,True,0.9885057471264368,0.9999999999999999,7.244941546337007
10,2916.0,random_sampling,symmetric,lognormal,30,3.0,2916.0,True,0.9954022988505747,0.9999999999999999,7.977968093128549
11,2112.0,random_sampling,symmetric,lognormal,30,3.0,2112.0,True,0.9977011494252873,1.0,7.655390644826152
12,1618.0,random_sampling,symmetric,lognormal,30,3.0,1618.0,True,0.9839080459770115,0.9999999999999999,7.388946097618437
13,22573.0,random_sampling,symmetric,lognormal,30,3.0,22573.0,True,0.993103448275862,1.0,10.024509780783578
14,992.0,random_sampling,symmetric,lognormal,30,3.0,992.0,True,0.9770114942528736,1.0,6.899723107284872
15,6454.0,random_sampling,symmetric,lognormal,30,3.0,6454.0,True,0.9908045977011494,1.0,8.772455372611907
16,2656.0,random_sampling,symmetric,lognormal,30,3.0,2656.0,True,0.993103448275862,1.0,7.884576510596324
17,1495.0,random_sampling,symmetric,lognormal,30,3.0,1495.0,True,0.9885057471264368,1.0000000000000002,7.3098814858247865
18,525.0,random_sampling,symmetric,lognormal,30,3.0,525.0,True,0.9862068965517241,0.9999999999999999,6.263398262591624
19,12438.0,random_sampling,symmetric,lognormal,30,3.0,12438.0,True,0.993103448275862,1.0000000000000002,9.428511581663834
20,6184.0,random_sampling,symmetric,lognormal,30,3.0,6184.0,True,0.9885057471264368,1.0,8.729720590267258
21,2837.0,random_sampling,symmetric,lognormal,30,3.0,2837.0,True,0.9908045977011494,1.0,7.950502434808851
22,1417.0,random_sampling,symmetric,lognormal,30,3.0,1417.0,True,0.9862068965517241,1.0,7.256297239690681
23,5443.0,random_sampling,symmetric,lognormal,30,3.0,5443.0,True,0.9908045977011494,1.0,8.6020856584342
24,2348.0,random_sampling,symmetric,lognormal,30,3.0,2348.0,True,0.9862068965517241,1.0000000000000002,7.761319180947987
25,4333.0,random_sampling,symmetric,lognormal,30,3.0,4333.0,True,0.9977011494252873,1.0,8.374015421739909
26,4237.0,random_sampling,symmetric,lognormal,30,3.0,4237.0,True,0.993103448275862,1.0000000000000002,8.351610750626559
27,2594.0,random_sampling,symmetric,lognormal,30,3.0,2594.0,True,0.9954022988505747,1.0000000000000002,7.860956364876389
28,12810.0,random_sampling,symmetric,lognormal,30,3.0,12810.0,True,0.9977011494252873,1.0,9.45798139489078
29,7347.0,random_sampling,symmetric,lognormal,30,3.0,7347.0,True,0.9954022988505747,0.9999999999999999,8.902047345620277
30,5390.0,random_sampling,symmetric,lognormal,30,3.0,5390.0,True,0.9954022988505747,1.0000000000000002,8.592300663903043
31,832.0,random_sampling,symmetric,lognormal,30,3.0,832.0,True,0.9816091954022989,1.0000000000000002,6.723832440821209
32,2985.0,random_sampling,symmetric,lognormal,30,3.0,2985.0,True,0.9908045977011494,1.0,8.001355025826703
33,5410.0,random_sampling,symmetric,lognormal,30,3.0,5410.0,True,0.9862068965517241,0.9999999999999998,8.596004371840527
34,8416.0,random_sampling,symmetric,lognormal,30,3.0,8416.0,True,0.993103448275862,0.9999999999999999,9.03788993497749
35,6510.0,random_sampling,symmetric,lognormal,30,3.0,6510.0,True,0.9885057471264368,0.9999999999999999,8.781094735202615
36,1518.0,random_sampling,symmetric,lognormal,30,3.0,1518.0,True,0.9908045977011494,1.0000000000000002,7.325148957955575
37,17602.0,random_sampling,symmetric,lognormal,30,3.0,17602.0,True,0.9862068965517241,0.9999999999999999,9.775767810933758
38,1530.0,random_sampling,symmetric,lognormal,30,3.0,1530.0,True,0.9977011494252873,0.9999999999999999,7.333023014386481
39,16799.0,random_sampling,symmetric,lognormal,30,3.0,16799.0,True,0.9839080459770115,1.0000000000000002,9.729074639810214
40,2497.0,random_sampling,symmetric,lognormal,30,3.0,2497.0,True,0.9908045977011494,1.0,7.822845290279774
41,1329.0,random_sampling,symmetric,lognormal,30,3.0,1329.0,True,0.993103448275862,0.9999999999999999,7.192182058713246
42,4497.0,random_sampling,symmetric,lognormal,30,3.0,4497.0,True,0.9954022988505747,1.0,8.411165786770708
43,4440.0,random_sampling,symmetric,lognormal,30,3.0,4440.0,True,0.9908045977011494,0.9999999999999998,8.39840965542627
44,3050.0,random_sampling,symmetric,lognormal,30,3.0,3050.0,True,0.9862068965517241,0.9999999999999999,8.022896869601457
45,37407.0,random_sampling,symmetric,lognormal,30,3.0,37407.0,True,0.9954022988505747,0.9999999999999999,10.529613131664696
46,540.0,random_sampling,symmetric,lognormal,30,3.0,540.0,True,0.9954022988505747,1.0000000000000002,6.29156913955832
47,2660.0,random_sampling,symmetric,lognormal,30,3.0,2660.0,True,0.9862068965517241,1.0,7.886081401775745
48,21858.0,random_sampling,symmetric,lognormal,30,3.0,21858.0,True,0.9954022988505747,0.9999999999999999,9.992322266236618
49,486.0,random_sampling,symmetric,lognormal,30,3.0,486.0,True,0.9954022988505747,1.0,6.186208623900494
50,13140.0,random_sampling,symmetric,lognormal,30,3.0,13140.0,True,0.9954022988505747,0.9999999999999999,9.483416292038601
51,5393.0,random_sampling,symmetric,lognormal,30,3.0,5393.0,True,0.9862068965517241,1.0000000000000002,8.592857095337227
52,23932.0,random_sampling,symmetric,lognormal,30,3.0,23932.0,True,0.9839080459770115,1.0,10.082971754509922
53,1302.0,random_sampling,symmetric,lognormal,30,3.0,1302.0,True,0.9793103448275862,1.0,7.171656822768514
54,568.0,random_sampling,symmetric,lognormal,30,3.0,568.0,True,0.9908045977011494,0.9999999999999999,6.342121418721152
55,4618.0,random_sampling,symmetric,lognormal,30,3.0,4618.0,True,0.9908045977011494,1.0000000000000002,8.43771698991444
56,2495.0,random_sampling,symmetric,lognormal,30,3.0,2495.0,True,0.993103448275862,1.0,7.822044008185619
57,5245.0,random_sampling,symmetric,lognormal,30,3.0,5245.0,True,0.9977011494252873,0.9999999999999999,8.565030520830398
58,10414.0,random_sampling,symmetric,lognormal,30,3.0,10414.0,True,0.9908045977011494,1.0,9.250906333722844
59,1766.0,random_sampling,symmetric,lognormal,30,3.0,1766.0,True,0.9954022988505747,1.0000000000000002,7.476472381163905
60,5420.0,random_sampling,symmetric,lognormal,30,3.0,5420.0,True,0.9954022988505747,0.9999999999999999,8.597851094433691
61,1165.0,random_sampling,symmetric,lognormal,30,3.0,1165.0,True,0.9908045977011494,1.0000000000000002,7.060476365999801
62,21095.0,random_sampling,symmetric,lognormal,30,3.0,21095.0,True,0.9954022988505747,1.0000000000000002,9.95679132455844
63,2381.0,random_sampling,symmetric,lognormal,30,3.0,2381.0,True,0.9885057471264368,0.9999999999999998,7.7752758464868625
64,12472.0,random_sampling,symmetric,lognormal,30,3.0,12472.0,True,0.9908045977011494,0.9999999999999999,9.431241410737613
65,1245.0,random_sampling,symmetric,lognormal,30,3.0,1245.0,True,0.9977011494252873,0.9999999999999999,7.126890808898808
66,1988.0,random_sampling,symmetric,lognormal,30,3.0,1988.0,True,0.993103448275862,1.0000000000000002,7.59488438721652
67,2216.0,random_sampling,symmetric,lognormal,30,3.0,2216.0,True,0.993103448275862,0.9999999999999999,7.703459047867175
68,7088.0,random_sampling,symmetric,lognormal,30,3.0,7088.0,True,0.9885057471264368,1.0,8.866158492284917
69,585.0,random_sampling,symmetric,lognormal,30,3.0,585.0,True,0.9908045977011494,1.0000000000000002,6.371611847231857
70,3702.0,random_sampling,symmetric,lognormal,30,3.0,3702.0,True,0.9862068965517241,1.0,8.216628493133443
71,13840.0,random_sampling,symmetric,lognormal,30,3.0,13840.0,True,0.9862068965517241,1.0,9.535318229171661
72,1106.0,random_sampling,symmetric,lognormal,30,3.0,1106.0,True,0.993103448275862,1.0,7.00850518208228
73,2747.0,random_sampling,symmetric,lognormal,30,3.0,2747.0,True,0.9908045977011494,0.9999999999999998,7.918264686095274
74,6553.0,random_sampling,symmetric,lognormal,30,3.0,6553.0,True,0.9839080459770115,0.9999999999999998,8.787678239039497
75,1984.0,random_sampling,symmetric,lognormal,30,3.0,1984.0,True,0.9954022988505747,0.9999999999999999,7.592870287844818
76,8510.0,random_sampling,symmetric,lognormal,30,3.0,8510.0,True,0.9908045977011494,1.0,9.04899722156742
77,4971.0,random_sampling,symmetric,lognormal,30,3.0,4971.0,True,0.993103448275862,1.0000000000000002,8.511376306094673
78,7057.0,random_sampling,symmetric,lognormal,30,3.0,7057.0,True,0.993103448275862,1.0,8.86177531100083
79,3355.0,random_sampling,symmetric,lognormal,30,3.0,3355.0,True,0.9885057471264368,0.9999999999999999,8.118207049405783
80,8451.0,random_sampling,symmetric,lognormal,30,3.0,8451.0,True,0.9908045977011494,1.0000000000000002,9.042040056544483
81,1090.0,random_sampling,symmetric,lognormal,30,3.0,1090.0,True,0.9816091954022989,1.0000000000000002,6.993932975223189
82,2652.0,random_sampling,symmetric,lognormal,30,3.0,2652.0,True,0.9862068965517241,1.0000000000000002,7.883069351305753
83,2974.0,random_sampling,symmetric,lognormal,30,3.0,2974.0,True,0.9839080459770115,1.0,7.9976631270201
84,1987.0,random_sampling,symmetric,lognormal,30,3.0,1987.0,True,0.9954022988505747,1.0000000000000002,7.594381242551817
85,9408.0,random_sampling,symmetric,lognormal,30,3.0,9408.0,True,0.9839080459770115,1.0000000000000002,9.149315670138408
86,1803.0,random_sampling,symmetric,lognormal,30,3.0,1803.0,True,0.993103448275862,0.9999999999999999,7.497207223203318
87,583.0,random_sampling,symmetric,lognormal,30,3.0,583.0,True,0.993103448275862,1.0000000000000002,6.368187186350492
88,2127.0,random_sampling,symmetric,lognormal,30,3.0,2127.0,True,0.9977011494252873,1.0000000000000002,7.6624678152002375
89,2087.0,random_sampling,symmetric,lognormal,30,3.0,2087.0,True,0.9954022988505747,1.0000000000000002,7.643482907077201
90,574.0,random_sampling,symmetric,lognormal,30,3.0,574.0,True,0.9954022988505747,0.9999999999999999,6.352629396319567
91,2705.0,random_sampling,symmetric,lognormal,30,3.0,2705.0,True,0.9885057471264368,1.0000000000000002,7.902857191280582
92,1129.0,random_sampling,symmetric,lognormal,30,3.0,1129.0,True,0.993103448275862,1.0,7.029087564149662
93,25525.0,random_sampling,symmetric,lognormal,30,3.0,25525.0,True,0.9862068965517241,1.0,10.147413643032866
94,1741.0,random_sampling,symmetric,lognormal,30,3.0,1741.0,True,0.9862068965517241,0.9999999999999999,7.462214939768189
95,3444.0,random_sampling,symmetric,lognormal,30,3.0,3444.0,True,0.993103448275862,0.9999999999999999,8.144388865547622
96,1767.0,random_sampling,symmetric,lognormal,30,3.0,1767.0,True,0.9885057471264368,1.0000000000000002,7.4770384723196965
97,2374.0,random_sampling,symmetric,lognormal,30,3.0,2374.0,True,0.9862068965517241,1.0,7.772331575169614
98,2753.0,random_sampling,symmetric,lognormal,30,3.0,2753.0,True,0.9839080459770115,1.0000000000000002,7.920446505142607
99,630.0,random_sampling,symmetric,lognormal,30,3.0,630.0,True,0.9862068965517241,1.0,6.4457198193855785
0,508.0,random_sampling,symmetric,lognormal,20,4.2,508.0,True,0.9947368421052631,1.0000000000000002,6.230481447578482
1,80.0,random_sampling,symmetric,lognormal,20,4.2,80.0,True,1.0,1.0,4.382026634673881
2,390.0,random_sampling,symmetric,lognormal,20,4.2,390.0,True,0.9789473684210527,0.9999999999999998,5.966146739123692
3,365.0,random_sampling,symmetric,lognormal,20,4.2,365.0,True,1.0,0.9999999999999998,5.8998973535824915
4,670.0,random_sampling,symmetric,lognormal,20,4.2,670.0,True,0.9894736842105263,1.0,6.507277712385012
5,121.0,random_sampling,symmetric,lognormal,20,4.2,121.0,True,0.9736842105263158,1.0,4.795790545596741
6,211.0,random_sampling,symmetric,lognormal,20,4.2,211.0,True,0.968421052631579,1.0,5.351858133476067
7,330.0,random_sampling,symmetric,lognormal,20,4.2,330.0,True,0.9842105263157894,1.0,5.799092654460526
8,196.0,random_sampling,symmetric,lognormal,20,4.2,196.0,True,0.9789473684210527,1.0,5.278114659230517
9,323.0,random_sampling,symmetric,lognormal,20,4.2,323.0,True,0.9842105263157894,0.9999999999999998,5.777652323222656
10,163.0,random_sampling,symmetric,lognormal,20,4.2,163.0,True,0.9789473684210527,1.0,5.093750200806762
11,431.0,random_sampling,symmetric,lognormal,20,4.2,431.0,True,0.9789473684210527,0.9999999999999998,6.066108090103747
12,187.0,random_sampling,symmetric,lognormal,20,4.2,187.0,True,0.9789473684210527,1.0,5.231108616854587
13,203.0,random_sampling,symmetric,lognormal,20,4.2,203.0,True,0.9842105263157894,0.9999999999999998,5.313205979041787
14,171.0,random_sampling,symmetric,lognormal,20,4.2,171.0,True,0.9842105263157894,1.0000000000000002,5.14166355650266
15,181.0,random_sampling,symmetric,lognormal,20,4.2,181.0,True,0.9947368421052631,1.0,5.198497031265826
16,323.0,random_sampling,symmetric,lognormal,20,4.2,323.0,True,0.9842105263157894,1.0000000000000002,5.777652323222656
17,105.0,random_sampling,symmetric,lognormal,20,4.2,105.0,True,0.9789473684210527,1.0,4.653960350157523
18,78.0,random_sampling,symmetric,lognormal,20,4.2,78.0,True,0.9894736842105263,1.0000000000000002,4.356708826689592
19,92.0,random_sampling,symmetric,lognormal,20,4.2,92.0,True,0.9842105263157894,1.0,4.5217885770490405
20,127.0,random_sampling,symmetric,lognormal,20,4.2,127.0,True,0.9842105263157894,1.0000000000000002,4.844187086458591
21,711.0,random_sampling,symmetric,lognormal,20,4.2,711.0,True,0.9789473684210527,0.9999999999999998,6.566672429803241
22,66.0,random_sampling,symmetric,lognormal,20,4.2,66.0,True,0.9789473684210527,1.0,4.189654742026425
23,630.0,random_sampling,symmetric,lognormal,20,4.2,630.0,True,0.9894736842105263,1.0,6.4457198193855785
24,178.0,random_sampling,symmetric,lognormal,20,4.2,178.0,True,0.968421052631579,0.9999999999999997,5.181783550292085
25,83.0,random_sampling,symmetric,lognormal,20,4.2,83.0,True,0.9947368421052631,1.0,4.418840607796598
26,77.0,random_sampling,symmetric,lognormal,20,4.2,77.0,True,0.9789473684210527,1.0000000000000004,4.343805421853684
27,338.0,random_sampling,symmetric,lognormal,20,4.2,338.0,True,0.9736842105263158,0.9999999999999998,5.823045895483019
28,202.0,random_sampling,symmetric,lognormal,20,4.2,202.0,True,0.9842105263157894,1.0,5.308267697401205
29,141.0,random_sampling,symmetric,lognormal,20,4.2,141.0,True,0.9789473684210527,1.0,4.948759890378168
30,752.0,random_sampling,symmetric,lognormal,20,4.2,752.0,True,1.0,1.0000000000000002,6.62273632394984
31,198.0,random_sampling,symmetric,lognormal,20,4.2,198.0,True,0.9789473684210527,1.0,5.288267030694535
32,137.0,random_sampling,symmetric,lognormal,20,4.2,137.0,True,0.9736842105263158,1.0,4.919980925828125
33,213.0,random_sampling,symmetric,lognormal,20,4.2,213.0,True,0.9842105263157894,1.0000000000000002,5.3612921657094255
34,253.0,random_sampling,symmetric,lognormal,20,4.2,253.0,True,1.0,1.0,5.53338948872752
35,273.0,random_sampling,symmetric,lognormal,20,4.2,273.0,True,0.968421052631579,1.0,5.60947179518496
36,149.0,random_sampling,symmetric,lognormal,20,4.2,149.0,True,0.9894736842105263,1.0,5.003946305945459
37,152.0,random_sampling,symmetric,lognormal,20,4.2,152.0,True,0.9578947368421052,1.0,5.0238805208462765
38,78.0,random_sampling,symmetric,lognormal,20,4.2,78.0,True,0.9736842105263158,1.0,4.356708826689592
39,220.0,random_sampling,symmetric,lognormal,20,4.2,220.0,True,0.9736842105263158,1.0,5.393627546352362
40,159.0,random_sampling,symmetric,lognormal,20,4.2,159.0,True,0.9789473684210527,1.0000000000000002,5.0689042022202315
41,108.0,random_sampling,symmetric,lognormal,20,4.2,108.0,True,0.9789473684210527,1.0,4.68213122712422
42,273.0,random_sampling,symmetric,lognormal,20,4.2,273.0,True,0.9631578947368421,1.0,5.60947179518496
43,99.0,random_sampling,symmetric,lognormal,20,4.2,99.0,True,0.9947368421052631,1.0000000000000002,4.59511985013459
44,226.0,random_sampling,symmetric,lognormal,20,4.2,226.0,True,0.9947368421052631,1.0,5.420534999272286
45,178.0,random_sampling,symmetric,lognormal,20,4.2,178.0,True,0.9789473684210527,1.0,5.181783550292085
46,386.0,random_sampling,symmetric,lognormal,20,4.2,386.0,True,0.9947368421052631,1.0,5.955837369464831
47,235.0,random_sampling,symmetric,lognormal,20,4.2,235.0,True,0.9842105263157894,0.9999999999999998,5.459585514144159
48,557.0,random_sampling,symmetric,lognormal,20,4.2,557.0,True,0.9842105263157894,1.0,6.322565239927284
49,252.0,random_sampling,symmetric,lognormal,20,4.2,252.0,True,0.9894736842105263,0.9999999999999998,5.529429087511423
50,118.0,random_sampling,symmetric,lognormal,20,4.2,118.0,True,0.9842105263157894,0.9999999999999998,4.770684624465665
51,194.0,random_sampling,symmetric,lognormal,20,4.2,194.0,True,0.9789473684210527,1.0,5.267858159063328
52,168.0,random_sampling,symmetric,lognormal,20,4.2,168.0,True,0.9789473684210527,1.0,5.123963979403259
53,346.0,random_sampling,symmetric,lognormal,20,4.2,346.0,True,0.9947368421052631,1.0000000000000002,5.846438775057725
54,142.0,random_sampling,symmetric,lognormal,20,4.2,142.0,True,0.9894736842105263,1.0,4.955827057601261
55,269.0,random_sampling,symmetric,lognormal,20,4.2,269.0,True,0.968421052631579,1.0,5.594711379601839
56,112.0,random_sampling,symmetric,lognormal,20,4.2,112.0,True,0.9842105263157894,1.0,4.718498871295094
57,340.0,random_sampling,symmetric,lognormal,20,4.2,340.0,True,0.9842105263157894,0.9999999999999998,5.8289456176102075
58,463.0,random_sampling,symmetric,lognormal,20,4.2,463.0,True,0.9736842105263158,1.0,6.137727054086234
59,270.0,random_sampling,symmetric,lognormal,20,4.2,270.0,True,0.9894736842105263,0.9999999999999998,5.598421958998375
60,143.0,random_sampling,symmetric,lognormal,20,4.2,143.0,True,0.968421052631579,0.9999999999999998,4.962844630259907
61,264.0,random_sampling,symmetric,lognormal,20,4.2,264.0,True,0.9789473684210527,1.0000000000000002,5.575949103146316
62,306.0,random_sampling,symmetric,lognormal,20,4.2,306.0,True,0.9894736842105263,0.9999999999999998,5.723585101952381
63,1116.0,random_sampling,symmetric,lognormal,20,4.2,1116.0,True,0.9842105263157894,1.0,7.017506142941256
64,257.0,random_sampling,symmetric,lognormal,20,4.2,257.0,True,0.9789473684210527,1.0000000000000002,5.54907608489522
65,343.0,random_sampling,symmetric,lognormal,20,4.2,343.0,True,0.9842105263157894,1.0,5.8377304471659395
66,136.0,random_sampling,symmetric,lognormal,20,4.2,136.0,True,0.968421052631579,1.0000000000000002,4.912654885736052
67,151.0,random_sampling,symmetric,lognormal,20,4.2,151.0,True,0.9947368421052631,0.9999999999999998,5.017279836814924
68,96.0,random_sampling,symmetric,lognormal,20,4.2,96.0,True,0.9789473684210527,1.0,4.564348191467836
69,81.0,random_sampling,symmetric,lognormal,20,4.2,81.0,True,0.9736842105263158,0.9999999999999998,4.394449154672439
70,78.0,random_sampling,symmetric,lognormal,20,4.2,78.0,True,0.9947368421052631,1.0,4.356708826689592
71,383.0,random_sampling,symmetric,lognormal,20,4.2,383.0,True,0.9736842105263158,1.0000000000000002,5.948034989180646
72,55.0,random_sampling,symmetric,lognormal,20,4.2,55.0,True,0.9894736842105263,1.0,4.007333185232471
73,292.0,random_sampling,symmetric,lognormal,20,4.2,292.0,True,0.9842105263157894,1.0,5.676753802268282
74,185.0,random_sampling,symmetric,lognormal,20,4.2,185.0,True,0.9526315789473684,1.0,5.220355825078324
75,111.0,random_sampling,symmetric,lognormal,20,4.2,111.0,True,0.968421052631579,0.9999999999999998,4.709530201312334
76,455.0,random_sampling,symmetric,lognormal,20,4.2,455.0,True,0.968421052631579,1.0,6.12029741895095
77,477.0,random_sampling,symmetric,lognormal,20,4.2,477.0,True,0.9789473684210527,1.0,6.1675164908883415
78,176.0,random_sampling,symmetric,lognormal,20,4.2,176.0,True,1.0,0.9999999999999998,5.170483995038151
79,108.0,random_sampling,symmetric,lognormal,20,4.2,108.0,True,0.9631578947368421,1.0000000000000002,4.68213122712422
80,145.0,random_sampling,symmetric,lognormal,20,4.2,145.0,True,0.9842105263157894,1.0,4.976733742420574
81,930.0,random_sampling,symmetric,lognormal,20,4.2,930.0,True,0.9842105263157894,1.0,6.835184586147301
82,216.0,random_sampling,symmetric,lognormal,20,4.2,216.0,True,0.9631578947368421,1.0,5.375278407684165
83,79.0,random_sampling,symmetric,lognormal,20,4.2,79.0,True,0.9842105263157894,1.0,4.3694478524670215
84,195.0,random_sampling,symmetric,lognormal,20,4.2,195.0,True,0.9894736842105263,1.0000000000000002,5.272999558563747
85,190.0,random_sampling,symmetric,lognormal,20,4.2,190.0,True,0.9894736842105263,1.0,5.247024072160486
86,523.0,random_sampling,symmetric,lognormal,20,4.2,523.0,True,0.9894736842105263,0.9999999999999998,6.259581464064923
87,261.0,random_sampling,symmetric,lognormal,20,4.2,261.0,True,0.9894736842105263,0.9999999999999998,5.564520407322694
88,172.0,random_sampling,symmetric,lognormal,20,4.2,172.0,True,0.9842105263157894,0.9999999999999998,5.147494476813453
89,1236.0,random_sampling,symmetric,lognormal,20,4.2,1236.0,True,0.9736842105263158,1.0,7.119635638017636
90,355.0,random_sampling,symmetric,lognormal,20,4.2,355.0,True,0.9894736842105263,1.0,5.872117789475416
91,186.0,random_sampling,symmetric,lognormal,20,4.2,186.0,True,0.9842105263157894,0.9999999999999998,5.225746673713202
92,313.0,random_sampling,symmetric,lognormal,20,4.2,313.0,True,0.9894736842105263,1.0000000000000004,5.746203190540153
93,118.0,random_sampling,symmetric,lognormal,20,4.2,118.0,True,0.9631578947368421,0.9999999999999998,4.770684624465665
94,217.0,random_sampling,symmetric,lognormal,20,4.2,217.0,True,0.9789473684210527,1.0000000000000002,5.37989735354046
95,93.0,random_sampling,symmetric,lognormal,20,4.2,93.0,True,0.9894736842105263,0.9999999999999998,4.532599493153256
96,615.0,random_sampling,symmetric,lognormal,20,4.2,615.0,True,0.9894736842105263,0.9999999999999998,6.421622267806518
97,852.0,random_sampling,symmetric,lognormal,20,4.2,852.0,True,0.9894736842105263,0.9999999999999998,6.747586526829315
98,438.0,random_sampling,symmetric,lognormal,20,4.2,438.0,True,0.9736842105263158,1.0,6.082218910376446
99,303.0,random_sampling,symmetric,lognormal,20,4.2,303.0,True,0.9789473684210527,1.0,5.713732805509369
0,3440.0,random_sampling,symmetric,lognormal,30,4.2,3440.0,True,0.9701149425287356,1.0000000000000002,8.143226750367445
1,1962.0,random_sampling,symmetric,lognormal,30,4.2,1962.0,True,0.9701149425287356,1.0,7.581719640125308
2,2855.0,random_sampling,symmetric,lognormal,30,4.2,2855.0,True,0.967816091954023,1.0000000000000002,7.956827122090111
3,757.0,random_sampling,symmetric,lognormal,30,4.2,757.0,True,0.9793103448275862,0.9999999999999999,6.6293632534374485
4,2833.0,random_sampling,symmetric,lognormal,30,4.2,2833.0,True,0.960919540229885,1.0000000000000002,7.949091499830517
5,2062.0,random_sampling,symmetric,lognormal,30,4.2,2062.0,True,0.9793103448275862,0.9999999999999999,7.631431664576906
6,4373.0,random_sampling,symmetric,lognormal,30,4.2,4373.0,True,0.9724137931034482,0.9999999999999999,8.38320455141292
7,1601.0,random_sampling,symmetric,lognormal,30,4.2,1601.0,True,0.9655172413793104,0.9999999999999998,7.3783837129967145
8,1657.0,random_sampling,symmetric,lognormal,30,4.2,1657.0,True,0.9747126436781609,1.0,7.4127640174265625
9,4974.0,random_sampling,symmetric,lognormal,30,4.2,4974.0,True,0.9816091954022989,1.0,8.51197962436335
10,3681.0,random_sampling,symmetric,lognormal,30,4.2,3681.0,True,0.9586206896551724,1.0,8.210939733379021
11,721.0,random_sampling,symmetric,lognormal,30,4.2,721.0,True,0.9770114942528736,1.0,6.580639137284949
12,926.0,random_sampling,symmetric,lognormal,30,4.2,926.0,True,0.9563218390804598,0.9999999999999998,6.8308742346461795
13,2593.0,random_sampling,symmetric,lognormal,30,4.2,2593.0,True,0.9701149425287356,1.0,7.860570785538664
14,1957.0,random_sampling,symmetric,lognormal,30,4.2,1957.0,True,0.9632183908045977,1.0000000000000002,7.579167967396076
15,711.0,random_sampling,symmetric,lognormal,30,4.2,711.0,True,0.9586206896551724,1.0,6.566672429803241
16,2493.0,random_sampling,symmetric,lognormal,30,4.2,2493.0,True,0.9586206896551724,1.0000000000000002,7.821242083523558
17,335.0,random_sampling,symmetric,lognormal,30,4.2,335.0,True,0.9724137931034482,0.9999999999999999,5.814130531825066
18,3859.0,random_sampling,symmetric,lognormal,30,4.2,3859.0,True,0.9655172413793104,1.0,8.258163361537619
19,2283.0,random_sampling,symmetric,lognormal,30,4.2,2283.0,True,0.967816091954023,0.9999999999999999,7.733245646529795
20,2526.0,random_sampling,symmetric,lognormal,30,4.2,2526.0,True,0.9747126436781609,1.0,7.8343923029104365
21,2763.0,random_sampling,symmetric,lognormal,30,4.2,2763.0,True,0.9770114942528736,1.0000000000000002,7.924072324923417
22,1177.0,random_sampling,symmetric,lognormal,30,4.2,1177.0,True,0.9724137931034482,1.0000000000000002,7.0707241072602764
23,846.0,random_sampling,symmetric,lognormal,30,4.2,846.0,True,0.9540229885057471,1.0000000000000002,6.740519359606223
24,2442.0,random_sampling,symmetric,lognormal,30,4.2,2442.0,True,0.9540229885057471,1.0,7.80057265467065
25,1984.0,random_sampling,symmetric,lognormal,30,4.2,1984.0,True,0.9816091954022989,0.9999999999999999,7.592870287844818
26,773.0,random_sampling,symmetric,lognormal,30,4.2,773.0,True,0.9701149425287356,1.0000000000000002,6.650279048587422
27,2613.0,random_sampling,symmetric,lognormal,30,4.2,2613.0,True,0.9701149425287356,1.0000000000000002,7.868254265520613
28,845.0,random_sampling,symmetric,lognormal,30,4.2,845.0,True,0.9724137931034482,1.0000000000000002,6.739336627357174
29,7650.0,random_sampling,symmetric,lognormal,30,4.2,7650.0,True,0.9747126436781609,1.0000000000000002,8.942460926820582
30,410.0,random_sampling,symmetric,lognormal,30,4.2,410.0,True,0.9586206896551724,1.0000000000000002,6.016157159698354
31,946.0,random_sampling,symmetric,lognormal,30,4.2,946.0,True,0.9724137931034482,1.0,6.852242569051878
32,3965.0,random_sampling,symmetric,lognormal,30,4.2,3965.0,True,0.9517241379310345,1.0,8.285261134068948
33,708.0,random_sampling,symmetric,lognormal,30,4.2,708.0,True,0.9724137931034482,1.0,6.56244409369372
34,982.0,random_sampling,symmetric,lognormal,30,4.2,982.0,True,0.9793103448275862,1.0,6.889591308354466
35,452.0,random_sampling,symmetric,lognormal,30,4.2,452.0,True,0.9724137931034482,1.0000000000000002,6.113682179832232
36,2073.0,random_sampling,symmetric,lognormal,30,4.2,2073.0,True,0.960919540229885,1.0,7.636752112435779
37,411.0,random_sampling,symmetric,lognormal,30,4.2,411.0,True,0.960919540229885,1.0,6.018593214496234
38,1467.0,random_sampling,symmetric,lognormal,30,4.2,1467.0,True,0.967816091954023,0.9999999999999999,7.2909747781429814
39,2358.0,random_sampling,symmetric,lognormal,30,4.2,2358.0,True,0.9770114942528736,1.0000000000000002,7.765569081097317
40,1070.0,random_sampling,symmetric,lognormal,30,4.2,1070.0,True,0.9540229885057471,0.9999999999999999,6.975413927455952
41,1032.0,random_sampling,symmetric,lognormal,30,4.2,1032.0,True,0.9632183908045977,1.0,6.939253946041508
42,194.0,random_sampling,symmetric,lognormal,30,4.2,194.0,True,0.9586206896551724,1.0,5.267858159063328
43,7214.0,random_sampling,symmetric,lognormal,30,4.2,7214.0,True,0.9770114942528736,0.9999999999999999,8.883778861463485
44,2913.0,random_sampling,symmetric,lognormal,30,4.2,2913.0,True,0.9563218390804598,1.0,7.976938756959434
45,402.0,random_sampling,symmetric,lognormal,30,4.2,402.0,True,0.9724137931034482,0.9999999999999999,5.996452088619021
46,1603.0,random_sampling,symmetric,lognormal,30,4.2,1603.0,True,0.967816091954023,1.0,7.3796321526095525
47,847.0,random_sampling,symmetric,lognormal,30,4.2,847.0,True,0.9563218390804598,1.0000000000000002,6.741700694652055
48,852.0,random_sampling,symmetric,lognormal,30,4.2,852.0,True,0.9862068965517241,1.0000000000000002,6.747586526829315
49,4409.0,random_sampling,symmetric,lognormal,30,4.2,4409.0,True,0.9494252873563218,0.9999999999999999,8.391403185357937
50,1070.0,random_sampling,symmetric,lognormal,30,4.2,1070.0,True,0.9563218390804598,1.0,6.975413927455952
51,3061.0,random_sampling,symmetric,lognormal,30,4.2,3061.0,True,0.9839080459770115,0.9999999999999999,8.026496938945412
52,412.0,random_sampling,symmetric,lognormal,30,4.2,412.0,True,0.960919540229885,1.0,6.021023349349527
53,3125.0,random_sampling,symmetric,lognormal,30,4.2,3125.0,True,0.9563218390804598,0.9999999999999999,8.047189562170502
54,643.0,random_sampling,symmetric,lognormal,30,4.2,643.0,True,0.9494252873563218,1.0,6.466144724237619
55,7729.0,random_sampling,symmetric,lognormal,30,4.2,7729.0,True,0.9701149425287356,1.0,8.952734767106872
56,1851.0,random_sampling,symmetric,lognormal,30,4.2,1851.0,True,0.9540229885057471,1.0,7.523481312573497
57,2745.0,random_sampling,symmetric,lognormal,30,4.2,2745.0,True,0.960919540229885,0.9999999999999999,7.917536353943631
58,1751.0,random_sampling,symmetric,lognormal,30,4.2,1751.0,True,0.967816091954023,1.0,7.467942332285852
59,802.0,random_sampling,symmetric,lognormal,30,4.2,802.0,True,0.960919540229885,0.9999999999999998,6.687108607866515
60,1762.0,random_sampling,symmetric,lognormal,30,4.2,1762.0,True,0.9655172413793104,1.0000000000000002,7.474204806496124
61,1758.0,random_sampling,symmetric,lognormal,30,4.2,1758.0,True,0.9540229885057471,1.0000000000000002,7.471932078245122
62,4234.0,random_sampling,symmetric,lognormal,30,4.2,4234.0,True,0.967816091954023,1.0,8.350902451694811
63,684.0,random_sampling,symmetric,lognormal,30,4.2,684.0,True,0.9655172413793104,0.9999999999999998,6.52795791762255
64,3912.0,random_sampling,symmetric,lognormal,30,4.2,3912.0,True,0.9563218390804598,1.0000000000000002,8.271804031154709
65,471.0,random_sampling,symmetric,lognormal,30,4.2,471.0,True,0.9793103448275862,0.9999999999999998,6.154858094016418
66,1512.0,random_sampling,symmetric,lognormal,30,4.2,1512.0,True,0.9701149425287356,1.0,7.321188556739478
67,570.0,random_sampling,symmetric,lognormal,30,4.2,570.0,True,0.9632183908045977,1.0,6.345636360828596
68,4817.0,random_sampling,symmetric,lognormal,30,4.2,4817.0,True,0.9724137931034482,1.0000000000000002,8.479906606630221
69,2994.0,random_sampling,symmetric,lognormal,30,4.2,2994.0,True,0.9655172413793104,0.9999999999999999,8.004365564979574
70,1146.0,random_sampling,symmetric,lognormal,30,4.2,1146.0,True,0.9655172413793104,0.9999999999999999,7.044032897274685
71,564.0,random_sampling,symmetric,lognormal,30,4.2,564.0,True,0.9540229885057471,1.0,6.335054251498059
72,669.0,random_sampling,symmetric,lognormal,30,4.2,669.0,True,0.9402298850574713,1.0000000000000002,6.505784060128229
73,2489.0,random_sampling,symmetric,lognormal,30,4.2,2489.0,True,0.9632183908045977,1.0000000000000002,7.819636302367592
74,1196.0,random_sampling,symmetric,lognormal,30,4.2,1196.0,True,0.9701149425287356,1.0,7.086737934510577
75,7233.0,random_sampling,symmetric,lognormal,30,4.2,7233.0,True,0.9747126436781609,0.9999999999999999,8.886409166849282
76,1659.0,random_sampling,symmetric,lognormal,30,4.2,1659.0,True,0.9747126436781609,1.0,7.413970290190444
77,15196.0,random_sampling,symmetric,lognormal,30,4.2,15196.0,True,0.9655172413793104,0.9999999999999999,9.628787514307517
78,1126.0,random_sampling,symmetric,lognormal,30,4.2,1126.0,True,0.9724137931034482,1.0000000000000002,7.026426808699636
79,6957.0,random_sampling,symmetric,lognormal,30,4.2,6957.0,True,0.9586206896551724,1.0,8.847503625923641
80,979.0,random_sampling,symmetric,lognormal,30,4.2,979.0,True,0.9586206896551724,1.0,6.88653164253051
81,242.0,random_sampling,symmetric,lognormal,30,4.2,242.0,True,0.9379310344827586,1.0000000000000002,5.488937726156687
82,1825.0,random_sampling,symmetric,lognormal,30,4.2,1825.0,True,0.967816091954023,1.0,7.509335266016592
83,904.0,random_sampling,symmetric,lognormal,30,4.2,904.0,True,0.9632183908045977,1.0,6.806829360392176
84,5515.0,random_sampling,symmetric,lognormal,30,4.2,5515.0,True,0.9885057471264368,0.9999999999999999,8.615226931687603
85,587.0,random_sampling,symmetric,lognormal,30,4.2,587.0,True,0.9632183908045977,0.9999999999999998,6.375024819828097
86,3256.0,random_sampling,symmetric,lognormal,30,4.2,3256.0,True,0.9563218390804598,1.0,8.08825472712243
87,220.0,random_sampling,symmetric,lognormal,30,4.2,220.0,True,0.960919540229885,0.9999999999999999,5.393627546352362
88,2662.0,random_sampling,symmetric,lognormal,30,4.2,2662.0,True,0.9908045977011494,0.9999999999999999,7.8868329989550565
89,1186.0,random_sampling,symmetric,lognormal,30,4.2,1186.0,True,0.9793103448275862,1.0000000000000002,7.078341579557671
90,7923.0,random_sampling,symmetric,lognormal,30,4.2,7923.0,True,0.967816091954023,0.9999999999999999,8.977525200965243
91,2981.0,random_sampling,symmetric,lognormal,30,4.2,2981.0,True,0.9701149425287356,1.0000000000000002,8.000014093678072
92,2071.0,random_sampling,symmetric,lognormal,30,4.2,2071.0,True,0.9563218390804598,1.0,7.635786861395585
93,489.0,random_sampling,symmetric,lognormal,30,4.2,489.0,True,0.9747126436781609,1.0,6.192362489474872
94,15202.0,random_sampling,symmetric,lognormal,30,4.2,15202.0,True,0.9770114942528736,1.0,9.629182277125986
95,1771.0,random_sampling,symmetric,lognormal,30,4.2,1771.0,True,0.9655172413793104,0.9999999999999999,7.479299637782834
96,482.0,random_sampling,symmetric,lognormal,30,4.2,482.0,True,0.967816091954023,1.0,6.1779441140506
97,3502.0,random_sampling,symmetric,lognormal,30,4.2,3502.0,True,0.967816091954023,1.0,8.161089512845797
98,185.0,random_sampling,symmetric,lognormal,30,4.2,185.0,True,0.9632183908045977,1.0,5.220355825078324
99,7872.0,random_sampling,symmetric,lognormal,30,4.2,7872.0,True,0.960919540229885,1.0,8.971067438732089
0,470.0,random_sampling,symmetric,lognormal,30,3.4,470.0,True,0.9954022988505747,0.9999999999999999,6.152732694704104
1,2040.0,random_sampling,symmetric,lognormal,30,3.4,2040.0,True,0.9885057471264368,1.0,7.620705086838262
2,21250.0,random_sampling,symmetric,lognormal,30,3.4,21250.0,True,0.993103448275862,1.0000000000000002,9.964112174352563
3,8422.0,random_sampling,symmetric,lognormal,30,3.4,8422.0,True,0.9862068965517241,0.9999999999999999,9.038602608721874
4,3221.0,random_sampling,symmetric,lognormal,30,3.4,3221.0,True,0.9816091954022989,1.0,8.0774471493312
5,7131.0,random_sampling,symmetric,lognormal,30,3.4,7131.0,True,0.9816091954022989,1.0000000000000002,8.872206756028303
6,2371.0,random_sampling,symmetric,lognormal,30,3.4,2371.0,True,0.9954022988505747,1.0000000000000002,7.771067086065406
7,8320.0,random_sampling,symmetric,lognormal,30,3.4,8320.0,True,0.9862068965517241,1.0000000000000002,9.026417533815254
8,3799.0,random_sampling,symmetric,lognormal,30,3.4,3799.0,True,0.9908045977011494,1.0000000000000002,8.242493153187626
9,1619.0,random_sampling,symmetric,lognormal,30,3.4,1619.0,True,0.9655172413793104,1.0,7.389563953677635
10,4005.0,random_sampling,symmetric,lognormal,30,3.4,4005.0,True,0.9885057471264368,0.9999999999999999,8.29529885950246
11,1592.0,random_sampling,symmetric,lognormal,30,3.4,1592.0,True,0.9839080459770115,0.9999999999999999,7.3727463664043285
12,11833.0,random_sampling,symmetric,lognormal,30,3.4,11833.0,True,0.9862068965517241,0.9999999999999998,9.37864751738456
13,814.0,random_sampling,symmetric,lognormal,30,3.4,814.0,True,0.9908045977011494,1.0,6.70196036600254
14,1620.0,random_sampling,symmetric,lognormal,30,3.4,1620.0,True,0.9816091954022989,1.0000000000000002,7.3901814282264295
15,4720.0,random_sampling,symmetric,lognormal,30,3.4,4720.0,True,0.993103448275862,1.0000000000000002,8.459564078579602
16,7089.0,random_sampling,symmetric,lognormal,30,3.4,7089.0,True,0.993103448275862,1.0000000000000002,8.866299565855018
17,1191.0,random_sampling,symmetric,lognormal,30,3.4,1191.0,True,0.993103448275862,1.0,7.0825485693553
18,6748.0,random_sampling,symmetric,lognormal,30,3.4,6748.0,True,0.9862068965517241,1.0,8.817001443665859
19,556.0,random_sampling,symmetric,lognormal,30,3.4,556.0,True,0.9701149425287356,0.9999999999999999,6.320768294250582
20,3385.0,random_sampling,symmetric,lognormal,30,3.4,3385.0,True,0.9862068965517241,1.0,8.127109185346375
21,6055.0,random_sampling,symmetric,lognormal,30,3.4,6055.0,True,0.9862068965517241,0.9999999999999999,8.708639655987193
22,889.0,random_sampling,symmetric,lognormal,30,3.4,889.0,True,0.9908045977011494,1.0000000000000002,6.790097235513905
23,1102.0,random_sampling,symmetric,lognormal,30,3.4,1102.0,True,0.9862068965517241,0.9999999999999998,7.004881989712859
24,1398.0,random_sampling,symmetric,lognormal,30,3.4,1398.0,True,0.993103448275862,1.0000000000000002,7.242797922793756
25,1340.0,random_sampling,symmetric,lognormal,30,3.4,1340.0,True,0.9908045977011494,1.0,7.200424892944957
26,1292.0,random_sampling,symmetric,lognormal,30,3.4,1292.0,True,0.9839080459770115,1.0000000000000002,7.163946684342547
27,4139.0,random_sampling,symmetric,lognormal,30,3.4,4139.0,True,0.9862068965517241,1.0,8.328209491748732
28,1461.0,random_sampling,symmetric,lognormal,30,3.4,1461.0,True,0.993103448275862,0.9999999999999999,7.2868764117507
29,5222.0,random_sampling,symmetric,lognormal,30,3.4,5222.0,True,0.9839080459770115,0.9999999999999999,8.560635749259074
30,1983.0,random_sampling,symmetric,lognormal,30,3.4,1983.0,True,0.9793103448275862,1.0000000000000002,7.592366128519796
31,6539.0,random_sampling,symmetric,lognormal,30,3.4,6539.0,True,0.9839080459770115,1.0,8.785539527561276
32,3055.0,random_sampling,symmetric,lognormal,30,3.4,3055.0,True,0.9885057471264368,1.0000000000000002,8.024534871605695
33,2152.0,random_sampling,symmetric,lognormal,30,3.4,2152.0,True,0.993103448275862,1.0000000000000002,7.674152921281675
34,2541.0,random_sampling,symmetric,lognormal,30,3.4,2541.0,True,0.9839080459770115,0.9999999999999999,7.840312983320164
35,2363.0,random_sampling,symmetric,lognormal,30,3.4,2363.0,True,0.9885057471264368,1.0000000000000002,7.767687277186908
36,35741.0,random_sampling,symmetric,lognormal,30,3.4,35741.0,True,0.9885057471264368,1.0,10.484053768176494
37,10796.0,random_sampling,symmetric,lognormal,30,3.4,10796.0,True,0.9908045977011494,0.9999999999999998,9.286930974137896
38,1775.0,random_sampling,symmetric,lognormal,30,3.4,1775.0,True,0.9862068965517241,1.0000000000000002,7.4815557019095165
39,3578.0,random_sampling,symmetric,lognormal,30,3.4,3578.0,True,0.9862068965517241,0.9999999999999998,8.182559264068665
40,16495.0,random_sampling,symmetric,lognormal,30,3.4,16495.0,True,0.9908045977011494,1.0,9.710812583662682
41,309.0,random_sampling,symmetric,lognormal,30,3.4,309.0,True,0.9816091954022989,1.0000000000000002,5.733341276897746
42,2011.0,random_sampling,symmetric,lognormal,30,3.4,2011.0,True,0.9954022988505747,1.0000000000000002,7.606387389772652
43,221.0,random_sampling,symmetric,lognormal,30,3.4,221.0,True,0.9908045977011494,1.0000000000000002,5.3981627015177525
44,891.0,random_sampling,symmetric,lognormal,30,3.4,891.0,True,0.9862068965517241,1.0,6.792344427470809
45,3679.0,random_sampling,symmetric,lognormal,30,3.4,3679.0,True,0.9793103448275862,1.0000000000000002,8.210396255104774
46,5237.0,random_sampling,symmetric,lognormal,30,3.4,5237.0,True,0.9839080459770115,0.9999999999999999,8.563504094279487
47,4254.0,random_sampling,symmetric,lognormal,30,3.4,4254.0,True,0.9770114942528736,1.0,8.355614995760183
48,1128.0,random_sampling,symmetric,lognormal,30,3.4,1128.0,True,0.9885057471264368,1.0000000000000002,7.028201432058005
49,6131.0,random_sampling,symmetric,lognormal,30,3.4,6131.0,True,0.993103448275862,0.9999999999999999,8.721113147762688
50,4290.0,random_sampling,symmetric,lognormal,30,3.4,4290.0,True,0.9839080459770115,1.0000000000000002,8.364042011922063
51,1328.0,random_sampling,symmetric,lognormal,30,3.4,1328.0,True,0.9816091954022989,1.0,7.191429330036379
52,1050.0,random_sampling,symmetric,lognormal,30,3.4,1050.0,True,0.9885057471264368,1.0000000000000002,6.956545443151569
53,4826.0,random_sampling,symmetric,lognormal,30,3.4,4826.0,True,0.9954022988505747,1.0000000000000002,8.481773246184977
54,2392.0,random_sampling,symmetric,lognormal,30,3.4,2392.0,True,0.9862068965517241,1.0,7.779885115070522
55,2705.0,random_sampling,symmetric,lognormal,30,3.4,2705.0,True,0.9770114942528736,1.0,7.902857191280582
56,17686.0,random_sampling,symmetric,lognormal,30,3.4,17686.0,True,0.9885057471264368,0.9999999999999999,9.78052864513568
57,1665.0,random_sampling,symmetric,lognormal,30,3.4,1665.0,True,0.9724137931034482,0.9999999999999999,7.417580402414544
58,4137.0,random_sampling,symmetric,lognormal,30,3.4,4137.0,True,0.9793103448275862,1.0000000000000002,8.327726166461412
59,3009.0,random_sampling,symmetric,lognormal,30,3.4,3009.0,True,0.9839080459770115,0.9999999999999999,8.009363076630045
60,3931.0,random_sampling,symmetric,lognormal,30,3.4,3931.0,True,0.993103448275862,1.0000000000000002,8.27664912542186
61,1040.0,random_sampling,symmetric,lognormal,30,3.4,1040.0,True,0.9885057471264368,1.0,6.946975992135418
62,2699.0,random_sampling,symmetric,lognormal,30,3.4,2699.0,True,0.993103448275862,1.0,7.900636613018005
63,414.0,random_sampling,symmetric,lognormal,30,3.4,414.0,True,0.9770114942528736,1.0,6.025865973825314
64,4193.0,random_sampling,symmetric,lognormal,30,3.4,4193.0,True,0.9839080459770115,1.0,8.341171747170762
65,7259.0,random_sampling,symmetric,lognormal,30,3.4,7259.0,True,0.9839080459770115,1.0,8.889997357284841
66,3340.0,random_sampling,symmetric,lognormal,30,3.4,3340.0,True,0.9885057471264368,1.0,8.113726085970747
67,3874.0,random_sampling,symmetric,lognormal,30,3.4,3874.0,True,0.9885057471264368,1.0000000000000002,8.262042843966942
68,1117.0,random_sampling,symmetric,lognormal,30,3.4,1117.0,True,0.9908045977011494,1.0000000000000002,7.018401799069201
69,12305.0,random_sampling,symmetric,lognormal,30,3.4,12305.0,True,0.9885057471264368,0.9999999999999998,9.417760962825156
70,4053.0,random_sampling,symmetric,lognormal,30,3.4,4053.0,True,0.9908045977011494,1.0,8.307212626628308
71,6510.0,random_sampling,symmetric,lognormal,30,3.4,6510.0,True,0.9885057471264368,1.0,8.781094735202615
72,1993.0,random_sampling,symmetric,lognormal,30,3.4,1993.0,True,0.9816091954022989,1.0000000000000002,7.597396320212795
73,12698.0,random_sampling,symmetric,lognormal,30,3.4,12698.0,True,0.9954022988505747,1.0,9.449199779730396
74,3512.0,random_sampling,symmetric,lognormal,30,3.4,3512.0,True,0.9885057471264368,1.0000000000000002,8.163940954755008
75,3088.0,random_sampling,symmetric,lognormal,30,3.4,3088.0,True,0.9770114942528736,1.0,8.035278911144667
76,3098.0,random_sampling,symmetric,lognormal,30,3.4,3098.0,True,0.9862068965517241,1.0000000000000002,8.038512020976814
77,3785.0,random_sampling,symmetric,lognormal,30,3.4,3785.0,True,0.993103448275862,0.9999999999999998,8.23880116587155
78,1111.0,random_sampling,symmetric,lognormal,30,3.4,1111.0,True,0.9908045977011494,1.0,7.01301578963963
79,4462.0,random_sampling,symmetric,lognormal,30,3.4,4462.0,True,0.9954022988505747,0.9999999999999999,8.403352374992478
80,7301.0,random_sampling,symmetric,lognormal,30,3.4,7301.0,True,0.9908045977011494,1.0000000000000002,8.895766604056085
81,7458.0,random_sampling,symmetric,lognormal,30,3.4,7458.0,True,0.9954022988505747,1.0,8.917042560738766
82,653.0,random_sampling,symmetric,lognormal,30,3.4,653.0,True,0.9908045977011494,1.0000000000000002,6.481577129276431
83,1393.0,random_sampling,symmetric,lognormal,30,3.4,1393.0,True,0.9770114942528736,0.9999999999999999,7.239214973779806
84,6638.0,random_sampling,symmetric,lognormal,30,3.4,6638.0,True,0.9908045977011494,1.0,8.80056599227992
85,1949.0,random_sampling,symmetric,lognormal,30,3.4,1949.0,True,0.9885057471264368,1.0000000000000002,7.575071699507561
86,1995.0,random_sampling,symmetric,lognormal,30,3.4,1995.0,True,0.9908045977011494,1.0000000000000002,7.598399329323964
87,1047.0,random_sampling,symmetric,lognormal,30,3.4,1047.0,True,0.9839080459770115,0.9999999999999999,6.953684210870537
88,2733.0,random_sampling,symmetric,lognormal,30,3.4,2733.0,True,0.9862068965517241,1.0,7.913155185928068
89,22737.0,random_sampling,symmetric,lognormal,30,3.4,22737.0,True,0.9816091954022989,1.0,10.031748832480138
90,884.0,random_sampling,symmetric,lognormal,30,3.4,884.0,True,0.993103448275862,0.9999999999999999,6.784457062637643
91,3268.0,random_sampling,symmetric,lognormal,30,3.4,3268.0,True,0.9770114942528736,1.0000000000000002,8.091933455979893
92,14126.0,random_sampling,symmetric,lognormal,30,3.4,14126.0,True,0.9862068965517241,0.9999999999999999,9.555772349968867
93,7497.0,random_sampling,symmetric,lognormal,30,3.4,7497.0,True,0.9885057471264368,1.0000000000000002,8.922258219503062
94,4337.0,random_sampling,symmetric,lognormal,30,3.4,4337.0,True,0.9885057471264368,1.0,8.374938143835367
95,223.0,random_sampling,symmetric,lognormal,30,3.4,223.0,True,0.9793103448275862,0.9999999999999998,5.407171771460119
96,2131.0,random_sampling,symmetric,lognormal,30,3.4,2131.0,True,0.9839080459770115,1.0,7.664346632098617
97,2479.0,random_sampling,symmetric,lognormal,30,3.4,2479.0,True,0.993103448275862,1.0000000000000002,7.8156105320351905
98,4522.0,random_sampling,symmetric,lognormal,30,3.4,4522.0,True,0.9839080459770115,0.9999999999999999,8.416709652837914
99,4069.0,random_sampling,symmetric,lognormal,30,3.4,4069.0,True,0.9908045977011494,1.0000000000000002,8.31115254800169
0,28645.0,random_sampling,symmetric,lognormal,30,2.4,28645.0,True,0.9954022988505747,0.9999999999999999,10.262734186842678
1,9030.0,random_sampling,symmetric,lognormal,30,2.4,9030.0,True,0.9977011494252873,1.0,9.108307646411031
2,18836.0,random_sampling,symmetric,lognormal,30,2.4,18836.0,True,0.9954022988505747,1.0,9.843525211363445
3,5526.0,random_sampling,symmetric,lognormal,30,2.4,5526.0,True,0.9954022988505747,1.0000000000000002,8.617219505483362
4,2885.0,random_sampling,symmetric,lognormal,30,2.4,2885.0,True,0.9977011494252873,0.9999999999999998,7.9672801789422
5,1818.0,random_sampling,symmetric,lognormal,30,2.4,1818.0,True,0.9862068965517241,0.9999999999999999,7.505492274737424
6,1709.0,random_sampling,symmetric,lognormal,30,2.4,1709.0,True,0.9885057471264368,1.0,7.443663683115591
7,7968.0,random_sampling,symmetric,lognormal,30,2.4,7968.0,True,0.993103448275862,0.9999999999999998,8.983188799264434
8,817.0,random_sampling,symmetric,lognormal,30,2.4,817.0,True,0.9908045977011494,0.9999999999999999,6.705639094860003
9,8847.0,random_sampling,symmetric,lognormal,30,2.4,8847.0,True,0.9977011494252873,1.0,9.087833697483386
10,22838.0,random_sampling,symmetric,lognormal,30,2.4,22838.0,True,0.9977011494252873,0.9999999999999999,10.036181094261593
11,1540.0,random_sampling,symmetric,lognormal,30,2.4,1540.0,True,1.0,1.0,7.3395376954076745
12,3178.0,random_sampling,symmetric,lognormal,30,2.4,3178.0,True,1.0,1.0000000000000002,8.064007347096661
13,2155.0,random_sampling,symmetric,lognormal,30,2.4,2155.0,True,0.9977011494252873,1.0000000000000002,7.675546002537848
14,17178.0,random_sampling,symmetric,lognormal,30,2.4,17178.0,True,0.9977011494252873,1.0000000000000002,9.75138477432617
15,4228.0,random_sampling,symmetric,lognormal,30,2.4,4228.0,True,0.9977011494252873,1.0000000000000002,8.349484346990128
16,5902.0,random_sampling,symmetric,lognormal,30,2.4,5902.0,True,0.9908045977011494,1.0,8.683046555502886
17,5647.0,random_sampling,symmetric,lognormal,30,2.4,5647.0,True,0.9977011494252873,0.9999999999999999,8.638879709672837
18,3406.0,random_sampling,symmetric,lognormal,30,2.4,3406.0,True,0.9977011494252873,1.0000000000000002,8.133293861222633
19,3712.0,random_sampling,symmetric,lognormal,30,2.4,3712.0,True,0.9908045977011494,1.0000000000000002,8.21932609390609
20,1209.0,random_sampling,symmetric,lognormal,30,2.4,1209.0,True,0.993103448275862,1.0,7.097548850614793
21,3135.0,random_sampling,symmetric,lognormal,30,2.4,3135.0,True,0.9977011494252873,1.0000000000000002,8.050384453067021
22,1213.0,random_sampling,symmetric,lognormal,30,2.4,1213.0,True,0.9954022988505747,0.9999999999999998,7.10085190894405
23,1440.0,random_sampling,symmetric,lognormal,30,2.4,1440.0,True,0.9977011494252873,1.0000000000000002,7.272398392570047
24,24598.0,random_sampling,symmetric,lognormal,30,2.4,24598.0,True,0.9954022988505747,1.0,10.110420417802356
25,2369.0,random_sampling,symmetric,lognormal,30,2.4,2369.0,True,1.0,1.0000000000000002,7.7702232041587855
26,9569.0,random_sampling,symmetric,lognormal,30,2.4,9569.0,True,0.9977011494252873,1.0,9.166283985779263
27,6744.0,random_sampling,symmetric,lognormal,30,2.4,6744.0,True,0.9954022988505747,1.0,8.81640849968169
28,1559.0,random_sampling,symmetric,lognormal,30,2.4,1559.0,True,1.0,1.0,7.351799869057777
29,1533.0,random_sampling,symmetric,lognormal,30,2.4,1533.0,True,0.9908045977011494,1.0,7.334981878871814
30,4326.0,random_sampling,symmetric,lognormal,30,2.4,4326.0,True,0.9954022988505747,1.0,8.372398606513004
31,2883.0,random_sampling,symmetric,lognormal,30,2.4,2883.0,True,0.993103448275862,1.0,7.9665866976384025
32,728.0,random_sampling,symmetric,lognormal,30,2.4,728.0,True,0.9977011494252873,1.0,6.590301048196686
33,3987.0,random_sampling,symmetric,lognormal,30,2.4,3987.0,True,0.9908045977011494,1.0,8.290794347381356
34,41515.0,random_sampling,symmetric,lognormal,30,2.4,41515.0,True,0.9954022988505747,1.0,10.633810086696132
35,3385.0,random_sampling,symmetric,lognormal,30,2.4,3385.0,True,0.9977011494252873,1.0000000000000002,8.127109185346375
36,1528.0,random_sampling,symmetric,lognormal,30,2.4,1528.0,True,0.9977011494252873,1.0000000000000002,7.331714969726466
37,7341.0,random_sampling,symmetric,lognormal,30,2.4,7341.0,True,0.993103448275862,1.0000000000000002,8.901230352110781
38,10312.0,random_sampling,symmetric,lognormal,30,2.4,10312.0,True,0.9885057471264368,1.0,9.241063544619024
39,16379.0,random_sampling,symmetric,lognormal,30,2.4,16379.0,True,0.9954022988505747,1.0000000000000002,9.70375530548238
40,1250.0,random_sampling,symmetric,lognormal,30,2.4,1250.0,True,0.9954022988505747,1.0,7.1308988302963465
41,8185.0,random_sampling,symmetric,lognormal,30,2.4,8185.0,True,0.9977011494252873,1.0000000000000002,9.010058489805235
42,26237.0,random_sampling,symmetric,lognormal,30,2.4,26237.0,True,0.9954022988505747,1.0,10.174925907253643
43,3855.0,random_sampling,symmetric,lognormal,30,2.4,3855.0,True,0.9977011494252873,1.0,8.25712628599743
44,6938.0,random_sampling,symmetric,lognormal,30,2.4,6938.0,True,0.9908045977011494,0.9999999999999999,8.844768827529695
45,9692.0,random_sampling,symmetric,lognormal,30,2.4,9692.0,True,0.9908045977011494,1.0000000000000002,9.179056081936416
46,9542.0,random_sampling,symmetric,lognormal,30,2.4,9542.0,True,0.993103448275862,1.0,9.163458386076051
47,1476.0,random_sampling,symmetric,lognormal,30,2.4,1476.0,True,0.9977011494252873,0.9999999999999999,7.297091005160418
48,3298.0,random_sampling,symmetric,lognormal,30,2.4,3298.0,True,1.0,0.9999999999999999,8.101071503119543
49,587.0,random_sampling,symmetric,lognormal,30,2.4,587.0,True,0.993103448275862,1.0000000000000002,6.375024819828097
50,31246.0,random_sampling,symmetric,lognormal,30,2.4,31246.0,True,0.9977011494252873,1.0000000000000002,10.349646646971848
51,8739.0,random_sampling,symmetric,lognormal,30,2.4,8739.0,True,0.9954022988505747,0.9999999999999999,9.075551045627543
52,816.0,random_sampling,symmetric,lognormal,30,2.4,816.0,True,0.9908045977011494,1.0000000000000002,6.704414354964107
53,1638.0,random_sampling,symmetric,lognormal,30,2.4,1638.0,True,0.9977011494252873,1.0000000000000002,7.401231264413015
54,4164.0,random_sampling,symmetric,lognormal,30,2.4,4164.0,True,1.0,0.9999999999999999,8.33423142973486
55,10801.0,random_sampling,symmetric,lognormal,30,2.4,10801.0,True,0.9885057471264368,1.0,9.287394001418473
56,4058.0,random_sampling,symmetric,lognormal,30,2.4,4058.0,True,0.9954022988505747,1.0,8.30844552038576
57,2282.0,random_sampling,symmetric,lognormal,30,2.4,2282.0,True,1.0,1.0,7.732807530422021
58,4957.0,random_sampling,symmetric,lognormal,30,2.4,4957.0,True,0.9908045977011494,0.9999999999999999,8.508555998020574
59,10988.0,random_sampling,symmetric,lognormal,30,2.4,10988.0,True,0.9954022988505747,1.0,9.304559047215164
60,7061.0,random_sampling,symmetric,lognormal,30,2.4,7061.0,True,0.9862068965517241,0.9999999999999999,8.862341963516347
61,4206.0,random_sampling,symmetric,lognormal,30,2.4,4206.0,True,0.9954022988505747,1.0,8.344267356262645
62,8396.0,random_sampling,symmetric,lognormal,30,2.4,8396.0,True,0.9977011494252873,1.0000000000000002,9.035510680940524
63,5955.0,random_sampling,symmetric,lognormal,30,2.4,5955.0,True,0.9954022988505747,0.9999999999999999,8.691986481789401
64,1967.0,random_sampling,symmetric,lognormal,30,2.4,1967.0,True,0.9954022988505747,1.0000000000000002,7.584264818389059
65,6229.0,random_sampling,symmetric,lognormal,30,2.4,6229.0,True,0.993103448275862,0.9999999999999999,8.736971085254146
66,1908.0,random_sampling,symmetric,lognormal,30,2.4,1908.0,True,0.9977011494252873,1.0000000000000002,7.553810852008231
67,2277.0,random_sampling,symmetric,lognormal,30,2.4,2277.0,True,0.9908045977011494,1.0,7.7306140660637395
68,1000.0,random_sampling,symmetric,lognormal,30,2.4,1000.0,True,0.9977011494252873,1.0,6.907755278982137
69,797.0,random_sampling,symmetric,lognormal,30,2.4,797.0,True,1.0,1.0000000000000002,6.680854678790215
70,6754.0,random_sampling,symmetric,lognormal,30,2.4,6754.0,True,0.9954022988505747,1.0,8.817890200945513
71,3019.0,random_sampling,symmetric,lognormal,30,2.4,3019.0,True,0.9977011494252873,0.9999999999999998,8.012680929706839
72,1799.0,random_sampling,symmetric,lognormal,30,2.4,1799.0,True,0.9954022988505747,1.0,7.4949862339505335
73,20370.0,random_sampling,symmetric,lognormal,30,2.4,20370.0,True,0.9977011494252873,1.0,9.921818509220852
74,11237.0,random_sampling,symmetric,lognormal,30,2.4,11237.0,True,0.9954022988505747,1.0000000000000002,9.326967183907902
75,7923.0,random_sampling,symmetric,lognormal,30,2.4,7923.0,True,0.9977011494252873,0.9999999999999999,8.977525200965243
76,2073.0,random_sampling,symmetric,lognormal,30,2.4,2073.0,True,0.9908045977011494,1.0000000000000002,7.636752112435779
77,1333.0,random_sampling,symmetric,lognormal,30,2.4,1333.0,True,1.0,1.0,7.195187320178709
78,5845.0,random_sampling,symmetric,lognormal,30,2.4,5845.0,True,0.9908045977011494,1.0000000000000002,8.67334187390617
79,3250.0,random_sampling,symmetric,lognormal,30,2.4,3250.0,True,0.9977011494252873,1.0000000000000002,8.086410275323782
80,2696.0,random_sampling,symmetric,lognormal,30,2.4,2696.0,True,1.0,1.0,7.899524472032198
81,1231.0,random_sampling,symmetric,lognormal,30,2.4,1231.0,True,1.0,1.0,7.115582126184454
82,13842.0,random_sampling,symmetric,lognormal,30,2.4,13842.0,True,1.0,1.0,9.535462727401809
83,6054.0,random_sampling,symmetric,lognormal,30,2.4,6054.0,True,0.9908045977011494,0.9999999999999999,8.708474489581665
84,2151.0,random_sampling,symmetric,lognormal,30,2.4,2151.0,True,0.9977011494252873,1.0000000000000002,7.67368812926773
85,2834.0,random_sampling,symmetric,lognormal,30,2.4,2834.0,True,0.9885057471264368,0.9999999999999998,7.949444420250626
86,3236.0,random_sampling,symmetric,lognormal,30,2.4,3236.0,True,0.9954022988505747,1.0,8.082093278178382
87,319.0,random_sampling,symmetric,lognormal,30,2.4,319.0,True,0.9977011494252873,1.0000000000000002,5.765191102784844
88,44382.0,random_sampling,symmetric,lognormal,30,2.4,44382.0,True,0.993103448275862,1.0000000000000002,10.700589260815923
89,2353.0,random_sampling,symmetric,lognormal,30,2.4,2353.0,True,0.9977011494252873,0.9999999999999999,7.763446388727362
90,6650.0,random_sampling,symmetric,lognormal,30,2.4,6650.0,True,0.9977011494252873,1.0,8.8023721336499
91,3914.0,random_sampling,symmetric,lognormal,30,2.4,3914.0,True,0.9977011494252873,1.0000000000000002,8.272315147956022
92,4322.0,random_sampling,symmetric,lognormal,30,2.4,4322.0,True,0.9977011494252873,1.0000000000000002,8.371473537066832
93,1476.0,random_sampling,symmetric,lognormal,30,2.4,1476.0,True,1.0,1.0,7.297091005160418
94,4715.0,random_sampling,symmetric,lognormal,30,2.4,4715.0,True,0.993103448275862,0.9999999999999999,8.458504195067558
95,8237.0,random_sampling,symmetric,lognormal,30,2.4,8237.0,True,0.993103448275862,0.9999999999999999,9.016391478941248
96,3117.0,random_sampling,symmetric,lognormal,30,2.4,3117.0,True,1.0,1.0000000000000002,8.044626279767337
97,3099.0,random_sampling,symmetric,lognormal,30,2.4,3099.0,True,0.993103448275862,1.0000000000000002,8.038834757787749
98,3760.0,random_sampling,symmetric,lognormal,30,2.4,3760.0,True,0.9977011494252873,0.9999999999999998,8.23217423638394
99,6070.0,random_sampling,symmetric,lognormal,30,2.4,6070.0,True,0.9977011494252873,0.9999999999999999,8.711113884053544
0,6053.0,random_sampling,symmetric,lognormal,30,4.6,6053.0,True,0.9586206896551724,0.9999999999999999,8.708309295891688
1,660.0,random_sampling,symmetric,lognormal,30,4.6,660.0,True,0.9471264367816092,1.0000000000000002,6.492239835020471
2,23556.0,random_sampling,symmetric,lognormal,30,4.6,23556.0,True,0.9517241379310345,0.9999999999999999,10.067135844064461
3,2769.0,random_sampling,symmetric,lognormal,30,4.6,2769.0,True,0.9310344827586207,1.0000000000000002,7.926241523170962
4,458.0,random_sampling,symmetric,lognormal,30,4.6,458.0,True,0.9218390804597701,1.0000000000000002,6.126869184114185
5,996.0,random_sampling,symmetric,lognormal,30,4.6,996.0,True,0.9448275862068966,1.0,6.903747257584598
6,3822.0,random_sampling,symmetric,lognormal,30,4.6,3822.0,True,0.9724137931034482,1.0,8.248529124800218
7,1993.0,random_sampling,symmetric,lognormal,30,4.6,1993.0,True,0.9494252873563218,1.0000000000000002,7.597396320212795
8,6024.0,random_sampling,symmetric,lognormal,30,4.6,6024.0,True,0.960919540229885,1.0000000000000002,8.703506769479729
9,1174.0,random_sampling,symmetric,lognormal,30,4.6,1174.0,True,0.9471264367816092,1.0000000000000002,7.068172000388042
10,3283.0,random_sampling,symmetric,lognormal,30,4.6,3283.0,True,0.9425287356321839,0.9999999999999999,8.096512917501594
11,25450.0,random_sampling,symmetric,lognormal,30,4.6,25450.0,True,0.9448275862068966,1.0,10.144471021978669
12,3527.0,random_sampling,symmetric,lognormal,30,4.6,3527.0,True,0.9563218390804598,0.9999999999999999,8.168202930236053
13,1540.0,random_sampling,symmetric,lognormal,30,4.6,1540.0,True,0.960919540229885,1.0000000000000002,7.3395376954076745
14,8663.0,random_sampling,symmetric,lognormal,30,4.6,8663.0,True,0.9379310344827586,1.0000000000000002,9.06681636189014
15,1339.0,random_sampling,symmetric,lognormal,30,4.6,1339.0,True,0.9425287356321839,1.0,7.199678345691172
16,588.0,random_sampling,symmetric,lognormal,30,4.6,588.0,True,0.9402298850574713,1.0,6.376726947898627
17,857.0,random_sampling,symmetric,lognormal,30,4.6,857.0,True,0.9540229885057471,1.0000000000000002,6.75343791859778
18,2128.0,random_sampling,symmetric,lognormal,30,4.6,2128.0,True,0.9540229885057471,1.0000000000000002,7.662937850461535
19,19217.0,random_sampling,symmetric,lognormal,30,4.6,19217.0,True,0.9494252873563218,1.0,9.863550582932428
20,1671.0,random_sampling,symmetric,lognormal,30,4.6,1671.0,True,0.9471264367816092,0.9999999999999999,7.421177528595393
21,1762.0,random_sampling,symmetric,lognormal,30,4.6,1762.0,True,0.9379310344827586,1.0000000000000002,7.474204806496124
22,1100.0,random_sampling,symmetric,lognormal,30,4.6,1100.0,True,0.967816091954023,1.0,7.003065458786462
23,6654.0,random_sampling,symmetric,lognormal,30,4.6,6654.0,True,0.9540229885057471,1.0,8.802973456578423
24,2726.0,random_sampling,symmetric,lognormal,30,4.6,2726.0,True,0.9517241379310345,0.9999999999999998,7.9105906122564775
25,1863.0,random_sampling,symmetric,lognormal,30,4.6,1863.0,True,0.9402298850574713,1.0,7.529943370601589
26,14685.0,random_sampling,symmetric,lognormal,30,4.6,14685.0,True,0.9724137931034482,1.0000000000000002,9.59458184363272
27,2021.0,random_sampling,symmetric,lognormal,30,4.6,2021.0,True,0.9471264367816092,0.9999999999999998,7.611347717403621
28,433.0,random_sampling,symmetric,lognormal,30,4.6,433.0,True,0.9517241379310345,1.0000000000000002,6.07073772800249
29,14779.0,random_sampling,symmetric,lognormal,30,4.6,14779.0,True,0.9425287356321839,1.0000000000000002,9.600962533214572
30,10326.0,random_sampling,symmetric,lognormal,30,4.6,10326.0,True,0.960919540229885,0.9999999999999999,9.242420265439595
31,2040.0,random_sampling,symmetric,lognormal,30,4.6,2040.0,True,0.9517241379310345,0.9999999999999998,7.620705086838262
32,12231.0,random_sampling,symmetric,lognormal,30,4.6,12231.0,True,0.960919540229885,0.9999999999999999,9.411728991487363
33,3115.0,random_sampling,symmetric,lognormal,30,4.6,3115.0,True,0.9655172413793104,1.0,8.043984431221553
34,1111.0,random_sampling,symmetric,lognormal,30,4.6,1111.0,True,0.9494252873563218,1.0,7.01301578963963
35,996.0,random_sampling,symmetric,lognormal,30,4.6,996.0,True,0.9655172413793104,1.0,6.903747257584598
36,1523.0,random_sampling,symmetric,lognormal,30,4.6,1523.0,True,0.9494252873563218,0.9999999999999999,7.328437352895162
37,1411.0,random_sampling,symmetric,lognormal,30,4.6,1411.0,True,0.9540229885057471,1.0000000000000002,7.252053951852814
38,1221.0,random_sampling,symmetric,lognormal,30,4.6,1221.0,True,0.9402298850574713,1.0,7.107425474110705
39,968.0,random_sampling,symmetric,lognormal,30,4.6,968.0,True,0.9494252873563218,1.0000000000000002,6.875232087276577
40,1265.0,random_sampling,symmetric,lognormal,30,4.6,1265.0,True,0.9425287356321839,1.0,7.142827401161621
41,889.0,random_sampling,symmetric,lognormal,30,4.6,889.0,True,0.9563218390804598,1.0000000000000002,6.790097235513905
42,926.0,random_sampling,symmetric,lognormal,30,4.6,926.0,True,0.9333333333333333,1.0,6.8308742346461795
43,3348.0,random_sampling,symmetric,lognormal,30,4.6,3348.0,True,0.9563218390804598,1.0,8.116118431609365
44,10592.0,random_sampling,symmetric,lognormal,30,4.6,10592.0,True,0.9563218390804598,1.0,9.26785427817679
45,18454.0,random_sampling,symmetric,lognormal,30,4.6,18454.0,True,0.9379310344827586,1.0000000000000002,9.8230364281385
46,2658.0,random_sampling,symmetric,lognormal,30,4.6,2658.0,True,0.9517241379310345,0.9999999999999999,7.885329239273191
47,1035.0,random_sampling,symmetric,lognormal,30,4.6,1035.0,True,0.9494252873563218,0.9999999999999999,6.942156705699469
48,639.0,random_sampling,symmetric,lognormal,30,4.6,639.0,True,0.9425287356321839,1.0000000000000002,6.459904454377535
49,2139.0,random_sampling,symmetric,lognormal,30,4.6,2139.0,True,0.9724137931034482,1.0,7.668093709082406
50,3225.0,random_sampling,symmetric,lognormal,30,4.6,3225.0,True,0.9448275862068966,0.9999999999999998,8.078688229229872
51,1279.0,random_sampling,symmetric,lognormal,30,4.6,1279.0,True,0.9494252873563218,1.0,7.153833801578843
52,7152.0,random_sampling,symmetric,lognormal,30,4.6,7152.0,True,0.9540229885057471,1.0000000000000002,8.87514731685335
53,444.0,random_sampling,symmetric,lognormal,30,4.6,444.0,True,0.9586206896551724,1.0,6.095824562432225
54,9113.0,random_sampling,symmetric,lognormal,30,4.6,9113.0,True,0.960919540229885,1.0000000000000002,9.117457244496126
55,4792.0,random_sampling,symmetric,lognormal,30,4.6,4792.0,True,0.967816091954023,1.0,8.474703139795285
56,3883.0,random_sampling,symmetric,lognormal,30,4.6,3883.0,True,0.9402298850574713,1.0000000000000002,8.264363329731667
57,1129.0,random_sampling,symmetric,lognormal,30,4.6,1129.0,True,0.9425287356321839,1.0000000000000002,7.029087564149662
58,93.0,random_sampling,symmetric,lognormal,30,4.6,93.0,True,0.9333333333333333,0.9999999999999999,4.532599493153256
59,954.0,random_sampling,symmetric,lognormal,30,4.6,954.0,True,0.967816091954023,1.0,6.860663671448287
60,1123.0,random_sampling,symmetric,lognormal,30,4.6,1123.0,True,0.9540229885057471,1.0,7.023758954738443
61,1062.0,random_sampling,symmetric,lognormal,30,4.6,1062.0,True,0.9540229885057471,1.0000000000000002,6.967909201801884
62,871.0,random_sampling,symmetric,lognormal,30,4.6,871.0,True,0.9494252873563218,1.0000000000000002,6.769641976852503
63,965.0,random_sampling,symmetric,lognormal,30,4.6,965.0,True,0.9241379310344827,1.0,6.872128101338986
64,656.0,random_sampling,symmetric,lognormal,30,4.6,656.0,True,0.9425287356321839,1.0,6.486160788944089
65,2905.0,random_sampling,symmetric,lognormal,30,4.6,2905.0,True,0.9494252873563218,0.9999999999999999,7.974188669286011
66,334.0,random_sampling,symmetric,lognormal,30,4.6,334.0,True,0.9494252873563218,1.0,5.811140992976701
67,2216.0,random_sampling,symmetric,lognormal,30,4.6,2216.0,True,0.9586206896551724,0.9999999999999999,7.703459047867175
68,660.0,random_sampling,symmetric,lognormal,30,4.6,660.0,True,0.9563218390804598,0.9999999999999999,6.492239835020471
69,4983.0,random_sampling,symmetric,lognormal,30,4.6,4983.0,True,0.9402298850574713,1.0,8.513787398281405
70,4368.0,random_sampling,symmetric,lognormal,30,4.6,4368.0,True,0.967816091954023,1.0,8.38206051742474
71,1799.0,random_sampling,symmetric,lognormal,30,4.6,1799.0,True,0.9333333333333333,1.0000000000000002,7.4949862339505335
72,395.0,random_sampling,symmetric,lognormal,30,4.6,395.0,True,0.9425287356321839,1.0000000000000002,5.978885764901122
73,4649.0,random_sampling,symmetric,lognormal,30,4.6,4649.0,True,0.9425287356321839,1.0000000000000002,8.444407421690585
74,406.0,random_sampling,symmetric,lognormal,30,4.6,406.0,True,0.9333333333333333,0.9999999999999998,6.0063531596017325
75,3520.0,random_sampling,symmetric,lognormal,30,4.6,3520.0,True,0.960919540229885,1.0,8.166216268592143
76,2761.0,random_sampling,symmetric,lognormal,30,4.6,2761.0,True,0.9471264367816092,0.9999999999999999,7.923348211930154
77,1759.0,random_sampling,symmetric,lognormal,30,4.6,1759.0,True,0.9448275862068966,1.0000000000000002,7.472500744737558
78,216.0,random_sampling,symmetric,lognormal,30,4.6,216.0,True,0.960919540229885,1.0,5.375278407684165
79,2074.0,random_sampling,symmetric,lognormal,30,4.6,2074.0,True,0.9471264367816092,1.0,7.637234388789473
80,619.0,random_sampling,symmetric,lognormal,30,4.6,619.0,True,0.9586206896551724,1.0000000000000002,6.428105272684596
81,2806.0,random_sampling,symmetric,lognormal,30,4.6,2806.0,True,0.9540229885057471,0.9999999999999999,7.939515260662406
82,4301.0,random_sampling,symmetric,lognormal,30,4.6,4301.0,True,0.9632183908045977,1.0,8.366602832783736
83,2425.0,random_sampling,symmetric,lognormal,30,4.6,2425.0,True,0.9356321839080459,1.0000000000000002,7.793586803371584
84,34362.0,random_sampling,symmetric,lognormal,30,4.6,34362.0,True,0.9586206896551724,1.0,10.444706581621912
85,365.0,random_sampling,symmetric,lognormal,30,4.6,365.0,True,0.9356321839080459,0.9999999999999999,5.8998973535824915
86,1933.0,random_sampling,symmetric,lognormal,30,4.6,1933.0,True,0.9425287356321839,0.9999999999999999,7.566828479208331
87,1565.0,random_sampling,symmetric,lognormal,30,4.6,1565.0,True,0.9563218390804598,1.0,7.355641102974253
88,350.0,random_sampling,symmetric,lognormal,30,4.6,350.0,True,0.9356321839080459,0.9999999999999999,5.857933154483459
89,2092.0,random_sampling,symmetric,lognormal,30,4.6,2092.0,True,0.9540229885057471,1.0000000000000002,7.645875825184813
90,436.0,random_sampling,symmetric,lognormal,30,4.6,436.0,True,0.9471264367816092,1.0,6.077642243349034
91,1181.0,random_sampling,symmetric,lognormal,30,4.6,1181.0,True,0.9379310344827586,1.0,7.074116816197362
92,3509.0,random_sampling,symmetric,lognormal,30,4.6,3509.0,True,0.9494252873563218,0.9999999999999998,8.163086375583216
93,2843.0,random_sampling,symmetric,lognormal,30,4.6,2843.0,True,0.9517241379310345,0.9999999999999998,7.952615111651
94,1155.0,random_sampling,symmetric,lognormal,30,4.6,1155.0,True,0.9287356321839081,1.0,7.051855622955894
95,1476.0,random_sampling,symmetric,lognormal,30,4.6,1476.0,True,0.9448275862068966,1.0000000000000002,7.297091005160418
96,1110.0,random_sampling,symmetric,lognormal,30,4.6,1110.0,True,0.9425287356321839,1.0,7.01211529430638
97,2126.0,random_sampling,symmetric,lognormal,30,4.6,2126.0,True,0.9632183908045977,0.9999999999999997,7.661997558901893
98,859.0,random_sampling,symmetric,lognormal,30,4.6,859.0,True,0.9632183908045977,1.0,6.755768921984255
99,2968.0,random_sampling,symmetric,lognormal,30,4.6,2968.0,True,0.9540229885057471,1.0000000000000002,7.995643604287271
0,6374.0,random_sampling,symmetric,lognormal,30,0.4,6374.0,True,0.993103448275862,1.0000000000000002,8.759982494977281
1,44546.0,random_sampling,symmetric,lognormal,30,0.4,44546.0,True,1.0,1.0000000000000002,10.70427764211143
2,12334.0,random_sampling,symmetric,lognormal,30,0.4,12334.0,True,0.9908045977011494,1.0,9.420114955551439
3,3999.0,random_sampling,symmetric,lognormal,30,0.4,3999.0,True,0.9885057471264368,0.9999999999999999,8.293799608846818
4,40047.0,random_sampling,symmetric,lognormal,30,0.4,40047.0,True,0.9908045977011494,0.9999999999999999,10.597809043323842
5,21546.0,random_sampling,symmetric,lognormal,30,0.4,21546.0,True,0.9954022988505747,1.0000000000000002,9.977945463454137
6,4409.0,random_sampling,symmetric,lognormal,30,0.4,4409.0,True,0.993103448275862,0.9999999999999999,8.391403185357937
7,11909.0,random_sampling,symmetric,lognormal,30,0.4,11909.0,True,0.993103448275862,1.0000000000000002,9.385049695767997
8,17309.0,random_sampling,symmetric,lognormal,30,0.4,17309.0,True,0.9862068965517241,0.9999999999999998,9.758981876426398
9,7807.0,random_sampling,symmetric,lognormal,30,0.4,7807.0,True,0.9885057471264368,0.9999999999999999,8.962776046120291
10,45632.0,random_sampling,symmetric,lognormal,30,0.4,45632.0,True,0.9954022988505747,1.0000000000000002,10.728364503773967
11,8548.0,random_sampling,symmetric,lognormal,30,0.4,8548.0,True,0.9908045977011494,0.9999999999999997,9.053452616439039
12,11272.0,random_sampling,symmetric,lognormal,30,0.4,11272.0,True,0.9885057471264368,1.0,9.330077053578517
13,23637.0,random_sampling,symmetric,lognormal,30,0.4,23637.0,True,0.9908045977011494,1.0000000000000002,10.070568559913799
14,4569.0,random_sampling,symmetric,lognormal,30,0.4,4569.0,True,0.9862068965517241,1.0,8.427049641563272
15,28975.0,random_sampling,symmetric,lognormal,30,0.4,28975.0,True,0.9862068965517241,1.0,10.274188668207952
16,5699.0,random_sampling,symmetric,lognormal,30,0.4,5699.0,True,0.9954022988505747,0.9999999999999998,8.648045999835
17,10652.0,random_sampling,symmetric,lognormal,30,0.4,10652.0,True,0.9954022988505747,1.0,9.273502946933823
18,5734.0,random_sampling,symmetric,lognormal,30,0.4,5734.0,True,0.993103448275862,1.0,8.654168646443315
19,1956.0,random_sampling,symmetric,lognormal,30,0.4,1956.0,True,0.993103448275862,1.0000000000000002,7.578656850594762
20,14167.0,random_sampling,symmetric,lognormal,30,0.4,14167.0,True,0.9977011494252873,1.0,9.55867059537935
21,3056.0,random_sampling,symmetric,lognormal,30,0.4,3056.0,True,0.9908045977011494,1.0,8.024862150286411
22,9774.0,random_sampling,symmetric,lognormal,30,0.4,9774.0,True,1.0,0.9999999999999999,9.1874810778301
23,8039.0,random_sampling,symmetric,lognormal,30,0.4,8039.0,True,0.9862068965517241,1.0000000000000002,8.99205997632796
24,3723.0,random_sampling,symmetric,lognormal,30,0.4,3723.0,True,0.9954022988505747,1.0,8.222285073872717
25,26355.0,random_sampling,symmetric,lognormal,30,0.4,26355.0,True,0.9885057471264368,1.0000000000000002,10.179413289289307
26,12087.0,random_sampling,symmetric,lognormal,30,0.4,12087.0,True,0.9954022988505747,1.0,9.399885773859458
27,9255.0,random_sampling,symmetric,lognormal,30,0.4,9255.0,True,0.993103448275862,1.0,9.132919225007598
28,37909.0,random_sampling,symmetric,lognormal,30,0.4,37909.0,True,0.9977011494252873,0.9999999999999999,10.542943829898158
29,13293.0,random_sampling,symmetric,lognormal,30,0.4,13293.0,True,0.9908045977011494,1.0000000000000002,9.4949928598676
30,17599.0,random_sampling,symmetric,lognormal,30,0.4,17599.0,True,0.9954022988505747,1.0,9.775597361230211
31,7971.0,random_sampling,symmetric,lognormal,30,0.4,7971.0,True,0.993103448275862,1.0,8.983565234427923
32,12544.0,random_sampling,symmetric,lognormal,30,0.4,12544.0,True,0.993103448275862,1.0,9.436997742590188
33,30267.0,random_sampling,symmetric,lognormal,30,0.4,30267.0,True,0.993103448275862,1.0,10.317813289076488
34,7423.0,random_sampling,symmetric,lognormal,30,0.4,7423.0,True,0.9977011494252873,1.0,8.912338567117548
35,1863.0,random_sampling,symmetric,lognormal,30,0.4,1863.0,True,0.9885057471264368,1.0000000000000002,7.529943370601589
36,8784.0,random_sampling,symmetric,lognormal,30,0.4,8784.0,True,0.9954022988505747,1.0000000000000002,9.080687163749312
37,1605.0,random_sampling,symmetric,lognormal,30,0.4,1605.0,True,0.9908045977011494,0.9999999999999999,7.380879035564116
38,55924.0,random_sampling,symmetric,lognormal,30,0.4,55924.0,True,0.9977011494252873,0.9999999999999999,10.931748905107716
39,54518.0,random_sampling,symmetric,lognormal,30,0.4,54518.0,True,1.0,0.9999999999999999,10.906286201351836
40,14976.0,random_sampling,symmetric,lognormal,30,0.4,14976.0,True,0.9954022988505747,1.0,9.614204198717374
41,24987.0,random_sampling,symmetric,lognormal,30,0.4,24987.0,True,0.9908045977011494,1.0000000000000002,10.12611096860345
42,13943.0,random_sampling,symmetric,lognormal,30,0.4,13943.0,True,0.9954022988505747,0.9999999999999998,9.54273286919502
43,25668.0,random_sampling,symmetric,lognormal,30,0.4,25668.0,True,0.9977011494252873,1.0,10.153000358870406
44,15847.0,random_sampling,symmetric,lognormal,30,0.4,15847.0,True,0.993103448275862,0.9999999999999998,9.670735486942808
45,1638.0,random_sampling,symmetric,lognormal,30,0.4,1638.0,True,0.993103448275862,1.0000000000000002,7.401231264413015
46,11601.0,random_sampling,symmetric,lognormal,30,0.4,11601.0,True,0.9908045977011494,1.0,9.358846580275406
47,71987.0,random_sampling,symmetric,lognormal,30,0.4,71987.0,True,0.9908045977011494,0.9999999999999999,11.18424082614052
48,15925.0,random_sampling,symmetric,lognormal,30,0.4,15925.0,True,0.9977011494252873,1.0,9.675645480440364
49,5657.0,random_sampling,symmetric,lognormal,30,0.4,5657.0,True,0.993103448275862,0.9999999999999999,8.640648995343156
50,16129.0,random_sampling,symmetric,lognormal,30,0.4,16129.0,True,0.9885057471264368,1.0,9.688374172917182
51,7065.0,random_sampling,symmetric,lognormal,30,0.4,7065.0,True,0.9885057471264368,0.9999999999999999,8.862908295118627
52,18503.0,random_sampling,symmetric,lognormal,30,0.4,18503.0,True,0.9954022988505747,1.0000000000000002,9.825688160081716
53,34057.0,random_sampling,symmetric,lognormal,30,0.4,34057.0,True,0.9908045977011494,0.9999999999999999,10.435790870478348
54,37197.0,random_sampling,symmetric,lognormal,30,0.4,37197.0,True,0.9954022988505747,1.0,10.523983391847953
55,80451.0,random_sampling,symmetric,lognormal,30,0.4,80451.0,True,0.993103448275862,1.0,11.295403582424072
56,11896.0,random_sampling,symmetric,lognormal,30,0.4,11896.0,True,0.9977011494252873,1.0000000000000002,9.383957488139991
57,23843.0,random_sampling,symmetric,lognormal,30,0.4,23843.0,True,0.9954022988505747,1.0000000000000002,10.079245952188407
58,8102.0,random_sampling,symmetric,lognormal,30,0.4,8102.0,True,0.993103448275862,0.9999999999999999,8.999866223762636
59,12188.0,random_sampling,symmetric,lognormal,30,0.4,12188.0,True,0.993103448275862,1.0000000000000002,9.408207140105599
60,4766.0,random_sampling,symmetric,lognormal,30,0.4,4766.0,True,0.9977011494252873,1.0,8.469262657658687
61,23856.0,random_sampling,symmetric,lognormal,30,0.4,23856.0,True,0.9908045977011494,1.0,10.07979103700452
62,8041.0,random_sampling,symmetric,lognormal,30,0.4,8041.0,True,0.9977011494252873,1.0,8.99230873254815
63,18572.0,random_sampling,symmetric,lognormal,30,0.4,18572.0,True,0.9862068965517241,1.0,9.829410349139811
64,38873.0,random_sampling,symmetric,lognormal,30,0.4,38873.0,True,0.9954022988505747,0.9999999999999999,10.568055201212758
65,15288.0,random_sampling,symmetric,lognormal,30,0.4,15288.0,True,0.993103448275862,0.9999999999999999,9.634823485920109
66,2690.0,random_sampling,symmetric,lognormal,30,0.4,2690.0,True,0.9908045977011494,1.0000000000000002,7.897296472595885
67,5941.0,random_sampling,symmetric,lognormal,30,0.4,5941.0,True,0.993103448275862,1.0000000000000002,8.689632748355741
68,11892.0,random_sampling,symmetric,lognormal,30,0.4,11892.0,True,0.993103448275862,0.9999999999999999,9.383621184117988
69,8911.0,random_sampling,symmetric,lognormal,30,0.4,8911.0,True,0.9954022988505747,1.0000000000000002,9.09504174761272
70,2175.0,random_sampling,symmetric,lognormal,30,0.4,2175.0,True,0.9908045977011494,1.0,7.684783943522785
71,26509.0,random_sampling,symmetric,lognormal,30,0.4,26509.0,True,0.9908045977011494,1.0,10.185239576957109
72,17457.0,random_sampling,symmetric,lognormal,30,0.4,17457.0,True,0.9908045977011494,1.0000000000000002,9.76749599332478
73,6191.0,random_sampling,symmetric,lognormal,30,0.4,6191.0,True,0.993103448275862,0.9999999999999999,8.730851903519232
74,3179.0,random_sampling,symmetric,lognormal,30,0.4,3179.0,True,1.0,1.0,8.064321960910803
75,10596.0,random_sampling,symmetric,lognormal,30,0.4,10596.0,True,0.9977011494252873,1.0,9.26823185039196
76,24509.0,random_sampling,symmetric,lognormal,30,0.4,24509.0,True,0.9862068965517241,1.0000000000000002,10.106795676016226
77,21734.0,random_sampling,symmetric,lognormal,30,0.4,21734.0,True,0.9977011494252873,1.0,9.986633133622798
78,13725.0,random_sampling,symmetric,lognormal,30,0.4,13725.0,True,0.9954022988505747,0.9999999999999999,9.526974266377731
79,2776.0,random_sampling,symmetric,lognormal,30,0.4,2776.0,True,0.993103448275862,0.9999999999999999,7.9287663216266955
80,16544.0,random_sampling,symmetric,lognormal,30,0.4,16544.0,True,0.9954022988505747,1.0,9.713778777308155
81,8653.0,random_sampling,symmetric,lognormal,30,0.4,8653.0,True,0.9954022988505747,0.9999999999999999,9.06566136060674
82,12518.0,random_sampling,symmetric,lognormal,30,0.4,12518.0,True,1.0,1.0,9.434922887484646
83,5909.0,random_sampling,symmetric,lognormal,30,0.4,5909.0,True,0.9885057471264368,1.0,8.684231891345675
84,9114.0,random_sampling,symmetric,lognormal,30,0.4,9114.0,True,0.9977011494252873,0.9999999999999998,9.117566971823829
85,4770.0,random_sampling,symmetric,lognormal,30,0.4,4770.0,True,0.9816091954022989,1.0000000000000002,8.470101583882387
86,5183.0,random_sampling,symmetric,lognormal,30,0.4,5183.0,True,0.9908045977011494,1.0000000000000002,8.553139318189707
87,11780.0,random_sampling,symmetric,lognormal,30,0.4,11780.0,True,0.9908045977011494,1.0000000000000002,9.374158457205578
88,21298.0,random_sampling,symmetric,lognormal,30,0.4,21298.0,True,0.9885057471264368,1.0000000000000002,9.96636845057533
89,13112.0,random_sampling,symmetric,lognormal,30,0.4,13112.0,True,1.0,1.0000000000000002,9.481283120423665
90,53239.0,random_sampling,symmetric,lognormal,30,0.4,53239.0,True,0.9862068965517241,1.0000000000000002,10.882546489462625
91,27876.0,random_sampling,symmetric,lognormal,30,0.4,27876.0,True,1.0,1.0,10.23552138255841
92,24268.0,random_sampling,symmetric,lognormal,30,0.4,24268.0,True,0.9954022988505747,1.0000000000000002,10.096913889062188
93,17772.0,random_sampling,symmetric,lognormal,30,0.4,17772.0,True,0.993103448275862,0.9999999999999998,9.785379464055799
94,1728.0,random_sampling,symmetric,lognormal,30,0.4,1728.0,True,0.9954022988505747,1.0000000000000002,7.454719949364001
95,2087.0,random_sampling,symmetric,lognormal,30,0.4,2087.0,True,0.9862068965517241,1.0000000000000002,7.643482907077201
96,30700.0,random_sampling,symmetric,lognormal,30,0.4,30700.0,True,0.993103448275862,0.9999999999999999,10.332017933575289
97,2896.0,random_sampling,symmetric,lognormal,30,0.4,2896.0,True,0.9954022988505747,1.0000000000000002,7.971085753505607
98,7116.0,random_sampling,symmetric,lognormal,30,0.4,7116.0,True,0.9954022988505747,1.0,8.870101048785726
99,1796.0,random_sampling,symmetric,lognormal,30,0.4,1796.0,True,0.9908045977011494,1.0000000000000002,7.493317248862145
0,477.0,random_sampling,symmetric,lognormal,30,4.8,477.0,True,0.9379310344827586,0.9999999999999999,6.1675164908883415
1,659.0,random_sampling,symmetric,lognormal,30,4.8,659.0,True,0.9103448275862069,1.0000000000000002,6.490723534502507
2,1421.0,random_sampling,symmetric,lognormal,30,4.8,1421.0,True,0.9310344827586207,1.0,7.259116128097101
3,671.0,random_sampling,symmetric,lognormal,30,4.8,671.0,True,0.9379310344827586,1.0,6.508769136971682
4,4397.0,random_sampling,symmetric,lognormal,30,4.8,4397.0,True,0.9655172413793104,1.0000000000000002,8.388677769180811
5,191.0,random_sampling,symmetric,lognormal,30,4.8,191.0,True,0.9517241379310345,0.9999999999999999,5.25227342804663
6,3121.0,random_sampling,symmetric,lognormal,30,4.8,3121.0,True,0.9425287356321839,1.0,8.045908742270779
7,604.0,random_sampling,symmetric,lognormal,30,4.8,604.0,True,0.9195402298850575,1.0000000000000002,6.403574197934815
8,512.0,random_sampling,symmetric,lognormal,30,4.8,512.0,True,0.9287356321839081,0.9999999999999998,6.238324625039508
9,411.0,random_sampling,symmetric,lognormal,30,4.8,411.0,True,0.9333333333333333,1.0,6.018593214496234
10,27470.0,random_sampling,symmetric,lognormal,30,4.8,27470.0,True,0.9356321839080459,1.0,10.220849779089319
11,1352.0,random_sampling,symmetric,lognormal,30,4.8,1352.0,True,0.9425287356321839,0.9999999999999999,7.20934025660291
12,4053.0,random_sampling,symmetric,lognormal,30,4.8,4053.0,True,0.9425287356321839,0.9999999999999999,8.307212626628308
13,4541.0,random_sampling,symmetric,lognormal,30,4.8,4541.0,True,0.9586206896551724,1.0,8.420902531097951
14,5873.0,random_sampling,symmetric,lognormal,30,4.8,5873.0,True,0.9425287356321839,0.9999999999999999,8.67812085552252
15,1791.0,random_sampling,symmetric,lognormal,30,4.8,1791.0,True,0.9471264367816092,1.0000000000000002,7.490529402060711
16,2308.0,random_sampling,symmetric,lognormal,30,4.8,2308.0,True,0.9402298850574713,1.0000000000000002,7.744136627627991
17,914.0,random_sampling,symmetric,lognormal,30,4.8,914.0,True,0.9494252873563218,0.9999999999999999,6.81783057145415
18,135.0,random_sampling,symmetric,lognormal,30,4.8,135.0,True,0.9701149425287356,1.0,4.90527477843843
19,443.0,random_sampling,symmetric,lognormal,30,4.8,443.0,True,0.9448275862068966,1.0,6.093569770045136
20,480.0,random_sampling,symmetric,lognormal,30,4.8,480.0,True,0.960919540229885,1.0,6.173786103901937
21,4624.0,random_sampling,symmetric,lognormal,30,4.8,4624.0,True,0.9586206896551724,0.9999999999999999,8.439015410352214
22,589.0,random_sampling,symmetric,lognormal,30,4.8,589.0,True,0.9448275862068966,0.9999999999999998,6.3784261836515865
23,1355.0,random_sampling,symmetric,lognormal,30,4.8,1355.0,True,0.9310344827586207,1.0000000000000002,7.2115567333138015
24,5519.0,random_sampling,symmetric,lognormal,30,4.8,5519.0,True,0.9517241379310345,1.0000000000000002,8.615951963439501
25,2016.0,random_sampling,symmetric,lognormal,30,4.8,2016.0,True,0.9540229885057471,1.0000000000000002,7.60887062919126
26,3120.0,random_sampling,symmetric,lognormal,30,4.8,3120.0,True,0.9356321839080459,1.0000000000000002,8.045588280803528
27,2279.0,random_sampling,symmetric,lognormal,30,4.8,2279.0,True,0.9402298850574713,1.0,7.731492029245684
28,6089.0,random_sampling,symmetric,lognormal,30,4.8,6089.0,True,0.9402298850574713,1.0,8.714239143608575
29,742.0,random_sampling,symmetric,lognormal,30,4.8,742.0,True,0.9333333333333333,1.0,6.60934924316738
30,711.0,random_sampling,symmetric,lognormal,30,4.8,711.0,True,0.9563218390804598,0.9999999999999999,6.566672429803241
31,1056.0,random_sampling,symmetric,lognormal,30,4.8,1056.0,True,0.9333333333333333,0.9999999999999999,6.962243464266207
32,6573.0,random_sampling,symmetric,lognormal,30,4.8,6573.0,True,0.9517241379310345,0.9999999999999999,8.790725628263576
33,858.0,random_sampling,symmetric,lognormal,30,4.8,858.0,True,0.9310344827586207,1.0,6.754604099487962
34,452.0,random_sampling,symmetric,lognormal,30,4.8,452.0,True,0.9517241379310345,0.9999999999999999,6.113682179832232
35,699.0,random_sampling,symmetric,lognormal,30,4.8,699.0,True,0.9402298850574713,1.0000000000000002,6.54965074223381
36,5210.0,random_sampling,symmetric,lognormal,30,4.8,5210.0,True,0.9425287356321839,1.0000000000000002,8.558335134747413
37,1576.0,random_sampling,symmetric,lognormal,30,4.8,1576.0,True,0.9333333333333333,1.0,7.362645270417825
38,1578.0,random_sampling,symmetric,lognormal,30,4.8,1578.0,True,0.9333333333333333,0.9999999999999999,7.363913501405819
39,1403.0,random_sampling,symmetric,lognormal,30,4.8,1403.0,True,0.9586206896551724,1.0,7.246368080102461
40,5298.0,random_sampling,symmetric,lognormal,30,4.8,5298.0,True,0.9494252873563218,0.9999999999999999,8.575084669832014
41,7778.0,random_sampling,symmetric,lognormal,30,4.8,7778.0,True,0.9402298850574713,1.0,8.959054514715692
42,7096.0,random_sampling,symmetric,lognormal,30,4.8,7096.0,True,0.9494252873563218,0.9999999999999999,8.867286523989415
43,4760.0,random_sampling,symmetric,lognormal,30,4.8,4760.0,True,0.9471264367816092,1.0,8.468002947225466
44,1820.0,random_sampling,symmetric,lognormal,30,4.8,1820.0,True,0.9471264367816092,1.0000000000000002,7.506591780070841
45,20097.0,random_sampling,symmetric,lognormal,30,4.8,20097.0,True,0.9632183908045977,1.0,9.908325829176377
46,881.0,random_sampling,symmetric,lognormal,30,4.8,881.0,True,0.9264367816091954,0.9999999999999999,6.78105762593618
47,2105.0,random_sampling,symmetric,lognormal,30,4.8,2105.0,True,0.9356321839080459,1.0000000000000002,7.652070746116482
48,7618.0,random_sampling,symmetric,lognormal,30,4.8,7618.0,True,0.9425287356321839,1.0,8.938269147038548
49,3712.0,random_sampling,symmetric,lognormal,30,4.8,3712.0,True,0.9356321839080459,1.0,8.21932609390609
50,633.0,random_sampling,symmetric,lognormal,30,4.8,633.0,True,0.9402298850574713,0.9999999999999999,6.450470422144176
51,2033.0,random_sampling,symmetric,lognormal,30,4.8,2033.0,True,0.9425287356321839,1.0,7.617267813628347
52,521.0,random_sampling,symmetric,lognormal,30,4.8,521.0,True,0.9471264367816092,0.9999999999999999,6.255750041753367
53,3405.0,random_sampling,symmetric,lognormal,30,4.8,3405.0,True,0.9149425287356322,1.0,8.133000218583613
54,469.0,random_sampling,symmetric,lognormal,30,4.8,469.0,True,0.967816091954023,1.0,6.150602768446279
55,756.0,random_sampling,symmetric,lognormal,30,4.8,756.0,True,0.9586206896551724,1.0,6.628041376179533
56,2496.0,random_sampling,symmetric,lognormal,30,4.8,2496.0,True,0.9540229885057471,1.0,7.822444729489319
57,2008.0,random_sampling,symmetric,lognormal,30,4.8,2008.0,True,0.9494252873563218,0.9999999999999999,7.60489448081162
58,943.0,random_sampling,symmetric,lognormal,30,4.8,943.0,True,0.9586206896551724,1.0,6.849066282633458
59,2160.0,random_sampling,symmetric,lognormal,30,4.8,2160.0,True,0.9540229885057471,0.9999999999999999,7.67786350067821
60,311.0,random_sampling,symmetric,lognormal,30,4.8,311.0,True,0.960919540229885,1.0,5.739792912179234
61,3181.0,random_sampling,symmetric,lognormal,30,4.8,3181.0,True,0.9448275862068966,1.0,8.064950891749143
62,437.0,random_sampling,symmetric,lognormal,30,4.8,437.0,True,0.9425287356321839,1.0,6.07993319509559
63,906.0,random_sampling,symmetric,lognormal,30,4.8,906.0,True,0.9402298850574713,1.0,6.80903930604298
64,10077.0,random_sampling,symmetric,lognormal,30,4.8,10077.0,True,0.9586206896551724,0.9999999999999999,9.218010878280403
65,3398.0,random_sampling,symmetric,lognormal,30,4.8,3398.0,True,0.960919540229885,1.0,8.130942302231878
66,300.0,random_sampling,symmetric,lognormal,30,4.8,300.0,True,0.9563218390804598,1.0,5.703782474656201
67,1755.0,random_sampling,symmetric,lognormal,30,4.8,1755.0,True,0.9379310344827586,0.9999999999999999,7.470224135899966
68,443.0,random_sampling,symmetric,lognormal,30,4.8,443.0,True,0.9448275862068966,1.0,6.093569770045136
69,549.0,random_sampling,symmetric,lognormal,30,4.8,549.0,True,0.9218390804597701,1.0,6.3080984415095305
70,1025.0,random_sampling,symmetric,lognormal,30,4.8,1025.0,True,0.9425287356321839,1.0000000000000002,6.932447891572509
71,5577.0,random_sampling,symmetric,lognormal,30,4.8,5577.0,True,0.9540229885057471,1.0000000000000002,8.626406276389554
72,1598.0,random_sampling,symmetric,lognormal,30,4.8,1598.0,True,0.9333333333333333,1.0,7.37650812632622
73,4720.0,random_sampling,symmetric,lognormal,30,4.8,4720.0,True,0.9701149425287356,1.0,8.459564078579602
74,387.0,random_sampling,symmetric,lognormal,30,4.8,387.0,True,0.9379310344827586,1.0000000000000002,5.958424693029782
75,2088.0,random_sampling,symmetric,lognormal,30,4.8,2088.0,True,0.9402298850574713,1.0,7.643961949002529
76,1878.0,random_sampling,symmetric,lognormal,30,4.8,1878.0,True,0.9448275862068966,1.0,7.537962659768208
77,1006.0,random_sampling,symmetric,lognormal,30,4.8,1006.0,True,0.9425287356321839,0.9999999999999999,6.913737350659685
78,1285.0,random_sampling,symmetric,lognormal,30,4.8,1285.0,True,0.9333333333333333,1.0,7.158513997329321
79,5440.0,random_sampling,symmetric,lognormal,30,4.8,5440.0,True,0.9563218390804598,0.9999999999999998,8.601534339849989
80,986.0,random_sampling,symmetric,lognormal,30,4.8,986.0,True,0.9540229885057471,1.0000000000000002,6.893656354602635
81,7489.0,random_sampling,symmetric,lognormal,30,4.8,7489.0,True,0.9517241379310345,1.0,8.921190556249368
82,4361.0,random_sampling,symmetric,lognormal,30,4.8,4361.0,True,0.9471264367816092,1.0,8.380456667842767
83,487.0,random_sampling,symmetric,lognormal,30,4.8,487.0,True,0.9517241379310345,0.9999999999999999,6.18826412308259
84,4201.0,random_sampling,symmetric,lognormal,30,4.8,4201.0,True,0.9356321839080459,1.0000000000000002,8.343077871169383
85,461.0,random_sampling,symmetric,lognormal,30,4.8,461.0,True,0.9287356321839081,1.0,6.133398042996649
86,1381.0,random_sampling,symmetric,lognormal,30,4.8,1381.0,True,0.9425287356321839,1.0000000000000002,7.2305631534092925
87,2183.0,random_sampling,symmetric,lognormal,30,4.8,2183.0,True,0.9701149425287356,1.0000000000000002,7.688455356549944
88,924.0,random_sampling,symmetric,lognormal,30,4.8,924.0,True,0.9402298850574713,1.0,6.828712071641684
89,705.0,random_sampling,symmetric,lognormal,30,4.8,705.0,True,0.9333333333333333,1.0,6.558197802812269
90,816.0,random_sampling,symmetric,lognormal,30,4.8,816.0,True,0.9402298850574713,1.0000000000000002,6.704414354964107
91,2432.0,random_sampling,symmetric,lognormal,30,4.8,2432.0,True,0.9379310344827586,1.0,7.796469243086058
92,1265.0,random_sampling,symmetric,lognormal,30,4.8,1265.0,True,0.9517241379310345,0.9999999999999998,7.142827401161621
93,387.0,random_sampling,symmetric,lognormal,30,4.8,387.0,True,0.9540229885057471,1.0000000000000002,5.958424693029782
94,1624.0,random_sampling,symmetric,lognormal,30,4.8,1624.0,True,0.9471264367816092,1.0000000000000002,7.392647520721623
95,1981.0,random_sampling,symmetric,lognormal,30,4.8,1981.0,True,0.9448275862068966,1.0,7.591357046698551
96,3006.0,random_sampling,symmetric,lognormal,30,4.8,3006.0,True,0.9517241379310345,1.0000000000000002,8.00836557031292
97,1333.0,random_sampling,symmetric,lognormal,30,4.8,1333.0,True,0.9402298850574713,1.0000000000000002,7.195187320178709
98,4460.0,random_sampling,symmetric,lognormal,30,4.8,4460.0,True,0.9333333333333333,1.0,8.40290404501411
99,1149.0,random_sampling,symmetric,lognormal,30,4.8,1149.0,True,0.967816091954023,1.0,7.046647277848756
0,14646.0,random_sampling,symmetric,lognormal,30,1.6,14646.0,True,0.9977011494252873,0.9999999999999999,9.591922539621015
1,7833.0,random_sampling,symmetric,lognormal,30,1.6,7833.0,True,0.9977011494252873,0.9999999999999999,8.96610085736724
2,933.0,random_sampling,symmetric,lognormal,30,1.6,933.0,True,0.9977011494252873,0.9999999999999998,6.838405200847344
3,14095.0,random_sampling,symmetric,lognormal,30,1.6,14095.0,True,0.993103448275862,1.0000000000000002,9.553575403548212
4,2217.0,random_sampling,symmetric,lognormal,30,1.6,2217.0,True,0.9954022988505747,0.9999999999999999,7.7039102096163115
5,14460.0,random_sampling,symmetric,lognormal,30,1.6,14460.0,True,1.0,1.0,9.579141495712756
6,52464.0,random_sampling,symmetric,lognormal,30,1.6,52464.0,True,1.0,1.0000000000000002,10.867882499084429
7,1283.0,random_sampling,symmetric,lognormal,30,1.6,1283.0,True,1.0,1.0,7.1569563646156364
8,1846.0,random_sampling,symmetric,lognormal,30,1.6,1846.0,True,0.9977011494252873,1.0,7.520776415062797
9,9956.0,random_sampling,symmetric,lognormal,30,1.6,9956.0,True,0.9977011494252873,1.0,9.205930663487482
10,11570.0,random_sampling,symmetric,lognormal,30,1.6,11570.0,True,1.0,1.0,9.356170820187723
11,3661.0,random_sampling,symmetric,lognormal,30,1.6,3661.0,True,0.9977011494252873,1.0,8.205491613120236
12,13357.0,random_sampling,symmetric,lognormal,30,1.6,13357.0,True,0.9954022988505747,1.0000000000000002,9.499795870977106
13,11441.0,random_sampling,symmetric,lognormal,30,1.6,11441.0,True,0.9954022988505747,1.0,9.344958673700944
14,7368.0,random_sampling,symmetric,lognormal,30,1.6,7368.0,True,0.993103448275862,0.9999999999999999,8.904901577935142
15,12506.0,random_sampling,symmetric,lognormal,30,1.6,12506.0,True,0.9954022988505747,1.0000000000000002,9.433963808127244
16,5087.0,random_sampling,symmetric,lognormal,30,1.6,5087.0,True,0.993103448275862,1.0000000000000002,8.534443544822764
17,15182.0,random_sampling,symmetric,lognormal,30,1.6,15182.0,True,0.9908045977011494,1.0000000000000002,9.627865794576714
18,24722.0,random_sampling,symmetric,lognormal,30,1.6,24722.0,True,1.0,1.0000000000000002,10.115448814447769
19,9287.0,random_sampling,symmetric,lognormal,30,1.6,9287.0,True,1.0,1.0000000000000002,9.13637085177601
20,2372.0,random_sampling,symmetric,lognormal,30,1.6,2372.0,True,1.0,0.9999999999999999,7.771488760117616
21,2605.0,random_sampling,symmetric,lognormal,30,1.6,2605.0,True,0.9954022988505747,1.0,7.865187954187467
22,15925.0,random_sampling,symmetric,lognormal,30,1.6,15925.0,True,1.0,1.0,9.675645480440364
23,11700.0,random_sampling,symmetric,lognormal,30,1.6,11700.0,True,1.0,1.0,9.367344120785848
24,3648.0,random_sampling,symmetric,lognormal,30,1.6,3648.0,True,0.9954022988505747,1.0000000000000002,8.201934351194222
25,15926.0,random_sampling,symmetric,lognormal,30,1.6,15926.0,True,1.0,0.9999999999999999,9.67570827281739
26,2649.0,random_sampling,symmetric,lognormal,30,1.6,2649.0,True,0.9977011494252873,1.0,7.88193748927207
27,2245.0,random_sampling,symmetric,lognormal,30,1.6,2245.0,True,0.9977011494252873,1.0,7.716460800176355
28,9171.0,random_sampling,symmetric,lognormal,30,1.6,9171.0,True,0.9954022988505747,1.0000000000000002,9.123801610558944
29,10735.0,random_sampling,symmetric,lognormal,30,1.6,10735.0,True,0.9977011494252873,1.0,9.28126471031288
30,10957.0,random_sampling,symmetric,lognormal,30,1.6,10957.0,True,0.993103448275862,1.0,9.301733800405394
31,2782.0,random_sampling,symmetric,lognormal,30,1.6,2782.0,True,0.9954022988505747,1.0,7.930925372483388
32,7249.0,random_sampling,symmetric,lognormal,30,1.6,7249.0,True,0.9954022988505747,1.0,8.888618807300878
33,30583.0,random_sampling,symmetric,lognormal,30,1.6,30583.0,True,0.9977011494252873,1.0,10.32819957800675
34,14188.0,random_sampling,symmetric,lognormal,30,1.6,14188.0,True,0.9954022988505747,1.0,9.560151815893512
35,10253.0,random_sampling,symmetric,lognormal,30,1.6,10253.0,True,0.9977011494252873,0.9999999999999999,9.235325624670091
36,61384.0,random_sampling,symmetric,lognormal,30,1.6,61384.0,True,1.0,0.9999999999999997,11.024904493857502
37,3726.0,random_sampling,symmetric,lognormal,30,1.6,3726.0,True,1.0,1.0,8.223090551161533
38,1676.0,random_sampling,symmetric,lognormal,30,1.6,1676.0,True,0.9954022988505747,1.0,7.424165281042028
39,5342.0,random_sampling,symmetric,lognormal,30,1.6,5342.0,True,0.9977011494252873,1.0,8.583355393669907
40,7225.0,random_sampling,symmetric,lognormal,30,1.6,7225.0,True,0.9954022988505747,0.9999999999999999,8.885302512980633
41,10391.0,random_sampling,symmetric,lognormal,30,1.6,10391.0,True,0.9977011494252873,0.9999999999999999,9.248695325852646
42,1926.0,random_sampling,symmetric,lognormal,30,1.6,1926.0,True,1.0,1.0,7.563200592358071
43,1213.0,random_sampling,symmetric,lognormal,30,1.6,1213.0,True,0.993103448275862,0.9999999999999999,7.10085190894405
44,1073.0,random_sampling,symmetric,lognormal,30,1.6,1073.0,True,0.9977011494252873,0.9999999999999999,6.9782137426306985
45,10971.0,random_sampling,symmetric,lognormal,30,1.6,10971.0,True,0.9954022988505747,1.0000000000000002,9.30301070681749
46,2202.0,random_sampling,symmetric,lognormal,30,1.6,2202.0,True,0.993103448275862,0.9999999999999999,7.697121317282625
47,1286.0,random_sampling,symmetric,lognormal,30,1.6,1286.0,True,0.9954022988505747,1.0,7.1592919047975645
48,18467.0,random_sampling,symmetric,lognormal,30,1.6,18467.0,True,0.9977011494252873,1.0,9.823740634445873
49,18431.0,random_sampling,symmetric,lognormal,30,1.6,18431.0,True,0.9977011494252873,1.0000000000000002,9.821789308551622
50,3256.0,random_sampling,symmetric,lognormal,30,1.6,3256.0,True,1.0,1.0,8.08825472712243
51,4113.0,random_sampling,symmetric,lognormal,30,1.6,4113.0,True,1.0,1.0,8.321907968230423
52,9911.0,random_sampling,symmetric,lognormal,30,1.6,9911.0,True,0.9977011494252873,1.0000000000000002,9.201400530406708
53,47809.0,random_sampling,symmetric,lognormal,30,1.6,47809.0,True,0.993103448275862,1.0,10.77496918527507
54,2486.0,random_sampling,symmetric,lognormal,30,1.6,2486.0,True,0.9954022988505747,0.9999999999999999,7.818430272070656
55,3458.0,random_sampling,symmetric,lognormal,30,1.6,3458.0,True,0.9954022988505747,1.0,8.148445666243235
56,1809.0,random_sampling,symmetric,lognormal,30,1.6,1809.0,True,1.0,0.9999999999999999,7.500529485395295
57,1545.0,random_sampling,symmetric,lognormal,30,1.6,1545.0,True,1.0,1.0000000000000002,7.3427791893318455
58,34467.0,random_sampling,symmetric,lognormal,30,1.6,34467.0,True,0.9954022988505747,1.0,10.447757623521474
59,1941.0,random_sampling,symmetric,lognormal,30,1.6,1941.0,True,0.9885057471264368,1.0,7.57095858316901
60,1136.0,random_sampling,symmetric,lognormal,30,1.6,1136.0,True,0.9977011494252873,1.0000000000000002,7.035268599281097
61,7977.0,random_sampling,symmetric,lognormal,30,1.6,7977.0,True,0.9977011494252873,1.0000000000000002,8.984317679911129
62,13980.0,random_sampling,symmetric,lognormal,30,1.6,13980.0,True,0.9954022988505747,1.0,9.5453830157878
63,9981.0,random_sampling,symmetric,lognormal,30,1.6,9981.0,True,0.9954022988505747,1.0000000000000002,9.208438564686587
64,8152.0,random_sampling,symmetric,lognormal,30,1.6,8152.0,True,0.9977011494252873,1.0,9.00601857490256
65,4959.0,random_sampling,symmetric,lognormal,30,1.6,4959.0,True,0.9977011494252873,1.0000000000000002,8.508959386489133
66,9194.0,random_sampling,symmetric,lognormal,30,1.6,9194.0,True,0.9977011494252873,0.9999999999999999,9.126306376366173
67,9241.0,random_sampling,symmetric,lognormal,30,1.6,9241.0,True,0.9954022988505747,1.0000000000000002,9.13140538388804
68,7125.0,random_sampling,symmetric,lognormal,30,1.6,7125.0,True,1.0,1.0000000000000002,8.871365005136852
69,797.0,random_sampling,symmetric,lognormal,30,1.6,797.0,True,0.9977011494252873,1.0,6.680854678790215
70,25371.0,random_sampling,symmetric,lognormal,30,1.6,25371.0,True,0.9954022988505747,1.0,10.141362068450333
71,8667.0,random_sampling,symmetric,lognormal,30,1.6,8667.0,True,0.9954022988505747,0.9999999999999999,9.067277989134345
72,5539.0,random_sampling,symmetric,lognormal,30,1.6,5539.0,True,0.9977011494252873,0.9999999999999998,8.619569258033104
73,6443.0,random_sampling,symmetric,lognormal,30,1.6,6443.0,True,0.9977011494252873,1.0,8.770749549138642
74,1430.0,random_sampling,symmetric,lognormal,30,1.6,1430.0,True,0.9954022988505747,1.0,7.265429723253953
75,27412.0,random_sampling,symmetric,lognormal,30,1.6,27412.0,True,0.9908045977011494,1.0000000000000002,10.218736152705715
76,12738.0,random_sampling,symmetric,lognormal,30,1.6,12738.0,True,1.0,1.0,9.45234493093131
77,15264.0,random_sampling,symmetric,lognormal,30,1.6,15264.0,True,0.9977011494252873,1.0,9.633252393688068
78,13524.0,random_sampling,symmetric,lognormal,30,1.6,13524.0,True,0.9954022988505747,1.0,9.512221163827776
79,14305.0,random_sampling,symmetric,lognormal,30,1.6,14305.0,True,0.993103448275862,0.9999999999999999,9.56836440548421
80,1767.0,random_sampling,symmetric,lognormal,30,1.6,1767.0,True,1.0,1.0000000000000002,7.4770384723196965
81,3456.0,random_sampling,symmetric,lognormal,30,1.6,3456.0,True,0.993103448275862,0.9999999999999999,8.147867129923947
82,3375.0,random_sampling,symmetric,lognormal,30,1.6,3375.0,True,1.0,1.0,8.12415060330663
83,7031.0,random_sampling,symmetric,lognormal,30,1.6,7031.0,True,1.0,0.9999999999999998,8.858084222199162
84,3961.0,random_sampling,symmetric,lognormal,30,1.6,3961.0,True,0.9977011494252873,1.0000000000000002,8.284251797621916
85,6452.0,random_sampling,symmetric,lognormal,30,1.6,6452.0,True,0.9954022988505747,1.0,8.772145439245099
86,6460.0,random_sampling,symmetric,lognormal,30,1.6,6460.0,True,1.0,1.0000000000000002,8.773384596776648
87,18115.0,random_sampling,symmetric,lognormal,30,1.6,18115.0,True,0.9977011494252873,0.9999999999999999,9.804495603329178
88,11692.0,random_sampling,symmetric,lognormal,30,1.6,11692.0,True,1.0,1.0000000000000002,9.366660126231137
89,2636.0,random_sampling,symmetric,lognormal,30,1.6,2636.0,True,0.9954022988505747,1.0000000000000002,7.877017895622398
90,9581.0,random_sampling,symmetric,lognormal,30,1.6,9581.0,True,0.9977011494252873,1.0000000000000002,9.167537249650874
91,3150.0,random_sampling,symmetric,lognormal,30,1.6,3150.0,True,0.9977011494252873,0.9999999999999999,8.055157731819678
92,4200.0,random_sampling,symmetric,lognormal,30,1.6,4200.0,True,0.9977011494252873,1.0,8.34283980427146
93,15671.0,random_sampling,symmetric,lognormal,30,1.6,15671.0,True,0.9977011494252873,1.0,9.659567149523216
94,3869.0,random_sampling,symmetric,lognormal,30,1.6,3869.0,True,1.0,1.0000000000000002,8.260751354700513
95,13830.0,random_sampling,symmetric,lognormal,30,1.6,13830.0,True,0.9977011494252873,0.9999999999999998,9.534595424658804
96,8076.0,random_sampling,symmetric,lognormal,30,1.6,8076.0,True,1.0,0.9999999999999999,8.996651979432729
97,4139.0,random_sampling,symmetric,lognormal,30,1.6,4139.0,True,0.9977011494252873,0.9999999999999999,8.328209491748732
98,5650.0,random_sampling,symmetric,lognormal,30,1.6,5650.0,True,1.0,1.0,8.639410824140487
99,10405.0,random_sampling,symmetric,lognormal,30,1.6,10405.0,True,0.9954022988505747,1.0000000000000002,9.250041738827735
0,2205.0,random_sampling,symmetric,lognormal,30,2.6,2205.0,True,0.993103448275862,1.0,7.6984827878809465
1,11379.0,random_sampling,symmetric,lognormal,30,2.6,11379.0,True,1.0,1.0000000000000002,9.339524830357009
2,9225.0,random_sampling,symmetric,lognormal,30,2.6,9225.0,True,0.9954022988505747,1.0,9.129672468908728
3,8172.0,random_sampling,symmetric,lognormal,30,2.6,8172.0,True,0.993103448275862,1.0,9.008468955937513
4,10316.0,random_sampling,symmetric,lognormal,30,2.6,10316.0,True,0.9954022988505747,0.9999999999999999,9.241451367001236
5,6844.0,random_sampling,symmetric,lognormal,30,2.6,6844.0,True,0.9954022988505747,1.0000000000000002,8.831127635012084
6,6309.0,random_sampling,symmetric,lognormal,30,2.6,6309.0,True,0.9977011494252873,1.0,8.74973246437081
7,7053.0,random_sampling,symmetric,lognormal,30,2.6,7053.0,True,0.993103448275862,1.0,8.86120833720818
8,461.0,random_sampling,symmetric,lognormal,30,2.6,461.0,True,0.9977011494252873,0.9999999999999999,6.133398042996649
9,12167.0,random_sampling,symmetric,lognormal,30,2.6,12167.0,True,1.0,1.0,9.406482647787449
10,2551.0,random_sampling,symmetric,lognormal,30,2.6,2551.0,True,0.9862068965517241,1.0000000000000002,7.844240718141811
11,11805.0,random_sampling,symmetric,lognormal,30,2.6,11805.0,True,0.9885057471264368,0.9999999999999999,9.376278449519614
12,1069.0,random_sampling,symmetric,lognormal,30,2.6,1069.0,True,0.9908045977011494,0.9999999999999999,6.974478911025045
13,6883.0,random_sampling,symmetric,lognormal,30,2.6,6883.0,True,0.9885057471264368,0.9999999999999999,8.836809882398365
14,874.0,random_sampling,symmetric,lognormal,30,2.6,874.0,True,0.9977011494252873,0.9999999999999998,6.773080375655535
15,13790.0,random_sampling,symmetric,lognormal,30,2.6,13790.0,True,1.0,1.0000000000000002,9.531698970787348
16,3589.0,random_sampling,symmetric,lognormal,30,2.6,3589.0,True,0.9908045977011494,1.0,8.185628891147607
17,2748.0,random_sampling,symmetric,lognormal,30,2.6,2748.0,True,0.993103448275862,0.9999999999999999,7.91862865334224
18,1548.0,random_sampling,symmetric,lognormal,30,2.6,1548.0,True,0.993103448275862,1.0,7.344719054149673
19,2171.0,random_sampling,symmetric,lognormal,30,2.6,2171.0,True,1.0,1.0000000000000002,7.682943169878292
20,3388.0,random_sampling,symmetric,lognormal,30,2.6,3388.0,True,0.9954022988505747,0.9999999999999999,8.127995055771946
21,1257.0,random_sampling,symmetric,lognormal,30,2.6,1257.0,True,0.993103448275862,1.0000000000000002,7.136483208590247
22,3410.0,random_sampling,symmetric,lognormal,30,2.6,3410.0,True,0.9885057471264368,1.0,8.134467570277563
23,6475.0,random_sampling,symmetric,lognormal,30,2.6,6475.0,True,0.9977011494252873,0.9999999999999999,8.775703886567738
24,4363.0,random_sampling,symmetric,lognormal,30,2.6,4363.0,True,0.9954022988505747,1.0,8.38091517312361
25,1637.0,random_sampling,symmetric,lognormal,30,2.6,1637.0,True,0.993103448275862,1.0,7.400620577371135
26,2410.0,random_sampling,symmetric,lognormal,30,2.6,2410.0,True,0.993103448275862,0.9999999999999998,7.787382026484701
27,6416.0,random_sampling,symmetric,lognormal,30,2.6,6416.0,True,0.9954022988505747,0.9999999999999999,8.766550149546351
28,2139.0,random_sampling,symmetric,lognormal,30,2.6,2139.0,True,0.9954022988505747,1.0000000000000002,7.668093709082406
29,17671.0,random_sampling,symmetric,lognormal,30,2.6,17671.0,True,0.9954022988505747,1.0,9.779680156808055
30,5951.0,random_sampling,symmetric,lognormal,30,2.6,5951.0,True,0.9908045977011494,1.0,8.691314551644853
31,762.0,random_sampling,symmetric,lognormal,30,2.6,762.0,True,0.9954022988505747,1.0,6.635946555686647
32,2478.0,random_sampling,symmetric,lognormal,30,2.6,2478.0,True,0.993103448275862,0.9999999999999999,7.815207062189088
33,767.0,random_sampling,symmetric,lognormal,30,2.6,767.0,True,0.9885057471264368,1.0000000000000002,6.642486801367256
34,1311.0,random_sampling,symmetric,lognormal,30,2.6,1311.0,True,0.9954022988505747,1.0,7.1785454837637
35,3488.0,random_sampling,symmetric,lognormal,30,2.6,3488.0,True,0.9862068965517241,1.0000000000000002,8.15708378502887
36,6398.0,random_sampling,symmetric,lognormal,30,2.6,6398.0,True,0.9954022988505747,0.9999999999999999,8.763740720509464
37,18884.0,random_sampling,symmetric,lognormal,30,2.6,18884.0,True,0.993103448275862,1.0000000000000002,9.846070281666178
38,33495.0,random_sampling,symmetric,lognormal,30,2.6,33495.0,True,0.9977011494252873,1.0,10.419151452942367
39,4874.0,random_sampling,symmetric,lognormal,30,2.6,4874.0,True,0.9908045977011494,1.0000000000000002,8.491670234185152
40,2136.0,random_sampling,symmetric,lognormal,30,2.6,2136.0,True,0.993103448275862,1.0,7.666690200080086
41,4579.0,random_sampling,symmetric,lognormal,30,2.6,4579.0,True,0.9954022988505747,1.0,8.429235912657095
42,2370.0,random_sampling,symmetric,lognormal,30,2.6,2370.0,True,0.9977011494252873,0.9999999999999999,7.7706452341291765
43,9970.0,random_sampling,symmetric,lognormal,30,2.6,9970.0,True,0.9954022988505747,1.0,9.207335862955883
44,2572.0,random_sampling,symmetric,lognormal,30,2.6,2572.0,True,0.9977011494252873,0.9999999999999999,7.85243908535751
45,2735.0,random_sampling,symmetric,lognormal,30,2.6,2735.0,True,0.9977011494252873,0.9999999999999999,7.913886714856082
46,5285.0,random_sampling,symmetric,lognormal,30,2.6,5285.0,True,0.9908045977011494,0.9999999999999999,8.572627898304338
47,4070.0,random_sampling,symmetric,lognormal,30,2.6,4070.0,True,0.993103448275862,1.0,8.311398278436641
48,494.0,random_sampling,symmetric,lognormal,30,2.6,494.0,True,0.993103448275862,1.0000000000000002,6.202535517187923
49,1627.0,random_sampling,symmetric,lognormal,30,2.6,1627.0,True,0.9908045977011494,0.9999999999999999,7.394493107219038
50,3735.0,random_sampling,symmetric,lognormal,30,2.6,3735.0,True,0.9954022988505747,1.0000000000000002,8.225503097566918
51,8397.0,random_sampling,symmetric,lognormal,30,2.6,8397.0,True,0.9885057471264368,1.0,9.035629778183564
52,9616.0,random_sampling,symmetric,lognormal,30,2.6,9616.0,True,0.9977011494252873,1.0,9.17118365677499
53,4853.0,random_sampling,symmetric,lognormal,30,2.6,4853.0,True,0.993103448275862,0.9999999999999998,8.487352349405215
54,19798.0,random_sampling,symmetric,lognormal,30,2.6,19798.0,True,0.9885057471264368,1.0000000000000002,9.893336201479753
55,8193.0,random_sampling,symmetric,lognormal,30,2.6,8193.0,True,1.0,1.0000000000000002,9.011035410141815
56,1719.0,random_sampling,symmetric,lognormal,30,2.6,1719.0,True,0.9977011494252873,1.0,7.449498005382849
57,2629.0,random_sampling,symmetric,lognormal,30,2.6,2629.0,True,0.9908045977011494,1.0000000000000002,7.874358824729881
58,7301.0,random_sampling,symmetric,lognormal,30,2.6,7301.0,True,1.0,1.0,8.895766604056085
59,2091.0,random_sampling,symmetric,lognormal,30,2.6,2091.0,True,0.993103448275862,0.9999999999999999,7.645397699428633
60,3594.0,random_sampling,symmetric,lognormal,30,2.6,3594.0,True,0.9954022988505747,1.0000000000000002,8.187021067343505
61,3787.0,random_sampling,symmetric,lognormal,30,2.6,3787.0,True,0.993103448275862,1.0000000000000002,8.239329427901795
62,1686.0,random_sampling,symmetric,lognormal,30,2.6,1686.0,True,0.9977011494252873,0.9999999999999999,7.430114138561801
63,17836.0,random_sampling,symmetric,lognormal,30,2.6,17836.0,True,0.9816091954022989,1.0000000000000002,9.788974165747367
64,7136.0,random_sampling,symmetric,lognormal,30,2.6,7136.0,True,0.9954022988505747,1.0,8.872907674259846
65,2969.0,random_sampling,symmetric,lognormal,30,2.6,2969.0,True,1.0,0.9999999999999999,7.99598047476376
66,7215.0,random_sampling,symmetric,lognormal,30,2.6,7215.0,True,0.993103448275862,0.9999999999999999,8.88391747120797
67,1905.0,random_sampling,symmetric,lognormal,30,2.6,1905.0,True,0.9839080459770115,1.0,7.552237287560802
68,1665.0,random_sampling,symmetric,lognormal,30,2.6,1665.0,True,0.9908045977011494,1.0,7.417580402414544
69,1954.0,random_sampling,symmetric,lognormal,30,2.6,1954.0,True,0.9954022988505747,1.0,7.577633832602728
70,3838.0,random_sampling,symmetric,lognormal,30,2.6,3838.0,True,0.9908045977011494,0.9999999999999999,8.252706676567644
71,161993.0,random_sampling,symmetric,lognormal,30,2.6,161993.0,True,0.9954022988505747,0.9999999999999999,11.995308403404405
72,2476.0,random_sampling,symmetric,lognormal,30,2.6,2476.0,True,0.9977011494252873,1.0,7.814399633804487
73,624.0,random_sampling,symmetric,lognormal,30,2.6,624.0,True,0.9908045977011494,1.0,6.436150368369428
74,9574.0,random_sampling,symmetric,lognormal,30,2.6,9574.0,True,0.9908045977011494,0.9999999999999999,9.166806369952454
75,277.0,random_sampling,symmetric,lognormal,30,2.6,277.0,True,0.9977011494252873,1.0,5.6240175061873385
76,42507.0,random_sampling,symmetric,lognormal,30,2.6,42507.0,True,0.9954022988505747,0.9999999999999999,10.657424047232336
77,526.0,random_sampling,symmetric,lognormal,30,2.6,526.0,True,0.9977011494252873,1.0,6.26530121273771
78,10849.0,random_sampling,symmetric,lognormal,30,2.6,10849.0,True,0.9908045977011494,0.9999999999999999,9.29182818882245
79,17478.0,random_sampling,symmetric,lognormal,30,2.6,17478.0,True,0.9885057471264368,0.9999999999999999,9.768698226187489
80,1980.0,random_sampling,symmetric,lognormal,30,2.6,1980.0,True,0.9977011494252873,1.0,7.590852123688581
81,1924.0,random_sampling,symmetric,lognormal,30,2.6,1924.0,True,0.993103448275862,1.0000000000000002,7.562161631225652
82,16219.0,random_sampling,symmetric,lognormal,30,2.6,16219.0,True,0.9908045977011494,1.0000000000000002,9.69393867348769
83,5614.0,random_sampling,symmetric,lognormal,30,2.6,5614.0,True,0.9977011494252873,1.0,8.633018756921828
84,2824.0,random_sampling,symmetric,lognormal,30,2.6,2824.0,True,0.9908045977011494,1.0,7.945909598613133
85,890.0,random_sampling,symmetric,lognormal,30,2.6,890.0,True,0.9954022988505747,0.9999999999999999,6.7912214627261855
86,1527.0,random_sampling,symmetric,lognormal,30,2.6,1527.0,True,0.9977011494252873,0.9999999999999999,7.3310603052186325
87,2367.0,random_sampling,symmetric,lognormal,30,2.6,2367.0,True,0.993103448275862,1.0000000000000002,7.769378609513984
88,2564.0,random_sampling,symmetric,lognormal,30,2.6,2564.0,True,0.9908045977011494,1.0000000000000002,7.849323818040561
89,7141.0,random_sampling,symmetric,lognormal,30,2.6,7141.0,True,0.9954022988505747,1.0000000000000002,8.87360810154911
90,3595.0,random_sampling,symmetric,lognormal,30,2.6,3595.0,True,0.9954022988505747,0.9999999999999999,8.187299270155147
91,7241.0,random_sampling,symmetric,lognormal,30,2.6,7241.0,True,0.9977011494252873,0.9999999999999998,8.88751459738882
92,2640.0,random_sampling,symmetric,lognormal,30,2.6,2640.0,True,1.0,1.0,7.878534196140362
93,8485.0,random_sampling,symmetric,lognormal,30,2.6,8485.0,True,0.9954022988505747,1.0,9.046055177668327
94,9419.0,random_sampling,symmetric,lognormal,30,2.6,9419.0,True,0.9954022988505747,1.0,9.150484204822817
95,1381.0,random_sampling,symmetric,lognormal,30,2.6,1381.0,True,0.9954022988505747,0.9999999999999999,7.2305631534092925
96,7928.0,random_sampling,symmetric,lognormal,30,2.6,7928.0,True,0.9977011494252873,1.0000000000000002,8.978156076009824
97,4033.0,random_sampling,symmetric,lognormal,30,2.6,4033.0,True,0.9977011494252873,1.0,8.302265794873367
98,892.0,random_sampling,symmetric,lognormal,30,2.6,892.0,True,0.993103448275862,1.0,6.79346613258001
99,6788.0,random_sampling,symmetric,lognormal,30,2.6,6788.0,True,0.993103448275862,1.0000000000000002,8.822911626354117
0,239.0,random_sampling,symmetric,lognormal,20,1.0,239.0,True,0.9947368421052631,1.0,5.476463551931511
1,598.0,random_sampling,symmetric,lognormal,20,1.0,598.0,True,0.9947368421052631,1.0,6.393590753950631
2,172.0,random_sampling,symmetric,lognormal,20,1.0,172.0,True,0.9947368421052631,1.0,5.147494476813453
3,352.0,random_sampling,symmetric,lognormal,20,1.0,352.0,True,1.0,1.0,5.863631175598097
4,642.0,random_sampling,symmetric,lognormal,20,1.0,642.0,True,1.0,1.0,6.464588303689961
5,563.0,random_sampling,symmetric,lognormal,20,1.0,563.0,True,1.0,0.9999999999999998,6.333279628139691
6,348.0,random_sampling,symmetric,lognormal,20,1.0,348.0,True,1.0,1.0000000000000002,5.8522024797744745
7,163.0,random_sampling,symmetric,lognormal,20,1.0,163.0,True,1.0,1.0,5.093750200806762
8,282.0,random_sampling,symmetric,lognormal,20,1.0,282.0,True,1.0,1.0,5.641907070938114
9,339.0,random_sampling,symmetric,lognormal,20,1.0,339.0,True,0.9947368421052631,0.9999999999999998,5.82600010738045
10,795.0,random_sampling,symmetric,lognormal,20,1.0,795.0,True,0.9947368421052631,1.0,6.678342114654332
11,375.0,random_sampling,symmetric,lognormal,20,1.0,375.0,True,1.0,1.0,5.926926025970411
12,267.0,random_sampling,symmetric,lognormal,20,1.0,267.0,True,0.9947368421052631,1.0,5.58724865840025
13,336.0,random_sampling,symmetric,lognormal,20,1.0,336.0,True,1.0,1.0,5.817111159963204
14,245.0,random_sampling,symmetric,lognormal,20,1.0,245.0,True,0.9947368421052631,0.9999999999999997,5.501258210544727
15,564.0,random_sampling,symmetric,lognormal,20,1.0,564.0,True,1.0,1.0,6.335054251498059
16,248.0,random_sampling,symmetric,lognormal,20,1.0,248.0,True,1.0,1.0,5.5134287461649825
17,1129.0,random_sampling,symmetric,lognormal,20,1.0,1129.0,True,1.0,0.9999999999999998,7.029087564149662
18,227.0,random_sampling,symmetric,lognormal,20,1.0,227.0,True,0.9947368421052631,1.0000000000000002,5.424950017481403
19,296.0,random_sampling,symmetric,lognormal,20,1.0,296.0,True,1.0,1.0,5.69035945432406
20,389.0,random_sampling,symmetric,lognormal,20,1.0,389.0,True,0.9947368421052631,1.0,5.963579343618446
21,1452.0,random_sampling,symmetric,lognormal,20,1.0,1452.0,True,0.9947368421052631,1.0,7.280697195384741
22,800.0,random_sampling,symmetric,lognormal,20,1.0,800.0,True,1.0,0.9999999999999998,6.684611727667927
23,868.0,random_sampling,symmetric,lognormal,20,1.0,868.0,True,0.9947368421052631,1.0,6.7661917146603505
24,285.0,random_sampling,symmetric,lognormal,20,1.0,285.0,True,0.9947368421052631,1.0000000000000002,5.652489180268651
25,702.0,random_sampling,symmetric,lognormal,20,1.0,702.0,True,0.9947368421052631,1.0,6.553933404025811
26,213.0,random_sampling,symmetric,lognormal,20,1.0,213.0,True,1.0,0.9999999999999998,5.3612921657094255
27,220.0,random_sampling,symmetric,lognormal,20,1.0,220.0,True,1.0,1.0,5.393627546352362
28,821.0,random_sampling,symmetric,lognormal,20,1.0,821.0,True,1.0,1.0000000000000002,6.710523109452428
29,1600.0,random_sampling,symmetric,lognormal,20,1.0,1600.0,True,1.0,1.0000000000000002,7.3777589082278725
30,162.0,random_sampling,symmetric,lognormal,20,1.0,162.0,True,0.9947368421052631,1.0,5.087596335232384
31,350.0,random_sampling,symmetric,lognormal,20,1.0,350.0,True,0.9947368421052631,0.9999999999999998,5.857933154483459
32,305.0,random_sampling,symmetric,lognormal,20,1.0,305.0,True,0.9947368421052631,1.0,5.720311776607412
33,210.0,random_sampling,symmetric,lognormal,20,1.0,210.0,True,1.0,1.0000000000000002,5.3471075307174685
34,165.0,random_sampling,symmetric,lognormal,20,1.0,165.0,True,1.0,1.0000000000000002,5.10594547390058
35,514.0,random_sampling,symmetric,lognormal,20,1.0,514.0,True,1.0,1.0,6.2422232654551655
36,847.0,random_sampling,symmetric,lognormal,20,1.0,847.0,True,0.9894736842105263,0.9999999999999998,6.741700694652055
37,1099.0,random_sampling,symmetric,lognormal,20,1.0,1099.0,True,1.0,1.0,7.002155954403621
38,186.0,random_sampling,symmetric,lognormal,20,1.0,186.0,True,0.9947368421052631,1.0000000000000002,5.225746673713202
39,231.0,random_sampling,symmetric,lognormal,20,1.0,231.0,True,1.0,1.0000000000000002,5.442417710521793
40,943.0,random_sampling,symmetric,lognormal,20,1.0,943.0,True,0.9894736842105263,1.0,6.849066282633458
41,518.0,random_sampling,symmetric,lognormal,20,1.0,518.0,True,1.0,1.0,6.249975242259483
42,683.0,random_sampling,symmetric,lognormal,20,1.0,683.0,True,0.9947368421052631,0.9999999999999998,6.52649485957079
43,1030.0,random_sampling,symmetric,lognormal,20,1.0,1030.0,True,1.0,1.0,6.937314081223682
44,362.0,random_sampling,symmetric,lognormal,20,1.0,362.0,True,0.9947368421052631,0.9999999999999998,5.8916442118257715
45,83.0,random_sampling,symmetric,lognormal,20,1.0,83.0,True,1.0,1.0000000000000002,4.418840607796598
46,344.0,random_sampling,symmetric,lognormal,20,1.0,344.0,True,1.0,0.9999999999999998,5.840641657373398
47,907.0,random_sampling,symmetric,lognormal,20,1.0,907.0,True,0.9894736842105263,1.0,6.810142450115136
48,226.0,random_sampling,symmetric,lognormal,20,1.0,226.0,True,1.0,1.0,5.420534999272286
49,467.0,random_sampling,symmetric,lognormal,20,1.0,467.0,True,1.0,1.0,6.1463292576688975
50,216.0,random_sampling,symmetric,lognormal,20,1.0,216.0,True,0.9947368421052631,1.0,5.375278407684165
51,256.0,random_sampling,symmetric,lognormal,20,1.0,256.0,True,1.0,1.0,5.545177444479562
52,938.0,random_sampling,symmetric,lognormal,20,1.0,938.0,True,1.0,0.9999999999999998,6.843749949006225
53,366.0,random_sampling,symmetric,lognormal,20,1.0,366.0,True,1.0,0.9999999999999998,5.902633333401366
54,228.0,random_sampling,symmetric,lognormal,20,1.0,228.0,True,1.0,1.0,5.429345628954441
55,115.0,random_sampling,symmetric,lognormal,20,1.0,115.0,True,1.0,1.0,4.74493212836325
56,680.0,random_sampling,symmetric,lognormal,20,1.0,680.0,True,1.0,1.0000000000000002,6.522092798170152
57,321.0,random_sampling,symmetric,lognormal,20,1.0,321.0,True,1.0,1.0000000000000002,5.771441123130016
58,1177.0,random_sampling,symmetric,lognormal,20,1.0,1177.0,True,1.0,1.0000000000000002,7.0707241072602764
59,443.0,random_sampling,symmetric,lognormal,20,1.0,443.0,True,1.0,1.0,6.093569770045136
60,480.0,random_sampling,symmetric,lognormal,20,1.0,480.0,True,0.9947368421052631,1.0000000000000002,6.173786103901937
61,265.0,random_sampling,symmetric,lognormal,20,1.0,265.0,True,1.0,1.0,5.579729825986222
62,696.0,random_sampling,symmetric,lognormal,20,1.0,696.0,True,0.9947368421052631,1.0000000000000002,6.54534966033442
63,387.0,random_sampling,symmetric,lognormal,20,1.0,387.0,True,1.0,1.0000000000000002,5.958424693029782
64,265.0,random_sampling,symmetric,lognormal,20,1.0,265.0,True,1.0,1.0,5.579729825986222
65,378.0,random_sampling,symmetric,lognormal,20,1.0,378.0,True,0.9947368421052631,1.0000000000000002,5.934894195619588
66,256.0,random_sampling,symmetric,lognormal,20,1.0,256.0,True,0.9947368421052631,1.0,5.545177444479562
67,3497.0,random_sampling,symmetric,lognormal,20,1.0,3497.0,True,1.0,1.0,8.159660737063376
68,331.0,random_sampling,symmetric,lognormal,20,1.0,331.0,True,1.0,1.0,5.802118375377063
69,362.0,random_sampling,symmetric,lognormal,20,1.0,362.0,True,0.9947368421052631,0.9999999999999998,5.8916442118257715
70,1708.0,random_sampling,symmetric,lognormal,20,1.0,1708.0,True,1.0,0.9999999999999998,7.443078374348516
71,541.0,random_sampling,symmetric,lognormal,20,1.0,541.0,True,1.0,1.0,6.293419278846481
72,332.0,random_sampling,symmetric,lognormal,20,1.0,332.0,True,1.0,0.9999999999999998,5.805134968916488
73,257.0,random_sampling,symmetric,lognormal,20,1.0,257.0,True,0.9947368421052631,0.9999999999999998,5.54907608489522
74,573.0,random_sampling,symmetric,lognormal,20,1.0,573.0,True,0.9947368421052631,1.0,6.35088571671474
75,90.0,random_sampling,symmetric,lognormal,20,1.0,90.0,True,1.0,1.0,4.499809670330265
76,118.0,random_sampling,symmetric,lognormal,20,1.0,118.0,True,1.0,0.9999999999999998,4.770684624465665
77,1301.0,random_sampling,symmetric,lognormal,20,1.0,1301.0,True,0.9947368421052631,1.0,7.170888478512505
78,214.0,random_sampling,symmetric,lognormal,20,1.0,214.0,True,1.0,1.0,5.365976015021851
79,1551.0,random_sampling,symmetric,lognormal,20,1.0,1551.0,True,1.0,0.9999999999999998,7.346655163176539
80,929.0,random_sampling,symmetric,lognormal,20,1.0,929.0,True,1.0,1.0,6.834108738813838
81,449.0,random_sampling,symmetric,lognormal,20,1.0,449.0,True,1.0,0.9999999999999997,6.1070228877422545
82,606.0,random_sampling,symmetric,lognormal,20,1.0,606.0,True,0.9947368421052631,1.0,6.406879986069314
83,1653.0,random_sampling,symmetric,lognormal,20,1.0,1653.0,True,0.9947368421052631,1.0000000000000002,7.410347097821024
84,714.0,random_sampling,symmetric,lognormal,20,1.0,714.0,True,1.0,1.0,6.570882962339584
85,1711.0,random_sampling,symmetric,lognormal,20,1.0,1711.0,True,1.0,0.9999999999999998,7.444833273892193
86,578.0,random_sampling,symmetric,lognormal,20,1.0,578.0,True,0.9947368421052631,1.0,6.359573868672378
87,192.0,random_sampling,symmetric,lognormal,20,1.0,192.0,True,1.0,0.9999999999999998,5.2574953720277815
88,381.0,random_sampling,symmetric,lognormal,20,1.0,381.0,True,1.0,1.0000000000000002,5.942799375126701
89,1091.0,random_sampling,symmetric,lognormal,20,1.0,1091.0,True,1.0,1.0,6.994849985833071
90,356.0,random_sampling,symmetric,lognormal,20,1.0,356.0,True,1.0,1.0,5.87493073085203
91,241.0,random_sampling,symmetric,lognormal,20,1.0,241.0,True,1.0,0.9999999999999998,5.484796933490655
92,1019.0,random_sampling,symmetric,lognormal,20,1.0,1019.0,True,1.0,1.0,6.926577033222725
93,774.0,random_sampling,symmetric,lognormal,20,1.0,774.0,True,0.9947368421052631,1.0000000000000002,6.651571873589727
94,564.0,random_sampling,symmetric,lognormal,20,1.0,564.0,True,1.0,0.9999999999999998,6.335054251498059
95,394.0,random_sampling,symmetric,lognormal,20,1.0,394.0,True,1.0,1.0000000000000004,5.976350909297934
96,1207.0,random_sampling,symmetric,lognormal,20,1.0,1207.0,True,1.0,1.0,7.095893221097532
97,139.0,random_sampling,symmetric,lognormal,20,1.0,139.0,True,1.0,1.0000000000000002,4.9344739331306915
98,885.0,random_sampling,symmetric,lognormal,20,1.0,885.0,True,1.0,1.0000000000000002,6.785587645007929
99,1316.0,random_sampling,symmetric,lognormal,20,1.0,1316.0,True,1.0,0.9999999999999998,7.182352111885263
0,5517.0,random_sampling,symmetric,lognormal,30,1.4,5517.0,True,0.9908045977011494,1.0,8.61558951327243
1,7125.0,random_sampling,symmetric,lognormal,30,1.4,7125.0,True,0.993103448275862,1.0,8.871365005136852
2,3228.0,random_sampling,symmetric,lognormal,30,1.4,3228.0,True,0.993103448275862,1.0,8.07961802938984
3,957.0,random_sampling,symmetric,lognormal,30,1.4,957.0,True,0.9977011494252873,1.0000000000000002,6.863803391452954
4,38130.0,random_sampling,symmetric,lognormal,30,1.4,38130.0,True,0.9954022988505747,1.0000000000000002,10.54875665285161
5,9887.0,random_sampling,symmetric,lognormal,30,1.4,9887.0,True,1.0,1.0,9.198976041897133
6,5734.0,random_sampling,symmetric,lognormal,30,1.4,5734.0,True,1.0,1.0,8.654168646443315
7,5051.0,random_sampling,symmetric,lognormal,30,1.4,5051.0,True,0.9977011494252873,1.0000000000000002,8.527341522468053
8,3517.0,random_sampling,symmetric,lognormal,30,1.4,3517.0,True,1.0,1.0,8.165363632473982
9,5377.0,random_sampling,symmetric,lognormal,30,1.4,5377.0,True,0.9908045977011494,0.9999999999999998,8.589885876809678
10,15095.0,random_sampling,symmetric,lognormal,30,1.4,15095.0,True,0.9885057471264368,1.0000000000000002,9.622118842140939
11,3598.0,random_sampling,symmetric,lognormal,30,1.4,3598.0,True,0.9908045977011494,1.0,8.188133414510478
12,2291.0,random_sampling,symmetric,lognormal,30,1.4,2291.0,True,1.0,1.0,7.736743682453495
13,6642.0,random_sampling,symmetric,lognormal,30,1.4,6642.0,True,0.9954022988505747,1.0,8.801168401936692
14,6932.0,random_sampling,symmetric,lognormal,30,1.4,6932.0,True,1.0,0.9999999999999999,8.843903650835497
15,5893.0,random_sampling,symmetric,lognormal,30,1.4,5893.0,True,0.9977011494252873,0.9999999999999999,8.681520484837913
16,5813.0,random_sampling,symmetric,lognormal,30,1.4,5813.0,True,0.9954022988505747,1.0,8.66785206770135
17,2899.0,random_sampling,symmetric,lognormal,30,1.4,2899.0,True,0.9977011494252873,0.9999999999999999,7.972121128921655
18,12159.0,random_sampling,symmetric,lognormal,30,1.4,12159.0,True,0.9954022988505747,1.0000000000000002,9.405824915296419
19,3265.0,random_sampling,symmetric,lognormal,30,1.4,3265.0,True,1.0,1.0000000000000002,8.09101504171053
20,17538.0,random_sampling,symmetric,lognormal,30,1.4,17538.0,True,0.9885057471264368,0.9999999999999999,9.7721252343393
21,4168.0,random_sampling,symmetric,lognormal,30,1.4,4168.0,True,0.9954022988505747,1.0000000000000002,8.335191583433202
22,9776.0,random_sampling,symmetric,lognormal,30,1.4,9776.0,True,0.9977011494252873,1.0000000000000002,9.187685681411377
23,3364.0,random_sampling,symmetric,lognormal,30,1.4,3364.0,True,0.9954022988505747,1.0000000000000002,8.120886021092838
24,7918.0,random_sampling,symmetric,lognormal,30,1.4,7918.0,True,0.9908045977011494,1.0000000000000002,8.976893927666076
25,6299.0,random_sampling,symmetric,lognormal,30,1.4,6299.0,True,0.993103448275862,1.0000000000000002,8.74814616962193
26,4975.0,random_sampling,symmetric,lognormal,30,1.4,4975.0,True,1.0,1.0,8.512180649592693
27,20140.0,random_sampling,symmetric,lognormal,30,1.4,20140.0,True,0.993103448275862,0.9999999999999999,9.910463166272553
28,10645.0,random_sampling,symmetric,lognormal,30,1.4,10645.0,True,0.9977011494252873,0.9999999999999999,9.27284557732758
29,4460.0,random_sampling,symmetric,lognormal,30,1.4,4460.0,True,0.9954022988505747,1.0000000000000002,8.40290404501411
30,5657.0,random_sampling,symmetric,lognormal,30,1.4,5657.0,True,0.993103448275862,0.9999999999999999,8.640648995343156
31,7284.0,random_sampling,symmetric,lognormal,30,1.4,7284.0,True,0.9977011494252873,1.0,8.8934354408475
32,9102.0,random_sampling,symmetric,lognormal,30,1.4,9102.0,True,1.0,1.0000000000000002,9.116249448576587
33,25279.0,random_sampling,symmetric,lognormal,30,1.4,25279.0,True,0.993103448275862,1.0000000000000002,10.13772929051637
34,8495.0,random_sampling,symmetric,lognormal,30,1.4,8495.0,True,0.9977011494252873,1.0000000000000002,9.047233034106032
35,1345.0,random_sampling,symmetric,lognormal,30,1.4,1345.0,True,0.9977011494252873,1.0000000000000002,7.20414929203594
36,9206.0,random_sampling,symmetric,lognormal,30,1.4,9206.0,True,1.0,1.0000000000000002,9.127610724377186
37,19307.0,random_sampling,symmetric,lognormal,30,1.4,19307.0,True,1.0,1.0,9.868223003435817
38,8515.0,random_sampling,symmetric,lognormal,30,1.4,8515.0,True,0.9977011494252873,0.9999999999999999,9.049584593096789
39,11724.0,random_sampling,symmetric,lognormal,30,1.4,11724.0,True,0.9954022988505747,0.9999999999999998,9.369393301830783
40,27703.0,random_sampling,symmetric,lognormal,30,1.4,27703.0,True,0.9977011494252873,1.0000000000000002,10.229295989560153
41,10901.0,random_sampling,symmetric,lognormal,30,1.4,10901.0,True,0.9977011494252873,0.9999999999999999,9.296609807128359
42,9786.0,random_sampling,symmetric,lognormal,30,1.4,9786.0,True,0.9954022988505747,1.0000000000000002,9.188708071849069
43,10567.0,random_sampling,symmetric,lognormal,30,1.4,10567.0,True,0.9977011494252873,1.0000000000000002,9.265491216441031
44,18125.0,random_sampling,symmetric,lognormal,30,1.4,18125.0,True,0.9977011494252873,1.0000000000000002,9.805047479722875
45,9375.0,random_sampling,symmetric,lognormal,30,1.4,9375.0,True,0.9954022988505747,1.0000000000000002,9.14580185083861
46,1287.0,random_sampling,symmetric,lognormal,30,1.4,1287.0,True,1.0,1.0000000000000002,7.160069207596127
47,20039.0,random_sampling,symmetric,lognormal,30,1.4,20039.0,True,0.9977011494252873,1.0,9.905435653754145
48,9331.0,random_sampling,symmetric,lognormal,30,1.4,9331.0,True,0.9954022988505747,1.0000000000000002,9.141097469234023
49,17899.0,random_sampling,symmetric,lognormal,30,1.4,17899.0,True,0.9977011494252873,1.0,9.7925001243465
50,2346.0,random_sampling,symmetric,lognormal,30,1.4,2346.0,True,1.0,1.0000000000000002,7.76046702921342
51,56964.0,random_sampling,symmetric,lognormal,30,1.4,56964.0,True,0.9977011494252873,1.0,10.950174768339318
52,7044.0,random_sampling,symmetric,lognormal,30,1.4,7044.0,True,0.9954022988505747,1.0000000000000002,8.859931469616097
53,5939.0,random_sampling,symmetric,lognormal,30,1.4,5939.0,True,1.0,1.0,8.68929604801586
54,11138.0,random_sampling,symmetric,lognormal,30,1.4,11138.0,True,1.0,1.0,9.318117964149614
55,11379.0,random_sampling,symmetric,lognormal,30,1.4,11379.0,True,1.0,1.0000000000000002,9.339524830357009
56,1710.0,random_sampling,symmetric,lognormal,30,1.4,1710.0,True,0.993103448275862,1.0,7.444248649496705
57,13915.0,random_sampling,symmetric,lognormal,30,1.4,13915.0,True,0.993103448275862,1.0000000000000002,9.54072267395999
58,12352.0,random_sampling,symmetric,lognormal,30,1.4,12352.0,True,1.0,1.0,9.421573272264558
59,6307.0,random_sampling,symmetric,lognormal,30,1.4,6307.0,True,1.0,1.0000000000000002,8.749415406663651
60,11635.0,random_sampling,symmetric,lognormal,30,1.4,11635.0,True,1.0,1.0,9.361773075736393
61,15249.0,random_sampling,symmetric,lognormal,30,1.4,15249.0,True,0.9954022988505747,0.9999999999999998,9.632269206115012
62,22065.0,random_sampling,symmetric,lognormal,30,1.4,22065.0,True,1.0,1.0,10.001747921703648
63,4854.0,random_sampling,symmetric,lognormal,30,1.4,4854.0,True,0.993103448275862,0.9999999999999999,8.487558386286548
64,12207.0,random_sampling,symmetric,lognormal,30,1.4,12207.0,True,0.9977011494252873,0.9999999999999999,9.4097648366698
65,9297.0,random_sampling,symmetric,lognormal,30,1.4,9297.0,True,1.0,0.9999999999999998,9.137447046455858
66,5852.0,random_sampling,symmetric,lognormal,30,1.4,5852.0,True,0.9908045977011494,1.0,8.674538762140015
67,5311.0,random_sampling,symmetric,lognormal,30,1.4,5311.0,True,0.993103448275862,1.0,8.577535420422398
68,5235.0,random_sampling,symmetric,lognormal,30,1.4,5235.0,True,0.9977011494252873,1.0,8.563122123304638
69,9787.0,random_sampling,symmetric,lognormal,30,1.4,9787.0,True,0.9977011494252873,1.0000000000000002,9.18881025342582
70,2580.0,random_sampling,symmetric,lognormal,30,1.4,2580.0,True,1.0,1.0000000000000002,7.855544677915663
71,16194.0,random_sampling,symmetric,lognormal,30,1.4,16194.0,True,1.0,1.0000000000000002,9.69239608224606
72,3721.0,random_sampling,symmetric,lognormal,30,1.4,3721.0,True,0.9977011494252873,1.0000000000000002,8.221747728346623
73,40271.0,random_sampling,symmetric,lognormal,30,1.4,40271.0,True,0.993103448275862,0.9999999999999999,10.603386885918606
74,1677.0,random_sampling,symmetric,lognormal,30,1.4,1677.0,True,0.9977011494252873,1.0,7.424761761823209
75,50924.0,random_sampling,symmetric,lognormal,30,1.4,50924.0,True,0.9977011494252873,1.0,10.838089604181535
76,2262.0,random_sampling,symmetric,lognormal,30,1.4,2262.0,True,1.0,0.9999999999999999,7.724004656676065
77,4768.0,random_sampling,symmetric,lognormal,30,1.4,4768.0,True,0.9954022988505747,1.0,8.469682208745185
78,7339.0,random_sampling,symmetric,lognormal,30,1.4,7339.0,True,0.993103448275862,1.0,8.900957872545062
79,40384.0,random_sampling,symmetric,lognormal,30,1.4,40384.0,True,1.0,1.0000000000000002,10.606188945900884
80,17605.0,random_sampling,symmetric,lognormal,30,1.4,17605.0,True,0.9954022988505747,1.0,9.775938231589153
81,3619.0,random_sampling,symmetric,lognormal,30,1.4,3619.0,True,1.0,0.9999999999999999,8.193953023563742
82,2276.0,random_sampling,symmetric,lognormal,30,1.4,2276.0,True,1.0,1.0000000000000002,7.730174795246222
83,937.0,random_sampling,symmetric,lognormal,30,1.4,937.0,True,0.993103448275862,1.0,6.842683282238422
84,21800.0,random_sampling,symmetric,lognormal,30,1.4,21800.0,True,0.993103448275862,0.9999999999999999,9.98966524877718
85,6803.0,random_sampling,symmetric,lognormal,30,1.4,6803.0,True,1.0,1.0,8.825118970345061
86,4901.0,random_sampling,symmetric,lognormal,30,1.4,4901.0,True,0.993103448275862,1.0000000000000002,8.497194544909547
87,8041.0,random_sampling,symmetric,lognormal,30,1.4,8041.0,True,0.9977011494252873,1.0,8.99230873254815
88,9922.0,random_sampling,symmetric,lognormal,30,1.4,9922.0,True,0.9954022988505747,0.9999999999999999,9.202509792860994
89,9278.0,random_sampling,symmetric,lognormal,30,1.4,9278.0,True,0.9977011494252873,1.0,9.135401285311689
90,3447.0,random_sampling,symmetric,lognormal,30,1.4,3447.0,True,1.0,0.9999999999999998,8.145259566516865
91,6985.0,random_sampling,symmetric,lognormal,30,1.4,6985.0,True,1.0,0.9999999999999999,8.851520271691061
92,14616.0,random_sampling,symmetric,lognormal,30,1.4,14616.0,True,0.9954022988505747,1.0,9.589872098057842
93,5269.0,random_sampling,symmetric,lognormal,30,1.4,5269.0,True,0.9954022988505747,1.0,8.569595870209286
94,8553.0,random_sampling,symmetric,lognormal,30,1.4,8553.0,True,0.9977011494252873,1.0000000000000002,9.054037377580782
95,15889.0,random_sampling,symmetric,lognormal,30,1.4,15889.0,True,0.9977011494252873,0.9999999999999999,9.673382324888367
96,11169.0,random_sampling,symmetric,lognormal,30,1.4,11169.0,True,0.9908045977011494,1.0,9.320897362540826
97,4293.0,random_sampling,symmetric,lognormal,30,1.4,4293.0,True,0.9977011494252873,1.0,8.36474106822456
98,5402.0,random_sampling,symmetric,lognormal,30,1.4,5402.0,True,0.9977011494252873,0.9999999999999999,8.59452453435256
99,1699.0,random_sampling,symmetric,lognormal,30,1.4,1699.0,True,1.0,1.0,7.4377951216719325
0,2383.0,random_sampling,symmetric,lognormal,30,2.0,2383.0,True,0.9977011494252873,0.9999999999999998,7.776115477098742
1,3874.0,random_sampling,symmetric,lognormal,30,2.0,3874.0,True,0.9954022988505747,1.0000000000000002,8.262042843966942
2,3067.0,random_sampling,symmetric,lognormal,30,2.0,3067.0,True,1.0,0.9999999999999999,8.028455164114252
3,9593.0,random_sampling,symmetric,lognormal,30,2.0,9593.0,True,1.0,1.0,9.168788944817948
4,4782.0,random_sampling,symmetric,lognormal,30,2.0,4782.0,True,0.9977011494252873,0.9999999999999999,8.47261414801827
5,4137.0,random_sampling,symmetric,lognormal,30,2.0,4137.0,True,0.9954022988505747,1.0,8.327726166461412
6,16098.0,random_sampling,symmetric,lognormal,30,2.0,16098.0,True,0.9954022988505747,1.0000000000000002,9.686450319653678
7,5112.0,random_sampling,symmetric,lognormal,30,2.0,5112.0,True,0.9954022988505747,0.9999999999999999,8.53934599605737
8,482.0,random_sampling,symmetric,lognormal,30,2.0,482.0,True,0.9977011494252873,1.0000000000000002,6.1779441140506
9,1666.0,random_sampling,symmetric,lognormal,30,2.0,1666.0,True,0.9977011494252873,1.0000000000000002,7.418180822726788
10,2729.0,random_sampling,symmetric,lognormal,30,2.0,2729.0,True,0.9908045977011494,1.0,7.911690520708339
11,2918.0,random_sampling,symmetric,lognormal,30,2.0,2918.0,True,0.9954022988505747,1.0,7.978653729082731
12,2293.0,random_sampling,symmetric,lognormal,30,2.0,2293.0,True,0.9977011494252873,1.0000000000000002,7.737616282857904
13,8068.0,random_sampling,symmetric,lognormal,30,2.0,8068.0,True,1.0,1.0000000000000002,8.995660899074103
14,2150.0,random_sampling,symmetric,lognormal,30,2.0,2150.0,True,0.9908045977011494,1.0,7.673223121121708
15,2493.0,random_sampling,symmetric,lognormal,30,2.0,2493.0,True,0.9954022988505747,1.0000000000000002,7.821242083523558
16,3907.0,random_sampling,symmetric,lognormal,30,2.0,3907.0,True,0.9954022988505747,1.0,8.27052509505507
17,13456.0,random_sampling,symmetric,lognormal,30,2.0,13456.0,True,0.9977011494252873,0.9999999999999998,9.507180382212729
18,5287.0,random_sampling,symmetric,lognormal,30,2.0,5287.0,True,0.993103448275862,1.0,8.57300625623545
19,2463.0,random_sampling,symmetric,lognormal,30,2.0,2463.0,True,0.9977011494252873,1.0000000000000002,7.809135398120538
20,2757.0,random_sampling,symmetric,lognormal,30,2.0,2757.0,True,1.0,1.0,7.921898411023797
21,5999.0,random_sampling,symmetric,lognormal,30,2.0,5999.0,True,0.9954022988505747,1.0,8.699348067653093
22,582.0,random_sampling,symmetric,lognormal,30,2.0,582.0,True,1.0,1.0000000000000002,6.366470447731438
23,9293.0,random_sampling,symmetric,lognormal,30,2.0,9293.0,True,1.0,1.0,9.13701670755734
24,583.0,random_sampling,symmetric,lognormal,30,2.0,583.0,True,0.9954022988505747,1.0,6.368187186350492
25,15861.0,random_sampling,symmetric,lognormal,30,2.0,15861.0,True,1.0,1.0,9.67161854490356
26,10274.0,random_sampling,symmetric,lognormal,30,2.0,10274.0,True,0.9954022988505747,0.9999999999999999,9.237371711027214
27,5507.0,random_sampling,symmetric,lognormal,30,2.0,5507.0,True,0.9954022988505747,1.0,8.613775289262481
28,7587.0,random_sampling,symmetric,lognormal,30,2.0,7587.0,True,0.9908045977011494,1.0,8.934191535338075
29,26834.0,random_sampling,symmetric,lognormal,30,2.0,26834.0,True,0.9977011494252873,0.9999999999999999,10.197425019150417
30,13149.0,random_sampling,symmetric,lognormal,30,2.0,13149.0,True,0.9954022988505747,0.9999999999999999,9.484100989086919
31,3971.0,random_sampling,symmetric,lognormal,30,2.0,3971.0,True,0.9977011494252873,1.0,8.286773231131251
32,17941.0,random_sampling,symmetric,lognormal,30,2.0,17941.0,True,0.9839080459770115,1.0,9.794843875419385
33,13066.0,random_sampling,symmetric,lognormal,30,2.0,13066.0,True,0.993103448275862,0.9999999999999999,9.477768715400696
34,8957.0,random_sampling,symmetric,lognormal,30,2.0,8957.0,True,1.0,1.0,9.100190628475195
35,1629.0,random_sampling,symmetric,lognormal,30,2.0,1629.0,True,0.9977011494252873,1.0,7.395721608602045
36,8696.0,random_sampling,symmetric,lognormal,30,2.0,8696.0,True,0.9862068965517241,0.9999999999999999,9.070618428801046
37,5527.0,random_sampling,symmetric,lognormal,30,2.0,5527.0,True,1.0,0.9999999999999999,8.617400451833262
38,4008.0,random_sampling,symmetric,lognormal,30,2.0,4008.0,True,0.9977011494252873,1.0000000000000002,8.2960476427647
39,1877.0,random_sampling,symmetric,lognormal,30,2.0,1877.0,True,1.0,1.0000000000000002,7.537430036586509
40,4527.0,random_sampling,symmetric,lognormal,30,2.0,4527.0,True,0.9977011494252873,1.0,8.417814747435958
41,4178.0,random_sampling,symmetric,lognormal,30,2.0,4178.0,True,1.0,1.0000000000000002,8.33758794211651
42,3895.0,random_sampling,symmetric,lognormal,30,2.0,3895.0,True,0.9977011494252873,1.0,8.267448958304849
43,9198.0,random_sampling,symmetric,lognormal,30,2.0,9198.0,True,0.993103448275862,0.9999999999999998,9.12674134809987
44,473618.0,random_sampling,symmetric,lognormal,30,2.0,473618.0,True,0.9954022988505747,0.9999999999999999,13.068156368586452
45,22797.0,random_sampling,symmetric,lognormal,30,2.0,22797.0,True,0.9977011494252873,1.0000000000000002,10.034384227337895
46,14946.0,random_sampling,symmetric,lognormal,30,2.0,14946.0,True,0.9954022988505747,1.0,9.612198984490236
47,18239.0,random_sampling,symmetric,lognormal,30,2.0,18239.0,True,0.9954022988505747,0.9999999999999998,9.811317437563998
48,4713.0,random_sampling,symmetric,lognormal,30,2.0,4713.0,True,0.9954022988505747,1.0000000000000002,8.45807992692373
49,47720.0,random_sampling,symmetric,lognormal,30,2.0,47720.0,True,0.993103448275862,1.0000000000000002,10.773105876211853
50,38802.0,random_sampling,symmetric,lognormal,30,2.0,38802.0,True,0.9977011494252873,0.9999999999999999,10.566227070674648
51,8671.0,random_sampling,symmetric,lognormal,30,2.0,8671.0,True,0.9954022988505747,1.0000000000000002,9.06773940337716
52,9055.0,random_sampling,symmetric,lognormal,30,2.0,9055.0,True,0.9977011494252873,1.0,9.111072370317514
53,2214.0,random_sampling,symmetric,lognormal,30,2.0,2214.0,True,0.9977011494252873,1.0,7.7025561132685825
54,20501.0,random_sampling,symmetric,lognormal,30,2.0,20501.0,True,0.993103448275862,1.0,9.928228944424575
55,1505.0,random_sampling,symmetric,lognormal,30,2.0,1505.0,True,0.9977011494252873,0.9999999999999999,7.316548177182976
56,255340.0,random_sampling,symmetric,lognormal,30,2.0,255340.0,True,0.993103448275862,0.9999999999999999,12.450351269374341
57,2618.0,random_sampling,symmetric,lognormal,30,2.0,2618.0,True,1.0,1.0000000000000002,7.870165946469845
58,52662.0,random_sampling,symmetric,lognormal,30,2.0,52662.0,True,0.9977011494252873,0.9999999999999999,10.871649411820172
59,2466.0,random_sampling,symmetric,lognormal,30,2.0,2466.0,True,0.9977011494252873,0.9999999999999999,7.81035268372429
60,3539.0,random_sampling,symmetric,lognormal,30,2.0,3539.0,True,0.9977011494252873,1.0,8.171599480345463
61,1862.0,random_sampling,symmetric,lognormal,30,2.0,1862.0,True,0.9977011494252873,1.0,7.529406457837013
62,3595.0,random_sampling,symmetric,lognormal,30,2.0,3595.0,True,0.9954022988505747,1.0000000000000004,8.187299270155147
63,7412.0,random_sampling,symmetric,lognormal,30,2.0,7412.0,True,0.9954022988505747,1.0,8.91085558740525
64,15766.0,random_sampling,symmetric,lognormal,30,2.0,15766.0,True,0.9954022988505747,0.9999999999999999,9.665611001619853
65,4535.0,random_sampling,symmetric,lognormal,30,2.0,4535.0,True,0.9954022988505747,1.0000000000000002,8.419580362549237
66,3370.0,random_sampling,symmetric,lognormal,30,2.0,3370.0,True,0.9954022988505747,1.0,8.122668023346407
67,9351.0,random_sampling,symmetric,lognormal,30,2.0,9351.0,True,0.9954022988505747,1.0000000000000002,9.143238568435446
68,9568.0,random_sampling,symmetric,lognormal,30,2.0,9568.0,True,0.9954022988505747,0.9999999999999999,9.166179476190413
69,4304.0,random_sampling,symmetric,lognormal,30,2.0,4304.0,True,0.9954022988505747,0.9999999999999999,8.36730010184162
70,7248.0,random_sampling,symmetric,lognormal,30,2.0,7248.0,True,0.9977011494252873,1.0000000000000002,8.888480847722816
71,18947.0,random_sampling,symmetric,lognormal,30,2.0,18947.0,True,0.9954022988505747,1.0,9.849400886632361
72,2948.0,random_sampling,symmetric,lognormal,30,2.0,2948.0,True,0.9977011494252873,1.0,7.988882253309227
73,8151.0,random_sampling,symmetric,lognormal,30,2.0,8151.0,True,0.9954022988505747,0.9999999999999998,9.005895898094458
74,2647.0,random_sampling,symmetric,lognormal,30,2.0,2647.0,True,1.0,1.0,7.881182202227102
75,11129.0,random_sampling,symmetric,lognormal,30,2.0,11129.0,True,0.993103448275862,1.0000000000000002,9.317309592973425
76,9969.0,random_sampling,symmetric,lognormal,30,2.0,9969.0,True,0.993103448275862,1.0,9.207235557022704
77,1270.0,random_sampling,symmetric,lognormal,30,2.0,1270.0,True,1.0,0.9999999999999999,7.146772179452637
78,11407.0,random_sampling,symmetric,lognormal,30,2.0,11407.0,True,0.9908045977011494,0.9999999999999999,9.341982481027898
79,1638.0,random_sampling,symmetric,lognormal,30,2.0,1638.0,True,0.9977011494252873,1.0000000000000002,7.401231264413015
80,5267.0,random_sampling,symmetric,lognormal,30,2.0,5267.0,True,1.0,1.0000000000000002,8.569216219483389
81,9207.0,random_sampling,symmetric,lognormal,30,2.0,9207.0,True,0.993103448275862,1.0,9.127719343287845
82,4195.0,random_sampling,symmetric,lognormal,30,2.0,4195.0,True,0.9954022988505747,1.0000000000000002,8.341648618901306
83,9555.0,random_sampling,symmetric,lognormal,30,2.0,9555.0,True,0.9977011494252873,0.9999999999999999,9.164819856674374
84,1270.0,random_sampling,symmetric,lognormal,30,2.0,1270.0,True,1.0,1.0,7.146772179452637
85,7047.0,random_sampling,symmetric,lognormal,30,2.0,7047.0,True,0.9977011494252873,1.0000000000000002,8.860357273327022
86,3845.0,random_sampling,symmetric,lognormal,30,2.0,3845.0,True,0.9885057471264368,0.9999999999999999,8.254528881939745
87,8030.0,random_sampling,symmetric,lognormal,30,2.0,8030.0,True,0.9954022988505747,1.0,8.990939806940807
88,3946.0,random_sampling,symmetric,lognormal,30,2.0,3946.0,True,0.9908045977011494,1.0,8.28045768658256
89,6010.0,random_sampling,symmetric,lognormal,30,2.0,6010.0,True,0.9977011494252873,1.0,8.701180027529253
90,1771.0,random_sampling,symmetric,lognormal,30,2.0,1771.0,True,0.9977011494252873,1.0000000000000002,7.479299637782834
91,4430.0,random_sampling,symmetric,lognormal,30,2.0,4430.0,True,0.9977011494252873,1.0,8.39615486303918
92,7996.0,random_sampling,symmetric,lognormal,30,2.0,7996.0,True,0.9954022988505747,1.0,8.98669669562029
93,3895.0,random_sampling,symmetric,lognormal,30,2.0,3895.0,True,0.9954022988505747,1.0,8.267448958304849
94,2587.0,random_sampling,symmetric,lognormal,30,2.0,2587.0,True,1.0,0.9999999999999999,7.8582541821860294
95,6390.0,random_sampling,symmetric,lognormal,30,2.0,6390.0,True,0.9954022988505747,1.0,8.762489547371581
96,6838.0,random_sampling,symmetric,lognormal,30,2.0,6838.0,True,0.9977011494252873,0.9999999999999999,8.830250570199247
97,8025.0,random_sampling,symmetric,lognormal,30,2.0,8025.0,True,0.993103448275862,0.9999999999999999,8.990316947998217
98,13494.0,random_sampling,symmetric,lognormal,30,2.0,13494.0,True,0.9977011494252873,0.9999999999999999,9.510000421187371
99,9750.0,random_sampling,symmetric,lognormal,30,2.0,9750.0,True,0.9977011494252873,1.0000000000000002,9.185022563991893
0,278.0,random_sampling,symmetric,lognormal,20,3.4,278.0,True,1.0,1.0000000000000002,5.627621113690637
1,1514.0,random_sampling,symmetric,lognormal,20,3.4,1514.0,True,1.0,1.0,7.322510433997394
2,741.0,random_sampling,symmetric,lognormal,20,3.4,741.0,True,1.0,1.0000000000000002,6.608000625296087
3,91.0,random_sampling,symmetric,lognormal,20,3.4,91.0,True,0.9947368421052631,0.9999999999999998,4.51085950651685
4,210.0,random_sampling,symmetric,lognormal,20,3.4,210.0,True,1.0,0.9999999999999998,5.3471075307174685
5,140.0,random_sampling,symmetric,lognormal,20,3.4,140.0,True,1.0,1.0000000000000002,4.941642422609304
6,415.0,random_sampling,symmetric,lognormal,20,3.4,415.0,True,1.0,1.0,6.028278520230698
7,511.0,random_sampling,symmetric,lognormal,20,3.4,511.0,True,0.9947368421052631,1.0,6.236369590203704
8,238.0,random_sampling,symmetric,lognormal,20,3.4,238.0,True,0.9789473684210527,1.0000000000000002,5.472270673671475
9,1053.0,random_sampling,symmetric,lognormal,20,3.4,1053.0,True,1.0,1.0,6.959398512133975
10,467.0,random_sampling,symmetric,lognormal,20,3.4,467.0,True,1.0,1.0,6.1463292576688975
11,149.0,random_sampling,symmetric,lognormal,20,3.4,149.0,True,1.0,0.9999999999999998,5.003946305945459
12,202.0,random_sampling,symmetric,lognormal,20,3.4,202.0,True,0.9947368421052631,1.0,5.308267697401205
13,522.0,random_sampling,symmetric,lognormal,20,3.4,522.0,True,1.0,1.0,6.257667587882639
14,287.0,random_sampling,symmetric,lognormal,20,3.4,287.0,True,0.9947368421052631,1.0000000000000002,5.659482215759621
15,101.0,random_sampling,symmetric,lognormal,20,3.4,101.0,True,0.9736842105263158,0.9999999999999998,4.61512051684126
16,367.0,random_sampling,symmetric,lognormal,20,3.4,367.0,True,0.9947368421052631,0.9999999999999998,5.905361848054571
17,197.0,random_sampling,symmetric,lognormal,20,3.4,197.0,True,0.9947368421052631,1.0,5.2832037287379885
18,51.0,random_sampling,symmetric,lognormal,20,3.4,51.0,True,0.9947368421052631,1.0,3.9318256327243257
19,199.0,random_sampling,symmetric,lognormal,20,3.4,199.0,True,1.0,1.0,5.293304824724492
20,222.0,random_sampling,symmetric,lognormal,20,3.4,222.0,True,0.9947368421052631,1.0,5.402677381872279
21,157.0,random_sampling,symmetric,lognormal,20,3.4,157.0,True,1.0,1.0,5.056245805348308
22,126.0,random_sampling,symmetric,lognormal,20,3.4,126.0,True,0.9947368421052631,1.0,4.836281906951478
23,109.0,random_sampling,symmetric,lognormal,20,3.4,109.0,True,0.9947368421052631,1.0,4.6913478822291435
24,994.0,random_sampling,symmetric,lognormal,20,3.4,994.0,True,1.0,0.9999999999999998,6.901737206656574
25,1380.0,random_sampling,symmetric,lognormal,20,3.4,1380.0,True,0.9842105263157894,1.0,7.22983877815125
26,806.0,random_sampling,symmetric,lognormal,20,3.4,806.0,True,0.9947368421052631,1.0,6.692083742506628
27,286.0,random_sampling,symmetric,lognormal,20,3.4,286.0,True,0.9947368421052631,0.9999999999999997,5.655991810819852
28,222.0,random_sampling,symmetric,lognormal,20,3.4,222.0,True,1.0,1.0,5.402677381872279
29,185.0,random_sampling,symmetric,lognormal,20,3.4,185.0,True,0.9894736842105263,1.0000000000000002,5.220355825078324
30,2345.0,random_sampling,symmetric,lognormal,20,3.4,2345.0,True,1.0,0.9999999999999998,7.76004068088038
31,1050.0,random_sampling,symmetric,lognormal,20,3.4,1050.0,True,0.9947368421052631,1.0000000000000002,6.956545443151569
32,155.0,random_sampling,symmetric,lognormal,20,3.4,155.0,True,1.0,1.0,5.043425116919247
33,260.0,random_sampling,symmetric,lognormal,20,3.4,260.0,True,1.0,1.0000000000000002,5.560681631015528
34,624.0,random_sampling,symmetric,lognormal,20,3.4,624.0,True,1.0,1.0,6.436150368369428
35,354.0,random_sampling,symmetric,lognormal,20,3.4,354.0,True,1.0,1.0000000000000002,5.869296913133774
36,399.0,random_sampling,symmetric,lognormal,20,3.4,399.0,True,0.9842105263157894,1.0,5.988961416889864
37,169.0,random_sampling,symmetric,lognormal,20,3.4,169.0,True,0.9894736842105263,1.0,5.1298987149230735
38,169.0,random_sampling,symmetric,lognormal,20,3.4,169.0,True,0.9947368421052631,1.0,5.1298987149230735
39,387.0,random_sampling,symmetric,lognormal,20,3.4,387.0,True,0.9947368421052631,0.9999999999999998,5.958424693029782
40,348.0,random_sampling,symmetric,lognormal,20,3.4,348.0,True,0.9947368421052631,1.0,5.8522024797744745
41,386.0,random_sampling,symmetric,lognormal,20,3.4,386.0,True,0.9947368421052631,0.9999999999999998,5.955837369464831
42,133.0,random_sampling,symmetric,lognormal,20,3.4,133.0,True,0.9894736842105263,1.0,4.890349128221754
43,62.0,random_sampling,symmetric,lognormal,20,3.4,62.0,True,0.9947368421052631,1.0,4.127134385045092
44,157.0,random_sampling,symmetric,lognormal,20,3.4,157.0,True,0.9894736842105263,1.0,5.056245805348308
45,1023.0,random_sampling,symmetric,lognormal,20,3.4,1023.0,True,0.9947368421052631,1.0,6.930494765951626
46,296.0,random_sampling,symmetric,lognormal,20,3.4,296.0,True,1.0,1.0,5.69035945432406
47,191.0,random_sampling,symmetric,lognormal,20,3.4,191.0,True,0.9947368421052631,1.0,5.25227342804663
48,294.0,random_sampling,symmetric,lognormal,20,3.4,294.0,True,1.0,1.0,5.683579767338681
49,3159.0,random_sampling,symmetric,lognormal,20,3.4,3159.0,True,0.9947368421052631,0.9999999999999998,8.058010800802085
50,643.0,random_sampling,symmetric,lognormal,20,3.4,643.0,True,0.9842105263157894,1.0,6.466144724237619
51,656.0,random_sampling,symmetric,lognormal,20,3.4,656.0,True,1.0,1.0,6.486160788944089
52,225.0,random_sampling,symmetric,lognormal,20,3.4,225.0,True,0.9947368421052631,1.0,5.41610040220442
53,93.0,random_sampling,symmetric,lognormal,20,3.4,93.0,True,0.9894736842105263,0.9999999999999998,4.532599493153256
54,95.0,random_sampling,symmetric,lognormal,20,3.4,95.0,True,0.9947368421052631,1.0,4.553876891600541
55,345.0,random_sampling,symmetric,lognormal,20,3.4,345.0,True,0.9947368421052631,1.0000000000000002,5.84354441703136
56,155.0,random_sampling,symmetric,lognormal,20,3.4,155.0,True,0.9947368421052631,1.0000000000000002,5.043425116919247
57,133.0,random_sampling,symmetric,lognormal,20,3.4,133.0,True,1.0,1.0,4.890349128221754
58,394.0,random_sampling,symmetric,lognormal,20,3.4,394.0,True,1.0,1.0,5.976350909297934
59,469.0,random_sampling,symmetric,lognormal,20,3.4,469.0,True,0.9894736842105263,1.0000000000000002,6.150602768446279
60,224.0,random_sampling,symmetric,lognormal,20,3.4,224.0,True,0.9947368421052631,0.9999999999999998,5.4116460518550396
61,454.0,random_sampling,symmetric,lognormal,20,3.4,454.0,True,0.9947368421052631,1.0,6.118097198041348
62,504.0,random_sampling,symmetric,lognormal,20,3.4,504.0,True,1.0,1.0,6.222576268071369
63,126.0,random_sampling,symmetric,lognormal,20,3.4,126.0,True,1.0,1.0,4.836281906951478
64,134.0,random_sampling,symmetric,lognormal,20,3.4,134.0,True,0.9894736842105263,1.0,4.897839799950911
65,1342.0,random_sampling,symmetric,lognormal,20,3.4,1342.0,True,1.0,0.9999999999999998,7.201916317531627
66,187.0,random_sampling,symmetric,lognormal,20,3.4,187.0,True,0.9947368421052631,1.0000000000000002,5.231108616854587
67,437.0,random_sampling,symmetric,lognormal,20,3.4,437.0,True,1.0,1.0,6.07993319509559
68,271.0,random_sampling,symmetric,lognormal,20,3.4,271.0,True,1.0,1.0,5.602118820879701
69,118.0,random_sampling,symmetric,lognormal,20,3.4,118.0,True,0.9894736842105263,0.9999999999999998,4.770684624465665
70,85.0,random_sampling,symmetric,lognormal,20,3.4,85.0,True,0.9947368421052631,1.0,4.442651256490317
71,555.0,random_sampling,symmetric,lognormal,20,3.4,555.0,True,0.9947368421052631,1.0,6.318968113746434
72,288.0,random_sampling,symmetric,lognormal,20,3.4,288.0,True,0.9842105263157894,1.0000000000000002,5.662960480135946
73,376.0,random_sampling,symmetric,lognormal,20,3.4,376.0,True,0.9842105263157894,1.0,5.929589143389895
74,213.0,random_sampling,symmetric,lognormal,20,3.4,213.0,True,0.9894736842105263,0.9999999999999998,5.3612921657094255
75,104.0,random_sampling,symmetric,lognormal,20,3.4,104.0,True,1.0,1.0000000000000002,4.6443908991413725
76,203.0,random_sampling,symmetric,lognormal,20,3.4,203.0,True,0.9947368421052631,1.0,5.313205979041787
77,74.0,random_sampling,symmetric,lognormal,20,3.4,74.0,True,0.9842105263157894,0.9999999999999998,4.30406509320417
78,367.0,random_sampling,symmetric,lognormal,20,3.4,367.0,True,0.9894736842105263,1.0,5.905361848054571
79,231.0,random_sampling,symmetric,lognormal,20,3.4,231.0,True,1.0,0.9999999999999998,5.442417710521793
80,134.0,random_sampling,symmetric,lognormal,20,3.4,134.0,True,1.0,1.0000000000000002,4.897839799950911
81,514.0,random_sampling,symmetric,lognormal,20,3.4,514.0,True,1.0,1.0,6.2422232654551655
82,310.0,random_sampling,symmetric,lognormal,20,3.4,310.0,True,1.0,1.0,5.736572297479192
83,423.0,random_sampling,symmetric,lognormal,20,3.4,423.0,True,0.9947368421052631,0.9999999999999998,6.0473721790462776
84,358.0,random_sampling,symmetric,lognormal,20,3.4,358.0,True,1.0,1.0,5.8805329864007
85,97.0,random_sampling,symmetric,lognormal,20,3.4,97.0,True,0.9894736842105263,1.0,4.574710978503383
86,330.0,random_sampling,symmetric,lognormal,20,3.4,330.0,True,0.9894736842105263,1.0000000000000002,5.799092654460526
87,784.0,random_sampling,symmetric,lognormal,20,3.4,784.0,True,0.9947368421052631,0.9999999999999998,6.664409020350408
88,1050.0,random_sampling,symmetric,lognormal,20,3.4,1050.0,True,0.9947368421052631,1.0000000000000002,6.956545443151569
89,179.0,random_sampling,symmetric,lognormal,20,3.4,179.0,True,1.0,0.9999999999999998,5.187385805840755
90,354.0,random_sampling,symmetric,lognormal,20,3.4,354.0,True,0.9947368421052631,1.0,5.869296913133774
91,172.0,random_sampling,symmetric,lognormal,20,3.4,172.0,True,0.9947368421052631,1.0,5.147494476813453
92,177.0,random_sampling,symmetric,lognormal,20,3.4,177.0,True,1.0,1.0,5.176149732573829
93,115.0,random_sampling,symmetric,lognormal,20,3.4,115.0,True,0.9894736842105263,0.9999999999999998,4.74493212836325
94,333.0,random_sampling,symmetric,lognormal,20,3.4,333.0,True,1.0,0.9999999999999998,5.808142489980444
95,130.0,random_sampling,symmetric,lognormal,20,3.4,130.0,True,1.0,0.9999999999999998,4.867534450455582
96,440.0,random_sampling,symmetric,lognormal,20,3.4,440.0,True,1.0,1.0,6.0867747269123065
97,306.0,random_sampling,symmetric,lognormal,20,3.4,306.0,True,0.9947368421052631,1.0,5.723585101952381
98,91.0,random_sampling,symmetric,lognormal,20,3.4,91.0,True,0.9894736842105263,1.0,4.51085950651685
99,110.0,random_sampling,symmetric,lognormal,20,3.4,110.0,True,1.0,1.0000000000000004,4.700480365792417
0,482.0,random_sampling,symmetric,lognormal,20,4.8,482.0,True,0.9526315789473684,0.9999999999999998,6.1779441140506
1,334.0,random_sampling,symmetric,lognormal,20,4.8,334.0,True,0.9736842105263158,1.0,5.811140992976701
2,143.0,random_sampling,symmetric,lognormal,20,4.8,143.0,True,0.9631578947368421,1.0,4.962844630259907
3,58.0,random_sampling,symmetric,lognormal,20,4.8,58.0,True,0.9842105263157894,1.0,4.060443010546419
4,187.0,random_sampling,symmetric,lognormal,20,4.8,187.0,True,0.9789473684210527,0.9999999999999998,5.231108616854587
5,194.0,random_sampling,symmetric,lognormal,20,4.8,194.0,True,0.968421052631579,1.0,5.267858159063328
6,185.0,random_sampling,symmetric,lognormal,20,4.8,185.0,True,0.968421052631579,1.0,5.220355825078324
7,627.0,random_sampling,symmetric,lognormal,20,4.8,627.0,True,0.968421052631579,0.9999999999999998,6.440946540632921
8,96.0,random_sampling,symmetric,lognormal,20,4.8,96.0,True,0.9578947368421052,1.0,4.564348191467836
9,442.0,random_sampling,symmetric,lognormal,20,4.8,442.0,True,0.968421052631579,1.0,6.091309882077698
10,114.0,random_sampling,symmetric,lognormal,20,4.8,114.0,True,0.9789473684210527,1.0,4.736198448394496
11,59.0,random_sampling,symmetric,lognormal,20,4.8,59.0,True,0.968421052631579,0.9999999999999998,4.07753744390572
12,414.0,random_sampling,symmetric,lognormal,20,4.8,414.0,True,0.9789473684210527,1.0,6.025865973825314
13,191.0,random_sampling,symmetric,lognormal,20,4.8,191.0,True,0.9789473684210527,1.0,5.25227342804663
14,57.0,random_sampling,symmetric,lognormal,20,4.8,57.0,True,0.968421052631579,1.0,4.04305126783455
15,274.0,random_sampling,symmetric,lognormal,20,4.8,274.0,True,0.9421052631578948,1.0,5.6131281063880705
16,182.0,random_sampling,symmetric,lognormal,20,4.8,182.0,True,0.9526315789473684,1.0,5.204006687076795
17,115.0,random_sampling,symmetric,lognormal,20,4.8,115.0,True,0.9894736842105263,1.0,4.74493212836325
18,249.0,random_sampling,symmetric,lognormal,20,4.8,249.0,True,0.968421052631579,0.9999999999999998,5.517452896464707
19,252.0,random_sampling,symmetric,lognormal,20,4.8,252.0,True,0.9736842105263158,1.0,5.529429087511423
20,225.0,random_sampling,symmetric,lognormal,20,4.8,225.0,True,0.9789473684210527,1.0000000000000002,5.41610040220442
21,133.0,random_sampling,symmetric,lognormal,20,4.8,133.0,True,0.9315789473684211,1.0,4.890349128221754
22,112.0,random_sampling,symmetric,lognormal,20,4.8,112.0,True,0.9526315789473684,1.0,4.718498871295094
23,93.0,random_sampling,symmetric,lognormal,20,4.8,93.0,True,0.9736842105263158,1.0,4.532599493153256
24,167.0,random_sampling,symmetric,lognormal,20,4.8,167.0,True,0.9631578947368421,1.0,5.117993812416755
25,153.0,random_sampling,symmetric,lognormal,20,4.8,153.0,True,0.968421052631579,1.0,5.030437921392435
26,147.0,random_sampling,symmetric,lognormal,20,4.8,147.0,True,0.9789473684210527,1.0000000000000002,4.990432586778736
27,319.0,random_sampling,symmetric,lognormal,20,4.8,319.0,True,0.968421052631579,1.0,5.765191102784844
28,195.0,random_sampling,symmetric,lognormal,20,4.8,195.0,True,0.9736842105263158,1.0000000000000002,5.272999558563747
29,254.0,random_sampling,symmetric,lognormal,20,4.8,254.0,True,0.9789473684210527,1.0,5.537334267018537
30,206.0,random_sampling,symmetric,lognormal,20,4.8,206.0,True,0.9789473684210527,1.0,5.327876168789581
31,258.0,random_sampling,symmetric,lognormal,20,4.8,258.0,True,0.9736842105263158,1.0,5.552959584921617
32,1985.0,random_sampling,symmetric,lognormal,20,4.8,1985.0,True,0.9736842105263158,1.0,7.59337419312129
33,484.0,random_sampling,symmetric,lognormal,20,4.8,484.0,True,0.9578947368421052,1.0000000000000002,6.182084906716632
34,267.0,random_sampling,symmetric,lognormal,20,4.8,267.0,True,0.9473684210526315,1.0,5.58724865840025
35,456.0,random_sampling,symmetric,lognormal,20,4.8,456.0,True,0.9526315789473684,0.9999999999999998,6.1224928095143865
36,158.0,random_sampling,symmetric,lognormal,20,4.8,158.0,True,0.9736842105263158,1.0,5.062595033026967
37,175.0,random_sampling,symmetric,lognormal,20,4.8,175.0,True,0.968421052631579,1.0,5.1647859739235145
38,90.0,random_sampling,symmetric,lognormal,20,4.8,90.0,True,0.9526315789473684,1.0000000000000002,4.499809670330265
39,158.0,random_sampling,symmetric,lognormal,20,4.8,158.0,True,0.968421052631579,1.0,5.062595033026967
40,174.0,random_sampling,symmetric,lognormal,20,4.8,174.0,True,0.9578947368421052,1.0,5.159055299214529
41,186.0,random_sampling,symmetric,lognormal,20,4.8,186.0,True,0.9578947368421052,0.9999999999999998,5.225746673713202
42,225.0,random_sampling,symmetric,lognormal,20,4.8,225.0,True,0.9368421052631579,0.9999999999999998,5.41610040220442
43,150.0,random_sampling,symmetric,lognormal,20,4.8,150.0,True,0.9631578947368421,1.0,5.0106352940962555
44,131.0,random_sampling,symmetric,lognormal,20,4.8,131.0,True,0.9789473684210527,1.0,4.875197323201151
45,1378.0,random_sampling,symmetric,lognormal,20,4.8,1378.0,True,0.968421052631579,1.0,7.228388451573604
46,130.0,random_sampling,symmetric,lognormal,20,4.8,130.0,True,0.9631578947368421,1.0,4.867534450455582
47,133.0,random_sampling,symmetric,lognormal,20,4.8,133.0,True,0.9578947368421052,0.9999999999999998,4.890349128221754
48,142.0,random_sampling,symmetric,lognormal,20,4.8,142.0,True,0.968421052631579,1.0,4.955827057601261
49,73.0,random_sampling,symmetric,lognormal,20,4.8,73.0,True,0.9842105263157894,1.0000000000000002,4.290459441148391
50,296.0,random_sampling,symmetric,lognormal,20,4.8,296.0,True,0.9894736842105263,1.0,5.69035945432406
51,84.0,random_sampling,symmetric,lognormal,20,4.8,84.0,True,0.9736842105263158,1.0,4.430816798843313
52,426.0,random_sampling,symmetric,lognormal,20,4.8,426.0,True,0.9421052631578948,1.0,6.054439346269371
53,248.0,random_sampling,symmetric,lognormal,20,4.8,248.0,True,0.968421052631579,1.0,5.5134287461649825
54,112.0,random_sampling,symmetric,lognormal,20,4.8,112.0,True,0.9578947368421052,1.0,4.718498871295094
55,121.0,random_sampling,symmetric,lognormal,20,4.8,121.0,True,0.9789473684210527,1.0,4.795790545596741
56,215.0,random_sampling,symmetric,lognormal,20,4.8,215.0,True,0.9789473684210527,1.0,5.3706380281276624
57,497.0,random_sampling,symmetric,lognormal,20,4.8,497.0,True,0.9421052631578948,1.0,6.208590026096629
58,183.0,random_sampling,symmetric,lognormal,20,4.8,183.0,True,0.9842105263157894,0.9999999999999998,5.209486152841421
59,340.0,random_sampling,symmetric,lognormal,20,4.8,340.0,True,0.9631578947368421,0.9999999999999998,5.8289456176102075
60,298.0,random_sampling,symmetric,lognormal,20,4.8,298.0,True,0.9526315789473684,1.0000000000000002,5.697093486505405
61,5918.0,random_sampling,symmetric,lognormal,20,4.8,5918.0,True,0.9631578947368421,1.0000000000000002,8.685753832960154
62,98.0,random_sampling,symmetric,lognormal,20,4.8,98.0,True,0.9526315789473684,0.9999999999999998,4.584967478670572
63,305.0,random_sampling,symmetric,lognormal,20,4.8,305.0,True,0.9789473684210527,1.0000000000000002,5.720311776607412
64,59.0,random_sampling,symmetric,lognormal,20,4.8,59.0,True,0.9842105263157894,1.0,4.07753744390572
65,175.0,random_sampling,symmetric,lognormal,20,4.8,175.0,True,0.968421052631579,1.0,5.1647859739235145
66,557.0,random_sampling,symmetric,lognormal,20,4.8,557.0,True,0.9578947368421052,1.0,6.322565239927284
67,134.0,random_sampling,symmetric,lognormal,20,4.8,134.0,True,0.9631578947368421,1.0,4.897839799950911
68,219.0,random_sampling,symmetric,lognormal,20,4.8,219.0,True,0.9789473684210527,1.0,5.389071729816501
69,66.0,random_sampling,symmetric,lognormal,20,4.8,66.0,True,0.9631578947368421,1.0,4.189654742026425
70,268.0,random_sampling,symmetric,lognormal,20,4.8,268.0,True,0.9473684210526315,1.0,5.5909869805108565
71,178.0,random_sampling,symmetric,lognormal,20,4.8,178.0,True,0.9578947368421052,0.9999999999999998,5.181783550292085
72,159.0,random_sampling,symmetric,lognormal,20,4.8,159.0,True,0.9526315789473684,1.0000000000000002,5.0689042022202315
73,83.0,random_sampling,symmetric,lognormal,20,4.8,83.0,True,0.9789473684210527,1.0,4.418840607796598
74,189.0,random_sampling,symmetric,lognormal,20,4.8,189.0,True,0.9842105263157894,1.0,5.241747015059643
75,78.0,random_sampling,symmetric,lognormal,20,4.8,78.0,True,0.9736842105263158,1.0,4.356708826689592
76,62.0,random_sampling,symmetric,lognormal,20,4.8,62.0,True,0.9736842105263158,1.0,4.127134385045092
77,169.0,random_sampling,symmetric,lognormal,20,4.8,169.0,True,0.9894736842105263,1.0,5.1298987149230735
78,133.0,random_sampling,symmetric,lognormal,20,4.8,133.0,True,0.9368421052631579,1.0,4.890349128221754
79,502.0,random_sampling,symmetric,lognormal,20,4.8,502.0,True,0.968421052631579,1.0,6.218600119691729
80,122.0,random_sampling,symmetric,lognormal,20,4.8,122.0,True,0.9421052631578948,1.0,4.804021044733257
81,75.0,random_sampling,symmetric,lognormal,20,4.8,75.0,True,0.9789473684210527,1.0000000000000002,4.31748811353631
82,281.0,random_sampling,symmetric,lognormal,20,4.8,281.0,True,0.9526315789473684,0.9999999999999998,5.638354669333745
83,512.0,random_sampling,symmetric,lognormal,20,4.8,512.0,True,0.9631578947368421,1.0,6.238324625039508
84,413.0,random_sampling,symmetric,lognormal,20,4.8,413.0,True,0.9736842105263158,1.0000000000000002,6.023447592961033
85,446.0,random_sampling,symmetric,lognormal,20,4.8,446.0,True,0.9631578947368421,0.9999999999999998,6.100318952020064
86,59.0,random_sampling,symmetric,lognormal,20,4.8,59.0,True,0.9473684210526315,1.0,4.07753744390572
87,875.0,random_sampling,symmetric,lognormal,20,4.8,875.0,True,0.9631578947368421,1.0000000000000002,6.774223886357614
88,172.0,random_sampling,symmetric,lognormal,20,4.8,172.0,True,0.9526315789473684,1.0000000000000002,5.147494476813453
89,395.0,random_sampling,symmetric,lognormal,20,4.8,395.0,True,0.9736842105263158,1.0,5.978885764901122
90,317.0,random_sampling,symmetric,lognormal,20,4.8,317.0,True,0.9631578947368421,0.9999999999999998,5.75890177387728
91,261.0,random_sampling,symmetric,lognormal,20,4.8,261.0,True,0.9736842105263158,1.0000000000000002,5.564520407322694
92,187.0,random_sampling,symmetric,lognormal,20,4.8,187.0,True,0.9578947368421052,1.0,5.231108616854587
93,220.0,random_sampling,symmetric,lognormal,20,4.8,220.0,True,0.9789473684210527,1.0000000000000002,5.393627546352362
94,354.0,random_sampling,symmetric,lognormal,20,4.8,354.0,True,0.968421052631579,1.0,5.869296913133774
95,161.0,random_sampling,symmetric,lognormal,20,4.8,161.0,True,0.9894736842105263,1.0,5.081404364984463
96,95.0,random_sampling,symmetric,lognormal,20,4.8,95.0,True,0.9421052631578948,0.9999999999999998,4.553876891600541
97,152.0,random_sampling,symmetric,lognormal,20,4.8,152.0,True,0.9736842105263158,1.0,5.0238805208462765
98,72.0,random_sampling,symmetric,lognormal,20,4.8,72.0,True,0.9736842105263158,1.0,4.276666119016055
99,312.0,random_sampling,symmetric,lognormal,20,4.8,312.0,True,0.968421052631579,0.9999999999999998,5.7430031878094825
0,226.0,random_sampling,symmetric,lognormal,20,2.2,226.0,True,1.0,1.0,5.420534999272286
1,947.0,random_sampling,symmetric,lognormal,20,2.2,947.0,True,0.9947368421052631,1.0,6.853299093186078
2,944.0,random_sampling,symmetric,lognormal,20,2.2,944.0,True,0.9947368421052631,0.9999999999999998,6.8501261661455
3,2200.0,random_sampling,symmetric,lognormal,20,2.2,2200.0,True,1.0,1.0,7.696212639346407
4,781.0,random_sampling,symmetric,lognormal,20,2.2,781.0,True,1.0,1.0000000000000002,6.660575149839686
5,737.0,random_sampling,symmetric,lognormal,20,2.2,737.0,True,0.9947368421052631,0.9999999999999998,6.602587892189336
6,401.0,random_sampling,symmetric,lognormal,20,2.2,401.0,True,1.0,1.0,5.993961427306569
7,188.0,random_sampling,symmetric,lognormal,20,2.2,188.0,True,0.9947368421052631,1.0000000000000002,5.236441962829949
8,160.0,random_sampling,symmetric,lognormal,20,2.2,160.0,True,1.0,1.0,5.075173815233827
9,1272.0,random_sampling,symmetric,lognormal,20,2.2,1272.0,True,1.0,1.0,7.148345743900068
10,525.0,random_sampling,symmetric,lognormal,20,2.2,525.0,True,1.0,1.0000000000000002,6.263398262591624
11,262.0,random_sampling,symmetric,lognormal,20,2.2,262.0,True,1.0,1.0,5.568344503761097
12,282.0,random_sampling,symmetric,lognormal,20,2.2,282.0,True,1.0,1.0000000000000002,5.641907070938114
13,417.0,random_sampling,symmetric,lognormal,20,2.2,417.0,True,1.0,1.0,6.0330862217988015
14,117.0,random_sampling,symmetric,lognormal,20,2.2,117.0,True,0.9947368421052631,1.0,4.762173934797756
15,775.0,random_sampling,symmetric,lognormal,20,2.2,775.0,True,1.0,0.9999999999999998,6.652863029353347
16,197.0,random_sampling,symmetric,lognormal,20,2.2,197.0,True,1.0,1.0,5.2832037287379885
17,89.0,random_sampling,symmetric,lognormal,20,2.2,89.0,True,1.0,1.0000000000000002,4.48863636973214
18,228.0,random_sampling,symmetric,lognormal,20,2.2,228.0,True,1.0,1.0,5.429345628954441
19,512.0,random_sampling,symmetric,lognormal,20,2.2,512.0,True,0.9947368421052631,1.0000000000000002,6.238324625039508
20,288.0,random_sampling,symmetric,lognormal,20,2.2,288.0,True,1.0,1.0,5.662960480135946
21,1566.0,random_sampling,symmetric,lognormal,20,2.2,1566.0,True,1.0,1.0,7.356279876550748
22,222.0,random_sampling,symmetric,lognormal,20,2.2,222.0,True,1.0,1.0,5.402677381872279
23,425.0,random_sampling,symmetric,lognormal,20,2.2,425.0,True,1.0,0.9999999999999998,6.052089168924417
24,372.0,random_sampling,symmetric,lognormal,20,2.2,372.0,True,1.0,0.9999999999999998,5.918893854273146
25,265.0,random_sampling,symmetric,lognormal,20,2.2,265.0,True,1.0,0.9999999999999998,5.579729825986222
26,129.0,random_sampling,symmetric,lognormal,20,2.2,129.0,True,0.9894736842105263,1.0,4.859812404361672
27,615.0,random_sampling,symmetric,lognormal,20,2.2,615.0,True,1.0,1.0000000000000002,6.421622267806518
28,267.0,random_sampling,symmetric,lognormal,20,2.2,267.0,True,0.9947368421052631,0.9999999999999998,5.58724865840025
29,227.0,random_sampling,symmetric,lognormal,20,2.2,227.0,True,1.0,0.9999999999999998,5.424950017481403
30,281.0,random_sampling,symmetric,lognormal,20,2.2,281.0,True,1.0,0.9999999999999998,5.638354669333745
31,260.0,random_sampling,symmetric,lognormal,20,2.2,260.0,True,0.9947368421052631,1.0,5.560681631015528
32,690.0,random_sampling,symmetric,lognormal,20,2.2,690.0,True,1.0,0.9999999999999998,6.536691597591305
33,152.0,random_sampling,symmetric,lognormal,20,2.2,152.0,True,1.0,1.0,5.0238805208462765
34,336.0,random_sampling,symmetric,lognormal,20,2.2,336.0,True,1.0,0.9999999999999998,5.817111159963204
35,222.0,random_sampling,symmetric,lognormal,20,2.2,222.0,True,0.9947368421052631,1.0000000000000002,5.402677381872279
36,291.0,random_sampling,symmetric,lognormal,20,2.2,291.0,True,0.9947368421052631,1.0,5.673323267171493
37,306.0,random_sampling,symmetric,lognormal,20,2.2,306.0,True,1.0,1.0,5.723585101952381
38,238.0,random_sampling,symmetric,lognormal,20,2.2,238.0,True,1.0,1.0000000000000004,5.472270673671475
39,290.0,random_sampling,symmetric,lognormal,20,2.2,290.0,True,1.0,1.0000000000000002,5.66988092298052
40,116.0,random_sampling,symmetric,lognormal,20,2.2,116.0,True,1.0,1.0,4.7535901911063645
41,202.0,random_sampling,symmetric,lognormal,20,2.2,202.0,True,1.0,1.0000000000000002,5.308267697401205
42,2632.0,random_sampling,symmetric,lognormal,20,2.2,2632.0,True,1.0,1.0,7.875499292445208
43,596.0,random_sampling,symmetric,lognormal,20,2.2,596.0,True,1.0,1.0000000000000002,6.39024066706535
44,1466.0,random_sampling,symmetric,lognormal,20,2.2,1466.0,True,0.9947368421052631,1.0,7.290292882446597
45,575.0,random_sampling,symmetric,lognormal,20,2.2,575.0,True,1.0,1.0,6.354370040797351
46,484.0,random_sampling,symmetric,lognormal,20,2.2,484.0,True,1.0,1.0,6.182084906716632
47,542.0,random_sampling,symmetric,lognormal,20,2.2,542.0,True,0.9947368421052631,1.0,6.295266001439646
48,358.0,random_sampling,symmetric,lognormal,20,2.2,358.0,True,0.9947368421052631,1.0000000000000002,5.8805329864007
49,329.0,random_sampling,symmetric,lognormal,20,2.2,329.0,True,1.0,1.0,5.796057750765372
50,154.0,random_sampling,symmetric,lognormal,20,2.2,154.0,True,1.0,0.9999999999999998,5.0369526024136295
51,149.0,random_sampling,symmetric,lognormal,20,2.2,149.0,True,1.0,1.0,5.003946305945459
52,205.0,random_sampling,symmetric,lognormal,20,2.2,205.0,True,1.0,0.9999999999999998,5.3230099791384085
53,115.0,random_sampling,symmetric,lognormal,20,2.2,115.0,True,1.0,1.0000000000000002,4.74493212836325
54,937.0,random_sampling,symmetric,lognormal,20,2.2,937.0,True,1.0,0.9999999999999998,6.842683282238422
55,1206.0,random_sampling,symmetric,lognormal,20,2.2,1206.0,True,1.0,1.0,7.095064377287131
56,236.0,random_sampling,symmetric,lognormal,20,2.2,236.0,True,0.9947368421052631,1.0000000000000002,5.4638318050256105
57,191.0,random_sampling,symmetric,lognormal,20,2.2,191.0,True,1.0,1.0,5.25227342804663
58,372.0,random_sampling,symmetric,lognormal,20,2.2,372.0,True,1.0,1.0,5.918893854273146
59,481.0,random_sampling,symmetric,lognormal,20,2.2,481.0,True,0.9947368421052631,1.0,6.175867270105761
60,263.0,random_sampling,symmetric,lognormal,20,2.2,263.0,True,1.0,1.0,5.572154032177765
61,173.0,random_sampling,symmetric,lognormal,20,2.2,173.0,True,0.9947368421052631,1.0,5.153291594497779
62,156.0,random_sampling,symmetric,lognormal,20,2.2,156.0,True,1.0,0.9999999999999998,5.049856007249537
63,148.0,random_sampling,symmetric,lognormal,20,2.2,148.0,True,0.9947368421052631,0.9999999999999998,4.997212273764115
64,279.0,random_sampling,symmetric,lognormal,20,2.2,279.0,True,1.0,1.0,5.631211781821365
65,356.0,random_sampling,symmetric,lognormal,20,2.2,356.0,True,1.0,1.0,5.87493073085203
66,798.0,random_sampling,symmetric,lognormal,20,2.2,798.0,True,0.9947368421052631,0.9999999999999998,6.682108597449809
67,810.0,random_sampling,symmetric,lognormal,20,2.2,810.0,True,1.0,0.9999999999999998,6.697034247666484
68,717.0,random_sampling,symmetric,lognormal,20,2.2,717.0,True,0.9947368421052631,1.0,6.57507584059962
69,1292.0,random_sampling,symmetric,lognormal,20,2.2,1292.0,True,1.0,1.0000000000000002,7.163946684342547
70,109.0,random_sampling,symmetric,lognormal,20,2.2,109.0,True,0.9947368421052631,1.0000000000000002,4.6913478822291435
71,320.0,random_sampling,symmetric,lognormal,20,2.2,320.0,True,1.0,0.9999999999999998,5.768320995793772
72,667.0,random_sampling,symmetric,lognormal,20,2.2,667.0,True,1.0,1.0,6.502790045915623
73,296.0,random_sampling,symmetric,lognormal,20,2.2,296.0,True,1.0,1.0000000000000002,5.69035945432406
74,180.0,random_sampling,symmetric,lognormal,20,2.2,180.0,True,1.0,0.9999999999999998,5.19295685089021
75,729.0,random_sampling,symmetric,lognormal,20,2.2,729.0,True,1.0,1.0000000000000002,6.591673732008658
76,333.0,random_sampling,symmetric,lognormal,20,2.2,333.0,True,1.0,1.0,5.808142489980444
77,348.0,random_sampling,symmetric,lognormal,20,2.2,348.0,True,1.0,1.0,5.8522024797744745
78,117.0,random_sampling,symmetric,lognormal,20,2.2,117.0,True,0.9947368421052631,1.0000000000000002,4.762173934797756
79,1140.0,random_sampling,symmetric,lognormal,20,2.2,1140.0,True,1.0,0.9999999999999998,7.038783541388542
80,213.0,random_sampling,symmetric,lognormal,20,2.2,213.0,True,1.0,1.0000000000000002,5.3612921657094255
81,356.0,random_sampling,symmetric,lognormal,20,2.2,356.0,True,1.0,1.0,5.87493073085203
82,866.0,random_sampling,symmetric,lognormal,20,2.2,866.0,True,0.9894736842105263,1.0000000000000002,6.763884908562435
83,656.0,random_sampling,symmetric,lognormal,20,2.2,656.0,True,1.0,1.0,6.486160788944089
84,282.0,random_sampling,symmetric,lognormal,20,2.2,282.0,True,0.9947368421052631,1.0,5.641907070938114
85,249.0,random_sampling,symmetric,lognormal,20,2.2,249.0,True,1.0,1.0,5.517452896464707
86,1635.0,random_sampling,symmetric,lognormal,20,2.2,1635.0,True,0.9894736842105263,1.0000000000000002,7.399398083331354
87,494.0,random_sampling,symmetric,lognormal,20,2.2,494.0,True,1.0,1.0000000000000002,6.202535517187923
88,54.0,random_sampling,symmetric,lognormal,20,2.2,54.0,True,1.0,0.9999999999999998,3.9889840465642745
89,275.0,random_sampling,symmetric,lognormal,20,2.2,275.0,True,1.0,1.0000000000000002,5.616771097666572
90,249.0,random_sampling,symmetric,lognormal,20,2.2,249.0,True,1.0,1.0000000000000002,5.517452896464707
91,438.0,random_sampling,symmetric,lognormal,20,2.2,438.0,True,1.0,0.9999999999999998,6.082218910376446
92,529.0,random_sampling,symmetric,lognormal,20,2.2,529.0,True,1.0,1.0,6.270988431858299
93,242.0,random_sampling,symmetric,lognormal,20,2.2,242.0,True,1.0,1.0,5.488937726156687
94,437.0,random_sampling,symmetric,lognormal,20,2.2,437.0,True,0.9947368421052631,1.0,6.07993319509559
95,668.0,random_sampling,symmetric,lognormal,20,2.2,668.0,True,1.0,1.0000000000000004,6.504288173536645
96,674.0,random_sampling,symmetric,lognormal,20,2.2,674.0,True,1.0,1.0000000000000002,6.513230110912307
97,127.0,random_sampling,symmetric,lognormal,20,2.2,127.0,True,0.9947368421052631,1.0,4.844187086458591
98,1314.0,random_sampling,symmetric,lognormal,20,2.2,1314.0,True,1.0,1.0,7.1808311990445555
99,368.0,random_sampling,symmetric,lognormal,20,2.2,368.0,True,0.9947368421052631,1.0,5.908082938168931
0,7335.0,random_sampling,symmetric,lognormal,30,1.0,7335.0,True,0.9954022988505747,0.9999999999999999,8.900412690577083
1,19639.0,random_sampling,symmetric,lognormal,30,1.0,19639.0,True,0.9908045977011494,1.0,9.885272664115224
2,18577.0,random_sampling,symmetric,lognormal,30,1.0,18577.0,True,0.993103448275862,1.0000000000000002,9.829679535391405
3,4041.0,random_sampling,symmetric,lognormal,30,1.0,4041.0,True,1.0,0.9999999999999999,8.304247465078474
4,12142.0,random_sampling,symmetric,lognormal,30,1.0,12142.0,True,0.9977011494252873,1.0000000000000002,9.40442579569038
5,24646.0,random_sampling,symmetric,lognormal,30,1.0,24646.0,True,0.9977011494252873,0.9999999999999999,10.112369894498068
6,55545.0,random_sampling,symmetric,lognormal,30,1.0,55545.0,True,1.0,1.0000000000000002,10.924948782015823
7,5439.0,random_sampling,symmetric,lognormal,30,1.0,5439.0,True,0.9977011494252873,1.0,8.60135049942296
8,10213.0,random_sampling,symmetric,lognormal,30,1.0,10213.0,True,0.9977011494252873,1.0000000000000002,9.2314166975781
9,3730.0,random_sampling,symmetric,lognormal,30,1.0,3730.0,True,0.9977011494252873,1.0000000000000002,8.224163512637862
10,5109.0,random_sampling,symmetric,lognormal,30,1.0,5109.0,True,0.9954022988505747,1.0,8.538758969330798
11,19918.0,random_sampling,symmetric,lognormal,30,1.0,19918.0,True,1.0,1.0,9.899379124491585
12,36866.0,random_sampling,symmetric,lognormal,30,1.0,36866.0,True,0.9977011494252873,1.0000000000000002,10.515044996056119
13,12404.0,random_sampling,symmetric,lognormal,30,1.0,12404.0,True,0.9954022988505747,0.9999999999999998,9.42577428022034
14,39067.0,random_sampling,symmetric,lognormal,30,1.0,39067.0,True,0.9977011494252873,0.9999999999999999,10.573033399843746
15,16408.0,random_sampling,symmetric,lognormal,30,1.0,16408.0,True,0.9954022988505747,0.9999999999999999,9.705524299752216
16,13503.0,random_sampling,symmetric,lognormal,30,1.0,13503.0,True,0.993103448275862,1.0,9.510667161961042
17,8969.0,random_sampling,symmetric,lognormal,30,1.0,8969.0,True,1.0,1.0000000000000002,9.101529466118004
18,13278.0,random_sampling,symmetric,lognormal,30,1.0,13278.0,True,0.9908045977011494,1.0,9.493863809279105
19,3836.0,random_sampling,symmetric,lognormal,30,1.0,3836.0,True,0.9885057471264368,1.0000000000000002,8.252185436003328
20,11964.0,random_sampling,symmetric,lognormal,30,1.0,11964.0,True,0.993103448275862,0.9999999999999999,9.389657419749838
21,4151.0,random_sampling,symmetric,lognormal,30,1.0,4151.0,True,0.9977011494252873,1.0,8.33110454805304
22,6816.0,random_sampling,symmetric,lognormal,30,1.0,6816.0,True,0.9977011494252873,0.9999999999999999,8.827028068509152
23,13390.0,random_sampling,symmetric,lognormal,30,1.0,13390.0,True,0.9954022988505747,1.0000000000000002,9.502263438685219
24,17520.0,random_sampling,symmetric,lognormal,30,1.0,17520.0,True,0.9977011494252873,0.9999999999999999,9.771098364490383
25,13273.0,random_sampling,symmetric,lognormal,30,1.0,13273.0,True,0.9977011494252873,1.0,9.493487175626202
26,14787.0,random_sampling,symmetric,lognormal,30,1.0,14787.0,True,1.0,1.0000000000000002,9.601503695373488
27,46188.0,random_sampling,symmetric,lognormal,30,1.0,46188.0,True,0.9977011494252873,1.0000000000000002,10.740475303071747
28,6096.0,random_sampling,symmetric,lognormal,30,1.0,6096.0,True,0.9977011494252873,1.0,8.715388097366482
29,4301.0,random_sampling,symmetric,lognormal,30,1.0,4301.0,True,1.0,1.0000000000000002,8.366602832783736
30,16315.0,random_sampling,symmetric,lognormal,30,1.0,16315.0,True,0.9977011494252873,1.0,9.699840209027421
31,2731.0,random_sampling,symmetric,lognormal,30,1.0,2731.0,True,0.9977011494252873,1.0000000000000002,7.912423121473705
32,2362.0,random_sampling,symmetric,lognormal,30,1.0,2362.0,True,0.9954022988505747,1.0,7.767263996757308
33,22222.0,random_sampling,symmetric,lognormal,30,1.0,22222.0,True,0.9954022988505747,1.0,10.008838068143953
34,1623.0,random_sampling,symmetric,lognormal,30,1.0,1623.0,True,0.9885057471264368,1.0,7.392031567514591
35,2972.0,random_sampling,symmetric,lognormal,30,1.0,2972.0,True,0.9977011494252873,1.0,7.99699040583765
36,10460.0,random_sampling,symmetric,lognormal,30,1.0,10460.0,True,0.9977011494252873,1.0,9.255313737618915
37,5419.0,random_sampling,symmetric,lognormal,30,1.0,5419.0,True,0.9954022988505747,0.9999999999999999,8.597666575566114
38,11001.0,random_sampling,symmetric,lognormal,30,1.0,11001.0,True,1.0,1.0,9.305741456739435
39,7605.0,random_sampling,symmetric,lognormal,30,1.0,7605.0,True,1.0,1.0,8.936561204693394
40,5779.0,random_sampling,symmetric,lognormal,30,1.0,5779.0,True,0.9954022988505747,1.0,8.661985936317778
41,9610.0,random_sampling,symmetric,lognormal,30,1.0,9610.0,True,0.9977011494252873,0.9999999999999999,9.170559501964338
42,5459.0,random_sampling,symmetric,lognormal,30,1.0,5459.0,True,1.0,1.0000000000000002,8.605020901781758
43,2641.0,random_sampling,symmetric,lognormal,30,1.0,2641.0,True,0.9954022988505747,1.0000000000000002,7.878912912297133
44,3572.0,random_sampling,symmetric,lognormal,30,1.0,3572.0,True,0.9908045977011494,1.0,8.18088094199639
45,21530.0,random_sampling,symmetric,lognormal,30,1.0,21530.0,True,0.9954022988505747,1.0,9.97720259035841
46,19964.0,random_sampling,symmetric,lognormal,30,1.0,19964.0,True,0.993103448275862,1.0,9.9016859305895
47,4994.0,random_sampling,symmetric,lognormal,30,1.0,4994.0,True,0.9977011494252873,1.0,8.515992470839718
48,16089.0,random_sampling,symmetric,lognormal,30,1.0,16089.0,True,0.9954022988505747,0.9999999999999999,9.685891087651035
49,7909.0,random_sampling,symmetric,lognormal,30,1.0,7909.0,True,0.9954022988505747,1.0000000000000002,8.975756630519417
50,51812.0,random_sampling,symmetric,lognormal,30,1.0,51812.0,True,0.993103448275862,1.0,10.855377061650147
51,5096.0,random_sampling,symmetric,lognormal,30,1.0,5096.0,True,0.9977011494252873,0.9999999999999999,8.536211197252
52,6438.0,random_sampling,symmetric,lognormal,30,1.0,6438.0,True,0.9977011494252873,0.9999999999999999,8.769973211858753
53,8121.0,random_sampling,symmetric,lognormal,30,1.0,8121.0,True,0.9977011494252873,1.0,9.002208578282412
54,8422.0,random_sampling,symmetric,lognormal,30,1.0,8422.0,True,0.9977011494252873,0.9999999999999999,9.038602608721874
55,62365.0,random_sampling,symmetric,lognormal,30,1.0,62365.0,True,0.9977011494252873,1.0000000000000002,11.04075949955981
56,2771.0,random_sampling,symmetric,lognormal,30,1.0,2771.0,True,0.993103448275862,1.0000000000000002,7.9269635448629785
57,18067.0,random_sampling,symmetric,lognormal,30,1.0,18067.0,True,0.9954022988505747,1.0,9.801842348773928
58,2623.0,random_sampling,symmetric,lognormal,30,1.0,2623.0,True,0.993103448275862,1.0000000000000002,7.872073979866873
59,13223.0,random_sampling,symmetric,lognormal,30,1.0,13223.0,True,0.993103448275862,0.9999999999999999,9.489713016556824
60,7218.0,random_sampling,symmetric,lognormal,30,1.0,7218.0,True,0.993103448275862,0.9999999999999998,8.884333185202735
61,36433.0,random_sampling,symmetric,lognormal,30,1.0,36433.0,True,0.9954022988505747,1.0,10.503230236323834
62,13815.0,random_sampling,symmetric,lognormal,30,1.0,13815.0,True,0.9977011494252873,0.9999999999999999,9.533510237357516
63,1714.0,random_sampling,symmetric,lognormal,30,1.0,1714.0,True,0.9977011494252873,1.0000000000000004,7.446585099157725
64,1157.0,random_sampling,symmetric,lognormal,30,1.0,1157.0,True,0.9977011494252873,1.0,7.053585727193677
65,4065.0,random_sampling,symmetric,lognormal,30,1.0,4065.0,True,0.9977011494252873,1.0000000000000002,8.310169021981912
66,11379.0,random_sampling,symmetric,lognormal,30,1.0,11379.0,True,1.0,1.0,9.339524830357009
67,20552.0,random_sampling,symmetric,lognormal,30,1.0,20552.0,True,1.0,0.9999999999999999,9.93071353878972
68,4419.0,random_sampling,symmetric,lognormal,30,1.0,4419.0,True,0.9977011494252873,1.0000000000000002,8.39366870513074
69,15944.0,random_sampling,symmetric,lognormal,30,1.0,15944.0,True,1.0,1.0,9.676837861892631
70,7825.0,random_sampling,symmetric,lognormal,30,1.0,7825.0,True,1.0,0.9999999999999999,8.965079015408355
71,1992.0,random_sampling,symmetric,lognormal,30,1.0,1992.0,True,0.9908045977011494,0.9999999999999999,7.596894438144544
72,34006.0,random_sampling,symmetric,lognormal,30,1.0,34006.0,True,0.993103448275862,0.9999999999999999,10.43429225861743
73,12955.0,random_sampling,symmetric,lognormal,30,1.0,12955.0,True,1.0,0.9999999999999999,9.46923709299621
74,2993.0,random_sampling,symmetric,lognormal,30,1.0,2993.0,True,1.0,1.0000000000000002,8.0040315078527
75,42235.0,random_sampling,symmetric,lognormal,30,1.0,42235.0,True,0.9977011494252873,1.0,10.651004540161598
76,104728.0,random_sampling,symmetric,lognormal,30,1.0,104728.0,True,0.9977011494252873,1.0,11.559121791859935
77,33020.0,random_sampling,symmetric,lognormal,30,1.0,33020.0,True,0.9977011494252873,0.9999999999999999,10.40486871747412
78,1699.0,random_sampling,symmetric,lognormal,30,1.0,1699.0,True,0.9977011494252873,1.0,7.4377951216719325
79,4278.0,random_sampling,symmetric,lognormal,30,1.0,4278.0,True,0.9954022988505747,1.0000000000000002,8.361240889642351
80,4630.0,random_sampling,symmetric,lognormal,30,1.0,4630.0,True,1.0,1.0000000000000002,8.440312147080279
81,25588.0,random_sampling,symmetric,lognormal,30,1.0,25588.0,True,1.0,1.0,10.149878770570028
82,4271.0,random_sampling,symmetric,lognormal,30,1.0,4271.0,True,0.9977011494252873,1.0,8.359603270841466
83,15304.0,random_sampling,symmetric,lognormal,30,1.0,15304.0,True,0.9954022988505747,1.0000000000000002,9.635869511120088
84,3986.0,random_sampling,symmetric,lognormal,30,1.0,3986.0,True,0.993103448275862,1.0,8.29054350077274
85,4334.0,random_sampling,symmetric,lognormal,30,1.0,4334.0,True,1.0,1.0000000000000002,8.374246182096304
86,18793.0,random_sampling,symmetric,lognormal,30,1.0,18793.0,True,1.0,0.9999999999999998,9.8412397390566
87,31691.0,random_sampling,symmetric,lognormal,30,1.0,31691.0,True,1.0,1.0,10.3637880078829
88,12067.0,random_sampling,symmetric,lognormal,30,1.0,12067.0,True,0.9954022988505747,1.0000000000000002,9.3982297330736
89,10253.0,random_sampling,symmetric,lognormal,30,1.0,10253.0,True,0.9954022988505747,1.0,9.235325624670091
90,6906.0,random_sampling,symmetric,lognormal,30,1.0,6906.0,True,0.9862068965517241,1.0,8.840145877949938
91,6243.0,random_sampling,symmetric,lognormal,30,1.0,6243.0,True,0.9977011494252873,1.0000000000000002,8.739216115061744
92,9808.0,random_sampling,symmetric,lognormal,30,1.0,9808.0,True,0.9977011494252873,0.9999999999999999,9.190953658175992
93,17633.0,random_sampling,symmetric,lognormal,30,1.0,17633.0,True,0.9977011494252873,0.9999999999999999,9.777527425407923
94,15770.0,random_sampling,symmetric,lognormal,30,1.0,15770.0,True,0.9977011494252873,1.0,9.665864679957084
95,3651.0,random_sampling,symmetric,lognormal,30,1.0,3651.0,True,1.0,1.0,8.202756381655638
96,5806.0,random_sampling,symmetric,lognormal,30,1.0,5806.0,True,0.9977011494252873,1.0,8.666647144584575
97,4300.0,random_sampling,symmetric,lognormal,30,1.0,4300.0,True,1.0,1.0000000000000002,8.366370301681654
98,13283.0,random_sampling,symmetric,lognormal,30,1.0,13283.0,True,0.993103448275862,1.0,9.494240301132503
99,6335.0,random_sampling,symmetric,lognormal,30,1.0,6335.0,True,0.993103448275862,0.9999999999999999,8.75384509275524
0,76.0,random_sampling,symmetric,lognormal,20,4.0,76.0,True,0.9894736842105263,1.0000000000000002,4.330733340286331
1,190.0,random_sampling,symmetric,lognormal,20,4.0,190.0,True,0.968421052631579,1.0,5.247024072160486
2,328.0,random_sampling,symmetric,lognormal,20,4.0,328.0,True,0.9894736842105263,1.0,5.793013608384144
3,126.0,random_sampling,symmetric,lognormal,20,4.0,126.0,True,0.9894736842105263,0.9999999999999998,4.836281906951478
4,169.0,random_sampling,symmetric,lognormal,20,4.0,169.0,True,0.9842105263157894,1.0,5.1298987149230735
5,152.0,random_sampling,symmetric,lognormal,20,4.0,152.0,True,0.9842105263157894,1.0000000000000002,5.0238805208462765
6,138.0,random_sampling,symmetric,lognormal,20,4.0,138.0,True,0.9789473684210527,0.9999999999999998,4.927253685157205
7,177.0,random_sampling,symmetric,lognormal,20,4.0,177.0,True,0.9894736842105263,0.9999999999999998,5.176149732573829
8,90.0,random_sampling,symmetric,lognormal,20,4.0,90.0,True,0.9894736842105263,1.0,4.499809670330265
9,203.0,random_sampling,symmetric,lognormal,20,4.0,203.0,True,0.9842105263157894,1.0000000000000002,5.313205979041787
10,95.0,random_sampling,symmetric,lognormal,20,4.0,95.0,True,0.9578947368421052,1.0,4.553876891600541
11,151.0,random_sampling,symmetric,lognormal,20,4.0,151.0,True,0.9578947368421052,1.0,5.017279836814924
12,63.0,random_sampling,symmetric,lognormal,20,4.0,63.0,True,0.9947368421052631,0.9999999999999998,4.143134726391533
13,62.0,random_sampling,symmetric,lognormal,20,4.0,62.0,True,0.9947368421052631,1.0,4.127134385045092
14,139.0,random_sampling,symmetric,lognormal,20,4.0,139.0,True,1.0,1.0000000000000002,4.9344739331306915
15,145.0,random_sampling,symmetric,lognormal,20,4.0,145.0,True,0.9947368421052631,1.0,4.976733742420574
16,102.0,random_sampling,symmetric,lognormal,20,4.0,102.0,True,0.9789473684210527,1.0,4.624972813284271
17,39.0,random_sampling,symmetric,lognormal,20,4.0,39.0,True,0.9789473684210527,1.0,3.6635616461296463
18,953.0,random_sampling,symmetric,lognormal,20,4.0,953.0,True,0.9736842105263158,1.0000000000000002,6.859614903654202
19,94.0,random_sampling,symmetric,lognormal,20,4.0,94.0,True,0.9736842105263158,1.0,4.543294782270004
20,98.0,random_sampling,symmetric,lognormal,20,4.0,98.0,True,1.0,1.0000000000000002,4.584967478670572
21,169.0,random_sampling,symmetric,lognormal,20,4.0,169.0,True,0.9947368421052631,0.9999999999999998,5.1298987149230735
22,430.0,random_sampling,symmetric,lognormal,20,4.0,430.0,True,0.9894736842105263,1.0000000000000002,6.063785208687608
23,213.0,random_sampling,symmetric,lognormal,20,4.0,213.0,True,0.9789473684210527,1.0,5.3612921657094255
24,116.0,random_sampling,symmetric,lognormal,20,4.0,116.0,True,0.9947368421052631,0.9999999999999997,4.7535901911063645
25,54.0,random_sampling,symmetric,lognormal,20,4.0,54.0,True,0.9789473684210527,1.0,3.9889840465642745
26,281.0,random_sampling,symmetric,lognormal,20,4.0,281.0,True,0.9842105263157894,1.0000000000000002,5.638354669333745
27,474.0,random_sampling,symmetric,lognormal,20,4.0,474.0,True,0.9842105263157894,1.0,6.161207321695077
28,393.0,random_sampling,symmetric,lognormal,20,4.0,393.0,True,0.9894736842105263,1.0,5.973809611869261
29,265.0,random_sampling,symmetric,lognormal,20,4.0,265.0,True,0.9947368421052631,1.0,5.579729825986222
30,573.0,random_sampling,symmetric,lognormal,20,4.0,573.0,True,0.9947368421052631,1.0,6.35088571671474
31,68.0,random_sampling,symmetric,lognormal,20,4.0,68.0,True,0.9789473684210527,1.0000000000000002,4.219507705176107
32,346.0,random_sampling,symmetric,lognormal,20,4.0,346.0,True,1.0,1.0,5.846438775057725
33,138.0,random_sampling,symmetric,lognormal,20,4.0,138.0,True,1.0,1.0,4.927253685157205
34,185.0,random_sampling,symmetric,lognormal,20,4.0,185.0,True,0.9842105263157894,0.9999999999999998,5.220355825078324
35,92.0,random_sampling,symmetric,lognormal,20,4.0,92.0,True,0.9894736842105263,0.9999999999999998,4.5217885770490405
36,94.0,random_sampling,symmetric,lognormal,20,4.0,94.0,True,0.9894736842105263,1.0000000000000002,4.543294782270004
37,226.0,random_sampling,symmetric,lognormal,20,4.0,226.0,True,0.9947368421052631,1.0,5.420534999272286
38,170.0,random_sampling,symmetric,lognormal,20,4.0,170.0,True,0.9894736842105263,1.0000000000000002,5.135798437050262
39,197.0,random_sampling,symmetric,lognormal,20,4.0,197.0,True,0.9842105263157894,1.0,5.2832037287379885
40,216.0,random_sampling,symmetric,lognormal,20,4.0,216.0,True,0.9842105263157894,1.0,5.375278407684165
41,354.0,random_sampling,symmetric,lognormal,20,4.0,354.0,True,0.9947368421052631,0.9999999999999998,5.869296913133774
42,77.0,random_sampling,symmetric,lognormal,20,4.0,77.0,True,0.9789473684210527,1.0,4.343805421853684
43,563.0,random_sampling,symmetric,lognormal,20,4.0,563.0,True,0.9894736842105263,0.9999999999999998,6.333279628139691
44,369.0,random_sampling,symmetric,lognormal,20,4.0,369.0,True,0.9894736842105263,1.0,5.910796644040527
45,102.0,random_sampling,symmetric,lognormal,20,4.0,102.0,True,0.9947368421052631,1.0,4.624972813284271
46,101.0,random_sampling,symmetric,lognormal,20,4.0,101.0,True,0.9842105263157894,1.0000000000000002,4.61512051684126
47,359.0,random_sampling,symmetric,lognormal,20,4.0,359.0,True,0.9947368421052631,0.9999999999999998,5.883322388488279
48,279.0,random_sampling,symmetric,lognormal,20,4.0,279.0,True,0.9789473684210527,1.0000000000000002,5.631211781821365
49,329.0,random_sampling,symmetric,lognormal,20,4.0,329.0,True,0.9842105263157894,1.0,5.796057750765372
50,419.0,random_sampling,symmetric,lognormal,20,4.0,419.0,True,0.9947368421052631,1.0000000000000002,6.037870919922137
51,90.0,random_sampling,symmetric,lognormal,20,4.0,90.0,True,0.9789473684210527,1.0,4.499809670330265
52,52.0,random_sampling,symmetric,lognormal,20,4.0,52.0,True,0.9894736842105263,1.0000000000000002,3.9512437185814275
53,249.0,random_sampling,symmetric,lognormal,20,4.0,249.0,True,0.968421052631579,1.0,5.517452896464707
54,150.0,random_sampling,symmetric,lognormal,20,4.0,150.0,True,0.9842105263157894,1.0000000000000004,5.0106352940962555
55,127.0,random_sampling,symmetric,lognormal,20,4.0,127.0,True,0.9736842105263158,1.0000000000000002,4.844187086458591
56,478.0,random_sampling,symmetric,lognormal,20,4.0,478.0,True,0.9894736842105263,1.0,6.169610732491456
57,66.0,random_sampling,symmetric,lognormal,20,4.0,66.0,True,0.9894736842105263,1.0000000000000002,4.189654742026425
58,400.0,random_sampling,symmetric,lognormal,20,4.0,400.0,True,0.9631578947368421,1.0,5.991464547107982
59,323.0,random_sampling,symmetric,lognormal,20,4.0,323.0,True,0.9947368421052631,1.0,5.777652323222656
60,500.0,random_sampling,symmetric,lognormal,20,4.0,500.0,True,0.9789473684210527,1.0,6.214608098422191
61,266.0,random_sampling,symmetric,lognormal,20,4.0,266.0,True,0.9842105263157894,1.0,5.583496308781699
62,247.0,random_sampling,symmetric,lognormal,20,4.0,247.0,True,0.9894736842105263,1.0000000000000002,5.5093883366279774
63,721.0,random_sampling,symmetric,lognormal,20,4.0,721.0,True,0.9842105263157894,0.9999999999999998,6.580639137284949
64,143.0,random_sampling,symmetric,lognormal,20,4.0,143.0,True,0.9894736842105263,1.0,4.962844630259907
65,2174.0,random_sampling,symmetric,lognormal,20,4.0,2174.0,True,0.9842105263157894,1.0,7.684324067681155
66,534.0,random_sampling,symmetric,lognormal,20,4.0,534.0,True,0.9842105263157894,1.0,6.280395838960195
67,188.0,random_sampling,symmetric,lognormal,20,4.0,188.0,True,0.9736842105263158,1.0000000000000002,5.236441962829949
68,409.0,random_sampling,symmetric,lognormal,20,4.0,409.0,True,1.0,1.0,6.013715156042802
69,473.0,random_sampling,symmetric,lognormal,20,4.0,473.0,True,0.9947368421052631,0.9999999999999997,6.159095388491933
70,186.0,random_sampling,symmetric,lognormal,20,4.0,186.0,True,0.9947368421052631,1.0,5.225746673713202
71,278.0,random_sampling,symmetric,lognormal,20,4.0,278.0,True,0.9947368421052631,0.9999999999999998,5.627621113690637
72,251.0,random_sampling,symmetric,lognormal,20,4.0,251.0,True,0.9947368421052631,1.0,5.5254529391317835
73,1033.0,random_sampling,symmetric,lognormal,20,4.0,1033.0,True,0.9947368421052631,1.0,6.940222469119639
74,277.0,random_sampling,symmetric,lognormal,20,4.0,277.0,True,0.9894736842105263,1.0000000000000002,5.6240175061873385
75,510.0,random_sampling,symmetric,lognormal,20,4.0,510.0,True,1.0,1.0,6.234410725718371
76,830.0,random_sampling,symmetric,lognormal,20,4.0,830.0,True,0.9789473684210527,1.0,6.721425700790643
77,181.0,random_sampling,symmetric,lognormal,20,4.0,181.0,True,0.968421052631579,1.0,5.198497031265826
78,197.0,random_sampling,symmetric,lognormal,20,4.0,197.0,True,0.9894736842105263,1.0000000000000002,5.2832037287379885
79,642.0,random_sampling,symmetric,lognormal,20,4.0,642.0,True,0.9789473684210527,1.0,6.464588303689961
80,70.0,random_sampling,symmetric,lognormal,20,4.0,70.0,True,0.9894736842105263,0.9999999999999998,4.248495242049359
81,197.0,random_sampling,symmetric,lognormal,20,4.0,197.0,True,0.968421052631579,1.0,5.2832037287379885
82,593.0,random_sampling,symmetric,lognormal,20,4.0,593.0,True,0.9789473684210527,1.0,6.385194398997726
83,356.0,random_sampling,symmetric,lognormal,20,4.0,356.0,True,0.9894736842105263,1.0000000000000002,5.87493073085203
84,145.0,random_sampling,symmetric,lognormal,20,4.0,145.0,True,0.9947368421052631,1.0,4.976733742420574
85,753.0,random_sampling,symmetric,lognormal,20,4.0,753.0,True,0.9947368421052631,1.0,6.6240652277998935
86,290.0,random_sampling,symmetric,lognormal,20,4.0,290.0,True,0.9947368421052631,1.0000000000000002,5.66988092298052
87,172.0,random_sampling,symmetric,lognormal,20,4.0,172.0,True,0.9842105263157894,1.0,5.147494476813453
88,71.0,random_sampling,symmetric,lognormal,20,4.0,71.0,True,0.9736842105263158,1.0,4.2626798770413155
89,248.0,random_sampling,symmetric,lognormal,20,4.0,248.0,True,1.0,0.9999999999999998,5.5134287461649825
90,96.0,random_sampling,symmetric,lognormal,20,4.0,96.0,True,0.9894736842105263,1.0,4.564348191467836
91,134.0,random_sampling,symmetric,lognormal,20,4.0,134.0,True,0.9894736842105263,1.0000000000000002,4.897839799950911
92,173.0,random_sampling,symmetric,lognormal,20,4.0,173.0,True,0.9842105263157894,1.0000000000000002,5.153291594497779
93,289.0,random_sampling,symmetric,lognormal,20,4.0,289.0,True,0.9736842105263158,1.0,5.666426688112432
94,93.0,random_sampling,symmetric,lognormal,20,4.0,93.0,True,0.9894736842105263,0.9999999999999998,4.532599493153256
95,148.0,random_sampling,symmetric,lognormal,20,4.0,148.0,True,0.9947368421052631,1.0,4.997212273764115
96,104.0,random_sampling,symmetric,lognormal,20,4.0,104.0,True,1.0,1.0,4.6443908991413725
97,562.0,random_sampling,symmetric,lognormal,20,4.0,562.0,True,0.9947368421052631,1.0,6.331501849893691
98,153.0,random_sampling,symmetric,lognormal,20,4.0,153.0,True,0.9789473684210527,0.9999999999999998,5.030437921392435
99,141.0,random_sampling,symmetric,lognormal,20,4.0,141.0,True,0.9947368421052631,1.0,4.948759890378168
0,64.0,random_sampling,symmetric,lognormal,20,3.6,64.0,True,0.9947368421052631,1.0,4.1588830833596715
1,398.0,random_sampling,symmetric,lognormal,20,3.6,398.0,True,1.0,0.9999999999999998,5.986452005284438
2,229.0,random_sampling,symmetric,lognormal,20,3.6,229.0,True,1.0,1.0,5.43372200355424
3,75.0,random_sampling,symmetric,lognormal,20,3.6,75.0,True,0.9947368421052631,1.0,4.31748811353631
4,305.0,random_sampling,symmetric,lognormal,20,3.6,305.0,True,1.0,1.0,5.720311776607412
5,643.0,random_sampling,symmetric,lognormal,20,3.6,643.0,True,0.9947368421052631,0.9999999999999998,6.466144724237619
6,320.0,random_sampling,symmetric,lognormal,20,3.6,320.0,True,0.9894736842105263,0.9999999999999998,5.768320995793772
7,230.0,random_sampling,symmetric,lognormal,20,3.6,230.0,True,0.9947368421052631,0.9999999999999998,5.438079308923196
8,392.0,random_sampling,symmetric,lognormal,20,3.6,392.0,True,0.9894736842105263,1.0000000000000002,5.971261839790462
9,321.0,random_sampling,symmetric,lognormal,20,3.6,321.0,True,0.9947368421052631,1.0,5.771441123130016
10,459.0,random_sampling,symmetric,lognormal,20,3.6,459.0,True,0.9842105263157894,1.0,6.129050210060545
11,384.0,random_sampling,symmetric,lognormal,20,3.6,384.0,True,0.9842105263157894,1.0,5.950642552587727
12,152.0,random_sampling,symmetric,lognormal,20,3.6,152.0,True,0.9894736842105263,0.9999999999999998,5.0238805208462765
13,214.0,random_sampling,symmetric,lognormal,20,3.6,214.0,True,0.9894736842105263,1.0000000000000002,5.365976015021851
14,102.0,random_sampling,symmetric,lognormal,20,3.6,102.0,True,0.9894736842105263,1.0,4.624972813284271
15,58.0,random_sampling,symmetric,lognormal,20,3.6,58.0,True,1.0,0.9999999999999997,4.060443010546419
16,712.0,random_sampling,symmetric,lognormal,20,3.6,712.0,True,0.9947368421052631,1.0,6.568077911411976
17,404.0,random_sampling,symmetric,lognormal,20,3.6,404.0,True,0.9894736842105263,0.9999999999999998,6.0014148779611505
18,148.0,random_sampling,symmetric,lognormal,20,3.6,148.0,True,0.9894736842105263,1.0,4.997212273764115
19,217.0,random_sampling,symmetric,lognormal,20,3.6,217.0,True,1.0,1.0,5.37989735354046
20,220.0,random_sampling,symmetric,lognormal,20,3.6,220.0,True,0.9894736842105263,0.9999999999999998,5.393627546352362
21,174.0,random_sampling,symmetric,lognormal,20,3.6,174.0,True,1.0,0.9999999999999998,5.159055299214529
22,153.0,random_sampling,symmetric,lognormal,20,3.6,153.0,True,1.0,0.9999999999999998,5.030437921392435
23,150.0,random_sampling,symmetric,lognormal,20,3.6,150.0,True,1.0,0.9999999999999998,5.0106352940962555
24,105.0,random_sampling,symmetric,lognormal,20,3.6,105.0,True,0.9947368421052631,1.0,4.653960350157523
25,451.0,random_sampling,symmetric,lognormal,20,3.6,451.0,True,0.9894736842105263,1.0,6.111467339502679
26,164.0,random_sampling,symmetric,lognormal,20,3.6,164.0,True,0.9894736842105263,1.0,5.099866427824199
27,383.0,random_sampling,symmetric,lognormal,20,3.6,383.0,True,1.0,1.0,5.948034989180646
28,382.0,random_sampling,symmetric,lognormal,20,3.6,382.0,True,1.0,1.0000000000000002,5.945420608606575
29,334.0,random_sampling,symmetric,lognormal,20,3.6,334.0,True,0.9789473684210527,0.9999999999999998,5.811140992976701
30,161.0,random_sampling,symmetric,lognormal,20,3.6,161.0,True,0.9736842105263158,1.0000000000000002,5.081404364984463
31,401.0,random_sampling,symmetric,lognormal,20,3.6,401.0,True,0.9947368421052631,1.0,5.993961427306569
32,186.0,random_sampling,symmetric,lognormal,20,3.6,186.0,True,0.9894736842105263,1.0,5.225746673713202
33,304.0,random_sampling,symmetric,lognormal,20,3.6,304.0,True,0.9894736842105263,1.0000000000000002,5.717027701406222
34,1053.0,random_sampling,symmetric,lognormal,20,3.6,1053.0,True,1.0,1.0000000000000002,6.959398512133975
35,400.0,random_sampling,symmetric,lognormal,20,3.6,400.0,True,0.9842105263157894,1.0,5.991464547107982
36,80.0,random_sampling,symmetric,lognormal,20,3.6,80.0,True,0.9894736842105263,0.9999999999999997,4.382026634673881
37,172.0,random_sampling,symmetric,lognormal,20,3.6,172.0,True,0.9947368421052631,1.0,5.147494476813453
38,630.0,random_sampling,symmetric,lognormal,20,3.6,630.0,True,0.9842105263157894,1.0,6.4457198193855785
39,335.0,random_sampling,symmetric,lognormal,20,3.6,335.0,True,0.9894736842105263,1.0,5.814130531825066
40,324.0,random_sampling,symmetric,lognormal,20,3.6,324.0,True,0.9894736842105263,1.0,5.780743515792329
41,419.0,random_sampling,symmetric,lognormal,20,3.6,419.0,True,0.9947368421052631,1.0000000000000002,6.037870919922137
42,170.0,random_sampling,symmetric,lognormal,20,3.6,170.0,True,0.9842105263157894,0.9999999999999998,5.135798437050262
43,55.0,random_sampling,symmetric,lognormal,20,3.6,55.0,True,1.0,0.9999999999999998,4.007333185232471
44,348.0,random_sampling,symmetric,lognormal,20,3.6,348.0,True,0.9947368421052631,1.0,5.8522024797744745
45,131.0,random_sampling,symmetric,lognormal,20,3.6,131.0,True,1.0,1.0,4.875197323201151
46,255.0,random_sampling,symmetric,lognormal,20,3.6,255.0,True,1.0,1.0,5.541263545158426
47,2369.0,random_sampling,symmetric,lognormal,20,3.6,2369.0,True,0.9842105263157894,1.0,7.7702232041587855
48,203.0,random_sampling,symmetric,lognormal,20,3.6,203.0,True,0.9842105263157894,1.0000000000000002,5.313205979041787
49,244.0,random_sampling,symmetric,lognormal,20,3.6,244.0,True,0.9894736842105263,1.0,5.497168225293202
50,574.0,random_sampling,symmetric,lognormal,20,3.6,574.0,True,0.9947368421052631,1.0,6.352629396319567
51,276.0,random_sampling,symmetric,lognormal,20,3.6,276.0,True,0.9947368421052631,1.0,5.62040086571715
52,98.0,random_sampling,symmetric,lognormal,20,3.6,98.0,True,0.9947368421052631,1.0,4.584967478670572
53,489.0,random_sampling,symmetric,lognormal,20,3.6,489.0,True,0.9947368421052631,1.0000000000000002,6.192362489474872
54,161.0,random_sampling,symmetric,lognormal,20,3.6,161.0,True,1.0,0.9999999999999998,5.081404364984463
55,219.0,random_sampling,symmetric,lognormal,20,3.6,219.0,True,0.9894736842105263,0.9999999999999998,5.389071729816501
56,275.0,random_sampling,symmetric,lognormal,20,3.6,275.0,True,0.9894736842105263,1.0,5.616771097666572
57,343.0,random_sampling,symmetric,lognormal,20,3.6,343.0,True,0.9894736842105263,0.9999999999999997,5.8377304471659395
58,747.0,random_sampling,symmetric,lognormal,20,3.6,747.0,True,0.9894736842105263,1.0,6.616065185132817
59,973.0,random_sampling,symmetric,lognormal,20,3.6,973.0,True,0.9947368421052631,1.0000000000000002,6.880384082186005
60,160.0,random_sampling,symmetric,lognormal,20,3.6,160.0,True,1.0,1.0000000000000002,5.075173815233827
61,267.0,random_sampling,symmetric,lognormal,20,3.6,267.0,True,0.9894736842105263,1.0,5.58724865840025
62,340.0,random_sampling,symmetric,lognormal,20,3.6,340.0,True,0.9947368421052631,0.9999999999999998,5.8289456176102075
63,204.0,random_sampling,symmetric,lognormal,20,3.6,204.0,True,0.9947368421052631,1.0000000000000002,5.318119993844216
64,53.0,random_sampling,symmetric,lognormal,20,3.6,53.0,True,0.9842105263157894,0.9999999999999998,3.970291913552122
65,190.0,random_sampling,symmetric,lognormal,20,3.6,190.0,True,1.0,1.0000000000000002,5.247024072160486
66,517.0,random_sampling,symmetric,lognormal,20,3.6,517.0,True,0.9736842105263158,1.0,6.248042874508429
67,295.0,random_sampling,symmetric,lognormal,20,3.6,295.0,True,0.9736842105263158,1.0,5.68697535633982
68,128.0,random_sampling,symmetric,lognormal,20,3.6,128.0,True,0.9789473684210527,1.0,4.852030263919617
69,1367.0,random_sampling,symmetric,lognormal,20,3.6,1367.0,True,0.9789473684210527,1.0000000000000002,7.220373836723949
70,128.0,random_sampling,symmetric,lognormal,20,3.6,128.0,True,0.9947368421052631,1.0,4.852030263919617
71,317.0,random_sampling,symmetric,lognormal,20,3.6,317.0,True,0.9842105263157894,1.0,5.75890177387728
72,181.0,random_sampling,symmetric,lognormal,20,3.6,181.0,True,1.0,0.9999999999999998,5.198497031265826
73,145.0,random_sampling,symmetric,lognormal,20,3.6,145.0,True,1.0,0.9999999999999998,4.976733742420574
74,363.0,random_sampling,symmetric,lognormal,20,3.6,363.0,True,0.9842105263157894,1.0,5.8944028342648505
75,221.0,random_sampling,symmetric,lognormal,20,3.6,221.0,True,0.9894736842105263,1.0,5.3981627015177525
76,67.0,random_sampling,symmetric,lognormal,20,3.6,67.0,True,0.9894736842105263,1.0,4.204692619390966
77,120.0,random_sampling,symmetric,lognormal,20,3.6,120.0,True,0.9894736842105263,1.0,4.787491742782046
78,306.0,random_sampling,symmetric,lognormal,20,3.6,306.0,True,0.9894736842105263,0.9999999999999998,5.723585101952381
79,310.0,random_sampling,symmetric,lognormal,20,3.6,310.0,True,0.9894736842105263,1.0000000000000002,5.736572297479192
80,274.0,random_sampling,symmetric,lognormal,20,3.6,274.0,True,1.0,1.0,5.6131281063880705
81,183.0,random_sampling,symmetric,lognormal,20,3.6,183.0,True,1.0,1.0000000000000002,5.209486152841421
82,57.0,random_sampling,symmetric,lognormal,20,3.6,57.0,True,1.0,1.0000000000000002,4.04305126783455
83,111.0,random_sampling,symmetric,lognormal,20,3.6,111.0,True,1.0,0.9999999999999998,4.709530201312334
84,129.0,random_sampling,symmetric,lognormal,20,3.6,129.0,True,0.9894736842105263,1.0000000000000002,4.859812404361672
85,230.0,random_sampling,symmetric,lognormal,20,3.6,230.0,True,0.9894736842105263,1.0000000000000002,5.438079308923196
86,328.0,random_sampling,symmetric,lognormal,20,3.6,328.0,True,0.9947368421052631,1.0,5.793013608384144
87,210.0,random_sampling,symmetric,lognormal,20,3.6,210.0,True,1.0,1.0,5.3471075307174685
88,288.0,random_sampling,symmetric,lognormal,20,3.6,288.0,True,0.9789473684210527,1.0,5.662960480135946
89,272.0,random_sampling,symmetric,lognormal,20,3.6,272.0,True,0.9947368421052631,1.0,5.605802066295998
90,123.0,random_sampling,symmetric,lognormal,20,3.6,123.0,True,1.0,1.0,4.812184355372417
91,403.0,random_sampling,symmetric,lognormal,20,3.6,403.0,True,1.0,1.0,5.998936561946683
92,111.0,random_sampling,symmetric,lognormal,20,3.6,111.0,True,0.9947368421052631,0.9999999999999998,4.709530201312334
93,102.0,random_sampling,symmetric,lognormal,20,3.6,102.0,True,0.9842105263157894,1.0,4.624972813284271
94,199.0,random_sampling,symmetric,lognormal,20,3.6,199.0,True,0.9947368421052631,1.0,5.293304824724492
95,689.0,random_sampling,symmetric,lognormal,20,3.6,689.0,True,0.9842105263157894,0.9999999999999998,6.535241271013659
96,369.0,random_sampling,symmetric,lognormal,20,3.6,369.0,True,0.9947368421052631,1.0000000000000002,5.910796644040527
97,47.0,random_sampling,symmetric,lognormal,20,3.6,47.0,True,0.9947368421052631,1.0,3.8501476017100584
98,153.0,random_sampling,symmetric,lognormal,20,3.6,153.0,True,0.9894736842105263,1.0000000000000002,5.030437921392435
99,346.0,random_sampling,symmetric,lognormal,20,3.6,346.0,True,0.9894736842105263,1.0000000000000002,5.846438775057725
0,42679.0,random_sampling,symmetric,lognormal,30,0.8,42679.0,True,0.9954022988505747,1.0,10.66146227496313
1,15596.0,random_sampling,symmetric,lognormal,30,0.8,15596.0,True,0.9908045977011494,1.0000000000000002,9.654769750102489
2,30583.0,random_sampling,symmetric,lognormal,30,0.8,30583.0,True,0.9954022988505747,1.0,10.32819957800675
3,5340.0,random_sampling,symmetric,lognormal,30,0.8,5340.0,True,0.993103448275862,1.0,8.582980931954241
4,8667.0,random_sampling,symmetric,lognormal,30,0.8,8667.0,True,0.9954022988505747,0.9999999999999999,9.067277989134345
5,9187.0,random_sampling,symmetric,lognormal,30,0.8,9187.0,True,0.993103448275862,0.9999999999999999,9.125544720271467
6,7254.0,random_sampling,symmetric,lognormal,30,0.8,7254.0,True,0.9954022988505747,0.9999999999999999,8.889308319842847
7,10801.0,random_sampling,symmetric,lognormal,30,0.8,10801.0,True,0.9885057471264368,1.0000000000000002,9.287394001418473
8,12234.0,random_sampling,symmetric,lognormal,30,0.8,12234.0,True,0.9977011494252873,1.0,9.411974239802511
9,7355.0,random_sampling,symmetric,lognormal,30,0.8,7355.0,True,0.993103448275862,1.0,8.903135633035538
10,11688.0,random_sampling,symmetric,lognormal,30,0.8,11688.0,True,0.9977011494252873,1.0000000000000002,9.366317953430535
11,13022.0,random_sampling,symmetric,lognormal,30,0.8,13022.0,True,0.993103448275862,0.9999999999999999,9.474395513796807
12,11432.0,random_sampling,symmetric,lognormal,30,0.8,11432.0,True,0.9977011494252873,1.0,9.344171719609703
13,3900.0,random_sampling,symmetric,lognormal,30,0.8,3900.0,True,0.9977011494252873,0.9999999999999999,8.268731832117737
14,11359.0,random_sampling,symmetric,lognormal,30,0.8,11359.0,True,0.9977011494252873,1.0000000000000002,9.33776566023142
15,11031.0,random_sampling,symmetric,lognormal,30,0.8,11031.0,True,1.0,1.0,9.308464769969381
16,2922.0,random_sampling,symmetric,lognormal,30,0.8,2922.0,True,0.9954022988505747,1.0,7.980023592310645
17,3846.0,random_sampling,symmetric,lognormal,30,0.8,3846.0,True,0.9977011494252873,0.9999999999999999,8.254788926148725
18,2482.0,random_sampling,symmetric,lognormal,30,0.8,2482.0,True,0.9954022988505747,1.0,7.8168199657645525
19,6866.0,random_sampling,symmetric,lognormal,30,0.8,6866.0,True,0.9954022988505747,0.9999999999999998,8.834336974017637
20,21818.0,random_sampling,symmetric,lognormal,30,0.8,21818.0,True,0.9977011494252873,1.0,9.990490596157702
21,12435.0,random_sampling,symmetric,lognormal,30,0.8,12435.0,True,0.993103448275862,1.0,9.428270356237505
22,17074.0,random_sampling,symmetric,lognormal,30,0.8,17074.0,True,0.9977011494252873,0.9999999999999999,9.745312117570252
23,3350.0,random_sampling,symmetric,lognormal,30,0.8,3350.0,True,0.993103448275862,1.0,8.116715624819111
24,5572.0,random_sampling,symmetric,lognormal,30,0.8,5572.0,True,0.993103448275862,1.0,8.625509334899697
25,21572.0,random_sampling,symmetric,lognormal,30,0.8,21572.0,True,0.9954022988505747,0.9999999999999998,9.979151456457117
26,14647.0,random_sampling,symmetric,lognormal,30,0.8,14647.0,True,0.9977011494252873,0.9999999999999999,9.591990815318308
27,80246.0,random_sampling,symmetric,lognormal,30,0.8,80246.0,True,1.0,1.0000000000000002,11.292852195513237
28,12563.0,random_sampling,symmetric,lognormal,30,0.8,12563.0,True,1.0,1.0,9.438511265004419
29,50258.0,random_sampling,symmetric,lognormal,30,0.8,50258.0,True,0.9977011494252873,1.0,10.824925017229813
30,28638.0,random_sampling,symmetric,lognormal,30,0.8,28638.0,True,0.9908045977011494,0.9999999999999998,10.262489786233951
31,20704.0,random_sampling,symmetric,lognormal,30,0.8,20704.0,True,0.9977011494252873,1.0,9.938082197300627
32,3787.0,random_sampling,symmetric,lognormal,30,0.8,3787.0,True,0.993103448275862,0.9999999999999999,8.239329427901795
33,30523.0,random_sampling,symmetric,lognormal,30,0.8,30523.0,True,0.993103448275862,1.0000000000000002,10.326235776766852
34,7648.0,random_sampling,symmetric,lognormal,30,0.8,7648.0,True,0.9977011494252873,1.0,8.942199454731238
35,3103.0,random_sampling,symmetric,lognormal,30,0.8,3103.0,True,0.993103448275862,0.9999999999999999,8.04012466444838
36,19224.0,random_sampling,symmetric,lognormal,30,0.8,19224.0,True,0.9885057471264368,1.0000000000000002,9.863914777416305
37,10309.0,random_sampling,symmetric,lognormal,30,0.8,10309.0,True,0.9954022988505747,1.0,9.240772579096385
38,3371.0,random_sampling,symmetric,lognormal,30,0.8,3371.0,True,1.0,1.0,8.12296471523406
39,12649.0,random_sampling,symmetric,lognormal,30,0.8,12649.0,True,1.0,1.0000000000000002,9.445333439647541
40,7623.0,random_sampling,symmetric,lognormal,30,0.8,7623.0,True,0.9977011494252873,1.0,8.938925271988273
41,32534.0,random_sampling,symmetric,lognormal,30,0.8,32534.0,True,0.9885057471264368,0.9999999999999999,10.390040975326398
42,25815.0,random_sampling,symmetric,lognormal,30,0.8,25815.0,True,0.9977011494252873,1.0,10.158710997313749
43,4752.0,random_sampling,symmetric,lognormal,30,0.8,4752.0,True,0.993103448275862,1.0000000000000002,8.466320861042481
44,7322.0,random_sampling,symmetric,lognormal,30,0.8,7322.0,True,0.9977011494252873,1.0000000000000002,8.898638793680181
45,7936.0,random_sampling,symmetric,lognormal,30,0.8,7936.0,True,0.9908045977011494,1.0000000000000002,8.979164648964709
46,11419.0,random_sampling,symmetric,lognormal,30,0.8,11419.0,True,0.9954022988505747,1.0,9.343033913701648
47,7090.0,random_sampling,symmetric,lognormal,30,0.8,7090.0,True,0.9954022988505747,1.0000000000000002,8.866440619526173
48,7840.0,random_sampling,symmetric,lognormal,30,0.8,7840.0,True,0.9977011494252873,1.0,8.966994113344454
49,22718.0,random_sampling,symmetric,lognormal,30,0.8,22718.0,True,0.9954022988505747,0.9999999999999998,10.030912840791366
50,5716.0,random_sampling,symmetric,lognormal,30,0.8,5716.0,True,0.9977011494252873,0.9999999999999999,8.651024539049757
51,41214.0,random_sampling,symmetric,lognormal,30,0.8,41214.0,True,0.9977011494252873,1.0,10.626533283441937
52,1688.0,random_sampling,symmetric,lognormal,30,0.8,1688.0,True,0.9977011494252873,1.0,7.431299675155903
53,3103.0,random_sampling,symmetric,lognormal,30,0.8,3103.0,True,0.9954022988505747,1.0,8.04012466444838
54,33208.0,random_sampling,symmetric,lognormal,30,0.8,33208.0,True,0.9908045977011494,1.0,10.410546089732875
55,3713.0,random_sampling,symmetric,lognormal,30,0.8,3713.0,True,0.993103448275862,1.0,8.21959545417708
56,3815.0,random_sampling,symmetric,lognormal,30,0.8,3815.0,True,1.0,1.0,8.246695943718557
57,11376.0,random_sampling,symmetric,lognormal,30,0.8,11376.0,True,0.9977011494252873,1.0,9.339261152043022
58,28822.0,random_sampling,symmetric,lognormal,30,0.8,28822.0,True,0.993103448275862,1.0000000000000002,10.268894263398307
59,6812.0,random_sampling,symmetric,lognormal,30,0.8,6812.0,True,0.9954022988505747,1.0,8.826441041782578
60,25051.0,random_sampling,symmetric,lognormal,30,0.8,25051.0,True,0.9954022988505747,1.0,10.128669025875903
61,6049.0,random_sampling,symmetric,lognormal,30,0.8,6049.0,True,0.9954022988505747,0.9999999999999999,8.707648248106914
62,22718.0,random_sampling,symmetric,lognormal,30,0.8,22718.0,True,0.9954022988505747,0.9999999999999999,10.030912840791366
63,6830.0,random_sampling,symmetric,lognormal,30,0.8,6830.0,True,1.0,0.9999999999999998,8.829079952564836
64,3363.0,random_sampling,symmetric,lognormal,30,0.8,3363.0,True,0.9954022988505747,1.0,8.12058871174027
65,54615.0,random_sampling,symmetric,lognormal,30,0.8,54615.0,True,1.0,0.9999999999999999,10.908063849277644
66,33319.0,random_sampling,symmetric,lognormal,30,0.8,33319.0,True,0.993103448275862,0.9999999999999999,10.413883083825608
67,17475.0,random_sampling,symmetric,lognormal,30,0.8,17475.0,True,0.9954022988505747,1.0000000000000002,9.768526567102011
68,7605.0,random_sampling,symmetric,lognormal,30,0.8,7605.0,True,0.9954022988505747,0.9999999999999998,8.936561204693394
69,9671.0,random_sampling,symmetric,lognormal,30,0.8,9671.0,True,1.0,0.9999999999999997,9.176886995716963
70,4849.0,random_sampling,symmetric,lognormal,30,0.8,4849.0,True,1.0,1.0000000000000002,8.486527777105353
71,8057.0,random_sampling,symmetric,lognormal,30,0.8,8057.0,True,0.9954022988505747,1.0,8.994296557777195
72,6551.0,random_sampling,symmetric,lognormal,30,0.8,6551.0,True,0.9954022988505747,1.0000000000000002,8.787372988731876
73,4931.0,random_sampling,symmetric,lognormal,30,0.8,4931.0,True,0.9977011494252873,1.0,8.503297086224126
74,3323.0,random_sampling,symmetric,lognormal,30,0.8,3323.0,True,0.993103448275862,0.9999999999999999,8.108623268354595
75,19362.0,random_sampling,symmetric,lognormal,30,0.8,19362.0,True,1.0,0.9999999999999999,9.871067661280017
76,7179.0,random_sampling,symmetric,lognormal,30,0.8,7179.0,True,0.9954022988505747,1.0,8.878915376576483
77,18656.0,random_sampling,symmetric,lognormal,30,0.8,18656.0,True,0.993103448275862,1.0,9.833923089150218
78,8237.0,random_sampling,symmetric,lognormal,30,0.8,8237.0,True,0.9908045977011494,1.0000000000000002,9.016391478941248
79,55405.0,random_sampling,symmetric,lognormal,30,0.8,55405.0,True,0.9954022988505747,1.0000000000000002,10.922425121370425
80,45447.0,random_sampling,symmetric,lognormal,30,0.8,45447.0,True,0.9954022988505747,1.0,10.724302090826434
81,17213.0,random_sampling,symmetric,lognormal,30,0.8,17213.0,True,0.9977011494252873,1.0,9.753420191271506
82,21741.0,random_sampling,symmetric,lognormal,30,0.8,21741.0,True,0.9954022988505747,0.9999999999999999,9.986955157777391
83,9018.0,random_sampling,symmetric,lognormal,30,0.8,9018.0,True,0.993103448275862,1.0000000000000002,9.106977858981029
84,89810.0,random_sampling,symmetric,lognormal,30,0.8,89810.0,True,0.9977011494252873,1.0,11.405451606664995
85,15115.0,random_sampling,symmetric,lognormal,30,0.8,15115.0,True,0.9954022988505747,1.0000000000000002,9.623442907213558
86,10978.0,random_sampling,symmetric,lognormal,30,0.8,10978.0,True,0.9954022988505747,1.0,9.303648549109834
87,19682.0,random_sampling,symmetric,lognormal,30,0.8,19682.0,True,0.9977011494252873,1.0000000000000002,9.88745979145893
88,31275.0,random_sampling,symmetric,lognormal,30,0.8,31275.0,True,0.9954022988505747,1.0,10.350574335335113
89,9929.0,random_sampling,symmetric,lognormal,30,0.8,9929.0,True,0.9954022988505747,1.0000000000000002,9.203215047033595
90,24893.0,random_sampling,symmetric,lognormal,30,0.8,24893.0,True,1.0,1.0000000000000002,10.122341918431909
91,3060.0,random_sampling,symmetric,lognormal,30,0.8,3060.0,True,0.9954022988505747,0.9999999999999999,8.026170194946426
92,27092.0,random_sampling,symmetric,lognormal,30,0.8,27092.0,True,0.993103448275862,1.0,10.206993760334795
93,80648.0,random_sampling,symmetric,lognormal,30,0.8,80648.0,True,0.9954022988505747,1.0,11.297849284733777
94,13204.0,random_sampling,symmetric,lognormal,30,0.8,13204.0,True,1.0,1.0,9.488275092973083
95,5161.0,random_sampling,symmetric,lognormal,30,0.8,5161.0,True,0.9977011494252873,0.9999999999999999,8.548885638148727
96,5519.0,random_sampling,symmetric,lognormal,30,0.8,5519.0,True,0.9816091954022989,1.0,8.615951963439501
97,7161.0,random_sampling,symmetric,lognormal,30,0.8,7161.0,True,1.0,1.0,8.87640491500694
98,10216.0,random_sampling,symmetric,lognormal,30,0.8,10216.0,True,0.9977011494252873,1.0000000000000002,9.231710397712375
99,1583.0,random_sampling,symmetric,lognormal,30,0.8,1583.0,True,1.0,1.0000000000000002,7.367077059881012
0,270.0,random_sampling,symmetric,lognormal,20,2.8,270.0,True,1.0,1.0,5.598421958998375
1,145.0,random_sampling,symmetric,lognormal,20,2.8,145.0,True,1.0,1.0,4.976733742420574
2,242.0,random_sampling,symmetric,lognormal,20,2.8,242.0,True,1.0,0.9999999999999998,5.488937726156687
3,259.0,random_sampling,symmetric,lognormal,20,2.8,259.0,True,1.0,1.0,5.556828061699537
4,103.0,random_sampling,symmetric,lognormal,20,2.8,103.0,True,1.0,1.0,4.634728988229636
5,213.0,random_sampling,symmetric,lognormal,20,2.8,213.0,True,1.0,1.0,5.3612921657094255
6,170.0,random_sampling,symmetric,lognormal,20,2.8,170.0,True,1.0,0.9999999999999998,5.135798437050262
7,430.0,random_sampling,symmetric,lognormal,20,2.8,430.0,True,0.9947368421052631,1.0,6.063785208687608
8,52.0,random_sampling,symmetric,lognormal,20,2.8,52.0,True,1.0,1.0,3.9512437185814275
9,539.0,random_sampling,symmetric,lognormal,20,2.8,539.0,True,1.0,1.0000000000000002,6.289715570908998
10,204.0,random_sampling,symmetric,lognormal,20,2.8,204.0,True,0.9947368421052631,1.0,5.318119993844216
11,166.0,random_sampling,symmetric,lognormal,20,2.8,166.0,True,1.0,1.0,5.111987788356544
12,290.0,random_sampling,symmetric,lognormal,20,2.8,290.0,True,1.0,0.9999999999999998,5.66988092298052
13,657.0,random_sampling,symmetric,lognormal,20,2.8,657.0,True,0.9947368421052631,0.9999999999999998,6.48768401848461
14,137.0,random_sampling,symmetric,lognormal,20,2.8,137.0,True,1.0,1.0,4.919980925828125
15,197.0,random_sampling,symmetric,lognormal,20,2.8,197.0,True,1.0,1.0,5.2832037287379885
16,669.0,random_sampling,symmetric,lognormal,20,2.8,669.0,True,1.0,1.0,6.505784060128229
17,338.0,random_sampling,symmetric,lognormal,20,2.8,338.0,True,0.9947368421052631,1.0,5.823045895483019
18,50.0,random_sampling,symmetric,lognormal,20,2.8,50.0,True,1.0,0.9999999999999998,3.912023005428146
19,102.0,random_sampling,symmetric,lognormal,20,2.8,102.0,True,1.0,1.0,4.624972813284271
20,873.0,random_sampling,symmetric,lognormal,20,2.8,873.0,True,1.0,1.0,6.771935555839602
21,731.0,random_sampling,symmetric,lognormal,20,2.8,731.0,True,0.9894736842105263,1.0,6.594413459749778
22,325.0,random_sampling,symmetric,lognormal,20,2.8,325.0,True,1.0,1.0000000000000002,5.783825182329737
23,768.0,random_sampling,symmetric,lognormal,20,2.8,768.0,True,0.9947368421052631,1.0000000000000002,6.643789733147672
24,779.0,random_sampling,symmetric,lognormal,20,2.8,779.0,True,1.0,1.0,6.658011045870748
25,414.0,random_sampling,symmetric,lognormal,20,2.8,414.0,True,0.9947368421052631,1.0,6.025865973825314
26,332.0,random_sampling,symmetric,lognormal,20,2.8,332.0,True,0.9947368421052631,1.0,5.805134968916488
27,142.0,random_sampling,symmetric,lognormal,20,2.8,142.0,True,1.0,1.0,4.955827057601261
28,235.0,random_sampling,symmetric,lognormal,20,2.8,235.0,True,1.0,0.9999999999999998,5.459585514144159
29,520.0,random_sampling,symmetric,lognormal,20,2.8,520.0,True,0.9947368421052631,1.0,6.253828811575473
30,250.0,random_sampling,symmetric,lognormal,20,2.8,250.0,True,1.0,1.0,5.521460917862246
31,472.0,random_sampling,symmetric,lognormal,20,2.8,472.0,True,1.0,0.9999999999999998,6.156978985585555
32,99.0,random_sampling,symmetric,lognormal,20,2.8,99.0,True,0.9947368421052631,0.9999999999999998,4.59511985013459
33,184.0,random_sampling,symmetric,lognormal,20,2.8,184.0,True,1.0,0.9999999999999998,5.214935757608986
34,290.0,random_sampling,symmetric,lognormal,20,2.8,290.0,True,1.0,1.0,5.66988092298052
35,103.0,random_sampling,symmetric,lognormal,20,2.8,103.0,True,0.9947368421052631,1.0,4.634728988229636
36,508.0,random_sampling,symmetric,lognormal,20,2.8,508.0,True,1.0,0.9999999999999998,6.230481447578482
37,554.0,random_sampling,symmetric,lognormal,20,2.8,554.0,True,0.9947368421052631,0.9999999999999998,6.317164686747284
38,173.0,random_sampling,symmetric,lognormal,20,2.8,173.0,True,0.9894736842105263,1.0,5.153291594497779
39,1043.0,random_sampling,symmetric,lognormal,20,2.8,1043.0,True,0.9947368421052631,1.0,6.949856455000773
40,693.0,random_sampling,symmetric,lognormal,20,2.8,693.0,True,0.9947368421052631,1.0,6.541029999189903
41,727.0,random_sampling,symmetric,lognormal,20,2.8,727.0,True,0.9947368421052631,1.0,6.588926477533519
42,424.0,random_sampling,symmetric,lognormal,20,2.8,424.0,True,1.0,0.9999999999999994,6.049733455231958
43,475.0,random_sampling,symmetric,lognormal,20,2.8,475.0,True,1.0,1.0,6.163314804034641
44,158.0,random_sampling,symmetric,lognormal,20,2.8,158.0,True,0.9947368421052631,0.9999999999999998,5.062595033026967
45,138.0,random_sampling,symmetric,lognormal,20,2.8,138.0,True,0.9947368421052631,1.0,4.927253685157205
46,93.0,random_sampling,symmetric,lognormal,20,2.8,93.0,True,0.9947368421052631,1.0,4.532599493153256
47,248.0,random_sampling,symmetric,lognormal,20,2.8,248.0,True,1.0,1.0,5.5134287461649825
48,183.0,random_sampling,symmetric,lognormal,20,2.8,183.0,True,0.9894736842105263,1.0,5.209486152841421
49,185.0,random_sampling,symmetric,lognormal,20,2.8,185.0,True,1.0,1.0000000000000002,5.220355825078324
50,520.0,random_sampling,symmetric,lognormal,20,2.8,520.0,True,1.0,1.0,6.253828811575473
51,78.0,random_sampling,symmetric,lognormal,20,2.8,78.0,True,0.9947368421052631,1.0,4.356708826689592
52,713.0,random_sampling,symmetric,lognormal,20,2.8,713.0,True,0.9947368421052631,1.0,6.569481420414296
53,372.0,random_sampling,symmetric,lognormal,20,2.8,372.0,True,1.0,1.0,5.918893854273146
54,733.0,random_sampling,symmetric,lognormal,20,2.8,733.0,True,0.9947368421052631,1.0,6.597145701886651
55,157.0,random_sampling,symmetric,lognormal,20,2.8,157.0,True,0.9947368421052631,1.0,5.056245805348308
56,149.0,random_sampling,symmetric,lognormal,20,2.8,149.0,True,0.9947368421052631,1.0,5.003946305945459
57,131.0,random_sampling,symmetric,lognormal,20,2.8,131.0,True,1.0,0.9999999999999998,4.875197323201151
58,95.0,random_sampling,symmetric,lognormal,20,2.8,95.0,True,1.0,1.0000000000000002,4.553876891600541
59,107.0,random_sampling,symmetric,lognormal,20,2.8,107.0,True,1.0,0.9999999999999998,4.672828834461906
60,673.0,random_sampling,symmetric,lognormal,20,2.8,673.0,True,0.9894736842105263,1.0,6.511745329644728
61,297.0,random_sampling,symmetric,lognormal,20,2.8,297.0,True,1.0,1.0000000000000004,5.6937321388027
62,374.0,random_sampling,symmetric,lognormal,20,2.8,374.0,True,0.9894736842105263,1.0,5.924255797414532
63,56.0,random_sampling,symmetric,lognormal,20,2.8,56.0,True,1.0,1.0,4.02535169073515
64,184.0,random_sampling,symmetric,lognormal,20,2.8,184.0,True,1.0,1.0,5.214935757608986
65,142.0,random_sampling,symmetric,lognormal,20,2.8,142.0,True,1.0,1.0,4.955827057601261
66,146.0,random_sampling,symmetric,lognormal,20,2.8,146.0,True,1.0,1.0,4.983606621708336
67,426.0,random_sampling,symmetric,lognormal,20,2.8,426.0,True,0.9947368421052631,1.0,6.054439346269371
68,205.0,random_sampling,symmetric,lognormal,20,2.8,205.0,True,1.0,1.0,5.3230099791384085
69,246.0,random_sampling,symmetric,lognormal,20,2.8,246.0,True,0.9947368421052631,1.0000000000000002,5.5053315359323625
70,733.0,random_sampling,symmetric,lognormal,20,2.8,733.0,True,1.0,1.0000000000000002,6.597145701886651
71,407.0,random_sampling,symmetric,lognormal,20,2.8,407.0,True,1.0,1.0,6.008813185442595
72,237.0,random_sampling,symmetric,lognormal,20,2.8,237.0,True,1.0,1.0,5.4680601411351315
73,685.0,random_sampling,symmetric,lognormal,20,2.8,685.0,True,1.0,1.0000000000000002,6.529418838262226
74,260.0,random_sampling,symmetric,lognormal,20,2.8,260.0,True,0.9947368421052631,0.9999999999999998,5.560681631015528
75,423.0,random_sampling,symmetric,lognormal,20,2.8,423.0,True,1.0,0.9999999999999998,6.0473721790462776
76,274.0,random_sampling,symmetric,lognormal,20,2.8,274.0,True,1.0,0.9999999999999997,5.6131281063880705
77,612.0,random_sampling,symmetric,lognormal,20,2.8,612.0,True,0.9947368421052631,1.0,6.416732282512326
78,179.0,random_sampling,symmetric,lognormal,20,2.8,179.0,True,1.0,1.0,5.187385805840755
79,236.0,random_sampling,symmetric,lognormal,20,2.8,236.0,True,1.0,1.0,5.4638318050256105
80,189.0,random_sampling,symmetric,lognormal,20,2.8,189.0,True,0.9947368421052631,1.0,5.241747015059643
81,489.0,random_sampling,symmetric,lognormal,20,2.8,489.0,True,0.9947368421052631,1.0,6.192362489474872
82,333.0,random_sampling,symmetric,lognormal,20,2.8,333.0,True,0.9947368421052631,1.0000000000000002,5.808142489980444
83,330.0,random_sampling,symmetric,lognormal,20,2.8,330.0,True,1.0,1.0,5.799092654460526
84,283.0,random_sampling,symmetric,lognormal,20,2.8,283.0,True,0.9947368421052631,1.0,5.645446897643238
85,293.0,random_sampling,symmetric,lognormal,20,2.8,293.0,True,0.9947368421052631,1.0,5.680172609017068
86,345.0,random_sampling,symmetric,lognormal,20,2.8,345.0,True,1.0,1.0,5.84354441703136
87,184.0,random_sampling,symmetric,lognormal,20,2.8,184.0,True,1.0,1.0000000000000002,5.214935757608986
88,180.0,random_sampling,symmetric,lognormal,20,2.8,180.0,True,1.0,1.0,5.19295685089021
89,804.0,random_sampling,symmetric,lognormal,20,2.8,804.0,True,0.9947368421052631,1.0,6.6895992691789665
90,70.0,random_sampling,symmetric,lognormal,20,2.8,70.0,True,0.9947368421052631,0.9999999999999998,4.248495242049359
91,101.0,random_sampling,symmetric,lognormal,20,2.8,101.0,True,0.9947368421052631,0.9999999999999998,4.61512051684126
92,281.0,random_sampling,symmetric,lognormal,20,2.8,281.0,True,1.0,0.9999999999999998,5.638354669333745
93,679.0,random_sampling,symmetric,lognormal,20,2.8,679.0,True,1.0,1.0,6.520621127558696
94,277.0,random_sampling,symmetric,lognormal,20,2.8,277.0,True,1.0,1.0,5.6240175061873385
95,720.0,random_sampling,symmetric,lognormal,20,2.8,720.0,True,1.0,0.9999999999999998,6.579251212010101
96,151.0,random_sampling,symmetric,lognormal,20,2.8,151.0,True,1.0,1.0,5.017279836814924
97,517.0,random_sampling,symmetric,lognormal,20,2.8,517.0,True,1.0,1.0,6.248042874508429
98,202.0,random_sampling,symmetric,lognormal,20,2.8,202.0,True,0.9947368421052631,1.0000000000000002,5.308267697401205
99,258.0,random_sampling,symmetric,lognormal,20,2.8,258.0,True,0.9894736842105263,1.0,5.552959584921617
0,4964.0,random_sampling,symmetric,lognormal,30,0.2,4964.0,True,0.9793103448275862,0.9999999999999998,8.509967146324497
1,21650.0,random_sampling,symmetric,lognormal,30,0.2,21650.0,True,0.9908045977011494,1.0000000000000002,9.982760733430636
2,14925.0,random_sampling,symmetric,lognormal,30,0.2,14925.0,True,0.9862068965517241,1.0,9.610792938260802
3,14014.0,random_sampling,symmetric,lognormal,30,0.2,14014.0,True,0.9816091954022989,1.0,9.54781210893048
4,4628.0,random_sampling,symmetric,lognormal,30,0.2,4628.0,True,0.9954022988505747,1.0,8.439880088313567
5,14559.0,random_sampling,symmetric,lognormal,30,0.2,14559.0,True,0.9839080459770115,0.9999999999999999,9.585964638073326
6,9488.0,random_sampling,symmetric,lognormal,30,0.2,9488.0,True,0.9885057471264368,1.0,9.157783121237507
7,3114.0,random_sampling,symmetric,lognormal,30,0.2,3114.0,True,0.9770114942528736,1.0,8.043663352393944
8,4932.0,random_sampling,symmetric,lognormal,30,0.2,4932.0,True,0.9885057471264368,1.0000000000000002,8.503499864284235
9,3655.0,random_sampling,symmetric,lognormal,30,0.2,3655.0,True,0.9839080459770115,1.0,8.203851372183879
10,13162.0,random_sampling,symmetric,lognormal,30,0.2,13162.0,True,0.9816091954022989,1.0000000000000002,9.485089169016064
11,7076.0,random_sampling,symmetric,lognormal,30,0.2,7076.0,True,0.9862068965517241,1.0000000000000002,8.864464055279676
12,4233.0,random_sampling,symmetric,lognormal,30,0.2,4233.0,True,0.9724137931034482,1.0,8.350666240520924
13,22845.0,random_sampling,symmetric,lognormal,30,0.2,22845.0,True,0.9885057471264368,0.9999999999999999,10.036487553997372
14,5905.0,random_sampling,symmetric,lognormal,30,0.2,5905.0,True,0.9885057471264368,1.0,8.683554728631462
15,2626.0,random_sampling,symmetric,lognormal,30,0.2,2626.0,True,0.993103448275862,1.0000000000000002,7.873217054862741
16,13963.0,random_sampling,symmetric,lognormal,30,0.2,13963.0,True,0.9839080459770115,1.0000000000000002,9.544166252942194
17,4440.0,random_sampling,symmetric,lognormal,30,0.2,4440.0,True,0.9908045977011494,1.0,8.39840965542627
18,22401.0,random_sampling,symmetric,lognormal,30,0.2,22401.0,True,0.993103448275862,1.0,10.016860879703811
19,79004.0,random_sampling,symmetric,lognormal,30,0.2,79004.0,True,0.9885057471264368,1.0,11.277253763078749
20,4900.0,random_sampling,symmetric,lognormal,30,0.2,4900.0,True,0.9816091954022989,1.0,8.496990484098719
21,6971.0,random_sampling,symmetric,lognormal,30,0.2,6971.0,True,0.9908045977011494,1.0,8.849513965486398
22,62910.0,random_sampling,symmetric,lognormal,30,0.2,62910.0,True,0.9885057471264368,1.0,11.049460412564075
23,24668.0,random_sampling,symmetric,lognormal,30,0.2,24668.0,True,0.9954022988505747,0.9999999999999999,10.113262136111384
24,20792.0,random_sampling,symmetric,lognormal,30,0.2,20792.0,True,0.9793103448275862,0.9999999999999999,9.942323576321327
25,8890.0,random_sampling,symmetric,lognormal,30,0.2,8890.0,True,0.993103448275862,1.0000000000000002,9.09268232850795
26,7306.0,random_sampling,symmetric,lognormal,30,0.2,7306.0,True,0.993103448275862,1.0,8.896451207355227
27,10214.0,random_sampling,symmetric,lognormal,30,0.2,10214.0,True,0.9816091954022989,1.0,9.23151460720759
28,7557.0,random_sampling,symmetric,lognormal,30,0.2,7557.0,True,0.9839080459770115,1.0,8.93022956502072
29,4210.0,random_sampling,symmetric,lognormal,30,0.2,4210.0,True,0.9839080459770115,1.0,8.345217926676428
30,5788.0,random_sampling,symmetric,lognormal,30,0.2,5788.0,True,0.9885057471264368,1.0000000000000002,8.663542087751374
31,10645.0,random_sampling,symmetric,lognormal,30,0.2,10645.0,True,0.9862068965517241,0.9999999999999999,9.27284557732758
32,19486.0,random_sampling,symmetric,lognormal,30,0.2,19486.0,True,0.9839080459770115,0.9999999999999999,9.877451537985287
33,15174.0,random_sampling,symmetric,lognormal,30,0.2,15174.0,True,0.9793103448275862,1.0,9.62733871589802
34,3591.0,random_sampling,symmetric,lognormal,30,0.2,3591.0,True,0.9885057471264368,1.0,8.186185994226083
35,2609.0,random_sampling,symmetric,lognormal,30,0.2,2609.0,True,0.993103448275862,0.9999999999999999,7.866722285136729
36,5600.0,random_sampling,symmetric,lognormal,30,0.2,5600.0,True,0.9885057471264368,1.0000000000000002,8.630521876723241
37,7008.0,random_sampling,symmetric,lognormal,30,0.2,7008.0,True,0.9954022988505747,1.0,8.854807632616227
38,23452.0,random_sampling,symmetric,lognormal,30,0.2,23452.0,True,0.9793103448275862,0.9999999999999998,10.062711058084105
39,27885.0,random_sampling,symmetric,lognormal,30,0.2,27885.0,True,0.9816091954022989,0.9999999999999999,10.235844188823654
40,27486.0,random_sampling,symmetric,lognormal,30,0.2,27486.0,True,0.9793103448275862,1.0000000000000002,10.221432063114797
41,8589.0,random_sampling,symmetric,lognormal,30,0.2,8589.0,True,0.9701149425287356,0.9999999999999999,9.058237593766226
42,12230.0,random_sampling,symmetric,lognormal,30,0.2,12230.0,True,0.9839080459770115,0.9999999999999999,9.411647228681218
43,16258.0,random_sampling,symmetric,lognormal,30,0.2,16258.0,True,0.9770114942528736,1.0000000000000002,9.696340374306518
44,32361.0,random_sampling,symmetric,lognormal,30,0.2,32361.0,True,0.9793103448275862,0.9999999999999999,10.384709273043539
45,15594.0,random_sampling,symmetric,lognormal,30,0.2,15594.0,True,0.9862068965517241,1.0,9.654641503869545
46,8726.0,random_sampling,symmetric,lognormal,30,0.2,8726.0,True,0.9793103448275862,1.0000000000000002,9.074062353683555
47,13533.0,random_sampling,symmetric,lognormal,30,0.2,13533.0,True,0.9701149425287356,0.9999999999999999,9.512886426076506
48,4780.0,random_sampling,symmetric,lognormal,30,0.2,4780.0,True,0.9908045977011494,1.0,8.472195825485501
49,15438.0,random_sampling,symmetric,lognormal,30,0.2,15438.0,True,0.9816091954022989,0.9999999999999998,9.6445872815098
50,69945.0,random_sampling,symmetric,lognormal,30,0.2,69945.0,True,0.9747126436781609,1.0000000000000002,11.15546449791053
51,25253.0,random_sampling,symmetric,lognormal,30,0.2,25253.0,True,0.9816091954022989,1.0,10.136700239527121
52,16067.0,random_sampling,symmetric,lognormal,30,0.2,16067.0,True,0.9885057471264368,1.0,9.684522758043336
53,5790.0,random_sampling,symmetric,lognormal,30,0.2,5790.0,True,0.9862068965517241,1.0000000000000002,8.663887570567042
54,1941.0,random_sampling,symmetric,lognormal,30,0.2,1941.0,True,0.9747126436781609,1.0,7.57095858316901
55,6650.0,random_sampling,symmetric,lognormal,30,0.2,6650.0,True,0.9862068965517241,0.9999999999999999,8.8023721336499
56,9840.0,random_sampling,symmetric,lognormal,30,0.2,9840.0,True,0.9701149425287356,0.9999999999999998,9.1942109900463
57,24993.0,random_sampling,symmetric,lognormal,30,0.2,24993.0,True,0.9839080459770115,0.9999999999999999,10.12635106464302
58,19341.0,random_sampling,symmetric,lognormal,30,0.2,19341.0,True,0.9908045977011494,1.0,9.86998247397873
59,37818.0,random_sampling,symmetric,lognormal,30,0.2,37818.0,True,0.9839080459770115,1.0,10.540540458741166
60,6032.0,random_sampling,symmetric,lognormal,30,0.2,6032.0,True,0.9839080459770115,1.0,8.704833909687792
61,3986.0,random_sampling,symmetric,lognormal,30,0.2,3986.0,True,0.9747126436781609,0.9999999999999999,8.29054350077274
62,10874.0,random_sampling,symmetric,lognormal,30,0.2,10874.0,True,0.9747126436781609,1.0000000000000002,9.294129897705867
63,25187.0,random_sampling,symmetric,lognormal,30,0.2,25187.0,True,0.9793103448275862,0.9999999999999998,10.134083267375377
64,1726.0,random_sampling,symmetric,lognormal,30,0.2,1726.0,True,0.9724137931034482,0.9999999999999999,7.453561871643373
65,7058.0,random_sampling,symmetric,lognormal,30,0.2,7058.0,True,0.9839080459770115,1.0000000000000002,8.861917004235215
66,24947.0,random_sampling,symmetric,lognormal,30,0.2,24947.0,True,0.9885057471264368,1.0,10.124508853469237
67,7933.0,random_sampling,symmetric,lognormal,30,0.2,7933.0,True,0.9839080459770115,1.0000000000000002,8.978786553302003
68,7640.0,random_sampling,symmetric,lognormal,30,0.2,7640.0,True,0.9885057471264368,1.0,8.941152882160566
69,42319.0,random_sampling,symmetric,lognormal,30,0.2,42319.0,True,0.9908045977011494,1.0,10.652991436763397
70,5991.0,random_sampling,symmetric,lognormal,30,0.2,5991.0,True,0.9862068965517241,1.0,8.698013622083925
71,3777.0,random_sampling,symmetric,lognormal,30,0.2,3777.0,True,0.9724137931034482,1.0000000000000002,8.236685322712457
72,11005.0,random_sampling,symmetric,lognormal,30,0.2,11005.0,True,0.9839080459770115,0.9999999999999999,9.306104993960561
73,15801.0,random_sampling,symmetric,lognormal,30,0.2,15801.0,True,0.9839080459770115,0.9999999999999999,9.6678285081515
74,4024.0,random_sampling,symmetric,lognormal,30,0.2,4024.0,True,0.9816091954022989,1.0,8.300031711779575
75,7574.0,random_sampling,symmetric,lognormal,30,0.2,7574.0,True,0.9862068965517241,0.9999999999999999,8.93247660846174
76,28912.0,random_sampling,symmetric,lognormal,30,0.2,28912.0,True,0.9862068965517241,1.0,10.27201201283201
77,3239.0,random_sampling,symmetric,lognormal,30,0.2,3239.0,True,0.9770114942528736,0.9999999999999998,8.08301991917133
78,12932.0,random_sampling,symmetric,lognormal,30,0.2,12932.0,True,0.9862068965517241,0.9999999999999999,9.467460138845324
79,8838.0,random_sampling,symmetric,lognormal,30,0.2,8838.0,True,0.9747126436781609,1.0,9.086815885690685
80,39564.0,random_sampling,symmetric,lognormal,30,0.2,39564.0,True,0.9816091954022989,1.0,10.585674892859732
81,24305.0,random_sampling,symmetric,lognormal,30,0.2,24305.0,True,0.9862068965517241,0.9999999999999998,10.098437369479555
82,5760.0,random_sampling,symmetric,lognormal,30,0.2,5760.0,True,0.993103448275862,1.0,8.658692753689937
83,15342.0,random_sampling,symmetric,lognormal,30,0.2,15342.0,True,0.9793103448275862,1.0,9.63834944451924
84,29499.0,random_sampling,symmetric,lognormal,30,0.2,29499.0,True,0.9793103448275862,1.0000000000000002,10.292111643448266
85,11251.0,random_sampling,symmetric,lognormal,30,0.2,11251.0,True,0.9816091954022989,1.0,9.328212292571072
86,23718.0,random_sampling,symmetric,lognormal,30,0.2,23718.0,True,0.9816091954022989,1.0,10.07398953252474
87,5844.0,random_sampling,symmetric,lognormal,30,0.2,5844.0,True,0.993103448275862,1.0000000000000002,8.67317077287059
88,35078.0,random_sampling,symmetric,lognormal,30,0.2,35078.0,True,0.9793103448275862,0.9999999999999998,10.465329432318082
89,7069.0,random_sampling,symmetric,lognormal,30,0.2,7069.0,True,0.9793103448275862,0.9999999999999999,8.863474306170954
90,8179.0,random_sampling,symmetric,lognormal,30,0.2,8179.0,True,0.9816091954022989,1.0,9.009325172734973
91,21565.0,random_sampling,symmetric,lognormal,30,0.2,21565.0,True,0.9793103448275862,1.0000000000000002,9.978826909081944
92,6187.0,random_sampling,symmetric,lognormal,30,0.2,6187.0,True,0.9862068965517241,1.0,8.73020559553099
93,8553.0,random_sampling,symmetric,lognormal,30,0.2,8553.0,True,0.9885057471264368,1.0,9.054037377580782
94,19934.0,random_sampling,symmetric,lognormal,30,0.2,19934.0,True,0.993103448275862,1.0000000000000002,9.900182095527402
95,4233.0,random_sampling,symmetric,lognormal,30,0.2,4233.0,True,0.9908045977011494,0.9999999999999998,8.350666240520924
96,10353.0,random_sampling,symmetric,lognormal,30,0.2,10353.0,True,0.9839080459770115,1.0000000000000002,9.245031611766112
97,48999.0,random_sampling,symmetric,lognormal,30,0.2,48999.0,True,0.9862068965517241,0.9999999999999998,10.799555168721248
98,6679.0,random_sampling,symmetric,lognormal,30,0.2,6679.0,True,0.9885057471264368,1.0,8.806723554725636
99,15752.0,random_sampling,symmetric,lognormal,30,0.2,15752.0,True,0.9747126436781609,1.0000000000000002,9.664722620318962
0,5133.0,random_sampling,symmetric,lognormal,30,1.8,5133.0,True,0.9977011494252873,1.0000000000000002,8.543445562560303
1,601.0,random_sampling,symmetric,lognormal,30,1.8,601.0,True,0.9954022988505747,1.0000000000000002,6.398594934535208
2,3269.0,random_sampling,symmetric,lognormal,30,1.8,3269.0,True,0.9908045977011494,1.0000000000000002,8.092239406724211
3,16819.0,random_sampling,symmetric,lognormal,30,1.8,16819.0,True,0.9977011494252873,1.0,9.730264478727433
4,5409.0,random_sampling,symmetric,lognormal,30,1.8,5409.0,True,0.993103448275862,1.0,8.595819511871428
5,14823.0,random_sampling,symmetric,lognormal,30,1.8,14823.0,True,0.993103448275862,1.0000000000000002,9.60393530751386
6,16442.0,random_sampling,symmetric,lognormal,30,1.8,16442.0,True,0.9954022988505747,1.0000000000000002,9.707594315712079
7,17597.0,random_sampling,symmetric,lognormal,30,1.8,17597.0,True,0.9977011494252873,0.9999999999999999,9.775483711951761
8,15087.0,random_sampling,symmetric,lognormal,30,1.8,15087.0,True,0.9977011494252873,0.9999999999999999,9.621588724840075
9,5802.0,random_sampling,symmetric,lognormal,30,1.8,5802.0,True,0.9954022988505747,0.9999999999999999,8.665957964681349
10,5129.0,random_sampling,symmetric,lognormal,30,1.8,5129.0,True,0.9977011494252873,1.0,8.542665987389269
11,570.0,random_sampling,symmetric,lognormal,30,1.8,570.0,True,0.9977011494252873,0.9999999999999999,6.345636360828596
12,17273.0,random_sampling,symmetric,lognormal,30,1.8,17273.0,True,0.993103448275862,1.0,9.756899867693285
13,12668.0,random_sampling,symmetric,lognormal,30,1.8,12668.0,True,0.9977011494252873,0.9999999999999999,9.44683440765853
14,2317.0,random_sampling,symmetric,lognormal,30,1.8,2317.0,True,1.0,1.0,7.748028524432376
15,5340.0,random_sampling,symmetric,lognormal,30,1.8,5340.0,True,0.9954022988505747,0.9999999999999998,8.582980931954241
16,5742.0,random_sampling,symmetric,lognormal,30,1.8,5742.0,True,1.0,1.0000000000000002,8.655562860681009
17,3452.0,random_sampling,symmetric,lognormal,30,1.8,3452.0,True,0.9977011494252873,1.0,8.146709052203319
18,76554.0,random_sampling,symmetric,lognormal,30,1.8,76554.0,True,1.0,0.9999999999999999,11.245751653149798
19,7943.0,random_sampling,symmetric,lognormal,30,1.8,7943.0,True,1.0,0.9999999999999999,8.980046316633132
20,4390.0,random_sampling,symmetric,lognormal,30,1.8,4390.0,True,0.993103448275862,1.0000000000000002,8.387084506069217
21,11483.0,random_sampling,symmetric,lognormal,30,1.8,11483.0,True,0.9977011494252873,1.0000000000000002,9.34862295977619
22,660.0,random_sampling,symmetric,lognormal,30,1.8,660.0,True,0.9954022988505747,0.9999999999999999,6.492239835020471
23,5718.0,random_sampling,symmetric,lognormal,30,1.8,5718.0,True,0.9954022988505747,0.9999999999999999,8.651374372882257
24,2764.0,random_sampling,symmetric,lognormal,30,1.8,2764.0,True,0.993103448275862,1.0000000000000002,7.92443418488756
25,8015.0,random_sampling,symmetric,lognormal,30,1.8,8015.0,True,0.9954022988505747,1.0,8.989070065043654
26,7079.0,random_sampling,symmetric,lognormal,30,1.8,7079.0,True,1.0,1.0,8.86488793377419
27,23590.0,random_sampling,symmetric,lognormal,30,1.8,23590.0,True,1.0,1.0000000000000002,10.06857817240172
28,2098.0,random_sampling,symmetric,lognormal,30,1.8,2098.0,True,0.9954022988505747,1.0,7.6487397889562425
29,13158.0,random_sampling,symmetric,lognormal,30,1.8,13158.0,True,1.0,1.0000000000000002,9.484785217645943
30,1589.0,random_sampling,symmetric,lognormal,30,1.8,1589.0,True,0.9954022988505747,1.0000000000000002,7.370860166536716
31,4533.0,random_sampling,symmetric,lognormal,30,1.8,4533.0,True,0.9977011494252873,1.0000000000000002,8.41913925094085
32,2137.0,random_sampling,symmetric,lognormal,30,1.8,2137.0,True,0.9954022988505747,0.9999999999999999,7.667158255319148
33,4502.0,random_sampling,symmetric,lognormal,30,1.8,4502.0,True,0.9954022988505747,1.0000000000000002,8.412277021466677
34,18165.0,random_sampling,symmetric,lognormal,30,1.8,18165.0,True,0.9908045977011494,0.9999999999999998,9.807251944655302
35,2911.0,random_sampling,symmetric,lognormal,30,1.8,2911.0,True,0.9977011494252873,1.0000000000000002,7.976251943745623
36,6243.0,random_sampling,symmetric,lognormal,30,1.8,6243.0,True,1.0,1.0000000000000002,8.739216115061744
37,5592.0,random_sampling,symmetric,lognormal,30,1.8,5592.0,True,0.9977011494252873,1.0000000000000002,8.629092283913646
38,3941.0,random_sampling,symmetric,lognormal,30,1.8,3941.0,True,0.9977011494252873,1.0000000000000002,8.279189777195004
39,29672.0,random_sampling,symmetric,lognormal,30,1.8,29672.0,True,0.9977011494252873,1.0,10.297959119169427
40,3650.0,random_sampling,symmetric,lognormal,30,1.8,3650.0,True,0.9977011494252873,1.0,8.202482446576537
41,2218.0,random_sampling,symmetric,lognormal,30,1.8,2218.0,True,0.9954022988505747,0.9999999999999999,7.704361167910313
42,9674.0,random_sampling,symmetric,lognormal,30,1.8,9674.0,True,1.0,1.0000000000000002,9.177197153382929
43,2034.0,random_sampling,symmetric,lognormal,30,1.8,2034.0,True,0.9977011494252873,1.0000000000000002,7.617759576608505
44,18746.0,random_sampling,symmetric,lognormal,30,1.8,18746.0,True,0.9954022988505747,0.9999999999999999,9.838735675306431
45,62250.0,random_sampling,symmetric,lognormal,30,1.8,62250.0,True,0.9977011494252873,1.0,11.038913814326953
46,3430.0,random_sampling,symmetric,lognormal,30,1.8,3430.0,True,0.9977011494252873,0.9999999999999999,8.140315540159985
47,6328.0,random_sampling,symmetric,lognormal,30,1.8,6328.0,True,0.9954022988505747,1.0000000000000002,8.75273950944749
48,2932.0,random_sampling,symmetric,lognormal,30,1.8,2932.0,True,0.9954022988505747,0.9999999999999998,7.983440063006542
49,6335.0,random_sampling,symmetric,lognormal,30,1.8,6335.0,True,0.9954022988505747,0.9999999999999998,8.75384509275524
50,1129.0,random_sampling,symmetric,lognormal,30,1.8,1129.0,True,0.9977011494252873,0.9999999999999999,7.029087564149662
51,4733.0,random_sampling,symmetric,lognormal,30,1.8,4733.0,True,0.9908045977011494,1.0000000000000002,8.462314529906248
52,6753.0,random_sampling,symmetric,lognormal,30,1.8,6753.0,True,0.9908045977011494,0.9999999999999999,8.817742129574842
53,16968.0,random_sampling,symmetric,lognormal,30,1.8,16968.0,True,1.0,1.0,9.739084496244518
54,1392.0,random_sampling,symmetric,lognormal,30,1.8,1392.0,True,0.9954022988505747,0.9999999999999999,7.238496840894365
55,11589.0,random_sampling,symmetric,lognormal,30,1.8,11589.0,True,0.9977011494252873,0.9999999999999999,9.35781165133439
56,21024.0,random_sampling,symmetric,lognormal,30,1.8,21024.0,True,0.9977011494252873,1.0000000000000002,9.953419921284338
57,18075.0,random_sampling,symmetric,lognormal,30,1.8,18075.0,True,0.9977011494252873,0.9999999999999998,9.802285047026965
58,2218.0,random_sampling,symmetric,lognormal,30,1.8,2218.0,True,0.9908045977011494,1.0,7.704361167910313
59,21019.0,random_sampling,symmetric,lognormal,30,1.8,21019.0,True,0.9977011494252873,1.0,9.95318206955998
60,1814.0,random_sampling,symmetric,lognormal,30,1.8,1814.0,True,0.9977011494252873,1.0,7.503289630675082
61,5352.0,random_sampling,symmetric,lognormal,30,1.8,5352.0,True,0.9977011494252873,1.0,8.585225601808064
62,4942.0,random_sampling,symmetric,lognormal,30,1.8,4942.0,True,0.9908045977011494,0.9999999999999999,8.505525386548555
63,4180.0,random_sampling,symmetric,lognormal,30,1.8,4180.0,True,0.9977011494252873,1.0000000000000002,8.338066525518801
64,4058.0,random_sampling,symmetric,lognormal,30,1.8,4058.0,True,0.9977011494252873,1.0,8.30844552038576
65,4584.0,random_sampling,symmetric,lognormal,30,1.8,4584.0,True,1.0,1.0000000000000002,8.430327258394575
66,11845.0,random_sampling,symmetric,lognormal,30,1.8,11845.0,True,0.9954022988505747,1.0,9.379661116592885
67,12087.0,random_sampling,symmetric,lognormal,30,1.8,12087.0,True,0.9954022988505747,0.9999999999999999,9.399885773859458
68,4557.0,random_sampling,symmetric,lognormal,30,1.8,4557.0,True,0.9977011494252873,1.0,8.424419791263883
69,8338.0,random_sampling,symmetric,lognormal,30,1.8,8338.0,True,1.0,0.9999999999999999,9.028578658440741
70,5432.0,random_sampling,symmetric,lognormal,30,1.8,5432.0,True,0.9954022988505747,0.9999999999999999,8.600062669238532
71,3289.0,random_sampling,symmetric,lognormal,30,1.8,3289.0,True,0.993103448275862,1.0000000000000002,8.098338846189057
72,2279.0,random_sampling,symmetric,lognormal,30,1.8,2279.0,True,1.0,0.9999999999999998,7.731492029245684
73,3397.0,random_sampling,symmetric,lognormal,30,1.8,3397.0,True,0.993103448275862,1.0000000000000002,8.130647968160584
74,5691.0,random_sampling,symmetric,lognormal,30,1.8,5691.0,True,0.993103448275862,1.0,8.646641258603124
75,7731.0,random_sampling,symmetric,lognormal,30,1.8,7731.0,True,0.993103448275862,0.9999999999999998,8.952993499320474
76,1764.0,random_sampling,symmetric,lognormal,30,1.8,1764.0,True,0.9977011494252873,1.0,7.475339236566737
77,1297.0,random_sampling,symmetric,lognormal,30,1.8,1297.0,True,0.9977011494252873,1.0,7.167809184316444
78,4514.0,random_sampling,symmetric,lognormal,30,1.8,4514.0,True,0.9885057471264368,1.0000000000000002,8.414938957377482
79,8320.0,random_sampling,symmetric,lognormal,30,1.8,8320.0,True,0.9977011494252873,0.9999999999999998,9.026417533815254
80,4186.0,random_sampling,symmetric,lognormal,30,1.8,4186.0,True,0.9954022988505747,1.0000000000000002,8.339500903005945
81,12459.0,random_sampling,symmetric,lognormal,30,1.8,12459.0,True,1.0,1.0000000000000002,9.430198532298864
82,14313.0,random_sampling,symmetric,lognormal,30,1.8,14313.0,True,1.0,1.0,9.568923494184217
83,3361.0,random_sampling,symmetric,lognormal,30,1.8,3361.0,True,0.9954022988505747,0.9999999999999999,8.119993827725105
84,24701.0,random_sampling,symmetric,lognormal,30,1.8,24701.0,True,0.993103448275862,1.0,10.114599007626499
85,1322.0,random_sampling,symmetric,lognormal,30,1.8,1322.0,True,1.0,1.0000000000000002,7.186901020411631
86,27480.0,random_sampling,symmetric,lognormal,30,1.8,27480.0,True,0.9954022988505747,1.0,10.221213746336286
87,7315.0,random_sampling,symmetric,lognormal,30,1.8,7315.0,True,0.993103448275862,1.0,8.897682313454224
88,7193.0,random_sampling,symmetric,lognormal,30,1.8,7193.0,True,0.9954022988505747,1.0,8.880863609867356
89,10730.0,random_sampling,symmetric,lognormal,30,1.8,10730.0,True,0.9954022988505747,0.9999999999999999,9.280798835624744
90,30448.0,random_sampling,symmetric,lognormal,30,1.8,30448.0,True,1.0,1.0,10.32377558953593
91,4403.0,random_sampling,symmetric,lognormal,30,1.8,4403.0,True,0.993103448275862,1.0,8.390041405755754
92,3942.0,random_sampling,symmetric,lognormal,30,1.8,3942.0,True,0.9977011494252873,0.9999999999999998,8.279443487712665
93,5458.0,random_sampling,symmetric,lognormal,30,1.8,5458.0,True,0.9977011494252873,1.0,8.604837701268284
94,30990.0,random_sampling,symmetric,lognormal,30,1.8,30990.0,True,0.9977011494252873,1.0000000000000002,10.341419850781794
95,1539.0,random_sampling,symmetric,lognormal,30,1.8,1539.0,True,0.9954022988505747,0.9999999999999999,7.338888133838879
96,2557.0,random_sampling,symmetric,lognormal,30,1.8,2557.0,True,0.9977011494252873,1.0,7.846589975291186
97,6487.0,random_sampling,symmetric,lognormal,30,1.8,6487.0,True,0.993103448275862,1.0000000000000002,8.777555453213056
98,22050.0,random_sampling,symmetric,lognormal,30,1.8,22050.0,True,0.9977011494252873,1.0000000000000002,10.001067880874992
99,1386.0,random_sampling,symmetric,lognormal,30,1.8,1386.0,True,0.9977011494252873,1.0000000000000004,7.234177179749849
0,1700.0,random_sampling,symmetric,lognormal,30,4.4,1700.0,True,0.960919540229885,1.0,7.438383530044307
1,3691.0,random_sampling,symmetric,lognormal,30,4.4,3691.0,True,0.9517241379310345,1.0000000000000002,8.213652703029998
2,508.0,random_sampling,symmetric,lognormal,30,4.4,508.0,True,0.9563218390804598,1.0,6.230481447578482
3,1226.0,random_sampling,symmetric,lognormal,30,4.4,1226.0,True,0.9379310344827586,1.0000000000000002,7.111512116496157
4,1524.0,random_sampling,symmetric,lognormal,30,4.4,1524.0,True,0.9540229885057471,1.0,7.329093736246592
5,388.0,random_sampling,symmetric,lognormal,30,4.4,388.0,True,0.9586206896551724,0.9999999999999999,5.961005339623274
6,453.0,random_sampling,symmetric,lognormal,30,4.4,453.0,True,0.9425287356321839,1.0000000000000002,6.115892125483034
7,847.0,random_sampling,symmetric,lognormal,30,4.4,847.0,True,0.9586206896551724,1.0,6.741700694652055
8,718.0,random_sampling,symmetric,lognormal,30,4.4,718.0,True,0.9563218390804598,1.0,6.576469569048224
9,1944.0,random_sampling,symmetric,lognormal,30,4.4,1944.0,True,0.9586206896551724,1.0000000000000002,7.572502985020384
10,920.0,random_sampling,symmetric,lognormal,30,4.4,920.0,True,0.9586206896551724,0.9999999999999999,6.824373670043086
11,1565.0,random_sampling,symmetric,lognormal,30,4.4,1565.0,True,0.9724137931034482,1.0,7.355641102974253
12,1401.0,random_sampling,symmetric,lognormal,30,4.4,1401.0,True,0.9655172413793104,1.0000000000000002,7.244941546337007
13,728.0,random_sampling,symmetric,lognormal,30,4.4,728.0,True,0.9747126436781609,0.9999999999999999,6.590301048196686
14,472.0,random_sampling,symmetric,lognormal,30,4.4,472.0,True,0.9655172413793104,1.0,6.156978985585555
15,700.0,random_sampling,symmetric,lognormal,30,4.4,700.0,True,0.9632183908045977,0.9999999999999999,6.551080335043404
16,863.0,random_sampling,symmetric,lognormal,30,4.4,863.0,True,0.9563218390804598,0.9999999999999999,6.760414691083428
17,743.0,random_sampling,symmetric,lognormal,30,4.4,743.0,True,0.9770114942528736,1.0,6.610696044717759
18,839.0,random_sampling,symmetric,lognormal,30,4.4,839.0,True,0.960919540229885,0.9999999999999999,6.732210706467206
19,2285.0,random_sampling,symmetric,lognormal,30,4.4,2285.0,True,0.9655172413793104,1.0000000000000002,7.734121303328305
20,2660.0,random_sampling,symmetric,lognormal,30,4.4,2660.0,True,0.9563218390804598,1.0,7.886081401775745
21,4223.0,random_sampling,symmetric,lognormal,30,4.4,4223.0,True,0.9724137931034482,0.9999999999999999,8.348301054933943
22,3797.0,random_sampling,symmetric,lognormal,30,4.4,3797.0,True,0.9724137931034482,1.0,8.241966560231802
23,1957.0,random_sampling,symmetric,lognormal,30,4.4,1957.0,True,0.967816091954023,0.9999999999999998,7.579167967396076
24,693.0,random_sampling,symmetric,lognormal,30,4.4,693.0,True,0.9655172413793104,1.0,6.541029999189903
25,536.0,random_sampling,symmetric,lognormal,30,4.4,536.0,True,0.9586206896551724,0.9999999999999998,6.284134161070802
26,2010.0,random_sampling,symmetric,lognormal,30,4.4,2010.0,True,0.9494252873563218,1.0000000000000002,7.605890001053122
27,1412.0,random_sampling,symmetric,lognormal,30,4.4,1412.0,True,0.9471264367816092,1.0000000000000002,7.252762418053187
28,4773.0,random_sampling,symmetric,lognormal,30,4.4,4773.0,True,0.9471264367816092,1.0,8.470730317005897
29,10647.0,random_sampling,symmetric,lognormal,30,4.4,10647.0,True,0.967816091954023,1.0000000000000002,9.273033441314606
30,1755.0,random_sampling,symmetric,lognormal,30,4.4,1755.0,True,0.9770114942528736,1.0,7.470224135899966
31,593.0,random_sampling,symmetric,lognormal,30,4.4,593.0,True,0.9517241379310345,1.0,6.385194398997726
32,1199.0,random_sampling,symmetric,lognormal,30,4.4,1199.0,True,0.9425287356321839,0.9999999999999999,7.089243155027514
33,1197.0,random_sampling,symmetric,lognormal,30,4.4,1197.0,True,0.9494252873563218,0.9999999999999999,7.087573705557973
34,4994.0,random_sampling,symmetric,lognormal,30,4.4,4994.0,True,0.9655172413793104,1.0,8.515992470839718
35,316.0,random_sampling,symmetric,lognormal,30,4.4,316.0,True,0.9632183908045977,0.9999999999999999,5.755742213586912
36,2506.0,random_sampling,symmetric,lognormal,30,4.4,2506.0,True,0.9632183908045977,0.9999999999999999,7.826443135456014
37,882.0,random_sampling,symmetric,lognormal,30,4.4,882.0,True,0.967816091954023,1.0,6.782192056006791
38,1221.0,random_sampling,symmetric,lognormal,30,4.4,1221.0,True,0.960919540229885,1.0000000000000002,7.107425474110705
39,882.0,random_sampling,symmetric,lognormal,30,4.4,882.0,True,0.9586206896551724,1.0,6.782192056006791
40,966.0,random_sampling,symmetric,lognormal,30,4.4,966.0,True,0.9563218390804598,0.9999999999999999,6.873163834212518
41,2986.0,random_sampling,symmetric,lognormal,30,4.4,2986.0,True,0.9724137931034482,1.0000000000000002,8.001689978099135
42,3806.0,random_sampling,symmetric,lognormal,30,4.4,3806.0,True,0.9471264367816092,1.0000000000000002,8.244334047856094
43,2451.0,random_sampling,symmetric,lognormal,30,4.4,2451.0,True,0.960919540229885,0.9999999999999997,7.804251383528112
44,6614.0,random_sampling,symmetric,lognormal,30,4.4,6614.0,True,0.9632183908045977,1.0,8.796943893541737
45,897.0,random_sampling,symmetric,lognormal,30,4.4,897.0,True,0.9517241379310345,1.0,6.799055862058796
46,2987.0,random_sampling,symmetric,lognormal,30,4.4,2987.0,True,0.9494252873563218,1.0,8.00202481821611
47,11516.0,random_sampling,symmetric,lognormal,30,4.4,11516.0,True,0.9494252873563218,1.0,9.351492651732066
48,1755.0,random_sampling,symmetric,lognormal,30,4.4,1755.0,True,0.9218390804597701,1.0000000000000002,7.470224135899966
49,5363.0,random_sampling,symmetric,lognormal,30,4.4,5363.0,True,0.9632183908045977,1.0,8.587278798982926
50,2032.0,random_sampling,symmetric,lognormal,30,4.4,2032.0,True,0.9517241379310345,1.0000000000000002,7.616775808698373
51,499.0,random_sampling,symmetric,lognormal,30,4.4,499.0,True,0.9402298850574713,1.0,6.212606095751519
52,411.0,random_sampling,symmetric,lognormal,30,4.4,411.0,True,0.9517241379310345,1.0000000000000002,6.018593214496234
53,2225.0,random_sampling,symmetric,lognormal,30,4.4,2225.0,True,0.9563218390804598,1.0,7.707512194600341
54,1295.0,random_sampling,symmetric,lognormal,30,4.4,1295.0,True,0.967816091954023,1.0,7.166265974133638
55,3428.0,random_sampling,symmetric,lognormal,30,4.4,3428.0,True,0.9770114942528736,1.0,8.13973227971767
56,1677.0,random_sampling,symmetric,lognormal,30,4.4,1677.0,True,0.9471264367816092,1.0000000000000002,7.424761761823209
57,2267.0,random_sampling,symmetric,lognormal,30,4.4,2267.0,True,0.9724137931034482,0.9999999999999999,7.726212650507529
58,590.0,random_sampling,symmetric,lognormal,30,4.4,590.0,True,0.9402298850574713,1.0,6.380122536899765
59,1437.0,random_sampling,symmetric,lognormal,30,4.4,1437.0,True,0.9310344827586207,0.9999999999999998,7.270312886079025
60,577.0,random_sampling,symmetric,lognormal,30,4.4,577.0,True,0.9494252873563218,1.0,6.3578422665081
61,917.0,random_sampling,symmetric,lognormal,30,4.4,917.0,True,0.9517241379310345,0.9999999999999998,6.821107472256465
62,1325.0,random_sampling,symmetric,lognormal,30,4.4,1325.0,True,0.9540229885057471,1.0,7.1891677384203225
63,2152.0,random_sampling,symmetric,lognormal,30,4.4,2152.0,True,0.9586206896551724,1.0,7.674152921281675
64,1771.0,random_sampling,symmetric,lognormal,30,4.4,1771.0,True,0.9816091954022989,1.0000000000000002,7.479299637782834
65,4114.0,random_sampling,symmetric,lognormal,30,4.4,4114.0,True,0.9425287356321839,1.0,8.322151070212902
66,3681.0,random_sampling,symmetric,lognormal,30,4.4,3681.0,True,0.9632183908045977,1.0000000000000002,8.210939733379021
67,6858.0,random_sampling,symmetric,lognormal,30,4.4,6858.0,True,0.9770114942528736,1.0000000000000002,8.833171133022866
68,1261.0,random_sampling,symmetric,lognormal,30,4.4,1261.0,True,0.9517241379310345,0.9999999999999999,7.13966033596492
69,1510.0,random_sampling,symmetric,lognormal,30,4.4,1510.0,True,0.9701149425287356,0.9999999999999999,7.31986492980897
70,831.0,random_sampling,symmetric,lognormal,30,4.4,831.0,True,0.9425287356321839,1.0000000000000002,6.7226297948554485
71,1956.0,random_sampling,symmetric,lognormal,30,4.4,1956.0,True,0.960919540229885,0.9999999999999999,7.578656850594762
72,368.0,random_sampling,symmetric,lognormal,30,4.4,368.0,True,0.967816091954023,1.0,5.908082938168931
73,493.0,random_sampling,symmetric,lognormal,30,4.4,493.0,True,0.960919540229885,1.0000000000000002,6.20050917404269
74,2438.0,random_sampling,symmetric,lognormal,30,4.4,2438.0,True,0.967816091954023,0.9999999999999999,7.798933310041217
75,1731.0,random_sampling,symmetric,lognormal,30,4.4,1731.0,True,0.9425287356321839,1.0000000000000002,7.456454555176209
76,2285.0,random_sampling,symmetric,lognormal,30,4.4,2285.0,True,0.9747126436781609,1.0,7.734121303328305
77,2614.0,random_sampling,symmetric,lognormal,30,4.4,2614.0,True,0.9448275862068966,1.0,7.868636894184167
78,211.0,random_sampling,symmetric,lognormal,30,4.4,211.0,True,0.9540229885057471,0.9999999999999998,5.351858133476067
79,1574.0,random_sampling,symmetric,lognormal,30,4.4,1574.0,True,0.9425287356321839,1.0000000000000002,7.3613754289773485
80,2316.0,random_sampling,symmetric,lognormal,30,4.4,2316.0,True,0.9563218390804598,0.9999999999999999,7.7475968386928855
81,1744.0,random_sampling,symmetric,lognormal,30,4.4,1744.0,True,0.9632183908045977,1.0000000000000002,7.463936604468925
82,1396.0,random_sampling,symmetric,lognormal,30,4.4,1396.0,True,0.9655172413793104,1.0000000000000002,7.241366283322318
83,1585.0,random_sampling,symmetric,lognormal,30,4.4,1585.0,True,0.9747126436781609,1.0,7.368339686311381
84,1227.0,random_sampling,symmetric,lognormal,30,4.4,1227.0,True,0.9379310344827586,1.0,7.112327444710911
85,973.0,random_sampling,symmetric,lognormal,30,4.4,973.0,True,0.960919540229885,1.0,6.880384082186005
86,1125.0,random_sampling,symmetric,lognormal,30,4.4,1125.0,True,0.9770114942528736,0.9999999999999998,7.025538314638521
87,17824.0,random_sampling,symmetric,lognormal,30,4.4,17824.0,True,0.9655172413793104,1.0,9.788301142727011
88,910.0,random_sampling,symmetric,lognormal,30,4.4,910.0,True,0.9425287356321839,1.0,6.813444599510896
89,1009.0,random_sampling,symmetric,lognormal,30,4.4,1009.0,True,0.9448275862068966,1.0000000000000002,6.9167150203536085
90,916.0,random_sampling,symmetric,lognormal,30,4.4,916.0,True,0.9632183908045977,1.0,6.82001636467413
91,1345.0,random_sampling,symmetric,lognormal,30,4.4,1345.0,True,0.9747126436781609,1.0000000000000002,7.20414929203594
92,4296.0,random_sampling,symmetric,lognormal,30,4.4,4296.0,True,0.960919540229885,1.0,8.3654396361887
93,7108.0,random_sampling,symmetric,lognormal,30,4.4,7108.0,True,0.960919540229885,1.0,8.868976189274543
94,671.0,random_sampling,symmetric,lognormal,30,4.4,671.0,True,0.9632183908045977,0.9999999999999999,6.508769136971682
95,293.0,random_sampling,symmetric,lognormal,30,4.4,293.0,True,0.9540229885057471,1.0,5.680172609017068
96,8750.0,random_sampling,symmetric,lognormal,30,4.4,8750.0,True,0.9563218390804598,1.0,9.07680897935166
97,4236.0,random_sampling,symmetric,lognormal,30,4.4,4236.0,True,0.960919540229885,1.0,8.351374706721296
98,2080.0,random_sampling,symmetric,lognormal,30,4.4,2080.0,True,0.960919540229885,1.0000000000000002,7.640123172695364
99,1531.0,random_sampling,symmetric,lognormal,30,4.4,1531.0,True,0.9632183908045977,1.0,7.333676395657684
0,1412.0,random_sampling,symmetric,lognormal,20,0.2,1412.0,True,0.9947368421052631,1.0000000000000002,7.252762418053187
1,336.0,random_sampling,symmetric,lognormal,20,0.2,336.0,True,0.9894736842105263,1.0,5.817111159963204
2,471.0,random_sampling,symmetric,lognormal,20,0.2,471.0,True,0.9894736842105263,1.0000000000000002,6.154858094016418
3,290.0,random_sampling,symmetric,lognormal,20,0.2,290.0,True,1.0,0.9999999999999998,5.66988092298052
4,660.0,random_sampling,symmetric,lognormal,20,0.2,660.0,True,0.9947368421052631,0.9999999999999997,6.492239835020471
5,1267.0,random_sampling,symmetric,lognormal,20,0.2,1267.0,True,0.9947368421052631,1.0,7.144407180321139
6,522.0,random_sampling,symmetric,lognormal,20,0.2,522.0,True,1.0,0.9999999999999998,6.257667587882639
7,1379.0,random_sampling,symmetric,lognormal,20,0.2,1379.0,True,0.9894736842105263,1.0,7.229113877793302
8,671.0,random_sampling,symmetric,lognormal,20,0.2,671.0,True,0.9947368421052631,1.0,6.508769136971682
9,1435.0,random_sampling,symmetric,lognormal,20,0.2,1435.0,True,1.0,0.9999999999999998,7.268920128193722
10,702.0,random_sampling,symmetric,lognormal,20,0.2,702.0,True,1.0,1.0,6.553933404025811
11,693.0,random_sampling,symmetric,lognormal,20,0.2,693.0,True,1.0,1.0000000000000002,6.541029999189903
12,374.0,random_sampling,symmetric,lognormal,20,0.2,374.0,True,1.0,1.0,5.924255797414532
13,442.0,random_sampling,symmetric,lognormal,20,0.2,442.0,True,0.9894736842105263,1.0,6.091309882077698
14,578.0,random_sampling,symmetric,lognormal,20,0.2,578.0,True,0.9947368421052631,1.0,6.359573868672378
15,3142.0,random_sampling,symmetric,lognormal,20,0.2,3142.0,True,0.9947368421052631,1.0,8.052614818815567
16,700.0,random_sampling,symmetric,lognormal,20,0.2,700.0,True,1.0,0.9999999999999998,6.551080335043404
17,278.0,random_sampling,symmetric,lognormal,20,0.2,278.0,True,0.9947368421052631,1.0000000000000002,5.627621113690637
18,750.0,random_sampling,symmetric,lognormal,20,0.2,750.0,True,0.9894736842105263,1.0,6.620073206530356
19,787.0,random_sampling,symmetric,lognormal,20,0.2,787.0,True,1.0,1.0000000000000002,6.668228248417403
20,1071.0,random_sampling,symmetric,lognormal,20,0.2,1071.0,True,0.9842105263157894,0.9999999999999998,6.976348070447749
21,1807.0,random_sampling,symmetric,lognormal,20,0.2,1807.0,True,1.0,1.0,7.499423290592229
22,448.0,random_sampling,symmetric,lognormal,20,0.2,448.0,True,0.9947368421052631,1.0,6.104793232414985
23,231.0,random_sampling,symmetric,lognormal,20,0.2,231.0,True,1.0,1.0,5.442417710521793
24,2898.0,random_sampling,symmetric,lognormal,20,0.2,2898.0,True,0.9947368421052631,0.9999999999999998,7.971776122880628
25,742.0,random_sampling,symmetric,lognormal,20,0.2,742.0,True,0.9789473684210527,1.0,6.60934924316738
26,683.0,random_sampling,symmetric,lognormal,20,0.2,683.0,True,0.9947368421052631,1.0000000000000002,6.52649485957079
27,390.0,random_sampling,symmetric,lognormal,20,0.2,390.0,True,0.9894736842105263,0.9999999999999998,5.966146739123692
28,558.0,random_sampling,symmetric,lognormal,20,0.2,558.0,True,0.9947368421052631,0.9999999999999998,6.324358962381311
29,516.0,random_sampling,symmetric,lognormal,20,0.2,516.0,True,1.0,1.0,6.246106765481563
30,449.0,random_sampling,symmetric,lognormal,20,0.2,449.0,True,0.9842105263157894,1.0,6.1070228877422545
31,1084.0,random_sampling,symmetric,lognormal,20,0.2,1084.0,True,0.9947368421052631,1.0000000000000002,6.988413181999592
32,552.0,random_sampling,symmetric,lognormal,20,0.2,552.0,True,0.9947368421052631,1.0,6.313548046277095
33,143.0,random_sampling,symmetric,lognormal,20,0.2,143.0,True,0.9947368421052631,1.0,4.962844630259907
34,236.0,random_sampling,symmetric,lognormal,20,0.2,236.0,True,1.0,0.9999999999999998,5.4638318050256105
35,1400.0,random_sampling,symmetric,lognormal,20,0.2,1400.0,True,0.9947368421052631,1.0,7.24422751560335
36,1025.0,random_sampling,symmetric,lognormal,20,0.2,1025.0,True,1.0,1.0000000000000002,6.932447891572509
37,416.0,random_sampling,symmetric,lognormal,20,0.2,416.0,True,0.9947368421052631,1.0,6.030685260261263
38,828.0,random_sampling,symmetric,lognormal,20,0.2,828.0,True,0.9947368421052631,1.0,6.71901315438526
39,479.0,random_sampling,symmetric,lognormal,20,0.2,479.0,True,0.9947368421052631,1.0,6.171700597410915
40,719.0,random_sampling,symmetric,lognormal,20,0.2,719.0,True,0.9947368421052631,1.0,6.577861357721047
41,1099.0,random_sampling,symmetric,lognormal,20,0.2,1099.0,True,0.9947368421052631,1.0,7.002155954403621
42,236.0,random_sampling,symmetric,lognormal,20,0.2,236.0,True,0.9894736842105263,1.0,5.4638318050256105
43,595.0,random_sampling,symmetric,lognormal,20,0.2,595.0,True,1.0,1.0,6.38856140554563
44,816.0,random_sampling,symmetric,lognormal,20,0.2,816.0,True,0.9947368421052631,1.0,6.704414354964107
45,848.0,random_sampling,symmetric,lognormal,20,0.2,848.0,True,0.9894736842105263,1.0,6.742880635791903
46,98.0,random_sampling,symmetric,lognormal,20,0.2,98.0,True,0.9894736842105263,1.0,4.584967478670572
47,349.0,random_sampling,symmetric,lognormal,20,0.2,349.0,True,0.9894736842105263,0.9999999999999998,5.855071922202427
48,440.0,random_sampling,symmetric,lognormal,20,0.2,440.0,True,0.9894736842105263,0.9999999999999998,6.0867747269123065
49,201.0,random_sampling,symmetric,lognormal,20,0.2,201.0,True,1.0,1.0000000000000002,5.303304908059076
50,690.0,random_sampling,symmetric,lognormal,20,0.2,690.0,True,1.0,1.0,6.536691597591305
51,584.0,random_sampling,symmetric,lognormal,20,0.2,584.0,True,0.9947368421052631,1.0000000000000002,6.369900982828227
52,404.0,random_sampling,symmetric,lognormal,20,0.2,404.0,True,0.9947368421052631,1.0,6.0014148779611505
53,776.0,random_sampling,symmetric,lognormal,20,0.2,776.0,True,1.0,1.0,6.654152520183219
54,386.0,random_sampling,symmetric,lognormal,20,0.2,386.0,True,0.9894736842105263,1.0,5.955837369464831
55,187.0,random_sampling,symmetric,lognormal,20,0.2,187.0,True,0.9894736842105263,1.0000000000000002,5.231108616854587
56,202.0,random_sampling,symmetric,lognormal,20,0.2,202.0,True,0.9894736842105263,1.0,5.308267697401205
57,225.0,random_sampling,symmetric,lognormal,20,0.2,225.0,True,0.9894736842105263,1.0,5.41610040220442
58,681.0,random_sampling,symmetric,lognormal,20,0.2,681.0,True,0.9947368421052631,0.9999999999999998,6.523562306149512
59,1118.0,random_sampling,symmetric,lognormal,20,0.2,1118.0,True,0.9894736842105263,1.0,7.0192966537150445
60,582.0,random_sampling,symmetric,lognormal,20,0.2,582.0,True,0.9894736842105263,1.0,6.366470447731438
61,669.0,random_sampling,symmetric,lognormal,20,0.2,669.0,True,0.9947368421052631,1.0,6.505784060128229
62,825.0,random_sampling,symmetric,lognormal,20,0.2,825.0,True,0.9947368421052631,1.0000000000000002,6.715383386334681
63,267.0,random_sampling,symmetric,lognormal,20,0.2,267.0,True,0.9947368421052631,1.0,5.58724865840025
64,545.0,random_sampling,symmetric,lognormal,20,0.2,545.0,True,0.9894736842105263,1.0,6.300785794663244
65,246.0,random_sampling,symmetric,lognormal,20,0.2,246.0,True,0.9947368421052631,1.0,5.5053315359323625
66,391.0,random_sampling,symmetric,lognormal,20,0.2,391.0,True,1.0,0.9999999999999998,5.968707559985366
67,512.0,random_sampling,symmetric,lognormal,20,0.2,512.0,True,0.9947368421052631,0.9999999999999998,6.238324625039508
68,903.0,random_sampling,symmetric,lognormal,20,0.2,903.0,True,1.0,1.0000000000000002,6.805722553416985
69,180.0,random_sampling,symmetric,lognormal,20,0.2,180.0,True,0.9947368421052631,1.0000000000000002,5.19295685089021
70,511.0,random_sampling,symmetric,lognormal,20,0.2,511.0,True,0.9947368421052631,1.0000000000000002,6.236369590203704
71,336.0,random_sampling,symmetric,lognormal,20,0.2,336.0,True,1.0,1.0,5.817111159963204
72,931.0,random_sampling,symmetric,lognormal,20,0.2,931.0,True,0.9947368421052631,1.0,6.836259277277067
73,394.0,random_sampling,symmetric,lognormal,20,0.2,394.0,True,1.0,1.0,5.976350909297934
74,451.0,random_sampling,symmetric,lognormal,20,0.2,451.0,True,0.9842105263157894,1.0000000000000002,6.111467339502679
75,679.0,random_sampling,symmetric,lognormal,20,0.2,679.0,True,0.9947368421052631,1.0000000000000002,6.520621127558696
76,370.0,random_sampling,symmetric,lognormal,20,0.2,370.0,True,0.9894736842105263,1.0000000000000002,5.91350300563827
77,788.0,random_sampling,symmetric,lognormal,20,0.2,788.0,True,0.9894736842105263,1.0000000000000002,6.669498089857879
78,499.0,random_sampling,symmetric,lognormal,20,0.2,499.0,True,1.0,1.0,6.212606095751519
79,897.0,random_sampling,symmetric,lognormal,20,0.2,897.0,True,1.0,0.9999999999999998,6.799055862058796
80,664.0,random_sampling,symmetric,lognormal,20,0.2,664.0,True,1.0,1.0000000000000002,6.498282149476434
81,475.0,random_sampling,symmetric,lognormal,20,0.2,475.0,True,0.9894736842105263,0.9999999999999998,6.163314804034641
82,514.0,random_sampling,symmetric,lognormal,20,0.2,514.0,True,1.0,1.0000000000000002,6.2422232654551655
83,596.0,random_sampling,symmetric,lognormal,20,0.2,596.0,True,1.0,1.0,6.39024066706535
84,784.0,random_sampling,symmetric,lognormal,20,0.2,784.0,True,1.0,0.9999999999999998,6.664409020350408
85,1504.0,random_sampling,symmetric,lognormal,20,0.2,1504.0,True,0.9947368421052631,1.0000000000000002,7.315883504509785
86,287.0,random_sampling,symmetric,lognormal,20,0.2,287.0,True,0.9947368421052631,1.0,5.659482215759621
87,740.0,random_sampling,symmetric,lognormal,20,0.2,740.0,True,0.9894736842105263,1.0,6.606650186198215
88,372.0,random_sampling,symmetric,lognormal,20,0.2,372.0,True,0.9894736842105263,1.0000000000000002,5.918893854273146
89,293.0,random_sampling,symmetric,lognormal,20,0.2,293.0,True,1.0,1.0,5.680172609017068
90,252.0,random_sampling,symmetric,lognormal,20,0.2,252.0,True,1.0,0.9999999999999998,5.529429087511423
91,224.0,random_sampling,symmetric,lognormal,20,0.2,224.0,True,0.9947368421052631,1.0,5.4116460518550396
92,1429.0,random_sampling,symmetric,lognormal,20,0.2,1429.0,True,0.9947368421052631,0.9999999999999998,7.264730177929867
93,668.0,random_sampling,symmetric,lognormal,20,0.2,668.0,True,1.0,1.0,6.504288173536645
94,309.0,random_sampling,symmetric,lognormal,20,0.2,309.0,True,0.9894736842105263,0.9999999999999998,5.733341276897746
95,560.0,random_sampling,symmetric,lognormal,20,0.2,560.0,True,0.9947368421052631,1.0,6.327936783729195
96,242.0,random_sampling,symmetric,lognormal,20,0.2,242.0,True,0.9947368421052631,1.0000000000000002,5.488937726156687
97,310.0,random_sampling,symmetric,lognormal,20,0.2,310.0,True,1.0,1.0,5.736572297479192
98,490.0,random_sampling,symmetric,lognormal,20,0.2,490.0,True,0.9947368421052631,1.0,6.194405391104672
99,545.0,random_sampling,symmetric,lognormal,20,0.2,545.0,True,1.0,1.0,6.300785794663244
0,133.0,random_sampling,symmetric,lognormal,20,3.8,133.0,True,0.9894736842105263,1.0,4.890349128221754
1,222.0,random_sampling,symmetric,lognormal,20,3.8,222.0,True,0.9842105263157894,1.0,5.402677381872279
2,495.0,random_sampling,symmetric,lognormal,20,3.8,495.0,True,0.9947368421052631,1.0000000000000002,6.20455776256869
3,127.0,random_sampling,symmetric,lognormal,20,3.8,127.0,True,0.9894736842105263,1.0,4.844187086458591
4,229.0,random_sampling,symmetric,lognormal,20,3.8,229.0,True,0.9736842105263158,1.0,5.43372200355424
5,232.0,random_sampling,symmetric,lognormal,20,3.8,232.0,True,1.0,0.9999999999999998,5.44673737166631
6,228.0,random_sampling,symmetric,lognormal,20,3.8,228.0,True,0.9894736842105263,1.0,5.429345628954441
7,1006.0,random_sampling,symmetric,lognormal,20,3.8,1006.0,True,0.9736842105263158,1.0000000000000002,6.913737350659685
8,392.0,random_sampling,symmetric,lognormal,20,3.8,392.0,True,0.9947368421052631,0.9999999999999998,5.971261839790462
9,397.0,random_sampling,symmetric,lognormal,20,3.8,397.0,True,0.9947368421052631,1.0,5.983936280687191
10,960.0,random_sampling,symmetric,lognormal,20,3.8,960.0,True,0.9894736842105263,0.9999999999999998,6.866933284461882
11,140.0,random_sampling,symmetric,lognormal,20,3.8,140.0,True,0.9947368421052631,0.9999999999999998,4.941642422609304
12,79.0,random_sampling,symmetric,lognormal,20,3.8,79.0,True,0.9736842105263158,0.9999999999999998,4.3694478524670215
13,195.0,random_sampling,symmetric,lognormal,20,3.8,195.0,True,0.9842105263157894,1.0000000000000002,5.272999558563747
14,175.0,random_sampling,symmetric,lognormal,20,3.8,175.0,True,0.9947368421052631,1.0,5.1647859739235145
15,127.0,random_sampling,symmetric,lognormal,20,3.8,127.0,True,0.9947368421052631,1.0,4.844187086458591
16,328.0,random_sampling,symmetric,lognormal,20,3.8,328.0,True,0.9894736842105263,0.9999999999999998,5.793013608384144
17,1603.0,random_sampling,symmetric,lognormal,20,3.8,1603.0,True,0.9894736842105263,1.0,7.3796321526095525
18,689.0,random_sampling,symmetric,lognormal,20,3.8,689.0,True,0.9894736842105263,1.0,6.535241271013659
19,157.0,random_sampling,symmetric,lognormal,20,3.8,157.0,True,0.9894736842105263,0.9999999999999998,5.056245805348308
20,84.0,random_sampling,symmetric,lognormal,20,3.8,84.0,True,0.9947368421052631,1.0,4.430816798843313
21,369.0,random_sampling,symmetric,lognormal,20,3.8,369.0,True,1.0,0.9999999999999998,5.910796644040527
22,455.0,random_sampling,symmetric,lognormal,20,3.8,455.0,True,1.0,1.0,6.12029741895095
23,88.0,random_sampling,symmetric,lognormal,20,3.8,88.0,True,1.0,1.0,4.477336814478207
24,131.0,random_sampling,symmetric,lognormal,20,3.8,131.0,True,0.9894736842105263,1.0000000000000002,4.875197323201151
25,146.0,random_sampling,symmetric,lognormal,20,3.8,146.0,True,0.9947368421052631,1.0,4.983606621708336
26,205.0,random_sampling,symmetric,lognormal,20,3.8,205.0,True,0.9894736842105263,1.0,5.3230099791384085
27,364.0,random_sampling,symmetric,lognormal,20,3.8,364.0,True,0.9894736842105263,1.0000000000000002,5.8971538676367405
28,201.0,random_sampling,symmetric,lognormal,20,3.8,201.0,True,0.9736842105263158,1.0,5.303304908059076
29,275.0,random_sampling,symmetric,lognormal,20,3.8,275.0,True,1.0,1.0,5.616771097666572
30,225.0,random_sampling,symmetric,lognormal,20,3.8,225.0,True,0.9789473684210527,1.0,5.41610040220442
31,190.0,random_sampling,symmetric,lognormal,20,3.8,190.0,True,1.0,1.0,5.247024072160486
32,188.0,random_sampling,symmetric,lognormal,20,3.8,188.0,True,0.9894736842105263,1.0,5.236441962829949
33,102.0,random_sampling,symmetric,lognormal,20,3.8,102.0,True,0.9947368421052631,0.9999999999999997,4.624972813284271
34,147.0,random_sampling,symmetric,lognormal,20,3.8,147.0,True,0.9894736842105263,1.0000000000000002,4.990432586778736
35,124.0,random_sampling,symmetric,lognormal,20,3.8,124.0,True,0.9947368421052631,1.0,4.820281565605037
36,349.0,random_sampling,symmetric,lognormal,20,3.8,349.0,True,0.9789473684210527,1.0,5.855071922202427
37,1849.0,random_sampling,symmetric,lognormal,20,3.8,1849.0,True,0.9842105263157894,0.9999999999999998,7.522400231387125
38,1215.0,random_sampling,symmetric,lognormal,20,3.8,1215.0,True,0.9894736842105263,1.0,7.102499355774649
39,172.0,random_sampling,symmetric,lognormal,20,3.8,172.0,True,0.9789473684210527,1.0000000000000002,5.147494476813453
40,126.0,random_sampling,symmetric,lognormal,20,3.8,126.0,True,0.9894736842105263,1.0,4.836281906951478
41,242.0,random_sampling,symmetric,lognormal,20,3.8,242.0,True,0.9947368421052631,1.0,5.488937726156687
42,696.0,random_sampling,symmetric,lognormal,20,3.8,696.0,True,1.0,0.9999999999999998,6.54534966033442
43,373.0,random_sampling,symmetric,lognormal,20,3.8,373.0,True,1.0,0.9999999999999998,5.921578419643816
44,603.0,random_sampling,symmetric,lognormal,20,3.8,603.0,True,0.9842105263157894,1.0,6.401917196727186
45,226.0,random_sampling,symmetric,lognormal,20,3.8,226.0,True,1.0,1.0,5.420534999272286
46,55.0,random_sampling,symmetric,lognormal,20,3.8,55.0,True,0.9736842105263158,1.0000000000000002,4.007333185232471
47,471.0,random_sampling,symmetric,lognormal,20,3.8,471.0,True,0.9789473684210527,0.9999999999999998,6.154858094016418
48,351.0,random_sampling,symmetric,lognormal,20,3.8,351.0,True,0.9894736842105263,1.0000000000000002,5.860786223465865
49,414.0,random_sampling,symmetric,lognormal,20,3.8,414.0,True,0.9894736842105263,1.0,6.025865973825314
50,324.0,random_sampling,symmetric,lognormal,20,3.8,324.0,True,0.9842105263157894,1.0000000000000002,5.780743515792329
51,197.0,random_sampling,symmetric,lognormal,20,3.8,197.0,True,0.9842105263157894,1.0000000000000002,5.2832037287379885
52,447.0,random_sampling,symmetric,lognormal,20,3.8,447.0,True,0.9842105263157894,1.0,6.102558594613569
53,97.0,random_sampling,symmetric,lognormal,20,3.8,97.0,True,0.9947368421052631,1.0,4.574710978503383
54,85.0,random_sampling,symmetric,lognormal,20,3.8,85.0,True,0.9842105263157894,1.0,4.442651256490317
55,53.0,random_sampling,symmetric,lognormal,20,3.8,53.0,True,1.0,1.0000000000000002,3.970291913552122
56,336.0,random_sampling,symmetric,lognormal,20,3.8,336.0,True,0.9947368421052631,1.0,5.817111159963204
57,60.0,random_sampling,symmetric,lognormal,20,3.8,60.0,True,0.9894736842105263,1.0000000000000002,4.0943445622221
58,121.0,random_sampling,symmetric,lognormal,20,3.8,121.0,True,0.9894736842105263,1.0000000000000002,4.795790545596741
59,360.0,random_sampling,symmetric,lognormal,20,3.8,360.0,True,0.9947368421052631,1.0,5.886104031450156
60,507.0,random_sampling,symmetric,lognormal,20,3.8,507.0,True,1.0,1.0,6.2285110035911835
61,173.0,random_sampling,symmetric,lognormal,20,3.8,173.0,True,0.9947368421052631,1.0,5.153291594497779
62,170.0,random_sampling,symmetric,lognormal,20,3.8,170.0,True,0.9947368421052631,1.0000000000000002,5.135798437050262
63,194.0,random_sampling,symmetric,lognormal,20,3.8,194.0,True,0.968421052631579,1.0,5.267858159063328
64,219.0,random_sampling,symmetric,lognormal,20,3.8,219.0,True,1.0,0.9999999999999998,5.389071729816501
65,186.0,random_sampling,symmetric,lognormal,20,3.8,186.0,True,1.0,1.0,5.225746673713202
66,104.0,random_sampling,symmetric,lognormal,20,3.8,104.0,True,0.9842105263157894,0.9999999999999998,4.6443908991413725
67,187.0,random_sampling,symmetric,lognormal,20,3.8,187.0,True,0.9842105263157894,0.9999999999999998,5.231108616854587
68,339.0,random_sampling,symmetric,lognormal,20,3.8,339.0,True,0.9947368421052631,1.0,5.82600010738045
69,136.0,random_sampling,symmetric,lognormal,20,3.8,136.0,True,0.9947368421052631,0.9999999999999998,4.912654885736052
70,213.0,random_sampling,symmetric,lognormal,20,3.8,213.0,True,0.9842105263157894,1.0,5.3612921657094255
71,89.0,random_sampling,symmetric,lognormal,20,3.8,89.0,True,0.9947368421052631,1.0,4.48863636973214
72,250.0,random_sampling,symmetric,lognormal,20,3.8,250.0,True,0.9947368421052631,1.0,5.521460917862246
73,613.0,random_sampling,symmetric,lognormal,20,3.8,613.0,True,0.9789473684210527,1.0000000000000002,6.418364935936212
74,283.0,random_sampling,symmetric,lognormal,20,3.8,283.0,True,0.9947368421052631,1.0,5.645446897643238
75,131.0,random_sampling,symmetric,lognormal,20,3.8,131.0,True,0.9842105263157894,0.9999999999999998,4.875197323201151
76,342.0,random_sampling,symmetric,lognormal,20,3.8,342.0,True,0.9631578947368421,1.0,5.834810737062605
77,348.0,random_sampling,symmetric,lognormal,20,3.8,348.0,True,1.0,0.9999999999999998,5.8522024797744745
78,1027.0,random_sampling,symmetric,lognormal,20,3.8,1027.0,True,0.9894736842105263,1.0,6.934397209928558
79,93.0,random_sampling,symmetric,lognormal,20,3.8,93.0,True,0.9842105263157894,0.9999999999999998,4.532599493153256
80,398.0,random_sampling,symmetric,lognormal,20,3.8,398.0,True,0.9947368421052631,1.0000000000000002,5.986452005284438
81,909.0,random_sampling,symmetric,lognormal,20,3.8,909.0,True,1.0,0.9999999999999997,6.812345094177479
82,109.0,random_sampling,symmetric,lognormal,20,3.8,109.0,True,1.0,1.0,4.6913478822291435
83,222.0,random_sampling,symmetric,lognormal,20,3.8,222.0,True,0.9789473684210527,1.0,5.402677381872279
84,100.0,random_sampling,symmetric,lognormal,20,3.8,100.0,True,1.0,1.0,4.605170185988092
85,614.0,random_sampling,symmetric,lognormal,20,3.8,614.0,True,0.9894736842105263,1.0,6.419994928147142
86,237.0,random_sampling,symmetric,lognormal,20,3.8,237.0,True,0.9894736842105263,0.9999999999999998,5.4680601411351315
87,191.0,random_sampling,symmetric,lognormal,20,3.8,191.0,True,0.9894736842105263,1.0,5.25227342804663
88,1096.0,random_sampling,symmetric,lognormal,20,3.8,1096.0,True,0.9842105263157894,0.9999999999999998,6.999422467507961
89,336.0,random_sampling,symmetric,lognormal,20,3.8,336.0,True,1.0,1.0000000000000002,5.817111159963204
90,103.0,random_sampling,symmetric,lognormal,20,3.8,103.0,True,1.0,0.9999999999999998,4.634728988229636
91,129.0,random_sampling,symmetric,lognormal,20,3.8,129.0,True,1.0,1.0,4.859812404361672
92,415.0,random_sampling,symmetric,lognormal,20,3.8,415.0,True,0.9842105263157894,1.0,6.028278520230698
93,150.0,random_sampling,symmetric,lognormal,20,3.8,150.0,True,0.9947368421052631,1.0,5.0106352940962555
94,478.0,random_sampling,symmetric,lognormal,20,3.8,478.0,True,0.9894736842105263,1.0000000000000002,6.169610732491456
95,547.0,random_sampling,symmetric,lognormal,20,3.8,547.0,True,1.0,1.0000000000000002,6.304448802421981
96,863.0,random_sampling,symmetric,lognormal,20,3.8,863.0,True,1.0,1.0000000000000004,6.760414691083428
97,208.0,random_sampling,symmetric,lognormal,20,3.8,208.0,True,1.0,1.0,5.337538079701318
98,387.0,random_sampling,symmetric,lognormal,20,3.8,387.0,True,0.9894736842105263,1.0,5.958424693029782
99,147.0,random_sampling,symmetric,lognormal,20,3.8,147.0,True,0.9947368421052631,1.0,4.990432586778736
0,109.0,random_sampling,symmetric,lognormal,20,5.0,109.0,True,0.9789473684210527,1.0,4.6913478822291435
1,118.0,random_sampling,symmetric,lognormal,20,5.0,118.0,True,0.9947368421052631,0.9999999999999998,4.770684624465665
2,196.0,random_sampling,symmetric,lognormal,20,5.0,196.0,True,0.9578947368421052,1.0,5.278114659230517
3,257.0,random_sampling,symmetric,lognormal,20,5.0,257.0,True,0.9526315789473684,1.0000000000000002,5.54907608489522
4,426.0,random_sampling,symmetric,lognormal,20,5.0,426.0,True,0.9631578947368421,1.0,6.054439346269371
5,181.0,random_sampling,symmetric,lognormal,20,5.0,181.0,True,0.9736842105263158,1.0,5.198497031265826
6,94.0,random_sampling,symmetric,lognormal,20,5.0,94.0,True,0.9631578947368421,0.9999999999999998,4.543294782270004
7,767.0,random_sampling,symmetric,lognormal,20,5.0,767.0,True,0.9894736842105263,1.0000000000000002,6.642486801367256
8,151.0,random_sampling,symmetric,lognormal,20,5.0,151.0,True,0.9631578947368421,1.0,5.017279836814924
9,60.0,random_sampling,symmetric,lognormal,20,5.0,60.0,True,0.9473684210526315,1.0,4.0943445622221
10,304.0,random_sampling,symmetric,lognormal,20,5.0,304.0,True,0.9736842105263158,1.0,5.717027701406222
11,297.0,random_sampling,symmetric,lognormal,20,5.0,297.0,True,0.9842105263157894,1.0,5.6937321388027
12,155.0,random_sampling,symmetric,lognormal,20,5.0,155.0,True,0.9631578947368421,0.9999999999999998,5.043425116919247
13,245.0,random_sampling,symmetric,lognormal,20,5.0,245.0,True,0.9578947368421052,1.0,5.501258210544727
14,69.0,random_sampling,symmetric,lognormal,20,5.0,69.0,True,0.9631578947368421,0.9999999999999998,4.23410650459726
15,196.0,random_sampling,symmetric,lognormal,20,5.0,196.0,True,0.9736842105263158,1.0000000000000002,5.278114659230517
16,1507.0,random_sampling,symmetric,lognormal,20,5.0,1507.0,True,0.9631578947368421,1.0,7.317876198626496
17,165.0,random_sampling,symmetric,lognormal,20,5.0,165.0,True,0.9473684210526315,1.0,5.10594547390058
18,107.0,random_sampling,symmetric,lognormal,20,5.0,107.0,True,0.9736842105263158,1.0,4.672828834461906
19,120.0,random_sampling,symmetric,lognormal,20,5.0,120.0,True,0.9736842105263158,1.0,4.787491742782046
20,209.0,random_sampling,symmetric,lognormal,20,5.0,209.0,True,0.9421052631578948,0.9999999999999998,5.342334251964811
21,362.0,random_sampling,symmetric,lognormal,20,5.0,362.0,True,0.9631578947368421,1.0,5.8916442118257715
22,545.0,random_sampling,symmetric,lognormal,20,5.0,545.0,True,0.9526315789473684,1.0000000000000002,6.300785794663244
23,693.0,random_sampling,symmetric,lognormal,20,5.0,693.0,True,0.9421052631578948,1.0,6.541029999189903
24,531.0,random_sampling,symmetric,lognormal,20,5.0,531.0,True,0.9578947368421052,1.0,6.274762021241939
25,290.0,random_sampling,symmetric,lognormal,20,5.0,290.0,True,0.9315789473684211,1.0,5.66988092298052
26,86.0,random_sampling,symmetric,lognormal,20,5.0,86.0,True,0.9789473684210527,1.0,4.454347296253507
27,237.0,random_sampling,symmetric,lognormal,20,5.0,237.0,True,0.968421052631579,0.9999999999999998,5.4680601411351315
28,269.0,random_sampling,symmetric,lognormal,20,5.0,269.0,True,0.968421052631579,1.0000000000000002,5.594711379601839
29,67.0,random_sampling,symmetric,lognormal,20,5.0,67.0,True,0.9736842105263158,0.9999999999999998,4.204692619390966
30,78.0,random_sampling,symmetric,lognormal,20,5.0,78.0,True,0.9473684210526315,1.0,4.356708826689592
31,223.0,random_sampling,symmetric,lognormal,20,5.0,223.0,True,0.968421052631579,1.0000000000000002,5.407171771460119
32,133.0,random_sampling,symmetric,lognormal,20,5.0,133.0,True,0.9421052631578948,1.0,4.890349128221754
33,79.0,random_sampling,symmetric,lognormal,20,5.0,79.0,True,0.9526315789473684,0.9999999999999998,4.3694478524670215
34,188.0,random_sampling,symmetric,lognormal,20,5.0,188.0,True,0.968421052631579,0.9999999999999998,5.236441962829949
35,47.0,random_sampling,symmetric,lognormal,20,5.0,47.0,True,0.9526315789473684,1.0,3.8501476017100584
36,88.0,random_sampling,symmetric,lognormal,20,5.0,88.0,True,0.9578947368421052,1.0,4.477336814478207
37,118.0,random_sampling,symmetric,lognormal,20,5.0,118.0,True,0.9578947368421052,0.9999999999999998,4.770684624465665
38,451.0,random_sampling,symmetric,lognormal,20,5.0,451.0,True,0.9315789473684211,1.0000000000000002,6.111467339502679
39,350.0,random_sampling,symmetric,lognormal,20,5.0,350.0,True,0.9578947368421052,1.0,5.857933154483459
40,215.0,random_sampling,symmetric,lognormal,20,5.0,215.0,True,0.9736842105263158,0.9999999999999998,5.3706380281276624
41,254.0,random_sampling,symmetric,lognormal,20,5.0,254.0,True,0.9736842105263158,1.0,5.537334267018537
42,743.0,random_sampling,symmetric,lognormal,20,5.0,743.0,True,0.9578947368421052,0.9999999999999998,6.610696044717759
43,366.0,random_sampling,symmetric,lognormal,20,5.0,366.0,True,0.9789473684210527,1.0,5.902633333401366
44,247.0,random_sampling,symmetric,lognormal,20,5.0,247.0,True,0.968421052631579,1.0,5.5093883366279774
45,641.0,random_sampling,symmetric,lognormal,20,5.0,641.0,True,0.9789473684210527,1.0000000000000002,6.46302945692067
46,149.0,random_sampling,symmetric,lognormal,20,5.0,149.0,True,0.9789473684210527,1.0000000000000004,5.003946305945459
47,296.0,random_sampling,symmetric,lognormal,20,5.0,296.0,True,0.9578947368421052,0.9999999999999998,5.69035945432406
48,153.0,random_sampling,symmetric,lognormal,20,5.0,153.0,True,0.9631578947368421,1.0,5.030437921392435
49,75.0,random_sampling,symmetric,lognormal,20,5.0,75.0,True,0.968421052631579,1.0,4.31748811353631
50,1799.0,random_sampling,symmetric,lognormal,20,5.0,1799.0,True,0.968421052631579,1.0,7.4949862339505335
51,264.0,random_sampling,symmetric,lognormal,20,5.0,264.0,True,0.9421052631578948,0.9999999999999998,5.575949103146316
52,263.0,random_sampling,symmetric,lognormal,20,5.0,263.0,True,0.9473684210526315,1.0,5.572154032177765
53,138.0,random_sampling,symmetric,lognormal,20,5.0,138.0,True,0.9473684210526315,1.0,4.927253685157205
54,89.0,random_sampling,symmetric,lognormal,20,5.0,89.0,True,0.9368421052631579,1.0,4.48863636973214
55,275.0,random_sampling,symmetric,lognormal,20,5.0,275.0,True,0.9894736842105263,1.0000000000000002,5.616771097666572
56,175.0,random_sampling,symmetric,lognormal,20,5.0,175.0,True,0.9842105263157894,1.0,5.1647859739235145
57,78.0,random_sampling,symmetric,lognormal,20,5.0,78.0,True,0.9631578947368421,1.0,4.356708826689592
58,339.0,random_sampling,symmetric,lognormal,20,5.0,339.0,True,0.9789473684210527,1.0,5.82600010738045
59,166.0,random_sampling,symmetric,lognormal,20,5.0,166.0,True,0.9473684210526315,0.9999999999999998,5.111987788356544
60,337.0,random_sampling,symmetric,lognormal,20,5.0,337.0,True,0.9736842105263158,1.0000000000000002,5.820082930352362
61,79.0,random_sampling,symmetric,lognormal,20,5.0,79.0,True,0.9526315789473684,0.9999999999999998,4.3694478524670215
62,88.0,random_sampling,symmetric,lognormal,20,5.0,88.0,True,0.9736842105263158,1.0,4.477336814478207
63,120.0,random_sampling,symmetric,lognormal,20,5.0,120.0,True,0.9421052631578948,1.0,4.787491742782046
64,335.0,random_sampling,symmetric,lognormal,20,5.0,335.0,True,0.9631578947368421,1.0,5.814130531825066
65,532.0,random_sampling,symmetric,lognormal,20,5.0,532.0,True,0.9631578947368421,0.9999999999999998,6.2766434893416445
66,166.0,random_sampling,symmetric,lognormal,20,5.0,166.0,True,0.968421052631579,1.0,5.111987788356544
67,136.0,random_sampling,symmetric,lognormal,20,5.0,136.0,True,0.968421052631579,0.9999999999999997,4.912654885736052
68,192.0,random_sampling,symmetric,lognormal,20,5.0,192.0,True,0.968421052631579,1.0,5.2574953720277815
69,551.0,random_sampling,symmetric,lognormal,20,5.0,551.0,True,0.9473684210526315,1.0,6.311734809152915
70,171.0,random_sampling,symmetric,lognormal,20,5.0,171.0,True,0.9578947368421052,1.0000000000000002,5.14166355650266
71,169.0,random_sampling,symmetric,lognormal,20,5.0,169.0,True,0.9578947368421052,1.0,5.1298987149230735
72,361.0,random_sampling,symmetric,lognormal,20,5.0,361.0,True,0.9894736842105263,1.0,5.8888779583328805
73,493.0,random_sampling,symmetric,lognormal,20,5.0,493.0,True,0.9578947368421052,1.0000000000000002,6.20050917404269
74,151.0,random_sampling,symmetric,lognormal,20,5.0,151.0,True,0.968421052631579,0.9999999999999998,5.017279836814924
75,166.0,random_sampling,symmetric,lognormal,20,5.0,166.0,True,0.9263157894736842,1.0,5.111987788356544
76,124.0,random_sampling,symmetric,lognormal,20,5.0,124.0,True,0.9578947368421052,0.9999999999999998,4.820281565605037
77,199.0,random_sampling,symmetric,lognormal,20,5.0,199.0,True,0.9789473684210527,1.0,5.293304824724492
78,104.0,random_sampling,symmetric,lognormal,20,5.0,104.0,True,0.9631578947368421,1.0,4.6443908991413725
79,153.0,random_sampling,symmetric,lognormal,20,5.0,153.0,True,0.9631578947368421,1.0,5.030437921392435
80,347.0,random_sampling,symmetric,lognormal,20,5.0,347.0,True,0.9473684210526315,1.0000000000000002,5.849324779946859
81,134.0,random_sampling,symmetric,lognormal,20,5.0,134.0,True,0.9736842105263158,1.0000000000000002,4.897839799950911
82,1242.0,random_sampling,symmetric,lognormal,20,5.0,1242.0,True,0.9789473684210527,0.9999999999999998,7.124478262493424
83,377.0,random_sampling,symmetric,lognormal,20,5.0,377.0,True,0.9526315789473684,1.0,5.932245187448011
84,258.0,random_sampling,symmetric,lognormal,20,5.0,258.0,True,0.9578947368421052,1.0000000000000002,5.552959584921617
85,138.0,random_sampling,symmetric,lognormal,20,5.0,138.0,True,0.9631578947368421,1.0000000000000002,4.927253685157205
86,213.0,random_sampling,symmetric,lognormal,20,5.0,213.0,True,0.9526315789473684,1.0,5.3612921657094255
87,90.0,random_sampling,symmetric,lognormal,20,5.0,90.0,True,0.9736842105263158,1.0000000000000002,4.499809670330265
88,832.0,random_sampling,symmetric,lognormal,20,5.0,832.0,True,0.9736842105263158,1.0,6.723832440821209
89,957.0,random_sampling,symmetric,lognormal,20,5.0,957.0,True,0.9473684210526315,0.9999999999999998,6.863803391452954
90,94.0,random_sampling,symmetric,lognormal,20,5.0,94.0,True,0.9526315789473684,1.0,4.543294782270004
91,130.0,random_sampling,symmetric,lognormal,20,5.0,130.0,True,0.9473684210526315,1.0000000000000002,4.867534450455582
92,350.0,random_sampling,symmetric,lognormal,20,5.0,350.0,True,0.9631578947368421,1.0,5.857933154483459
93,323.0,random_sampling,symmetric,lognormal,20,5.0,323.0,True,0.9578947368421052,1.0,5.777652323222656
94,234.0,random_sampling,symmetric,lognormal,20,5.0,234.0,True,0.9473684210526315,1.0,5.455321115357702
95,137.0,random_sampling,symmetric,lognormal,20,5.0,137.0,True,0.9315789473684211,1.0,4.919980925828125
96,176.0,random_sampling,symmetric,lognormal,20,5.0,176.0,True,0.9842105263157894,1.0000000000000002,5.170483995038151
97,340.0,random_sampling,symmetric,lognormal,20,5.0,340.0,True,0.9842105263157894,1.0000000000000002,5.8289456176102075
98,280.0,random_sampling,symmetric,lognormal,20,5.0,280.0,True,0.9368421052631579,1.0,5.634789603169249
99,162.0,random_sampling,symmetric,lognormal,20,5.0,162.0,True,0.9631578947368421,0.9999999999999998,5.087596335232384
0,1797.0,random_sampling,symmetric,lognormal,30,5.0,1797.0,True,0.9264367816091954,1.0000000000000002,7.493873886783559
1,1746.0,random_sampling,symmetric,lognormal,30,5.0,1746.0,True,0.9448275862068966,0.9999999999999999,7.465082736399547
2,1612.0,random_sampling,symmetric,lognormal,30,5.0,1612.0,True,0.9333333333333333,0.9999999999999999,7.385230923066573
3,1834.0,random_sampling,symmetric,lognormal,30,5.0,1834.0,True,0.9402298850574713,1.0,7.51425465281641
4,1287.0,random_sampling,symmetric,lognormal,30,5.0,1287.0,True,0.9379310344827586,1.0000000000000002,7.160069207596127
5,1570.0,random_sampling,symmetric,lognormal,30,5.0,1570.0,True,0.9471264367816092,1.0,7.358830898342354
6,1873.0,random_sampling,symmetric,lognormal,30,5.0,1873.0,True,0.9264367816091954,1.0,7.5352967024440884
7,426.0,random_sampling,symmetric,lognormal,30,5.0,426.0,True,0.9448275862068966,0.9999999999999999,6.054439346269371
8,439.0,random_sampling,symmetric,lognormal,30,5.0,439.0,True,0.9540229885057471,1.0,6.0844994130751715
9,1765.0,random_sampling,symmetric,lognormal,30,5.0,1765.0,True,0.9540229885057471,1.0,7.475905969367397
10,4971.0,random_sampling,symmetric,lognormal,30,5.0,4971.0,True,0.9310344827586207,1.0000000000000002,8.511376306094673
11,530.0,random_sampling,symmetric,lognormal,30,5.0,530.0,True,0.9494252873563218,0.9999999999999999,6.272877006546167
12,1479.0,random_sampling,symmetric,lognormal,30,5.0,1479.0,True,0.9379310344827586,0.9999999999999999,7.2991214627108
13,575.0,random_sampling,symmetric,lognormal,30,5.0,575.0,True,0.9218390804597701,1.0,6.354370040797351
14,988.0,random_sampling,symmetric,lognormal,30,5.0,988.0,True,0.9379310344827586,1.0,6.895682697747868
15,4220.0,random_sampling,symmetric,lognormal,30,5.0,4220.0,True,0.9448275862068966,0.9999999999999998,8.347590407030058
16,2664.0,random_sampling,symmetric,lognormal,30,5.0,2664.0,True,0.9218390804597701,1.0,7.88758403166028
17,2078.0,random_sampling,symmetric,lognormal,30,5.0,2078.0,True,0.9517241379310345,1.0,7.639161171659173
18,1392.0,random_sampling,symmetric,lognormal,30,5.0,1392.0,True,0.9287356321839081,1.0000000000000002,7.238496840894365
19,711.0,random_sampling,symmetric,lognormal,30,5.0,711.0,True,0.9402298850574713,1.0000000000000004,6.566672429803241
20,1560.0,random_sampling,symmetric,lognormal,30,5.0,1560.0,True,0.9379310344827586,0.9999999999999999,7.352441100243583
21,3969.0,random_sampling,symmetric,lognormal,30,5.0,3969.0,True,0.9540229885057471,1.0000000000000002,8.286269452783065
22,1427.0,random_sampling,symmetric,lognormal,30,5.0,1427.0,True,0.9517241379310345,0.9999999999999998,7.2633296174768365
23,804.0,random_sampling,symmetric,lognormal,30,5.0,804.0,True,0.9218390804597701,1.0,6.6895992691789665
24,629.0,random_sampling,symmetric,lognormal,30,5.0,629.0,True,0.9264367816091954,0.9999999999999999,6.444131256700441
25,526.0,random_sampling,symmetric,lognormal,30,5.0,526.0,True,0.9333333333333333,1.0000000000000002,6.26530121273771
26,905.0,random_sampling,symmetric,lognormal,30,5.0,905.0,True,0.9448275862068966,1.0000000000000002,6.807934943699926
27,3080.0,random_sampling,symmetric,lognormal,30,5.0,3080.0,True,0.9195402298850575,1.0,8.03268487596762
28,26249.0,random_sampling,symmetric,lognormal,30,5.0,26249.0,True,0.9310344827586207,1.0,10.175383172056032
29,218.0,random_sampling,symmetric,lognormal,30,5.0,218.0,True,0.9172413793103448,1.0,5.384495062789089
30,609.0,random_sampling,symmetric,lognormal,30,5.0,609.0,True,0.9517241379310345,1.0000000000000002,6.411818267709897
31,527.0,random_sampling,symmetric,lognormal,30,5.0,527.0,True,0.9287356321839081,1.0,6.267200548541362
32,2658.0,random_sampling,symmetric,lognormal,30,5.0,2658.0,True,0.9448275862068966,1.0,7.885329239273191
33,563.0,random_sampling,symmetric,lognormal,30,5.0,563.0,True,0.9563218390804598,1.0000000000000002,6.333279628139691
34,1649.0,random_sampling,symmetric,lognormal,30,5.0,1649.0,True,0.9310344827586207,1.0,7.407924322559599
35,2630.0,random_sampling,symmetric,lognormal,30,5.0,2630.0,True,0.9172413793103448,1.0,7.874739125171811
36,841.0,random_sampling,symmetric,lognormal,30,5.0,841.0,True,0.9264367816091954,0.9999999999999999,6.734591659972948
37,1804.0,random_sampling,symmetric,lognormal,30,5.0,1804.0,True,0.9149425287356322,1.0000000000000002,7.4977617006225685
38,1112.0,random_sampling,symmetric,lognormal,30,5.0,1112.0,True,0.9287356321839081,1.0,7.013915474810528
39,950.0,random_sampling,symmetric,lognormal,30,5.0,950.0,True,0.9149425287356322,1.0,6.856461984594587
40,2598.0,random_sampling,symmetric,lognormal,30,5.0,2598.0,True,0.9517241379310345,1.0,7.862497197230545
41,706.0,random_sampling,symmetric,lognormal,30,5.0,706.0,True,0.9425287356321839,1.0,6.559615237493242
42,1313.0,random_sampling,symmetric,lognormal,30,5.0,1313.0,True,0.9494252873563218,1.0,7.180069874302796
43,822.0,random_sampling,symmetric,lognormal,30,5.0,822.0,True,0.9448275862068966,1.0000000000000002,6.71174039505618
44,2172.0,random_sampling,symmetric,lognormal,30,5.0,2172.0,True,0.9218390804597701,1.0,7.683403681053826
45,456.0,random_sampling,symmetric,lognormal,30,5.0,456.0,True,0.9218390804597701,0.9999999999999999,6.1224928095143865
46,383.0,random_sampling,symmetric,lognormal,30,5.0,383.0,True,0.9287356321839081,0.9999999999999999,5.948034989180646
47,659.0,random_sampling,symmetric,lognormal,30,5.0,659.0,True,0.9333333333333333,1.0000000000000002,6.490723534502507
48,914.0,random_sampling,symmetric,lognormal,30,5.0,914.0,True,0.9333333333333333,1.0,6.81783057145415
49,14312.0,random_sampling,symmetric,lognormal,30,5.0,14312.0,True,0.9241379310344827,0.9999999999999999,9.568853625188556
50,707.0,random_sampling,symmetric,lognormal,30,5.0,707.0,True,0.9356321839080459,1.0,6.561030665896573
51,249.0,random_sampling,symmetric,lognormal,30,5.0,249.0,True,0.9471264367816092,1.0,5.517452896464707
52,3725.0,random_sampling,symmetric,lognormal,30,5.0,3725.0,True,0.9471264367816092,0.9999999999999999,8.22282213081366
53,6567.0,random_sampling,symmetric,lognormal,30,5.0,6567.0,True,0.9080459770114943,1.0,8.789812386190972
54,1295.0,random_sampling,symmetric,lognormal,30,5.0,1295.0,True,0.9425287356321839,1.0,7.166265974133638
55,3024.0,random_sampling,symmetric,lognormal,30,5.0,3024.0,True,0.9379310344827586,1.0,8.014335737299424
56,989.0,random_sampling,symmetric,lognormal,30,5.0,989.0,True,0.9379310344827586,1.0000000000000002,6.8966943316227125
57,3420.0,random_sampling,symmetric,lognormal,30,5.0,3420.0,True,0.9264367816091954,0.9999999999999999,8.13739583005665
58,669.0,random_sampling,symmetric,lognormal,30,5.0,669.0,True,0.9287356321839081,1.0000000000000002,6.505784060128229
59,331.0,random_sampling,symmetric,lognormal,30,5.0,331.0,True,0.9425287356321839,1.0,5.802118375377063
60,2180.0,random_sampling,symmetric,lognormal,30,5.0,2180.0,True,0.9448275862068966,1.0000000000000002,7.687080155783135
61,1029.0,random_sampling,symmetric,lognormal,30,5.0,1029.0,True,0.9563218390804598,0.9999999999999999,6.9363427358340495
62,2040.0,random_sampling,symmetric,lognormal,30,5.0,2040.0,True,0.9471264367816092,1.0,7.620705086838262
63,650.0,random_sampling,symmetric,lognormal,30,5.0,650.0,True,0.9563218390804598,1.0000000000000002,6.476972362889683
64,460.0,random_sampling,symmetric,lognormal,30,5.0,460.0,True,0.9287356321839081,0.9999999999999999,6.131226489483141
65,690.0,random_sampling,symmetric,lognormal,30,5.0,690.0,True,0.9448275862068966,1.0,6.536691597591305
66,2815.0,random_sampling,symmetric,lognormal,30,5.0,2815.0,True,0.9218390804597701,1.0,7.942717540573791
67,1185.0,random_sampling,symmetric,lognormal,30,5.0,1185.0,True,0.9471264367816092,1.0,7.077498053569231
68,2439.0,random_sampling,symmetric,lognormal,30,5.0,2439.0,True,0.9540229885057471,1.0,7.79934339821592
69,306.0,random_sampling,symmetric,lognormal,30,5.0,306.0,True,0.9494252873563218,1.0000000000000002,5.723585101952381
70,1853.0,random_sampling,symmetric,lognormal,30,5.0,1853.0,True,0.9402298850574713,1.0,7.52456122628536
71,2090.0,random_sampling,symmetric,lognormal,30,5.0,2090.0,True,0.9356321839080459,1.0,7.644919344958857
72,3500.0,random_sampling,symmetric,lognormal,30,5.0,3500.0,True,0.9379310344827586,0.9999999999999999,8.160518247477505
73,1415.0,random_sampling,symmetric,lognormal,30,5.0,1415.0,True,0.9471264367816092,0.9999999999999998,7.254884810077338
74,620.0,random_sampling,symmetric,lognormal,30,5.0,620.0,True,0.9402298850574713,0.9999999999999999,6.429719478039138
75,1403.0,random_sampling,symmetric,lognormal,30,5.0,1403.0,True,0.9517241379310345,1.0000000000000002,7.246368080102461
76,1655.0,random_sampling,symmetric,lognormal,30,5.0,1655.0,True,0.9586206896551724,1.0,7.411556287811163
77,1556.0,random_sampling,symmetric,lognormal,30,5.0,1556.0,True,0.9218390804597701,0.9999999999999999,7.349873704738337
78,586.0,random_sampling,symmetric,lognormal,30,5.0,586.0,True,0.9379310344827586,1.0000000000000002,6.373319789577012
79,2126.0,random_sampling,symmetric,lognormal,30,5.0,2126.0,True,0.9356321839080459,1.0000000000000002,7.661997558901893
80,3235.0,random_sampling,symmetric,lognormal,30,5.0,3235.0,True,0.9241379310344827,1.0000000000000002,8.081784206935001
81,1242.0,random_sampling,symmetric,lognormal,30,5.0,1242.0,True,0.9333333333333333,0.9999999999999999,7.124478262493424
82,7058.0,random_sampling,symmetric,lognormal,30,5.0,7058.0,True,0.9448275862068966,0.9999999999999999,8.861917004235215
83,1848.0,random_sampling,symmetric,lognormal,30,5.0,1848.0,True,0.9264367816091954,1.0,7.521859252201629
84,1170.0,random_sampling,symmetric,lognormal,30,5.0,1170.0,True,0.9402298850574713,1.0000000000000002,7.064759027791802
85,191.0,random_sampling,symmetric,lognormal,30,5.0,191.0,True,0.9218390804597701,1.0000000000000002,5.25227342804663
86,812.0,random_sampling,symmetric,lognormal,30,5.0,812.0,True,0.9402298850574713,1.0000000000000002,6.699500340161678
87,4345.0,random_sampling,symmetric,lognormal,30,5.0,4345.0,True,0.9471264367816092,1.0,8.376781037699493
88,1652.0,random_sampling,symmetric,lognormal,30,5.0,1652.0,True,0.9402298850574713,1.0000000000000002,7.409741954080923
89,310.0,random_sampling,symmetric,lognormal,30,5.0,310.0,True,0.9448275862068966,1.0,5.736572297479192
90,1672.0,random_sampling,symmetric,lognormal,30,5.0,1672.0,True,0.9402298850574713,0.9999999999999999,7.421775793644647
91,5700.0,random_sampling,symmetric,lognormal,30,5.0,5700.0,True,0.9287356321839081,1.0000000000000002,8.648221453822641
92,2276.0,random_sampling,symmetric,lognormal,30,5.0,2276.0,True,0.9494252873563218,0.9999999999999999,7.730174795246222
93,3944.0,random_sampling,symmetric,lognormal,30,5.0,3944.0,True,0.9425287356321839,0.9999999999999998,8.279950715722526
94,10657.0,random_sampling,symmetric,lognormal,30,5.0,10657.0,True,0.9586206896551724,1.0000000000000002,9.273972232220956
95,636.0,random_sampling,symmetric,lognormal,30,5.0,636.0,True,0.9425287356321839,0.9999999999999998,6.455198563340122
96,607.0,random_sampling,symmetric,lognormal,30,5.0,607.0,True,0.9149425287356322,0.9999999999999999,6.408528791059498
97,763.0,random_sampling,symmetric,lognormal,30,5.0,763.0,True,0.9379310344827586,1.0000000000000002,6.637258031284457
98,1048.0,random_sampling,symmetric,lognormal,30,5.0,1048.0,True,0.9333333333333333,1.0,6.954638864880987
99,1325.0,random_sampling,symmetric,lognormal,30,5.0,1325.0,True,0.9310344827586207,1.0,7.1891677384203225
0,131.0,random_sampling,symmetric,lognormal,20,1.8,131.0,True,1.0,1.0,4.875197323201151
1,1454.0,random_sampling,symmetric,lognormal,20,1.8,1454.0,True,1.0,1.0000000000000002,7.282073658093465
2,429.0,random_sampling,symmetric,lognormal,20,1.8,429.0,True,1.0,1.0,6.061456918928017
3,339.0,random_sampling,symmetric,lognormal,20,1.8,339.0,True,1.0,0.9999999999999998,5.82600010738045
4,294.0,random_sampling,symmetric,lognormal,20,1.8,294.0,True,0.9947368421052631,1.0,5.683579767338681
5,585.0,random_sampling,symmetric,lognormal,20,1.8,585.0,True,0.9947368421052631,1.0000000000000002,6.371611847231857
6,106.0,random_sampling,symmetric,lognormal,20,1.8,106.0,True,0.9947368421052631,1.0,4.663439094112067
7,274.0,random_sampling,symmetric,lognormal,20,1.8,274.0,True,1.0,1.0,5.6131281063880705
8,808.0,random_sampling,symmetric,lognormal,20,1.8,808.0,True,1.0,1.0000000000000002,6.694562058521095
9,452.0,random_sampling,symmetric,lognormal,20,1.8,452.0,True,1.0,1.0000000000000002,6.113682179832232
10,414.0,random_sampling,symmetric,lognormal,20,1.8,414.0,True,1.0,1.0,6.025865973825314
11,244.0,random_sampling,symmetric,lognormal,20,1.8,244.0,True,1.0,0.9999999999999998,5.497168225293202
12,292.0,random_sampling,symmetric,lognormal,20,1.8,292.0,True,0.9947368421052631,1.0,5.676753802268282
13,245.0,random_sampling,symmetric,lognormal,20,1.8,245.0,True,1.0,1.0,5.501258210544727
14,764.0,random_sampling,symmetric,lognormal,20,1.8,764.0,True,0.9947368421052631,1.0000000000000002,6.638567789166521
15,108.0,random_sampling,symmetric,lognormal,20,1.8,108.0,True,1.0,0.9999999999999998,4.68213122712422
16,295.0,random_sampling,symmetric,lognormal,20,1.8,295.0,True,0.9947368421052631,1.0,5.68697535633982
17,452.0,random_sampling,symmetric,lognormal,20,1.8,452.0,True,0.9894736842105263,1.0,6.113682179832232
18,360.0,random_sampling,symmetric,lognormal,20,1.8,360.0,True,1.0,1.0,5.886104031450156
19,162.0,random_sampling,symmetric,lognormal,20,1.8,162.0,True,1.0,1.0,5.087596335232384
20,317.0,random_sampling,symmetric,lognormal,20,1.8,317.0,True,1.0,1.0,5.75890177387728
21,443.0,random_sampling,symmetric,lognormal,20,1.8,443.0,True,1.0,1.0,6.093569770045136
22,173.0,random_sampling,symmetric,lognormal,20,1.8,173.0,True,1.0,0.9999999999999998,5.153291594497779
23,211.0,random_sampling,symmetric,lognormal,20,1.8,211.0,True,0.9947368421052631,1.0,5.351858133476067
24,222.0,random_sampling,symmetric,lognormal,20,1.8,222.0,True,0.9947368421052631,0.9999999999999998,5.402677381872279
25,300.0,random_sampling,symmetric,lognormal,20,1.8,300.0,True,0.9894736842105263,1.0,5.703782474656201
26,408.0,random_sampling,symmetric,lognormal,20,1.8,408.0,True,1.0,1.0,6.0112671744041615
27,81.0,random_sampling,symmetric,lognormal,20,1.8,81.0,True,0.9947368421052631,0.9999999999999998,4.394449154672439
28,426.0,random_sampling,symmetric,lognormal,20,1.8,426.0,True,1.0,1.0000000000000002,6.054439346269371
29,178.0,random_sampling,symmetric,lognormal,20,1.8,178.0,True,0.9947368421052631,1.0,5.181783550292085
30,497.0,random_sampling,symmetric,lognormal,20,1.8,497.0,True,0.9947368421052631,0.9999999999999998,6.208590026096629
31,258.0,random_sampling,symmetric,lognormal,20,1.8,258.0,True,0.9947368421052631,1.0000000000000002,5.552959584921617
32,258.0,random_sampling,symmetric,lognormal,20,1.8,258.0,True,1.0,0.9999999999999998,5.552959584921617
33,315.0,random_sampling,symmetric,lognormal,20,1.8,315.0,True,1.0,1.0000000000000002,5.752572638825633
34,1165.0,random_sampling,symmetric,lognormal,20,1.8,1165.0,True,1.0,1.0,7.060476365999801
35,600.0,random_sampling,symmetric,lognormal,20,1.8,600.0,True,0.9947368421052631,1.0,6.396929655216146
36,1020.0,random_sampling,symmetric,lognormal,20,1.8,1020.0,True,1.0,0.9999999999999998,6.927557906278317
37,1113.0,random_sampling,symmetric,lognormal,20,1.8,1113.0,True,1.0,1.0000000000000002,7.014814351275545
38,365.0,random_sampling,symmetric,lognormal,20,1.8,365.0,True,0.9947368421052631,1.0,5.8998973535824915
39,627.0,random_sampling,symmetric,lognormal,20,1.8,627.0,True,1.0,1.0,6.440946540632921
40,61.0,random_sampling,symmetric,lognormal,20,1.8,61.0,True,1.0,0.9999999999999998,4.110873864173311
41,135.0,random_sampling,symmetric,lognormal,20,1.8,135.0,True,1.0,1.0,4.90527477843843
42,527.0,random_sampling,symmetric,lognormal,20,1.8,527.0,True,0.9947368421052631,1.0000000000000002,6.267200548541362
43,432.0,random_sampling,symmetric,lognormal,20,1.8,432.0,True,1.0,1.0,6.068425588244111
44,523.0,random_sampling,symmetric,lognormal,20,1.8,523.0,True,1.0,1.0,6.259581464064923
45,420.0,random_sampling,symmetric,lognormal,20,1.8,420.0,True,1.0,1.0,6.040254711277414
46,1313.0,random_sampling,symmetric,lognormal,20,1.8,1313.0,True,1.0,0.9999999999999998,7.180069874302796
47,138.0,random_sampling,symmetric,lognormal,20,1.8,138.0,True,0.9947368421052631,0.9999999999999998,4.927253685157205
48,372.0,random_sampling,symmetric,lognormal,20,1.8,372.0,True,1.0,0.9999999999999998,5.918893854273146
49,239.0,random_sampling,symmetric,lognormal,20,1.8,239.0,True,1.0,1.0,5.476463551931511
50,621.0,random_sampling,symmetric,lognormal,20,1.8,621.0,True,1.0,1.0,6.431331081933479
51,840.0,random_sampling,symmetric,lognormal,20,1.8,840.0,True,1.0,1.0000000000000002,6.733401891837359
52,1055.0,random_sampling,symmetric,lognormal,20,1.8,1055.0,True,0.9947368421052631,1.0,6.961296045910167
53,252.0,random_sampling,symmetric,lognormal,20,1.8,252.0,True,1.0,1.0,5.529429087511423
54,469.0,random_sampling,symmetric,lognormal,20,1.8,469.0,True,0.9947368421052631,1.0,6.150602768446279
55,214.0,random_sampling,symmetric,lognormal,20,1.8,214.0,True,1.0,1.0000000000000002,5.365976015021851
56,284.0,random_sampling,symmetric,lognormal,20,1.8,284.0,True,1.0,1.0,5.648974238161206
57,869.0,random_sampling,symmetric,lognormal,20,1.8,869.0,True,0.9947368421052631,1.0,6.767343125265392
58,223.0,random_sampling,symmetric,lognormal,20,1.8,223.0,True,1.0,1.0,5.407171771460119
59,318.0,random_sampling,symmetric,lognormal,20,1.8,318.0,True,1.0,0.9999999999999998,5.762051382780177
60,1122.0,random_sampling,symmetric,lognormal,20,1.8,1122.0,True,1.0,0.9999999999999998,7.022868086082641
61,206.0,random_sampling,symmetric,lognormal,20,1.8,206.0,True,0.9947368421052631,1.0000000000000004,5.327876168789581
62,218.0,random_sampling,symmetric,lognormal,20,1.8,218.0,True,1.0,1.0,5.384495062789089
63,178.0,random_sampling,symmetric,lognormal,20,1.8,178.0,True,1.0,1.0000000000000002,5.181783550292085
64,352.0,random_sampling,symmetric,lognormal,20,1.8,352.0,True,1.0,1.0,5.863631175598097
65,881.0,random_sampling,symmetric,lognormal,20,1.8,881.0,True,1.0,0.9999999999999998,6.78105762593618
66,559.0,random_sampling,symmetric,lognormal,20,1.8,559.0,True,1.0,1.0,6.326149473155099
67,1183.0,random_sampling,symmetric,lognormal,20,1.8,1183.0,True,1.0,1.0,7.075808863978387
68,165.0,random_sampling,symmetric,lognormal,20,1.8,165.0,True,1.0,1.0,5.10594547390058
69,1549.0,random_sampling,symmetric,lognormal,20,1.8,1549.0,True,1.0,1.0,7.3453648404168685
70,241.0,random_sampling,symmetric,lognormal,20,1.8,241.0,True,1.0,0.9999999999999998,5.484796933490655
71,185.0,random_sampling,symmetric,lognormal,20,1.8,185.0,True,1.0,1.0,5.220355825078324
72,324.0,random_sampling,symmetric,lognormal,20,1.8,324.0,True,1.0,1.0,5.780743515792329
73,247.0,random_sampling,symmetric,lognormal,20,1.8,247.0,True,1.0,1.0000000000000002,5.5093883366279774
74,371.0,random_sampling,symmetric,lognormal,20,1.8,371.0,True,1.0,1.0,5.916202062607435
75,206.0,random_sampling,symmetric,lognormal,20,1.8,206.0,True,1.0,0.9999999999999998,5.327876168789581
76,212.0,random_sampling,symmetric,lognormal,20,1.8,212.0,True,0.9947368421052631,0.9999999999999998,5.356586274672012
77,159.0,random_sampling,symmetric,lognormal,20,1.8,159.0,True,1.0,1.0000000000000002,5.0689042022202315
78,328.0,random_sampling,symmetric,lognormal,20,1.8,328.0,True,0.9947368421052631,1.0,5.793013608384144
79,167.0,random_sampling,symmetric,lognormal,20,1.8,167.0,True,1.0,1.0,5.117993812416755
80,774.0,random_sampling,symmetric,lognormal,20,1.8,774.0,True,0.9947368421052631,1.0,6.651571873589727
81,738.0,random_sampling,symmetric,lognormal,20,1.8,738.0,True,0.9947368421052631,1.0,6.6039438246004725
82,70.0,random_sampling,symmetric,lognormal,20,1.8,70.0,True,0.9947368421052631,1.0,4.248495242049359
83,498.0,random_sampling,symmetric,lognormal,20,1.8,498.0,True,1.0,1.0,6.210600077024653
84,810.0,random_sampling,symmetric,lognormal,20,1.8,810.0,True,1.0,1.0,6.697034247666484
85,336.0,random_sampling,symmetric,lognormal,20,1.8,336.0,True,1.0,1.0,5.817111159963204
86,384.0,random_sampling,symmetric,lognormal,20,1.8,384.0,True,1.0,1.0,5.950642552587727
87,195.0,random_sampling,symmetric,lognormal,20,1.8,195.0,True,1.0,0.9999999999999998,5.272999558563747
88,120.0,random_sampling,symmetric,lognormal,20,1.8,120.0,True,1.0,1.0,4.787491742782046
89,425.0,random_sampling,symmetric,lognormal,20,1.8,425.0,True,0.9947368421052631,1.0,6.052089168924417
90,213.0,random_sampling,symmetric,lognormal,20,1.8,213.0,True,1.0,1.0,5.3612921657094255
91,217.0,random_sampling,symmetric,lognormal,20,1.8,217.0,True,1.0,1.0000000000000002,5.37989735354046
92,191.0,random_sampling,symmetric,lognormal,20,1.8,191.0,True,1.0,0.9999999999999998,5.25227342804663
93,1325.0,random_sampling,symmetric,lognormal,20,1.8,1325.0,True,1.0,1.0,7.1891677384203225
94,339.0,random_sampling,symmetric,lognormal,20,1.8,339.0,True,1.0,1.0,5.82600010738045
95,222.0,random_sampling,symmetric,lognormal,20,1.8,222.0,True,1.0,1.0000000000000002,5.402677381872279
96,298.0,random_sampling,symmetric,lognormal,20,1.8,298.0,True,1.0,1.0,5.697093486505405
97,766.0,random_sampling,symmetric,lognormal,20,1.8,766.0,True,0.9894736842105263,1.0000000000000002,6.641182169740591
98,643.0,random_sampling,symmetric,lognormal,20,1.8,643.0,True,1.0,0.9999999999999997,6.466144724237619
99,1177.0,random_sampling,symmetric,lognormal,20,1.8,1177.0,True,1.0,1.0,7.0707241072602764
0,151.0,random_sampling,symmetric,lognormal,20,3.0,151.0,True,1.0,1.0,5.017279836814924
1,137.0,random_sampling,symmetric,lognormal,20,3.0,137.0,True,0.9947368421052631,0.9999999999999998,4.919980925828125
2,51.0,random_sampling,symmetric,lognormal,20,3.0,51.0,True,0.9947368421052631,1.0,3.9318256327243257
3,264.0,random_sampling,symmetric,lognormal,20,3.0,264.0,True,1.0,1.0,5.575949103146316
4,140.0,random_sampling,symmetric,lognormal,20,3.0,140.0,True,1.0,1.0,4.941642422609304
5,291.0,random_sampling,symmetric,lognormal,20,3.0,291.0,True,0.9894736842105263,1.0,5.673323267171493
6,174.0,random_sampling,symmetric,lognormal,20,3.0,174.0,True,0.9894736842105263,1.0000000000000002,5.159055299214529
7,240.0,random_sampling,symmetric,lognormal,20,3.0,240.0,True,0.9842105263157894,1.0000000000000002,5.480638923341991
8,394.0,random_sampling,symmetric,lognormal,20,3.0,394.0,True,0.9894736842105263,1.0000000000000002,5.976350909297934
9,125.0,random_sampling,symmetric,lognormal,20,3.0,125.0,True,1.0,0.9999999999999998,4.8283137373023015
10,100.0,random_sampling,symmetric,lognormal,20,3.0,100.0,True,1.0,1.0,4.605170185988092
11,189.0,random_sampling,symmetric,lognormal,20,3.0,189.0,True,0.9947368421052631,1.0,5.241747015059643
12,273.0,random_sampling,symmetric,lognormal,20,3.0,273.0,True,1.0,1.0000000000000002,5.60947179518496
13,407.0,random_sampling,symmetric,lognormal,20,3.0,407.0,True,1.0,0.9999999999999998,6.008813185442595
14,148.0,random_sampling,symmetric,lognormal,20,3.0,148.0,True,1.0,1.0,4.997212273764115
15,678.0,random_sampling,symmetric,lognormal,20,3.0,678.0,True,0.9947368421052631,0.9999999999999998,6.519147287940395
16,280.0,random_sampling,symmetric,lognormal,20,3.0,280.0,True,0.9947368421052631,1.0,5.634789603169249
17,125.0,random_sampling,symmetric,lognormal,20,3.0,125.0,True,0.9947368421052631,1.0,4.8283137373023015
18,334.0,random_sampling,symmetric,lognormal,20,3.0,334.0,True,0.9947368421052631,1.0,5.811140992976701
19,1097.0,random_sampling,symmetric,lognormal,20,3.0,1097.0,True,1.0,0.9999999999999998,7.00033446027523
20,132.0,random_sampling,symmetric,lognormal,20,3.0,132.0,True,0.9947368421052631,1.0,4.882801922586371
21,740.0,random_sampling,symmetric,lognormal,20,3.0,740.0,True,0.9842105263157894,1.0000000000000002,6.606650186198215
22,93.0,random_sampling,symmetric,lognormal,20,3.0,93.0,True,1.0,1.0,4.532599493153256
23,152.0,random_sampling,symmetric,lognormal,20,3.0,152.0,True,1.0,1.0000000000000002,5.0238805208462765
24,125.0,random_sampling,symmetric,lognormal,20,3.0,125.0,True,0.9894736842105263,1.0000000000000002,4.8283137373023015
25,190.0,random_sampling,symmetric,lognormal,20,3.0,190.0,True,1.0,1.0,5.247024072160486
26,151.0,random_sampling,symmetric,lognormal,20,3.0,151.0,True,0.9894736842105263,0.9999999999999998,5.017279836814924
27,280.0,random_sampling,symmetric,lognormal,20,3.0,280.0,True,1.0,1.0000000000000002,5.634789603169249
28,279.0,random_sampling,symmetric,lognormal,20,3.0,279.0,True,0.9789473684210527,0.9999999999999998,5.631211781821365
29,116.0,random_sampling,symmetric,lognormal,20,3.0,116.0,True,1.0,1.0,4.7535901911063645
30,268.0,random_sampling,symmetric,lognormal,20,3.0,268.0,True,1.0,1.0,5.5909869805108565
31,395.0,random_sampling,symmetric,lognormal,20,3.0,395.0,True,1.0,1.0,5.978885764901122
32,269.0,random_sampling,symmetric,lognormal,20,3.0,269.0,True,0.9947368421052631,1.0,5.594711379601839
33,493.0,random_sampling,symmetric,lognormal,20,3.0,493.0,True,0.9894736842105263,0.9999999999999998,6.20050917404269
34,211.0,random_sampling,symmetric,lognormal,20,3.0,211.0,True,1.0,1.0000000000000002,5.351858133476067
35,233.0,random_sampling,symmetric,lognormal,20,3.0,233.0,True,0.9947368421052631,1.0000000000000002,5.4510384535657
36,267.0,random_sampling,symmetric,lognormal,20,3.0,267.0,True,1.0,1.0,5.58724865840025
37,174.0,random_sampling,symmetric,lognormal,20,3.0,174.0,True,0.9947368421052631,1.0,5.159055299214529
38,111.0,random_sampling,symmetric,lognormal,20,3.0,111.0,True,0.9947368421052631,0.9999999999999998,4.709530201312334
39,450.0,random_sampling,symmetric,lognormal,20,3.0,450.0,True,1.0,1.0,6.1092475827643655
40,973.0,random_sampling,symmetric,lognormal,20,3.0,973.0,True,1.0,1.0,6.880384082186005
41,147.0,random_sampling,symmetric,lognormal,20,3.0,147.0,True,1.0,0.9999999999999998,4.990432586778736
42,233.0,random_sampling,symmetric,lognormal,20,3.0,233.0,True,1.0,1.0,5.4510384535657
43,406.0,random_sampling,symmetric,lognormal,20,3.0,406.0,True,1.0,1.0,6.0063531596017325
44,183.0,random_sampling,symmetric,lognormal,20,3.0,183.0,True,1.0,1.0,5.209486152841421
45,990.0,random_sampling,symmetric,lognormal,20,3.0,990.0,True,1.0,1.0,6.897704943128636
46,399.0,random_sampling,symmetric,lognormal,20,3.0,399.0,True,1.0,0.9999999999999998,5.988961416889864
47,465.0,random_sampling,symmetric,lognormal,20,3.0,465.0,True,1.0,1.0,6.142037405587356
48,442.0,random_sampling,symmetric,lognormal,20,3.0,442.0,True,0.9947368421052631,0.9999999999999998,6.091309882077698
49,204.0,random_sampling,symmetric,lognormal,20,3.0,204.0,True,0.9894736842105263,1.0000000000000002,5.318119993844216
50,187.0,random_sampling,symmetric,lognormal,20,3.0,187.0,True,1.0,1.0,5.231108616854587
51,619.0,random_sampling,symmetric,lognormal,20,3.0,619.0,True,1.0,1.0000000000000002,6.428105272684596
52,548.0,random_sampling,symmetric,lognormal,20,3.0,548.0,True,1.0,0.9999999999999998,6.306275286948016
53,427.0,random_sampling,symmetric,lognormal,20,3.0,427.0,True,0.9947368421052631,1.0000000000000002,6.056784013228625
54,325.0,random_sampling,symmetric,lognormal,20,3.0,325.0,True,0.9894736842105263,1.0000000000000002,5.783825182329737
55,139.0,random_sampling,symmetric,lognormal,20,3.0,139.0,True,0.9947368421052631,0.9999999999999998,4.9344739331306915
56,348.0,random_sampling,symmetric,lognormal,20,3.0,348.0,True,0.9947368421052631,1.0,5.8522024797744745
57,230.0,random_sampling,symmetric,lognormal,20,3.0,230.0,True,0.9947368421052631,1.0000000000000002,5.438079308923196
58,71.0,random_sampling,symmetric,lognormal,20,3.0,71.0,True,0.9947368421052631,1.0000000000000002,4.2626798770413155
59,99.0,random_sampling,symmetric,lognormal,20,3.0,99.0,True,1.0,0.9999999999999998,4.59511985013459
60,389.0,random_sampling,symmetric,lognormal,20,3.0,389.0,True,1.0,1.0000000000000002,5.963579343618446
61,204.0,random_sampling,symmetric,lognormal,20,3.0,204.0,True,0.9947368421052631,1.0000000000000002,5.318119993844216
62,299.0,random_sampling,symmetric,lognormal,20,3.0,299.0,True,1.0,0.9999999999999998,5.700443573390687
63,106.0,random_sampling,symmetric,lognormal,20,3.0,106.0,True,0.9947368421052631,1.0,4.663439094112067
64,319.0,random_sampling,symmetric,lognormal,20,3.0,319.0,True,1.0,1.0,5.765191102784844
65,81.0,random_sampling,symmetric,lognormal,20,3.0,81.0,True,1.0,1.0,4.394449154672439
66,290.0,random_sampling,symmetric,lognormal,20,3.0,290.0,True,1.0,1.0,5.66988092298052
67,178.0,random_sampling,symmetric,lognormal,20,3.0,178.0,True,1.0,1.0,5.181783550292085
68,189.0,random_sampling,symmetric,lognormal,20,3.0,189.0,True,1.0,1.0,5.241747015059643
69,311.0,random_sampling,symmetric,lognormal,20,3.0,311.0,True,1.0,1.0000000000000002,5.739792912179234
70,92.0,random_sampling,symmetric,lognormal,20,3.0,92.0,True,1.0,1.0,4.5217885770490405
71,486.0,random_sampling,symmetric,lognormal,20,3.0,486.0,True,1.0,1.0,6.186208623900494
72,224.0,random_sampling,symmetric,lognormal,20,3.0,224.0,True,1.0,0.9999999999999998,5.4116460518550396
73,63.0,random_sampling,symmetric,lognormal,20,3.0,63.0,True,0.9947368421052631,1.0,4.143134726391533
74,282.0,random_sampling,symmetric,lognormal,20,3.0,282.0,True,1.0,1.0,5.641907070938114
75,49.0,random_sampling,symmetric,lognormal,20,3.0,49.0,True,0.9947368421052631,1.0,3.8918202981106265
76,429.0,random_sampling,symmetric,lognormal,20,3.0,429.0,True,0.9947368421052631,1.0,6.061456918928017
77,667.0,random_sampling,symmetric,lognormal,20,3.0,667.0,True,0.9894736842105263,1.0000000000000002,6.502790045915623
78,732.0,random_sampling,symmetric,lognormal,20,3.0,732.0,True,0.9947368421052631,1.0000000000000002,6.595780513961311
79,235.0,random_sampling,symmetric,lognormal,20,3.0,235.0,True,0.9947368421052631,0.9999999999999997,5.459585514144159
80,256.0,random_sampling,symmetric,lognormal,20,3.0,256.0,True,1.0,1.0,5.545177444479562
81,251.0,random_sampling,symmetric,lognormal,20,3.0,251.0,True,0.9947368421052631,0.9999999999999998,5.5254529391317835
82,483.0,random_sampling,symmetric,lognormal,20,3.0,483.0,True,1.0,1.0,6.180016653652572
83,66.0,random_sampling,symmetric,lognormal,20,3.0,66.0,True,0.9947368421052631,1.0,4.189654742026425
84,104.0,random_sampling,symmetric,lognormal,20,3.0,104.0,True,0.9947368421052631,1.0,4.6443908991413725
85,628.0,random_sampling,symmetric,lognormal,20,3.0,628.0,True,0.9947368421052631,1.0,6.4425401664681985
86,454.0,random_sampling,symmetric,lognormal,20,3.0,454.0,True,0.9947368421052631,0.9999999999999998,6.118097198041348
87,1131.0,random_sampling,symmetric,lognormal,20,3.0,1131.0,True,0.9947368421052631,0.9999999999999998,7.030857476116121
88,243.0,random_sampling,symmetric,lognormal,20,3.0,243.0,True,0.9842105263157894,1.0000000000000002,5.493061443340548
89,322.0,random_sampling,symmetric,lognormal,20,3.0,322.0,True,0.9947368421052631,1.0000000000000002,5.7745515455444085
90,187.0,random_sampling,symmetric,lognormal,20,3.0,187.0,True,0.9894736842105263,0.9999999999999998,5.231108616854587
91,262.0,random_sampling,symmetric,lognormal,20,3.0,262.0,True,0.9947368421052631,0.9999999999999998,5.568344503761097
92,159.0,random_sampling,symmetric,lognormal,20,3.0,159.0,True,0.9947368421052631,1.0,5.0689042022202315
93,385.0,random_sampling,symmetric,lognormal,20,3.0,385.0,True,0.9894736842105263,1.0,5.953243334287785
94,73.0,random_sampling,symmetric,lognormal,20,3.0,73.0,True,0.9947368421052631,1.0000000000000002,4.290459441148391
95,456.0,random_sampling,symmetric,lognormal,20,3.0,456.0,True,0.9947368421052631,1.0000000000000002,6.1224928095143865
96,351.0,random_sampling,symmetric,lognormal,20,3.0,351.0,True,1.0,1.0,5.860786223465865
97,309.0,random_sampling,symmetric,lognormal,20,3.0,309.0,True,0.9947368421052631,1.0000000000000002,5.733341276897746
98,530.0,random_sampling,symmetric,lognormal,20,3.0,530.0,True,1.0,0.9999999999999998,6.272877006546167
99,718.0,random_sampling,symmetric,lognormal,20,3.0,718.0,True,1.0,0.9999999999999998,6.576469569048224
0,327.0,random_sampling,symmetric,lognormal,20,0.4,327.0,True,0.9842105263157894,1.0,5.7899601708972535
1,550.0,random_sampling,symmetric,lognormal,20,0.4,550.0,True,1.0,1.0,6.309918278226516
2,463.0,random_sampling,symmetric,lognormal,20,0.4,463.0,True,1.0,1.0,6.137727054086234
3,427.0,random_sampling,symmetric,lognormal,20,0.4,427.0,True,1.0,1.0000000000000002,6.056784013228625
4,1238.0,random_sampling,symmetric,lognormal,20,0.4,1238.0,True,0.9947368421052631,1.0,7.121252453244542
5,570.0,random_sampling,symmetric,lognormal,20,0.4,570.0,True,0.9894736842105263,1.0,6.345636360828596
6,5807.0,random_sampling,symmetric,lognormal,20,0.4,5807.0,True,1.0,1.0,8.66681936537205
7,2234.0,random_sampling,symmetric,lognormal,20,0.4,2234.0,True,1.0,1.0,7.711548979629146
8,507.0,random_sampling,symmetric,lognormal,20,0.4,507.0,True,0.9894736842105263,1.0,6.2285110035911835
9,814.0,random_sampling,symmetric,lognormal,20,0.4,814.0,True,0.9947368421052631,1.0,6.70196036600254
10,212.0,random_sampling,symmetric,lognormal,20,0.4,212.0,True,1.0,1.0000000000000004,5.356586274672012
11,1656.0,random_sampling,symmetric,lognormal,20,0.4,1656.0,True,0.9947368421052631,0.9999999999999998,7.412160334945205
12,429.0,random_sampling,symmetric,lognormal,20,0.4,429.0,True,0.9947368421052631,1.0,6.061456918928017
13,873.0,random_sampling,symmetric,lognormal,20,0.4,873.0,True,0.9947368421052631,0.9999999999999998,6.771935555839602
14,267.0,random_sampling,symmetric,lognormal,20,0.4,267.0,True,1.0,1.0,5.58724865840025
15,956.0,random_sampling,symmetric,lognormal,20,0.4,956.0,True,0.9947368421052631,1.0,6.862757913051401
16,226.0,random_sampling,symmetric,lognormal,20,0.4,226.0,True,1.0,0.9999999999999998,5.420534999272286
17,1415.0,random_sampling,symmetric,lognormal,20,0.4,1415.0,True,0.9894736842105263,1.0,7.254884810077338
18,612.0,random_sampling,symmetric,lognormal,20,0.4,612.0,True,1.0,1.0,6.416732282512326
19,506.0,random_sampling,symmetric,lognormal,20,0.4,506.0,True,0.9789473684210527,1.0,6.226536669287466
20,535.0,random_sampling,symmetric,lognormal,20,0.4,535.0,True,1.0,1.0000000000000002,6.282266746896006
21,451.0,random_sampling,symmetric,lognormal,20,0.4,451.0,True,1.0,1.0000000000000004,6.111467339502679
22,311.0,random_sampling,symmetric,lognormal,20,0.4,311.0,True,1.0,1.0000000000000002,5.739792912179234
23,764.0,random_sampling,symmetric,lognormal,20,0.4,764.0,True,1.0,1.0,6.638567789166521
24,717.0,random_sampling,symmetric,lognormal,20,0.4,717.0,True,1.0,1.0000000000000002,6.57507584059962
25,2840.0,random_sampling,symmetric,lognormal,20,0.4,2840.0,True,0.9947368421052631,1.0,7.951559331155252
26,642.0,random_sampling,symmetric,lognormal,20,0.4,642.0,True,1.0,1.0,6.464588303689961
27,325.0,random_sampling,symmetric,lognormal,20,0.4,325.0,True,0.9947368421052631,1.0,5.783825182329737
28,537.0,random_sampling,symmetric,lognormal,20,0.4,537.0,True,0.9947368421052631,0.9999999999999998,6.285998094508865
29,449.0,random_sampling,symmetric,lognormal,20,0.4,449.0,True,1.0,1.0000000000000002,6.1070228877422545
30,826.0,random_sampling,symmetric,lognormal,20,0.4,826.0,True,1.0,1.0,6.716594773520978
31,412.0,random_sampling,symmetric,lognormal,20,0.4,412.0,True,1.0,0.9999999999999998,6.021023349349527
32,1906.0,random_sampling,symmetric,lognormal,20,0.4,1906.0,True,1.0,1.0,7.552762084214147
33,389.0,random_sampling,symmetric,lognormal,20,0.4,389.0,True,1.0,1.0,5.963579343618446
34,457.0,random_sampling,symmetric,lognormal,20,0.4,457.0,True,1.0,1.0,6.124683390894205
35,1257.0,random_sampling,symmetric,lognormal,20,0.4,1257.0,True,1.0,1.0000000000000004,7.136483208590247
36,681.0,random_sampling,symmetric,lognormal,20,0.4,681.0,True,0.9947368421052631,0.9999999999999998,6.523562306149512
37,414.0,random_sampling,symmetric,lognormal,20,0.4,414.0,True,0.9894736842105263,1.0000000000000002,6.025865973825314
38,399.0,random_sampling,symmetric,lognormal,20,0.4,399.0,True,1.0,1.0000000000000002,5.988961416889864
39,119.0,random_sampling,symmetric,lognormal,20,0.4,119.0,True,1.0,0.9999999999999998,4.77912349311153
40,845.0,random_sampling,symmetric,lognormal,20,0.4,845.0,True,1.0,1.0,6.739336627357174
41,1937.0,random_sampling,symmetric,lognormal,20,0.4,1937.0,True,1.0,1.0,7.5688956634069955
42,781.0,random_sampling,symmetric,lognormal,20,0.4,781.0,True,0.9947368421052631,0.9999999999999998,6.660575149839686
43,485.0,random_sampling,symmetric,lognormal,20,0.4,485.0,True,1.0,1.0000000000000002,6.184148890937483
44,659.0,random_sampling,symmetric,lognormal,20,0.4,659.0,True,0.9894736842105263,1.0,6.490723534502507
45,612.0,random_sampling,symmetric,lognormal,20,0.4,612.0,True,0.9894736842105263,0.9999999999999998,6.416732282512326
46,269.0,random_sampling,symmetric,lognormal,20,0.4,269.0,True,1.0,0.9999999999999998,5.594711379601839
47,1421.0,random_sampling,symmetric,lognormal,20,0.4,1421.0,True,1.0,1.0,7.259116128097101
48,572.0,random_sampling,symmetric,lognormal,20,0.4,572.0,True,0.9894736842105263,0.9999999999999998,6.349138991379798
49,307.0,random_sampling,symmetric,lognormal,20,0.4,307.0,True,0.9947368421052631,1.0,5.726847747587197
50,491.0,random_sampling,symmetric,lognormal,20,0.4,491.0,True,0.9947368421052631,1.0000000000000002,6.19644412779452
51,2955.0,random_sampling,symmetric,lognormal,20,0.4,2955.0,True,0.9947368421052631,1.0,7.991253929840199
52,993.0,random_sampling,symmetric,lognormal,20,0.4,993.0,True,0.9947368421052631,1.0,6.900730664045173
53,401.0,random_sampling,symmetric,lognormal,20,0.4,401.0,True,0.9842105263157894,1.0,5.993961427306569
54,1071.0,random_sampling,symmetric,lognormal,20,0.4,1071.0,True,1.0,1.0000000000000002,6.976348070447749
55,356.0,random_sampling,symmetric,lognormal,20,0.4,356.0,True,1.0,1.0000000000000002,5.87493073085203
56,502.0,random_sampling,symmetric,lognormal,20,0.4,502.0,True,0.9947368421052631,1.0,6.218600119691729
57,494.0,random_sampling,symmetric,lognormal,20,0.4,494.0,True,1.0,1.0,6.202535517187923
58,1403.0,random_sampling,symmetric,lognormal,20,0.4,1403.0,True,1.0,1.0,7.246368080102461
59,2313.0,random_sampling,symmetric,lognormal,20,0.4,2313.0,True,1.0,1.0,7.746300662231439
60,3236.0,random_sampling,symmetric,lognormal,20,0.4,3236.0,True,1.0,0.9999999999999997,8.082093278178382
61,250.0,random_sampling,symmetric,lognormal,20,0.4,250.0,True,0.9947368421052631,1.0,5.521460917862246
62,228.0,random_sampling,symmetric,lognormal,20,0.4,228.0,True,1.0,0.9999999999999998,5.429345628954441
63,1109.0,random_sampling,symmetric,lognormal,20,0.4,1109.0,True,0.9894736842105263,1.0,7.011213987350367
64,740.0,random_sampling,symmetric,lognormal,20,0.4,740.0,True,1.0,0.9999999999999998,6.606650186198215
65,564.0,random_sampling,symmetric,lognormal,20,0.4,564.0,True,1.0,1.0,6.335054251498059
66,1415.0,random_sampling,symmetric,lognormal,20,0.4,1415.0,True,0.9947368421052631,1.0,7.254884810077338
67,4232.0,random_sampling,symmetric,lognormal,20,0.4,4232.0,True,1.0,0.9999999999999998,8.350429973538136
68,893.0,random_sampling,symmetric,lognormal,20,0.4,893.0,True,1.0,0.9999999999999998,6.794586580876499
69,459.0,random_sampling,symmetric,lognormal,20,0.4,459.0,True,1.0,1.0,6.129050210060545
70,185.0,random_sampling,symmetric,lognormal,20,0.4,185.0,True,1.0,1.0000000000000002,5.220355825078324
71,591.0,random_sampling,symmetric,lognormal,20,0.4,591.0,True,0.9947368421052631,1.0,6.3818160174060985
72,327.0,random_sampling,symmetric,lognormal,20,0.4,327.0,True,1.0,1.0,5.7899601708972535
73,726.0,random_sampling,symmetric,lognormal,20,0.4,726.0,True,1.0,1.0000000000000002,6.587550014824796
74,597.0,random_sampling,symmetric,lognormal,20,0.4,597.0,True,1.0,1.0,6.391917113392602
75,848.0,random_sampling,symmetric,lognormal,20,0.4,848.0,True,1.0,0.9999999999999998,6.742880635791903
76,212.0,random_sampling,symmetric,lognormal,20,0.4,212.0,True,1.0,0.9999999999999998,5.356586274672012
77,606.0,random_sampling,symmetric,lognormal,20,0.4,606.0,True,1.0,1.0000000000000002,6.406879986069314
78,908.0,random_sampling,symmetric,lognormal,20,0.4,908.0,True,0.9947368421052631,0.9999999999999998,6.811244378601294
79,2292.0,random_sampling,symmetric,lognormal,20,0.4,2292.0,True,0.9947368421052631,1.0000000000000002,7.73718007783463
80,126.0,random_sampling,symmetric,lognormal,20,0.4,126.0,True,1.0,1.0,4.836281906951478
81,1067.0,random_sampling,symmetric,lognormal,20,0.4,1067.0,True,1.0,1.0,6.9726062513017535
82,1417.0,random_sampling,symmetric,lognormal,20,0.4,1417.0,True,0.9947368421052631,1.0,7.256297239690681
83,1352.0,random_sampling,symmetric,lognormal,20,0.4,1352.0,True,0.9947368421052631,1.0000000000000004,7.20934025660291
84,538.0,random_sampling,symmetric,lognormal,20,0.4,538.0,True,0.9947368421052631,0.9999999999999998,6.2878585601617845
85,2015.0,random_sampling,symmetric,lognormal,20,0.4,2015.0,True,0.9947368421052631,1.0,7.608374474380783
86,502.0,random_sampling,symmetric,lognormal,20,0.4,502.0,True,0.9947368421052631,1.0,6.218600119691729
87,97.0,random_sampling,symmetric,lognormal,20,0.4,97.0,True,1.0,1.0,4.574710978503383
88,2714.0,random_sampling,symmetric,lognormal,20,0.4,2714.0,True,1.0,1.0,7.906178840394815
89,661.0,random_sampling,symmetric,lognormal,20,0.4,661.0,True,0.9947368421052631,0.9999999999999998,6.493753839851686
90,418.0,random_sampling,symmetric,lognormal,20,0.4,418.0,True,0.9789473684210527,0.9999999999999998,6.035481432524756
91,931.0,random_sampling,symmetric,lognormal,20,0.4,931.0,True,0.9947368421052631,0.9999999999999998,6.836259277277067
92,770.0,random_sampling,symmetric,lognormal,20,0.4,770.0,True,0.9947368421052631,1.0,6.646390514847729
93,431.0,random_sampling,symmetric,lognormal,20,0.4,431.0,True,1.0,1.0,6.066108090103747
94,261.0,random_sampling,symmetric,lognormal,20,0.4,261.0,True,1.0,1.0000000000000002,5.564520407322694
95,445.0,random_sampling,symmetric,lognormal,20,0.4,445.0,True,0.9947368421052631,1.0000000000000002,6.09807428216624
96,1150.0,random_sampling,symmetric,lognormal,20,0.4,1150.0,True,0.9947368421052631,0.9999999999999998,7.047517221357296
97,739.0,random_sampling,symmetric,lognormal,20,0.4,739.0,True,0.9947368421052631,1.0,6.6052979209482015
98,793.0,random_sampling,symmetric,lognormal,20,0.4,793.0,True,0.9947368421052631,1.0,6.675823221634848
99,1338.0,random_sampling,symmetric,lognormal,20,0.4,1338.0,True,1.0,1.0000000000000002,7.198931240688173
0,1571.0,random_sampling,symmetric,lognormal,30,3.8,1571.0,True,0.9747126436781609,1.0000000000000002,7.359467638255621
1,3299.0,random_sampling,symmetric,lognormal,30,3.8,3299.0,True,0.9839080459770115,1.0,8.101374671228582
2,2162.0,random_sampling,symmetric,lognormal,30,3.8,2162.0,True,0.9793103448275862,1.0000000000000002,7.6787889981991535
3,12984.0,random_sampling,symmetric,lognormal,30,3.8,12984.0,True,0.9724137931034482,1.0000000000000002,9.471473109194427
4,657.0,random_sampling,symmetric,lognormal,30,3.8,657.0,True,0.9793103448275862,1.0,6.48768401848461
5,6457.0,random_sampling,symmetric,lognormal,30,3.8,6457.0,True,0.9862068965517241,1.0000000000000002,8.772920092626467
6,6536.0,random_sampling,symmetric,lognormal,30,3.8,6536.0,True,0.9885057471264368,1.0,8.785080636539838
7,1169.0,random_sampling,symmetric,lognormal,30,3.8,1169.0,True,0.9885057471264368,0.9999999999999999,7.063903961472068
8,3181.0,random_sampling,symmetric,lognormal,30,3.8,3181.0,True,0.9816091954022989,1.0,8.064950891749143
9,1309.0,random_sampling,symmetric,lognormal,30,3.8,1309.0,True,0.9747126436781609,0.9999999999999999,7.1770187659099
10,2497.0,random_sampling,symmetric,lognormal,30,3.8,2497.0,True,0.9977011494252873,1.0000000000000002,7.822845290279774
11,1450.0,random_sampling,symmetric,lognormal,30,3.8,1450.0,True,0.9747126436781609,1.0000000000000002,7.27931883541462
12,915.0,random_sampling,symmetric,lognormal,30,3.8,915.0,True,0.967816091954023,1.0000000000000002,6.818924065275521
13,1323.0,random_sampling,symmetric,lognormal,30,3.8,1323.0,True,0.9770114942528736,1.0,7.187657164114956
14,274.0,random_sampling,symmetric,lognormal,30,3.8,274.0,True,0.9885057471264368,0.9999999999999999,5.6131281063880705
15,2838.0,random_sampling,symmetric,lognormal,30,3.8,2838.0,True,0.9885057471264368,1.0000000000000002,7.950854857719988
16,1337.0,random_sampling,symmetric,lognormal,30,3.8,1337.0,True,0.9701149425287356,1.0,7.198183577101943
17,3194.0,random_sampling,symmetric,lognormal,30,3.8,3194.0,True,0.9816091954022989,0.9999999999999999,8.069029328774958
18,799.0,random_sampling,symmetric,lognormal,30,3.8,799.0,True,0.9793103448275862,1.0000000000000002,6.683360945766275
19,6327.0,random_sampling,symmetric,lognormal,30,3.8,6327.0,True,0.9885057471264368,1.0000000000000002,8.752581469146884
20,15075.0,random_sampling,symmetric,lognormal,30,3.8,15075.0,True,0.9793103448275862,1.0,9.620793021595386
21,2591.0,random_sampling,symmetric,lognormal,30,3.8,2591.0,True,0.9655172413793104,1.0000000000000002,7.85979918056211
22,1501.0,random_sampling,symmetric,lognormal,30,3.8,1501.0,True,0.9632183908045977,1.0,7.313886831633462
23,4199.0,random_sampling,symmetric,lognormal,30,3.8,4199.0,True,0.9816091954022989,1.0,8.342601680684194
24,292.0,random_sampling,symmetric,lognormal,30,3.8,292.0,True,0.9793103448275862,1.0,5.676753802268282
25,2804.0,random_sampling,symmetric,lognormal,30,3.8,2804.0,True,0.9793103448275862,1.0,7.938802248154481
26,1410.0,random_sampling,symmetric,lognormal,30,3.8,1410.0,True,0.9770114942528736,1.0,7.251344983372214
27,773.0,random_sampling,symmetric,lognormal,30,3.8,773.0,True,0.9816091954022989,1.0000000000000002,6.650279048587422
28,6045.0,random_sampling,symmetric,lognormal,30,3.8,6045.0,True,0.9701149425287356,1.0,8.706986763048892
29,711.0,random_sampling,symmetric,lognormal,30,3.8,711.0,True,0.9724137931034482,0.9999999999999999,6.566672429803241
30,1382.0,random_sampling,symmetric,lognormal,30,3.8,1382.0,True,0.9747126436781609,0.9999999999999998,7.231287004327616
31,3073.0,random_sampling,symmetric,lognormal,30,3.8,3073.0,True,0.9793103448275862,1.0,8.030409562130485
32,561.0,random_sampling,symmetric,lognormal,30,3.8,561.0,True,0.9793103448275862,1.0000000000000002,6.329720905522696
33,4577.0,random_sampling,symmetric,lognormal,30,3.8,4577.0,True,0.9816091954022989,1.0000000000000002,8.428799040653642
34,5813.0,random_sampling,symmetric,lognormal,30,3.8,5813.0,True,0.9816091954022989,1.0000000000000002,8.66785206770135
35,817.0,random_sampling,symmetric,lognormal,30,3.8,817.0,True,0.967816091954023,1.0,6.705639094860003
36,965.0,random_sampling,symmetric,lognormal,30,3.8,965.0,True,0.9747126436781609,1.0,6.872128101338986
37,2009.0,random_sampling,symmetric,lognormal,30,3.8,2009.0,True,0.9655172413793104,1.0,7.605392364814935
38,218.0,random_sampling,symmetric,lognormal,30,3.8,218.0,True,0.9770114942528736,1.0,5.384495062789089
39,3761.0,random_sampling,symmetric,lognormal,30,3.8,3761.0,True,0.9655172413793104,1.0000000000000002,8.232440158470336
40,473.0,random_sampling,symmetric,lognormal,30,3.8,473.0,True,0.9885057471264368,0.9999999999999999,6.159095388491933
41,10674.0,random_sampling,symmetric,lognormal,30,3.8,10674.0,True,0.967816091954023,1.0,9.27556615689389
42,1404.0,random_sampling,symmetric,lognormal,30,3.8,1404.0,True,0.9793103448275862,1.0,7.247080584585756
43,223.0,random_sampling,symmetric,lognormal,30,3.8,223.0,True,0.9885057471264368,0.9999999999999999,5.407171771460119
44,3653.0,random_sampling,symmetric,lognormal,30,3.8,3653.0,True,0.993103448275862,1.0,8.203304026795282
45,2749.0,random_sampling,symmetric,lognormal,30,3.8,2749.0,True,0.9540229885057471,1.0,7.918992488165245
46,657.0,random_sampling,symmetric,lognormal,30,3.8,657.0,True,0.960919540229885,1.0,6.48768401848461
47,3549.0,random_sampling,symmetric,lognormal,30,3.8,3549.0,True,0.9816091954022989,0.9999999999999999,8.174421152646497
48,1294.0,random_sampling,symmetric,lognormal,30,3.8,1294.0,True,0.9701149425287356,1.0,7.165493475060845
49,539.0,random_sampling,symmetric,lognormal,30,3.8,539.0,True,0.9862068965517241,1.0000000000000002,6.289715570908998
50,9200.0,random_sampling,symmetric,lognormal,30,3.8,9200.0,True,0.9793103448275862,1.0,9.126958763037132
51,582.0,random_sampling,symmetric,lognormal,30,3.8,582.0,True,0.9839080459770115,0.9999999999999999,6.366470447731438
52,2447.0,random_sampling,symmetric,lognormal,30,3.8,2447.0,True,0.9586206896551724,1.0,7.802618063442671
53,619.0,random_sampling,symmetric,lognormal,30,3.8,619.0,True,0.9770114942528736,1.0,6.428105272684596
54,1724.0,random_sampling,symmetric,lognormal,30,3.8,1724.0,True,0.9839080459770115,1.0,7.452402451223638
55,6300.0,random_sampling,symmetric,lognormal,30,3.8,6300.0,True,0.9816091954022989,1.0,8.748304912379623
56,4099.0,random_sampling,symmetric,lognormal,30,3.8,4099.0,True,0.9839080459770115,1.0000000000000002,8.318498320504338
57,306.0,random_sampling,symmetric,lognormal,30,3.8,306.0,True,0.9816091954022989,1.0,5.723585101952381
58,1816.0,random_sampling,symmetric,lognormal,30,3.8,1816.0,True,0.9908045977011494,0.9999999999999999,7.504391559161238
59,3206.0,random_sampling,symmetric,lognormal,30,3.8,3206.0,True,0.9862068965517241,1.0000000000000002,8.072779333169498
60,1012.0,random_sampling,symmetric,lognormal,30,3.8,1012.0,True,0.9770114942528736,1.0000000000000002,6.919683849847411
61,999.0,random_sampling,symmetric,lognormal,30,3.8,999.0,True,0.9885057471264368,1.0,6.906754778648554
62,879.0,random_sampling,symmetric,lognormal,30,3.8,879.0,True,0.967816091954023,1.0000000000000002,6.778784897685177
63,1074.0,random_sampling,symmetric,lognormal,30,3.8,1074.0,True,0.9747126436781609,1.0000000000000002,6.97914527506881
64,3565.0,random_sampling,symmetric,lognormal,30,3.8,3565.0,True,0.9632183908045977,1.0,8.178919332848396
65,1951.0,random_sampling,symmetric,lognormal,30,3.8,1951.0,True,0.9632183908045977,1.0,7.576097340623111
66,885.0,random_sampling,symmetric,lognormal,30,3.8,885.0,True,0.9770114942528736,1.0,6.785587645007929
67,3581.0,random_sampling,symmetric,lognormal,30,3.8,3581.0,True,0.9839080459770115,1.0000000000000002,8.183397369998433
68,880.0,random_sampling,symmetric,lognormal,30,3.8,880.0,True,0.967816091954023,1.0000000000000002,6.779921907472252
69,1753.0,random_sampling,symmetric,lognormal,30,3.8,1753.0,True,0.967816091954023,0.9999999999999999,7.469083884921234
70,2266.0,random_sampling,symmetric,lognormal,30,3.8,2266.0,True,0.9816091954022989,1.0,7.725771441587952
71,1193.0,random_sampling,symmetric,lognormal,30,3.8,1193.0,True,0.9816091954022989,0.9999999999999999,7.084226422097916
72,1477.0,random_sampling,symmetric,lognormal,30,3.8,1477.0,True,0.9885057471264368,0.9999999999999999,7.29776828253138
73,765.0,random_sampling,symmetric,lognormal,30,3.8,765.0,True,0.9885057471264368,0.9999999999999999,6.639875833826536
74,734.0,random_sampling,symmetric,lognormal,30,3.8,734.0,True,0.9816091954022989,1.0000000000000002,6.598509028614515
75,13860.0,random_sampling,symmetric,lognormal,30,3.8,13860.0,True,0.9517241379310345,1.0000000000000002,9.536762272743895
76,3837.0,random_sampling,symmetric,lognormal,30,3.8,3837.0,True,0.9563218390804598,0.9999999999999999,8.252446090246952
77,3328.0,random_sampling,symmetric,lognormal,30,3.8,3328.0,True,0.9793103448275862,1.0,8.1101268019411
78,1098.0,random_sampling,symmetric,lognormal,30,3.8,1098.0,True,0.9793103448275862,1.0,7.001245622069476
79,12543.0,random_sampling,symmetric,lognormal,30,3.8,12543.0,True,0.993103448275862,0.9999999999999999,9.436918020024674
80,1576.0,random_sampling,symmetric,lognormal,30,3.8,1576.0,True,0.9862068965517241,1.0000000000000002,7.362645270417825
81,1887.0,random_sampling,symmetric,lognormal,30,3.8,1887.0,True,0.9839080459770115,1.0,7.54274354536855
82,1500.0,random_sampling,symmetric,lognormal,30,3.8,1500.0,True,0.9816091954022989,0.9999999999999999,7.313220387090301
83,6165.0,random_sampling,symmetric,lognormal,30,3.8,6165.0,True,0.9885057471264368,1.0000000000000004,8.726643415598444
84,25095.0,random_sampling,symmetric,lognormal,30,3.8,25095.0,True,0.9770114942528736,1.0,10.130423902089033
85,615.0,random_sampling,symmetric,lognormal,30,3.8,615.0,True,0.9908045977011494,1.0,6.421622267806518
86,10084.0,random_sampling,symmetric,lognormal,30,3.8,10084.0,True,0.9885057471264368,0.9999999999999999,9.218705288307811
87,1223.0,random_sampling,symmetric,lognormal,30,3.8,1223.0,True,0.967816091954023,0.9999999999999999,7.109062135687172
88,8117.0,random_sampling,symmetric,lognormal,30,3.8,8117.0,True,0.9793103448275862,1.0000000000000004,9.001715906761175
89,5841.0,random_sampling,symmetric,lognormal,30,3.8,5841.0,True,0.9770114942528736,1.0000000000000002,8.67265729404031
90,960.0,random_sampling,symmetric,lognormal,30,3.8,960.0,True,0.9770114942528736,1.0,6.866933284461882
91,4135.0,random_sampling,symmetric,lognormal,30,3.8,4135.0,True,0.9747126436781609,1.0000000000000002,8.327242607457793
92,1616.0,random_sampling,symmetric,lognormal,30,3.8,1616.0,True,0.9816091954022989,0.9999999999999999,7.38770923908104
93,1364.0,random_sampling,symmetric,lognormal,30,3.8,1364.0,True,0.9816091954022989,1.0000000000000002,7.218176838403408
94,1319.0,random_sampling,symmetric,lognormal,30,3.8,1319.0,True,0.9839080459770115,1.0,7.1846291527173145
95,2370.0,random_sampling,symmetric,lognormal,30,3.8,2370.0,True,0.9770114942528736,1.0,7.7706452341291765
96,2006.0,random_sampling,symmetric,lognormal,30,3.8,2006.0,True,0.967816091954023,1.0000000000000002,7.603897968521881
97,163.0,random_sampling,symmetric,lognormal,30,3.8,163.0,True,0.9793103448275862,1.0000000000000002,5.093750200806762
98,3144.0,random_sampling,symmetric,lognormal,30,3.8,3144.0,True,0.9839080459770115,1.0,8.053251153549096
99,937.0,random_sampling,symmetric,lognormal,30,3.8,937.0,True,0.9770114942528736,0.9999999999999999,6.842683282238422
0,863.0,random_sampling,symmetric,lognormal,30,3.6,863.0,True,0.9885057471264368,1.0,6.760414691083428
1,2742.0,random_sampling,symmetric,lognormal,30,3.6,2742.0,True,0.9655172413793104,1.0,7.91644286012226
2,1248.0,random_sampling,symmetric,lognormal,30,3.6,1248.0,True,0.9770114942528736,0.9999999999999998,7.129297548929373
3,1800.0,random_sampling,symmetric,lognormal,30,3.6,1800.0,True,0.9908045977011494,0.9999999999999999,7.495541943884256
4,2939.0,random_sampling,symmetric,lognormal,30,3.6,2939.0,True,0.9655172413793104,1.0,7.985824666418917
5,1350.0,random_sampling,symmetric,lognormal,30,3.6,1350.0,True,0.9724137931034482,1.0,7.2078598714324755
6,9938.0,random_sampling,symmetric,lognormal,30,3.6,9938.0,True,0.9770114942528736,1.0,9.204121072162266
7,942.0,random_sampling,symmetric,lognormal,30,3.6,942.0,True,0.9724137931034482,1.0,6.848005274576363
8,1112.0,random_sampling,symmetric,lognormal,30,3.6,1112.0,True,0.9770114942528736,1.0,7.013915474810528
9,1776.0,random_sampling,symmetric,lognormal,30,3.6,1776.0,True,0.9724137931034482,0.9999999999999999,7.4821189235521155
10,501.0,random_sampling,symmetric,lognormal,30,3.6,501.0,True,0.9816091954022989,0.9999999999999999,6.2166061010848646
11,1575.0,random_sampling,symmetric,lognormal,30,3.6,1575.0,True,0.9862068965517241,0.9999999999999998,7.362010551259734
12,358.0,random_sampling,symmetric,lognormal,30,3.6,358.0,True,0.9839080459770115,1.0,5.8805329864007
13,6408.0,random_sampling,symmetric,lognormal,30,3.6,6408.0,True,0.9816091954022989,1.0,8.765302488748196
14,3362.0,random_sampling,symmetric,lognormal,30,3.6,3362.0,True,0.9724137931034482,1.0,8.120291313968561
15,4233.0,random_sampling,symmetric,lognormal,30,3.6,4233.0,True,0.9862068965517241,1.0,8.350666240520924
16,5547.0,random_sampling,symmetric,lognormal,30,3.6,5547.0,True,0.9862068965517241,1.0000000000000002,8.621012520055235
17,1917.0,random_sampling,symmetric,lognormal,30,3.6,1917.0,True,0.9793103448275862,1.0000000000000002,7.558516743045645
18,990.0,random_sampling,symmetric,lognormal,30,3.6,990.0,True,0.9747126436781609,1.0000000000000002,6.897704943128636
19,1336.0,random_sampling,symmetric,lognormal,30,3.6,1336.0,True,0.9885057471264368,1.0,7.197435354096591
20,1471.0,random_sampling,symmetric,lognormal,30,3.6,1471.0,True,0.9770114942528736,0.9999999999999999,7.293697720601438
21,1962.0,random_sampling,symmetric,lognormal,30,3.6,1962.0,True,0.9862068965517241,1.0000000000000002,7.581719640125308
22,2341.0,random_sampling,symmetric,lognormal,30,3.6,2341.0,True,0.9839080459770115,1.0000000000000002,7.75833346749091
23,8779.0,random_sampling,symmetric,lognormal,30,3.6,8779.0,True,0.9862068965517241,0.9999999999999999,9.080117784926209
24,3621.0,random_sampling,symmetric,lognormal,30,3.6,3621.0,True,0.9908045977011494,1.0,8.19450550976564
25,455.0,random_sampling,symmetric,lognormal,30,3.6,455.0,True,0.9816091954022989,0.9999999999999999,6.12029741895095
26,2744.0,random_sampling,symmetric,lognormal,30,3.6,2744.0,True,0.9701149425287356,0.9999999999999999,7.917171988845776
27,2625.0,random_sampling,symmetric,lognormal,30,3.6,2625.0,True,0.9770114942528736,1.0,7.872836175025724
28,3490.0,random_sampling,symmetric,lognormal,30,3.6,3490.0,True,0.9816091954022989,0.9999999999999998,8.157657015196472
29,1172.0,random_sampling,symmetric,lognormal,30,3.6,1172.0,True,0.9839080459770115,1.0000000000000002,7.066466970136958
30,2485.0,random_sampling,symmetric,lognormal,30,3.6,2485.0,True,0.9816091954022989,0.9999999999999999,7.818027938530729
31,24538.0,random_sampling,symmetric,lognormal,30,3.6,24538.0,True,0.9908045977011494,0.9999999999999999,10.107978215351128
32,2221.0,random_sampling,symmetric,lognormal,30,3.6,2221.0,True,0.9862068965517241,1.0,7.7057128238944275
33,1195.0,random_sampling,symmetric,lognormal,30,3.6,1195.0,True,0.9862068965517241,1.0,7.085901464365611
34,1536.0,random_sampling,symmetric,lognormal,30,3.6,1536.0,True,0.9839080459770115,1.0000000000000002,7.336936913707618
35,4954.0,random_sampling,symmetric,lognormal,30,3.6,4954.0,True,0.993103448275862,1.0000000000000002,8.507950610049305
36,3012.0,random_sampling,symmetric,lognormal,30,3.6,3012.0,True,0.9908045977011494,1.0000000000000002,8.010359588919783
37,3620.0,random_sampling,symmetric,lognormal,30,3.6,3620.0,True,0.9862068965517241,1.0000000000000002,8.194229304819817
38,2479.0,random_sampling,symmetric,lognormal,30,3.6,2479.0,True,0.9862068965517241,1.0,7.8156105320351905
39,5598.0,random_sampling,symmetric,lognormal,30,3.6,5598.0,True,0.9839080459770115,1.0,8.630164670075398
40,1315.0,random_sampling,symmetric,lognormal,30,3.6,1315.0,True,0.9816091954022989,1.0,7.181591944611865
41,1077.0,random_sampling,symmetric,lognormal,30,3.6,1077.0,True,0.993103448275862,1.0000000000000002,6.981934677156389
42,2387.0,random_sampling,symmetric,lognormal,30,3.6,2387.0,True,0.9793103448275862,1.0000000000000002,7.77779262633883
43,2674.0,random_sampling,symmetric,lognormal,30,3.6,2674.0,True,0.967816091954023,1.0000000000000002,7.891330757661889
44,1548.0,random_sampling,symmetric,lognormal,30,3.6,1548.0,True,0.9839080459770115,0.9999999999999999,7.344719054149673
45,1856.0,random_sampling,symmetric,lognormal,30,3.6,1856.0,True,0.9885057471264368,1.0,7.526178913346146
46,3079.0,random_sampling,symmetric,lognormal,30,3.6,3079.0,True,0.9885057471264368,1.0000000000000002,8.0323601479245
47,2869.0,random_sampling,symmetric,lognormal,30,3.6,2869.0,True,0.9885057471264368,0.9999999999999999,7.9617188159813645
48,4683.0,random_sampling,symmetric,lognormal,30,3.6,4683.0,True,0.967816091954023,0.9999999999999998,8.451694209183541
49,4078.0,random_sampling,symmetric,lognormal,30,3.6,4078.0,True,0.9770114942528736,1.0000000000000002,8.3133619511344
50,5221.0,random_sampling,symmetric,lognormal,30,3.6,5221.0,True,0.9816091954022989,0.9999999999999999,8.560444233410552
51,1397.0,random_sampling,symmetric,lognormal,30,3.6,1397.0,True,0.9862068965517241,1.0000000000000002,7.242082359256962
52,2624.0,random_sampling,symmetric,lognormal,30,3.6,2624.0,True,0.9816091954022989,1.0,7.8724551500639794
53,887.0,random_sampling,symmetric,lognormal,30,3.6,887.0,True,0.9885057471264368,0.9999999999999998,6.787844982309579
54,3624.0,random_sampling,symmetric,lognormal,30,3.6,3624.0,True,0.9885057471264368,0.9999999999999998,8.19533366716287
55,3935.0,random_sampling,symmetric,lognormal,30,3.6,3935.0,True,0.9885057471264368,0.9999999999999999,8.277666160851503
56,967.0,random_sampling,symmetric,lognormal,30,3.6,967.0,True,0.9770114942528736,0.9999999999999999,6.874198495453294
57,3301.0,random_sampling,symmetric,lognormal,30,3.6,3301.0,True,0.9816091954022989,1.0000000000000002,8.101980731853192
58,582.0,random_sampling,symmetric,lognormal,30,3.6,582.0,True,0.9885057471264368,0.9999999999999998,6.366470447731438
59,11669.0,random_sampling,symmetric,lognormal,30,3.6,11669.0,True,0.9816091954022989,1.0000000000000002,9.364691031806107
60,2106.0,random_sampling,symmetric,lognormal,30,3.6,2106.0,True,0.9770114942528736,1.0,7.652545692693921
61,445.0,random_sampling,symmetric,lognormal,30,3.6,445.0,True,0.9908045977011494,0.9999999999999999,6.09807428216624
62,588.0,random_sampling,symmetric,lognormal,30,3.6,588.0,True,0.9839080459770115,0.9999999999999998,6.376726947898627
63,800.0,random_sampling,symmetric,lognormal,30,3.6,800.0,True,0.9770114942528736,1.0,6.684611727667927
64,8155.0,random_sampling,symmetric,lognormal,30,3.6,8155.0,True,0.9885057471264368,1.0,9.006386515055114
65,2729.0,random_sampling,symmetric,lognormal,30,3.6,2729.0,True,0.9816091954022989,1.0000000000000002,7.911690520708339
66,12150.0,random_sampling,symmetric,lognormal,30,3.6,12150.0,True,0.9816091954022989,0.9999999999999999,9.405084448768694
67,487.0,random_sampling,symmetric,lognormal,30,3.6,487.0,True,0.9908045977011494,0.9999999999999999,6.18826412308259
68,6323.0,random_sampling,symmetric,lognormal,30,3.6,6323.0,True,0.9908045977011494,0.9999999999999999,8.751949058058614
69,1460.0,random_sampling,symmetric,lognormal,30,3.6,1460.0,True,0.9793103448275862,1.0000000000000002,7.286191714702382
70,9294.0,random_sampling,symmetric,lognormal,30,3.6,9294.0,True,0.9747126436781609,0.9999999999999999,9.137124309644923
71,1475.0,random_sampling,symmetric,lognormal,30,3.6,1475.0,True,0.9816091954022989,0.9999999999999999,7.29641326877392
72,712.0,random_sampling,symmetric,lognormal,30,3.6,712.0,True,0.993103448275862,0.9999999999999998,6.568077911411976
73,3073.0,random_sampling,symmetric,lognormal,30,3.6,3073.0,True,0.9770114942528736,0.9999999999999999,8.030409562130485
74,425.0,random_sampling,symmetric,lognormal,30,3.6,425.0,True,0.9862068965517241,0.9999999999999999,6.052089168924417
75,412.0,random_sampling,symmetric,lognormal,30,3.6,412.0,True,0.993103448275862,1.0,6.021023349349527
76,484.0,random_sampling,symmetric,lognormal,30,3.6,484.0,True,0.9862068965517241,1.0000000000000002,6.182084906716632
77,3644.0,random_sampling,symmetric,lognormal,30,3.6,3644.0,True,0.9862068965517241,1.0000000000000002,8.200837258379849
78,1276.0,random_sampling,symmetric,lognormal,30,3.6,1276.0,True,0.9701149425287356,0.9999999999999999,7.151485463904735
79,4230.0,random_sampling,symmetric,lognormal,30,3.6,4230.0,True,0.9747126436781609,1.0,8.349957272040324
80,30220.0,random_sampling,symmetric,lognormal,30,3.6,30220.0,True,0.9862068965517241,0.9999999999999999,10.316259235826731
81,1406.0,random_sampling,symmetric,lognormal,30,3.6,1406.0,True,0.9839080459770115,1.0,7.2485040723706105
82,4442.0,random_sampling,symmetric,lognormal,30,3.6,4442.0,True,0.9885057471264368,1.0,8.398860004454372
83,1971.0,random_sampling,symmetric,lognormal,30,3.6,1971.0,True,1.0,1.0000000000000002,7.58629630715272
84,1124.0,random_sampling,symmetric,lognormal,30,3.6,1124.0,True,0.9724137931034482,1.0000000000000002,7.024649030453636
85,3556.0,random_sampling,symmetric,lognormal,30,3.6,3556.0,True,0.9816091954022989,0.9999999999999999,8.176391596633795
86,4941.0,random_sampling,symmetric,lognormal,30,3.6,4941.0,True,0.9816091954022989,1.0000000000000002,8.50532301884575
87,754.0,random_sampling,symmetric,lognormal,30,3.6,754.0,True,0.9816091954022989,1.0000000000000004,6.625392368007956
88,486.0,random_sampling,symmetric,lognormal,30,3.6,486.0,True,0.9885057471264368,1.0000000000000002,6.186208623900494
89,676.0,random_sampling,symmetric,lognormal,30,3.6,676.0,True,0.993103448275862,1.0,6.516193076042964
90,3302.0,random_sampling,symmetric,lognormal,30,3.6,3302.0,True,0.993103448275862,0.9999999999999999,8.102283624480073
91,633.0,random_sampling,symmetric,lognormal,30,3.6,633.0,True,0.9862068965517241,1.0,6.450470422144176
92,6262.0,random_sampling,symmetric,lognormal,30,3.6,6262.0,True,0.9770114942528736,1.0,8.742254901886351
93,4629.0,random_sampling,symmetric,lognormal,30,3.6,4629.0,True,0.9793103448275862,1.0,8.44009614103127
94,5874.0,random_sampling,symmetric,lognormal,30,3.6,5874.0,True,0.9862068965517241,1.0000000000000002,8.678291111758565
95,1513.0,random_sampling,symmetric,lognormal,30,3.6,1513.0,True,0.9724137931034482,1.0,7.321849713788356
96,773.0,random_sampling,symmetric,lognormal,30,3.6,773.0,True,0.9954022988505747,1.0000000000000002,6.650279048587422
97,2176.0,random_sampling,symmetric,lognormal,30,3.6,2176.0,True,0.993103448275862,1.0000000000000002,7.685243607975833
98,2684.0,random_sampling,symmetric,lognormal,30,3.6,2684.0,True,0.9839080459770115,1.0,7.895063498091573
99,1188.0,random_sampling,symmetric,lognormal,30,3.6,1188.0,True,0.9816091954022989,0.9999999999999998,7.080026499922591
0,4230.0,random_sampling,symmetric,lognormal,30,3.2,4230.0,True,0.9885057471264368,1.0000000000000002,8.349957272040324
1,2177.0,random_sampling,symmetric,lognormal,30,3.2,2177.0,True,0.9885057471264368,1.0,7.685703061234547
2,9727.0,random_sampling,symmetric,lognormal,30,3.2,9727.0,True,0.9977011494252873,0.9999999999999998,9.18266080286944
3,672.0,random_sampling,symmetric,lognormal,30,3.2,672.0,True,0.9885057471264368,1.0000000000000004,6.51025834052315
4,3930.0,random_sampling,symmetric,lognormal,30,3.2,3930.0,True,0.9839080459770115,0.9999999999999999,8.276394704863307
5,5642.0,random_sampling,symmetric,lognormal,30,3.2,5642.0,True,0.993103448275862,1.0000000000000002,8.637993891561942
6,3797.0,random_sampling,symmetric,lognormal,30,3.2,3797.0,True,0.967816091954023,1.0000000000000002,8.241966560231802
7,481.0,random_sampling,symmetric,lognormal,30,3.2,481.0,True,0.9954022988505747,0.9999999999999999,6.175867270105761
8,1486.0,random_sampling,symmetric,lognormal,30,3.2,1486.0,True,0.993103448275862,0.9999999999999999,7.303843225277705
9,3621.0,random_sampling,symmetric,lognormal,30,3.2,3621.0,True,0.9862068965517241,0.9999999999999998,8.19450550976564
10,2150.0,random_sampling,symmetric,lognormal,30,3.2,2150.0,True,0.9908045977011494,1.0000000000000002,7.673223121121708
11,588.0,random_sampling,symmetric,lognormal,30,3.2,588.0,True,0.9839080459770115,1.0000000000000002,6.376726947898627
12,1374.0,random_sampling,symmetric,lognormal,30,3.2,1374.0,True,0.9954022988505747,1.0000000000000002,7.2254814727822945
13,7114.0,random_sampling,symmetric,lognormal,30,3.2,7114.0,True,0.9908045977011494,1.0000000000000002,8.8698199525084
14,3587.0,random_sampling,symmetric,lognormal,30,3.2,3587.0,True,0.9885057471264368,1.0000000000000002,8.185071477532283
15,12931.0,random_sampling,symmetric,lognormal,30,3.2,12931.0,True,0.9885057471264368,0.9999999999999999,9.467382808295852
16,65771.0,random_sampling,symmetric,lognormal,30,3.2,65771.0,True,0.9908045977011494,0.9999999999999999,11.093934290680341
17,1389.0,random_sampling,symmetric,lognormal,30,3.2,1389.0,True,0.9862068965517241,0.9999999999999998,7.236339342754344
18,3573.0,random_sampling,symmetric,lognormal,30,3.2,3573.0,True,0.9977011494252873,1.0,8.181160858023409
19,991.0,random_sampling,symmetric,lognormal,30,3.2,991.0,True,0.9908045977011494,1.0000000000000002,6.898714534329988
20,7199.0,random_sampling,symmetric,lognormal,30,3.2,7199.0,True,0.9908045977011494,1.0,8.881697406469304
21,4012.0,random_sampling,symmetric,lognormal,30,3.2,4012.0,True,0.9977011494252873,0.9999999999999999,8.297045149081827
22,4830.0,random_sampling,symmetric,lognormal,30,3.2,4830.0,True,0.9885057471264368,1.0000000000000002,8.482601746646619
23,2135.0,random_sampling,symmetric,lognormal,30,3.2,2135.0,True,0.9770114942528736,0.9999999999999999,7.666221925662725
24,2934.0,random_sampling,symmetric,lognormal,30,3.2,2934.0,True,0.9885057471264368,1.0,7.984121958702927
25,2671.0,random_sampling,symmetric,lognormal,30,3.2,2671.0,True,0.9908045977011494,1.0,7.890208213109961
26,2679.0,random_sampling,symmetric,lognormal,30,3.2,2679.0,True,0.9908045977011494,1.0000000000000002,7.893198869544609
27,1050.0,random_sampling,symmetric,lognormal,30,3.2,1050.0,True,0.9862068965517241,0.9999999999999999,6.956545443151569
28,1507.0,random_sampling,symmetric,lognormal,30,3.2,1507.0,True,0.9908045977011494,0.9999999999999999,7.317876198626496
29,4915.0,random_sampling,symmetric,lognormal,30,3.2,4915.0,True,0.9862068965517241,1.0000000000000002,8.500047032581268
30,3248.0,random_sampling,symmetric,lognormal,30,3.2,3248.0,True,0.9839080459770115,1.0,8.085794701281568
31,604.0,random_sampling,symmetric,lognormal,30,3.2,604.0,True,0.9954022988505747,1.0,6.403574197934815
32,5321.0,random_sampling,symmetric,lognormal,30,3.2,5321.0,True,0.9954022988505747,1.0000000000000002,8.579416534596369
33,2513.0,random_sampling,symmetric,lognormal,30,3.2,2513.0,True,0.9816091954022989,0.9999999999999999,7.829232537543592
34,11575.0,random_sampling,symmetric,lognormal,30,3.2,11575.0,True,0.9954022988505747,1.0000000000000002,9.356602878954435
35,2212.0,random_sampling,symmetric,lognormal,30,3.2,2212.0,True,0.9862068965517241,1.0000000000000002,7.701652362642226
36,922.0,random_sampling,symmetric,lognormal,30,3.2,922.0,True,0.993103448275862,1.0,6.826545223556594
37,4145.0,random_sampling,symmetric,lognormal,30,3.2,4145.0,True,0.9724137931034482,1.0,8.329658067569396
38,2136.0,random_sampling,symmetric,lognormal,30,3.2,2136.0,True,0.9885057471264368,1.0000000000000002,7.666690200080086
39,4703.0,random_sampling,symmetric,lognormal,30,3.2,4703.0,True,0.9908045977011494,1.0,8.455955881945048
40,18382.0,random_sampling,symmetric,lognormal,30,3.2,18382.0,True,0.993103448275862,1.0000000000000002,9.819127203918054
41,1005.0,random_sampling,symmetric,lognormal,30,3.2,1005.0,True,0.9885057471264368,1.0,6.912742820493176
42,2380.0,random_sampling,symmetric,lognormal,30,3.2,2380.0,True,0.9908045977011494,0.9999999999999999,7.77485576666552
43,1263.0,random_sampling,symmetric,lognormal,30,3.2,1263.0,True,0.9862068965517241,0.9999999999999999,7.141245122350491
44,4802.0,random_sampling,symmetric,lognormal,30,3.2,4802.0,True,0.9908045977011494,1.0,8.4767877767812
45,10560.0,random_sampling,symmetric,lognormal,30,3.2,10560.0,True,0.9839080459770115,0.9999999999999998,9.264828557260252
46,8700.0,random_sampling,symmetric,lognormal,30,3.2,8700.0,True,0.9954022988505747,1.0000000000000002,9.071078304642676
47,13202.0,random_sampling,symmetric,lognormal,30,3.2,13202.0,True,0.9862068965517241,0.9999999999999999,9.488123612248716
48,554.0,random_sampling,symmetric,lognormal,30,3.2,554.0,True,0.9839080459770115,1.0,6.317164686747284
49,743.0,random_sampling,symmetric,lognormal,30,3.2,743.0,True,0.9977011494252873,1.0,6.610696044717759
50,1783.0,random_sampling,symmetric,lognormal,30,3.2,1783.0,True,0.993103448275862,1.0000000000000002,7.48605261786314
51,1135.0,random_sampling,symmetric,lognormal,30,3.2,1135.0,True,0.993103448275862,1.0000000000000002,7.034387929915503
52,5455.0,random_sampling,symmetric,lognormal,30,3.2,5455.0,True,0.9885057471264368,1.0000000000000002,8.604287898267172
53,4651.0,random_sampling,symmetric,lognormal,30,3.2,4651.0,True,0.9839080459770115,0.9999999999999999,8.444837529224097
54,403.0,random_sampling,symmetric,lognormal,30,3.2,403.0,True,0.9862068965517241,0.9999999999999999,5.998936561946683
55,740.0,random_sampling,symmetric,lognormal,30,3.2,740.0,True,0.9793103448275862,1.0000000000000002,6.606650186198215
56,5209.0,random_sampling,symmetric,lognormal,30,3.2,5209.0,True,0.9908045977011494,1.0,8.558143177745192
57,2321.0,random_sampling,symmetric,lognormal,30,3.2,2321.0,True,0.9885057471264368,1.0000000000000002,7.749753406274437
58,805.0,random_sampling,symmetric,lognormal,30,3.2,805.0,True,0.9954022988505747,1.0,6.690842277418564
59,3358.0,random_sampling,symmetric,lognormal,30,3.2,3358.0,True,0.9908045977011494,1.0000000000000002,8.119100837637486
60,2466.0,random_sampling,symmetric,lognormal,30,3.2,2466.0,True,0.9954022988505747,1.0,7.81035268372429
61,1422.0,random_sampling,symmetric,lognormal,30,3.2,1422.0,True,0.9885057471264368,1.0,7.259819610363186
62,671.0,random_sampling,symmetric,lognormal,30,3.2,671.0,True,0.9862068965517241,1.0,6.508769136971682
63,2200.0,random_sampling,symmetric,lognormal,30,3.2,2200.0,True,0.9885057471264368,0.9999999999999999,7.696212639346407
64,6387.0,random_sampling,symmetric,lognormal,30,3.2,6387.0,True,0.993103448275862,0.9999999999999999,8.76201995356159
65,785.0,random_sampling,symmetric,lognormal,30,3.2,785.0,True,0.993103448275862,1.0000000000000002,6.665683717782408
66,1895.0,random_sampling,symmetric,lognormal,30,3.2,1895.0,True,0.9908045977011494,1.0000000000000002,7.546974117516527
67,2115.0,random_sampling,symmetric,lognormal,30,3.2,2115.0,True,0.9954022988505747,1.0,7.656810091480378
68,11275.0,random_sampling,symmetric,lognormal,30,3.2,11275.0,True,0.9885057471264368,1.0,9.330343164370879
69,2130.0,random_sampling,symmetric,lognormal,30,3.2,2130.0,True,0.9908045977011494,1.0000000000000002,7.6638772587034705
70,3063.0,random_sampling,symmetric,lognormal,30,3.2,3063.0,True,0.9885057471264368,1.0,8.027150106832774
71,18413.0,random_sampling,symmetric,lognormal,30,3.2,18413.0,True,0.9885057471264368,1.0000000000000002,9.82081221586722
72,4802.0,random_sampling,symmetric,lognormal,30,3.2,4802.0,True,0.9908045977011494,1.0000000000000002,8.4767877767812
73,806.0,random_sampling,symmetric,lognormal,30,3.2,806.0,True,0.9908045977011494,0.9999999999999999,6.692083742506628
74,390.0,random_sampling,symmetric,lognormal,30,3.2,390.0,True,0.9816091954022989,1.0000000000000002,5.966146739123692
75,925.0,random_sampling,symmetric,lognormal,30,3.2,925.0,True,0.9908045977011494,1.0000000000000002,6.829793737512425
76,4491.0,random_sampling,symmetric,lognormal,30,3.2,4491.0,True,0.9885057471264368,1.0000000000000002,8.409830673087738
77,1921.0,random_sampling,symmetric,lognormal,30,3.2,1921.0,True,0.9862068965517241,0.9999999999999998,7.560601162768557
78,3641.0,random_sampling,symmetric,lognormal,30,3.2,3641.0,True,0.9908045977011494,1.0000000000000002,8.200013648175434
79,6613.0,random_sampling,symmetric,lognormal,30,3.2,6613.0,True,0.9885057471264368,1.0000000000000002,8.796792687674662
80,7564.0,random_sampling,symmetric,lognormal,30,3.2,7564.0,True,0.9839080459770115,1.0,8.931155429778348
81,1331.0,random_sampling,symmetric,lognormal,30,3.2,1331.0,True,0.9977011494252873,1.0,7.193685818395112
82,909.0,random_sampling,symmetric,lognormal,30,3.2,909.0,True,0.9908045977011494,1.0,6.812345094177479
83,1331.0,random_sampling,symmetric,lognormal,30,3.2,1331.0,True,0.9885057471264368,1.0,7.193685818395112
84,6219.0,random_sampling,symmetric,lognormal,30,3.2,6219.0,True,0.9885057471264368,1.0000000000000002,8.735364401103888
85,7766.0,random_sampling,symmetric,lognormal,30,3.2,7766.0,True,0.9770114942528736,1.0,8.957510510291613
86,7468.0,random_sampling,symmetric,lognormal,30,3.2,7468.0,True,0.9908045977011494,1.0000000000000002,8.918382504661613
87,4655.0,random_sampling,symmetric,lognormal,30,3.2,4655.0,True,0.9862068965517241,1.0000000000000002,8.445697189711167
88,488.0,random_sampling,symmetric,lognormal,30,3.2,488.0,True,0.9885057471264368,1.0000000000000002,6.1903154058531475
89,1051.0,random_sampling,symmetric,lognormal,30,3.2,1051.0,True,0.9908045977011494,0.9999999999999999,6.957497370876951
90,5021.0,random_sampling,symmetric,lognormal,30,3.2,5021.0,True,0.9885057471264368,1.0,8.521384396034705
91,8159.0,random_sampling,symmetric,lognormal,30,3.2,8159.0,True,0.993103448275862,1.0000000000000002,9.0068768914288
92,3621.0,random_sampling,symmetric,lognormal,30,3.2,3621.0,True,0.9862068965517241,1.0,8.19450550976564
93,5663.0,random_sampling,symmetric,lognormal,30,3.2,5663.0,True,0.9908045977011494,0.9999999999999997,8.641709066113805
94,3290.0,random_sampling,symmetric,lognormal,30,3.2,3290.0,True,0.9862068965517241,1.0,8.098642843759418
95,1976.0,random_sampling,symmetric,lognormal,30,3.2,1976.0,True,0.993103448275862,1.0,7.588829878307813
96,3952.0,random_sampling,symmetric,lognormal,30,3.2,3952.0,True,0.9885057471264368,1.0,8.281977058867758
97,2458.0,random_sampling,symmetric,lognormal,30,3.2,2458.0,True,0.9793103448275862,1.0000000000000002,7.80710329012598
98,1903.0,random_sampling,symmetric,lognormal,30,3.2,1903.0,True,0.9908045977011494,0.9999999999999998,7.551186867296149
99,2065.0,random_sampling,symmetric,lognormal,30,3.2,2065.0,True,0.993103448275862,1.0,7.632885505395133
0,368.0,random_sampling,symmetric,lognormal,20,1.4,368.0,True,1.0,1.0000000000000002,5.908082938168931
1,1016.0,random_sampling,symmetric,lognormal,20,1.4,1016.0,True,1.0,1.0,6.923628628138427
2,434.0,random_sampling,symmetric,lognormal,20,1.4,434.0,True,0.9894736842105263,1.0,6.073044534100405
3,902.0,random_sampling,symmetric,lognormal,20,1.4,902.0,True,1.0,1.0,6.804614520062624
4,883.0,random_sampling,symmetric,lognormal,20,1.4,883.0,True,0.9947368421052631,0.9999999999999998,6.78332520060396
5,538.0,random_sampling,symmetric,lognormal,20,1.4,538.0,True,1.0,1.0000000000000002,6.2878585601617845
6,304.0,random_sampling,symmetric,lognormal,20,1.4,304.0,True,1.0,1.0,5.717027701406222
7,355.0,random_sampling,symmetric,lognormal,20,1.4,355.0,True,1.0,1.0000000000000002,5.872117789475416
8,412.0,random_sampling,symmetric,lognormal,20,1.4,412.0,True,1.0,1.0,6.021023349349527
9,2238.0,random_sampling,symmetric,lognormal,20,1.4,2238.0,True,1.0,1.0,7.71333788887187
10,273.0,random_sampling,symmetric,lognormal,20,1.4,273.0,True,1.0,0.9999999999999998,5.60947179518496
11,464.0,random_sampling,symmetric,lognormal,20,1.4,464.0,True,1.0,1.0,6.139884552226255
12,406.0,random_sampling,symmetric,lognormal,20,1.4,406.0,True,1.0,1.0,6.0063531596017325
13,454.0,random_sampling,symmetric,lognormal,20,1.4,454.0,True,1.0,1.0,6.118097198041348
14,517.0,random_sampling,symmetric,lognormal,20,1.4,517.0,True,0.9947368421052631,1.0000000000000002,6.248042874508429
15,269.0,random_sampling,symmetric,lognormal,20,1.4,269.0,True,1.0,1.0,5.594711379601839
16,285.0,random_sampling,symmetric,lognormal,20,1.4,285.0,True,0.9947368421052631,1.0,5.652489180268651
17,967.0,random_sampling,symmetric,lognormal,20,1.4,967.0,True,1.0,1.0,6.874198495453294
18,690.0,random_sampling,symmetric,lognormal,20,1.4,690.0,True,1.0,1.0000000000000002,6.536691597591305
19,1047.0,random_sampling,symmetric,lognormal,20,1.4,1047.0,True,1.0,1.0,6.953684210870537
20,764.0,random_sampling,symmetric,lognormal,20,1.4,764.0,True,1.0,1.0,6.638567789166521
21,1584.0,random_sampling,symmetric,lognormal,20,1.4,1584.0,True,0.9947368421052631,0.9999999999999998,7.367708572374371
22,589.0,random_sampling,symmetric,lognormal,20,1.4,589.0,True,1.0,1.0,6.3784261836515865
23,729.0,random_sampling,symmetric,lognormal,20,1.4,729.0,True,1.0,1.0,6.591673732008658
24,438.0,random_sampling,symmetric,lognormal,20,1.4,438.0,True,0.9947368421052631,1.0,6.082218910376446
25,851.0,random_sampling,symmetric,lognormal,20,1.4,851.0,True,1.0,1.0000000000000002,6.7464121285733745
26,672.0,random_sampling,symmetric,lognormal,20,1.4,672.0,True,0.9947368421052631,1.0000000000000002,6.51025834052315
27,668.0,random_sampling,symmetric,lognormal,20,1.4,668.0,True,1.0,1.0,6.504288173536645
28,334.0,random_sampling,symmetric,lognormal,20,1.4,334.0,True,1.0,1.0,5.811140992976701
29,440.0,random_sampling,symmetric,lognormal,20,1.4,440.0,True,1.0,1.0000000000000002,6.0867747269123065
30,190.0,random_sampling,symmetric,lognormal,20,1.4,190.0,True,1.0,1.0000000000000002,5.247024072160486
31,533.0,random_sampling,symmetric,lognormal,20,1.4,533.0,True,1.0,1.0,6.278521424165844
32,716.0,random_sampling,symmetric,lognormal,20,1.4,716.0,True,1.0,1.0,6.573680166960646
33,574.0,random_sampling,symmetric,lognormal,20,1.4,574.0,True,1.0,1.0,6.352629396319567
34,559.0,random_sampling,symmetric,lognormal,20,1.4,559.0,True,1.0,0.9999999999999998,6.326149473155099
35,158.0,random_sampling,symmetric,lognormal,20,1.4,158.0,True,1.0,0.9999999999999998,5.062595033026967
36,678.0,random_sampling,symmetric,lognormal,20,1.4,678.0,True,1.0,1.0000000000000002,6.519147287940395
37,1998.0,random_sampling,symmetric,lognormal,20,1.4,1998.0,True,1.0,0.9999999999999998,7.599901959208498
38,150.0,random_sampling,symmetric,lognormal,20,1.4,150.0,True,1.0,1.0,5.0106352940962555
39,277.0,random_sampling,symmetric,lognormal,20,1.4,277.0,True,1.0,1.0,5.6240175061873385
40,689.0,random_sampling,symmetric,lognormal,20,1.4,689.0,True,1.0,1.0,6.535241271013659
41,598.0,random_sampling,symmetric,lognormal,20,1.4,598.0,True,0.9947368421052631,1.0000000000000002,6.393590753950631
42,656.0,random_sampling,symmetric,lognormal,20,1.4,656.0,True,0.9947368421052631,1.0,6.486160788944089
43,448.0,random_sampling,symmetric,lognormal,20,1.4,448.0,True,1.0,1.0,6.104793232414985
44,646.0,random_sampling,symmetric,lognormal,20,1.4,646.0,True,0.9947368421052631,1.0000000000000002,6.470799503782602
45,506.0,random_sampling,symmetric,lognormal,20,1.4,506.0,True,1.0,1.0,6.226536669287466
46,701.0,random_sampling,symmetric,lognormal,20,1.4,701.0,True,0.9947368421052631,1.0,6.55250788703459
47,389.0,random_sampling,symmetric,lognormal,20,1.4,389.0,True,1.0,1.0,5.963579343618446
48,785.0,random_sampling,symmetric,lognormal,20,1.4,785.0,True,1.0,1.0000000000000002,6.665683717782408
49,731.0,random_sampling,symmetric,lognormal,20,1.4,731.0,True,1.0,0.9999999999999998,6.594413459749778
50,626.0,random_sampling,symmetric,lognormal,20,1.4,626.0,True,1.0,1.0000000000000004,6.439350371100098
51,683.0,random_sampling,symmetric,lognormal,20,1.4,683.0,True,1.0,1.0000000000000002,6.52649485957079
52,773.0,random_sampling,symmetric,lognormal,20,1.4,773.0,True,0.9947368421052631,1.0,6.650279048587422
53,447.0,random_sampling,symmetric,lognormal,20,1.4,447.0,True,1.0,1.0000000000000002,6.102558594613569
54,131.0,random_sampling,symmetric,lognormal,20,1.4,131.0,True,0.9947368421052631,1.0000000000000002,4.875197323201151
55,210.0,random_sampling,symmetric,lognormal,20,1.4,210.0,True,1.0,1.0,5.3471075307174685
56,794.0,random_sampling,symmetric,lognormal,20,1.4,794.0,True,1.0,1.0000000000000002,6.677083461247136
57,303.0,random_sampling,symmetric,lognormal,20,1.4,303.0,True,1.0,1.0,5.713732805509369
58,302.0,random_sampling,symmetric,lognormal,20,1.4,302.0,True,1.0,0.9999999999999998,5.71042701737487
59,749.0,random_sampling,symmetric,lognormal,20,1.4,749.0,True,1.0,0.9999999999999998,6.618738983517219
60,496.0,random_sampling,symmetric,lognormal,20,1.4,496.0,True,0.9947368421052631,1.0,6.206575926724928
61,187.0,random_sampling,symmetric,lognormal,20,1.4,187.0,True,1.0,1.0,5.231108616854587
62,409.0,random_sampling,symmetric,lognormal,20,1.4,409.0,True,1.0,1.0,6.013715156042802
63,278.0,random_sampling,symmetric,lognormal,20,1.4,278.0,True,1.0,1.0,5.627621113690637
64,1222.0,random_sampling,symmetric,lognormal,20,1.4,1222.0,True,1.0,1.0000000000000002,7.108244139731541
65,143.0,random_sampling,symmetric,lognormal,20,1.4,143.0,True,1.0,1.0000000000000002,4.962844630259907
66,677.0,random_sampling,symmetric,lognormal,20,1.4,677.0,True,1.0,0.9999999999999998,6.517671272912275
67,987.0,random_sampling,symmetric,lognormal,20,1.4,987.0,True,1.0,1.0,6.894670039433482
68,296.0,random_sampling,symmetric,lognormal,20,1.4,296.0,True,1.0,1.0000000000000002,5.69035945432406
69,298.0,random_sampling,symmetric,lognormal,20,1.4,298.0,True,1.0,0.9999999999999998,5.697093486505405
70,414.0,random_sampling,symmetric,lognormal,20,1.4,414.0,True,1.0,1.0,6.025865973825314
71,515.0,random_sampling,symmetric,lognormal,20,1.4,515.0,True,0.9947368421052631,1.0,6.244166900663736
72,231.0,random_sampling,symmetric,lognormal,20,1.4,231.0,True,1.0,1.0,5.442417710521793
73,324.0,random_sampling,symmetric,lognormal,20,1.4,324.0,True,0.9947368421052631,0.9999999999999998,5.780743515792329
74,1347.0,random_sampling,symmetric,lognormal,20,1.4,1347.0,True,1.0,1.0,7.205635176410364
75,362.0,random_sampling,symmetric,lognormal,20,1.4,362.0,True,1.0,1.0,5.8916442118257715
76,496.0,random_sampling,symmetric,lognormal,20,1.4,496.0,True,1.0,0.9999999999999998,6.206575926724928
77,239.0,random_sampling,symmetric,lognormal,20,1.4,239.0,True,1.0,1.0,5.476463551931511
78,1163.0,random_sampling,symmetric,lognormal,20,1.4,1163.0,True,1.0,1.0,7.0587581525186645
79,2063.0,random_sampling,symmetric,lognormal,20,1.4,2063.0,True,0.9894736842105263,0.9999999999999998,7.631916513071252
80,412.0,random_sampling,symmetric,lognormal,20,1.4,412.0,True,1.0,1.0,6.021023349349527
81,103.0,random_sampling,symmetric,lognormal,20,1.4,103.0,True,1.0,1.0,4.634728988229636
82,235.0,random_sampling,symmetric,lognormal,20,1.4,235.0,True,1.0,1.0,5.459585514144159
83,853.0,random_sampling,symmetric,lognormal,20,1.4,853.0,True,1.0,1.0,6.748759547491679
84,276.0,random_sampling,symmetric,lognormal,20,1.4,276.0,True,1.0,1.0,5.62040086571715
85,774.0,random_sampling,symmetric,lognormal,20,1.4,774.0,True,1.0,1.0,6.651571873589727
86,215.0,random_sampling,symmetric,lognormal,20,1.4,215.0,True,1.0,1.0,5.3706380281276624
87,211.0,random_sampling,symmetric,lognormal,20,1.4,211.0,True,1.0,1.0,5.351858133476067
88,271.0,random_sampling,symmetric,lognormal,20,1.4,271.0,True,0.9947368421052631,1.0,5.602118820879701
89,153.0,random_sampling,symmetric,lognormal,20,1.4,153.0,True,1.0,1.0000000000000002,5.030437921392435
90,737.0,random_sampling,symmetric,lognormal,20,1.4,737.0,True,0.9894736842105263,1.0,6.602587892189336
91,356.0,random_sampling,symmetric,lognormal,20,1.4,356.0,True,1.0,1.0,5.87493073085203
92,250.0,random_sampling,symmetric,lognormal,20,1.4,250.0,True,0.9947368421052631,1.0,5.521460917862246
93,2543.0,random_sampling,symmetric,lognormal,20,1.4,2543.0,True,1.0,1.0,7.841099765422119
94,429.0,random_sampling,symmetric,lognormal,20,1.4,429.0,True,1.0,1.0,6.061456918928017
95,290.0,random_sampling,symmetric,lognormal,20,1.4,290.0,True,1.0,1.0,5.66988092298052
96,603.0,random_sampling,symmetric,lognormal,20,1.4,603.0,True,1.0,1.0,6.401917196727186
97,615.0,random_sampling,symmetric,lognormal,20,1.4,615.0,True,1.0,0.9999999999999998,6.421622267806518
98,925.0,random_sampling,symmetric,lognormal,20,1.4,925.0,True,1.0,0.9999999999999998,6.829793737512425
99,71.0,random_sampling,symmetric,lognormal,20,1.4,71.0,True,1.0,0.9999999999999998,4.2626798770413155
0,22021.0,random_sampling,symmetric,lognormal,30,2.8,22021.0,True,0.9954022988505747,1.0,9.999751822506193
1,2380.0,random_sampling,symmetric,lognormal,30,2.8,2380.0,True,0.9977011494252873,0.9999999999999998,7.77485576666552
2,4567.0,random_sampling,symmetric,lognormal,30,2.8,4567.0,True,0.9885057471264368,1.0,8.426611813185
3,1330.0,random_sampling,symmetric,lognormal,30,2.8,1330.0,True,0.9908045977011494,0.9999999999999999,7.1929342212158
4,894.0,random_sampling,symmetric,lognormal,30,2.8,894.0,True,0.9954022988505747,1.0,6.795705775173514
5,5951.0,random_sampling,symmetric,lognormal,30,2.8,5951.0,True,0.993103448275862,1.0,8.691314551644853
6,5445.0,random_sampling,symmetric,lognormal,30,2.8,5445.0,True,0.993103448275862,1.0000000000000002,8.602453035367061
7,2135.0,random_sampling,symmetric,lognormal,30,2.8,2135.0,True,0.9908045977011494,1.0,7.666221925662725
8,10515.0,random_sampling,symmetric,lognormal,30,2.8,10515.0,True,0.9839080459770115,1.0,9.2605580881368
9,1017.0,random_sampling,symmetric,lognormal,30,2.8,1017.0,True,0.9885057471264368,1.0,6.92461239604856
10,7790.0,random_sampling,symmetric,lognormal,30,2.8,7790.0,True,0.9954022988505747,1.0000000000000002,8.960596138864794
11,15715.0,random_sampling,symmetric,lognormal,30,2.8,15715.0,True,0.9954022988505747,0.9999999999999998,9.662370949231669
12,1665.0,random_sampling,symmetric,lognormal,30,2.8,1665.0,True,0.9977011494252873,1.0,7.417580402414544
13,4722.0,random_sampling,symmetric,lognormal,30,2.8,4722.0,True,0.9885057471264368,1.0000000000000002,8.459987717645458
14,1816.0,random_sampling,symmetric,lognormal,30,2.8,1816.0,True,0.9954022988505747,1.0000000000000002,7.504391559161238
15,8252.0,random_sampling,symmetric,lognormal,30,2.8,8252.0,True,0.993103448275862,1.0,9.018210874191142
16,10568.0,random_sampling,symmetric,lognormal,30,2.8,10568.0,True,0.9954022988505747,1.0,9.26558584620216
17,3739.0,random_sampling,symmetric,lognormal,30,2.8,3739.0,True,0.993103448275862,1.0000000000000002,8.226573474977114
18,6653.0,random_sampling,symmetric,lognormal,30,2.8,6653.0,True,0.9954022988505747,0.9999999999999999,8.802823159741887
19,871.0,random_sampling,symmetric,lognormal,30,2.8,871.0,True,0.9977011494252873,0.9999999999999999,6.769641976852503
20,7334.0,random_sampling,symmetric,lognormal,30,2.8,7334.0,True,0.9885057471264368,1.0000000000000002,8.900276348631271
21,3833.0,random_sampling,symmetric,lognormal,30,2.8,3833.0,True,0.9954022988505747,1.0,8.251403065380556
22,5312.0,random_sampling,symmetric,lognormal,30,2.8,5312.0,True,0.9977011494252873,1.0,8.57772369115627
23,1376.0,random_sampling,symmetric,lognormal,30,2.8,1376.0,True,0.9862068965517241,1.0,7.226936018493289
24,895.0,random_sampling,symmetric,lognormal,30,2.8,895.0,True,0.9954022988505747,0.9999999999999999,6.796823718274855
25,5706.0,random_sampling,symmetric,lognormal,30,2.8,5706.0,True,0.993103448275862,1.0,8.649273531773446
26,1414.0,random_sampling,symmetric,lognormal,30,2.8,1414.0,True,0.9908045977011494,1.0,7.254177846456518
27,24340.0,random_sampling,symmetric,lognormal,30,2.8,24340.0,True,0.993103448275862,1.0,10.099876366541519
28,3645.0,random_sampling,symmetric,lognormal,30,2.8,3645.0,True,0.9862068965517241,1.0,8.201111644442758
29,13823.0,random_sampling,symmetric,lognormal,30,2.8,13823.0,True,0.9954022988505747,1.0,9.534089150464357
30,5084.0,random_sampling,symmetric,lognormal,30,2.8,5084.0,True,0.9908045977011494,0.9999999999999999,8.533853632309345
31,4526.0,random_sampling,symmetric,lognormal,30,2.8,4526.0,True,0.9908045977011494,0.9999999999999999,8.417593826193484
32,6313.0,random_sampling,symmetric,lognormal,30,2.8,6313.0,True,0.993103448275862,1.0,8.750366278367625
33,1458.0,random_sampling,symmetric,lognormal,30,2.8,1458.0,True,0.9977011494252873,0.9999999999999998,7.284820912568604
34,1470.0,random_sampling,symmetric,lognormal,30,2.8,1470.0,True,1.0,0.9999999999999999,7.293017679772782
35,7501.0,random_sampling,symmetric,lognormal,30,2.8,7501.0,True,0.9839080459770115,1.0,8.922791623969637
36,6919.0,random_sampling,symmetric,lognormal,30,2.8,6919.0,True,1.0,1.0,8.842026529498812
37,1555.0,random_sampling,symmetric,lognormal,30,2.8,1555.0,True,0.993103448275862,1.0000000000000002,7.349230824613334
38,6597.0,random_sampling,symmetric,lognormal,30,2.8,6597.0,True,0.9954022988505747,1.0000000000000002,8.794370279222871
39,7903.0,random_sampling,symmetric,lognormal,30,2.8,7903.0,True,0.9954022988505747,1.0000000000000002,8.974997713204976
40,4294.0,random_sampling,symmetric,lognormal,30,2.8,4294.0,True,0.993103448275862,1.0,8.364973978438726
41,8306.0,random_sampling,symmetric,lognormal,30,2.8,8306.0,True,0.9954022988505747,1.0000000000000002,9.024733424190698
42,1529.0,random_sampling,symmetric,lognormal,30,2.8,1529.0,True,0.993103448275862,1.0,7.332369205929062
43,2907.0,random_sampling,symmetric,lognormal,30,2.8,2907.0,True,0.993103448275862,0.9999999999999999,7.9748769005588755
44,6145.0,random_sampling,symmetric,lognormal,30,2.8,6145.0,True,0.9908045977011494,1.0,8.723394022000136
45,2738.0,random_sampling,symmetric,lognormal,30,2.8,2738.0,True,0.9908045977011494,1.0,7.914983005848394
46,2014.0,random_sampling,symmetric,lognormal,30,2.8,2014.0,True,0.9954022988505747,1.0,7.607878073278507
47,24509.0,random_sampling,symmetric,lognormal,30,2.8,24509.0,True,0.9954022988505747,1.0000000000000002,10.106795676016226
48,2494.0,random_sampling,symmetric,lognormal,30,2.8,2494.0,True,0.9954022988505747,1.0000000000000002,7.821643126239982
49,5022.0,random_sampling,symmetric,lognormal,30,2.8,5022.0,True,0.9954022988505747,1.0000000000000002,8.52158353971753
50,8693.0,random_sampling,symmetric,lognormal,30,2.8,8693.0,True,0.9908045977011494,1.0,9.070273383079064
51,2162.0,random_sampling,symmetric,lognormal,30,2.8,2162.0,True,0.9908045977011494,1.0,7.6787889981991535
52,1817.0,random_sampling,symmetric,lognormal,30,2.8,1817.0,True,0.993103448275862,1.0,7.504942068396171
53,1036.0,random_sampling,symmetric,lognormal,30,2.8,1036.0,True,0.9954022988505747,1.0000000000000002,6.943122422819428
54,7824.0,random_sampling,symmetric,lognormal,30,2.8,7824.0,True,0.9954022988505747,0.9999999999999999,8.964951211714654
55,531.0,random_sampling,symmetric,lognormal,30,2.8,531.0,True,0.9977011494252873,1.0,6.274762021241939
56,1095.0,random_sampling,symmetric,lognormal,30,2.8,1095.0,True,1.0,0.9999999999999999,6.9985096422506015
57,6482.0,random_sampling,symmetric,lognormal,30,2.8,6482.0,True,0.9885057471264368,0.9999999999999998,8.776784383701493
58,9301.0,random_sampling,symmetric,lognormal,30,2.8,9301.0,True,0.993103448275862,1.0,9.137877200242468
59,655.0,random_sampling,symmetric,lognormal,30,2.8,655.0,True,1.0,1.0000000000000002,6.484635235635252
60,5145.0,random_sampling,symmetric,lognormal,30,2.8,5145.0,True,0.9977011494252873,0.9999999999999998,8.545780648268149
61,3466.0,random_sampling,symmetric,lognormal,30,2.8,3466.0,True,0.993103448275862,0.9999999999999999,8.150756470275551
62,6765.0,random_sampling,symmetric,lognormal,30,2.8,6765.0,True,1.0,1.0,8.819517540604888
63,3389.0,random_sampling,symmetric,lognormal,30,2.8,3389.0,True,0.9885057471264368,1.0000000000000002,8.128290171607052
64,5947.0,random_sampling,symmetric,lognormal,30,2.8,5947.0,True,0.9977011494252873,1.0000000000000002,8.690642169706594
65,2139.0,random_sampling,symmetric,lognormal,30,2.8,2139.0,True,0.9977011494252873,1.0,7.668093709082406
66,1088.0,random_sampling,symmetric,lognormal,30,2.8,1088.0,True,0.9908045977011494,1.0,6.992096427415888
67,2459.0,random_sampling,symmetric,lognormal,30,2.8,2459.0,True,0.9816091954022989,0.9999999999999999,7.807510042216193
68,1642.0,random_sampling,symmetric,lognormal,30,2.8,1642.0,True,0.9908045977011494,0.9999999999999999,7.403670290012373
69,1716.0,random_sampling,symmetric,lognormal,30,2.8,1716.0,True,0.9908045977011494,0.9999999999999999,7.447751280047908
70,20192.0,random_sampling,symmetric,lognormal,30,2.8,20192.0,True,0.9908045977011494,1.0,9.913041765340939
71,1987.0,random_sampling,symmetric,lognormal,30,2.8,1987.0,True,0.993103448275862,1.0,7.594381242551817
72,1953.0,random_sampling,symmetric,lognormal,30,2.8,1953.0,True,0.9977011494252873,1.0,7.577121930876679
73,9206.0,random_sampling,symmetric,lognormal,30,2.8,9206.0,True,0.9954022988505747,1.0,9.127610724377186
74,2251.0,random_sampling,symmetric,lognormal,30,2.8,2251.0,True,0.993103448275862,0.9999999999999998,7.719129840906732
75,685.0,random_sampling,symmetric,lognormal,30,2.8,685.0,True,0.9885057471264368,1.0,6.529418838262226
76,1324.0,random_sampling,symmetric,lognormal,30,2.8,1324.0,True,0.993103448275862,0.9999999999999999,7.188412736496954
77,1427.0,random_sampling,symmetric,lognormal,30,2.8,1427.0,True,0.9885057471264368,1.0000000000000002,7.2633296174768365
78,3623.0,random_sampling,symmetric,lognormal,30,2.8,3623.0,True,0.9954022988505747,1.0000000000000002,8.195057690895077
79,1489.0,random_sampling,symmetric,lognormal,30,2.8,1489.0,True,0.9977011494252873,1.0,7.305860032684009
80,1282.0,random_sampling,symmetric,lognormal,30,2.8,1282.0,True,0.993103448275862,1.0,7.156176637480615
81,1719.0,random_sampling,symmetric,lognormal,30,2.8,1719.0,True,0.9885057471264368,1.0,7.449498005382849
82,1683.0,random_sampling,symmetric,lognormal,30,2.8,1683.0,True,0.9977011494252873,1.0,7.428333194190806
83,844.0,random_sampling,symmetric,lognormal,30,2.8,844.0,True,0.993103448275862,1.0,6.738152494595957
84,750.0,random_sampling,symmetric,lognormal,30,2.8,750.0,True,0.993103448275862,0.9999999999999999,6.620073206530356
85,22622.0,random_sampling,symmetric,lognormal,30,2.8,22622.0,True,0.993103448275862,1.0,10.026678163091326
86,24410.0,random_sampling,symmetric,lognormal,30,2.8,24410.0,True,0.9908045977011494,1.0,10.102748163387005
87,4333.0,random_sampling,symmetric,lognormal,30,2.8,4333.0,True,1.0,1.0,8.374015421739909
88,6041.0,random_sampling,symmetric,lognormal,30,2.8,6041.0,True,0.9977011494252873,1.0,8.706324840138741
89,5340.0,random_sampling,symmetric,lognormal,30,2.8,5340.0,True,0.993103448275862,1.0,8.582980931954241
90,5333.0,random_sampling,symmetric,lognormal,30,2.8,5333.0,True,0.9977011494252873,1.0,8.581669210600602
91,1873.0,random_sampling,symmetric,lognormal,30,2.8,1873.0,True,0.9977011494252873,1.0000000000000002,7.5352967024440884
92,7538.0,random_sampling,symmetric,lognormal,30,2.8,7538.0,True,1.0,1.0,8.92771217382708
93,4744.0,random_sampling,symmetric,lognormal,30,2.8,4744.0,True,0.9862068965517241,1.0,8.464635940677562
94,1968.0,random_sampling,symmetric,lognormal,30,2.8,1968.0,True,0.9908045977011494,0.9999999999999999,7.584773077612199
95,2533.0,random_sampling,symmetric,lognormal,30,2.8,2533.0,True,0.9908045977011494,0.9999999999999999,7.837159650001675
96,6894.0,random_sampling,symmetric,lognormal,30,2.8,6894.0,True,0.9885057471264368,0.9999999999999998,8.83840674707681
97,2620.0,random_sampling,symmetric,lognormal,30,2.8,2620.0,True,0.993103448275862,0.9999999999999999,7.8709295967551425
98,1720.0,random_sampling,symmetric,lognormal,30,2.8,1720.0,True,0.993103448275862,1.0,7.450079569807499
99,2175.0,random_sampling,symmetric,lognormal,30,2.8,2175.0,True,0.9977011494252873,0.9999999999999999,7.684783943522785
0,8043.0,random_sampling,symmetric,lognormal,30,0.6,8043.0,True,0.9954022988505747,1.0,8.99255742690407
1,3581.0,random_sampling,symmetric,lognormal,30,0.6,3581.0,True,1.0,1.0000000000000002,8.183397369998433
2,5989.0,random_sampling,symmetric,lognormal,30,0.6,5989.0,True,0.9954022988505747,0.9999999999999999,8.697679732264463
3,5454.0,random_sampling,symmetric,lognormal,30,0.6,5454.0,True,0.993103448275862,0.9999999999999999,8.604104563405533
4,3324.0,random_sampling,symmetric,lognormal,30,0.6,3324.0,True,0.9908045977011494,1.0,8.10892415597534
5,5178.0,random_sampling,symmetric,lognormal,30,0.6,5178.0,True,0.9954022988505747,1.0,8.552174160311482
6,5883.0,random_sampling,symmetric,lognormal,30,0.6,5883.0,True,0.9885057471264368,1.0,8.679822114864455
7,7739.0,random_sampling,symmetric,lognormal,30,0.6,7739.0,True,0.9954022988505747,1.0000000000000002,8.95402775927046
8,10068.0,random_sampling,symmetric,lognormal,30,0.6,10068.0,True,1.0,1.0,9.217117356255207
9,31515.0,random_sampling,symmetric,lognormal,30,0.6,31515.0,True,0.9977011494252873,1.0,10.358218901947211
10,4450.0,random_sampling,symmetric,lognormal,30,0.6,4450.0,True,0.9954022988505747,1.0000000000000002,8.400659375160286
11,11564.0,random_sampling,symmetric,lognormal,30,0.6,11564.0,True,0.993103448275862,0.9999999999999999,9.355652103136237
12,5416.0,random_sampling,symmetric,lognormal,30,0.6,5416.0,True,0.9908045977011494,1.0000000000000002,8.59711281459211
13,1221.0,random_sampling,symmetric,lognormal,30,0.6,1221.0,True,0.9908045977011494,1.0,7.107425474110705
14,34039.0,random_sampling,symmetric,lognormal,30,0.6,34039.0,True,0.993103448275862,0.9999999999999999,10.435262205052501
15,26432.0,random_sampling,symmetric,lognormal,30,0.6,26432.0,True,0.993103448275862,1.0,10.182330676320705
16,1621.0,random_sampling,symmetric,lognormal,30,0.6,1621.0,True,0.9954022988505747,1.0,7.390798521735676
17,12079.0,random_sampling,symmetric,lognormal,30,0.6,12079.0,True,1.0,1.0,9.399223686605279
18,19220.0,random_sampling,symmetric,lognormal,30,0.6,19220.0,True,1.0,0.9999999999999999,9.863706682524283
19,5404.0,random_sampling,symmetric,lognormal,30,0.6,5404.0,True,0.993103448275862,0.9999999999999999,8.59489469908009
20,14013.0,random_sampling,symmetric,lognormal,30,0.6,14013.0,True,0.9977011494252873,0.9999999999999999,9.547740749170218
21,10876.0,random_sampling,symmetric,lognormal,30,0.6,10876.0,True,0.9954022988505747,1.0,9.294313805752362
22,19548.0,random_sampling,symmetric,lognormal,30,0.6,19548.0,True,0.9954022988505747,0.9999999999999998,9.880628258390045
23,7911.0,random_sampling,symmetric,lognormal,30,0.6,7911.0,True,0.9977011494252873,1.0000000000000002,8.976009475021396
24,12822.0,random_sampling,symmetric,lognormal,30,0.6,12822.0,True,0.9908045977011494,1.0,9.458917724547202
25,15144.0,random_sampling,symmetric,lognormal,30,0.6,15144.0,True,0.9908045977011494,1.0,9.625359692889159
26,7468.0,random_sampling,symmetric,lognormal,30,0.6,7468.0,True,1.0,0.9999999999999999,8.918382504661613
27,76763.0,random_sampling,symmetric,lognormal,30,0.6,76763.0,True,0.993103448275862,1.0,11.248478032213574
28,66590.0,random_sampling,symmetric,lognormal,30,0.6,66590.0,True,1.0,1.0000000000000002,11.106309695104668
29,17087.0,random_sampling,symmetric,lognormal,30,0.6,17087.0,True,0.9954022988505747,0.9999999999999999,9.746073219448274
30,18910.0,random_sampling,symmetric,lognormal,30,0.6,18910.0,True,0.9977011494252873,1.0000000000000002,9.847446161652503
31,25619.0,random_sampling,symmetric,lognormal,30,0.6,25619.0,True,0.9885057471264368,1.0,10.151089542682712
32,8651.0,random_sampling,symmetric,lognormal,30,0.6,8651.0,True,0.9908045977011494,1.0000000000000002,9.065430200180375
33,16805.0,random_sampling,symmetric,lognormal,30,0.6,16805.0,True,0.9977011494252873,1.0000000000000002,9.729431740159207
34,4759.0,random_sampling,symmetric,lognormal,30,0.6,4759.0,True,0.9977011494252873,0.9999999999999999,8.46779284112111
35,3234.0,random_sampling,symmetric,lognormal,30,0.6,3234.0,True,0.9885057471264368,1.0000000000000002,8.081475040137052
36,16487.0,random_sampling,symmetric,lognormal,30,0.6,16487.0,True,1.0,0.9999999999999998,9.710327470561179
37,13193.0,random_sampling,symmetric,lognormal,30,0.6,13193.0,True,0.9977011494252873,1.0,9.487441664883777
38,3161.0,random_sampling,symmetric,lognormal,30,0.6,3161.0,True,0.9908045977011494,0.9999999999999999,8.058643712215618
39,2095.0,random_sampling,symmetric,lognormal,30,0.6,2095.0,True,1.0,1.0,7.647308832356238
40,5047.0,random_sampling,symmetric,lognormal,30,0.6,5047.0,True,0.9977011494252873,1.0000000000000002,8.526549286340263
41,5884.0,random_sampling,symmetric,lognormal,30,0.6,5884.0,True,0.9885057471264368,0.9999999999999999,8.679992081721329
42,6619.0,random_sampling,symmetric,lognormal,30,0.6,6619.0,True,0.9908045977011494,0.9999999999999999,8.797699580118923
43,20965.0,random_sampling,symmetric,lognormal,30,0.6,20965.0,True,0.9954022988505747,1.0,9.950609659604863
44,34812.0,random_sampling,symmetric,lognormal,30,0.6,34812.0,True,0.993103448275862,1.0000000000000002,10.457717433909405
45,3894.0,random_sampling,symmetric,lognormal,30,0.6,3894.0,True,0.9977011494252873,1.0000000000000002,8.267192185932146
46,8564.0,random_sampling,symmetric,lognormal,30,0.6,8564.0,True,0.9954022988505747,1.0,9.055322649709574
47,24803.0,random_sampling,symmetric,lognormal,30,0.6,24803.0,True,0.9954022988505747,0.9999999999999999,10.118719892579001
48,11969.0,random_sampling,symmetric,lognormal,30,0.6,11969.0,True,0.9908045977011494,1.0,9.39007525287337
49,9438.0,random_sampling,symmetric,lognormal,30,0.6,9438.0,True,0.9954022988505747,1.0,9.152499372286332
50,20245.0,random_sampling,symmetric,lognormal,30,0.6,20245.0,True,0.993103448275862,1.0,9.915663128466262
51,13436.0,random_sampling,symmetric,lognormal,30,0.6,13436.0,True,0.9885057471264368,1.0,9.505692950732183
52,2664.0,random_sampling,symmetric,lognormal,30,0.6,2664.0,True,0.9977011494252873,1.0000000000000002,7.88758403166028
53,26246.0,random_sampling,symmetric,lognormal,30,0.6,26246.0,True,0.9954022988505747,1.0000000000000002,10.175268875456233
54,7818.0,random_sampling,symmetric,lognormal,30,0.6,7818.0,True,0.993103448275862,1.0,8.9641840463529
55,14939.0,random_sampling,symmetric,lognormal,30,0.6,14939.0,True,0.9977011494252873,0.9999999999999998,9.611730522042317
56,50512.0,random_sampling,symmetric,lognormal,30,0.6,50512.0,True,0.9908045977011494,1.0,10.829966210797773
57,10122.0,random_sampling,symmetric,lognormal,30,0.6,10122.0,True,0.9954022988505747,1.0000000000000002,9.222466551774023
58,9770.0,random_sampling,symmetric,lognormal,30,0.6,9770.0,True,0.993103448275862,1.0000000000000002,9.187071745036828
59,14598.0,random_sampling,symmetric,lognormal,30,0.6,14598.0,True,0.9908045977011494,1.0000000000000002,9.588639812011577
60,17482.0,random_sampling,symmetric,lognormal,30,0.6,17482.0,True,0.9862068965517241,0.9999999999999999,9.768927059140433
61,4872.0,random_sampling,symmetric,lognormal,30,0.6,4872.0,True,0.9954022988505747,1.0,8.491259809389733
62,13857.0,random_sampling,symmetric,lognormal,30,0.6,13857.0,True,0.993103448275862,0.9999999999999999,9.536545799098715
63,28271.0,random_sampling,symmetric,lognormal,30,0.6,28271.0,True,0.9954022988505747,1.0,10.249591823249144
64,3767.0,random_sampling,symmetric,lognormal,30,0.6,3767.0,True,0.9977011494252873,1.0,8.23403420769204
65,6567.0,random_sampling,symmetric,lognormal,30,0.6,6567.0,True,0.9977011494252873,1.0,8.789812386190972
66,26490.0,random_sampling,symmetric,lognormal,30,0.6,26490.0,True,0.993103448275862,1.0000000000000002,10.184522582266116
67,8990.0,random_sampling,symmetric,lognormal,30,0.6,8990.0,True,0.9954022988505747,1.0000000000000002,9.103868127465667
68,35575.0,random_sampling,symmetric,lognormal,30,0.6,35575.0,True,0.9954022988505747,1.0000000000000002,10.479398422958052
69,9503.0,random_sampling,symmetric,lognormal,30,0.6,9503.0,True,0.9977011494252873,1.0,9.159362817211315
70,21107.0,random_sampling,symmetric,lognormal,30,0.6,21107.0,True,0.9954022988505747,0.9999999999999999,9.957360018000617
71,17093.0,random_sampling,symmetric,lognormal,30,0.6,17093.0,True,0.9954022988505747,0.9999999999999999,9.746424301956267
72,3926.0,random_sampling,symmetric,lognormal,30,0.6,3926.0,True,0.9977011494252873,0.9999999999999999,8.275376374836407
73,15057.0,random_sampling,symmetric,lognormal,30,0.6,15057.0,True,0.9954022988505747,1.0,9.619598278323043
74,2129.0,random_sampling,symmetric,lognormal,30,0.6,2129.0,True,0.9954022988505747,0.9999999999999998,7.663407664893479
75,15990.0,random_sampling,symmetric,lognormal,30,0.6,15990.0,True,0.9885057471264368,1.0,9.679718805828
76,15925.0,random_sampling,symmetric,lognormal,30,0.6,15925.0,True,0.993103448275862,1.0000000000000002,9.675645480440364
77,7825.0,random_sampling,symmetric,lognormal,30,0.6,7825.0,True,0.9977011494252873,1.0000000000000002,8.965079015408355
78,2895.0,random_sampling,symmetric,lognormal,30,0.6,2895.0,True,0.9954022988505747,0.9999999999999999,7.970740390007095
79,11622.0,random_sampling,symmetric,lognormal,30,0.6,11622.0,True,0.9954022988505747,1.0000000000000002,9.360655132635051
80,19290.0,random_sampling,symmetric,lognormal,30,0.6,19290.0,True,0.9908045977011494,1.0,9.867342105899775
81,7200.0,random_sampling,symmetric,lognormal,30,0.6,7200.0,True,0.9954022988505747,1.0000000000000002,8.881836305004146
82,30475.0,random_sampling,symmetric,lognormal,30,0.6,30475.0,True,0.9977011494252873,1.0000000000000002,10.324661954349473
83,3266.0,random_sampling,symmetric,lognormal,30,0.6,3266.0,True,0.9977011494252873,0.9999999999999999,8.09132127353041
84,5495.0,random_sampling,symmetric,lognormal,30,0.6,5495.0,True,1.0,1.0000000000000002,8.611593866837723
85,3800.0,random_sampling,symmetric,lognormal,30,0.6,3800.0,True,1.0,0.9999999999999999,8.242756345714477
86,15524.0,random_sampling,symmetric,lognormal,30,0.6,15524.0,True,0.993103448275862,1.0000000000000002,9.650142492488797
87,6612.0,random_sampling,symmetric,lognormal,30,0.6,6612.0,True,0.9954022988505747,0.9999999999999998,8.796641458940915
88,4859.0,random_sampling,symmetric,lognormal,30,0.6,4859.0,True,0.9908045977011494,1.0,8.488587934405903
89,2197.0,random_sampling,symmetric,lognormal,30,0.6,2197.0,True,0.993103448275862,1.0,7.69484807238461
90,6507.0,random_sampling,symmetric,lognormal,30,0.6,6507.0,True,0.9954022988505747,1.0000000000000002,8.780633799494984
91,8946.0,random_sampling,symmetric,lognormal,30,0.6,8946.0,True,0.993103448275862,1.0,9.098961783992793
92,14023.0,random_sampling,symmetric,lognormal,30,0.6,14023.0,True,0.9977011494252873,1.0,9.548454117726651
93,16452.0,random_sampling,symmetric,lognormal,30,0.6,16452.0,True,0.9977011494252873,1.0,9.708202329350314
94,14288.0,random_sampling,symmetric,lognormal,30,0.6,14288.0,True,0.9908045977011494,1.0000000000000002,9.567175303116281
95,15936.0,random_sampling,symmetric,lognormal,30,0.6,15936.0,True,0.9908045977011494,0.9999999999999999,9.67633597982438
96,4563.0,random_sampling,symmetric,lognormal,30,0.6,4563.0,True,0.9954022988505747,0.9999999999999998,8.425735580927402
97,15328.0,random_sampling,symmetric,lognormal,30,0.6,15328.0,True,0.9885057471264368,1.0000000000000002,9.637436500210642
98,21944.0,random_sampling,symmetric,lognormal,30,0.6,21944.0,True,0.9954022988505747,1.0,9.99624903261744
0,207.0,random_sampling,symmetric,lognormal,20,1.6,207.0,True,1.0,1.0000000000000002,5.332718793265369
1,608.0,random_sampling,symmetric,lognormal,20,1.6,608.0,True,1.0,1.0,6.410174881966167
2,212.0,random_sampling,symmetric,lognormal,20,1.6,212.0,True,1.0,1.0,5.356586274672012
3,309.0,random_sampling,symmetric,lognormal,20,1.6,309.0,True,1.0,1.0,5.733341276897746
4,110.0,random_sampling,symmetric,lognormal,20,1.6,110.0,True,1.0,1.0,4.700480365792417
5,1350.0,random_sampling,symmetric,lognormal,20,1.6,1350.0,True,1.0,1.0,7.2078598714324755
6,295.0,random_sampling,symmetric,lognormal,20,1.6,295.0,True,1.0,1.0000000000000002,5.68697535633982
7,264.0,random_sampling,symmetric,lognormal,20,1.6,264.0,True,1.0,1.0000000000000002,5.575949103146316
8,2129.0,random_sampling,symmetric,lognormal,20,1.6,2129.0,True,1.0,1.0,7.663407664893479
9,1484.0,random_sampling,symmetric,lognormal,20,1.6,1484.0,True,1.0,1.0000000000000002,7.302496423727326
10,534.0,random_sampling,symmetric,lognormal,20,1.6,534.0,True,1.0,0.9999999999999998,6.280395838960195
11,387.0,random_sampling,symmetric,lognormal,20,1.6,387.0,True,1.0,1.0,5.958424693029782
12,562.0,random_sampling,symmetric,lognormal,20,1.6,562.0,True,1.0,1.0,6.331501849893691
13,464.0,random_sampling,symmetric,lognormal,20,1.6,464.0,True,1.0,0.9999999999999998,6.139884552226255
14,273.0,random_sampling,symmetric,lognormal,20,1.6,273.0,True,1.0,1.0000000000000002,5.60947179518496
15,966.0,random_sampling,symmetric,lognormal,20,1.6,966.0,True,1.0,1.0000000000000002,6.873163834212518
16,350.0,random_sampling,symmetric,lognormal,20,1.6,350.0,True,1.0,1.0,5.857933154483459
17,456.0,random_sampling,symmetric,lognormal,20,1.6,456.0,True,0.9947368421052631,0.9999999999999998,6.1224928095143865
18,1442.0,random_sampling,symmetric,lognormal,20,1.6,1442.0,True,1.0,1.0000000000000002,7.273786317844895
19,202.0,random_sampling,symmetric,lognormal,20,1.6,202.0,True,1.0,1.0,5.308267697401205
20,672.0,random_sampling,symmetric,lognormal,20,1.6,672.0,True,1.0,0.9999999999999998,6.51025834052315
21,320.0,random_sampling,symmetric,lognormal,20,1.6,320.0,True,1.0,1.0000000000000002,5.768320995793772
22,289.0,random_sampling,symmetric,lognormal,20,1.6,289.0,True,0.9947368421052631,1.0,5.666426688112432
23,838.0,random_sampling,symmetric,lognormal,20,1.6,838.0,True,0.9947368421052631,1.0000000000000002,6.731018100482083
24,521.0,random_sampling,symmetric,lognormal,20,1.6,521.0,True,1.0,0.9999999999999998,6.255750041753367
25,279.0,random_sampling,symmetric,lognormal,20,1.6,279.0,True,1.0,0.9999999999999998,5.631211781821365
26,333.0,random_sampling,symmetric,lognormal,20,1.6,333.0,True,0.9947368421052631,1.0,5.808142489980444
27,203.0,random_sampling,symmetric,lognormal,20,1.6,203.0,True,1.0,0.9999999999999998,5.313205979041787
28,187.0,random_sampling,symmetric,lognormal,20,1.6,187.0,True,1.0,0.9999999999999998,5.231108616854587
29,487.0,random_sampling,symmetric,lognormal,20,1.6,487.0,True,0.9894736842105263,0.9999999999999998,6.18826412308259
30,184.0,random_sampling,symmetric,lognormal,20,1.6,184.0,True,1.0,1.0000000000000002,5.214935757608986
31,199.0,random_sampling,symmetric,lognormal,20,1.6,199.0,True,1.0,1.0,5.293304824724492
32,628.0,random_sampling,symmetric,lognormal,20,1.6,628.0,True,1.0,1.0,6.4425401664681985
33,424.0,random_sampling,symmetric,lognormal,20,1.6,424.0,True,1.0,0.9999999999999998,6.049733455231958
34,650.0,random_sampling,symmetric,lognormal,20,1.6,650.0,True,1.0,1.0,6.476972362889683
35,685.0,random_sampling,symmetric,lognormal,20,1.6,685.0,True,1.0,1.0,6.529418838262226
36,461.0,random_sampling,symmetric,lognormal,20,1.6,461.0,True,0.9947368421052631,0.9999999999999998,6.133398042996649
37,447.0,random_sampling,symmetric,lognormal,20,1.6,447.0,True,1.0,1.0,6.102558594613569
38,545.0,random_sampling,symmetric,lognormal,20,1.6,545.0,True,1.0,1.0000000000000002,6.300785794663244
39,736.0,random_sampling,symmetric,lognormal,20,1.6,736.0,True,1.0,1.0,6.601230118728877
40,1034.0,random_sampling,symmetric,lognormal,20,1.6,1034.0,True,1.0,1.0,6.9411900550683745
41,220.0,random_sampling,symmetric,lognormal,20,1.6,220.0,True,1.0,0.9999999999999998,5.393627546352362
42,389.0,random_sampling,symmetric,lognormal,20,1.6,389.0,True,0.9947368421052631,1.0000000000000002,5.963579343618446
43,332.0,random_sampling,symmetric,lognormal,20,1.6,332.0,True,1.0,1.0,5.805134968916488
44,865.0,random_sampling,symmetric,lognormal,20,1.6,865.0,True,1.0,1.0,6.762729506931879
45,444.0,random_sampling,symmetric,lognormal,20,1.6,444.0,True,1.0,1.0,6.095824562432225
46,219.0,random_sampling,symmetric,lognormal,20,1.6,219.0,True,0.9842105263157894,1.0,5.389071729816501
47,463.0,random_sampling,symmetric,lognormal,20,1.6,463.0,True,1.0,0.9999999999999998,6.137727054086234
48,464.0,random_sampling,symmetric,lognormal,20,1.6,464.0,True,1.0,1.0000000000000002,6.139884552226255
49,546.0,random_sampling,symmetric,lognormal,20,1.6,546.0,True,1.0,1.0,6.302618975744905
50,535.0,random_sampling,symmetric,lognormal,20,1.6,535.0,True,0.9947368421052631,1.0000000000000002,6.282266746896006
51,577.0,random_sampling,symmetric,lognormal,20,1.6,577.0,True,1.0,1.0,6.3578422665081
52,167.0,random_sampling,symmetric,lognormal,20,1.6,167.0,True,1.0,0.9999999999999998,5.117993812416755
53,336.0,random_sampling,symmetric,lognormal,20,1.6,336.0,True,0.9947368421052631,1.0000000000000002,5.817111159963204
54,130.0,random_sampling,symmetric,lognormal,20,1.6,130.0,True,0.9947368421052631,1.0,4.867534450455582
55,196.0,random_sampling,symmetric,lognormal,20,1.6,196.0,True,0.9947368421052631,1.0,5.278114659230517
56,565.0,random_sampling,symmetric,lognormal,20,1.6,565.0,True,1.0,1.0000000000000004,6.336825731146441
57,86.0,random_sampling,symmetric,lognormal,20,1.6,86.0,True,1.0,1.0,4.454347296253507
58,437.0,random_sampling,symmetric,lognormal,20,1.6,437.0,True,1.0,0.9999999999999998,6.07993319509559
59,178.0,random_sampling,symmetric,lognormal,20,1.6,178.0,True,1.0,1.0,5.181783550292085
60,370.0,random_sampling,symmetric,lognormal,20,1.6,370.0,True,1.0,1.0000000000000002,5.91350300563827
61,78.0,random_sampling,symmetric,lognormal,20,1.6,78.0,True,1.0,1.0,4.356708826689592
62,592.0,random_sampling,symmetric,lognormal,20,1.6,592.0,True,0.9947368421052631,1.0,6.3835066348840055
63,361.0,random_sampling,symmetric,lognormal,20,1.6,361.0,True,1.0,1.0,5.8888779583328805
64,366.0,random_sampling,symmetric,lognormal,20,1.6,366.0,True,1.0,1.0000000000000002,5.902633333401366
65,638.0,random_sampling,symmetric,lognormal,20,1.6,638.0,True,0.9947368421052631,1.0000000000000002,6.45833828334479
66,877.0,random_sampling,symmetric,lognormal,20,1.6,877.0,True,0.9894736842105263,0.9999999999999997,6.776506992372183
67,515.0,random_sampling,symmetric,lognormal,20,1.6,515.0,True,1.0,0.9999999999999998,6.244166900663736
68,373.0,random_sampling,symmetric,lognormal,20,1.6,373.0,True,0.9947368421052631,1.0000000000000002,5.921578419643816
69,588.0,random_sampling,symmetric,lognormal,20,1.6,588.0,True,0.9947368421052631,1.0,6.376726947898627
70,626.0,random_sampling,symmetric,lognormal,20,1.6,626.0,True,0.9947368421052631,1.0,6.439350371100098
71,290.0,random_sampling,symmetric,lognormal,20,1.6,290.0,True,0.9947368421052631,1.0,5.66988092298052
72,348.0,random_sampling,symmetric,lognormal,20,1.6,348.0,True,1.0,1.0,5.8522024797744745
73,256.0,random_sampling,symmetric,lognormal,20,1.6,256.0,True,1.0,1.0,5.545177444479562
74,203.0,random_sampling,symmetric,lognormal,20,1.6,203.0,True,0.9947368421052631,1.0,5.313205979041787
75,228.0,random_sampling,symmetric,lognormal,20,1.6,228.0,True,1.0,0.9999999999999998,5.429345628954441
76,222.0,random_sampling,symmetric,lognormal,20,1.6,222.0,True,1.0,1.0,5.402677381872279
77,670.0,random_sampling,symmetric,lognormal,20,1.6,670.0,True,0.9947368421052631,1.0,6.507277712385012
78,555.0,random_sampling,symmetric,lognormal,20,1.6,555.0,True,1.0,1.0,6.318968113746434
79,197.0,random_sampling,symmetric,lognormal,20,1.6,197.0,True,1.0,1.0,5.2832037287379885
80,337.0,random_sampling,symmetric,lognormal,20,1.6,337.0,True,1.0,0.9999999999999998,5.820082930352362
81,1027.0,random_sampling,symmetric,lognormal,20,1.6,1027.0,True,0.9894736842105263,1.0,6.934397209928558
82,648.0,random_sampling,symmetric,lognormal,20,1.6,648.0,True,1.0,1.0000000000000002,6.473890696352274
83,344.0,random_sampling,symmetric,lognormal,20,1.6,344.0,True,1.0,1.0,5.840641657373398
84,209.0,random_sampling,symmetric,lognormal,20,1.6,209.0,True,1.0,1.0000000000000002,5.342334251964811
85,2191.0,random_sampling,symmetric,lognormal,20,1.6,2191.0,True,1.0,1.0,7.692113339595466
86,980.0,random_sampling,symmetric,lognormal,20,1.6,980.0,True,1.0,1.0,6.887552571664617
87,317.0,random_sampling,symmetric,lognormal,20,1.6,317.0,True,1.0,1.0000000000000002,5.75890177387728
88,660.0,random_sampling,symmetric,lognormal,20,1.6,660.0,True,1.0,0.9999999999999998,6.492239835020471
89,130.0,random_sampling,symmetric,lognormal,20,1.6,130.0,True,0.9947368421052631,1.0,4.867534450455582
90,461.0,random_sampling,symmetric,lognormal,20,1.6,461.0,True,1.0,0.9999999999999998,6.133398042996649
91,737.0,random_sampling,symmetric,lognormal,20,1.6,737.0,True,0.9947368421052631,1.0,6.602587892189336
92,337.0,random_sampling,symmetric,lognormal,20,1.6,337.0,True,1.0,1.0,5.820082930352362
93,987.0,random_sampling,symmetric,lognormal,20,1.6,987.0,True,1.0,1.0000000000000002,6.894670039433482
94,494.0,random_sampling,symmetric,lognormal,20,1.6,494.0,True,1.0,1.0,6.202535517187923
95,123.0,random_sampling,symmetric,lognormal,20,1.6,123.0,True,1.0,0.9999999999999998,4.812184355372417
96,1937.0,random_sampling,symmetric,lognormal,20,1.6,1937.0,True,1.0,1.0000000000000002,7.5688956634069955
97,560.0,random_sampling,symmetric,lognormal,20,1.6,560.0,True,1.0,1.0000000000000002,6.327936783729195
98,2054.0,random_sampling,symmetric,lognormal,20,1.6,2054.0,True,1.0,1.0,7.627544390488503
0,3291.0,random_sampling,symmetric,lognormal,30,2.2,3291.0,True,0.9977011494252873,1.0000000000000002,8.098946748943339
1,1264.0,random_sampling,symmetric,lognormal,30,2.2,1264.0,True,0.993103448275862,1.0000000000000002,7.142036574706803
2,13059.0,random_sampling,symmetric,lognormal,30,2.2,13059.0,True,0.9977011494252873,1.0000000000000002,9.477232830220407
3,11270.0,random_sampling,symmetric,lognormal,30,2.2,11270.0,True,0.9954022988505747,1.0,9.329899607033822
4,2596.0,random_sampling,symmetric,lognormal,30,2.2,2596.0,True,1.0,1.0,7.86172707782398
5,57540.0,random_sampling,symmetric,lognormal,30,2.2,57540.0,True,0.993103448275862,1.0,10.960235637105539
6,912.0,random_sampling,symmetric,lognormal,30,2.2,912.0,True,1.0,1.0000000000000002,6.815639990074331
7,1531.0,random_sampling,symmetric,lognormal,30,2.2,1531.0,True,0.993103448275862,1.0,7.333676395657684
8,6943.0,random_sampling,symmetric,lognormal,30,2.2,6943.0,True,0.993103448275862,1.0000000000000002,8.845489236753274
9,7018.0,random_sampling,symmetric,lognormal,30,2.2,7018.0,True,1.0,1.0,8.85623355614316
10,8949.0,random_sampling,symmetric,lognormal,30,2.2,8949.0,True,1.0,1.0000000000000002,9.099297073182859
11,14522.0,random_sampling,symmetric,lognormal,30,2.2,14522.0,True,1.0,1.0,9.583420019940192
12,3243.0,random_sampling,symmetric,lognormal,30,2.2,3243.0,True,1.0,1.0,8.084254106307318
13,1063.0,random_sampling,symmetric,lognormal,30,2.2,1063.0,True,0.9954022988505747,0.9999999999999999,6.968850378341948
14,3015.0,random_sampling,symmetric,lognormal,30,2.2,3015.0,True,0.9977011494252873,1.0000000000000002,8.011355109161286
15,4421.0,random_sampling,symmetric,lognormal,30,2.2,4421.0,True,0.9908045977011494,1.0,8.394121193826242
16,1771.0,random_sampling,symmetric,lognormal,30,2.2,1771.0,True,0.993103448275862,0.9999999999999998,7.479299637782834
17,3605.0,random_sampling,symmetric,lognormal,30,2.2,3605.0,True,0.9977011494252873,0.9999999999999999,8.190077049719049
18,3835.0,random_sampling,symmetric,lognormal,30,2.2,3835.0,True,1.0,1.0000000000000002,8.251924713801357
19,2755.0,random_sampling,symmetric,lognormal,30,2.2,2755.0,True,0.9977011494252873,1.0000000000000002,7.9211727215870145
20,3235.0,random_sampling,symmetric,lognormal,30,2.2,3235.0,True,0.993103448275862,1.0,8.081784206935001
21,8208.0,random_sampling,symmetric,lognormal,30,2.2,8208.0,True,0.9977011494252873,0.9999999999999999,9.012864567410551
22,3640.0,random_sampling,symmetric,lognormal,30,2.2,3640.0,True,0.9954022988505747,0.9999999999999999,8.199738960630786
23,864.0,random_sampling,symmetric,lognormal,30,2.2,864.0,True,0.9977011494252873,0.9999999999999999,6.761572768804055
24,1929.0,random_sampling,symmetric,lognormal,30,2.2,1929.0,True,0.9954022988505747,1.0,7.564757012905729
25,6940.0,random_sampling,symmetric,lognormal,30,2.2,6940.0,True,1.0,0.9999999999999999,8.84505705350085
26,9684.0,random_sampling,symmetric,lognormal,30,2.2,9684.0,True,1.0,1.0,9.178230318057949
27,5168.0,random_sampling,symmetric,lognormal,30,2.2,5168.0,True,0.9954022988505747,1.0,8.550241045462437
28,3239.0,random_sampling,symmetric,lognormal,30,2.2,3239.0,True,0.9977011494252873,1.0000000000000002,8.08301991917133
29,8379.0,random_sampling,symmetric,lognormal,30,2.2,8379.0,True,1.0,1.0,9.033483854613287
30,957.0,random_sampling,symmetric,lognormal,30,2.2,957.0,True,0.9954022988505747,0.9999999999999998,6.863803391452954
31,2375.0,random_sampling,symmetric,lognormal,30,2.2,2375.0,True,0.993103448275862,1.0000000000000002,7.772752716468742
32,5240.0,random_sampling,symmetric,lognormal,30,2.2,5240.0,True,1.0,0.9999999999999999,8.564076777315087
33,3647.0,random_sampling,symmetric,lognormal,30,2.2,3647.0,True,0.9885057471264368,1.0000000000000002,8.20166019080868
34,3352.0,random_sampling,symmetric,lognormal,30,2.2,3352.0,True,0.9885057471264368,0.9999999999999999,8.117312461601975
35,5423.0,random_sampling,symmetric,lognormal,30,2.2,5423.0,True,0.9977011494252873,1.0000000000000002,8.59840444684106
36,1085.0,random_sampling,symmetric,lognormal,30,2.2,1085.0,True,0.9977011494252873,1.0000000000000002,6.98933526597456
37,25111.0,random_sampling,symmetric,lognormal,30,2.2,25111.0,True,0.9977011494252873,1.0000000000000002,10.131061276129653
38,5189.0,random_sampling,symmetric,lognormal,30,2.2,5189.0,True,0.9977011494252873,1.0000000000000002,8.55429627936774
39,1775.0,random_sampling,symmetric,lognormal,30,2.2,1775.0,True,0.9954022988505747,1.0000000000000002,7.4815557019095165
40,4529.0,random_sampling,symmetric,lognormal,30,2.2,4529.0,True,0.9862068965517241,0.9999999999999998,8.418256443556213
41,9675.0,random_sampling,symmetric,lognormal,30,2.2,9675.0,True,0.9954022988505747,1.0000000000000002,9.177300517897983
42,6420.0,random_sampling,symmetric,lognormal,30,2.2,6420.0,True,0.9977011494252873,0.9999999999999998,8.767173396684006
43,1147.0,random_sampling,symmetric,lognormal,30,2.2,1147.0,True,0.9908045977011494,1.0,7.044905117129371
44,3063.0,random_sampling,symmetric,lognormal,30,2.2,3063.0,True,0.9908045977011494,1.0,8.027150106832774
45,4620.0,random_sampling,symmetric,lognormal,30,2.2,4620.0,True,0.9977011494252873,0.9999999999999998,8.438149984075784
46,5295.0,random_sampling,symmetric,lognormal,30,2.2,5295.0,True,0.993103448275862,1.0,8.574518258035507
47,9664.0,random_sampling,symmetric,lognormal,30,2.2,9664.0,True,1.0,1.0,9.176162920174596
48,3779.0,random_sampling,symmetric,lognormal,30,2.2,3779.0,True,0.9977011494252873,1.0,8.237214703349489
49,10783.0,random_sampling,symmetric,lognormal,30,2.2,10783.0,True,0.9977011494252873,0.9999999999999999,9.285726098882073
50,3924.0,random_sampling,symmetric,lognormal,30,2.2,3924.0,True,1.0,1.0000000000000002,8.274866820685254
51,2352.0,random_sampling,symmetric,lognormal,30,2.2,2352.0,True,1.0,1.0,7.763021309018518
52,2191.0,random_sampling,symmetric,lognormal,30,2.2,2191.0,True,0.9977011494252873,0.9999999999999999,7.692113339595466
53,1348.0,random_sampling,symmetric,lognormal,30,2.2,1348.0,True,0.9977011494252873,1.0,7.206377291472252
54,20839.0,random_sampling,symmetric,lognormal,30,2.2,20839.0,True,0.9908045977011494,1.0,9.944581510071089
55,6128.0,random_sampling,symmetric,lognormal,30,2.2,6128.0,True,0.9954022988505747,1.0,8.720623711420426
56,9463.0,random_sampling,symmetric,lognormal,30,2.2,9463.0,True,0.9977011494252873,0.9999999999999999,9.155144736508232
57,5045.0,random_sampling,symmetric,lognormal,30,2.2,5045.0,True,0.9977011494252873,1.0,8.52615293278771
58,3589.0,random_sampling,symmetric,lognormal,30,2.2,3589.0,True,0.9977011494252873,1.0000000000000002,8.185628891147607
59,7327.0,random_sampling,symmetric,lognormal,30,2.2,7327.0,True,1.0,0.9999999999999999,8.899321434159964
60,7719.0,random_sampling,symmetric,lognormal,30,2.2,7719.0,True,0.993103448275862,0.9999999999999999,8.951440100949855
61,4247.0,random_sampling,symmetric,lognormal,30,2.2,4247.0,True,0.9954022988505747,1.0,8.353968130313271
62,213.0,random_sampling,symmetric,lognormal,30,2.2,213.0,True,0.993103448275862,1.0,5.3612921657094255
63,5756.0,random_sampling,symmetric,lognormal,30,2.2,5756.0,True,0.9908045977011494,1.0000000000000002,8.657998068007258
64,2581.0,random_sampling,symmetric,lognormal,30,2.2,2581.0,True,0.9977011494252873,1.0,7.855932199718614
65,3478.0,random_sampling,symmetric,lognormal,30,2.2,3478.0,True,0.993103448275862,1.0,8.154212694914229
66,10717.0,random_sampling,symmetric,lognormal,30,2.2,10717.0,True,0.993103448275862,1.0,9.279586544712997
67,15757.0,random_sampling,symmetric,lognormal,30,2.2,15757.0,True,0.9908045977011494,1.0,9.665039989962045
68,4792.0,random_sampling,symmetric,lognormal,30,2.2,4792.0,True,1.0,1.0,8.474703139795285
69,1110.0,random_sampling,symmetric,lognormal,30,2.2,1110.0,True,0.9977011494252873,0.9999999999999998,7.01211529430638
70,5856.0,random_sampling,symmetric,lognormal,30,2.2,5856.0,True,0.993103448275862,1.0,8.675222055641148
71,2638.0,random_sampling,symmetric,lognormal,30,2.2,2638.0,True,0.9954022988505747,1.0,7.87777633327726
72,5644.0,random_sampling,symmetric,lognormal,30,2.2,5644.0,True,0.9977011494252873,0.9999999999999998,8.638348312972704
73,2326.0,random_sampling,symmetric,lognormal,30,2.2,2326.0,True,1.0,1.0,7.75190533307861
74,2761.0,random_sampling,symmetric,lognormal,30,2.2,2761.0,True,0.993103448275862,1.0,7.923348211930154
75,3777.0,random_sampling,symmetric,lognormal,30,2.2,3777.0,True,0.9977011494252873,1.0,8.236685322712457
76,2232.0,random_sampling,symmetric,lognormal,30,2.2,2232.0,True,0.993103448275862,0.9999999999999999,7.710653323501202
77,1978.0,random_sampling,symmetric,lognormal,30,2.2,1978.0,True,0.993103448275862,1.0000000000000002,7.589841512182657
78,26582.0,random_sampling,symmetric,lognormal,30,2.2,26582.0,True,1.0,1.0000000000000002,10.187989573981278
79,1358.0,random_sampling,symmetric,lognormal,30,2.2,1358.0,True,0.9977011494252873,1.0,7.213768308118642
80,2370.0,random_sampling,symmetric,lognormal,30,2.2,2370.0,True,0.9977011494252873,1.0,7.7706452341291765
81,5416.0,random_sampling,symmetric,lognormal,30,2.2,5416.0,True,0.9977011494252873,0.9999999999999999,8.59711281459211
82,28232.0,random_sampling,symmetric,lognormal,30,2.2,28232.0,True,0.9977011494252873,1.0,10.248211365355106
83,13888.0,random_sampling,symmetric,lognormal,30,2.2,13888.0,True,0.9954022988505747,0.9999999999999999,9.538780436900131
84,2496.0,random_sampling,symmetric,lognormal,30,2.2,2496.0,True,0.9977011494252873,1.0000000000000002,7.822444729489319
85,6198.0,random_sampling,symmetric,lognormal,30,2.2,6198.0,True,0.9908045977011494,1.0,8.731981938347694
86,6113.0,random_sampling,symmetric,lognormal,30,2.2,6113.0,True,0.9977011494252873,0.9999999999999999,8.718172930028725
87,2342.0,random_sampling,symmetric,lognormal,30,2.2,2342.0,True,0.9954022988505747,1.0000000000000002,7.758760544157663
88,4658.0,random_sampling,symmetric,lognormal,30,2.2,4658.0,True,0.9977011494252873,1.0000000000000002,8.446341450444287
89,18507.0,random_sampling,symmetric,lognormal,30,2.2,18507.0,True,0.9977011494252873,0.9999999999999999,9.825904317877749
90,19382.0,random_sampling,symmetric,lognormal,30,2.2,19382.0,True,0.9977011494252873,0.9999999999999998,9.872100079294496
91,735.0,random_sampling,symmetric,lognormal,30,2.2,735.0,True,0.9885057471264368,0.9999999999999999,6.5998704992128365
92,10622.0,random_sampling,symmetric,lognormal,30,2.2,10622.0,True,0.993103448275862,1.0,9.270682600982344
93,2244.0,random_sampling,symmetric,lognormal,30,2.2,2244.0,True,0.9977011494252873,1.0000000000000002,7.716015266642587
94,2205.0,random_sampling,symmetric,lognormal,30,2.2,2205.0,True,0.9908045977011494,1.0,7.6984827878809465
95,6616.0,random_sampling,symmetric,lognormal,30,2.2,6616.0,True,0.9977011494252873,1.0000000000000002,8.797246236703527
96,12007.0,random_sampling,symmetric,lognormal,30,2.2,12007.0,True,0.9908045977011494,1.0000000000000002,9.393245092030718
97,10443.0,random_sampling,symmetric,lognormal,30,2.2,10443.0,True,0.9977011494252873,1.0000000000000002,9.253687176479549
98,8617.0,random_sampling,symmetric,lognormal,30,2.2,8617.0,True,0.9977011494252873,1.0000000000000002,9.061492275239766
99,1329.0,random_sampling,symmetric,lognormal,30,2.2,1329.0,True,0.9977011494252873,1.0,7.192182058713246
0,3006.0,random_sampling,symmetric,lognormal,20,0.6,3006.0,True,1.0,0.9999999999999998,8.00836557031292
1,1032.0,random_sampling,symmetric,lognormal,20,0.6,1032.0,True,1.0,1.0,6.939253946041508
2,157.0,random_sampling,symmetric,lognormal,20,0.6,157.0,True,1.0,0.9999999999999998,5.056245805348308
3,249.0,random_sampling,symmetric,lognormal,20,0.6,249.0,True,0.9947368421052631,1.0000000000000002,5.517452896464707
4,1279.0,random_sampling,symmetric,lognormal,20,0.6,1279.0,True,0.9947368421052631,1.0,7.153833801578843
5,1310.0,random_sampling,symmetric,lognormal,20,0.6,1310.0,True,1.0,1.0000000000000002,7.177782416195197
6,818.0,random_sampling,symmetric,lognormal,20,0.6,818.0,True,0.9947368421052631,1.0,6.706862336602747
7,403.0,random_sampling,symmetric,lognormal,20,0.6,403.0,True,1.0,1.0,5.998936561946683
8,673.0,random_sampling,symmetric,lognormal,20,0.6,673.0,True,1.0,1.0,6.511745329644728
9,439.0,random_sampling,symmetric,lognormal,20,0.6,439.0,True,0.9947368421052631,0.9999999999999998,6.0844994130751715
10,550.0,random_sampling,symmetric,lognormal,20,0.6,550.0,True,1.0,1.0,6.309918278226516
11,427.0,random_sampling,symmetric,lognormal,20,0.6,427.0,True,1.0,0.9999999999999998,6.056784013228625
12,592.0,random_sampling,symmetric,lognormal,20,0.6,592.0,True,0.9947368421052631,1.0,6.3835066348840055
13,459.0,random_sampling,symmetric,lognormal,20,0.6,459.0,True,1.0,1.0,6.129050210060545
14,1473.0,random_sampling,symmetric,lognormal,20,0.6,1473.0,True,1.0,1.0,7.29505641646263
15,92.0,random_sampling,symmetric,lognormal,20,0.6,92.0,True,0.9947368421052631,0.9999999999999998,4.5217885770490405
16,230.0,random_sampling,symmetric,lognormal,20,0.6,230.0,True,0.9894736842105263,1.0,5.438079308923196
17,754.0,random_sampling,symmetric,lognormal,20,0.6,754.0,True,0.9947368421052631,1.0000000000000002,6.625392368007956
18,651.0,random_sampling,symmetric,lognormal,20,0.6,651.0,True,1.0,0.9999999999999998,6.478509642208569
19,313.0,random_sampling,symmetric,lognormal,20,0.6,313.0,True,1.0,1.0,5.746203190540153
20,1600.0,random_sampling,symmetric,lognormal,20,0.6,1600.0,True,1.0,1.0000000000000002,7.3777589082278725
21,618.0,random_sampling,symmetric,lognormal,20,0.6,618.0,True,0.9894736842105263,1.0,6.42648845745769
22,991.0,random_sampling,symmetric,lognormal,20,0.6,991.0,True,1.0,1.0,6.898714534329988
23,93.0,random_sampling,symmetric,lognormal,20,0.6,93.0,True,1.0,0.9999999999999998,4.532599493153256
24,891.0,random_sampling,symmetric,lognormal,20,0.6,891.0,True,0.9947368421052631,1.0,6.792344427470809
25,232.0,random_sampling,symmetric,lognormal,20,0.6,232.0,True,0.9947368421052631,1.0,5.44673737166631
26,612.0,random_sampling,symmetric,lognormal,20,0.6,612.0,True,1.0,0.9999999999999998,6.416732282512326
27,366.0,random_sampling,symmetric,lognormal,20,0.6,366.0,True,1.0,0.9999999999999998,5.902633333401366
28,1594.0,random_sampling,symmetric,lognormal,20,0.6,1594.0,True,1.0,0.9999999999999998,7.374001859350161
29,319.0,random_sampling,symmetric,lognormal,20,0.6,319.0,True,1.0,1.0,5.765191102784844
30,411.0,random_sampling,symmetric,lognormal,20,0.6,411.0,True,1.0,1.0,6.018593214496234
31,2137.0,random_sampling,symmetric,lognormal,20,0.6,2137.0,True,1.0,1.0000000000000002,7.667158255319148
32,512.0,random_sampling,symmetric,lognormal,20,0.6,512.0,True,1.0,1.0000000000000002,6.238324625039508
33,376.0,random_sampling,symmetric,lognormal,20,0.6,376.0,True,1.0,0.9999999999999998,5.929589143389895
34,237.0,random_sampling,symmetric,lognormal,20,0.6,237.0,True,1.0,1.0,5.4680601411351315
35,504.0,random_sampling,symmetric,lognormal,20,0.6,504.0,True,1.0,1.0000000000000002,6.222576268071369
36,153.0,random_sampling,symmetric,lognormal,20,0.6,153.0,True,0.9894736842105263,1.0000000000000002,5.030437921392435
37,890.0,random_sampling,symmetric,lognormal,20,0.6,890.0,True,0.9947368421052631,1.0,6.7912214627261855
38,953.0,random_sampling,symmetric,lognormal,20,0.6,953.0,True,1.0,1.0000000000000002,6.859614903654202
39,858.0,random_sampling,symmetric,lognormal,20,0.6,858.0,True,1.0,0.9999999999999998,6.754604099487962
40,845.0,random_sampling,symmetric,lognormal,20,0.6,845.0,True,1.0,1.0000000000000002,6.739336627357174
41,224.0,random_sampling,symmetric,lognormal,20,0.6,224.0,True,1.0,1.0,5.4116460518550396
42,660.0,random_sampling,symmetric,lognormal,20,0.6,660.0,True,1.0,0.9999999999999998,6.492239835020471
43,234.0,random_sampling,symmetric,lognormal,20,0.6,234.0,True,1.0,1.0,5.455321115357702
44,382.0,random_sampling,symmetric,lognormal,20,0.6,382.0,True,1.0,1.0,5.945420608606575
45,1600.0,random_sampling,symmetric,lognormal,20,0.6,1600.0,True,1.0,1.0,7.3777589082278725
46,440.0,random_sampling,symmetric,lognormal,20,0.6,440.0,True,0.9947368421052631,0.9999999999999998,6.0867747269123065
47,654.0,random_sampling,symmetric,lognormal,20,0.6,654.0,True,0.9947368421052631,0.9999999999999998,6.483107351457199
48,1122.0,random_sampling,symmetric,lognormal,20,0.6,1122.0,True,1.0,0.9999999999999998,7.022868086082641
49,3192.0,random_sampling,symmetric,lognormal,20,0.6,3192.0,True,0.9894736842105263,0.9999999999999998,8.068402958569699
50,677.0,random_sampling,symmetric,lognormal,20,0.6,677.0,True,0.9947368421052631,0.9999999999999998,6.517671272912275
51,546.0,random_sampling,symmetric,lognormal,20,0.6,546.0,True,1.0,1.0,6.302618975744905
52,364.0,random_sampling,symmetric,lognormal,20,0.6,364.0,True,1.0,1.0,5.8971538676367405
53,633.0,random_sampling,symmetric,lognormal,20,0.6,633.0,True,1.0,1.0,6.450470422144176
54,1634.0,random_sampling,symmetric,lognormal,20,0.6,1634.0,True,1.0,1.0000000000000004,7.3987862754199485
55,3242.0,random_sampling,symmetric,lognormal,20,0.6,3242.0,True,1.0,0.9999999999999998,8.08394570229562
56,458.0,random_sampling,symmetric,lognormal,20,0.6,458.0,True,1.0,0.9999999999999998,6.126869184114185
57,3258.0,random_sampling,symmetric,lognormal,20,0.6,3258.0,True,1.0,0.9999999999999998,8.08886878916199
58,1402.0,random_sampling,symmetric,lognormal,20,0.6,1402.0,True,1.0,1.0,7.2456550675945355
59,1261.0,random_sampling,symmetric,lognormal,20,0.6,1261.0,True,0.9947368421052631,0.9999999999999998,7.13966033596492
60,499.0,random_sampling,symmetric,lognormal,20,0.6,499.0,True,0.9947368421052631,1.0,6.212606095751519
61,260.0,random_sampling,symmetric,lognormal,20,0.6,260.0,True,1.0,1.0,5.560681631015528
62,125.0,random_sampling,symmetric,lognormal,20,0.6,125.0,True,1.0,0.9999999999999998,4.8283137373023015
63,1046.0,random_sampling,symmetric,lognormal,20,0.6,1046.0,True,0.9947368421052631,1.0,6.952728644624869
64,499.0,random_sampling,symmetric,lognormal,20,0.6,499.0,True,1.0,0.9999999999999998,6.212606095751519
65,1098.0,random_sampling,symmetric,lognormal,20,0.6,1098.0,True,1.0,0.9999999999999998,7.001245622069476
66,225.0,random_sampling,symmetric,lognormal,20,0.6,225.0,True,1.0,1.0000000000000004,5.41610040220442
67,109.0,random_sampling,symmetric,lognormal,20,0.6,109.0,True,0.9947368421052631,1.0000000000000002,4.6913478822291435
68,1525.0,random_sampling,symmetric,lognormal,20,0.6,1525.0,True,1.0,1.0,7.329749689041512
69,917.0,random_sampling,symmetric,lognormal,20,0.6,917.0,True,1.0,1.0,6.821107472256465
70,350.0,random_sampling,symmetric,lognormal,20,0.6,350.0,True,1.0,1.0,5.857933154483459
71,559.0,random_sampling,symmetric,lognormal,20,0.6,559.0,True,1.0,1.0,6.326149473155099
72,1179.0,random_sampling,symmetric,lognormal,20,0.6,1179.0,True,1.0,1.0,7.072421900537371
73,1831.0,random_sampling,symmetric,lognormal,20,0.6,1831.0,True,1.0,1.0,7.5126175446745105
74,686.0,random_sampling,symmetric,lognormal,20,0.6,686.0,True,0.9947368421052631,1.0,6.530877627725885
75,1348.0,random_sampling,symmetric,lognormal,20,0.6,1348.0,True,1.0,1.0000000000000002,7.206377291472252
76,915.0,random_sampling,symmetric,lognormal,20,0.6,915.0,True,0.9947368421052631,1.0,6.818924065275521
77,119.0,random_sampling,symmetric,lognormal,20,0.6,119.0,True,1.0,0.9999999999999998,4.77912349311153
78,559.0,random_sampling,symmetric,lognormal,20,0.6,559.0,True,1.0,1.0000000000000002,6.326149473155099
79,317.0,random_sampling,symmetric,lognormal,20,0.6,317.0,True,0.9947368421052631,1.0,5.75890177387728
80,217.0,random_sampling,symmetric,lognormal,20,0.6,217.0,True,1.0,0.9999999999999994,5.37989735354046
81,1004.0,random_sampling,symmetric,lognormal,20,0.6,1004.0,True,1.0,0.9999999999999998,6.911747300251674
82,302.0,random_sampling,symmetric,lognormal,20,0.6,302.0,True,1.0,0.9999999999999998,5.71042701737487
83,1449.0,random_sampling,symmetric,lognormal,20,0.6,1449.0,True,0.9894736842105263,1.0000000000000002,7.278628942320682
84,573.0,random_sampling,symmetric,lognormal,20,0.6,573.0,True,1.0,1.0,6.35088571671474
85,456.0,random_sampling,symmetric,lognormal,20,0.6,456.0,True,0.9947368421052631,0.9999999999999998,6.1224928095143865
86,998.0,random_sampling,symmetric,lognormal,20,0.6,998.0,True,1.0,1.0000000000000002,6.905753276311464
87,384.0,random_sampling,symmetric,lognormal,20,0.6,384.0,True,1.0,1.0,5.950642552587727
88,284.0,random_sampling,symmetric,lognormal,20,0.6,284.0,True,0.9947368421052631,1.0,5.648974238161206
89,613.0,random_sampling,symmetric,lognormal,20,0.6,613.0,True,1.0,1.0,6.418364935936212
90,410.0,random_sampling,symmetric,lognormal,20,0.6,410.0,True,1.0,1.0000000000000002,6.016157159698354
91,261.0,random_sampling,symmetric,lognormal,20,0.6,261.0,True,0.9947368421052631,0.9999999999999998,5.564520407322694
92,297.0,random_sampling,symmetric,lognormal,20,0.6,297.0,True,0.9947368421052631,1.0000000000000002,5.6937321388027
93,495.0,random_sampling,symmetric,lognormal,20,0.6,495.0,True,1.0,1.0000000000000002,6.20455776256869
94,322.0,random_sampling,symmetric,lognormal,20,0.6,322.0,True,1.0,1.0000000000000004,5.7745515455444085
95,291.0,random_sampling,symmetric,lognormal,20,0.6,291.0,True,0.9947368421052631,1.0000000000000002,5.673323267171493
96,1176.0,random_sampling,symmetric,lognormal,20,0.6,1176.0,True,1.0,1.0,7.069874128458572
97,1644.0,random_sampling,symmetric,lognormal,20,0.6,1644.0,True,1.0,0.9999999999999998,7.404887575616125
98,610.0,random_sampling,symmetric,lognormal,20,0.6,610.0,True,1.0,1.0000000000000002,6.413458957167357
99,1267.0,random_sampling,symmetric,lognormal,20,0.6,1267.0,True,0.9947368421052631,1.0,7.144407180321139
0,88.0,random_sampling,symmetric,lognormal,20,4.4,88.0,True,0.9842105263157894,0.9999999999999998,4.477336814478207
1,135.0,random_sampling,symmetric,lognormal,20,4.4,135.0,True,0.9894736842105263,0.9999999999999998,4.90527477843843
2,439.0,random_sampling,symmetric,lognormal,20,4.4,439.0,True,0.9789473684210527,1.0000000000000002,6.0844994130751715
3,132.0,random_sampling,symmetric,lognormal,20,4.4,132.0,True,0.9894736842105263,1.0,4.882801922586371
4,114.0,random_sampling,symmetric,lognormal,20,4.4,114.0,True,0.9631578947368421,0.9999999999999997,4.736198448394496
5,129.0,random_sampling,symmetric,lognormal,20,4.4,129.0,True,0.9631578947368421,1.0,4.859812404361672
6,332.0,random_sampling,symmetric,lognormal,20,4.4,332.0,True,0.9736842105263158,1.0,5.805134968916488
7,566.0,random_sampling,symmetric,lognormal,20,4.4,566.0,True,1.0,1.0000000000000002,6.338594078203183
8,99.0,random_sampling,symmetric,lognormal,20,4.4,99.0,True,0.9842105263157894,1.0,4.59511985013459
9,72.0,random_sampling,symmetric,lognormal,20,4.4,72.0,True,1.0,1.0,4.276666119016055
10,399.0,random_sampling,symmetric,lognormal,20,4.4,399.0,True,0.9842105263157894,1.0,5.988961416889864
11,547.0,random_sampling,symmetric,lognormal,20,4.4,547.0,True,0.9789473684210527,1.0000000000000002,6.304448802421981
12,237.0,random_sampling,symmetric,lognormal,20,4.4,237.0,True,0.968421052631579,1.0,5.4680601411351315
13,674.0,random_sampling,symmetric,lognormal,20,4.4,674.0,True,0.9789473684210527,1.0000000000000002,6.513230110912307
14,120.0,random_sampling,symmetric,lognormal,20,4.4,120.0,True,0.9789473684210527,1.0000000000000002,4.787491742782046
15,360.0,random_sampling,symmetric,lognormal,20,4.4,360.0,True,0.9736842105263158,1.0000000000000002,5.886104031450156
16,223.0,random_sampling,symmetric,lognormal,20,4.4,223.0,True,0.9789473684210527,0.9999999999999998,5.407171771460119
17,294.0,random_sampling,symmetric,lognormal,20,4.4,294.0,True,0.9842105263157894,1.0000000000000002,5.683579767338681
18,100.0,random_sampling,symmetric,lognormal,20,4.4,100.0,True,0.9894736842105263,0.9999999999999998,4.605170185988092
19,408.0,random_sampling,symmetric,lognormal,20,4.4,408.0,True,0.9947368421052631,1.0,6.0112671744041615
20,116.0,random_sampling,symmetric,lognormal,20,4.4,116.0,True,0.968421052631579,0.9999999999999998,4.7535901911063645
21,173.0,random_sampling,symmetric,lognormal,20,4.4,173.0,True,0.9947368421052631,1.0,5.153291594497779
22,301.0,random_sampling,symmetric,lognormal,20,4.4,301.0,True,0.9947368421052631,1.0000000000000002,5.707110264748875
23,67.0,random_sampling,symmetric,lognormal,20,4.4,67.0,True,0.9789473684210527,0.9999999999999998,4.204692619390966
24,296.0,random_sampling,symmetric,lognormal,20,4.4,296.0,True,0.9789473684210527,0.9999999999999997,5.69035945432406
25,68.0,random_sampling,symmetric,lognormal,20,4.4,68.0,True,0.9947368421052631,1.0000000000000002,4.219507705176107
26,331.0,random_sampling,symmetric,lognormal,20,4.4,331.0,True,0.9894736842105263,1.0,5.802118375377063
27,312.0,random_sampling,symmetric,lognormal,20,4.4,312.0,True,0.9736842105263158,1.0,5.7430031878094825
28,72.0,random_sampling,symmetric,lognormal,20,4.4,72.0,True,0.9789473684210527,1.0,4.276666119016055
29,90.0,random_sampling,symmetric,lognormal,20,4.4,90.0,True,0.9631578947368421,1.0,4.499809670330265
30,435.0,random_sampling,symmetric,lognormal,20,4.4,435.0,True,0.9842105263157894,1.0000000000000002,6.075346031088684
31,111.0,random_sampling,symmetric,lognormal,20,4.4,111.0,True,0.9894736842105263,1.0,4.709530201312334
32,204.0,random_sampling,symmetric,lognormal,20,4.4,204.0,True,0.9842105263157894,1.0000000000000002,5.318119993844216
33,111.0,random_sampling,symmetric,lognormal,20,4.4,111.0,True,0.9947368421052631,1.0,4.709530201312334
34,525.0,random_sampling,symmetric,lognormal,20,4.4,525.0,True,0.9736842105263158,1.0,6.263398262591624
35,571.0,random_sampling,symmetric,lognormal,20,4.4,571.0,True,0.9789473684210527,1.0,6.3473892096560105
36,166.0,random_sampling,symmetric,lognormal,20,4.4,166.0,True,0.9736842105263158,1.0000000000000002,5.111987788356544
37,578.0,random_sampling,symmetric,lognormal,20,4.4,578.0,True,0.9894736842105263,1.0,6.359573868672378
38,227.0,random_sampling,symmetric,lognormal,20,4.4,227.0,True,0.9842105263157894,1.0000000000000002,5.424950017481403
39,48.0,random_sampling,symmetric,lognormal,20,4.4,48.0,True,0.9736842105263158,1.0,3.871201010907891
40,274.0,random_sampling,symmetric,lognormal,20,4.4,274.0,True,0.9736842105263158,1.0,5.6131281063880705
41,74.0,random_sampling,symmetric,lognormal,20,4.4,74.0,True,0.9736842105263158,0.9999999999999998,4.30406509320417
42,189.0,random_sampling,symmetric,lognormal,20,4.4,189.0,True,0.968421052631579,1.0,5.241747015059643
43,550.0,random_sampling,symmetric,lognormal,20,4.4,550.0,True,0.9842105263157894,1.0000000000000002,6.309918278226516
44,395.0,random_sampling,symmetric,lognormal,20,4.4,395.0,True,0.9842105263157894,1.0,5.978885764901122
45,107.0,random_sampling,symmetric,lognormal,20,4.4,107.0,True,0.9789473684210527,1.0,4.672828834461906
46,527.0,random_sampling,symmetric,lognormal,20,4.4,527.0,True,0.9789473684210527,1.0000000000000002,6.267200548541362
47,272.0,random_sampling,symmetric,lognormal,20,4.4,272.0,True,0.9789473684210527,1.0,5.605802066295998
48,331.0,random_sampling,symmetric,lognormal,20,4.4,331.0,True,1.0,1.0000000000000002,5.802118375377063
49,328.0,random_sampling,symmetric,lognormal,20,4.4,328.0,True,0.9842105263157894,0.9999999999999998,5.793013608384144
50,74.0,random_sampling,symmetric,lognormal,20,4.4,74.0,True,0.9842105263157894,1.0,4.30406509320417
51,74.0,random_sampling,symmetric,lognormal,20,4.4,74.0,True,0.9789473684210527,0.9999999999999998,4.30406509320417
52,389.0,random_sampling,symmetric,lognormal,20,4.4,389.0,True,0.9631578947368421,1.0,5.963579343618446
53,681.0,random_sampling,symmetric,lognormal,20,4.4,681.0,True,0.9842105263157894,1.0,6.523562306149512
54,320.0,random_sampling,symmetric,lognormal,20,4.4,320.0,True,0.9947368421052631,1.0000000000000002,5.768320995793772
55,168.0,random_sampling,symmetric,lognormal,20,4.4,168.0,True,0.9631578947368421,1.0,5.123963979403259
56,35.0,random_sampling,symmetric,lognormal,20,4.4,35.0,True,0.9947368421052631,0.9999999999999998,3.5553480614894135
57,272.0,random_sampling,symmetric,lognormal,20,4.4,272.0,True,0.9894736842105263,1.0000000000000002,5.605802066295998
58,565.0,random_sampling,symmetric,lognormal,20,4.4,565.0,True,0.9578947368421052,1.0,6.336825731146441
59,99.0,random_sampling,symmetric,lognormal,20,4.4,99.0,True,0.9736842105263158,1.0,4.59511985013459
60,99.0,random_sampling,symmetric,lognormal,20,4.4,99.0,True,0.9789473684210527,1.0000000000000002,4.59511985013459
61,237.0,random_sampling,symmetric,lognormal,20,4.4,237.0,True,0.9842105263157894,0.9999999999999998,5.4680601411351315
62,193.0,random_sampling,symmetric,lognormal,20,4.4,193.0,True,0.9736842105263158,1.0,5.262690188904886
63,164.0,random_sampling,symmetric,lognormal,20,4.4,164.0,True,0.9736842105263158,1.0,5.099866427824199
64,114.0,random_sampling,symmetric,lognormal,20,4.4,114.0,True,0.9578947368421052,1.0,4.736198448394496
65,156.0,random_sampling,symmetric,lognormal,20,4.4,156.0,True,0.9578947368421052,0.9999999999999997,5.049856007249537
66,199.0,random_sampling,symmetric,lognormal,20,4.4,199.0,True,0.9736842105263158,0.9999999999999998,5.293304824724492
67,992.0,random_sampling,symmetric,lognormal,20,4.4,992.0,True,0.9894736842105263,1.0,6.899723107284872
68,83.0,random_sampling,symmetric,lognormal,20,4.4,83.0,True,0.9842105263157894,1.0000000000000002,4.418840607796598
69,234.0,random_sampling,symmetric,lognormal,20,4.4,234.0,True,0.9789473684210527,1.0,5.455321115357702
70,191.0,random_sampling,symmetric,lognormal,20,4.4,191.0,True,0.9421052631578948,0.9999999999999998,5.25227342804663
71,83.0,random_sampling,symmetric,lognormal,20,4.4,83.0,True,0.9473684210526315,1.0,4.418840607796598
72,209.0,random_sampling,symmetric,lognormal,20,4.4,209.0,True,0.9631578947368421,0.9999999999999998,5.342334251964811
73,96.0,random_sampling,symmetric,lognormal,20,4.4,96.0,True,0.9736842105263158,0.9999999999999998,4.564348191467836
74,113.0,random_sampling,symmetric,lognormal,20,4.4,113.0,True,0.9947368421052631,0.9999999999999998,4.727387818712341
75,176.0,random_sampling,symmetric,lognormal,20,4.4,176.0,True,0.9526315789473684,1.0000000000000002,5.170483995038151
76,622.0,random_sampling,symmetric,lognormal,20,4.4,622.0,True,0.9736842105263158,1.0,6.432940092739179
77,417.0,random_sampling,symmetric,lognormal,20,4.4,417.0,True,0.9947368421052631,1.0,6.0330862217988015
78,242.0,random_sampling,symmetric,lognormal,20,4.4,242.0,True,0.9894736842105263,1.0,5.488937726156687
79,150.0,random_sampling,symmetric,lognormal,20,4.4,150.0,True,0.9789473684210527,1.0000000000000002,5.0106352940962555
80,1107.0,random_sampling,symmetric,lognormal,20,4.4,1107.0,True,0.9578947368421052,1.0,7.009408932708637
81,183.0,random_sampling,symmetric,lognormal,20,4.4,183.0,True,0.9894736842105263,0.9999999999999998,5.209486152841421
82,1369.0,random_sampling,symmetric,lognormal,20,4.4,1369.0,True,0.9947368421052631,0.9999999999999998,7.221835825288449
83,228.0,random_sampling,symmetric,lognormal,20,4.4,228.0,True,0.9789473684210527,0.9999999999999998,5.429345628954441
84,1328.0,random_sampling,symmetric,lognormal,20,4.4,1328.0,True,0.9789473684210527,1.0,7.191429330036379
85,118.0,random_sampling,symmetric,lognormal,20,4.4,118.0,True,0.968421052631579,1.0000000000000002,4.770684624465665
86,202.0,random_sampling,symmetric,lognormal,20,4.4,202.0,True,0.9578947368421052,1.0000000000000002,5.308267697401205
87,141.0,random_sampling,symmetric,lognormal,20,4.4,141.0,True,0.9894736842105263,1.0,4.948759890378168
88,184.0,random_sampling,symmetric,lognormal,20,4.4,184.0,True,0.968421052631579,1.0,5.214935757608986
89,118.0,random_sampling,symmetric,lognormal,20,4.4,118.0,True,0.9894736842105263,1.0,4.770684624465665
90,763.0,random_sampling,symmetric,lognormal,20,4.4,763.0,True,0.9736842105263158,1.0000000000000002,6.637258031284457
91,152.0,random_sampling,symmetric,lognormal,20,4.4,152.0,True,0.9894736842105263,0.9999999999999998,5.0238805208462765
92,235.0,random_sampling,symmetric,lognormal,20,4.4,235.0,True,0.9789473684210527,0.9999999999999998,5.459585514144159
93,345.0,random_sampling,symmetric,lognormal,20,4.4,345.0,True,0.9736842105263158,1.0000000000000002,5.84354441703136
94,341.0,random_sampling,symmetric,lognormal,20,4.4,341.0,True,0.9736842105263158,1.0,5.831882477283517
95,48.0,random_sampling,symmetric,lognormal,20,4.4,48.0,True,0.9736842105263158,1.0,3.871201010907891
96,357.0,random_sampling,symmetric,lognormal,20,4.4,357.0,True,0.9789473684210527,1.0,5.877735781779639
97,99.0,random_sampling,symmetric,lognormal,20,4.4,99.0,True,0.9736842105263158,1.0,4.59511985013459
98,121.0,random_sampling,symmetric,lognormal,20,4.4,121.0,True,0.9526315789473684,0.9999999999999998,4.795790545596741
99,401.0,random_sampling,symmetric,lognormal,20,4.4,401.0,True,0.9736842105263158,1.0,5.993961427306569
0,113.0,random_sampling,symmetric,uniform,30,5.0,113.0,True,0.013793103448275862,,4.727387818712341
1,291.0,random_sampling,symmetric,uniform,30,5.0,291.0,True,0.013793103448275862,,5.673323267171493
2,376.0,random_sampling,symmetric,uniform,30,5.0,376.0,True,0.013793103448275862,,5.929589143389895
3,255.0,random_sampling,symmetric,uniform,30,5.0,255.0,True,0.013793103448275862,,5.541263545158426
4,124.0,random_sampling,symmetric,uniform,30,5.0,124.0,True,0.013793103448275862,,4.820281565605037
5,724.0,random_sampling,symmetric,uniform,30,5.0,724.0,True,0.013793103448275862,,6.584791392385716
6,900.0,random_sampling,symmetric,uniform,30,5.0,900.0,True,0.013793103448275862,,6.802394763324311
7,470.0,random_sampling,symmetric,uniform,30,5.0,470.0,True,0.013793103448275862,,6.152732694704104
8,354.0,random_sampling,symmetric,uniform,30,5.0,354.0,True,0.013793103448275862,,5.869296913133774
9,131.0,random_sampling,symmetric,uniform,30,5.0,131.0,True,0.013793103448275862,,4.875197323201151
10,261.0,random_sampling,symmetric,uniform,30,5.0,261.0,True,0.013793103448275862,,5.564520407322694
11,510.0,random_sampling,symmetric,uniform,30,5.0,510.0,True,0.013793103448275862,,6.234410725718371
12,359.0,random_sampling,symmetric,uniform,30,5.0,359.0,True,0.013793103448275862,,5.883322388488279
13,864.0,random_sampling,symmetric,uniform,30,5.0,864.0,True,0.013793103448275862,,6.761572768804055
14,211.0,random_sampling,symmetric,uniform,30,5.0,211.0,True,0.013793103448275862,,5.351858133476067
15,388.0,random_sampling,symmetric,uniform,30,5.0,388.0,True,0.013793103448275862,,5.961005339623274
16,258.0,random_sampling,symmetric,uniform,30,5.0,258.0,True,0.013793103448275862,,5.552959584921617
17,461.0,random_sampling,symmetric,uniform,30,5.0,461.0,True,0.013793103448275862,,6.133398042996649
18,504.0,random_sampling,symmetric,uniform,30,5.0,504.0,True,0.013793103448275862,,6.222576268071369
19,151.0,random_sampling,symmetric,uniform,30,5.0,151.0,True,0.013793103448275862,1.0,5.017279836814924
20,234.0,random_sampling,symmetric,uniform,30,5.0,234.0,True,0.013793103448275862,,5.455321115357702
21,348.0,random_sampling,symmetric,uniform,30,5.0,348.0,True,0.013793103448275862,,5.8522024797744745
22,263.0,random_sampling,symmetric,uniform,30,5.0,263.0,True,0.013793103448275862,,5.572154032177765
23,283.0,random_sampling,symmetric,uniform,30,5.0,283.0,True,0.013793103448275862,,5.645446897643238
24,419.0,random_sampling,symmetric,uniform,30,5.0,419.0,True,0.013793103448275862,1.0,6.037870919922137
25,485.0,random_sampling,symmetric,uniform,30,5.0,485.0,True,0.013793103448275862,,6.184148890937483
26,149.0,random_sampling,symmetric,uniform,30,5.0,149.0,True,0.013793103448275862,,5.003946305945459
27,222.0,random_sampling,symmetric,uniform,30,5.0,222.0,True,0.013793103448275862,1.0,5.402677381872279
28,517.0,random_sampling,symmetric,uniform,30,5.0,517.0,True,0.013793103448275862,,6.248042874508429
29,608.0,random_sampling,symmetric,uniform,30,5.0,608.0,True,0.013793103448275862,,6.410174881966167
30,254.0,random_sampling,symmetric,uniform,30,5.0,254.0,True,0.013793103448275862,,5.537334267018537
31,241.0,random_sampling,symmetric,uniform,30,5.0,241.0,True,0.013793103448275862,,5.484796933490655
32,253.0,random_sampling,symmetric,uniform,30,5.0,253.0,True,0.013793103448275862,,5.53338948872752
33,476.0,random_sampling,symmetric,uniform,30,5.0,476.0,True,0.013793103448275862,1.0,6.16541785423142
34,446.0,random_sampling,symmetric,uniform,30,5.0,446.0,True,0.013793103448275862,,6.100318952020064
35,446.0,random_sampling,symmetric,uniform,30,5.0,446.0,True,0.013793103448275862,,6.100318952020064
36,492.0,random_sampling,symmetric,uniform,30,5.0,492.0,True,0.013793103448275862,,6.198478716492308
37,788.0,random_sampling,symmetric,uniform,30,5.0,788.0,True,0.013793103448275862,,6.669498089857879
38,310.0,random_sampling,symmetric,uniform,30,5.0,310.0,True,0.013793103448275862,,5.736572297479192
39,172.0,random_sampling,symmetric,uniform,30,5.0,172.0,True,0.013793103448275862,,5.147494476813453
40,461.0,random_sampling,symmetric,uniform,30,5.0,461.0,True,0.013793103448275862,,6.133398042996649
41,179.0,random_sampling,symmetric,uniform,30,5.0,179.0,True,0.013793103448275862,,5.187385805840755
42,358.0,random_sampling,symmetric,uniform,30,5.0,358.0,True,0.013793103448275862,,5.8805329864007
43,298.0,random_sampling,symmetric,uniform,30,5.0,298.0,True,0.013793103448275862,,5.697093486505405
44,816.0,random_sampling,symmetric,uniform,30,5.0,816.0,True,0.013793103448275862,,6.704414354964107
45,850.0,random_sampling,symmetric,uniform,30,5.0,850.0,True,0.013793103448275862,1.0,6.745236349484363
46,137.0,random_sampling,symmetric,uniform,30,5.0,137.0,True,0.013793103448275862,,4.919980925828125
47,353.0,random_sampling,symmetric,uniform,30,5.0,353.0,True,0.013793103448275862,,5.8664680569332965
48,423.0,random_sampling,symmetric,uniform,30,5.0,423.0,True,0.013793103448275862,,6.0473721790462776
49,445.0,random_sampling,symmetric,uniform,30,5.0,445.0,True,0.013793103448275862,,6.09807428216624
50,446.0,random_sampling,symmetric,uniform,30,5.0,446.0,True,0.013793103448275862,,6.100318952020064
51,302.0,random_sampling,symmetric,uniform,30,5.0,302.0,True,0.013793103448275862,,5.71042701737487
52,278.0,random_sampling,symmetric,uniform,30,5.0,278.0,True,0.013793103448275862,,5.627621113690637
53,281.0,random_sampling,symmetric,uniform,30,5.0,281.0,True,0.013793103448275862,,5.638354669333745
54,796.0,random_sampling,symmetric,uniform,30,5.0,796.0,True,0.013793103448275862,,6.679599185844383
55,251.0,random_sampling,symmetric,uniform,30,5.0,251.0,True,0.013793103448275862,,5.5254529391317835
56,1281.0,random_sampling,symmetric,uniform,30,5.0,1281.0,True,0.013793103448275862,,7.155396301896734
57,430.0,random_sampling,symmetric,uniform,30,5.0,430.0,True,0.013793103448275862,,6.063785208687608
58,448.0,random_sampling,symmetric,uniform,30,5.0,448.0,True,0.013793103448275862,,6.104793232414985
59,220.0,random_sampling,symmetric,uniform,30,5.0,220.0,True,0.013793103448275862,1.0,5.393627546352362
60,195.0,random_sampling,symmetric,uniform,30,5.0,195.0,True,0.013793103448275862,,5.272999558563747
61,294.0,random_sampling,symmetric,uniform,30,5.0,294.0,True,0.013793103448275862,,5.683579767338681
62,162.0,random_sampling,symmetric,uniform,30,5.0,162.0,True,0.013793103448275862,,5.087596335232384
63,156.0,random_sampling,symmetric,uniform,30,5.0,156.0,True,0.013793103448275862,,5.049856007249537
64,583.0,random_sampling,symmetric,uniform,30,5.0,583.0,True,0.013793103448275862,,6.368187186350492
65,262.0,random_sampling,symmetric,uniform,30,5.0,262.0,True,0.013793103448275862,,5.568344503761097
66,393.0,random_sampling,symmetric,uniform,30,5.0,393.0,True,0.013793103448275862,,5.973809611869261
67,212.0,random_sampling,symmetric,uniform,30,5.0,212.0,True,0.013793103448275862,,5.356586274672012
68,817.0,random_sampling,symmetric,uniform,30,5.0,817.0,True,0.013793103448275862,,6.705639094860003
69,398.0,random_sampling,symmetric,uniform,30,5.0,398.0,True,0.013793103448275862,,5.986452005284438
70,517.0,random_sampling,symmetric,uniform,30,5.0,517.0,True,0.013793103448275862,,6.248042874508429
71,780.0,random_sampling,symmetric,uniform,30,5.0,780.0,True,0.013793103448275862,1.0,6.659293919683638
72,411.0,random_sampling,symmetric,uniform,30,5.0,411.0,True,0.013793103448275862,,6.018593214496234
73,854.0,random_sampling,symmetric,uniform,30,5.0,854.0,True,0.013793103448275862,,6.74993119378857
74,451.0,random_sampling,symmetric,uniform,30,5.0,451.0,True,0.013793103448275862,,6.111467339502679
75,239.0,random_sampling,symmetric,uniform,30,5.0,239.0,True,0.013793103448275862,,5.476463551931511
76,503.0,random_sampling,symmetric,uniform,30,5.0,503.0,True,0.013793103448275862,,6.220590170099739
77,264.0,random_sampling,symmetric,uniform,30,5.0,264.0,True,0.013793103448275862,,5.575949103146316
78,18698.0,random_sampling,symmetric,uniform,30,5.0,18698.0,True,0.013793103448275862,1.0,9.836171845251261
79,232.0,random_sampling,symmetric,uniform,30,5.0,232.0,True,0.013793103448275862,,5.44673737166631
80,410.0,random_sampling,symmetric,uniform,30,5.0,410.0,True,0.013793103448275862,,6.016157159698354
81,146.0,random_sampling,symmetric,uniform,30,5.0,146.0,True,0.013793103448275862,,4.983606621708336
82,855.0,random_sampling,symmetric,uniform,30,5.0,855.0,True,0.013793103448275862,,6.75110146893676
83,169.0,random_sampling,symmetric,uniform,30,5.0,169.0,True,0.013793103448275862,,5.1298987149230735
84,129.0,random_sampling,symmetric,uniform,30,5.0,129.0,True,0.013793103448275862,,4.859812404361672
85,452.0,random_sampling,symmetric,uniform,30,5.0,452.0,True,0.013793103448275862,,6.113682179832232
86,217.0,random_sampling,symmetric,uniform,30,5.0,217.0,True,0.013793103448275862,,5.37989735354046
87,242.0,random_sampling,symmetric,uniform,30,5.0,242.0,True,0.013793103448275862,,5.488937726156687
88,399.0,random_sampling,symmetric,uniform,30,5.0,399.0,True,0.013793103448275862,,5.988961416889864
89,251.0,random_sampling,symmetric,uniform,30,5.0,251.0,True,0.013793103448275862,1.0,5.5254529391317835
90,121.0,random_sampling,symmetric,uniform,30,5.0,121.0,True,0.013793103448275862,,4.795790545596741
91,240.0,random_sampling,symmetric,uniform,30,5.0,240.0,True,0.013793103448275862,,5.480638923341991
92,726.0,random_sampling,symmetric,uniform,30,5.0,726.0,True,0.013793103448275862,,6.587550014824796
93,491.0,random_sampling,symmetric,uniform,30,5.0,491.0,True,0.013793103448275862,,6.19644412779452
94,435.0,random_sampling,symmetric,uniform,30,5.0,435.0,True,0.013793103448275862,,6.075346031088684
95,448.0,random_sampling,symmetric,uniform,30,5.0,448.0,True,0.013793103448275862,,6.104793232414985
96,254.0,random_sampling,symmetric,uniform,30,5.0,254.0,True,0.013793103448275862,,5.537334267018537
97,423.0,random_sampling,symmetric,uniform,30,5.0,423.0,True,0.013793103448275862,1.0,6.0473721790462776
98,720.0,random_sampling,symmetric,uniform,30,5.0,720.0,True,0.013793103448275862,,6.579251212010101
99,241.0,random_sampling,symmetric,uniform,30,5.0,241.0,True,0.013793103448275862,,5.484796933490655
0,7191.0,random_sampling,symmetric,uniform,30,40.0,7191.0,True,0.09425287356321839,1.0,8.880585523102495
1,6845.0,random_sampling,symmetric,uniform,30,40.0,6845.0,True,0.09425287356321839,0.9999999999999999,8.83127373772255
2,5211.0,random_sampling,symmetric,uniform,30,40.0,5211.0,True,0.09425287356321839,1.0,8.558527054909215
3,22691.0,random_sampling,symmetric,uniform,30,40.0,22691.0,True,0.09425287356321839,1.0,10.02972364908127
4,2983.0,random_sampling,symmetric,uniform,30,40.0,2983.0,True,0.09425287356321839,1.0,8.000684784514748
5,442.0,random_sampling,symmetric,uniform,30,40.0,442.0,True,0.09425287356321839,1.0,6.091309882077698
6,3498.0,random_sampling,symmetric,uniform,30,40.0,3498.0,True,0.09425287356321839,1.0,8.159946655578548
7,7384.0,random_sampling,symmetric,uniform,30,40.0,7384.0,True,0.09425287356321839,1.0,8.907070776182689
8,4078.0,random_sampling,symmetric,uniform,30,40.0,4078.0,True,0.09425287356321839,1.0,8.3133619511344
9,24657.0,random_sampling,symmetric,uniform,30,40.0,24657.0,True,0.09425287356321839,0.9999999999999999,10.11281611481661
10,10680.0,random_sampling,symmetric,uniform,30,40.0,10680.0,True,0.09425287356321839,1.0000000000000002,9.276128112514186
11,48577.0,random_sampling,symmetric,uniform,30,40.0,48577.0,True,0.09425287356321839,0.9999999999999999,10.790905446841167
12,3472.0,random_sampling,symmetric,uniform,30,40.0,3472.0,True,0.09425287356321839,1.0,8.15248607578024
13,871.0,random_sampling,symmetric,uniform,30,40.0,871.0,True,0.09425287356321839,1.0,6.769641976852503
14,5823.0,random_sampling,symmetric,uniform,30,40.0,5823.0,True,0.09425287356321839,1.0000000000000002,8.66957087183712
15,39718.0,random_sampling,symmetric,uniform,30,40.0,39718.0,True,0.09425287356321839,1.0000000000000002,10.58955976442411
16,6610.0,random_sampling,symmetric,uniform,30,40.0,6610.0,True,0.09425287356321839,1.0,8.796338932845732
17,10108.0,random_sampling,symmetric,uniform,30,40.0,10108.0,True,0.09425287356321839,1.0000000000000002,9.221082468508085
18,3359.0,random_sampling,symmetric,uniform,30,40.0,3359.0,True,0.09425287356321839,0.9999999999999999,8.119398589612294
19,4087.0,random_sampling,symmetric,uniform,30,40.0,4087.0,True,0.09425287356321839,0.9999999999999999,8.315566483564277
20,766.0,random_sampling,symmetric,uniform,30,40.0,766.0,True,0.09425287356321839,1.0,6.641182169740591
21,6933.0,random_sampling,symmetric,uniform,30,40.0,6933.0,True,0.09425287356321839,0.9999999999999999,8.84404789894249
22,6641.0,random_sampling,symmetric,uniform,30,40.0,6641.0,True,0.09425287356321839,1.0,8.801017833540714
23,15223.0,random_sampling,symmetric,uniform,30,40.0,15223.0,True,0.09425287356321839,1.0,9.630562721059254
24,4280.0,random_sampling,symmetric,uniform,30,40.0,4280.0,True,0.09425287356321839,1.0000000000000002,8.361708288575842
25,1534.0,random_sampling,symmetric,uniform,30,40.0,1534.0,True,0.09425287356321839,1.0,7.335633981927201
26,8132.0,random_sampling,symmetric,uniform,30,40.0,8132.0,True,0.09425287356321839,0.9999999999999999,9.003562174748238
27,3355.0,random_sampling,symmetric,uniform,30,40.0,3355.0,True,0.09425287356321839,1.0,8.118207049405783
28,5670.0,random_sampling,symmetric,uniform,30,40.0,5670.0,True,0.09425287356321839,0.9999999999999999,8.642944396721798
29,1369.0,random_sampling,symmetric,uniform,30,40.0,1369.0,True,0.09425287356321839,0.9999999999999999,7.221835825288449
30,6588.0,random_sampling,symmetric,uniform,30,40.0,6588.0,True,0.09425287356321839,1.0,8.79300509129753
31,3079.0,random_sampling,symmetric,uniform,30,40.0,3079.0,True,0.09425287356321839,1.0,8.0323601479245
32,3740.0,random_sampling,symmetric,uniform,30,40.0,3740.0,True,0.09425287356321839,1.0,8.226840890408578
33,2039.0,random_sampling,symmetric,uniform,30,40.0,2039.0,True,0.09425287356321839,1.0000000000000002,7.620214770574455
34,10247.0,random_sampling,symmetric,uniform,30,40.0,10247.0,True,0.09425287356321839,1.0000000000000002,9.234740258799718
35,5975.0,random_sampling,symmetric,uniform,30,40.0,5975.0,True,0.09425287356321839,0.9999999999999999,8.695339376799712
36,1624.0,random_sampling,symmetric,uniform,30,40.0,1624.0,True,0.09425287356321839,1.0,7.392647520721623
37,27162.0,random_sampling,symmetric,uniform,30,40.0,27162.0,True,0.09425287356321839,1.0000000000000002,10.209574216664013
38,1975.0,random_sampling,symmetric,uniform,30,40.0,1975.0,True,0.09425287356321839,1.0,7.5883236773352225
39,14950.0,random_sampling,symmetric,uniform,30,40.0,14950.0,True,0.09425287356321839,1.0,9.612466578818832
40,6995.0,random_sampling,symmetric,uniform,30,40.0,6995.0,True,0.09425287356321839,0.9999999999999999,8.852950887099581
41,1886.0,random_sampling,symmetric,uniform,30,40.0,1886.0,True,0.09425287356321839,1.0,7.542213463193403
42,1024.0,random_sampling,symmetric,uniform,30,40.0,1024.0,True,0.09425287356321839,0.9999999999999999,6.931471805599453
43,5792.0,random_sampling,symmetric,uniform,30,40.0,5792.0,True,0.09425287356321839,1.0,8.664232934065552
44,11079.0,random_sampling,symmetric,uniform,30,40.0,11079.0,True,0.09425287356321839,1.0,9.312806703520673
45,2790.0,random_sampling,symmetric,uniform,30,40.0,2790.0,True,0.09425287356321839,1.0,7.933796874815411
46,3302.0,random_sampling,symmetric,uniform,30,40.0,3302.0,True,0.09425287356321839,0.9999999999999999,8.102283624480073
47,3171.0,random_sampling,symmetric,uniform,30,40.0,3171.0,True,0.09425287356321839,0.9999999999999999,8.061802274538348
48,995.0,random_sampling,symmetric,uniform,30,40.0,995.0,True,0.09425287356321839,1.0,6.902742737158593
49,29314.0,random_sampling,symmetric,uniform,30,40.0,29314.0,True,0.09425287356321839,0.9999999999999999,10.285820496587245
50,6481.0,random_sampling,symmetric,uniform,30,40.0,6481.0,True,0.09425287356321839,1.0,8.776630098427717
51,3125.0,random_sampling,symmetric,uniform,30,40.0,3125.0,True,0.09425287356321839,1.0000000000000002,8.047189562170502
52,22133.0,random_sampling,symmetric,uniform,30,40.0,22133.0,True,0.09425287356321839,1.0,10.004824986442046
53,2029.0,random_sampling,symmetric,uniform,30,40.0,2029.0,True,0.09425287356321839,1.0000000000000002,7.615298339825815
54,31814.0,random_sampling,symmetric,uniform,30,40.0,31814.0,True,0.09425287356321839,0.9999999999999999,10.367661723458307
55,7561.0,random_sampling,symmetric,uniform,30,40.0,7561.0,True,0.09425287356321839,0.9999999999999999,8.93075873555827
56,2633.0,random_sampling,symmetric,uniform,30,40.0,2633.0,True,0.09425287356321839,1.0,7.87587915949631
57,3469.0,random_sampling,symmetric,uniform,30,40.0,3469.0,True,0.09425287356321839,1.0,8.15162164696975
58,11672.0,random_sampling,symmetric,uniform,30,40.0,11672.0,True,0.09425287356321839,1.0000000000000002,9.364948090202622
59,4115.0,random_sampling,symmetric,uniform,30,40.0,4115.0,True,0.09425287356321839,0.9999999999999998,8.32239411311117
60,5606.0,random_sampling,symmetric,uniform,30,40.0,5606.0,True,0.09425287356321839,0.9999999999999998,8.631592731724734
61,1884.0,random_sampling,symmetric,uniform,30,40.0,1884.0,True,0.09425287356321839,1.0,7.5411524551363085
62,3737.0,random_sampling,symmetric,uniform,30,40.0,3737.0,True,0.09425287356321839,0.9999999999999999,8.226038429485484
63,14614.0,random_sampling,symmetric,uniform,30,40.0,14614.0,True,0.09425287356321839,1.0,9.589735252351163
64,5188.0,random_sampling,symmetric,uniform,30,40.0,5188.0,True,0.09425287356321839,1.0,8.554103545436334
65,3386.0,random_sampling,symmetric,uniform,30,40.0,3386.0,True,0.09425287356321839,1.0000000000000002,8.12740456269308
66,14672.0,random_sampling,symmetric,uniform,30,40.0,14672.0,True,0.09425287356321839,1.0,9.593696194496246
67,24430.0,random_sampling,symmetric,uniform,30,40.0,24430.0,True,0.09425287356321839,1.0,10.103567164251785
68,9046.0,random_sampling,symmetric,uniform,30,40.0,9046.0,True,0.09425287356321839,1.0,9.11007795003779
69,4916.0,random_sampling,symmetric,uniform,30,40.0,4916.0,True,0.09425287356321839,1.0,8.500250470685925
70,9871.0,random_sampling,symmetric,uniform,30,40.0,9871.0,True,0.09425287356321839,1.0,9.197356444417888
71,13514.0,random_sampling,symmetric,uniform,30,40.0,13514.0,True,0.09425287356321839,0.9999999999999999,9.51148146411212
72,18265.0,random_sampling,symmetric,uniform,30,40.0,18265.0,True,0.09425287356321839,0.9999999999999999,9.812741939229383
73,9915.0,random_sampling,symmetric,uniform,30,40.0,9915.0,True,0.09425287356321839,0.9999999999999999,9.201804040953895
74,4433.0,random_sampling,symmetric,uniform,30,40.0,4433.0,True,0.09425287356321839,0.9999999999999999,8.396831834745054
75,2970.0,random_sampling,symmetric,uniform,30,40.0,2970.0,True,0.09425287356321839,1.0,7.996317231796746
76,49222.0,random_sampling,symmetric,uniform,30,40.0,49222.0,True,0.09425287356321839,1.0,10.804095957008176
77,6207.0,random_sampling,symmetric,uniform,30,40.0,6207.0,True,0.09425287356321839,1.0,8.733432966413652
78,25827.0,random_sampling,symmetric,uniform,30,40.0,25827.0,True,0.09425287356321839,1.0,10.159175735326064
79,19980.0,random_sampling,symmetric,uniform,30,40.0,19980.0,True,0.09425287356321839,1.0,9.902487052202545
80,6080.0,random_sampling,symmetric,uniform,30,40.0,6080.0,True,0.09425287356321839,0.9999999999999999,8.712759974960212
81,66489.0,random_sampling,symmetric,uniform,30,40.0,66489.0,True,0.09425287356321839,1.0,11.104791799427783
82,20921.0,random_sampling,symmetric,uniform,30,40.0,20921.0,True,0.09425287356321839,1.0,9.948508718183648
83,2501.0,random_sampling,symmetric,uniform,30,40.0,2501.0,True,0.09425287356321839,1.0,7.824445930877619
84,2538.0,random_sampling,symmetric,uniform,30,40.0,2538.0,True,0.09425287356321839,1.0,7.839131648274333
85,27107.0,random_sampling,symmetric,uniform,30,40.0,27107.0,True,0.09425287356321839,1.0,10.207547276096449
86,2176.0,random_sampling,symmetric,uniform,30,40.0,2176.0,True,0.09425287356321839,1.0,7.685243607975833
87,1685.0,random_sampling,symmetric,uniform,30,40.0,1685.0,True,0.09425287356321839,1.0000000000000002,7.429520842786462
88,5365.0,random_sampling,symmetric,uniform,30,40.0,5365.0,True,0.09425287356321839,0.9999999999999999,8.587651655064798
89,37013.0,random_sampling,symmetric,uniform,30,40.0,37013.0,True,0.09425287356321839,1.0000000000000002,10.51902448126828
90,7096.0,random_sampling,symmetric,uniform,30,40.0,7096.0,True,0.09425287356321839,1.0,8.867286523989415
91,10760.0,random_sampling,symmetric,uniform,30,40.0,10760.0,True,0.09425287356321839,1.0,9.283590833715776
92,2356.0,random_sampling,symmetric,uniform,30,40.0,2356.0,True,0.09425287356321839,1.0,7.764720544771477
93,23967.0,random_sampling,symmetric,uniform,30,40.0,23967.0,True,0.09425287356321839,1.0,10.084433163150152
94,22014.0,random_sampling,symmetric,uniform,30,40.0,22014.0,True,0.09425287356321839,1.0,9.999433893583337
95,2600.0,random_sampling,symmetric,uniform,30,40.0,2600.0,True,0.09425287356321839,1.0,7.8632667240095735
96,19356.0,random_sampling,symmetric,uniform,30,40.0,19356.0,True,0.09425287356321839,1.0,9.87075772791321
97,3694.0,random_sampling,symmetric,uniform,30,40.0,3694.0,True,0.09425287356321839,1.0,8.214465160759186
98,497.0,random_sampling,symmetric,uniform,30,40.0,497.0,True,0.09425287356321839,0.9999999999999998,6.208590026096629
99,1509.0,random_sampling,symmetric,uniform,30,40.0,1509.0,True,0.09425287356321839,1.0,7.319202458767849
0,931.0,random_sampling,symmetric,uniform,20,65.0,931.0,True,0.34210526315789475,1.0,6.836259277277067
1,640.0,random_sampling,symmetric,uniform,20,65.0,640.0,True,0.3263157894736842,1.0,6.461468176353717
2,429.0,random_sampling,symmetric,uniform,20,65.0,429.0,True,0.3263157894736842,1.0,6.061456918928017
3,518.0,random_sampling,symmetric,uniform,20,65.0,518.0,True,0.3263157894736842,1.0,6.249975242259483
4,489.0,random_sampling,symmetric,uniform,20,65.0,489.0,True,0.33157894736842103,1.0,6.192362489474872
5,696.0,random_sampling,symmetric,uniform,20,65.0,696.0,True,0.3157894736842105,1.0,6.54534966033442
6,223.0,random_sampling,symmetric,uniform,20,65.0,223.0,True,0.33157894736842103,1.0,5.407171771460119
7,669.0,random_sampling,symmetric,uniform,20,65.0,669.0,True,0.3105263157894737,1.0000000000000002,6.505784060128229
8,275.0,random_sampling,symmetric,uniform,20,65.0,275.0,True,0.32105263157894737,1.0,5.616771097666572
9,142.0,random_sampling,symmetric,uniform,20,65.0,142.0,True,0.33157894736842103,1.0,4.955827057601261
10,2317.0,random_sampling,symmetric,uniform,20,65.0,2317.0,True,0.3473684210526316,1.0,7.748028524432376
11,679.0,random_sampling,symmetric,uniform,20,65.0,679.0,True,0.33157894736842103,1.0,6.520621127558696
12,882.0,random_sampling,symmetric,uniform,20,65.0,882.0,True,0.34210526315789475,1.0,6.782192056006791
13,197.0,random_sampling,symmetric,uniform,20,65.0,197.0,True,0.3368421052631579,1.0,5.2832037287379885
14,154.0,random_sampling,symmetric,uniform,20,65.0,154.0,True,0.3263157894736842,1.0,5.0369526024136295
15,342.0,random_sampling,symmetric,uniform,20,65.0,342.0,True,0.3263157894736842,1.0,5.834810737062605
16,1771.0,random_sampling,symmetric,uniform,20,65.0,1771.0,True,0.3157894736842105,0.9999999999999998,7.479299637782834
17,322.0,random_sampling,symmetric,uniform,20,65.0,322.0,True,0.33157894736842103,1.0,5.7745515455444085
18,1638.0,random_sampling,symmetric,uniform,20,65.0,1638.0,True,0.3263157894736842,0.9999999999999998,7.401231264413015
19,138.0,random_sampling,symmetric,uniform,20,65.0,138.0,True,0.32105263157894737,1.0000000000000002,4.927253685157205
20,300.0,random_sampling,symmetric,uniform,20,65.0,300.0,True,0.32105263157894737,1.0,5.703782474656201
21,988.0,random_sampling,symmetric,uniform,20,65.0,988.0,True,0.3157894736842105,1.0,6.895682697747868
22,139.0,random_sampling,symmetric,uniform,20,65.0,139.0,True,0.34210526315789475,1.0,4.9344739331306915
23,540.0,random_sampling,symmetric,uniform,20,65.0,540.0,True,0.3263157894736842,1.0000000000000002,6.29156913955832
24,366.0,random_sampling,symmetric,uniform,20,65.0,366.0,True,0.32105263157894737,1.0000000000000002,5.902633333401366
25,682.0,random_sampling,symmetric,uniform,20,65.0,682.0,True,0.3105263157894737,0.9999999999999998,6.525029657843462
26,139.0,random_sampling,symmetric,uniform,20,65.0,139.0,True,0.3368421052631579,0.9999999999999998,4.9344739331306915
27,244.0,random_sampling,symmetric,uniform,20,65.0,244.0,True,0.33157894736842103,1.0,5.497168225293202
28,335.0,random_sampling,symmetric,uniform,20,65.0,335.0,True,0.3105263157894737,0.9999999999999998,5.814130531825066
29,628.0,random_sampling,symmetric,uniform,20,65.0,628.0,True,0.32105263157894737,1.0,6.4425401664681985
30,475.0,random_sampling,symmetric,uniform,20,65.0,475.0,True,0.3263157894736842,1.0,6.163314804034641
31,172.0,random_sampling,symmetric,uniform,20,65.0,172.0,True,0.3263157894736842,1.0,5.147494476813453
32,848.0,random_sampling,symmetric,uniform,20,65.0,848.0,True,0.3263157894736842,1.0,6.742880635791903
33,980.0,random_sampling,symmetric,uniform,20,65.0,980.0,True,0.3368421052631579,1.0,6.887552571664617
34,1000.0,random_sampling,symmetric,uniform,20,65.0,1000.0,True,0.34210526315789475,0.9999999999999998,6.907755278982137
35,389.0,random_sampling,symmetric,uniform,20,65.0,389.0,True,0.33157894736842103,1.0,5.963579343618446
36,879.0,random_sampling,symmetric,uniform,20,65.0,879.0,True,0.30526315789473685,0.9999999999999997,6.778784897685177
37,325.0,random_sampling,symmetric,uniform,20,65.0,325.0,True,0.34210526315789475,1.0,5.783825182329737
38,2424.0,random_sampling,symmetric,uniform,20,65.0,2424.0,True,0.3368421052631579,1.0,7.793174347189205
39,603.0,random_sampling,symmetric,uniform,20,65.0,603.0,True,0.33157894736842103,1.0000000000000004,6.401917196727186
40,254.0,random_sampling,symmetric,uniform,20,65.0,254.0,True,0.30526315789473685,1.0,5.537334267018537
41,593.0,random_sampling,symmetric,uniform,20,65.0,593.0,True,0.3263157894736842,1.0,6.385194398997726
42,1819.0,random_sampling,symmetric,uniform,20,65.0,1819.0,True,0.3263157894736842,1.0000000000000004,7.506042178518122
43,689.0,random_sampling,symmetric,uniform,20,65.0,689.0,True,0.33157894736842103,1.0000000000000002,6.535241271013659
44,637.0,random_sampling,symmetric,uniform,20,65.0,637.0,True,0.32105263157894737,0.9999999999999998,6.456769655572163
45,479.0,random_sampling,symmetric,uniform,20,65.0,479.0,True,0.3263157894736842,1.0,6.171700597410915
46,299.0,random_sampling,symmetric,uniform,20,65.0,299.0,True,0.34210526315789475,0.9999999999999997,5.700443573390687
47,106.0,random_sampling,symmetric,uniform,20,65.0,106.0,True,0.3368421052631579,1.0000000000000002,4.663439094112067
48,263.0,random_sampling,symmetric,uniform,20,65.0,263.0,True,0.3263157894736842,1.0,5.572154032177765
49,459.0,random_sampling,symmetric,uniform,20,65.0,459.0,True,0.32105263157894737,1.0,6.129050210060545
50,775.0,random_sampling,symmetric,uniform,20,65.0,775.0,True,0.3,1.0,6.652863029353347
51,1224.0,random_sampling,symmetric,uniform,20,65.0,1224.0,True,0.3157894736842105,1.0,7.1098794630722715
52,171.0,random_sampling,symmetric,uniform,20,65.0,171.0,True,0.33157894736842103,1.0,5.14166355650266
53,285.0,random_sampling,symmetric,uniform,20,65.0,285.0,True,0.32105263157894737,1.0,5.652489180268651
54,297.0,random_sampling,symmetric,uniform,20,65.0,297.0,True,0.3368421052631579,0.9999999999999998,5.6937321388027
55,675.0,random_sampling,symmetric,uniform,20,65.0,675.0,True,0.33157894736842103,1.0,6.51471269087253
56,605.0,random_sampling,symmetric,uniform,20,65.0,605.0,True,0.33157894736842103,0.9999999999999998,6.405228458030842
57,1287.0,random_sampling,symmetric,uniform,20,65.0,1287.0,True,0.30526315789473685,1.0000000000000002,7.160069207596127
58,160.0,random_sampling,symmetric,uniform,20,65.0,160.0,True,0.3263157894736842,0.9999999999999998,5.075173815233827
59,1365.0,random_sampling,symmetric,uniform,20,65.0,1365.0,True,0.32105263157894737,1.0,7.21890970761906
60,387.0,random_sampling,symmetric,uniform,20,65.0,387.0,True,0.34210526315789475,1.0000000000000002,5.958424693029782
61,611.0,random_sampling,symmetric,uniform,20,65.0,611.0,True,0.3263157894736842,1.0000000000000002,6.415096959171596
62,323.0,random_sampling,symmetric,uniform,20,65.0,323.0,True,0.3263157894736842,1.0,5.777652323222656
63,742.0,random_sampling,symmetric,uniform,20,65.0,742.0,True,0.33157894736842103,1.0,6.60934924316738
64,2238.0,random_sampling,symmetric,uniform,20,65.0,2238.0,True,0.32105263157894737,1.0,7.71333788887187
65,458.0,random_sampling,symmetric,uniform,20,65.0,458.0,True,0.33157894736842103,1.0000000000000002,6.126869184114185
66,510.0,random_sampling,symmetric,uniform,20,65.0,510.0,True,0.3263157894736842,1.0,6.234410725718371
67,328.0,random_sampling,symmetric,uniform,20,65.0,328.0,True,0.3368421052631579,1.0,5.793013608384144
68,697.0,random_sampling,symmetric,uniform,20,65.0,697.0,True,0.33157894736842103,0.9999999999999997,6.546785410760524
69,674.0,random_sampling,symmetric,uniform,20,65.0,674.0,True,0.3157894736842105,1.0000000000000002,6.513230110912307
70,128.0,random_sampling,symmetric,uniform,20,65.0,128.0,True,0.3263157894736842,1.0,4.852030263919617
71,156.0,random_sampling,symmetric,uniform,20,65.0,156.0,True,0.34210526315789475,1.0,5.049856007249537
72,1657.0,random_sampling,symmetric,uniform,20,65.0,1657.0,True,0.3263157894736842,0.9999999999999998,7.4127640174265625
73,315.0,random_sampling,symmetric,uniform,20,65.0,315.0,True,0.33157894736842103,1.0,5.752572638825633
74,244.0,random_sampling,symmetric,uniform,20,65.0,244.0,True,0.3105263157894737,0.9999999999999997,5.497168225293202
75,804.0,random_sampling,symmetric,uniform,20,65.0,804.0,True,0.33157894736842103,0.9999999999999998,6.6895992691789665
76,632.0,random_sampling,symmetric,uniform,20,65.0,632.0,True,0.3368421052631579,1.0000000000000002,6.448889394146858
77,154.0,random_sampling,symmetric,uniform,20,65.0,154.0,True,0.3263157894736842,1.0,5.0369526024136295
78,711.0,random_sampling,symmetric,uniform,20,65.0,711.0,True,0.3105263157894737,1.0,6.566672429803241
79,586.0,random_sampling,symmetric,uniform,20,65.0,586.0,True,0.3263157894736842,0.9999999999999998,6.373319789577012
80,171.0,random_sampling,symmetric,uniform,20,65.0,171.0,True,0.33157894736842103,1.0000000000000002,5.14166355650266
81,375.0,random_sampling,symmetric,uniform,20,65.0,375.0,True,0.3368421052631579,1.0000000000000002,5.926926025970411
82,586.0,random_sampling,symmetric,uniform,20,65.0,586.0,True,0.3368421052631579,1.0,6.373319789577012
83,132.0,random_sampling,symmetric,uniform,20,65.0,132.0,True,0.3263157894736842,0.9999999999999998,4.882801922586371
84,1019.0,random_sampling,symmetric,uniform,20,65.0,1019.0,True,0.3368421052631579,1.0,6.926577033222725
85,318.0,random_sampling,symmetric,uniform,20,65.0,318.0,True,0.3368421052631579,1.0,5.762051382780177
86,285.0,random_sampling,symmetric,uniform,20,65.0,285.0,True,0.3263157894736842,1.0,5.652489180268651
87,182.0,random_sampling,symmetric,uniform,20,65.0,182.0,True,0.3263157894736842,0.9999999999999998,5.204006687076795
88,627.0,random_sampling,symmetric,uniform,20,65.0,627.0,True,0.33157894736842103,1.0,6.440946540632921
89,748.0,random_sampling,symmetric,uniform,20,65.0,748.0,True,0.3263157894736842,1.0,6.617402977974478
90,165.0,random_sampling,symmetric,uniform,20,65.0,165.0,True,0.3263157894736842,1.0,5.10594547390058
91,1253.0,random_sampling,symmetric,uniform,20,65.0,1253.0,True,0.33157894736842103,1.0,7.133295954896068
92,705.0,random_sampling,symmetric,uniform,20,65.0,705.0,True,0.3368421052631579,1.0000000000000002,6.558197802812269
93,312.0,random_sampling,symmetric,uniform,20,65.0,312.0,True,0.3157894736842105,1.0,5.7430031878094825
94,431.0,random_sampling,symmetric,uniform,20,65.0,431.0,True,0.33157894736842103,0.9999999999999998,6.066108090103747
95,580.0,random_sampling,symmetric,uniform,20,65.0,580.0,True,0.34210526315789475,1.0,6.363028103540465
96,885.0,random_sampling,symmetric,uniform,20,65.0,885.0,True,0.3368421052631579,0.9999999999999998,6.785587645007929
97,3038.0,random_sampling,symmetric,uniform,20,65.0,3038.0,True,0.3263157894736842,1.0000000000000002,8.018954683155718
98,196.0,random_sampling,symmetric,uniform,20,65.0,196.0,True,0.3157894736842105,1.0,5.278114659230517
99,854.0,random_sampling,symmetric,uniform,20,65.0,854.0,True,0.3368421052631579,1.0,6.74993119378857
0,3991.0,random_sampling,symmetric,uniform,30,100.0,3991.0,True,0.22988505747126436,1.0,8.291797105048733
1,719.0,random_sampling,symmetric,uniform,30,100.0,719.0,True,0.23218390804597702,1.0,6.577861357721047
2,11235.0,random_sampling,symmetric,uniform,30,100.0,11235.0,True,0.23218390804597702,1.0,9.326789184619429
3,5111.0,random_sampling,symmetric,uniform,30,100.0,5111.0,True,0.23218390804597702,0.9999999999999999,8.53915035876828
4,37723.0,random_sampling,symmetric,uniform,30,100.0,37723.0,True,0.22758620689655173,1.0000000000000002,10.53802526698881
5,20444.0,random_sampling,symmetric,uniform,30,100.0,20444.0,True,0.22528735632183908,1.0,9.925444719888171
6,3566.0,random_sampling,symmetric,uniform,30,100.0,3566.0,True,0.22758620689655173,1.0000000000000002,8.179199798423086
7,3333.0,random_sampling,symmetric,uniform,30,100.0,3333.0,True,0.23218390804597702,1.0,8.11162807830774
8,3680.0,random_sampling,symmetric,uniform,30,100.0,3680.0,True,0.22758620689655173,1.0000000000000002,8.210668031162976
9,77286.0,random_sampling,symmetric,uniform,30,100.0,77286.0,True,0.22988505747126436,0.9999999999999999,11.255268105624143
10,6073.0,random_sampling,symmetric,uniform,30,100.0,6073.0,True,0.22988505747126436,1.0000000000000002,8.711607995897575
11,5666.0,random_sampling,symmetric,uniform,30,100.0,5666.0,True,0.23218390804597702,0.9999999999999999,8.642238680390461
12,17599.0,random_sampling,symmetric,uniform,30,100.0,17599.0,True,0.22758620689655173,0.9999999999999999,9.775597361230211
13,3834.0,random_sampling,symmetric,uniform,30,100.0,3834.0,True,0.22758620689655173,1.0,8.251663923605589
14,8714.0,random_sampling,symmetric,uniform,30,100.0,8714.0,True,0.22758620689655173,0.9999999999999999,9.072686206677387
15,3011.0,random_sampling,symmetric,uniform,30,100.0,3011.0,True,0.22758620689655173,0.9999999999999999,8.010027528481734
16,20274.0,random_sampling,symmetric,uniform,30,100.0,20274.0,True,0.23218390804597702,1.0,9.917094555942345
17,24094.0,random_sampling,symmetric,uniform,30,100.0,24094.0,True,0.23218390804597702,1.0,10.089718125826797
18,6073.0,random_sampling,symmetric,uniform,30,100.0,6073.0,True,0.22988505747126436,1.0,8.711607995897575
19,3447.0,random_sampling,symmetric,uniform,30,100.0,3447.0,True,0.22988505747126436,1.0000000000000002,8.145259566516865
20,21144.0,random_sampling,symmetric,uniform,30,100.0,21144.0,True,0.22988505747126436,1.0000000000000002,9.959111456284125
21,2162.0,random_sampling,symmetric,uniform,30,100.0,2162.0,True,0.22758620689655173,0.9999999999999999,7.6787889981991535
22,2011.0,random_sampling,symmetric,uniform,30,100.0,2011.0,True,0.22988505747126436,0.9999999999999999,7.606387389772652
23,4809.0,random_sampling,symmetric,uniform,30,100.0,4809.0,True,0.23218390804597702,0.9999999999999999,8.478244441277663
24,15131.0,random_sampling,symmetric,uniform,30,100.0,15131.0,True,0.22758620689655173,1.0000000000000002,9.62450089845157
25,15733.0,random_sampling,symmetric,uniform,30,100.0,15733.0,True,0.23218390804597702,1.0000000000000002,9.663515696240424
26,10243.0,random_sampling,symmetric,uniform,30,100.0,10243.0,True,0.22988505747126436,0.9999999999999999,9.234349824436535
27,10903.0,random_sampling,symmetric,uniform,30,100.0,10903.0,True,0.22758620689655173,0.9999999999999999,9.296793259706382
28,10057.0,random_sampling,symmetric,uniform,30,100.0,10057.0,True,0.22528735632183908,1.0,9.21602418844448
29,18228.0,random_sampling,symmetric,uniform,30,100.0,18228.0,True,0.23218390804597702,1.0,9.810714152383774
30,27723.0,random_sampling,symmetric,uniform,30,100.0,27723.0,True,0.22988505747126436,1.0,10.23001767255615
31,4505.0,random_sampling,symmetric,uniform,30,100.0,4505.0,True,0.22528735632183908,1.0000000000000002,8.412943170042439
32,14898.0,random_sampling,symmetric,uniform,30,100.0,14898.0,True,0.22528735632183908,1.0000000000000002,9.608982254736222
33,3514.0,random_sampling,symmetric,uniform,30,100.0,3514.0,True,0.22758620689655173,0.9999999999999998,8.164510268747042
34,16123.0,random_sampling,symmetric,uniform,30,100.0,16123.0,True,0.22988505747126436,1.0,9.68800210296374
35,5339.0,random_sampling,symmetric,uniform,30,100.0,5339.0,True,0.22758620689655173,1.0,8.582793648500186
36,12325.0,random_sampling,symmetric,uniform,30,100.0,12325.0,True,0.23218390804597702,1.0,9.41938499891089
37,1931.0,random_sampling,symmetric,uniform,30,100.0,1931.0,True,0.22988505747126436,1.0000000000000002,7.565793282428515
38,20369.0,random_sampling,symmetric,uniform,30,100.0,20369.0,True,0.22988505747126436,1.0,9.92176941621414
39,3611.0,random_sampling,symmetric,uniform,30,100.0,3611.0,True,0.22298850574712645,0.9999999999999999,8.191740021277457
40,26703.0,random_sampling,symmetric,uniform,30,100.0,26703.0,True,0.22988505747126436,1.0,10.19253119762704
41,7769.0,random_sampling,symmetric,uniform,30,100.0,7769.0,True,0.22528735632183908,1.0,8.95789673495042
42,1468.0,random_sampling,symmetric,uniform,30,100.0,1468.0,True,0.22988505747126436,0.9999999999999999,7.291656209174461
43,3800.0,random_sampling,symmetric,uniform,30,100.0,3800.0,True,0.23218390804597702,0.9999999999999999,8.242756345714477
44,4077.0,random_sampling,symmetric,uniform,30,100.0,4077.0,True,0.22528735632183908,0.9999999999999999,8.313116702819253
45,8049.0,random_sampling,symmetric,uniform,30,100.0,8049.0,True,0.22758620689655173,1.0000000000000002,8.993303139093733
46,3811.0,random_sampling,symmetric,uniform,30,100.0,3811.0,True,0.22528735632183908,0.9999999999999999,8.24564690087386
47,5625.0,random_sampling,symmetric,uniform,30,100.0,5625.0,True,0.23218390804597702,1.0,8.63497622707262
48,5549.0,random_sampling,symmetric,uniform,30,100.0,5549.0,True,0.23218390804597702,0.9999999999999999,8.621373010325902
49,1994.0,random_sampling,symmetric,uniform,30,100.0,1994.0,True,0.22988505747126436,1.0,7.597897950521784
50,3129.0,random_sampling,symmetric,uniform,30,100.0,3129.0,True,0.23218390804597702,1.0,8.048468743668883
51,2642.0,random_sampling,symmetric,uniform,30,100.0,2642.0,True,0.22758620689655173,0.9999999999999999,7.879291485082271
52,2322.0,random_sampling,symmetric,uniform,30,100.0,2322.0,True,0.22988505747126436,1.0,7.7501841622578365
53,11982.0,random_sampling,symmetric,uniform,30,100.0,11982.0,True,0.22988505747126436,1.0000000000000002,9.39116080264387
54,4314.0,random_sampling,symmetric,uniform,30,100.0,4314.0,True,0.23218390804597702,1.0000000000000002,8.369620826949102
55,26873.0,random_sampling,symmetric,uniform,30,100.0,26873.0,True,0.22758620689655173,1.0000000000000002,10.198877344056111
56,9205.0,random_sampling,symmetric,uniform,30,100.0,9205.0,True,0.22988505747126436,0.9999999999999999,9.127502093667179
57,3385.0,random_sampling,symmetric,uniform,30,100.0,3385.0,True,0.22758620689655173,1.0,8.127109185346375
58,23787.0,random_sampling,symmetric,uniform,30,100.0,23787.0,True,0.22758620689655173,1.0,10.076894491940509
59,2003.0,random_sampling,symmetric,uniform,30,100.0,2003.0,True,0.22988505747126436,1.0,7.602401335665818
60,8781.0,random_sampling,symmetric,uniform,30,100.0,8781.0,True,0.22528735632183908,1.0,9.080345575359996
61,11145.0,random_sampling,symmetric,uniform,30,100.0,11145.0,True,0.23218390804597702,1.0,9.31874624581997
62,50831.0,random_sampling,symmetric,uniform,30,100.0,50831.0,True,0.22528735632183908,0.9999999999999999,10.836261683668637
63,29904.0,random_sampling,symmetric,uniform,30,100.0,29904.0,True,0.22988505747126436,0.9999999999999998,10.305747529695344
64,8727.0,random_sampling,symmetric,uniform,30,100.0,8727.0,True,0.23218390804597702,1.0,9.074176947163311
65,7131.0,random_sampling,symmetric,uniform,30,100.0,7131.0,True,0.22528735632183908,1.0,8.872206756028303
66,9847.0,random_sampling,symmetric,uniform,30,100.0,9847.0,True,0.22988505747126436,1.0,9.194922119247803
67,1885.0,random_sampling,symmetric,uniform,30,100.0,1885.0,True,0.22758620689655173,1.0,7.541683099882111
68,3113.0,random_sampling,symmetric,uniform,30,100.0,3113.0,True,0.22988505747126436,0.9999999999999999,8.043342170441608
69,1495.0,random_sampling,symmetric,uniform,30,100.0,1495.0,True,0.22528735632183908,1.0,7.3098814858247865
70,8359.0,random_sampling,symmetric,uniform,30,100.0,8359.0,True,0.22988505747126436,1.0000000000000002,9.031094081699155
71,37120.0,random_sampling,symmetric,uniform,30,100.0,37120.0,True,0.22758620689655173,1.0,10.521911186900137
72,1014.0,random_sampling,symmetric,uniform,30,100.0,1014.0,True,0.22988505747126436,1.0,6.921658184151129
73,2528.0,random_sampling,symmetric,uniform,30,100.0,2528.0,True,0.22988505747126436,1.0,7.8351837552667485
74,1858.0,random_sampling,symmetric,uniform,30,100.0,1858.0,True,0.22988505747126436,0.9999999999999999,7.527255919373784
75,17322.0,random_sampling,symmetric,uniform,30,100.0,17322.0,True,0.22758620689655173,1.0,9.75973264889099
76,10728.0,random_sampling,symmetric,uniform,30,100.0,10728.0,True,0.22758620689655173,0.9999999999999999,9.280612424961515
77,3147.0,random_sampling,symmetric,uniform,30,100.0,3147.0,True,0.22758620689655173,1.0,8.054204897064407
78,2128.0,random_sampling,symmetric,uniform,30,100.0,2128.0,True,0.22758620689655173,0.9999999999999999,7.662937850461535
79,18119.0,random_sampling,symmetric,uniform,30,100.0,18119.0,True,0.22988505747126436,1.0,9.804716390436107
80,993.0,random_sampling,symmetric,uniform,30,100.0,993.0,True,0.22988505747126436,1.0,6.900730664045173
81,13170.0,random_sampling,symmetric,uniform,30,100.0,13170.0,True,0.22988505747126436,1.0000000000000002,9.485696794737327
82,1098.0,random_sampling,symmetric,uniform,30,100.0,1098.0,True,0.22528735632183908,1.0000000000000002,7.001245622069476
83,3027.0,random_sampling,symmetric,uniform,30,100.0,3027.0,True,0.2206896551724138,1.0,8.01532730902172
84,6977.0,random_sampling,symmetric,uniform,30,100.0,6977.0,True,0.22988505747126436,1.0,8.850374303939237
85,1659.0,random_sampling,symmetric,uniform,30,100.0,1659.0,True,0.22988505747126436,0.9999999999999999,7.413970290190444
86,24896.0,random_sampling,symmetric,uniform,30,100.0,24896.0,True,0.22988505747126436,1.0,10.122462426978117
87,3086.0,random_sampling,symmetric,uniform,30,100.0,3086.0,True,0.22528735632183908,1.0000000000000002,8.034631032923107
88,13784.0,random_sampling,symmetric,uniform,30,100.0,13784.0,True,0.23218390804597702,1.0,9.531263778207766
89,4687.0,random_sampling,symmetric,uniform,30,100.0,4687.0,True,0.22758620689655173,0.9999999999999999,8.452547997922705
90,2279.0,random_sampling,symmetric,uniform,30,100.0,2279.0,True,0.22988505747126436,1.0,7.731492029245684
91,3197.0,random_sampling,symmetric,uniform,30,100.0,3197.0,True,0.22988505747126436,0.9999999999999999,8.069968149059841
92,7758.0,random_sampling,symmetric,uniform,30,100.0,7758.0,True,0.22988505747126436,1.0,8.956479847999912
93,2833.0,random_sampling,symmetric,uniform,30,100.0,2833.0,True,0.23218390804597702,1.0,7.949091499830517
94,21117.0,random_sampling,symmetric,uniform,30,100.0,21117.0,True,0.22988505747126436,1.0000000000000002,9.957833682276242
95,22281.0,random_sampling,symmetric,uniform,30,100.0,22281.0,True,0.22758620689655173,1.0000000000000002,10.011489576337405
96,12664.0,random_sampling,symmetric,uniform,30,100.0,12664.0,True,0.22988505747126436,1.0000000000000002,9.446518601560848
97,17565.0,random_sampling,symmetric,uniform,30,100.0,17565.0,True,0.22298850574712645,1.0000000000000002,9.773663564699927
98,9260.0,random_sampling,symmetric,uniform,30,100.0,9260.0,True,0.22988505747126436,1.0,9.133459327640225
99,7802.0,random_sampling,symmetric,uniform,30,100.0,7802.0,True,0.22758620689655173,1.0,8.962135390066601
0,1388.0,random_sampling,symmetric,uniform,30,15.0,1388.0,True,0.0367816091954023,1.0,7.23561914106675
1,216.0,random_sampling,symmetric,uniform,30,15.0,216.0,True,0.0367816091954023,1.0,5.375278407684165
2,3901.0,random_sampling,symmetric,uniform,30,15.0,3901.0,True,0.0367816091954023,1.0,8.268988209506656
3,3833.0,random_sampling,symmetric,uniform,30,15.0,3833.0,True,0.0367816091954023,1.0,8.251403065380556
4,5557.0,random_sampling,symmetric,uniform,30,15.0,5557.0,True,0.0367816091954023,1.0,8.622813673279921
5,937.0,random_sampling,symmetric,uniform,30,15.0,937.0,True,0.0367816091954023,1.0,6.842683282238422
6,2979.0,random_sampling,symmetric,uniform,30,15.0,2979.0,True,0.0367816091954023,1.0,7.999342952713282
7,3628.0,random_sampling,symmetric,uniform,30,15.0,3628.0,True,0.0367816091954023,0.9999999999999999,8.196436811235028
8,8742.0,random_sampling,symmetric,uniform,30,15.0,8742.0,True,0.0367816091954023,1.0,9.07589427542326
9,7141.0,random_sampling,symmetric,uniform,30,15.0,7141.0,True,0.0367816091954023,1.0,8.87360810154911
10,2800.0,random_sampling,symmetric,uniform,30,15.0,2800.0,True,0.0367816091954023,1.0,7.937374696163295
11,4581.0,random_sampling,symmetric,uniform,30,15.0,4581.0,True,0.0367816091954023,1.0,8.429672593886743
12,213.0,random_sampling,symmetric,uniform,30,15.0,213.0,True,0.0367816091954023,1.0,5.3612921657094255
13,461.0,random_sampling,symmetric,uniform,30,15.0,461.0,True,0.0367816091954023,1.0,6.133398042996649
14,194.0,random_sampling,symmetric,uniform,30,15.0,194.0,True,0.0367816091954023,1.0,5.267858159063328
15,867.0,random_sampling,symmetric,uniform,30,15.0,867.0,True,0.0367816091954023,1.0,6.7650389767805414
16,1959.0,random_sampling,symmetric,uniform,30,15.0,1959.0,True,0.0367816091954023,1.0,7.580189417944541
17,15733.0,random_sampling,symmetric,uniform,30,15.0,15733.0,True,0.0367816091954023,1.0,9.663515696240424
18,12632.0,random_sampling,symmetric,uniform,30,15.0,12632.0,True,0.0367816091954023,1.0,9.443988555935478
19,1654.0,random_sampling,symmetric,uniform,30,15.0,1654.0,True,0.0367816091954023,1.0,7.4109518755836366
20,3622.0,random_sampling,symmetric,uniform,30,15.0,3622.0,True,0.0367816091954023,1.0,8.19478163844336
21,1026.0,random_sampling,symmetric,uniform,30,15.0,1026.0,True,0.0367816091954023,1.0,6.933423025730715
22,538.0,random_sampling,symmetric,uniform,30,15.0,538.0,True,0.0367816091954023,1.0,6.2878585601617845
23,16993.0,random_sampling,symmetric,uniform,30,15.0,16993.0,True,0.0367816091954023,1.0,9.740556773534106
24,1774.0,random_sampling,symmetric,uniform,30,15.0,1774.0,True,0.0367816091954023,1.0,7.480992162869525
25,899.0,random_sampling,symmetric,uniform,30,15.0,899.0,True,0.0367816091954023,1.0,6.80128303447162
26,483.0,random_sampling,symmetric,uniform,30,15.0,483.0,True,0.0367816091954023,1.0,6.180016653652572
27,3394.0,random_sampling,symmetric,uniform,30,15.0,3394.0,True,0.0367816091954023,1.0,8.129764445794171
28,23933.0,random_sampling,symmetric,uniform,30,15.0,23933.0,True,0.0367816091954023,,10.083013538694615
29,110.0,random_sampling,symmetric,uniform,30,15.0,110.0,True,0.0367816091954023,1.0,4.700480365792417
30,20725.0,random_sampling,symmetric,uniform,30,15.0,20725.0,True,0.0367816091954023,1.0,9.939095980003495
31,3274.0,random_sampling,symmetric,uniform,30,15.0,3274.0,True,0.0367816091954023,1.0,8.09376775793108
32,891.0,random_sampling,symmetric,uniform,30,15.0,891.0,True,0.0367816091954023,1.0,6.792344427470809
33,1740.0,random_sampling,symmetric,uniform,30,15.0,1740.0,True,0.0367816091954023,1.0,7.461640392208575
34,6884.0,random_sampling,symmetric,uniform,30,15.0,6884.0,True,0.0367816091954023,1.0,8.83695515733143
35,1807.0,random_sampling,symmetric,uniform,30,15.0,1807.0,True,0.0367816091954023,1.0,7.499423290592229
36,27939.0,random_sampling,symmetric,uniform,30,15.0,27939.0,True,0.0367816091954023,1.0,10.237778841189767
37,6079.0,random_sampling,symmetric,uniform,30,15.0,6079.0,True,0.0367816091954023,1.0,8.712595487748722
38,1780.0,random_sampling,symmetric,uniform,30,15.0,1780.0,True,0.0367816091954023,1.0,7.484368643286131
39,931.0,random_sampling,symmetric,uniform,30,15.0,931.0,True,0.0367816091954023,1.0,6.836259277277067
40,18485.0,random_sampling,symmetric,uniform,30,15.0,18485.0,True,0.0367816091954023,1.0,9.824714871370732
41,25667.0,random_sampling,symmetric,uniform,30,15.0,25667.0,True,0.0367816091954023,1.0,10.152961399096368
42,7299.0,random_sampling,symmetric,uniform,30,15.0,7299.0,True,0.0367816091954023,1.0,8.895492631451633
43,2180.0,random_sampling,symmetric,uniform,30,15.0,2180.0,True,0.0367816091954023,1.0,7.687080155783135
44,3599.0,random_sampling,symmetric,uniform,30,15.0,3599.0,True,0.0367816091954023,1.0,8.188411308079031
45,6500.0,random_sampling,symmetric,uniform,30,15.0,6500.0,True,0.0367816091954023,1.0,8.779557455883728
46,3465.0,random_sampling,symmetric,uniform,30,15.0,3465.0,True,0.0367816091954023,1.0,8.150467911624004
47,377.0,random_sampling,symmetric,uniform,30,15.0,377.0,True,0.0367816091954023,1.0,5.932245187448011
48,30201.0,random_sampling,symmetric,uniform,30,15.0,30201.0,True,0.0367816091954023,1.0,10.315630315397533
49,39492.0,random_sampling,symmetric,uniform,30,15.0,39492.0,True,0.0367816091954023,1.0000000000000002,10.58385339873134
50,980.0,random_sampling,symmetric,uniform,30,15.0,980.0,True,0.0367816091954023,1.0,6.887552571664617
51,3754.0,random_sampling,symmetric,uniform,30,15.0,3754.0,True,0.0367816091954023,1.0,8.230577217146454
52,7188.0,random_sampling,symmetric,uniform,30,15.0,7188.0,True,0.0367816091954023,1.0,8.88016824790345
53,3305.0,random_sampling,symmetric,uniform,30,15.0,3305.0,True,0.0367816091954023,1.0,8.103191752285786
54,630.0,random_sampling,symmetric,uniform,30,15.0,630.0,True,0.0367816091954023,1.0,6.4457198193855785
55,2042.0,random_sampling,symmetric,uniform,30,15.0,2042.0,True,0.0367816091954023,1.0,7.621684998724611
56,3001.0,random_sampling,symmetric,uniform,30,15.0,3001.0,True,0.0367816091954023,1.0,8.006700845440367
57,3479.0,random_sampling,symmetric,uniform,30,15.0,3479.0,True,0.0367816091954023,1.0,8.154500175151941
58,7898.0,random_sampling,symmetric,uniform,30,15.0,7898.0,True,0.0367816091954023,1.0,8.974364841846596
59,3599.0,random_sampling,symmetric,uniform,30,15.0,3599.0,True,0.0367816091954023,1.0,8.188411308079031
60,1540.0,random_sampling,symmetric,uniform,30,15.0,1540.0,True,0.0367816091954023,1.0,7.3395376954076745
61,3283.0,random_sampling,symmetric,uniform,30,15.0,3283.0,True,0.0367816091954023,1.0,8.096512917501594
62,14277.0,random_sampling,symmetric,uniform,30,15.0,14277.0,True,0.0367816091954023,1.0,9.56640512978922
63,766.0,random_sampling,symmetric,uniform,30,15.0,766.0,True,0.0367816091954023,1.0,6.641182169740591
64,4029.0,random_sampling,symmetric,uniform,30,15.0,4029.0,True,0.0367816091954023,1.0,8.301273485191347
65,828.0,random_sampling,symmetric,uniform,30,15.0,828.0,True,0.0367816091954023,1.0,6.71901315438526
66,1536.0,random_sampling,symmetric,uniform,30,15.0,1536.0,True,0.0367816091954023,1.0,7.336936913707618
67,1935.0,random_sampling,symmetric,uniform,30,15.0,1935.0,True,0.0367816091954023,1.0,7.5678626054638825
68,3686.0,random_sampling,symmetric,uniform,30,15.0,3686.0,True,0.0367816091954023,1.0,8.212297138229768
69,30264.0,random_sampling,symmetric,uniform,30,15.0,30264.0,True,0.0367816091954023,1.0,10.317714166312864
70,5866.0,random_sampling,symmetric,uniform,30,15.0,5866.0,True,0.0367816091954023,1.0,8.676928249537397
71,10526.0,random_sampling,symmetric,uniform,30,15.0,10526.0,True,0.0367816091954023,1.0,9.261603665913725
72,5826.0,random_sampling,symmetric,uniform,30,15.0,5826.0,True,0.0367816091954023,1.0,8.67008593751938
73,7665.0,random_sampling,symmetric,uniform,30,15.0,7665.0,True,0.0367816091954023,1.0,8.944419791305915
74,3326.0,random_sampling,symmetric,uniform,30,15.0,3326.0,True,0.0367816091954023,1.0,8.109525659752872
75,478.0,random_sampling,symmetric,uniform,30,15.0,478.0,True,0.0367816091954023,1.0,6.169610732491456
76,2273.0,random_sampling,symmetric,uniform,30,15.0,2273.0,True,0.0367816091954023,1.0,7.728855823852543
77,7705.0,random_sampling,symmetric,uniform,30,15.0,7705.0,True,0.0367816091954023,1.0,8.949624747754216
78,384.0,random_sampling,symmetric,uniform,30,15.0,384.0,True,0.0367816091954023,1.0,5.950642552587727
79,843.0,random_sampling,symmetric,uniform,30,15.0,843.0,True,0.0367816091954023,1.0,6.736966958001855
80,2847.0,random_sampling,symmetric,uniform,30,15.0,2847.0,True,0.0367816091954023,1.0,7.954021087278037
81,2147.0,random_sampling,symmetric,uniform,30,15.0,2147.0,True,0.0367816091954023,1.0,7.671826797878781
82,13739.0,random_sampling,symmetric,uniform,30,15.0,13739.0,True,0.0367816091954023,0.9999999999999999,9.527993782923948
83,3997.0,random_sampling,symmetric,uniform,30,15.0,3997.0,True,0.0367816091954023,1.0,8.293299358711323
84,1002.0,random_sampling,symmetric,uniform,30,15.0,1002.0,True,0.0367816091954023,1.0,6.90975328164481
85,9621.0,random_sampling,symmetric,uniform,30,15.0,9621.0,True,0.0367816091954023,1.0,9.171703488361265
86,1936.0,random_sampling,symmetric,uniform,30,15.0,1936.0,True,0.0367816091954023,1.0,7.568379267836522
87,856.0,random_sampling,symmetric,uniform,30,15.0,856.0,True,0.0367816091954023,1.0,6.752270376141742
88,1322.0,random_sampling,symmetric,uniform,30,15.0,1322.0,True,0.0367816091954023,1.0,7.186901020411631
89,25890.0,random_sampling,symmetric,uniform,30,15.0,25890.0,True,0.0367816091954023,1.0,10.161612072745584
90,22574.0,random_sampling,symmetric,uniform,30,15.0,22574.0,True,0.0367816091954023,1.0,10.024554080515571
91,778.0,random_sampling,symmetric,uniform,30,15.0,778.0,True,0.0367816091954023,1.0,6.656726524178391
92,127.0,random_sampling,symmetric,uniform,30,15.0,127.0,True,0.0367816091954023,1.0,4.844187086458591
93,14027.0,random_sampling,symmetric,uniform,30,15.0,14027.0,True,0.0367816091954023,1.0,9.54873932271967
94,750.0,random_sampling,symmetric,uniform,30,15.0,750.0,True,0.0367816091954023,1.0,6.620073206530356
95,402.0,random_sampling,symmetric,uniform,30,15.0,402.0,True,0.0367816091954023,1.0,5.996452088619021
96,1882.0,random_sampling,symmetric,uniform,30,15.0,1882.0,True,0.0367816091954023,1.0,7.540090320145325
97,850.0,random_sampling,symmetric,uniform,30,15.0,850.0,True,0.0367816091954023,1.0,6.745236349484363
98,3536.0,random_sampling,symmetric,uniform,30,15.0,3536.0,True,0.0367816091954023,1.0,8.170751423757535
99,14710.0,random_sampling,symmetric,uniform,30,15.0,14710.0,True,0.0367816091954023,1.0,9.596282813595483
0,399.0,random_sampling,symmetric,uniform,20,70.0,399.0,True,0.3473684210526316,0.9999999999999998,5.988961416889864
1,972.0,random_sampling,symmetric,uniform,20,70.0,972.0,True,0.35789473684210527,1.0,6.879355804460439
2,1463.0,random_sampling,symmetric,uniform,20,70.0,1463.0,True,0.3631578947368421,0.9999999999999998,7.288244401020124
3,673.0,random_sampling,symmetric,uniform,20,70.0,673.0,True,0.34210526315789475,1.0,6.511745329644728
4,978.0,random_sampling,symmetric,uniform,20,70.0,978.0,True,0.3473684210526316,1.0,6.885509670034818
5,168.0,random_sampling,symmetric,uniform,20,70.0,168.0,True,0.35789473684210527,1.0,5.123963979403259
6,183.0,random_sampling,symmetric,uniform,20,70.0,183.0,True,0.35789473684210527,1.0,5.209486152841421
7,563.0,random_sampling,symmetric,uniform,20,70.0,563.0,True,0.3631578947368421,1.0000000000000002,6.333279628139691
8,715.0,random_sampling,symmetric,uniform,20,70.0,715.0,True,0.3473684210526316,1.0000000000000002,6.5722825426940075
9,1211.0,random_sampling,symmetric,uniform,20,70.0,1211.0,True,0.3526315789473684,1.0000000000000002,7.099201743553092
10,214.0,random_sampling,symmetric,uniform,20,70.0,214.0,True,0.3368421052631579,0.9999999999999998,5.365976015021851
11,505.0,random_sampling,symmetric,uniform,20,70.0,505.0,True,0.3631578947368421,1.0,6.22455842927536
12,594.0,random_sampling,symmetric,uniform,20,70.0,594.0,True,0.3473684210526316,1.0000000000000004,6.386879319362645
13,292.0,random_sampling,symmetric,uniform,20,70.0,292.0,True,0.3473684210526316,0.9999999999999998,5.676753802268282
14,409.0,random_sampling,symmetric,uniform,20,70.0,409.0,True,0.3526315789473684,1.0000000000000002,6.013715156042802
15,100.0,random_sampling,symmetric,uniform,20,70.0,100.0,True,0.3631578947368421,0.9999999999999998,4.605170185988092
16,316.0,random_sampling,symmetric,uniform,20,70.0,316.0,True,0.33157894736842103,1.0,5.755742213586912
17,380.0,random_sampling,symmetric,uniform,20,70.0,380.0,True,0.34210526315789475,1.0000000000000002,5.940171252720432
18,629.0,random_sampling,symmetric,uniform,20,70.0,629.0,True,0.35789473684210527,0.9999999999999998,6.444131256700441
19,189.0,random_sampling,symmetric,uniform,20,70.0,189.0,True,0.3368421052631579,0.9999999999999998,5.241747015059643
20,749.0,random_sampling,symmetric,uniform,20,70.0,749.0,True,0.33157894736842103,1.0000000000000002,6.618738983517219
21,1089.0,random_sampling,symmetric,uniform,20,70.0,1089.0,True,0.35789473684210527,1.0,6.9930151229329605
22,689.0,random_sampling,symmetric,uniform,20,70.0,689.0,True,0.3631578947368421,1.0,6.535241271013659
23,1553.0,random_sampling,symmetric,uniform,20,70.0,1553.0,True,0.34210526315789475,1.0,7.347943823148687
24,852.0,random_sampling,symmetric,uniform,20,70.0,852.0,True,0.34210526315789475,1.0000000000000002,6.747586526829315
25,432.0,random_sampling,symmetric,uniform,20,70.0,432.0,True,0.34210526315789475,0.9999999999999998,6.068425588244111
26,829.0,random_sampling,symmetric,uniform,20,70.0,829.0,True,0.35789473684210527,0.9999999999999998,6.720220155135295
27,931.0,random_sampling,symmetric,uniform,20,70.0,931.0,True,0.35789473684210527,0.9999999999999998,6.836259277277067
28,1321.0,random_sampling,symmetric,uniform,20,70.0,1321.0,True,0.3526315789473684,1.0,7.186144304522325
29,948.0,random_sampling,symmetric,uniform,20,70.0,948.0,True,0.3526315789473684,1.0,6.854354502255021
30,139.0,random_sampling,symmetric,uniform,20,70.0,139.0,True,0.3631578947368421,1.0000000000000002,4.9344739331306915
31,456.0,random_sampling,symmetric,uniform,20,70.0,456.0,True,0.3473684210526316,1.0,6.1224928095143865
32,374.0,random_sampling,symmetric,uniform,20,70.0,374.0,True,0.33157894736842103,1.0000000000000002,5.924255797414532
33,3237.0,random_sampling,symmetric,uniform,20,70.0,3237.0,True,0.35789473684210527,1.0000000000000002,8.082402253926244
34,170.0,random_sampling,symmetric,uniform,20,70.0,170.0,True,0.33157894736842103,1.0,5.135798437050262
35,574.0,random_sampling,symmetric,uniform,20,70.0,574.0,True,0.3526315789473684,1.0,6.352629396319567
36,459.0,random_sampling,symmetric,uniform,20,70.0,459.0,True,0.34210526315789475,1.0,6.129050210060545
37,424.0,random_sampling,symmetric,uniform,20,70.0,424.0,True,0.34210526315789475,0.9999999999999998,6.049733455231958
38,622.0,random_sampling,symmetric,uniform,20,70.0,622.0,True,0.34210526315789475,1.0,6.432940092739179
39,284.0,random_sampling,symmetric,uniform,20,70.0,284.0,True,0.3368421052631579,1.0000000000000002,5.648974238161206
40,295.0,random_sampling,symmetric,uniform,20,70.0,295.0,True,0.34210526315789475,1.0,5.68697535633982
41,479.0,random_sampling,symmetric,uniform,20,70.0,479.0,True,0.3631578947368421,1.0,6.171700597410915
42,465.0,random_sampling,symmetric,uniform,20,70.0,465.0,True,0.33157894736842103,1.0,6.142037405587356
43,522.0,random_sampling,symmetric,uniform,20,70.0,522.0,True,0.3473684210526316,1.0,6.257667587882639
44,920.0,random_sampling,symmetric,uniform,20,70.0,920.0,True,0.3473684210526316,0.9999999999999998,6.824373670043086
45,555.0,random_sampling,symmetric,uniform,20,70.0,555.0,True,0.3368421052631579,1.0000000000000002,6.318968113746434
46,591.0,random_sampling,symmetric,uniform,20,70.0,591.0,True,0.3473684210526316,1.0,6.3818160174060985
47,2329.0,random_sampling,symmetric,uniform,20,70.0,2329.0,True,0.34210526315789475,1.0000000000000002,7.753194269884341
48,1107.0,random_sampling,symmetric,uniform,20,70.0,1107.0,True,0.3526315789473684,1.0000000000000002,7.009408932708637
49,479.0,random_sampling,symmetric,uniform,20,70.0,479.0,True,0.3526315789473684,1.0,6.171700597410915
50,196.0,random_sampling,symmetric,uniform,20,70.0,196.0,True,0.35789473684210527,1.0000000000000002,5.278114659230517
51,1032.0,random_sampling,symmetric,uniform,20,70.0,1032.0,True,0.34210526315789475,1.0000000000000002,6.939253946041508
52,442.0,random_sampling,symmetric,uniform,20,70.0,442.0,True,0.3684210526315789,0.9999999999999998,6.091309882077698
53,416.0,random_sampling,symmetric,uniform,20,70.0,416.0,True,0.35789473684210527,0.9999999999999998,6.030685260261263
54,365.0,random_sampling,symmetric,uniform,20,70.0,365.0,True,0.3526315789473684,1.0,5.8998973535824915
55,994.0,random_sampling,symmetric,uniform,20,70.0,994.0,True,0.34210526315789475,1.0000000000000002,6.901737206656574
56,849.0,random_sampling,symmetric,uniform,20,70.0,849.0,True,0.3368421052631579,1.0,6.744059186311348
57,325.0,random_sampling,symmetric,uniform,20,70.0,325.0,True,0.34210526315789475,1.0000000000000002,5.783825182329737
58,570.0,random_sampling,symmetric,uniform,20,70.0,570.0,True,0.3526315789473684,1.0000000000000002,6.345636360828596
59,1084.0,random_sampling,symmetric,uniform,20,70.0,1084.0,True,0.34210526315789475,1.0,6.988413181999592
60,250.0,random_sampling,symmetric,uniform,20,70.0,250.0,True,0.3473684210526316,1.0,5.521460917862246
61,739.0,random_sampling,symmetric,uniform,20,70.0,739.0,True,0.3631578947368421,0.9999999999999998,6.6052979209482015
62,234.0,random_sampling,symmetric,uniform,20,70.0,234.0,True,0.3684210526315789,1.0000000000000002,5.455321115357702
63,696.0,random_sampling,symmetric,uniform,20,70.0,696.0,True,0.3473684210526316,1.0,6.54534966033442
64,662.0,random_sampling,symmetric,uniform,20,70.0,662.0,True,0.3368421052631579,1.0,6.495265555937008
65,368.0,random_sampling,symmetric,uniform,20,70.0,368.0,True,0.34210526315789475,1.0,5.908082938168931
66,471.0,random_sampling,symmetric,uniform,20,70.0,471.0,True,0.3263157894736842,1.0,6.154858094016418
67,438.0,random_sampling,symmetric,uniform,20,70.0,438.0,True,0.3473684210526316,1.0000000000000002,6.082218910376446
68,627.0,random_sampling,symmetric,uniform,20,70.0,627.0,True,0.3526315789473684,1.0000000000000002,6.440946540632921
69,835.0,random_sampling,symmetric,uniform,20,70.0,835.0,True,0.3526315789473684,1.0000000000000002,6.727431724850855
70,301.0,random_sampling,symmetric,uniform,20,70.0,301.0,True,0.3526315789473684,1.0,5.707110264748875
71,312.0,random_sampling,symmetric,uniform,20,70.0,312.0,True,0.3526315789473684,1.0000000000000002,5.7430031878094825
72,653.0,random_sampling,symmetric,uniform,20,70.0,653.0,True,0.3368421052631579,1.0,6.481577129276431
73,3426.0,random_sampling,symmetric,uniform,20,70.0,3426.0,True,0.35789473684210527,1.0,8.139148678884066
74,202.0,random_sampling,symmetric,uniform,20,70.0,202.0,True,0.34210526315789475,1.0,5.308267697401205
75,482.0,random_sampling,symmetric,uniform,20,70.0,482.0,True,0.3526315789473684,1.0,6.1779441140506
76,1586.0,random_sampling,symmetric,uniform,20,70.0,1586.0,True,0.3631578947368421,1.0,7.368970402194793
77,201.0,random_sampling,symmetric,uniform,20,70.0,201.0,True,0.3368421052631579,0.9999999999999998,5.303304908059076
78,752.0,random_sampling,symmetric,uniform,20,70.0,752.0,True,0.34210526315789475,1.0,6.62273632394984
79,365.0,random_sampling,symmetric,uniform,20,70.0,365.0,True,0.3473684210526316,1.0,5.8998973535824915
80,371.0,random_sampling,symmetric,uniform,20,70.0,371.0,True,0.3526315789473684,1.0,5.916202062607435
81,492.0,random_sampling,symmetric,uniform,20,70.0,492.0,True,0.3368421052631579,1.0,6.198478716492308
82,1065.0,random_sampling,symmetric,uniform,20,70.0,1065.0,True,0.33157894736842103,1.0000000000000002,6.970730078143525
83,718.0,random_sampling,symmetric,uniform,20,70.0,718.0,True,0.34210526315789475,1.0,6.576469569048224
84,644.0,random_sampling,symmetric,uniform,20,70.0,644.0,True,0.3526315789473684,1.0000000000000002,6.467698726104354
85,736.0,random_sampling,symmetric,uniform,20,70.0,736.0,True,0.35789473684210527,1.0,6.601230118728877
86,389.0,random_sampling,symmetric,uniform,20,70.0,389.0,True,0.34210526315789475,1.0,5.963579343618446
87,743.0,random_sampling,symmetric,uniform,20,70.0,743.0,True,0.35789473684210527,1.0,6.610696044717759
88,755.0,random_sampling,symmetric,uniform,20,70.0,755.0,True,0.3473684210526316,1.0,6.626717749249025
89,818.0,random_sampling,symmetric,uniform,20,70.0,818.0,True,0.3526315789473684,1.0,6.706862336602747
90,629.0,random_sampling,symmetric,uniform,20,70.0,629.0,True,0.3631578947368421,1.0000000000000002,6.444131256700441
91,236.0,random_sampling,symmetric,uniform,20,70.0,236.0,True,0.3368421052631579,1.0000000000000002,5.4638318050256105
92,724.0,random_sampling,symmetric,uniform,20,70.0,724.0,True,0.35789473684210527,1.0,6.584791392385716
93,444.0,random_sampling,symmetric,uniform,20,70.0,444.0,True,0.3526315789473684,1.0,6.095824562432225
94,1306.0,random_sampling,symmetric,uniform,20,70.0,1306.0,True,0.3473684210526316,1.0,7.174724309836376
95,119.0,random_sampling,symmetric,uniform,20,70.0,119.0,True,0.34210526315789475,1.0,4.77912349311153
96,525.0,random_sampling,symmetric,uniform,20,70.0,525.0,True,0.3473684210526316,1.0,6.263398262591624
97,172.0,random_sampling,symmetric,uniform,20,70.0,172.0,True,0.34210526315789475,1.0000000000000002,5.147494476813453
98,228.0,random_sampling,symmetric,uniform,20,70.0,228.0,True,0.32105263157894737,1.0000000000000002,5.429345628954441
99,600.0,random_sampling,symmetric,uniform,20,70.0,600.0,True,0.3368421052631579,1.0,6.396929655216146
0,781.0,random_sampling,symmetric,uniform,20,20.0,781.0,True,0.11052631578947368,0.9999999999999998,6.660575149839686
1,165.0,random_sampling,symmetric,uniform,20,20.0,165.0,True,0.11052631578947368,1.0,5.10594547390058
2,103.0,random_sampling,symmetric,uniform,20,20.0,103.0,True,0.11052631578947368,1.0,4.634728988229636
3,1535.0,random_sampling,symmetric,uniform,20,20.0,1535.0,True,0.11052631578947368,1.0,7.336285660021297
4,448.0,random_sampling,symmetric,uniform,20,20.0,448.0,True,0.11052631578947368,1.0,6.104793232414985
5,2028.0,random_sampling,symmetric,uniform,20,20.0,2028.0,True,0.11052631578947368,1.0,7.614805364711073
6,207.0,random_sampling,symmetric,uniform,20,20.0,207.0,True,0.11052631578947368,1.0,5.332718793265369
7,1159.0,random_sampling,symmetric,uniform,20,20.0,1159.0,True,0.11052631578947368,1.0,7.055312843339752
8,365.0,random_sampling,symmetric,uniform,20,20.0,365.0,True,0.11052631578947368,0.9999999999999998,5.8998973535824915
9,379.0,random_sampling,symmetric,uniform,20,20.0,379.0,True,0.11052631578947368,1.0,5.937536205082426
10,234.0,random_sampling,symmetric,uniform,20,20.0,234.0,True,0.11052631578947368,1.0000000000000002,5.455321115357702
11,905.0,random_sampling,symmetric,uniform,20,20.0,905.0,True,0.11052631578947368,1.0,6.807934943699926
12,486.0,random_sampling,symmetric,uniform,20,20.0,486.0,True,0.11052631578947368,1.0,6.186208623900494
13,411.0,random_sampling,symmetric,uniform,20,20.0,411.0,True,0.11052631578947368,1.0,6.018593214496234
14,1267.0,random_sampling,symmetric,uniform,20,20.0,1267.0,True,0.11052631578947368,1.0,7.144407180321139
15,670.0,random_sampling,symmetric,uniform,20,20.0,670.0,True,0.11052631578947368,1.0,6.507277712385012
16,1438.0,random_sampling,symmetric,uniform,20,20.0,1438.0,True,0.11052631578947368,1.0,7.271008538280992
17,399.0,random_sampling,symmetric,uniform,20,20.0,399.0,True,0.11052631578947368,1.0,5.988961416889864
18,558.0,random_sampling,symmetric,uniform,20,20.0,558.0,True,0.11052631578947368,1.0,6.324358962381311
19,102.0,random_sampling,symmetric,uniform,20,20.0,102.0,True,0.11052631578947368,1.0,4.624972813284271
20,851.0,random_sampling,symmetric,uniform,20,20.0,851.0,True,0.11052631578947368,1.0,6.7464121285733745
21,317.0,random_sampling,symmetric,uniform,20,20.0,317.0,True,0.11052631578947368,1.0,5.75890177387728
22,418.0,random_sampling,symmetric,uniform,20,20.0,418.0,True,0.11052631578947368,1.0000000000000002,6.035481432524756
23,247.0,random_sampling,symmetric,uniform,20,20.0,247.0,True,0.11052631578947368,0.9999999999999998,5.5093883366279774
24,354.0,random_sampling,symmetric,uniform,20,20.0,354.0,True,0.11052631578947368,1.0,5.869296913133774
25,253.0,random_sampling,symmetric,uniform,20,20.0,253.0,True,0.11052631578947368,1.0,5.53338948872752
26,121.0,random_sampling,symmetric,uniform,20,20.0,121.0,True,0.11052631578947368,1.0,4.795790545596741
27,1436.0,random_sampling,symmetric,uniform,20,20.0,1436.0,True,0.11052631578947368,1.0,7.269616749608169
28,232.0,random_sampling,symmetric,uniform,20,20.0,232.0,True,0.11052631578947368,1.0,5.44673737166631
29,1268.0,random_sampling,symmetric,uniform,20,20.0,1268.0,True,0.11052631578947368,1.0,7.145196134997171
30,2819.0,random_sampling,symmetric,uniform,20,20.0,2819.0,True,0.11052631578947368,1.0000000000000002,7.9441374911141125
31,318.0,random_sampling,symmetric,uniform,20,20.0,318.0,True,0.11052631578947368,1.0,5.762051382780177
32,480.0,random_sampling,symmetric,uniform,20,20.0,480.0,True,0.11052631578947368,0.9999999999999998,6.173786103901937
33,75.0,random_sampling,symmetric,uniform,20,20.0,75.0,True,0.11052631578947368,1.0,4.31748811353631
34,146.0,random_sampling,symmetric,uniform,20,20.0,146.0,True,0.11052631578947368,1.0,4.983606621708336
35,626.0,random_sampling,symmetric,uniform,20,20.0,626.0,True,0.11052631578947368,1.0,6.439350371100098
36,335.0,random_sampling,symmetric,uniform,20,20.0,335.0,True,0.11052631578947368,0.9999999999999998,5.814130531825066
37,1085.0,random_sampling,symmetric,uniform,20,20.0,1085.0,True,0.11052631578947368,0.9999999999999998,6.98933526597456
38,186.0,random_sampling,symmetric,uniform,20,20.0,186.0,True,0.11052631578947368,1.0,5.225746673713202
39,128.0,random_sampling,symmetric,uniform,20,20.0,128.0,True,0.11052631578947368,0.9999999999999998,4.852030263919617
40,495.0,random_sampling,symmetric,uniform,20,20.0,495.0,True,0.11052631578947368,1.0,6.20455776256869
41,92.0,random_sampling,symmetric,uniform,20,20.0,92.0,True,0.11052631578947368,1.0,4.5217885770490405
42,206.0,random_sampling,symmetric,uniform,20,20.0,206.0,True,0.11052631578947368,1.0,5.327876168789581
43,1421.0,random_sampling,symmetric,uniform,20,20.0,1421.0,True,0.11052631578947368,0.9999999999999998,7.259116128097101
44,109.0,random_sampling,symmetric,uniform,20,20.0,109.0,True,0.11052631578947368,1.0,4.6913478822291435
45,842.0,random_sampling,symmetric,uniform,20,20.0,842.0,True,0.11052631578947368,1.0,6.7357800142423265
46,397.0,random_sampling,symmetric,uniform,20,20.0,397.0,True,0.11052631578947368,1.0,5.983936280687191
47,982.0,random_sampling,symmetric,uniform,20,20.0,982.0,True,0.11052631578947368,1.0,6.889591308354466
48,906.0,random_sampling,symmetric,uniform,20,20.0,906.0,True,0.11052631578947368,1.0,6.80903930604298
49,456.0,random_sampling,symmetric,uniform,20,20.0,456.0,True,0.11052631578947368,1.0,6.1224928095143865
50,487.0,random_sampling,symmetric,uniform,20,20.0,487.0,True,0.11052631578947368,1.0,6.18826412308259
51,670.0,random_sampling,symmetric,uniform,20,20.0,670.0,True,0.11052631578947368,1.0,6.507277712385012
52,163.0,random_sampling,symmetric,uniform,20,20.0,163.0,True,0.11052631578947368,1.0,5.093750200806762
53,358.0,random_sampling,symmetric,uniform,20,20.0,358.0,True,0.11052631578947368,1.0,5.8805329864007
54,135.0,random_sampling,symmetric,uniform,20,20.0,135.0,True,0.11052631578947368,1.0,4.90527477843843
55,801.0,random_sampling,symmetric,uniform,20,20.0,801.0,True,0.11052631578947368,1.0,6.68586094706836
56,188.0,random_sampling,symmetric,uniform,20,20.0,188.0,True,0.11052631578947368,1.0,5.236441962829949
57,102.0,random_sampling,symmetric,uniform,20,20.0,102.0,True,0.11052631578947368,1.0000000000000002,4.624972813284271
58,404.0,random_sampling,symmetric,uniform,20,20.0,404.0,True,0.11052631578947368,1.0,6.0014148779611505
59,130.0,random_sampling,symmetric,uniform,20,20.0,130.0,True,0.11052631578947368,1.0,4.867534450455582
60,346.0,random_sampling,symmetric,uniform,20,20.0,346.0,True,0.11052631578947368,1.0,5.846438775057725
61,1345.0,random_sampling,symmetric,uniform,20,20.0,1345.0,True,0.11052631578947368,1.0,7.20414929203594
62,782.0,random_sampling,symmetric,uniform,20,20.0,782.0,True,0.11052631578947368,0.9999999999999998,6.661854740545311
63,1253.0,random_sampling,symmetric,uniform,20,20.0,1253.0,True,0.11052631578947368,1.0,7.133295954896068
64,327.0,random_sampling,symmetric,uniform,20,20.0,327.0,True,0.11052631578947368,1.0,5.7899601708972535
65,920.0,random_sampling,symmetric,uniform,20,20.0,920.0,True,0.11052631578947368,1.0,6.824373670043086
66,1490.0,random_sampling,symmetric,uniform,20,20.0,1490.0,True,0.11052631578947368,1.0,7.306531398939505
67,412.0,random_sampling,symmetric,uniform,20,20.0,412.0,True,0.11052631578947368,1.0,6.021023349349527
68,315.0,random_sampling,symmetric,uniform,20,20.0,315.0,True,0.11052631578947368,1.0,5.752572638825633
69,339.0,random_sampling,symmetric,uniform,20,20.0,339.0,True,0.11052631578947368,1.0,5.82600010738045
70,351.0,random_sampling,symmetric,uniform,20,20.0,351.0,True,0.11052631578947368,1.0,5.860786223465865
71,179.0,random_sampling,symmetric,uniform,20,20.0,179.0,True,0.11052631578947368,1.0,5.187385805840755
72,1048.0,random_sampling,symmetric,uniform,20,20.0,1048.0,True,0.11052631578947368,1.0000000000000002,6.954638864880987
73,159.0,random_sampling,symmetric,uniform,20,20.0,159.0,True,0.11052631578947368,1.0000000000000002,5.0689042022202315
74,773.0,random_sampling,symmetric,uniform,20,20.0,773.0,True,0.11052631578947368,1.0,6.650279048587422
75,472.0,random_sampling,symmetric,uniform,20,20.0,472.0,True,0.11052631578947368,1.0,6.156978985585555
76,483.0,random_sampling,symmetric,uniform,20,20.0,483.0,True,0.11052631578947368,0.9999999999999998,6.180016653652572
77,413.0,random_sampling,symmetric,uniform,20,20.0,413.0,True,0.11052631578947368,1.0,6.023447592961033
78,961.0,random_sampling,symmetric,uniform,20,20.0,961.0,True,0.11052631578947368,1.0,6.8679744089702925
79,250.0,random_sampling,symmetric,uniform,20,20.0,250.0,True,0.11052631578947368,1.0,5.521460917862246
80,1264.0,random_sampling,symmetric,uniform,20,20.0,1264.0,True,0.11052631578947368,1.0000000000000002,7.142036574706803
81,127.0,random_sampling,symmetric,uniform,20,20.0,127.0,True,0.11052631578947368,1.0,4.844187086458591
82,401.0,random_sampling,symmetric,uniform,20,20.0,401.0,True,0.11052631578947368,1.0,5.993961427306569
83,180.0,random_sampling,symmetric,uniform,20,20.0,180.0,True,0.11052631578947368,1.0,5.19295685089021
84,688.0,random_sampling,symmetric,uniform,20,20.0,688.0,True,0.11052631578947368,0.9999999999999998,6.5337888379333435
85,248.0,random_sampling,symmetric,uniform,20,20.0,248.0,True,0.11052631578947368,1.0,5.5134287461649825
86,256.0,random_sampling,symmetric,uniform,20,20.0,256.0,True,0.11052631578947368,1.0,5.545177444479562
87,758.0,random_sampling,symmetric,uniform,20,20.0,758.0,True,0.11052631578947368,0.9999999999999998,6.630683385642372
88,575.0,random_sampling,symmetric,uniform,20,20.0,575.0,True,0.11052631578947368,1.0,6.354370040797351
89,72.0,random_sampling,symmetric,uniform,20,20.0,72.0,True,0.11052631578947368,0.9999999999999998,4.276666119016055
90,694.0,random_sampling,symmetric,uniform,20,20.0,694.0,True,0.11052631578947368,1.0,6.542471960506805
91,715.0,random_sampling,symmetric,uniform,20,20.0,715.0,True,0.11052631578947368,0.9999999999999998,6.5722825426940075
92,481.0,random_sampling,symmetric,uniform,20,20.0,481.0,True,0.11052631578947368,0.9999999999999998,6.175867270105761
93,92.0,random_sampling,symmetric,uniform,20,20.0,92.0,True,0.11052631578947368,1.0,4.5217885770490405
94,130.0,random_sampling,symmetric,uniform,20,20.0,130.0,True,0.11052631578947368,1.0,4.867534450455582
95,99.0,random_sampling,symmetric,uniform,20,20.0,99.0,True,0.11052631578947368,1.0,4.59511985013459
96,484.0,random_sampling,symmetric,uniform,20,20.0,484.0,True,0.11052631578947368,1.0,6.182084906716632
97,731.0,random_sampling,symmetric,uniform,20,20.0,731.0,True,0.11052631578947368,1.0,6.594413459749778
98,454.0,random_sampling,symmetric,uniform,20,20.0,454.0,True,0.11052631578947368,1.0,6.118097198041348
99,783.0,random_sampling,symmetric,uniform,20,20.0,783.0,True,0.11052631578947368,1.0,6.663132695990803
0,16430.0,random_sampling,symmetric,uniform,30,95.0,16430.0,True,0.2206896551724138,1.0000000000000002,9.706864211031315
1,2498.0,random_sampling,symmetric,uniform,30,95.0,2498.0,True,0.2206896551724138,0.9999999999999998,7.823245690685523
2,8403.0,random_sampling,symmetric,uniform,30,95.0,8403.0,True,0.2160919540229885,1.0000000000000002,9.036344063928219
3,13290.0,random_sampling,symmetric,uniform,30,95.0,13290.0,True,0.2206896551724138,1.0000000000000002,9.494767151707292
4,6428.0,random_sampling,symmetric,uniform,30,95.0,6428.0,True,0.2206896551724138,1.0,8.768418726857403
5,4781.0,random_sampling,symmetric,uniform,30,95.0,4781.0,True,0.2206896551724138,0.9999999999999999,8.472405008626103
6,6775.0,random_sampling,symmetric,uniform,30,95.0,6775.0,True,0.2206896551724138,1.0,8.820994645747902
7,3795.0,random_sampling,symmetric,uniform,30,95.0,3795.0,True,0.2206896551724138,1.0,8.24143968982973
8,24521.0,random_sampling,symmetric,uniform,30,95.0,24521.0,True,0.21379310344827587,1.0000000000000002,10.1072851722528
9,7024.0,random_sampling,symmetric,uniform,30,95.0,7024.0,True,0.21839080459770116,1.0,8.857088135314953
10,29494.0,random_sampling,symmetric,uniform,30,95.0,29494.0,True,0.2206896551724138,1.0,10.291942131810886
11,2034.0,random_sampling,symmetric,uniform,30,95.0,2034.0,True,0.2206896551724138,1.0000000000000002,7.617759576608505
12,13838.0,random_sampling,symmetric,uniform,30,95.0,13838.0,True,0.21839080459770116,0.9999999999999999,9.535173710058757
13,20093.0,random_sampling,symmetric,uniform,30,95.0,20093.0,True,0.2206896551724138,1.0000000000000002,9.908126774684552
14,12799.0,random_sampling,symmetric,uniform,30,95.0,12799.0,True,0.21379310344827587,1.0000000000000002,9.457122321855792
15,4095.0,random_sampling,symmetric,uniform,30,95.0,4095.0,True,0.2160919540229885,1.0000000000000002,8.31752199628717
16,1367.0,random_sampling,symmetric,uniform,30,95.0,1367.0,True,0.2206896551724138,0.9999999999999999,7.220373836723949
17,9858.0,random_sampling,symmetric,uniform,30,95.0,9858.0,True,0.21839080459770116,0.9999999999999999,9.196038587265322
18,5529.0,random_sampling,symmetric,uniform,30,95.0,5529.0,True,0.2206896551724138,1.0,8.617762246337932
19,5056.0,random_sampling,symmetric,uniform,30,95.0,5056.0,True,0.21839080459770116,1.0,8.528330935826693
20,23564.0,random_sampling,symmetric,uniform,30,95.0,23564.0,True,0.21839080459770116,1.0000000000000002,10.067475402641579
21,4084.0,random_sampling,symmetric,uniform,30,95.0,4084.0,True,0.21839080459770116,0.9999999999999999,8.314832179284556
22,3547.0,random_sampling,symmetric,uniform,30,95.0,3547.0,True,0.21839080459770116,1.0,8.173857454773621
23,17786.0,random_sampling,symmetric,uniform,30,95.0,17786.0,True,0.2206896551724138,1.0,9.786166909959585
24,2864.0,random_sampling,symmetric,uniform,30,95.0,2864.0,True,0.2160919540229885,0.9999999999999999,7.9599745280805365
25,21180.0,random_sampling,symmetric,uniform,30,95.0,21180.0,True,0.2206896551724138,0.9999999999999999,9.960812619155398
26,9269.0,random_sampling,symmetric,uniform,30,95.0,9269.0,True,0.2160919540229885,0.9999999999999999,9.134430777875833
27,12388.0,random_sampling,symmetric,uniform,30,95.0,12388.0,True,0.2206896551724138,1.0,9.424483541093094
28,26640.0,random_sampling,symmetric,uniform,30,95.0,26640.0,True,0.2160919540229885,1.0,10.190169124654325
29,9032.0,random_sampling,symmetric,uniform,30,95.0,9032.0,True,0.2206896551724138,1.0000000000000002,9.108529105829499
30,12410.0,random_sampling,symmetric,uniform,30,95.0,12410.0,True,0.2206896551724138,1.0,9.426257878198653
31,25877.0,random_sampling,symmetric,uniform,30,95.0,25877.0,True,0.2160919540229885,1.0000000000000002,10.16110982226658
32,4564.0,random_sampling,symmetric,uniform,30,95.0,4564.0,True,0.2206896551724138,1.0,8.425954710981966
33,41754.0,random_sampling,symmetric,uniform,30,95.0,41754.0,True,0.21839080459770116,0.9999999999999999,10.639550534072905
34,5611.0,random_sampling,symmetric,uniform,30,95.0,5611.0,True,0.2206896551724138,0.9999999999999999,8.632484235750972
35,15010.0,random_sampling,symmetric,uniform,30,95.0,15010.0,True,0.21839080459770116,0.9999999999999999,9.616471924627508
36,3671.0,random_sampling,symmetric,uniform,30,95.0,3671.0,True,0.21149425287356322,1.0,8.208219383496834
37,6971.0,random_sampling,symmetric,uniform,30,95.0,6971.0,True,0.2206896551724138,1.0000000000000002,8.849513965486398
38,24230.0,random_sampling,symmetric,uniform,30,95.0,24230.0,True,0.2206896551724138,1.0000000000000002,10.095346813810572
39,26057.0,random_sampling,symmetric,uniform,30,95.0,26057.0,True,0.2160919540229885,1.0,10.168041725095886
40,7688.0,random_sampling,symmetric,uniform,30,95.0,7688.0,True,0.21379310344827587,0.9999999999999999,8.947415950650129
41,8821.0,random_sampling,symmetric,uniform,30,95.0,8821.0,True,0.2160919540229885,1.0,9.084890521258767
42,6707.0,random_sampling,symmetric,uniform,30,95.0,6707.0,True,0.21839080459770116,1.0000000000000002,8.810907036099737
43,2947.0,random_sampling,symmetric,uniform,30,95.0,2947.0,True,0.2206896551724138,1.0,7.988542982737695
44,3380.0,random_sampling,symmetric,uniform,30,95.0,3380.0,True,0.2160919540229885,1.0000000000000002,8.125630988477065
45,10050.0,random_sampling,symmetric,uniform,30,95.0,10050.0,True,0.2160919540229885,0.9999999999999998,9.215327913487222
46,46671.0,random_sampling,symmetric,uniform,30,95.0,46671.0,True,0.21839080459770116,1.0,10.750878265755231
47,10590.0,random_sampling,symmetric,uniform,30,95.0,10590.0,True,0.21839080459770116,0.9999999999999999,9.267665438595452
48,11354.0,random_sampling,symmetric,uniform,30,95.0,11354.0,True,0.21839080459770116,1.0,9.337325383730672
49,19749.0,random_sampling,symmetric,uniform,30,95.0,19749.0,True,0.2160919540229885,1.0000000000000002,9.890858136135986
50,55330.0,random_sampling,symmetric,uniform,30,95.0,55330.0,True,0.21839080459770116,1.0,10.921070535892156
51,3592.0,random_sampling,symmetric,uniform,30,95.0,3592.0,True,0.21839080459770116,0.9999999999999998,8.18646442942209
52,6322.0,random_sampling,symmetric,uniform,30,95.0,6322.0,True,0.21839080459770116,1.0,8.751790892775563
53,9778.0,random_sampling,symmetric,uniform,30,95.0,9778.0,True,0.2206896551724138,0.9999999999999999,9.187890243138591
54,7493.0,random_sampling,symmetric,uniform,30,95.0,7493.0,True,0.2160919540229885,1.0,8.92172453036431
55,7226.0,random_sampling,symmetric,uniform,30,95.0,7226.0,True,0.2206896551724138,1.0000000000000002,8.885440911707585
56,10099.0,random_sampling,symmetric,uniform,30,95.0,10099.0,True,0.2206896551724138,1.0000000000000002,9.220191688026556
57,3073.0,random_sampling,symmetric,uniform,30,95.0,3073.0,True,0.21839080459770116,1.0,8.030409562130485
58,1847.0,random_sampling,symmetric,uniform,30,95.0,1847.0,True,0.21149425287356322,1.0,7.52131798019924
59,5316.0,random_sampling,symmetric,uniform,30,95.0,5316.0,True,0.21839080459770116,1.0,8.578476419833136
60,3802.0,random_sampling,symmetric,uniform,30,95.0,3802.0,True,0.2160919540229885,1.0000000000000002,8.243282523048375
61,1408.0,random_sampling,symmetric,uniform,30,95.0,1408.0,True,0.2206896551724138,0.9999999999999998,7.249925536717988
62,20385.0,random_sampling,symmetric,uniform,30,95.0,20385.0,True,0.2160919540229885,1.0000000000000002,9.922554615253354
63,15556.0,random_sampling,symmetric,uniform,30,95.0,15556.0,True,0.21839080459770116,0.9999999999999999,9.652201695275638
64,10032.0,random_sampling,symmetric,uniform,30,95.0,10032.0,True,0.21839080459770116,1.0000000000000002,9.213535262872702
65,3609.0,random_sampling,symmetric,uniform,30,95.0,3609.0,True,0.21839080459770116,1.0,8.19118600464279
66,9975.0,random_sampling,symmetric,uniform,30,95.0,9975.0,True,0.21839080459770116,1.0,9.207837241758064
67,15615.0,random_sampling,symmetric,uniform,30,95.0,15615.0,True,0.2206896551724138,1.0,9.65598726971718
68,2793.0,random_sampling,symmetric,uniform,30,95.0,2793.0,True,0.2206896551724138,1.0,7.934871565945177
69,4696.0,random_sampling,symmetric,uniform,30,95.0,4696.0,True,0.2206896551724138,1.0,8.454466361507933
70,4487.0,random_sampling,symmetric,uniform,30,95.0,4487.0,True,0.2206896551724138,1.0,8.408939605975984
71,3626.0,random_sampling,symmetric,uniform,30,95.0,3626.0,True,0.2206896551724138,0.9999999999999999,8.195885391314796
72,3738.0,random_sampling,symmetric,uniform,30,95.0,3738.0,True,0.21839080459770116,1.0,8.226305988015508
73,6522.0,random_sampling,symmetric,uniform,30,95.0,6522.0,True,0.2206896551724138,0.9999999999999999,8.782936356349264
74,35116.0,random_sampling,symmetric,uniform,30,95.0,35116.0,True,0.2206896551724138,1.0,10.4664121460461
75,3246.0,random_sampling,symmetric,uniform,30,95.0,3246.0,True,0.2206896551724138,1.0,8.085178748074537
76,7412.0,random_sampling,symmetric,uniform,30,95.0,7412.0,True,0.21839080459770116,0.9999999999999999,8.91085558740525
77,7886.0,random_sampling,symmetric,uniform,30,95.0,7886.0,True,0.2206896551724138,1.0,8.972844314437573
78,3306.0,random_sampling,symmetric,uniform,30,95.0,3306.0,True,0.2206896551724138,1.0,8.10349427838097
79,5762.0,random_sampling,symmetric,uniform,30,95.0,5762.0,True,0.2160919540229885,1.0000000000000002,8.659039915644474
80,3518.0,random_sampling,symmetric,uniform,30,95.0,3518.0,True,0.2160919540229885,0.9999999999999999,8.165647925297504
81,1951.0,random_sampling,symmetric,uniform,30,95.0,1951.0,True,0.21839080459770116,0.9999999999999999,7.576097340623111
82,1795.0,random_sampling,symmetric,uniform,30,95.0,1795.0,True,0.2160919540229885,1.0,7.492760300922379
83,3844.0,random_sampling,symmetric,uniform,30,95.0,3844.0,True,0.21839080459770116,1.0000000000000002,8.254268770090183
84,3610.0,random_sampling,symmetric,uniform,30,95.0,3610.0,True,0.2160919540229885,1.0000000000000002,8.191463051326927
85,4071.0,random_sampling,symmetric,uniform,30,95.0,4071.0,True,0.21839080459770116,1.0,8.31164394850298
86,6609.0,random_sampling,symmetric,uniform,30,95.0,6609.0,True,0.21839080459770116,1.0000000000000002,8.796187635470453
87,7753.0,random_sampling,symmetric,uniform,30,95.0,7753.0,True,0.2206896551724138,1.0000000000000002,8.955835144218959
88,7881.0,random_sampling,symmetric,uniform,30,95.0,7881.0,True,0.21149425287356322,1.0000000000000002,8.97221007835365
89,3752.0,random_sampling,symmetric,uniform,30,95.0,3752.0,True,0.21839080459770116,0.9999999999999999,8.230044310126114
90,3364.0,random_sampling,symmetric,uniform,30,95.0,3364.0,True,0.2160919540229885,1.0000000000000002,8.120886021092838
91,81982.0,random_sampling,symmetric,uniform,30,95.0,81982.0,True,0.21149425287356322,1.0,11.31425498995494
92,6342.0,random_sampling,symmetric,uniform,30,95.0,6342.0,True,0.2160919540229885,1.0,8.754949455098293
93,4665.0,random_sampling,symmetric,uniform,30,95.0,4665.0,True,0.2160919540229885,0.9999999999999998,8.447843113281444
94,2788.0,random_sampling,symmetric,uniform,30,95.0,2788.0,True,0.2206896551724138,1.0000000000000002,7.933079771880415
95,51837.0,random_sampling,symmetric,uniform,30,95.0,51837.0,True,0.2206896551724138,1.0000000000000002,10.855859458981232
96,4327.0,random_sampling,symmetric,uniform,30,95.0,4327.0,True,0.2206896551724138,0.9999999999999999,8.372629740224884
97,1442.0,random_sampling,symmetric,uniform,30,95.0,1442.0,True,0.21839080459770116,1.0,7.273786317844895
98,9486.0,random_sampling,symmetric,uniform,30,95.0,9486.0,True,0.2160919540229885,0.9999999999999999,9.157572306437528
99,4563.0,random_sampling,symmetric,uniform,30,95.0,4563.0,True,0.2206896551724138,0.9999999999999999,8.425735580927402
0,13445.0,random_sampling,symmetric,uniform,30,90.0,13445.0,True,0.20919540229885059,1.0,9.506362568702965
1,4002.0,random_sampling,symmetric,uniform,30,90.0,4002.0,True,0.20919540229885059,1.0,8.294549515143679
2,3789.0,random_sampling,symmetric,uniform,30,90.0,3789.0,True,0.20919540229885059,1.0000000000000002,8.239857411018601
3,2168.0,random_sampling,symmetric,uniform,30,90.0,2168.0,True,0.20689655172413793,1.0000000000000004,7.681560362559537
4,7461.0,random_sampling,symmetric,uniform,30,90.0,7461.0,True,0.20919540229885059,1.0,8.917444732471514
5,2863.0,random_sampling,symmetric,uniform,30,90.0,2863.0,True,0.20919540229885059,1.0000000000000002,7.959625305098115
6,7059.0,random_sampling,symmetric,uniform,30,90.0,7059.0,True,0.20919540229885059,1.0,8.862058677395472
7,13707.0,random_sampling,symmetric,uniform,30,90.0,13707.0,True,0.20919540229885059,1.0000000000000002,9.525661930231381
8,31823.0,random_sampling,symmetric,uniform,30,90.0,31823.0,True,0.2045977011494253,1.0000000000000002,10.367944577774505
9,7896.0,random_sampling,symmetric,uniform,30,90.0,7896.0,True,0.20689655172413793,1.0,8.974111581113318
10,5986.0,random_sampling,symmetric,uniform,30,90.0,5986.0,True,0.20689655172413793,1.0,8.697178688412643
11,3352.0,random_sampling,symmetric,uniform,30,90.0,3352.0,True,0.20919540229885059,0.9999999999999999,8.117312461601975
12,7412.0,random_sampling,symmetric,uniform,30,90.0,7412.0,True,0.20689655172413793,1.0000000000000002,8.91085558740525
13,6396.0,random_sampling,symmetric,uniform,30,90.0,6396.0,True,0.20919540229885059,1.0,8.763428073953845
14,20439.0,random_sampling,symmetric,uniform,30,90.0,20439.0,True,0.20919540229885059,0.9999999999999999,9.925200119441778
15,2693.0,random_sampling,symmetric,uniform,30,90.0,2693.0,True,0.20229885057471264,0.9999999999999999,7.898411092811599
16,6910.0,random_sampling,symmetric,uniform,30,90.0,6910.0,True,0.20689655172413793,1.0,8.840724916761715
17,4618.0,random_sampling,symmetric,uniform,30,90.0,4618.0,True,0.2045977011494253,1.0000000000000002,8.43771698991444
18,8678.0,random_sampling,symmetric,uniform,30,90.0,8678.0,True,0.20919540229885059,0.9999999999999999,9.068546366358296
19,67307.0,random_sampling,symmetric,uniform,30,90.0,67307.0,True,0.20919540229885059,1.0000000000000002,11.11701952211103
20,10918.0,random_sampling,symmetric,uniform,30,90.0,10918.0,True,0.2045977011494253,1.0,9.298168082341704
21,10338.0,random_sampling,symmetric,uniform,30,90.0,10338.0,True,0.20689655172413793,1.0000000000000002,9.243581705755984
22,5474.0,random_sampling,symmetric,uniform,30,90.0,5474.0,True,0.20689655172413793,0.9999999999999999,8.607764889600624
23,23006.0,random_sampling,symmetric,uniform,30,90.0,23006.0,True,0.20689655172413793,0.9999999999999999,10.043510330455955
24,15799.0,random_sampling,symmetric,uniform,30,90.0,15799.0,True,0.20689655172413793,1.0000000000000002,9.66770192587285
25,1743.0,random_sampling,symmetric,uniform,30,90.0,1743.0,True,0.20919540229885059,0.9999999999999999,7.463363045520021
26,11606.0,random_sampling,symmetric,uniform,30,90.0,11606.0,True,0.20689655172413793,0.9999999999999999,9.359277484750553
27,10050.0,random_sampling,symmetric,uniform,30,90.0,10050.0,True,0.2045977011494253,0.9999999999999999,9.215327913487222
28,31222.0,random_sampling,symmetric,uniform,30,90.0,31222.0,True,0.20919540229885059,1.0000000000000002,10.348878253516611
29,29159.0,random_sampling,symmetric,uniform,30,90.0,29159.0,True,0.20689655172413793,1.0000000000000002,10.280518891981744
30,6261.0,random_sampling,symmetric,uniform,30,90.0,6261.0,True,0.20689655172413793,1.0000000000000002,8.74209519574531
31,10139.0,random_sampling,symmetric,uniform,30,90.0,10139.0,True,0.20919540229885059,1.0,9.22414465295258
32,6481.0,random_sampling,symmetric,uniform,30,90.0,6481.0,True,0.20919540229885059,1.0,8.776630098427717
33,7676.0,random_sampling,symmetric,uniform,30,90.0,7676.0,True,0.2045977011494253,1.0000000000000002,8.94585385712759
34,5346.0,random_sampling,symmetric,uniform,30,90.0,5346.0,True,0.20229885057471264,1.0000000000000002,8.584103896698863
35,6326.0,random_sampling,symmetric,uniform,30,90.0,6326.0,True,0.20919540229885059,1.0,8.752423403865594
36,10173.0,random_sampling,symmetric,uniform,30,90.0,10173.0,True,0.20919540229885059,1.0000000000000002,9.227492430793749
37,7479.0,random_sampling,symmetric,uniform,30,90.0,7479.0,True,0.20229885057471264,1.0000000000000002,8.919854372191667
38,3342.0,random_sampling,symmetric,uniform,30,90.0,3342.0,True,0.20919540229885059,1.0,8.114324709155339
39,1680.0,random_sampling,symmetric,uniform,30,90.0,1680.0,True,0.20919540229885059,0.9999999999999999,7.426549072397305
40,31177.0,random_sampling,symmetric,uniform,30,90.0,31177.0,True,0.20919540229885059,1.0,10.347435922459987
41,1702.0,random_sampling,symmetric,uniform,30,90.0,1702.0,True,0.20919540229885059,1.0,7.43955930913332
42,29104.0,random_sampling,symmetric,uniform,30,90.0,29104.0,True,0.20689655172413793,1.0,10.278630900757904
43,3301.0,random_sampling,symmetric,uniform,30,90.0,3301.0,True,0.20689655172413793,0.9999999999999998,8.101980731853192
44,13435.0,random_sampling,symmetric,uniform,30,90.0,13435.0,True,0.20919540229885059,1.0000000000000002,9.505618521049591
45,5621.0,random_sampling,symmetric,uniform,30,90.0,5621.0,True,0.20919540229885059,1.0000000000000002,8.634264863002075
46,1811.0,random_sampling,symmetric,uniform,30,90.0,1811.0,True,0.20689655172413793,0.9999999999999999,7.501634457883413
47,13082.0,random_sampling,symmetric,uniform,30,90.0,13082.0,True,0.20689655172413793,1.0,9.478992518521158
48,22206.0,random_sampling,symmetric,uniform,30,90.0,22206.0,True,0.20919540229885059,1.0000000000000002,10.008117801614212
49,40393.0,random_sampling,symmetric,uniform,30,90.0,40393.0,True,0.20919540229885059,0.9999999999999999,10.60641178160999
50,2517.0,random_sampling,symmetric,uniform,30,90.0,2517.0,True,0.20919540229885059,1.0,7.830822995135316
51,28996.0,random_sampling,symmetric,uniform,30,90.0,28996.0,True,0.20919540229885059,0.9999999999999999,10.274913168420769
52,11440.0,random_sampling,symmetric,uniform,30,90.0,11440.0,True,0.20689655172413793,0.9999999999999999,9.344871264933788
53,5779.0,random_sampling,symmetric,uniform,30,90.0,5779.0,True,0.20689655172413793,1.0,8.661985936317778
54,1764.0,random_sampling,symmetric,uniform,30,90.0,1764.0,True,0.20689655172413793,1.0,7.475339236566737
55,15046.0,random_sampling,symmetric,uniform,30,90.0,15046.0,True,0.20919540229885059,1.0,9.618867454120167
56,2406.0,random_sampling,symmetric,uniform,30,90.0,2406.0,True,0.2045977011494253,1.0,7.785720896534624
57,4009.0,random_sampling,symmetric,uniform,30,90.0,4009.0,True,0.20689655172413793,1.0,8.296297112642508
58,4945.0,random_sampling,symmetric,uniform,30,90.0,4945.0,True,0.20689655172413793,0.9999999999999999,8.506132244056813
59,4850.0,random_sampling,symmetric,uniform,30,90.0,4850.0,True,0.20689655172413793,1.0000000000000002,8.48673398393153
60,20726.0,random_sampling,symmetric,uniform,30,90.0,20726.0,True,0.20919540229885059,1.0,9.939144229744162
61,1560.0,random_sampling,symmetric,uniform,30,90.0,1560.0,True,0.20919540229885059,0.9999999999999998,7.352441100243583
62,5616.0,random_sampling,symmetric,uniform,30,90.0,5616.0,True,0.2045977011494253,1.0,8.633374945705647
63,4311.0,random_sampling,symmetric,uniform,30,90.0,4311.0,True,0.20689655172413793,1.0000000000000002,8.368925174747135
64,16164.0,random_sampling,symmetric,uniform,30,90.0,16164.0,True,0.20689655172413793,1.0,9.690541826198364
65,4677.0,random_sampling,symmetric,uniform,30,90.0,4677.0,True,0.20689655172413793,1.0000000000000002,8.450412157725886
66,6861.0,random_sampling,symmetric,uniform,30,90.0,6861.0,True,0.20919540229885059,0.9999999999999998,8.833608482690892
67,8924.0,random_sampling,symmetric,uniform,30,90.0,8924.0,True,0.20229885057471264,1.0000000000000002,9.096499555552423
68,9656.0,random_sampling,symmetric,uniform,30,90.0,9656.0,True,0.20919540229885059,1.0,9.175334762777368
69,6157.0,random_sampling,symmetric,uniform,30,90.0,6157.0,True,0.20919540229885059,0.9999999999999999,8.72534492491121
70,19574.0,random_sampling,symmetric,uniform,30,90.0,19574.0,True,0.20919540229885059,1.0,9.881957433985765
71,3818.0,random_sampling,symmetric,uniform,30,90.0,3818.0,True,0.20229885057471264,1.0000000000000002,8.247482004285693
72,17605.0,random_sampling,symmetric,uniform,30,90.0,17605.0,True,0.20919540229885059,1.0000000000000002,9.775938231589153
73,8371.0,random_sampling,symmetric,uniform,30,90.0,8371.0,True,0.20689655172413793,1.0,9.032528630660057
74,6042.0,random_sampling,symmetric,uniform,30,90.0,6042.0,True,0.20919540229885059,0.9999999999999999,8.706490361946617
75,3625.0,random_sampling,symmetric,uniform,30,90.0,3625.0,True,0.20689655172413793,1.0000000000000002,8.195609567288775
76,11127.0,random_sampling,symmetric,uniform,30,90.0,11127.0,True,0.20919540229885059,0.9999999999999998,9.3171298661577
77,2003.0,random_sampling,symmetric,uniform,30,90.0,2003.0,True,0.20919540229885059,1.0000000000000002,7.602401335665818
78,7240.0,random_sampling,symmetric,uniform,30,90.0,7240.0,True,0.20689655172413793,1.0000000000000002,8.887376485379763
79,12202.0,random_sampling,symmetric,uniform,30,90.0,12202.0,True,0.20919540229885059,0.9999999999999999,9.409355151711798
80,9219.0,random_sampling,symmetric,uniform,30,90.0,9219.0,True,0.20919540229885059,1.0000000000000002,9.129021850798594
81,41419.0,random_sampling,symmetric,uniform,30,90.0,41419.0,True,0.20689655172413793,0.9999999999999999,10.631494991732007
82,1768.0,random_sampling,symmetric,uniform,30,90.0,1768.0,True,0.20689655172413793,1.0000000000000002,7.477604243197589
83,7404.0,random_sampling,symmetric,uniform,30,90.0,7404.0,True,0.2045977011494253,1.0,8.909775673693389
84,11875.0,random_sampling,symmetric,uniform,30,90.0,11875.0,True,0.2045977011494253,0.9999999999999999,9.382190628902842
85,7009.0,random_sampling,symmetric,uniform,30,90.0,7009.0,True,0.20689655172413793,1.0,8.854950316500325
86,1770.0,random_sampling,symmetric,uniform,30,90.0,1770.0,True,0.20689655172413793,1.0000000000000002,7.478734825567875
87,4259.0,random_sampling,symmetric,uniform,30,90.0,4259.0,True,0.20689655172413793,0.9999999999999999,8.356789669923213
88,3747.0,random_sampling,symmetric,uniform,30,90.0,3747.0,True,0.20689655172413793,1.0,8.228710798793687
89,12065.0,random_sampling,symmetric,uniform,30,90.0,12065.0,True,0.20689655172413793,1.0000000000000002,9.398063978059133
90,2239.0,random_sampling,symmetric,uniform,30,90.0,2239.0,True,0.20919540229885059,1.0000000000000002,7.713784616598755
91,974.0,random_sampling,symmetric,uniform,30,90.0,974.0,True,0.20919540229885059,1.0,6.881411303642535
92,35976.0,random_sampling,symmetric,uniform,30,90.0,35976.0,True,0.20229885057471264,1.0,10.490607328450544
93,9571.0,random_sampling,symmetric,uniform,30,90.0,9571.0,True,0.20689655172413793,1.0,9.166492972195906
94,7608.0,random_sampling,symmetric,uniform,30,90.0,7608.0,True,0.20919540229885059,1.0,8.936955604225226
95,6701.0,random_sampling,symmetric,uniform,30,90.0,6701.0,True,0.20919540229885059,1.0,8.81001204797317
96,5527.0,random_sampling,symmetric,uniform,30,90.0,5527.0,True,0.20919540229885059,1.0000000000000002,8.617400451833262
97,16369.0,random_sampling,symmetric,uniform,30,90.0,16369.0,True,0.20689655172413793,1.0,9.703144581144354
98,6709.0,random_sampling,symmetric,uniform,30,90.0,6709.0,True,0.20229885057471264,0.9999999999999998,8.811205187562887
99,2628.0,random_sampling,symmetric,uniform,30,90.0,2628.0,True,0.20689655172413793,1.0,7.873978379604501
0,8077.0,random_sampling,symmetric,uniform,30,60.0,8077.0,True,0.14022988505747128,1.0000000000000002,8.996775795442296
1,5299.0,random_sampling,symmetric,uniform,30,60.0,5299.0,True,0.14022988505747128,1.0,8.575273402492762
2,23989.0,random_sampling,symmetric,uniform,30,60.0,23989.0,True,0.14022988505747128,1.0,10.085350670929921
3,47900.0,random_sampling,symmetric,uniform,30,60.0,47900.0,True,0.14022988505747128,1.0000000000000002,10.776870783399007
4,6770.0,random_sampling,symmetric,uniform,30,60.0,6770.0,True,0.14022988505747128,1.0000000000000002,8.820256365906321
5,5398.0,random_sampling,symmetric,uniform,30,60.0,5398.0,True,0.14022988505747128,1.0000000000000002,8.59378379357795
6,1785.0,random_sampling,symmetric,uniform,30,60.0,1785.0,True,0.13793103448275862,0.9999999999999999,7.487173694213739
7,3189.0,random_sampling,symmetric,uniform,30,60.0,3189.0,True,0.14022988505747128,0.9999999999999999,8.067462667010057
8,4958.0,random_sampling,symmetric,uniform,30,60.0,4958.0,True,0.14022988505747128,0.9999999999999998,8.508757712595136
9,7079.0,random_sampling,symmetric,uniform,30,60.0,7079.0,True,0.13793103448275862,1.0,8.86488793377419
10,10896.0,random_sampling,symmetric,uniform,30,60.0,10896.0,True,0.14022988505747128,1.0,9.296151028389293
11,1741.0,random_sampling,symmetric,uniform,30,60.0,1741.0,True,0.14022988505747128,1.0000000000000002,7.462214939768189
12,11164.0,random_sampling,symmetric,uniform,30,60.0,11164.0,True,0.14022988505747128,1.0,9.320449594656212
13,468.0,random_sampling,symmetric,uniform,30,60.0,468.0,True,0.14022988505747128,1.0,6.148468295917647
14,9994.0,random_sampling,symmetric,uniform,30,60.0,9994.0,True,0.13793103448275862,1.0,9.20974019190415
15,13769.0,random_sampling,symmetric,uniform,30,60.0,13769.0,True,0.14022988505747128,1.0,9.530174967444372
16,21387.0,random_sampling,symmetric,uniform,30,60.0,21387.0,True,0.14022988505747128,1.0,9.970538539785737
17,11081.0,random_sampling,symmetric,uniform,30,60.0,11081.0,True,0.14022988505747128,1.0,9.312987208936326
18,6049.0,random_sampling,symmetric,uniform,30,60.0,6049.0,True,0.14022988505747128,1.0,8.707648248106914
19,15639.0,random_sampling,symmetric,uniform,30,60.0,15639.0,True,0.14022988505747128,1.0,9.657523073436215
20,30544.0,random_sampling,symmetric,uniform,30,60.0,30544.0,True,0.14022988505747128,1.0,10.32692354596553
21,2842.0,random_sampling,symmetric,uniform,30,60.0,2842.0,True,0.14022988505747128,1.0,7.952263308657046
22,7691.0,random_sampling,symmetric,uniform,30,60.0,7691.0,True,0.14022988505747128,0.9999999999999999,8.947806093057054
23,17636.0,random_sampling,symmetric,uniform,30,60.0,17636.0,True,0.14022988505747128,0.9999999999999999,9.777697546477828
24,4201.0,random_sampling,symmetric,uniform,30,60.0,4201.0,True,0.14022988505747128,1.0,8.343077871169383
25,31150.0,random_sampling,symmetric,uniform,30,60.0,31150.0,True,0.14022988505747128,1.0,10.3465695242156
26,9167.0,random_sampling,symmetric,uniform,30,60.0,9167.0,True,0.14022988505747128,0.9999999999999998,9.123365357961776
27,12232.0,random_sampling,symmetric,uniform,30,60.0,12232.0,True,0.14022988505747128,0.9999999999999999,9.411810747608898
28,2157.0,random_sampling,symmetric,uniform,30,60.0,2157.0,True,0.14022988505747128,1.0,7.676473646389156
29,12761.0,random_sampling,symmetric,uniform,30,60.0,12761.0,True,0.14022988505747128,1.0000000000000002,9.454148923733976
30,4882.0,random_sampling,symmetric,uniform,30,60.0,4882.0,True,0.14022988505747128,1.0000000000000002,8.493310250952906
31,56585.0,random_sampling,symmetric,uniform,30,60.0,56585.0,True,0.14022988505747128,1.0,10.943499211400042
32,24968.0,random_sampling,symmetric,uniform,30,60.0,24968.0,True,0.14022988505747128,1.0,10.125350283950615
33,2506.0,random_sampling,symmetric,uniform,30,60.0,2506.0,True,0.14022988505747128,1.0000000000000002,7.826443135456014
34,1702.0,random_sampling,symmetric,uniform,30,60.0,1702.0,True,0.14022988505747128,1.0,7.43955930913332
35,13471.0,random_sampling,symmetric,uniform,30,60.0,13471.0,True,0.14022988505747128,0.9999999999999998,9.508294505698569
36,3054.0,random_sampling,symmetric,uniform,30,60.0,3054.0,True,0.14022988505747128,1.0,8.024207485778577
37,19876.0,random_sampling,symmetric,uniform,30,60.0,19876.0,True,0.14022988505747128,0.9999999999999999,9.897268252722212
38,13002.0,random_sampling,symmetric,uniform,30,60.0,13002.0,True,0.14022988505747128,0.9999999999999998,9.472858470764415
39,2408.0,random_sampling,symmetric,uniform,30,60.0,2408.0,True,0.14022988505747128,1.0000000000000002,7.786551806428712
40,2935.0,random_sampling,symmetric,uniform,30,60.0,2935.0,True,0.14022988505747128,1.0,7.984462732262196
41,6846.0,random_sampling,symmetric,uniform,30,60.0,6846.0,True,0.14022988505747128,1.0000000000000002,8.831419819090131
42,5954.0,random_sampling,symmetric,uniform,30,60.0,5954.0,True,0.14022988505747128,0.9999999999999999,8.691818541575723
43,2388.0,random_sampling,symmetric,uniform,30,60.0,2388.0,True,0.14022988505747128,0.9999999999999999,7.778211474512493
44,10217.0,random_sampling,symmetric,uniform,30,60.0,10217.0,True,0.14022988505747128,1.0000000000000002,9.231808278591423
45,7987.0,random_sampling,symmetric,uniform,30,60.0,7987.0,True,0.14022988505747128,0.9999999999999999,8.985570498917388
46,2762.0,random_sampling,symmetric,uniform,30,60.0,2762.0,True,0.14022988505747128,1.0,7.923710333969238
47,5010.0,random_sampling,symmetric,uniform,30,60.0,5010.0,True,0.14022988505747128,0.9999999999999999,8.51919119407891
48,3716.0,random_sampling,symmetric,uniform,30,60.0,3716.0,True,0.14022988505747128,1.0,8.22040309993373
49,3038.0,random_sampling,symmetric,uniform,30,60.0,3038.0,True,0.14022988505747128,1.0000000000000002,8.018954683155718
50,2564.0,random_sampling,symmetric,uniform,30,60.0,2564.0,True,0.14022988505747128,0.9999999999999999,7.849323818040561
51,2840.0,random_sampling,symmetric,uniform,30,60.0,2840.0,True,0.14022988505747128,1.0,7.951559331155252
52,9701.0,random_sampling,symmetric,uniform,30,60.0,9701.0,True,0.14022988505747128,1.0000000000000002,9.179984251961283
53,11310.0,random_sampling,symmetric,uniform,30,60.0,11310.0,True,0.14022988505747128,1.0000000000000002,9.333442569110167
54,7200.0,random_sampling,symmetric,uniform,30,60.0,7200.0,True,0.14022988505747128,1.0,8.881836305004146
55,13916.0,random_sampling,symmetric,uniform,30,60.0,13916.0,True,0.14022988505747128,0.9999999999999998,9.540794536271832
56,3594.0,random_sampling,symmetric,uniform,30,60.0,3594.0,True,0.14022988505747128,0.9999999999999999,8.187021067343505
57,19183.0,random_sampling,symmetric,uniform,30,60.0,19183.0,True,0.13793103448275862,1.0,9.861779749136337
58,1866.0,random_sampling,symmetric,uniform,30,60.0,1866.0,True,0.14022988505747128,1.0,7.531552381407289
59,11195.0,random_sampling,symmetric,uniform,30,60.0,11195.0,True,0.14022988505747128,0.9999999999999999,9.323222529032856
60,1421.0,random_sampling,symmetric,uniform,30,60.0,1421.0,True,0.14022988505747128,1.0000000000000002,7.259116128097101
61,3896.0,random_sampling,symmetric,uniform,30,60.0,3896.0,True,0.14022988505747128,1.0000000000000002,8.267705664762426
62,11708.0,random_sampling,symmetric,uniform,30,60.0,11708.0,True,0.14022988505747128,1.0000000000000002,9.368027647811777
63,3710.0,random_sampling,symmetric,uniform,30,60.0,3710.0,True,0.14022988505747128,1.0,8.21878715560148
64,6755.0,random_sampling,symmetric,uniform,30,60.0,6755.0,True,0.14022988505747128,0.9999999999999999,8.818038250394299
65,9530.0,random_sampling,symmetric,uniform,30,60.0,9530.0,True,0.14022988505747128,0.9999999999999998,9.162199996648248
66,10811.0,random_sampling,symmetric,uniform,30,60.0,10811.0,True,0.14022988505747128,1.0,9.288319413292772
67,6804.0,random_sampling,symmetric,uniform,30,60.0,6804.0,True,0.14022988505747128,1.0000000000000002,8.825265953515752
68,2871.0,random_sampling,symmetric,uniform,30,60.0,2871.0,True,0.14022988505747128,1.0000000000000002,7.962415680121064
69,47146.0,random_sampling,symmetric,uniform,30,60.0,47146.0,True,0.14022988505747128,0.9999999999999999,10.761004448831892
70,12627.0,random_sampling,symmetric,uniform,30,60.0,12627.0,True,0.14022988505747128,1.0,9.44359265743868
71,2084.0,random_sampling,symmetric,uniform,30,60.0,2084.0,True,0.14022988505747128,0.9999999999999998,7.642044402873258
72,2848.0,random_sampling,symmetric,uniform,30,60.0,2848.0,True,0.14022988505747128,0.9999999999999999,7.954372272531867
73,12153.0,random_sampling,symmetric,uniform,30,60.0,12153.0,True,0.14022988505747128,1.0000000000000002,9.4053313318708
74,21201.0,random_sampling,symmetric,uniform,30,60.0,21201.0,True,0.14022988505747128,1.0000000000000002,9.961803629358965
75,2722.0,random_sampling,symmetric,uniform,30,60.0,2722.0,True,0.14022988505747128,0.9999999999999999,7.909122183211411
76,5412.0,random_sampling,symmetric,uniform,30,60.0,5412.0,True,0.14022988505747128,1.0000000000000002,8.59637398929068
77,1494.0,random_sampling,symmetric,uniform,30,60.0,1494.0,True,0.14022988505747128,1.0,7.309212365692763
78,11487.0,random_sampling,symmetric,uniform,30,60.0,11487.0,True,0.14022988505747128,1.0000000000000002,9.348971240145405
79,2927.0,random_sampling,symmetric,uniform,30,60.0,2927.0,True,0.14022988505747128,1.0,7.9817332866918855
80,12036.0,random_sampling,symmetric,uniform,30,60.0,12036.0,True,0.14022988505747128,1.0000000000000002,9.395657437749936
81,7977.0,random_sampling,symmetric,uniform,30,60.0,7977.0,True,0.14022988505747128,1.0000000000000002,8.984317679911129
82,6413.0,random_sampling,symmetric,uniform,30,60.0,6413.0,True,0.14022988505747128,1.0,8.766082459148864
83,5319.0,random_sampling,symmetric,uniform,30,60.0,5319.0,True,0.14022988505747128,1.0000000000000002,8.579040594742317
84,21785.0,random_sampling,symmetric,uniform,30,60.0,21785.0,True,0.14022988505747128,1.0,9.988976938551543
85,11487.0,random_sampling,symmetric,uniform,30,60.0,11487.0,True,0.14022988505747128,1.0000000000000002,9.348971240145405
86,1548.0,random_sampling,symmetric,uniform,30,60.0,1548.0,True,0.14022988505747128,0.9999999999999999,7.344719054149673
87,1858.0,random_sampling,symmetric,uniform,30,60.0,1858.0,True,0.14022988505747128,1.0,7.527255919373784
88,11060.0,random_sampling,symmetric,uniform,30,60.0,11060.0,True,0.14022988505747128,0.9999999999999999,9.311090275076326
89,5996.0,random_sampling,symmetric,uniform,30,60.0,5996.0,True,0.13793103448275862,1.0,8.698847859222488
90,3161.0,random_sampling,symmetric,uniform,30,60.0,3161.0,True,0.14022988505747128,1.0000000000000002,8.058643712215618
91,18794.0,random_sampling,symmetric,uniform,30,60.0,18794.0,True,0.14022988505747128,1.0000000000000002,9.84129294894301
92,3752.0,random_sampling,symmetric,uniform,30,60.0,3752.0,True,0.14022988505747128,1.0,8.230044310126114
93,11687.0,random_sampling,symmetric,uniform,30,60.0,11687.0,True,0.14022988505747128,1.0,9.366232391933156
94,5329.0,random_sampling,symmetric,uniform,30,60.0,5329.0,True,0.14022988505747128,1.0000000000000002,8.580918882296782
95,6669.0,random_sampling,symmetric,uniform,30,60.0,6669.0,True,0.13793103448275862,1.0,8.805225202632306
96,6264.0,random_sampling,symmetric,uniform,30,60.0,6264.0,True,0.14022988505747128,1.0,8.74257423767064
97,18878.0,random_sampling,symmetric,uniform,30,60.0,18878.0,True,0.14022988505747128,1.0,9.84575250188489
98,2820.0,random_sampling,symmetric,uniform,30,60.0,2820.0,True,0.14022988505747128,1.0,7.944492163932159
99,828.0,random_sampling,symmetric,uniform,30,60.0,828.0,True,0.14022988505747128,1.0000000000000002,6.71901315438526
0,11386.0,random_sampling,symmetric,uniform,30,30.0,11386.0,True,0.07126436781609195,0.9999999999999998,9.340139809511028
1,6044.0,random_sampling,symmetric,uniform,30,30.0,6044.0,True,0.07126436781609195,1.0,8.70682132339263
2,1458.0,random_sampling,symmetric,uniform,30,30.0,1458.0,True,0.07126436781609195,1.0,7.284820912568604
3,3936.0,random_sampling,symmetric,uniform,30,30.0,3936.0,True,0.07126436781609195,1.0,8.277920258172143
4,4464.0,random_sampling,symmetric,uniform,30,30.0,4464.0,True,0.07126436781609195,0.9999999999999999,8.403800504061147
5,1754.0,random_sampling,symmetric,uniform,30,30.0,1754.0,True,0.07126436781609195,1.0000000000000002,7.469654172932128
6,6272.0,random_sampling,symmetric,uniform,30,30.0,6272.0,True,0.07126436781609195,0.9999999999999999,8.743850562030243
7,1697.0,random_sampling,symmetric,uniform,30,30.0,1697.0,True,0.07126436781609195,1.0000000000000002,7.436617265234227
8,2601.0,random_sampling,symmetric,uniform,30,30.0,2601.0,True,0.07126436781609195,1.0,7.8636512654486515
9,3563.0,random_sampling,symmetric,uniform,30,30.0,3563.0,True,0.07126436781609195,1.0,8.178358165605836
10,965.0,random_sampling,symmetric,uniform,30,30.0,965.0,True,0.07126436781609195,1.0,6.872128101338986
11,13598.0,random_sampling,symmetric,uniform,30,30.0,13598.0,True,0.07126436781609195,1.0,9.517678002086406
12,12984.0,random_sampling,symmetric,uniform,30,30.0,12984.0,True,0.07126436781609195,1.0,9.471473109194427
13,3867.0,random_sampling,symmetric,uniform,30,30.0,3867.0,True,0.07126436781609195,1.0,8.260234291607297
14,2600.0,random_sampling,symmetric,uniform,30,30.0,2600.0,True,0.07126436781609195,1.0,7.8632667240095735
15,1069.0,random_sampling,symmetric,uniform,30,30.0,1069.0,True,0.07126436781609195,1.0,6.974478911025045
16,3169.0,random_sampling,symmetric,uniform,30,30.0,3169.0,True,0.07126436781609195,0.9999999999999999,8.06117135969092
17,335.0,random_sampling,symmetric,uniform,30,30.0,335.0,True,0.07126436781609195,1.0,5.814130531825066
18,13522.0,random_sampling,symmetric,uniform,30,30.0,13522.0,True,0.07126436781609195,1.0,9.512073267650623
19,20544.0,random_sampling,symmetric,uniform,30,30.0,20544.0,True,0.07126436781609195,1.0,9.930324206489688
20,14082.0,random_sampling,symmetric,uniform,30,30.0,14082.0,True,0.07126436781609195,0.9999999999999999,9.552652665079078
21,31782.0,random_sampling,symmetric,uniform,30,30.0,31782.0,True,0.07126436781609195,1.0,10.366655370772582
22,1777.0,random_sampling,symmetric,uniform,30,30.0,1777.0,True,0.07126436781609195,1.0,7.482681828154651
23,12485.0,random_sampling,symmetric,uniform,30,30.0,12485.0,True,0.07126436781609195,0.9999999999999999,9.432283202713874
24,6133.0,random_sampling,symmetric,uniform,30,30.0,6133.0,True,0.07126436781609195,0.9999999999999999,8.721439305625983
25,43397.0,random_sampling,symmetric,uniform,30,30.0,43397.0,True,0.07126436781609195,1.0,10.67814559327533
26,2733.0,random_sampling,symmetric,uniform,30,30.0,2733.0,True,0.07126436781609195,1.0,7.913155185928068
27,12624.0,random_sampling,symmetric,uniform,30,30.0,12624.0,True,0.07126436781609195,1.0,9.443355043085656
28,6780.0,random_sampling,symmetric,uniform,30,30.0,6780.0,True,0.07126436781609195,1.0000000000000002,8.821732380934442
29,13407.0,random_sampling,symmetric,uniform,30,30.0,13407.0,True,0.07126436781609195,1.0,9.503532237601561
30,1983.0,random_sampling,symmetric,uniform,30,30.0,1983.0,True,0.07126436781609195,1.0000000000000002,7.592366128519796
31,420.0,random_sampling,symmetric,uniform,30,30.0,420.0,True,0.07126436781609195,1.0,6.040254711277414
32,4779.0,random_sampling,symmetric,uniform,30,30.0,4779.0,True,0.07126436781609195,1.0,8.471986598578159
33,6825.0,random_sampling,symmetric,uniform,30,30.0,6825.0,True,0.07126436781609195,0.9999999999999999,8.82834762005316
34,8833.0,random_sampling,symmetric,uniform,30,30.0,8833.0,True,0.07126436781609195,0.9999999999999999,9.086249986745132
35,28294.0,random_sampling,symmetric,uniform,30,30.0,28294.0,True,0.07126436781609195,1.0,10.25040504701888
36,5663.0,random_sampling,symmetric,uniform,30,30.0,5663.0,True,0.07126436781609195,0.9999999999999999,8.641709066113805
37,1569.0,random_sampling,symmetric,uniform,30,30.0,1569.0,True,0.07126436781609195,1.0,7.358193752733032
38,3825.0,random_sampling,symmetric,uniform,30,30.0,3825.0,True,0.07126436781609195,1.0,8.249313746260636
39,4325.0,random_sampling,symmetric,uniform,30,30.0,4325.0,True,0.07126436781609195,1.0,8.37216741936598
40,16325.0,random_sampling,symmetric,uniform,30,30.0,16325.0,True,0.07126436781609195,0.9999999999999999,9.700452954144632
41,3126.0,random_sampling,symmetric,uniform,30,30.0,3126.0,True,0.07126436781609195,0.9999999999999999,8.047509510981422
42,4896.0,random_sampling,symmetric,uniform,30,30.0,4896.0,True,0.07126436781609195,0.9999999999999998,8.496173824192162
43,18806.0,random_sampling,symmetric,uniform,30,30.0,18806.0,True,0.07126436781609195,1.0,9.841931246837023
44,7604.0,random_sampling,symmetric,uniform,30,30.0,7604.0,True,0.07126436781609195,0.9999999999999999,8.93642970360832
45,3778.0,random_sampling,symmetric,uniform,30,30.0,3778.0,True,0.07126436781609195,1.0,8.236950048061455
46,6096.0,random_sampling,symmetric,uniform,30,30.0,6096.0,True,0.07126436781609195,0.9999999999999998,8.715388097366482
47,12044.0,random_sampling,symmetric,uniform,30,30.0,12044.0,True,0.07126436781609195,1.0,9.396321889601625
48,2575.0,random_sampling,symmetric,uniform,30,30.0,2575.0,True,0.07126436781609195,0.9999999999999999,7.853604813097837
49,32469.0,random_sampling,symmetric,uniform,30,30.0,32469.0,True,0.07126436781609195,1.0,10.388041066963256
50,3904.0,random_sampling,symmetric,uniform,30,30.0,3904.0,True,0.07126436781609195,0.9999999999999999,8.269756947532983
51,1427.0,random_sampling,symmetric,uniform,30,30.0,1427.0,True,0.07126436781609195,1.0,7.2633296174768365
52,2032.0,random_sampling,symmetric,uniform,30,30.0,2032.0,True,0.07126436781609195,1.0000000000000002,7.616775808698373
53,24579.0,random_sampling,symmetric,uniform,30,30.0,24579.0,True,0.07126436781609195,1.0,10.109647698809924
54,4086.0,random_sampling,symmetric,uniform,30,30.0,4086.0,True,0.07126436781609195,1.0,8.315321775377567
55,9439.0,random_sampling,symmetric,uniform,30,30.0,9439.0,True,0.07126436781609195,1.0000000000000002,9.152605321324945
56,1584.0,random_sampling,symmetric,uniform,30,30.0,1584.0,True,0.07126436781609195,1.0000000000000002,7.367708572374371
57,7680.0,random_sampling,symmetric,uniform,30,30.0,7680.0,True,0.07126436781609195,1.0,8.946374826141717
58,1197.0,random_sampling,symmetric,uniform,30,30.0,1197.0,True,0.07126436781609195,1.0,7.087573705557973
59,2963.0,random_sampling,symmetric,uniform,30,30.0,2963.0,True,0.07126436781609195,1.0,7.993957547573565
60,14124.0,random_sampling,symmetric,uniform,30,30.0,14124.0,True,0.07126436781609195,1.0,9.555630757048277
61,7264.0,random_sampling,symmetric,uniform,30,30.0,7264.0,True,0.07126436781609195,1.0,8.890685920281129
62,23349.0,random_sampling,symmetric,uniform,30,30.0,23349.0,True,0.07126436781609195,1.0,10.058309435627498
63,29663.0,random_sampling,symmetric,uniform,30,30.0,29663.0,True,0.07126436781609195,1.0,10.297655756901996
64,9355.0,random_sampling,symmetric,uniform,30,30.0,9355.0,True,0.07126436781609195,1.0000000000000002,9.14366623870819
65,948.0,random_sampling,symmetric,uniform,30,30.0,948.0,True,0.07126436781609195,1.0,6.854354502255021
66,5391.0,random_sampling,symmetric,uniform,30,30.0,5391.0,True,0.07126436781609195,1.0,8.592486175451668
67,10076.0,random_sampling,symmetric,uniform,30,30.0,10076.0,True,0.07126436781609195,1.0,9.2179116374725
68,1968.0,random_sampling,symmetric,uniform,30,30.0,1968.0,True,0.07126436781609195,1.0,7.584773077612199
69,4010.0,random_sampling,symmetric,uniform,30,30.0,4010.0,True,0.07126436781609195,1.0,8.296546520300614
70,10362.0,random_sampling,symmetric,uniform,30,30.0,10362.0,True,0.07126436781609195,0.9999999999999999,9.245900547374733
71,4961.0,random_sampling,symmetric,uniform,30,30.0,4961.0,True,0.07126436781609195,1.0000000000000002,8.509362612301048
72,1350.0,random_sampling,symmetric,uniform,30,30.0,1350.0,True,0.07126436781609195,0.9999999999999998,7.2078598714324755
73,3138.0,random_sampling,symmetric,uniform,30,30.0,3138.0,True,0.07126436781609195,1.0,8.051340933292979
74,16313.0,random_sampling,symmetric,uniform,30,30.0,16313.0,True,0.07126436781609195,1.0,9.699717614936302
75,3686.0,random_sampling,symmetric,uniform,30,30.0,3686.0,True,0.07126436781609195,1.0000000000000002,8.212297138229768
76,1682.0,random_sampling,symmetric,uniform,30,30.0,1682.0,True,0.07126436781609195,0.9999999999999999,7.427738840532894
77,14538.0,random_sampling,symmetric,uniform,30,30.0,14538.0,True,0.07126436781609195,1.0,9.584521190044581
78,1001.0,random_sampling,symmetric,uniform,30,30.0,1001.0,True,0.07126436781609195,1.0,6.90875477931522
79,15412.0,random_sampling,symmetric,uniform,30,30.0,15412.0,True,0.07126436781609195,1.0,9.642901705746048
80,4888.0,random_sampling,symmetric,uniform,30,30.0,4888.0,True,0.07126436781609195,1.0,8.494538500851432
81,10122.0,random_sampling,symmetric,uniform,30,30.0,10122.0,True,0.07126436781609195,0.9999999999999999,9.222466551774023
82,6345.0,random_sampling,symmetric,uniform,30,30.0,6345.0,True,0.07126436781609195,1.0000000000000002,8.755422380148488
83,8020.0,random_sampling,symmetric,uniform,30,30.0,8020.0,True,0.07126436781609195,1.0,8.98969370086056
84,2050.0,random_sampling,symmetric,uniform,30,30.0,2050.0,True,0.07126436781609195,0.9999999999999999,7.6255950721324535
85,4723.0,random_sampling,symmetric,uniform,30,30.0,4723.0,True,0.07126436781609195,1.0,8.460199469896118
86,1653.0,random_sampling,symmetric,uniform,30,30.0,1653.0,True,0.07126436781609195,1.0000000000000002,7.410347097821024
87,5426.0,random_sampling,symmetric,uniform,30,30.0,5426.0,True,0.07126436781609195,1.0,8.598957493218878
88,12612.0,random_sampling,symmetric,uniform,30,30.0,12612.0,True,0.07126436781609195,1.0,9.442404020664952
89,7016.0,random_sampling,symmetric,uniform,30,30.0,7016.0,True,0.07126436781609195,1.0,8.855948534052018
90,103457.0,random_sampling,symmetric,uniform,30,30.0,103457.0,True,0.07126436781609195,0.9999999999999998,11.546911346423387
91,3350.0,random_sampling,symmetric,uniform,30,30.0,3350.0,True,0.07126436781609195,1.0,8.116715624819111
92,2901.0,random_sampling,symmetric,uniform,30,30.0,2901.0,True,0.07126436781609195,1.0,7.972810784121404
93,3104.0,random_sampling,symmetric,uniform,30,30.0,3104.0,True,0.07126436781609195,1.0000000000000002,8.04044688130311
94,1866.0,random_sampling,symmetric,uniform,30,30.0,1866.0,True,0.07126436781609195,0.9999999999999999,7.531552381407289
95,5765.0,random_sampling,symmetric,uniform,30,30.0,5765.0,True,0.07126436781609195,0.9999999999999998,8.65956043270316
96,34370.0,random_sampling,symmetric,uniform,30,30.0,34370.0,True,0.07126436781609195,1.0000000000000002,10.44493936984388
97,4458.0,random_sampling,symmetric,uniform,30,30.0,4458.0,True,0.07126436781609195,1.0000000000000002,8.402455513945814
98,7717.0,random_sampling,symmetric,uniform,30,30.0,7717.0,True,0.07126436781609195,1.0,8.951180966457603
99,3398.0,random_sampling,symmetric,uniform,30,30.0,3398.0,True,0.07126436781609195,1.0,8.130942302231878
0,4443.0,random_sampling,symmetric,uniform,30,10.0,4443.0,True,0.02528735632183908,1.0,8.399085102935908
1,248.0,random_sampling,symmetric,uniform,30,10.0,248.0,True,0.02528735632183908,,5.5134287461649825
2,777.0,random_sampling,symmetric,uniform,30,10.0,777.0,True,0.02528735632183908,1.0,6.655440350367647
3,127.0,random_sampling,symmetric,uniform,30,10.0,127.0,True,0.02528735632183908,1.0,4.844187086458591
4,846.0,random_sampling,symmetric,uniform,30,10.0,846.0,True,0.02528735632183908,1.0,6.740519359606223
5,113.0,random_sampling,symmetric,uniform,30,10.0,113.0,True,0.02528735632183908,1.0,4.727387818712341
6,562.0,random_sampling,symmetric,uniform,30,10.0,562.0,True,0.02528735632183908,1.0,6.331501849893691
7,815.0,random_sampling,symmetric,uniform,30,10.0,815.0,True,0.02528735632183908,1.0,6.703188113240863
8,253.0,random_sampling,symmetric,uniform,30,10.0,253.0,True,0.02528735632183908,1.0,5.53338948872752
9,124.0,random_sampling,symmetric,uniform,30,10.0,124.0,True,0.02528735632183908,1.0,4.820281565605037
10,243.0,random_sampling,symmetric,uniform,30,10.0,243.0,True,0.02528735632183908,1.0,5.493061443340548
11,115.0,random_sampling,symmetric,uniform,30,10.0,115.0,True,0.02528735632183908,0.9999999999999999,4.74493212836325
12,13427.0,random_sampling,symmetric,uniform,30,10.0,13427.0,True,0.02528735632183908,1.0,9.505022884072709
13,493.0,random_sampling,symmetric,uniform,30,10.0,493.0,True,0.02528735632183908,1.0,6.20050917404269
14,488.0,random_sampling,symmetric,uniform,30,10.0,488.0,True,0.02528735632183908,,6.1903154058531475
15,749.0,random_sampling,symmetric,uniform,30,10.0,749.0,True,0.02528735632183908,1.0,6.618738983517219
16,6133.0,random_sampling,symmetric,uniform,30,10.0,6133.0,True,0.02528735632183908,1.0,8.721439305625983
17,111.0,random_sampling,symmetric,uniform,30,10.0,111.0,True,0.02528735632183908,1.0,4.709530201312334
18,181.0,random_sampling,symmetric,uniform,30,10.0,181.0,True,0.02528735632183908,,5.198497031265826
19,1002.0,random_sampling,symmetric,uniform,30,10.0,1002.0,True,0.02528735632183908,,6.90975328164481
20,3464.0,random_sampling,symmetric,uniform,30,10.0,3464.0,True,0.02528735632183908,1.0,8.150179269682326
21,239.0,random_sampling,symmetric,uniform,30,10.0,239.0,True,0.02528735632183908,1.0,5.476463551931511
22,1058.0,random_sampling,symmetric,uniform,30,10.0,1058.0,True,0.02528735632183908,1.0,6.964135612418245
23,696.0,random_sampling,symmetric,uniform,30,10.0,696.0,True,0.02528735632183908,1.0,6.54534966033442
24,120.0,random_sampling,symmetric,uniform,30,10.0,120.0,True,0.02528735632183908,,4.787491742782046
25,103.0,random_sampling,symmetric,uniform,30,10.0,103.0,True,0.02528735632183908,1.0,4.634728988229636
26,445.0,random_sampling,symmetric,uniform,30,10.0,445.0,True,0.02528735632183908,1.0,6.09807428216624
27,88.0,random_sampling,symmetric,uniform,30,10.0,88.0,True,0.02528735632183908,1.0,4.477336814478207
28,224.0,random_sampling,symmetric,uniform,30,10.0,224.0,True,0.02528735632183908,1.0,5.4116460518550396
29,424.0,random_sampling,symmetric,uniform,30,10.0,424.0,True,0.02528735632183908,1.0,6.049733455231958
30,6317.0,random_sampling,symmetric,uniform,30,10.0,6317.0,True,0.02528735632183908,,8.7509996908987
31,117.0,random_sampling,symmetric,uniform,30,10.0,117.0,True,0.02528735632183908,1.0,4.762173934797756
32,1955.0,random_sampling,symmetric,uniform,30,10.0,1955.0,True,0.02528735632183908,1.0,7.578145472419466
33,3239.0,random_sampling,symmetric,uniform,30,10.0,3239.0,True,0.02528735632183908,1.0,8.08301991917133
34,381.0,random_sampling,symmetric,uniform,30,10.0,381.0,True,0.02528735632183908,1.0,5.942799375126701
35,376.0,random_sampling,symmetric,uniform,30,10.0,376.0,True,0.02528735632183908,1.0,5.929589143389895
36,473.0,random_sampling,symmetric,uniform,30,10.0,473.0,True,0.02528735632183908,1.0,6.159095388491933
37,484.0,random_sampling,symmetric,uniform,30,10.0,484.0,True,0.02528735632183908,,6.182084906716632
38,500.0,random_sampling,symmetric,uniform,30,10.0,500.0,True,0.02528735632183908,1.0,6.214608098422191
39,969.0,random_sampling,symmetric,uniform,30,10.0,969.0,True,0.02528735632183908,1.0,6.876264611890766
40,71.0,random_sampling,symmetric,uniform,30,10.0,71.0,True,0.02528735632183908,1.0,4.2626798770413155
41,2932.0,random_sampling,symmetric,uniform,30,10.0,2932.0,True,0.02528735632183908,1.0,7.983440063006542
42,13785.0,random_sampling,symmetric,uniform,30,10.0,13785.0,True,0.02528735632183908,1.0,9.531336323457896
43,441.0,random_sampling,symmetric,uniform,30,10.0,441.0,True,0.02528735632183908,,6.089044875446846
44,210.0,random_sampling,symmetric,uniform,30,10.0,210.0,True,0.02528735632183908,1.0,5.3471075307174685
45,5028.0,random_sampling,symmetric,uniform,30,10.0,5028.0,True,0.02528735632183908,,8.522777569710138
46,403.0,random_sampling,symmetric,uniform,30,10.0,403.0,True,0.02528735632183908,,5.998936561946683
47,392.0,random_sampling,symmetric,uniform,30,10.0,392.0,True,0.02528735632183908,1.0,5.971261839790462
48,7710.0,random_sampling,symmetric,uniform,30,10.0,7710.0,True,0.02528735632183908,,8.950273466557375
49,1137.0,random_sampling,symmetric,uniform,30,10.0,1137.0,True,0.02528735632183908,,7.036148493750536
50,97.0,random_sampling,symmetric,uniform,30,10.0,97.0,True,0.02528735632183908,1.0,4.574710978503383
51,265.0,random_sampling,symmetric,uniform,30,10.0,265.0,True,0.02528735632183908,1.0,5.579729825986222
52,966.0,random_sampling,symmetric,uniform,30,10.0,966.0,True,0.02528735632183908,1.0,6.873163834212518
53,399.0,random_sampling,symmetric,uniform,30,10.0,399.0,True,0.02528735632183908,1.0,5.988961416889864
54,955.0,random_sampling,symmetric,uniform,30,10.0,955.0,True,0.02528735632183908,1.0,6.86171134048073
55,1748.0,random_sampling,symmetric,uniform,30,10.0,1748.0,True,0.02528735632183908,1.0,7.466227556215481
56,224.0,random_sampling,symmetric,uniform,30,10.0,224.0,True,0.02528735632183908,1.0,5.4116460518550396
57,248.0,random_sampling,symmetric,uniform,30,10.0,248.0,True,0.02528735632183908,1.0,5.5134287461649825
58,1841.0,random_sampling,symmetric,uniform,30,10.0,1841.0,True,0.02528735632183908,1.0,7.518064181233078
59,416.0,random_sampling,symmetric,uniform,30,10.0,416.0,True,0.02528735632183908,1.0,6.030685260261263
60,15611.0,random_sampling,symmetric,uniform,30,10.0,15611.0,True,0.02528735632183908,1.0,9.655731072956666
61,252.0,random_sampling,symmetric,uniform,30,10.0,252.0,True,0.02528735632183908,1.0,5.529429087511423
62,483.0,random_sampling,symmetric,uniform,30,10.0,483.0,True,0.02528735632183908,1.0,6.180016653652572
63,237.0,random_sampling,symmetric,uniform,30,10.0,237.0,True,0.02528735632183908,,5.4680601411351315
64,1596.0,random_sampling,symmetric,uniform,30,10.0,1596.0,True,0.02528735632183908,,7.3752557780097545
65,388.0,random_sampling,symmetric,uniform,30,10.0,388.0,True,0.02528735632183908,1.0,5.961005339623274
66,243.0,random_sampling,symmetric,uniform,30,10.0,243.0,True,0.02528735632183908,1.0,5.493061443340548
67,2704.0,random_sampling,symmetric,uniform,30,10.0,2704.0,True,0.02528735632183908,1.0,7.902487437162855
68,1191.0,random_sampling,symmetric,uniform,30,10.0,1191.0,True,0.02528735632183908,1.0,7.0825485693553
69,1027.0,random_sampling,symmetric,uniform,30,10.0,1027.0,True,0.02528735632183908,,6.934397209928558
70,1778.0,random_sampling,symmetric,uniform,30,10.0,1778.0,True,0.02528735632183908,1.0,7.48324441607385
71,1426.0,random_sampling,symmetric,uniform,30,10.0,1426.0,True,0.02528735632183908,,7.262628600974241
72,231.0,random_sampling,symmetric,uniform,30,10.0,231.0,True,0.02528735632183908,1.0,5.442417710521793
73,291.0,random_sampling,symmetric,uniform,30,10.0,291.0,True,0.02528735632183908,1.0,5.673323267171493
74,736.0,random_sampling,symmetric,uniform,30,10.0,736.0,True,0.02528735632183908,1.0,6.601230118728877
75,232.0,random_sampling,symmetric,uniform,30,10.0,232.0,True,0.02528735632183908,1.0,5.44673737166631
76,363.0,random_sampling,symmetric,uniform,30,10.0,363.0,True,0.02528735632183908,1.0,5.8944028342648505
77,513.0,random_sampling,symmetric,uniform,30,10.0,513.0,True,0.02528735632183908,1.0,6.240275845170769
78,292.0,random_sampling,symmetric,uniform,30,10.0,292.0,True,0.02528735632183908,1.0,5.676753802268282
79,254.0,random_sampling,symmetric,uniform,30,10.0,254.0,True,0.02528735632183908,1.0,5.537334267018537
80,705.0,random_sampling,symmetric,uniform,30,10.0,705.0,True,0.02528735632183908,1.0,6.558197802812269
81,1835.0,random_sampling,symmetric,uniform,30,10.0,1835.0,True,0.02528735632183908,,7.51479976048867
82,94.0,random_sampling,symmetric,uniform,30,10.0,94.0,True,0.02528735632183908,1.0,4.543294782270004
83,1974.0,random_sampling,symmetric,uniform,30,10.0,1974.0,True,0.02528735632183908,1.0,7.587817219993427
84,422.0,random_sampling,symmetric,uniform,30,10.0,422.0,True,0.02528735632183908,1.0,6.045005314036012
85,336.0,random_sampling,symmetric,uniform,30,10.0,336.0,True,0.02528735632183908,,5.817111159963204
86,401.0,random_sampling,symmetric,uniform,30,10.0,401.0,True,0.02528735632183908,1.0,5.993961427306569
87,363.0,random_sampling,symmetric,uniform,30,10.0,363.0,True,0.02528735632183908,,5.8944028342648505
88,117.0,random_sampling,symmetric,uniform,30,10.0,117.0,True,0.02528735632183908,1.0,4.762173934797756
89,1082.0,random_sampling,symmetric,uniform,30,10.0,1082.0,True,0.02528735632183908,1.0,6.9865664594064265
90,3620.0,random_sampling,symmetric,uniform,30,10.0,3620.0,True,0.02528735632183908,1.0,8.194229304819817
91,2345.0,random_sampling,symmetric,uniform,30,10.0,2345.0,True,0.02528735632183908,1.0,7.76004068088038
92,213.0,random_sampling,symmetric,uniform,30,10.0,213.0,True,0.02528735632183908,1.0,5.3612921657094255
93,3812.0,random_sampling,symmetric,uniform,30,10.0,3812.0,True,0.02528735632183908,1.0,8.245909264774093
94,3973.0,random_sampling,symmetric,uniform,30,10.0,3973.0,True,0.02528735632183908,,8.287276755814599
95,3706.0,random_sampling,symmetric,uniform,30,10.0,3706.0,True,0.02528735632183908,1.0,8.217708406845306
96,387.0,random_sampling,symmetric,uniform,30,10.0,387.0,True,0.02528735632183908,1.0,5.958424693029782
97,3178.0,random_sampling,symmetric,uniform,30,10.0,3178.0,True,0.02528735632183908,1.0,8.064007347096661
98,493.0,random_sampling,symmetric,uniform,30,10.0,493.0,True,0.02528735632183908,1.0,6.20050917404269
99,683.0,random_sampling,symmetric,uniform,30,10.0,683.0,True,0.02528735632183908,1.0,6.52649485957079
0,473.0,random_sampling,symmetric,uniform,20,60.0,473.0,True,0.32105263157894737,1.0000000000000002,6.159095388491933
1,180.0,random_sampling,symmetric,uniform,20,60.0,180.0,True,0.29473684210526313,0.9999999999999998,5.19295685089021
2,933.0,random_sampling,symmetric,uniform,20,60.0,933.0,True,0.2894736842105263,1.0,6.838405200847344
3,495.0,random_sampling,symmetric,uniform,20,60.0,495.0,True,0.32105263157894737,1.0,6.20455776256869
4,287.0,random_sampling,symmetric,uniform,20,60.0,287.0,True,0.3,0.9999999999999998,5.659482215759621
5,873.0,random_sampling,symmetric,uniform,20,60.0,873.0,True,0.30526315789473685,1.0,6.771935555839602
6,2043.0,random_sampling,symmetric,uniform,20,60.0,2043.0,True,0.3,1.0,7.622174594817622
7,286.0,random_sampling,symmetric,uniform,20,60.0,286.0,True,0.3105263157894737,0.9999999999999998,5.655991810819852
8,333.0,random_sampling,symmetric,uniform,20,60.0,333.0,True,0.32105263157894737,1.0,5.808142489980444
9,317.0,random_sampling,symmetric,uniform,20,60.0,317.0,True,0.29473684210526313,1.0,5.75890177387728
10,507.0,random_sampling,symmetric,uniform,20,60.0,507.0,True,0.32105263157894737,1.0,6.2285110035911835
11,479.0,random_sampling,symmetric,uniform,20,60.0,479.0,True,0.3105263157894737,1.0,6.171700597410915
12,314.0,random_sampling,symmetric,uniform,20,60.0,314.0,True,0.3105263157894737,1.0000000000000002,5.749392985908253
13,711.0,random_sampling,symmetric,uniform,20,60.0,711.0,True,0.3157894736842105,1.0000000000000004,6.566672429803241
14,1502.0,random_sampling,symmetric,uniform,20,60.0,1502.0,True,0.3157894736842105,1.0000000000000002,7.31455283232408
15,194.0,random_sampling,symmetric,uniform,20,60.0,194.0,True,0.32105263157894737,1.0,5.267858159063328
16,1313.0,random_sampling,symmetric,uniform,20,60.0,1313.0,True,0.3157894736842105,1.0000000000000002,7.180069874302796
17,786.0,random_sampling,symmetric,uniform,20,60.0,786.0,True,0.32105263157894737,1.0,6.666956792429207
18,840.0,random_sampling,symmetric,uniform,20,60.0,840.0,True,0.3157894736842105,1.0000000000000002,6.733401891837359
19,994.0,random_sampling,symmetric,uniform,20,60.0,994.0,True,0.3105263157894737,1.0,6.901737206656574
20,236.0,random_sampling,symmetric,uniform,20,60.0,236.0,True,0.3105263157894737,1.0,5.4638318050256105
21,693.0,random_sampling,symmetric,uniform,20,60.0,693.0,True,0.3157894736842105,1.0,6.541029999189903
22,495.0,random_sampling,symmetric,uniform,20,60.0,495.0,True,0.30526315789473685,1.0,6.20455776256869
23,800.0,random_sampling,symmetric,uniform,20,60.0,800.0,True,0.2894736842105263,1.0,6.684611727667927
24,1241.0,random_sampling,symmetric,uniform,20,60.0,1241.0,True,0.3,1.0000000000000002,7.123672785204607
25,483.0,random_sampling,symmetric,uniform,20,60.0,483.0,True,0.32105263157894737,1.0000000000000002,6.180016653652572
26,606.0,random_sampling,symmetric,uniform,20,60.0,606.0,True,0.29473684210526313,1.0,6.406879986069314
27,125.0,random_sampling,symmetric,uniform,20,60.0,125.0,True,0.29473684210526313,1.0,4.8283137373023015
28,576.0,random_sampling,symmetric,uniform,20,60.0,576.0,True,0.29473684210526313,0.9999999999999997,6.3561076606958915
29,604.0,random_sampling,symmetric,uniform,20,60.0,604.0,True,0.3,0.9999999999999998,6.403574197934815
30,206.0,random_sampling,symmetric,uniform,20,60.0,206.0,True,0.30526315789473685,1.0,5.327876168789581
31,152.0,random_sampling,symmetric,uniform,20,60.0,152.0,True,0.2894736842105263,1.0,5.0238805208462765
32,637.0,random_sampling,symmetric,uniform,20,60.0,637.0,True,0.30526315789473685,1.0,6.456769655572163
33,365.0,random_sampling,symmetric,uniform,20,60.0,365.0,True,0.3105263157894737,1.0000000000000002,5.8998973535824915
34,774.0,random_sampling,symmetric,uniform,20,60.0,774.0,True,0.3157894736842105,0.9999999999999998,6.651571873589727
35,494.0,random_sampling,symmetric,uniform,20,60.0,494.0,True,0.3105263157894737,0.9999999999999998,6.202535517187923
36,416.0,random_sampling,symmetric,uniform,20,60.0,416.0,True,0.3105263157894737,1.0,6.030685260261263
37,310.0,random_sampling,symmetric,uniform,20,60.0,310.0,True,0.29473684210526313,1.0,5.736572297479192
38,82.0,random_sampling,symmetric,uniform,20,60.0,82.0,True,0.3157894736842105,1.0,4.406719247264253
39,431.0,random_sampling,symmetric,uniform,20,60.0,431.0,True,0.30526315789473685,0.9999999999999998,6.066108090103747
40,395.0,random_sampling,symmetric,uniform,20,60.0,395.0,True,0.30526315789473685,1.0000000000000002,5.978885764901122
41,479.0,random_sampling,symmetric,uniform,20,60.0,479.0,True,0.3,1.0,6.171700597410915
42,459.0,random_sampling,symmetric,uniform,20,60.0,459.0,True,0.3157894736842105,1.0000000000000002,6.129050210060545
43,293.0,random_sampling,symmetric,uniform,20,60.0,293.0,True,0.32105263157894737,0.9999999999999998,5.680172609017068
44,204.0,random_sampling,symmetric,uniform,20,60.0,204.0,True,0.30526315789473685,1.0000000000000002,5.318119993844216
45,891.0,random_sampling,symmetric,uniform,20,60.0,891.0,True,0.30526315789473685,1.0,6.792344427470809
46,241.0,random_sampling,symmetric,uniform,20,60.0,241.0,True,0.30526315789473685,1.0000000000000002,5.484796933490655
47,1450.0,random_sampling,symmetric,uniform,20,60.0,1450.0,True,0.3105263157894737,1.0,7.27931883541462
48,276.0,random_sampling,symmetric,uniform,20,60.0,276.0,True,0.29473684210526313,1.0,5.62040086571715
49,459.0,random_sampling,symmetric,uniform,20,60.0,459.0,True,0.3157894736842105,0.9999999999999997,6.129050210060545
50,785.0,random_sampling,symmetric,uniform,20,60.0,785.0,True,0.3,0.9999999999999997,6.665683717782408
51,158.0,random_sampling,symmetric,uniform,20,60.0,158.0,True,0.3105263157894737,1.0000000000000002,5.062595033026967
52,503.0,random_sampling,symmetric,uniform,20,60.0,503.0,True,0.30526315789473685,0.9999999999999998,6.220590170099739
53,856.0,random_sampling,symmetric,uniform,20,60.0,856.0,True,0.30526315789473685,1.0,6.752270376141742
54,5870.0,random_sampling,symmetric,uniform,20,60.0,5870.0,True,0.3105263157894737,1.0,8.677609912822142
55,122.0,random_sampling,symmetric,uniform,20,60.0,122.0,True,0.3105263157894737,1.0,4.804021044733257
56,302.0,random_sampling,symmetric,uniform,20,60.0,302.0,True,0.30526315789473685,1.0,5.71042701737487
57,743.0,random_sampling,symmetric,uniform,20,60.0,743.0,True,0.3,0.9999999999999998,6.610696044717759
58,652.0,random_sampling,symmetric,uniform,20,60.0,652.0,True,0.30526315789473685,1.0,6.480044561926653
59,247.0,random_sampling,symmetric,uniform,20,60.0,247.0,True,0.3,1.0,5.5093883366279774
60,229.0,random_sampling,symmetric,uniform,20,60.0,229.0,True,0.3,1.0000000000000002,5.43372200355424
61,583.0,random_sampling,symmetric,uniform,20,60.0,583.0,True,0.3105263157894737,1.0000000000000002,6.368187186350492
62,422.0,random_sampling,symmetric,uniform,20,60.0,422.0,True,0.3105263157894737,1.0,6.045005314036012
63,836.0,random_sampling,symmetric,uniform,20,60.0,836.0,True,0.3105263157894737,1.0000000000000002,6.728628613084702
64,103.0,random_sampling,symmetric,uniform,20,60.0,103.0,True,0.29473684210526313,1.0,4.634728988229636
65,559.0,random_sampling,symmetric,uniform,20,60.0,559.0,True,0.29473684210526313,1.0000000000000002,6.326149473155099
66,432.0,random_sampling,symmetric,uniform,20,60.0,432.0,True,0.3157894736842105,1.0,6.068425588244111
67,281.0,random_sampling,symmetric,uniform,20,60.0,281.0,True,0.30526315789473685,1.0000000000000002,5.638354669333745
68,292.0,random_sampling,symmetric,uniform,20,60.0,292.0,True,0.3105263157894737,1.0000000000000002,5.676753802268282
69,633.0,random_sampling,symmetric,uniform,20,60.0,633.0,True,0.3105263157894737,1.0000000000000002,6.450470422144176
70,612.0,random_sampling,symmetric,uniform,20,60.0,612.0,True,0.3157894736842105,0.9999999999999998,6.416732282512326
71,681.0,random_sampling,symmetric,uniform,20,60.0,681.0,True,0.29473684210526313,1.0000000000000002,6.523562306149512
72,525.0,random_sampling,symmetric,uniform,20,60.0,525.0,True,0.3157894736842105,1.0,6.263398262591624
73,651.0,random_sampling,symmetric,uniform,20,60.0,651.0,True,0.3157894736842105,1.0000000000000002,6.478509642208569
74,157.0,random_sampling,symmetric,uniform,20,60.0,157.0,True,0.3,0.9999999999999998,5.056245805348308
75,499.0,random_sampling,symmetric,uniform,20,60.0,499.0,True,0.30526315789473685,1.0,6.212606095751519
76,152.0,random_sampling,symmetric,uniform,20,60.0,152.0,True,0.30526315789473685,1.0,5.0238805208462765
77,219.0,random_sampling,symmetric,uniform,20,60.0,219.0,True,0.3105263157894737,1.0,5.389071729816501
78,721.0,random_sampling,symmetric,uniform,20,60.0,721.0,True,0.3,1.0,6.580639137284949
79,103.0,random_sampling,symmetric,uniform,20,60.0,103.0,True,0.30526315789473685,1.0,4.634728988229636
80,343.0,random_sampling,symmetric,uniform,20,60.0,343.0,True,0.3105263157894737,1.0,5.8377304471659395
81,931.0,random_sampling,symmetric,uniform,20,60.0,931.0,True,0.3157894736842105,1.0000000000000002,6.836259277277067
82,757.0,random_sampling,symmetric,uniform,20,60.0,757.0,True,0.3105263157894737,0.9999999999999998,6.6293632534374485
83,198.0,random_sampling,symmetric,uniform,20,60.0,198.0,True,0.3105263157894737,1.0,5.288267030694535
84,357.0,random_sampling,symmetric,uniform,20,60.0,357.0,True,0.29473684210526313,1.0000000000000002,5.877735781779639
85,436.0,random_sampling,symmetric,uniform,20,60.0,436.0,True,0.32105263157894737,1.0,6.077642243349034
86,1209.0,random_sampling,symmetric,uniform,20,60.0,1209.0,True,0.30526315789473685,1.0,7.097548850614793
87,495.0,random_sampling,symmetric,uniform,20,60.0,495.0,True,0.32105263157894737,0.9999999999999998,6.20455776256869
88,253.0,random_sampling,symmetric,uniform,20,60.0,253.0,True,0.30526315789473685,1.0,5.53338948872752
89,1458.0,random_sampling,symmetric,uniform,20,60.0,1458.0,True,0.30526315789473685,1.0,7.284820912568604
90,252.0,random_sampling,symmetric,uniform,20,60.0,252.0,True,0.3157894736842105,1.0,5.529429087511423
91,69.0,random_sampling,symmetric,uniform,20,60.0,69.0,True,0.30526315789473685,1.0,4.23410650459726
92,828.0,random_sampling,symmetric,uniform,20,60.0,828.0,True,0.3,0.9999999999999998,6.71901315438526
93,345.0,random_sampling,symmetric,uniform,20,60.0,345.0,True,0.30526315789473685,0.9999999999999998,5.84354441703136
94,1633.0,random_sampling,symmetric,uniform,20,60.0,1633.0,True,0.3157894736842105,1.0,7.398174092970465
95,316.0,random_sampling,symmetric,uniform,20,60.0,316.0,True,0.3,1.0000000000000002,5.755742213586912
96,1141.0,random_sampling,symmetric,uniform,20,60.0,1141.0,True,0.32105263157894737,1.0000000000000002,7.039660349862076
97,388.0,random_sampling,symmetric,uniform,20,60.0,388.0,True,0.30526315789473685,1.0,5.961005339623274
98,1013.0,random_sampling,symmetric,uniform,20,60.0,1013.0,True,0.30526315789473685,1.0000000000000002,6.920671504248683
99,356.0,random_sampling,symmetric,uniform,20,60.0,356.0,True,0.30526315789473685,1.0,5.87493073085203
0,40576.0,random_sampling,symmetric,uniform,30,85.0,40576.0,True,0.19770114942528735,1.0000000000000002,10.610932037796898
1,20207.0,random_sampling,symmetric,uniform,30,85.0,20207.0,True,0.19540229885057472,1.0000000000000002,9.913784358013496
2,1849.0,random_sampling,symmetric,uniform,30,85.0,1849.0,True,0.19540229885057472,1.0000000000000002,7.522400231387125
3,24494.0,random_sampling,symmetric,uniform,30,85.0,24494.0,True,0.19310344827586207,1.0,10.106183468581232
4,3218.0,random_sampling,symmetric,uniform,30,85.0,3218.0,True,0.19770114942528735,1.0,8.076515327552329
5,5631.0,random_sampling,symmetric,uniform,30,85.0,5631.0,True,0.19770114942528735,1.0,8.636042325254618
6,3396.0,random_sampling,symmetric,uniform,30,85.0,3396.0,True,0.19540229885057472,0.9999999999999999,8.130353547431238
7,920.0,random_sampling,symmetric,uniform,30,85.0,920.0,True,0.19540229885057472,1.0000000000000002,6.824373670043086
8,34481.0,random_sampling,symmetric,uniform,30,85.0,34481.0,True,0.19770114942528735,1.0,10.448163726677256
9,22219.0,random_sampling,symmetric,uniform,30,85.0,22219.0,True,0.19770114942528735,1.0000000000000002,10.008703057680439
10,2514.0,random_sampling,symmetric,uniform,30,85.0,2514.0,True,0.19770114942528735,1.0000000000000002,7.829630389150193
11,2731.0,random_sampling,symmetric,uniform,30,85.0,2731.0,True,0.19770114942528735,0.9999999999999999,7.912423121473705
12,5716.0,random_sampling,symmetric,uniform,30,85.0,5716.0,True,0.19770114942528735,0.9999999999999999,8.651024539049757
13,771.0,random_sampling,symmetric,uniform,30,85.0,771.0,True,0.19310344827586207,0.9999999999999999,6.647688373563329
14,2466.0,random_sampling,symmetric,uniform,30,85.0,2466.0,True,0.19770114942528735,1.0,7.81035268372429
15,1905.0,random_sampling,symmetric,uniform,30,85.0,1905.0,True,0.19540229885057472,1.0000000000000002,7.552237287560802
16,3111.0,random_sampling,symmetric,uniform,30,85.0,3111.0,True,0.19770114942528735,1.0,8.042699496897637
17,1506.0,random_sampling,symmetric,uniform,30,85.0,1506.0,True,0.19770114942528735,1.0000000000000002,7.317212408359839
18,5313.0,random_sampling,symmetric,uniform,30,85.0,5313.0,True,0.19770114942528735,1.0000000000000002,8.577911926450943
19,17553.0,random_sampling,symmetric,uniform,30,85.0,17553.0,True,0.19540229885057472,1.0,9.772980154456345
20,5501.0,random_sampling,symmetric,uniform,30,85.0,5501.0,True,0.19770114942528735,1.0000000000000002,8.612685172875459
21,2971.0,random_sampling,symmetric,uniform,30,85.0,2971.0,True,0.19770114942528735,1.0,7.9966538754626075
22,11692.0,random_sampling,symmetric,uniform,30,85.0,11692.0,True,0.19770114942528735,1.0000000000000002,9.366660126231137
23,28255.0,random_sampling,symmetric,uniform,30,85.0,28255.0,True,0.19770114942528735,1.0000000000000004,10.249025712063943
24,7094.0,random_sampling,symmetric,uniform,30,85.0,7094.0,True,0.19770114942528735,1.0,8.867004635333567
25,4920.0,random_sampling,symmetric,uniform,30,85.0,4920.0,True,0.19770114942528735,1.0000000000000002,8.501063809486354
26,22629.0,random_sampling,symmetric,uniform,30,85.0,22629.0,True,0.19770114942528735,1.0,10.02698754852174
27,8781.0,random_sampling,symmetric,uniform,30,85.0,8781.0,True,0.19770114942528735,1.0,9.080345575359996
28,3564.0,random_sampling,symmetric,uniform,30,85.0,3564.0,True,0.19770114942528735,1.0,8.1786387885907
29,1624.0,random_sampling,symmetric,uniform,30,85.0,1624.0,True,0.19770114942528735,1.0,7.392647520721623
30,1753.0,random_sampling,symmetric,uniform,30,85.0,1753.0,True,0.19770114942528735,1.0000000000000002,7.469083884921234
31,10221.0,random_sampling,symmetric,uniform,30,85.0,10221.0,True,0.19540229885057472,1.0000000000000002,9.232199706329077
32,5323.0,random_sampling,symmetric,uniform,30,85.0,5323.0,True,0.19770114942528735,0.9999999999999999,8.579792333172758
33,17276.0,random_sampling,symmetric,uniform,30,85.0,17276.0,True,0.19540229885057472,1.0,9.757073534080591
34,18743.0,random_sampling,symmetric,uniform,30,85.0,18743.0,True,0.19770114942528735,1.0000000000000002,9.838575628358985
35,7111.0,random_sampling,symmetric,uniform,30,85.0,7111.0,True,0.19770114942528735,1.0000000000000002,8.869398159883518
36,5967.0,random_sampling,symmetric,uniform,30,85.0,5967.0,True,0.19770114942528735,1.0,8.693999567522082
37,9007.0,random_sampling,symmetric,uniform,30,85.0,9007.0,True,0.19310344827586207,1.0,9.105757331783742
38,1746.0,random_sampling,symmetric,uniform,30,85.0,1746.0,True,0.19770114942528735,1.0,7.465082736399547
39,5744.0,random_sampling,symmetric,uniform,30,85.0,5744.0,True,0.19770114942528735,0.9999999999999999,8.65591111072806
40,2333.0,random_sampling,symmetric,uniform,30,85.0,2333.0,True,0.19770114942528735,1.0,7.75491027202143
41,2483.0,random_sampling,symmetric,uniform,30,85.0,2483.0,True,0.19540229885057472,1.0000000000000002,7.817222785508166
42,7649.0,random_sampling,symmetric,uniform,30,85.0,7649.0,True,0.19770114942528735,1.0,8.942330199321866
43,7501.0,random_sampling,symmetric,uniform,30,85.0,7501.0,True,0.19310344827586207,1.0000000000000002,8.922791623969637
44,6264.0,random_sampling,symmetric,uniform,30,85.0,6264.0,True,0.19310344827586207,1.0,8.74257423767064
45,22537.0,random_sampling,symmetric,uniform,30,85.0,22537.0,True,0.19770114942528735,1.0000000000000002,10.022913682018666
46,15474.0,random_sampling,symmetric,uniform,30,85.0,15474.0,True,0.19540229885057472,0.9999999999999999,9.6469164751094
47,7491.0,random_sampling,symmetric,uniform,30,85.0,7491.0,True,0.19540229885057472,1.0,8.921457578947884
48,2900.0,random_sampling,symmetric,uniform,30,85.0,2900.0,True,0.19540229885057472,1.0000000000000002,7.9724660159745655
49,12033.0,random_sampling,symmetric,uniform,30,85.0,12033.0,True,0.19770114942528735,1.0,9.395408154438163
50,9831.0,random_sampling,symmetric,uniform,30,85.0,9831.0,True,0.19310344827586207,1.0,9.193295937366925
51,3061.0,random_sampling,symmetric,uniform,30,85.0,3061.0,True,0.19540229885057472,1.0,8.026496938945412
52,511.0,random_sampling,symmetric,uniform,30,85.0,511.0,True,0.19540229885057472,1.0000000000000002,6.236369590203704
53,52395.0,random_sampling,symmetric,uniform,30,85.0,52395.0,True,0.19310344827586207,1.0,10.866566445909042
54,12505.0,random_sampling,symmetric,uniform,30,85.0,12505.0,True,0.19770114942528735,0.9999999999999999,9.433883843311719
55,7104.0,random_sampling,symmetric,uniform,30,85.0,7104.0,True,0.19770114942528735,1.0000000000000002,8.868413284672005
56,12979.0,random_sampling,symmetric,uniform,30,85.0,12979.0,True,0.19770114942528735,1.0,9.471087945687758
57,2996.0,random_sampling,symmetric,uniform,30,85.0,2996.0,True,0.19770114942528735,1.0,8.005033344637111
58,6856.0,random_sampling,symmetric,uniform,30,85.0,6856.0,True,0.19770114942528735,1.0000000000000002,8.832879460277615
59,1946.0,random_sampling,symmetric,uniform,30,85.0,1946.0,True,0.19770114942528735,1.0,7.57353126274595
60,7834.0,random_sampling,symmetric,uniform,30,85.0,7834.0,True,0.19770114942528735,0.9999999999999998,8.966228514225776
61,3359.0,random_sampling,symmetric,uniform,30,85.0,3359.0,True,0.19770114942528735,1.0,8.119398589612294
62,9459.0,random_sampling,symmetric,uniform,30,85.0,9459.0,True,0.19770114942528735,0.9999999999999999,9.15472194821317
63,1286.0,random_sampling,symmetric,uniform,30,85.0,1286.0,True,0.19540229885057472,0.9999999999999999,7.1592919047975645
64,18722.0,random_sampling,symmetric,uniform,30,85.0,18722.0,True,0.19770114942528735,1.0,9.83745458193169
65,2402.0,random_sampling,symmetric,uniform,30,85.0,2402.0,True,0.19540229885057472,0.9999999999999999,7.784057002639929
66,3373.0,random_sampling,symmetric,uniform,30,85.0,3373.0,True,0.19540229885057472,1.0,8.12355783506165
67,4020.0,random_sampling,symmetric,uniform,30,85.0,4020.0,True,0.19770114942528735,0.9999999999999999,8.299037181613066
68,1862.0,random_sampling,symmetric,uniform,30,85.0,1862.0,True,0.19770114942528735,1.0,7.529406457837013
69,2247.0,random_sampling,symmetric,uniform,30,85.0,2247.0,True,0.19770114942528735,1.0,7.717351272185329
70,4655.0,random_sampling,symmetric,uniform,30,85.0,4655.0,True,0.19540229885057472,1.0000000000000002,8.445697189711167
71,3261.0,random_sampling,symmetric,uniform,30,85.0,3261.0,True,0.19540229885057472,0.9999999999999999,8.089789175789319
72,1537.0,random_sampling,symmetric,uniform,30,85.0,1537.0,True,0.19770114942528735,1.0,7.337587743538596
73,3357.0,random_sampling,symmetric,uniform,30,85.0,3357.0,True,0.19770114942528735,1.0000000000000002,8.118802996980035
74,3144.0,random_sampling,symmetric,uniform,30,85.0,3144.0,True,0.19540229885057472,1.0,8.053251153549096
75,12477.0,random_sampling,symmetric,uniform,30,85.0,12477.0,True,0.19770114942528735,1.0,9.431642228411022
76,5309.0,random_sampling,symmetric,uniform,30,85.0,5309.0,True,0.19310344827586207,1.0,8.57715877258367
77,4479.0,random_sampling,symmetric,uniform,30,85.0,4479.0,True,0.19540229885057472,1.0000000000000002,8.4071550862073
78,27111.0,random_sampling,symmetric,uniform,30,85.0,27111.0,True,0.19770114942528735,0.9999999999999998,10.207694828570066
79,3569.0,random_sampling,symmetric,uniform,30,85.0,3569.0,True,0.19540229885057472,1.0,8.18004072349016
80,22347.0,random_sampling,symmetric,uniform,30,85.0,22347.0,True,0.19540229885057472,1.0000000000000002,10.014447362844386
81,4622.0,random_sampling,symmetric,uniform,30,85.0,4622.0,True,0.19770114942528735,1.0,8.438582790834326
82,7080.0,random_sampling,symmetric,uniform,30,85.0,7080.0,True,0.19770114942528735,0.9999999999999999,8.865029186687766
83,9041.0,random_sampling,symmetric,uniform,30,85.0,9041.0,True,0.19770114942528735,1.0000000000000002,9.109525066737367
84,3405.0,random_sampling,symmetric,uniform,30,85.0,3405.0,True,0.19540229885057472,1.0,8.133000218583613
85,2369.0,random_sampling,symmetric,uniform,30,85.0,2369.0,True,0.19540229885057472,1.0,7.7702232041587855
86,2623.0,random_sampling,symmetric,uniform,30,85.0,2623.0,True,0.19540229885057472,1.0,7.872073979866873
87,2989.0,random_sampling,symmetric,uniform,30,85.0,2989.0,True,0.19310344827586207,1.0000000000000002,8.002694162283937
88,2831.0,random_sampling,symmetric,uniform,30,85.0,2831.0,True,0.19540229885057472,1.0,7.9483852851118995
89,3145.0,random_sampling,symmetric,uniform,30,85.0,3145.0,True,0.19540229885057472,1.0,8.05356916913454
90,7751.0,random_sampling,symmetric,uniform,30,85.0,7751.0,True,0.19770114942528735,1.0,8.955577146281511
91,5404.0,random_sampling,symmetric,uniform,30,85.0,5404.0,True,0.19540229885057472,1.0,8.59489469908009
92,9659.0,random_sampling,symmetric,uniform,30,85.0,9659.0,True,0.19770114942528735,1.0,9.175645402179295
93,4645.0,random_sampling,symmetric,uniform,30,85.0,4645.0,True,0.19540229885057472,1.0000000000000002,8.443546651247939
94,13479.0,random_sampling,symmetric,uniform,30,85.0,13479.0,True,0.19770114942528735,1.0,9.508888197738269
95,12301.0,random_sampling,symmetric,uniform,30,85.0,12301.0,True,0.19080459770114944,1.0000000000000002,9.417435838868785
96,12809.0,random_sampling,symmetric,uniform,30,85.0,12809.0,True,0.19310344827586207,1.0,9.457903327831136
97,1790.0,random_sampling,symmetric,uniform,30,85.0,1790.0,True,0.19540229885057472,1.0000000000000002,7.489970898834801
98,29259.0,random_sampling,symmetric,uniform,30,85.0,29259.0,True,0.19770114942528735,1.0,10.283942497640124
99,13636.0,random_sampling,symmetric,uniform,30,85.0,13636.0,True,0.19770114942528735,1.0,9.520468633257794
0,29987.0,random_sampling,symmetric,uniform,30,80.0,29987.0,True,0.1839080459770115,0.9999999999999999,10.308519233394938
1,13662.0,random_sampling,symmetric,uniform,30,80.0,13662.0,True,0.18620689655172415,1.0,9.522373535291795
2,9275.0,random_sampling,symmetric,uniform,30,80.0,9275.0,True,0.18620689655172415,1.0,9.135077887475635
3,10019.0,random_sampling,symmetric,uniform,30,80.0,10019.0,True,0.1839080459770115,1.0,9.212238569259263
4,17234.0,random_sampling,symmetric,uniform,30,80.0,17234.0,True,0.18620689655172415,0.9999999999999999,9.754639455799712
5,6946.0,random_sampling,symmetric,uniform,30,80.0,6946.0,True,0.18620689655172415,1.0,8.845921233304018
6,37748.0,random_sampling,symmetric,uniform,30,80.0,37748.0,True,0.1839080459770115,1.0000000000000002,10.538687773141223
7,3614.0,random_sampling,symmetric,uniform,30,80.0,3614.0,True,0.18620689655172415,1.0,8.192570471152173
8,5554.0,random_sampling,symmetric,uniform,30,80.0,5554.0,True,0.18620689655172415,0.9999999999999999,8.622273667866745
9,2716.0,random_sampling,symmetric,uniform,30,80.0,2716.0,True,0.18160919540229886,1.0000000000000002,7.906915488678587
10,27721.0,random_sampling,symmetric,uniform,30,80.0,27721.0,True,0.1839080459770115,1.0000000000000002,10.229945527689226
11,11040.0,random_sampling,symmetric,uniform,30,80.0,11040.0,True,0.18620689655172415,1.0,9.309280319831087
12,2565.0,random_sampling,symmetric,uniform,30,80.0,2565.0,True,0.18160919540229886,0.9999999999999999,7.84971375760487
13,4244.0,random_sampling,symmetric,uniform,30,80.0,4244.0,True,0.1839080459770115,0.9999999999999998,8.353261499733874
14,13739.0,random_sampling,symmetric,uniform,30,80.0,13739.0,True,0.18620689655172415,1.0000000000000002,9.527993782923948
15,4363.0,random_sampling,symmetric,uniform,30,80.0,4363.0,True,0.1839080459770115,1.0,8.38091517312361
16,2566.0,random_sampling,symmetric,uniform,30,80.0,2566.0,True,0.1839080459770115,1.0000000000000002,7.850103545175582
17,3930.0,random_sampling,symmetric,uniform,30,80.0,3930.0,True,0.1839080459770115,1.0000000000000002,8.276394704863307
18,59585.0,random_sampling,symmetric,uniform,30,80.0,59585.0,True,0.18620689655172415,1.0000000000000002,10.995159143524907
19,3242.0,random_sampling,symmetric,uniform,30,80.0,3242.0,True,0.18620689655172415,1.0000000000000002,8.08394570229562
20,3336.0,random_sampling,symmetric,uniform,30,80.0,3336.0,True,0.18620689655172415,1.0,8.112527763478637
21,12780.0,random_sampling,symmetric,uniform,30,80.0,12780.0,True,0.18620689655172415,1.0,9.455636727931525
22,3294.0,random_sampling,symmetric,uniform,30,80.0,3294.0,True,0.18620689655172415,1.0,8.099857910737585
23,90275.0,random_sampling,symmetric,uniform,30,80.0,90275.0,True,0.1839080459770115,1.0,11.410615846145658
24,4603.0,random_sampling,symmetric,uniform,30,80.0,4603.0,True,0.18620689655172415,1.0,8.434463543817241
25,7183.0,random_sampling,symmetric,uniform,30,80.0,7183.0,True,0.18620689655172415,0.9999999999999999,8.879472402074802
26,4481.0,random_sampling,symmetric,uniform,30,80.0,4481.0,True,0.18620689655172415,1.0000000000000002,8.407601514786142
27,3165.0,random_sampling,symmetric,uniform,30,80.0,3165.0,True,0.18620689655172415,0.9999999999999999,8.059908334578276
28,1764.0,random_sampling,symmetric,uniform,30,80.0,1764.0,True,0.18620689655172415,0.9999999999999999,7.475339236566737
29,4081.0,random_sampling,symmetric,uniform,30,80.0,4081.0,True,0.18620689655172415,0.9999999999999998,8.314097335405807
30,30436.0,random_sampling,symmetric,uniform,30,80.0,30436.0,True,0.1839080459770115,0.9999999999999999,10.323381397296414
31,1888.0,random_sampling,symmetric,uniform,30,80.0,1888.0,True,0.18620689655172415,1.0,7.543273346705446
32,1554.0,random_sampling,symmetric,uniform,30,80.0,1554.0,True,0.18620689655172415,0.9999999999999999,7.348587530927593
33,6482.0,random_sampling,symmetric,uniform,30,80.0,6482.0,True,0.18620689655172415,1.0000000000000002,8.776784383701493
34,5891.0,random_sampling,symmetric,uniform,30,80.0,5891.0,True,0.18160919540229886,1.0,8.681181041521688
35,12816.0,random_sampling,symmetric,uniform,30,80.0,12816.0,True,0.18620689655172415,1.0,9.458449669308141
36,11225.0,random_sampling,symmetric,uniform,30,80.0,11225.0,True,0.1839080459770115,1.0,9.325898712610455
37,16109.0,random_sampling,symmetric,uniform,30,80.0,16109.0,True,0.18620689655172415,1.0,9.687133400997965
38,3356.0,random_sampling,symmetric,uniform,30,80.0,3356.0,True,0.1839080459770115,1.0000000000000002,8.118505067587098
39,3552.0,random_sampling,symmetric,uniform,30,80.0,3552.0,True,0.18620689655172415,0.9999999999999999,8.17526610411206
40,6668.0,random_sampling,symmetric,uniform,30,80.0,6668.0,True,0.1839080459770115,1.0000000000000002,8.805075243870684
41,4884.0,random_sampling,symmetric,uniform,30,80.0,4884.0,True,0.18620689655172415,0.9999999999999999,8.493719835230594
42,12826.0,random_sampling,symmetric,uniform,30,80.0,12826.0,True,0.18620689655172415,0.9999999999999999,9.459229639708807
43,11365.0,random_sampling,symmetric,uniform,30,80.0,11365.0,True,0.1839080459770115,1.0,9.338293736286644
44,16318.0,random_sampling,symmetric,uniform,30,80.0,16318.0,True,0.1839080459770115,0.9999999999999999,9.700024071988745
45,2790.0,random_sampling,symmetric,uniform,30,80.0,2790.0,True,0.1839080459770115,0.9999999999999999,7.933796874815411
46,18931.0,random_sampling,symmetric,uniform,30,80.0,18931.0,True,0.18620689655172415,0.9999999999999999,9.84855606900991
47,391.0,random_sampling,symmetric,uniform,30,80.0,391.0,True,0.18620689655172415,1.0000000000000002,5.968707559985366
48,5629.0,random_sampling,symmetric,uniform,30,80.0,5629.0,True,0.18620689655172415,1.0,8.635687085464026
49,5961.0,random_sampling,symmetric,uniform,30,80.0,5961.0,True,0.18620689655172415,1.0,8.692993531219926
50,732.0,random_sampling,symmetric,uniform,30,80.0,732.0,True,0.1839080459770115,1.0000000000000002,6.595780513961311
51,4571.0,random_sampling,symmetric,uniform,30,80.0,4571.0,True,0.1839080459770115,1.0000000000000002,8.427487278331744
52,82853.0,random_sampling,symmetric,uniform,30,80.0,82853.0,True,0.18620689655172415,1.0,11.324823232217247
53,3601.0,random_sampling,symmetric,uniform,30,80.0,3601.0,True,0.18620689655172415,1.0000000000000002,8.188966863648876
54,5320.0,random_sampling,symmetric,uniform,30,80.0,5320.0,True,0.18620689655172415,1.0,8.57922858233569
55,1220.0,random_sampling,symmetric,uniform,30,80.0,1220.0,True,0.18620689655172415,0.9999999999999999,7.106606137727303
56,10378.0,random_sampling,symmetric,uniform,30,80.0,10378.0,True,0.18160919540229886,1.0000000000000002,9.247443459927686
57,14578.0,random_sampling,symmetric,uniform,30,80.0,14578.0,True,0.18620689655172415,1.0,9.587268821942159
58,3830.0,random_sampling,symmetric,uniform,30,80.0,3830.0,True,0.18620689655172415,1.0,8.250620082174692
59,13730.0,random_sampling,symmetric,uniform,30,80.0,13730.0,True,0.18620689655172415,1.0,9.527338498762017
60,9079.0,random_sampling,symmetric,uniform,30,80.0,9079.0,True,0.1839080459770115,0.9999999999999999,9.113719333371757
61,1422.0,random_sampling,symmetric,uniform,30,80.0,1422.0,True,0.1839080459770115,1.0,7.259819610363186
62,2343.0,random_sampling,symmetric,uniform,30,80.0,2343.0,True,0.18620689655172415,1.0,7.759187438507795
63,14802.0,random_sampling,symmetric,uniform,30,80.0,14802.0,True,0.18620689655172415,1.0,9.602517585757411
64,1279.0,random_sampling,symmetric,uniform,30,80.0,1279.0,True,0.1839080459770115,1.0,7.153833801578843
65,7254.0,random_sampling,symmetric,uniform,30,80.0,7254.0,True,0.18620689655172415,1.0,8.889308319842847
66,9979.0,random_sampling,symmetric,uniform,30,80.0,9979.0,True,0.18620689655172415,1.0,9.208238163884312
67,1549.0,random_sampling,symmetric,uniform,30,80.0,1549.0,True,0.18620689655172415,1.0000000000000002,7.3453648404168685
68,12529.0,random_sampling,symmetric,uniform,30,80.0,12529.0,True,0.18620689655172415,1.0,9.435801236245553
69,3536.0,random_sampling,symmetric,uniform,30,80.0,3536.0,True,0.18620689655172415,1.0,8.170751423757535
70,16671.0,random_sampling,symmetric,uniform,30,80.0,16671.0,True,0.1839080459770115,1.0,9.72142596194803
71,4229.0,random_sampling,symmetric,uniform,30,80.0,4229.0,True,0.1839080459770115,1.0,8.34972083747249
72,8856.0,random_sampling,symmetric,uniform,30,80.0,8856.0,True,0.1839080459770115,1.0,9.088850474388472
73,3360.0,random_sampling,symmetric,uniform,30,80.0,3360.0,True,0.1839080459770115,1.0000000000000002,8.11969625295725
74,3059.0,random_sampling,symmetric,uniform,30,80.0,3059.0,True,0.18620689655172415,1.0000000000000002,8.025843344150903
75,6690.0,random_sampling,symmetric,uniform,30,80.0,6690.0,True,0.18620689655172415,1.0000000000000002,8.808369153122275
76,7175.0,random_sampling,symmetric,uniform,30,80.0,7175.0,True,0.18620689655172415,0.9999999999999998,8.878358040627822
77,5084.0,random_sampling,symmetric,uniform,30,80.0,5084.0,True,0.18620689655172415,1.0,8.533853632309345
78,7439.0,random_sampling,symmetric,uniform,30,80.0,7439.0,True,0.1839080459770115,1.0,8.914491710191342
79,2660.0,random_sampling,symmetric,uniform,30,80.0,2660.0,True,0.1839080459770115,0.9999999999999999,7.886081401775745
80,2563.0,random_sampling,symmetric,uniform,30,80.0,2563.0,True,0.18620689655172415,1.0,7.848933726364071
81,7700.0,random_sampling,symmetric,uniform,30,80.0,7700.0,True,0.1839080459770115,1.0,8.948975607841776
82,12600.0,random_sampling,symmetric,uniform,30,80.0,12600.0,True,0.18620689655172415,0.9999999999999999,9.441452092939569
83,11230.0,random_sampling,symmetric,uniform,30,80.0,11230.0,True,0.18620689655172415,0.9999999999999999,9.326344047732489
84,5840.0,random_sampling,symmetric,uniform,30,80.0,5840.0,True,0.18620689655172415,0.9999999999999999,8.672486075822272
85,28605.0,random_sampling,symmetric,uniform,30,80.0,28605.0,True,0.18620689655172415,0.9999999999999999,10.261336806702628
86,29770.0,random_sampling,symmetric,uniform,30,80.0,29770.0,True,0.18620689655172415,0.9999999999999997,10.301256454009822
87,7557.0,random_sampling,symmetric,uniform,30,80.0,7557.0,True,0.18620689655172415,1.0000000000000002,8.93022956502072
88,7820.0,random_sampling,symmetric,uniform,30,80.0,7820.0,True,0.18620689655172415,1.0,8.964439833539357
89,9299.0,random_sampling,symmetric,uniform,30,80.0,9299.0,True,0.1839080459770115,1.0000000000000002,9.137662146478197
90,5113.0,random_sampling,symmetric,uniform,30,80.0,5113.0,True,0.18620689655172415,0.9999999999999999,8.53954159508
91,14547.0,random_sampling,symmetric,uniform,30,80.0,14547.0,True,0.18620689655172415,1.0000000000000002,9.585140065773462
92,29406.0,random_sampling,symmetric,uniform,30,80.0,29406.0,True,0.18620689655172415,0.9999999999999998,10.288954014137602
93,11414.0,random_sampling,symmetric,uniform,30,80.0,11414.0,True,0.1839080459770115,1.0,9.342595951096653
94,5271.0,random_sampling,symmetric,uniform,30,80.0,5271.0,True,0.1839080459770115,1.0000000000000002,8.569975376855206
95,2935.0,random_sampling,symmetric,uniform,30,80.0,2935.0,True,0.18620689655172415,1.0000000000000002,7.984462732262196
96,9266.0,random_sampling,symmetric,uniform,30,80.0,9266.0,True,0.18620689655172415,1.0,9.134107065976593
97,19986.0,random_sampling,symmetric,uniform,30,80.0,19986.0,True,0.1839080459770115,1.0,9.902787307421734
98,4479.0,random_sampling,symmetric,uniform,30,80.0,4479.0,True,0.1839080459770115,1.0,8.4071550862073
99,4136.0,random_sampling,symmetric,uniform,30,80.0,4136.0,True,0.18620689655172415,1.0000000000000002,8.327484416188264
0,459.0,random_sampling,symmetric,uniform,20,95.0,459.0,True,0.4263157894736842,1.0,6.129050210060545
1,1013.0,random_sampling,symmetric,uniform,20,95.0,1013.0,True,0.4368421052631579,0.9999999999999997,6.920671504248683
2,276.0,random_sampling,symmetric,uniform,20,95.0,276.0,True,0.42105263157894735,0.9999999999999998,5.62040086571715
3,414.0,random_sampling,symmetric,uniform,20,95.0,414.0,True,0.4421052631578947,1.0000000000000002,6.025865973825314
4,877.0,random_sampling,symmetric,uniform,20,95.0,877.0,True,0.45789473684210524,1.0000000000000002,6.776506992372183
5,1127.0,random_sampling,symmetric,uniform,20,95.0,1127.0,True,0.4631578947368421,1.0,7.027314514039777
6,760.0,random_sampling,symmetric,uniform,20,95.0,760.0,True,0.4421052631578947,1.0000000000000002,6.633318433280377
7,475.0,random_sampling,symmetric,uniform,20,95.0,475.0,True,0.4473684210526316,1.0,6.163314804034641
8,1161.0,random_sampling,symmetric,uniform,20,95.0,1161.0,True,0.45263157894736844,1.0000000000000004,7.057036981697891
9,795.0,random_sampling,symmetric,uniform,20,95.0,795.0,True,0.4421052631578947,1.0,6.678342114654332
10,869.0,random_sampling,symmetric,uniform,20,95.0,869.0,True,0.4473684210526316,0.9999999999999998,6.767343125265392
11,250.0,random_sampling,symmetric,uniform,20,95.0,250.0,True,0.4631578947368421,1.0000000000000002,5.521460917862246
12,335.0,random_sampling,symmetric,uniform,20,95.0,335.0,True,0.4421052631578947,1.0,5.814130531825066
13,384.0,random_sampling,symmetric,uniform,20,95.0,384.0,True,0.4263157894736842,1.0,5.950642552587727
14,483.0,random_sampling,symmetric,uniform,20,95.0,483.0,True,0.42105263157894735,1.0,6.180016653652572
15,309.0,random_sampling,symmetric,uniform,20,95.0,309.0,True,0.4421052631578947,1.0,5.733341276897746
16,641.0,random_sampling,symmetric,uniform,20,95.0,641.0,True,0.4263157894736842,1.0,6.46302945692067
17,154.0,random_sampling,symmetric,uniform,20,95.0,154.0,True,0.4368421052631579,1.0,5.0369526024136295
18,346.0,random_sampling,symmetric,uniform,20,95.0,346.0,True,0.4473684210526316,1.0,5.846438775057725
19,491.0,random_sampling,symmetric,uniform,20,95.0,491.0,True,0.43157894736842106,1.0,6.19644412779452
20,763.0,random_sampling,symmetric,uniform,20,95.0,763.0,True,0.4368421052631579,1.0,6.637258031284457
21,638.0,random_sampling,symmetric,uniform,20,95.0,638.0,True,0.4,1.0000000000000002,6.45833828334479
22,448.0,random_sampling,symmetric,uniform,20,95.0,448.0,True,0.4,1.0,6.104793232414985
23,742.0,random_sampling,symmetric,uniform,20,95.0,742.0,True,0.4,1.0,6.60934924316738
24,1249.0,random_sampling,symmetric,uniform,20,95.0,1249.0,True,0.4263157894736842,1.0000000000000002,7.130098510125578
25,1016.0,random_sampling,symmetric,uniform,20,95.0,1016.0,True,0.4421052631578947,1.0,6.923628628138427
26,254.0,random_sampling,symmetric,uniform,20,95.0,254.0,True,0.4368421052631579,1.0,5.537334267018537
27,2316.0,random_sampling,symmetric,uniform,20,95.0,2316.0,True,0.4473684210526316,0.9999999999999998,7.7475968386928855
28,354.0,random_sampling,symmetric,uniform,20,95.0,354.0,True,0.4368421052631579,1.0,5.869296913133774
29,1938.0,random_sampling,symmetric,uniform,20,95.0,1938.0,True,0.4421052631578947,1.0,7.569411792450712
30,909.0,random_sampling,symmetric,uniform,20,95.0,909.0,True,0.4368421052631579,1.0,6.812345094177479
31,396.0,random_sampling,symmetric,uniform,20,95.0,396.0,True,0.4368421052631579,1.0,5.981414211254481
32,628.0,random_sampling,symmetric,uniform,20,95.0,628.0,True,0.4421052631578947,0.9999999999999998,6.4425401664681985
33,1440.0,random_sampling,symmetric,uniform,20,95.0,1440.0,True,0.4368421052631579,0.9999999999999997,7.272398392570047
34,417.0,random_sampling,symmetric,uniform,20,95.0,417.0,True,0.4263157894736842,1.0,6.0330862217988015
35,431.0,random_sampling,symmetric,uniform,20,95.0,431.0,True,0.4421052631578947,1.0000000000000002,6.066108090103747
36,280.0,random_sampling,symmetric,uniform,20,95.0,280.0,True,0.4368421052631579,1.0,5.634789603169249
37,274.0,random_sampling,symmetric,uniform,20,95.0,274.0,True,0.4473684210526316,1.0,5.6131281063880705
38,724.0,random_sampling,symmetric,uniform,20,95.0,724.0,True,0.4421052631578947,1.0,6.584791392385716
39,513.0,random_sampling,symmetric,uniform,20,95.0,513.0,True,0.41578947368421054,1.0000000000000002,6.240275845170769
40,108.0,random_sampling,symmetric,uniform,20,95.0,108.0,True,0.43157894736842106,1.0,4.68213122712422
41,146.0,random_sampling,symmetric,uniform,20,95.0,146.0,True,0.4263157894736842,1.0000000000000002,4.983606621708336
42,314.0,random_sampling,symmetric,uniform,20,95.0,314.0,True,0.4421052631578947,1.0,5.749392985908253
43,665.0,random_sampling,symmetric,uniform,20,95.0,665.0,True,0.43157894736842106,1.0000000000000002,6.499787040655854
44,1814.0,random_sampling,symmetric,uniform,20,95.0,1814.0,True,0.45263157894736844,0.9999999999999998,7.503289630675082
45,599.0,random_sampling,symmetric,uniform,20,95.0,599.0,True,0.41578947368421054,0.9999999999999998,6.395261598115449
46,232.0,random_sampling,symmetric,uniform,20,95.0,232.0,True,0.4368421052631579,1.0,5.44673737166631
47,1966.0,random_sampling,symmetric,uniform,20,95.0,1966.0,True,0.45789473684210524,0.9999999999999998,7.583756300707112
48,330.0,random_sampling,symmetric,uniform,20,95.0,330.0,True,0.4105263157894737,1.0,5.799092654460526
49,487.0,random_sampling,symmetric,uniform,20,95.0,487.0,True,0.42105263157894735,1.0,6.18826412308259
50,1331.0,random_sampling,symmetric,uniform,20,95.0,1331.0,True,0.4263157894736842,1.0,7.193685818395112
51,631.0,random_sampling,symmetric,uniform,20,95.0,631.0,True,0.4263157894736842,1.0,6.447305862541213
52,278.0,random_sampling,symmetric,uniform,20,95.0,278.0,True,0.4263157894736842,1.0,5.627621113690637
53,423.0,random_sampling,symmetric,uniform,20,95.0,423.0,True,0.43157894736842106,1.0,6.0473721790462776
54,164.0,random_sampling,symmetric,uniform,20,95.0,164.0,True,0.43157894736842106,1.0,5.099866427824199
55,432.0,random_sampling,symmetric,uniform,20,95.0,432.0,True,0.42105263157894735,0.9999999999999998,6.068425588244111
56,689.0,random_sampling,symmetric,uniform,20,95.0,689.0,True,0.4631578947368421,1.0,6.535241271013659
57,408.0,random_sampling,symmetric,uniform,20,95.0,408.0,True,0.4105263157894737,1.0000000000000002,6.0112671744041615
58,1477.0,random_sampling,symmetric,uniform,20,95.0,1477.0,True,0.4421052631578947,1.0000000000000004,7.29776828253138
59,156.0,random_sampling,symmetric,uniform,20,95.0,156.0,True,0.41578947368421054,1.0000000000000002,5.049856007249537
60,1218.0,random_sampling,symmetric,uniform,20,95.0,1218.0,True,0.4421052631578947,1.0,7.1049654482698426
61,519.0,random_sampling,symmetric,uniform,20,95.0,519.0,True,0.4368421052631579,1.0000000000000002,6.251903883165888
62,577.0,random_sampling,symmetric,uniform,20,95.0,577.0,True,0.4368421052631579,1.0000000000000004,6.3578422665081
63,3623.0,random_sampling,symmetric,uniform,20,95.0,3623.0,True,0.42105263157894735,1.0000000000000002,8.195057690895077
64,601.0,random_sampling,symmetric,uniform,20,95.0,601.0,True,0.42105263157894735,1.0000000000000002,6.398594934535208
65,278.0,random_sampling,symmetric,uniform,20,95.0,278.0,True,0.43157894736842106,0.9999999999999998,5.627621113690637
66,1991.0,random_sampling,symmetric,uniform,20,95.0,1991.0,True,0.43157894736842106,1.0,7.596392304064196
67,424.0,random_sampling,symmetric,uniform,20,95.0,424.0,True,0.41578947368421054,1.0,6.049733455231958
68,413.0,random_sampling,symmetric,uniform,20,95.0,413.0,True,0.4263157894736842,1.0000000000000002,6.023447592961033
69,233.0,random_sampling,symmetric,uniform,20,95.0,233.0,True,0.43157894736842106,1.0,5.4510384535657
70,372.0,random_sampling,symmetric,uniform,20,95.0,372.0,True,0.41578947368421054,1.0,5.918893854273146
71,144.0,random_sampling,symmetric,uniform,20,95.0,144.0,True,0.42105263157894735,1.0,4.969813299576001
72,213.0,random_sampling,symmetric,uniform,20,95.0,213.0,True,0.42105263157894735,1.0,5.3612921657094255
73,1213.0,random_sampling,symmetric,uniform,20,95.0,1213.0,True,0.48947368421052634,1.0,7.10085190894405
74,122.0,random_sampling,symmetric,uniform,20,95.0,122.0,True,0.4368421052631579,1.0,4.804021044733257
75,198.0,random_sampling,symmetric,uniform,20,95.0,198.0,True,0.4631578947368421,0.9999999999999998,5.288267030694535
76,589.0,random_sampling,symmetric,uniform,20,95.0,589.0,True,0.45789473684210524,0.9999999999999998,6.3784261836515865
77,167.0,random_sampling,symmetric,uniform,20,95.0,167.0,True,0.45263157894736844,1.0,5.117993812416755
78,746.0,random_sampling,symmetric,uniform,20,95.0,746.0,True,0.43157894736842106,1.0000000000000002,6.61472560020376
79,370.0,random_sampling,symmetric,uniform,20,95.0,370.0,True,0.4263157894736842,1.0,5.91350300563827
80,540.0,random_sampling,symmetric,uniform,20,95.0,540.0,True,0.4263157894736842,1.0000000000000002,6.29156913955832
81,419.0,random_sampling,symmetric,uniform,20,95.0,419.0,True,0.42105263157894735,1.0000000000000002,6.037870919922137
82,942.0,random_sampling,symmetric,uniform,20,95.0,942.0,True,0.43157894736842106,0.9999999999999998,6.848005274576363
83,278.0,random_sampling,symmetric,uniform,20,95.0,278.0,True,0.42105263157894735,0.9999999999999998,5.627621113690637
84,405.0,random_sampling,symmetric,uniform,20,95.0,405.0,True,0.4421052631578947,1.0,6.003887067106539
85,215.0,random_sampling,symmetric,uniform,20,95.0,215.0,True,0.43157894736842106,1.0,5.3706380281276624
86,250.0,random_sampling,symmetric,uniform,20,95.0,250.0,True,0.4105263157894737,1.0000000000000002,5.521460917862246
87,436.0,random_sampling,symmetric,uniform,20,95.0,436.0,True,0.4368421052631579,1.0000000000000002,6.077642243349034
88,1315.0,random_sampling,symmetric,uniform,20,95.0,1315.0,True,0.4263157894736842,1.0000000000000002,7.181591944611865
89,1185.0,random_sampling,symmetric,uniform,20,95.0,1185.0,True,0.45789473684210524,1.0,7.077498053569231
90,492.0,random_sampling,symmetric,uniform,20,95.0,492.0,True,0.4421052631578947,1.0,6.198478716492308
91,291.0,random_sampling,symmetric,uniform,20,95.0,291.0,True,0.4368421052631579,0.9999999999999998,5.673323267171493
92,191.0,random_sampling,symmetric,uniform,20,95.0,191.0,True,0.4368421052631579,1.0000000000000002,5.25227342804663
93,662.0,random_sampling,symmetric,uniform,20,95.0,662.0,True,0.43157894736842106,0.9999999999999998,6.495265555937008
94,1099.0,random_sampling,symmetric,uniform,20,95.0,1099.0,True,0.45263157894736844,1.0000000000000002,7.002155954403621
95,564.0,random_sampling,symmetric,uniform,20,95.0,564.0,True,0.4263157894736842,1.0000000000000002,6.335054251498059
96,486.0,random_sampling,symmetric,uniform,20,95.0,486.0,True,0.4631578947368421,1.0000000000000002,6.186208623900494
97,388.0,random_sampling,symmetric,uniform,20,95.0,388.0,True,0.45789473684210524,1.0,5.961005339623274
98,1165.0,random_sampling,symmetric,uniform,20,95.0,1165.0,True,0.4421052631578947,0.9999999999999998,7.060476365999801
99,412.0,random_sampling,symmetric,uniform,20,95.0,412.0,True,0.42105263157894735,1.0000000000000002,6.021023349349527
0,575.0,random_sampling,symmetric,uniform,20,25.0,575.0,True,0.1368421052631579,1.0,6.354370040797351
1,397.0,random_sampling,symmetric,uniform,20,25.0,397.0,True,0.1368421052631579,1.0,5.983936280687191
2,172.0,random_sampling,symmetric,uniform,20,25.0,172.0,True,0.1368421052631579,1.0,5.147494476813453
3,414.0,random_sampling,symmetric,uniform,20,25.0,414.0,True,0.1368421052631579,1.0,6.025865973825314
4,691.0,random_sampling,symmetric,uniform,20,25.0,691.0,True,0.1368421052631579,1.0,6.53813982376767
5,1343.0,random_sampling,symmetric,uniform,20,25.0,1343.0,True,0.1368421052631579,1.0,7.202661196523238
6,202.0,random_sampling,symmetric,uniform,20,25.0,202.0,True,0.1368421052631579,0.9999999999999998,5.308267697401205
7,215.0,random_sampling,symmetric,uniform,20,25.0,215.0,True,0.1368421052631579,1.0,5.3706380281276624
8,1536.0,random_sampling,symmetric,uniform,20,25.0,1536.0,True,0.13157894736842105,1.0,7.336936913707618
9,422.0,random_sampling,symmetric,uniform,20,25.0,422.0,True,0.1368421052631579,1.0000000000000002,6.045005314036012
10,799.0,random_sampling,symmetric,uniform,20,25.0,799.0,True,0.1368421052631579,1.0,6.683360945766275
11,1319.0,random_sampling,symmetric,uniform,20,25.0,1319.0,True,0.1368421052631579,1.0,7.1846291527173145
12,192.0,random_sampling,symmetric,uniform,20,25.0,192.0,True,0.13157894736842105,1.0,5.2574953720277815
13,463.0,random_sampling,symmetric,uniform,20,25.0,463.0,True,0.1368421052631579,1.0,6.137727054086234
14,148.0,random_sampling,symmetric,uniform,20,25.0,148.0,True,0.1368421052631579,1.0,4.997212273764115
15,396.0,random_sampling,symmetric,uniform,20,25.0,396.0,True,0.1368421052631579,1.0,5.981414211254481
16,715.0,random_sampling,symmetric,uniform,20,25.0,715.0,True,0.1368421052631579,1.0,6.5722825426940075
17,235.0,random_sampling,symmetric,uniform,20,25.0,235.0,True,0.1368421052631579,1.0,5.459585514144159
18,333.0,random_sampling,symmetric,uniform,20,25.0,333.0,True,0.1368421052631579,1.0,5.808142489980444
19,114.0,random_sampling,symmetric,uniform,20,25.0,114.0,True,0.1368421052631579,1.0,4.736198448394496
20,952.0,random_sampling,symmetric,uniform,20,25.0,952.0,True,0.1368421052631579,1.0000000000000002,6.858565034791365
21,859.0,random_sampling,symmetric,uniform,20,25.0,859.0,True,0.1368421052631579,1.0,6.755768921984255
22,491.0,random_sampling,symmetric,uniform,20,25.0,491.0,True,0.1368421052631579,1.0,6.19644412779452
23,401.0,random_sampling,symmetric,uniform,20,25.0,401.0,True,0.1368421052631579,1.0,5.993961427306569
24,194.0,random_sampling,symmetric,uniform,20,25.0,194.0,True,0.1368421052631579,1.0000000000000002,5.267858159063328
25,544.0,random_sampling,symmetric,uniform,20,25.0,544.0,True,0.1368421052631579,1.0,6.298949246855942
26,325.0,random_sampling,symmetric,uniform,20,25.0,325.0,True,0.1368421052631579,1.0,5.783825182329737
27,186.0,random_sampling,symmetric,uniform,20,25.0,186.0,True,0.1368421052631579,1.0,5.225746673713202
28,495.0,random_sampling,symmetric,uniform,20,25.0,495.0,True,0.1368421052631579,1.0,6.20455776256869
29,648.0,random_sampling,symmetric,uniform,20,25.0,648.0,True,0.1368421052631579,1.0,6.473890696352274
30,299.0,random_sampling,symmetric,uniform,20,25.0,299.0,True,0.1368421052631579,1.0000000000000002,5.700443573390687
31,397.0,random_sampling,symmetric,uniform,20,25.0,397.0,True,0.1368421052631579,1.0,5.983936280687191
32,123.0,random_sampling,symmetric,uniform,20,25.0,123.0,True,0.1368421052631579,0.9999999999999998,4.812184355372417
33,201.0,random_sampling,symmetric,uniform,20,25.0,201.0,True,0.1368421052631579,0.9999999999999998,5.303304908059076
34,938.0,random_sampling,symmetric,uniform,20,25.0,938.0,True,0.1368421052631579,1.0,6.843749949006225
35,494.0,random_sampling,symmetric,uniform,20,25.0,494.0,True,0.1368421052631579,1.0,6.202535517187923
36,439.0,random_sampling,symmetric,uniform,20,25.0,439.0,True,0.1368421052631579,1.0000000000000002,6.0844994130751715
37,900.0,random_sampling,symmetric,uniform,20,25.0,900.0,True,0.1368421052631579,0.9999999999999998,6.802394763324311
38,642.0,random_sampling,symmetric,uniform,20,25.0,642.0,True,0.1368421052631579,1.0,6.464588303689961
39,227.0,random_sampling,symmetric,uniform,20,25.0,227.0,True,0.1368421052631579,1.0,5.424950017481403
40,1079.0,random_sampling,symmetric,uniform,20,25.0,1079.0,True,0.1368421052631579,1.0,6.983789965258135
41,2105.0,random_sampling,symmetric,uniform,20,25.0,2105.0,True,0.1368421052631579,1.0000000000000002,7.652070746116482
42,312.0,random_sampling,symmetric,uniform,20,25.0,312.0,True,0.1368421052631579,1.0,5.7430031878094825
43,724.0,random_sampling,symmetric,uniform,20,25.0,724.0,True,0.1368421052631579,1.0,6.584791392385716
44,440.0,random_sampling,symmetric,uniform,20,25.0,440.0,True,0.1368421052631579,1.0,6.0867747269123065
45,122.0,random_sampling,symmetric,uniform,20,25.0,122.0,True,0.1368421052631579,1.0,4.804021044733257
46,383.0,random_sampling,symmetric,uniform,20,25.0,383.0,True,0.1368421052631579,1.0,5.948034989180646
47,193.0,random_sampling,symmetric,uniform,20,25.0,193.0,True,0.1368421052631579,0.9999999999999998,5.262690188904886
48,321.0,random_sampling,symmetric,uniform,20,25.0,321.0,True,0.1368421052631579,0.9999999999999998,5.771441123130016
49,653.0,random_sampling,symmetric,uniform,20,25.0,653.0,True,0.1368421052631579,1.0,6.481577129276431
50,545.0,random_sampling,symmetric,uniform,20,25.0,545.0,True,0.1368421052631579,1.0,6.300785794663244
51,416.0,random_sampling,symmetric,uniform,20,25.0,416.0,True,0.1368421052631579,1.0,6.030685260261263
52,1018.0,random_sampling,symmetric,uniform,20,25.0,1018.0,True,0.1368421052631579,0.9999999999999998,6.925595197110468
53,238.0,random_sampling,symmetric,uniform,20,25.0,238.0,True,0.1368421052631579,1.0,5.472270673671475
54,785.0,random_sampling,symmetric,uniform,20,25.0,785.0,True,0.1368421052631579,1.0,6.665683717782408
55,383.0,random_sampling,symmetric,uniform,20,25.0,383.0,True,0.1368421052631579,1.0,5.948034989180646
56,1252.0,random_sampling,symmetric,uniform,20,25.0,1252.0,True,0.1368421052631579,1.0,7.132497551660044
57,168.0,random_sampling,symmetric,uniform,20,25.0,168.0,True,0.1368421052631579,1.0,5.123963979403259
58,617.0,random_sampling,symmetric,uniform,20,25.0,617.0,True,0.1368421052631579,1.0,6.424869023905388
59,348.0,random_sampling,symmetric,uniform,20,25.0,348.0,True,0.1368421052631579,1.0,5.8522024797744745
60,214.0,random_sampling,symmetric,uniform,20,25.0,214.0,True,0.1368421052631579,1.0,5.365976015021851
61,217.0,random_sampling,symmetric,uniform,20,25.0,217.0,True,0.1368421052631579,1.0,5.37989735354046
62,232.0,random_sampling,symmetric,uniform,20,25.0,232.0,True,0.1368421052631579,1.0,5.44673737166631
63,257.0,random_sampling,symmetric,uniform,20,25.0,257.0,True,0.1368421052631579,1.0,5.54907608489522
64,216.0,random_sampling,symmetric,uniform,20,25.0,216.0,True,0.1368421052631579,1.0,5.375278407684165
65,1185.0,random_sampling,symmetric,uniform,20,25.0,1185.0,True,0.1368421052631579,1.0,7.077498053569231
66,609.0,random_sampling,symmetric,uniform,20,25.0,609.0,True,0.1368421052631579,1.0000000000000002,6.411818267709897
67,243.0,random_sampling,symmetric,uniform,20,25.0,243.0,True,0.1368421052631579,1.0,5.493061443340548
68,979.0,random_sampling,symmetric,uniform,20,25.0,979.0,True,0.1368421052631579,1.0,6.88653164253051
69,60.0,random_sampling,symmetric,uniform,20,25.0,60.0,True,0.1368421052631579,1.0,4.0943445622221
70,511.0,random_sampling,symmetric,uniform,20,25.0,511.0,True,0.1368421052631579,1.0,6.236369590203704
71,505.0,random_sampling,symmetric,uniform,20,25.0,505.0,True,0.1368421052631579,1.0,6.22455842927536
72,926.0,random_sampling,symmetric,uniform,20,25.0,926.0,True,0.1368421052631579,1.0,6.8308742346461795
73,354.0,random_sampling,symmetric,uniform,20,25.0,354.0,True,0.1368421052631579,1.0,5.869296913133774
74,580.0,random_sampling,symmetric,uniform,20,25.0,580.0,True,0.1368421052631579,1.0,6.363028103540465
75,382.0,random_sampling,symmetric,uniform,20,25.0,382.0,True,0.1368421052631579,0.9999999999999998,5.945420608606575
76,410.0,random_sampling,symmetric,uniform,20,25.0,410.0,True,0.1368421052631579,1.0,6.016157159698354
77,101.0,random_sampling,symmetric,uniform,20,25.0,101.0,True,0.1368421052631579,0.9999999999999998,4.61512051684126
78,311.0,random_sampling,symmetric,uniform,20,25.0,311.0,True,0.1368421052631579,1.0,5.739792912179234
79,1676.0,random_sampling,symmetric,uniform,20,25.0,1676.0,True,0.1368421052631579,1.0,7.424165281042028
80,3382.0,random_sampling,symmetric,uniform,20,25.0,3382.0,True,0.1368421052631579,1.0,8.126222529458525
81,390.0,random_sampling,symmetric,uniform,20,25.0,390.0,True,0.1368421052631579,0.9999999999999998,5.966146739123692
82,437.0,random_sampling,symmetric,uniform,20,25.0,437.0,True,0.13157894736842105,1.0,6.07993319509559
83,427.0,random_sampling,symmetric,uniform,20,25.0,427.0,True,0.1368421052631579,0.9999999999999998,6.056784013228625
84,347.0,random_sampling,symmetric,uniform,20,25.0,347.0,True,0.1368421052631579,1.0,5.849324779946859
85,466.0,random_sampling,symmetric,uniform,20,25.0,466.0,True,0.1368421052631579,1.0,6.144185634125646
86,664.0,random_sampling,symmetric,uniform,20,25.0,664.0,True,0.1368421052631579,0.9999999999999998,6.498282149476434
87,802.0,random_sampling,symmetric,uniform,20,25.0,802.0,True,0.1368421052631579,1.0,6.687108607866515
88,1257.0,random_sampling,symmetric,uniform,20,25.0,1257.0,True,0.1368421052631579,1.0,7.136483208590247
89,1474.0,random_sampling,symmetric,uniform,20,25.0,1474.0,True,0.1368421052631579,1.0,7.295735072749282
90,560.0,random_sampling,symmetric,uniform,20,25.0,560.0,True,0.1368421052631579,0.9999999999999997,6.327936783729195
91,814.0,random_sampling,symmetric,uniform,20,25.0,814.0,True,0.1368421052631579,1.0,6.70196036600254
92,138.0,random_sampling,symmetric,uniform,20,25.0,138.0,True,0.1368421052631579,1.0,4.927253685157205
93,194.0,random_sampling,symmetric,uniform,20,25.0,194.0,True,0.1368421052631579,0.9999999999999998,5.267858159063328
94,813.0,random_sampling,symmetric,uniform,20,25.0,813.0,True,0.1368421052631579,1.0000000000000002,6.70073110954781
95,254.0,random_sampling,symmetric,uniform,20,25.0,254.0,True,0.1368421052631579,1.0,5.537334267018537
96,1307.0,random_sampling,symmetric,uniform,20,25.0,1307.0,True,0.1368421052631579,1.0000000000000002,7.175489713624222
97,225.0,random_sampling,symmetric,uniform,20,25.0,225.0,True,0.1368421052631579,1.0,5.41610040220442
98,368.0,random_sampling,symmetric,uniform,20,25.0,368.0,True,0.1368421052631579,1.0,5.908082938168931
99,1237.0,random_sampling,symmetric,uniform,20,25.0,1237.0,True,0.1368421052631579,1.0,7.1204443723924875
0,380.0,random_sampling,symmetric,uniform,20,50.0,380.0,True,0.2631578947368421,0.9999999999999998,5.940171252720432
1,503.0,random_sampling,symmetric,uniform,20,50.0,503.0,True,0.2631578947368421,1.0000000000000002,6.220590170099739
2,82.0,random_sampling,symmetric,uniform,20,50.0,82.0,True,0.2631578947368421,1.0000000000000002,4.406719247264253
3,804.0,random_sampling,symmetric,uniform,20,50.0,804.0,True,0.26842105263157895,1.0,6.6895992691789665
4,422.0,random_sampling,symmetric,uniform,20,50.0,422.0,True,0.26842105263157895,1.0,6.045005314036012
5,2923.0,random_sampling,symmetric,uniform,20,50.0,2923.0,True,0.25263157894736843,1.0,7.980365765111246
6,422.0,random_sampling,symmetric,uniform,20,50.0,422.0,True,0.26842105263157895,1.0000000000000002,6.045005314036012
7,691.0,random_sampling,symmetric,uniform,20,50.0,691.0,True,0.2631578947368421,0.9999999999999998,6.53813982376767
8,445.0,random_sampling,symmetric,uniform,20,50.0,445.0,True,0.2631578947368421,1.0,6.09807428216624
9,613.0,random_sampling,symmetric,uniform,20,50.0,613.0,True,0.26842105263157895,1.0,6.418364935936212
10,186.0,random_sampling,symmetric,uniform,20,50.0,186.0,True,0.2578947368421053,1.0,5.225746673713202
11,230.0,random_sampling,symmetric,uniform,20,50.0,230.0,True,0.2631578947368421,1.0000000000000002,5.438079308923196
12,842.0,random_sampling,symmetric,uniform,20,50.0,842.0,True,0.26842105263157895,1.0000000000000002,6.7357800142423265
13,336.0,random_sampling,symmetric,uniform,20,50.0,336.0,True,0.2631578947368421,0.9999999999999998,5.817111159963204
14,245.0,random_sampling,symmetric,uniform,20,50.0,245.0,True,0.2631578947368421,1.0000000000000002,5.501258210544727
15,318.0,random_sampling,symmetric,uniform,20,50.0,318.0,True,0.25263157894736843,0.9999999999999998,5.762051382780177
16,273.0,random_sampling,symmetric,uniform,20,50.0,273.0,True,0.26842105263157895,1.0,5.60947179518496
17,233.0,random_sampling,symmetric,uniform,20,50.0,233.0,True,0.2578947368421053,0.9999999999999998,5.4510384535657
18,1114.0,random_sampling,symmetric,uniform,20,50.0,1114.0,True,0.25263157894736843,1.0,7.01571242048723
19,206.0,random_sampling,symmetric,uniform,20,50.0,206.0,True,0.2631578947368421,1.0000000000000002,5.327876168789581
20,159.0,random_sampling,symmetric,uniform,20,50.0,159.0,True,0.2578947368421053,1.0,5.0689042022202315
21,2532.0,random_sampling,symmetric,uniform,20,50.0,2532.0,True,0.2631578947368421,1.0,7.836764783264067
22,178.0,random_sampling,symmetric,uniform,20,50.0,178.0,True,0.2578947368421053,1.0,5.181783550292085
23,490.0,random_sampling,symmetric,uniform,20,50.0,490.0,True,0.2578947368421053,0.9999999999999998,6.194405391104672
24,443.0,random_sampling,symmetric,uniform,20,50.0,443.0,True,0.26842105263157895,1.0,6.093569770045136
25,276.0,random_sampling,symmetric,uniform,20,50.0,276.0,True,0.2631578947368421,1.0,5.62040086571715
26,241.0,random_sampling,symmetric,uniform,20,50.0,241.0,True,0.2631578947368421,1.0,5.484796933490655
27,649.0,random_sampling,symmetric,uniform,20,50.0,649.0,True,0.2631578947368421,1.0,6.47543271670409
28,237.0,random_sampling,symmetric,uniform,20,50.0,237.0,True,0.2631578947368421,0.9999999999999998,5.4680601411351315
29,546.0,random_sampling,symmetric,uniform,20,50.0,546.0,True,0.2578947368421053,1.0000000000000002,6.302618975744905
30,500.0,random_sampling,symmetric,uniform,20,50.0,500.0,True,0.2578947368421053,1.0,6.214608098422191
31,1254.0,random_sampling,symmetric,uniform,20,50.0,1254.0,True,0.2631578947368421,1.0,7.134093721192866
32,454.0,random_sampling,symmetric,uniform,20,50.0,454.0,True,0.2631578947368421,1.0,6.118097198041348
33,255.0,random_sampling,symmetric,uniform,20,50.0,255.0,True,0.26842105263157895,1.0,5.541263545158426
34,2751.0,random_sampling,symmetric,uniform,20,50.0,2751.0,True,0.25263157894736843,1.0,7.919719760924575
35,549.0,random_sampling,symmetric,uniform,20,50.0,549.0,True,0.2578947368421053,1.0,6.3080984415095305
36,1532.0,random_sampling,symmetric,uniform,20,50.0,1532.0,True,0.25263157894736843,1.0000000000000002,7.3343293503005365
37,1230.0,random_sampling,symmetric,uniform,20,50.0,1230.0,True,0.25263157894736843,0.9999999999999998,7.114769448366463
38,876.0,random_sampling,symmetric,uniform,20,50.0,876.0,True,0.26842105263157895,1.0,6.775366090936392
39,751.0,random_sampling,symmetric,uniform,20,50.0,751.0,True,0.2578947368421053,1.0000000000000002,6.621405651764134
40,489.0,random_sampling,symmetric,uniform,20,50.0,489.0,True,0.26842105263157895,1.0,6.192362489474872
41,1300.0,random_sampling,symmetric,uniform,20,50.0,1300.0,True,0.2578947368421053,1.0000000000000002,7.170119543449628
42,250.0,random_sampling,symmetric,uniform,20,50.0,250.0,True,0.2578947368421053,0.9999999999999998,5.521460917862246
43,191.0,random_sampling,symmetric,uniform,20,50.0,191.0,True,0.2578947368421053,1.0,5.25227342804663
44,637.0,random_sampling,symmetric,uniform,20,50.0,637.0,True,0.2631578947368421,1.0000000000000002,6.456769655572163
45,1836.0,random_sampling,symmetric,uniform,20,50.0,1836.0,True,0.2631578947368421,1.0,7.515344571180436
46,317.0,random_sampling,symmetric,uniform,20,50.0,317.0,True,0.26842105263157895,1.0000000000000002,5.75890177387728
47,1973.0,random_sampling,symmetric,uniform,20,50.0,1973.0,True,0.2631578947368421,1.0,7.587310506022615
48,637.0,random_sampling,symmetric,uniform,20,50.0,637.0,True,0.2578947368421053,1.0,6.456769655572163
49,268.0,random_sampling,symmetric,uniform,20,50.0,268.0,True,0.26842105263157895,1.0,5.5909869805108565
50,121.0,random_sampling,symmetric,uniform,20,50.0,121.0,True,0.2578947368421053,1.0,4.795790545596741
51,261.0,random_sampling,symmetric,uniform,20,50.0,261.0,True,0.26842105263157895,1.0,5.564520407322694
52,273.0,random_sampling,symmetric,uniform,20,50.0,273.0,True,0.2631578947368421,1.0,5.60947179518496
53,331.0,random_sampling,symmetric,uniform,20,50.0,331.0,True,0.2631578947368421,1.0,5.802118375377063
54,1217.0,random_sampling,symmetric,uniform,20,50.0,1217.0,True,0.25263157894736843,1.0,7.104144092987527
55,474.0,random_sampling,symmetric,uniform,20,50.0,474.0,True,0.26842105263157895,0.9999999999999998,6.161207321695077
56,373.0,random_sampling,symmetric,uniform,20,50.0,373.0,True,0.2631578947368421,1.0,5.921578419643816
57,318.0,random_sampling,symmetric,uniform,20,50.0,318.0,True,0.26842105263157895,1.0,5.762051382780177
58,326.0,random_sampling,symmetric,uniform,20,50.0,326.0,True,0.2578947368421053,1.0,5.786897381366708
59,108.0,random_sampling,symmetric,uniform,20,50.0,108.0,True,0.26842105263157895,1.0,4.68213122712422
60,2688.0,random_sampling,symmetric,uniform,20,50.0,2688.0,True,0.26842105263157895,1.0,7.89655270164304
61,521.0,random_sampling,symmetric,uniform,20,50.0,521.0,True,0.26842105263157895,1.0,6.255750041753367
62,1517.0,random_sampling,symmetric,uniform,20,50.0,1517.0,True,0.2631578947368421,1.0,7.324489979348532
63,253.0,random_sampling,symmetric,uniform,20,50.0,253.0,True,0.2631578947368421,0.9999999999999998,5.53338948872752
64,403.0,random_sampling,symmetric,uniform,20,50.0,403.0,True,0.26842105263157895,1.0,5.998936561946683
65,435.0,random_sampling,symmetric,uniform,20,50.0,435.0,True,0.2631578947368421,1.0,6.075346031088684
66,353.0,random_sampling,symmetric,uniform,20,50.0,353.0,True,0.26842105263157895,0.9999999999999998,5.8664680569332965
67,193.0,random_sampling,symmetric,uniform,20,50.0,193.0,True,0.26842105263157895,1.0,5.262690188904886
68,620.0,random_sampling,symmetric,uniform,20,50.0,620.0,True,0.2631578947368421,1.0,6.429719478039138
69,3027.0,random_sampling,symmetric,uniform,20,50.0,3027.0,True,0.2631578947368421,1.0000000000000002,8.01532730902172
70,804.0,random_sampling,symmetric,uniform,20,50.0,804.0,True,0.2578947368421053,0.9999999999999998,6.6895992691789665
71,335.0,random_sampling,symmetric,uniform,20,50.0,335.0,True,0.26842105263157895,1.0000000000000002,5.814130531825066
72,404.0,random_sampling,symmetric,uniform,20,50.0,404.0,True,0.2631578947368421,1.0000000000000002,6.0014148779611505
73,389.0,random_sampling,symmetric,uniform,20,50.0,389.0,True,0.2631578947368421,1.0,5.963579343618446
74,170.0,random_sampling,symmetric,uniform,20,50.0,170.0,True,0.26842105263157895,1.0,5.135798437050262
75,82.0,random_sampling,symmetric,uniform,20,50.0,82.0,True,0.25263157894736843,1.0000000000000002,4.406719247264253
76,231.0,random_sampling,symmetric,uniform,20,50.0,231.0,True,0.2631578947368421,1.0,5.442417710521793
77,1630.0,random_sampling,symmetric,uniform,20,50.0,1630.0,True,0.25263157894736843,1.0,7.396335293800808
78,263.0,random_sampling,symmetric,uniform,20,50.0,263.0,True,0.26842105263157895,1.0,5.572154032177765
79,235.0,random_sampling,symmetric,uniform,20,50.0,235.0,True,0.26842105263157895,0.9999999999999998,5.459585514144159
80,161.0,random_sampling,symmetric,uniform,20,50.0,161.0,True,0.25263157894736843,0.9999999999999998,5.081404364984463
81,492.0,random_sampling,symmetric,uniform,20,50.0,492.0,True,0.2631578947368421,0.9999999999999998,6.198478716492308
82,384.0,random_sampling,symmetric,uniform,20,50.0,384.0,True,0.2631578947368421,0.9999999999999998,5.950642552587727
83,816.0,random_sampling,symmetric,uniform,20,50.0,816.0,True,0.2578947368421053,1.0,6.704414354964107
84,93.0,random_sampling,symmetric,uniform,20,50.0,93.0,True,0.2578947368421053,1.0,4.532599493153256
85,3742.0,random_sampling,symmetric,uniform,20,50.0,3742.0,True,0.2631578947368421,1.0,8.227375506834035
86,468.0,random_sampling,symmetric,uniform,20,50.0,468.0,True,0.2578947368421053,1.0,6.148468295917647
87,129.0,random_sampling,symmetric,uniform,20,50.0,129.0,True,0.25263157894736843,1.0000000000000002,4.859812404361672
88,496.0,random_sampling,symmetric,uniform,20,50.0,496.0,True,0.26842105263157895,0.9999999999999998,6.206575926724928
89,192.0,random_sampling,symmetric,uniform,20,50.0,192.0,True,0.2631578947368421,1.0,5.2574953720277815
90,488.0,random_sampling,symmetric,uniform,20,50.0,488.0,True,0.26842105263157895,1.0,6.1903154058531475
91,442.0,random_sampling,symmetric,uniform,20,50.0,442.0,True,0.2631578947368421,1.0,6.091309882077698
92,120.0,random_sampling,symmetric,uniform,20,50.0,120.0,True,0.2631578947368421,0.9999999999999998,4.787491742782046
93,903.0,random_sampling,symmetric,uniform,20,50.0,903.0,True,0.2631578947368421,0.9999999999999998,6.805722553416985
94,393.0,random_sampling,symmetric,uniform,20,50.0,393.0,True,0.2631578947368421,1.0,5.973809611869261
95,722.0,random_sampling,symmetric,uniform,20,50.0,722.0,True,0.2631578947368421,1.0000000000000002,6.582025138892826
96,659.0,random_sampling,symmetric,uniform,20,50.0,659.0,True,0.2578947368421053,1.0,6.490723534502507
97,250.0,random_sampling,symmetric,uniform,20,50.0,250.0,True,0.2631578947368421,1.0,5.521460917862246
98,390.0,random_sampling,symmetric,uniform,20,50.0,390.0,True,0.25263157894736843,1.0,5.966146739123692
99,862.0,random_sampling,symmetric,uniform,20,50.0,862.0,True,0.2578947368421053,1.0,6.759255270663693
0,272.0,random_sampling,symmetric,uniform,20,30.0,272.0,True,0.1631578947368421,1.0,5.605802066295998
1,598.0,random_sampling,symmetric,uniform,20,30.0,598.0,True,0.1631578947368421,0.9999999999999998,6.393590753950631
2,489.0,random_sampling,symmetric,uniform,20,30.0,489.0,True,0.1631578947368421,1.0,6.192362489474872
3,442.0,random_sampling,symmetric,uniform,20,30.0,442.0,True,0.1631578947368421,1.0,6.091309882077698
4,226.0,random_sampling,symmetric,uniform,20,30.0,226.0,True,0.1631578947368421,1.0,5.420534999272286
5,252.0,random_sampling,symmetric,uniform,20,30.0,252.0,True,0.1631578947368421,1.0,5.529429087511423
6,115.0,random_sampling,symmetric,uniform,20,30.0,115.0,True,0.1631578947368421,1.0,4.74493212836325
7,890.0,random_sampling,symmetric,uniform,20,30.0,890.0,True,0.1631578947368421,1.0,6.7912214627261855
8,195.0,random_sampling,symmetric,uniform,20,30.0,195.0,True,0.1631578947368421,1.0,5.272999558563747
9,762.0,random_sampling,symmetric,uniform,20,30.0,762.0,True,0.1631578947368421,1.0000000000000002,6.635946555686647
10,693.0,random_sampling,symmetric,uniform,20,30.0,693.0,True,0.1631578947368421,0.9999999999999998,6.541029999189903
11,503.0,random_sampling,symmetric,uniform,20,30.0,503.0,True,0.1631578947368421,1.0,6.220590170099739
12,218.0,random_sampling,symmetric,uniform,20,30.0,218.0,True,0.1631578947368421,1.0,5.384495062789089
13,672.0,random_sampling,symmetric,uniform,20,30.0,672.0,True,0.15789473684210525,1.0,6.51025834052315
14,579.0,random_sampling,symmetric,uniform,20,30.0,579.0,True,0.1631578947368421,1.0,6.361302477572996
15,501.0,random_sampling,symmetric,uniform,20,30.0,501.0,True,0.1631578947368421,1.0000000000000002,6.2166061010848646
16,231.0,random_sampling,symmetric,uniform,20,30.0,231.0,True,0.1631578947368421,1.0,5.442417710521793
17,105.0,random_sampling,symmetric,uniform,20,30.0,105.0,True,0.1631578947368421,1.0,4.653960350157523
18,487.0,random_sampling,symmetric,uniform,20,30.0,487.0,True,0.1631578947368421,1.0,6.18826412308259
19,441.0,random_sampling,symmetric,uniform,20,30.0,441.0,True,0.1631578947368421,1.0,6.089044875446846
20,418.0,random_sampling,symmetric,uniform,20,30.0,418.0,True,0.1631578947368421,0.9999999999999998,6.035481432524756
21,623.0,random_sampling,symmetric,uniform,20,30.0,623.0,True,0.1631578947368421,1.0,6.434546518787453
22,504.0,random_sampling,symmetric,uniform,20,30.0,504.0,True,0.1631578947368421,1.0,6.222576268071369
23,2090.0,random_sampling,symmetric,uniform,20,30.0,2090.0,True,0.1631578947368421,1.0,7.644919344958857
24,2495.0,random_sampling,symmetric,uniform,20,30.0,2495.0,True,0.1631578947368421,1.0000000000000002,7.822044008185619
25,187.0,random_sampling,symmetric,uniform,20,30.0,187.0,True,0.1631578947368421,1.0,5.231108616854587
26,212.0,random_sampling,symmetric,uniform,20,30.0,212.0,True,0.1631578947368421,1.0,5.356586274672012
27,141.0,random_sampling,symmetric,uniform,20,30.0,141.0,True,0.1631578947368421,1.0,4.948759890378168
28,342.0,random_sampling,symmetric,uniform,20,30.0,342.0,True,0.1631578947368421,1.0,5.834810737062605
29,493.0,random_sampling,symmetric,uniform,20,30.0,493.0,True,0.1631578947368421,1.0,6.20050917404269
30,839.0,random_sampling,symmetric,uniform,20,30.0,839.0,True,0.1631578947368421,1.0,6.732210706467206
31,219.0,random_sampling,symmetric,uniform,20,30.0,219.0,True,0.1631578947368421,1.0,5.389071729816501
32,252.0,random_sampling,symmetric,uniform,20,30.0,252.0,True,0.15789473684210525,1.0000000000000002,5.529429087511423
33,322.0,random_sampling,symmetric,uniform,20,30.0,322.0,True,0.1631578947368421,1.0,5.7745515455444085
34,812.0,random_sampling,symmetric,uniform,20,30.0,812.0,True,0.1631578947368421,1.0,6.699500340161678
35,823.0,random_sampling,symmetric,uniform,20,30.0,823.0,True,0.1631578947368421,1.0,6.71295620067707
36,297.0,random_sampling,symmetric,uniform,20,30.0,297.0,True,0.1631578947368421,1.0,5.6937321388027
37,354.0,random_sampling,symmetric,uniform,20,30.0,354.0,True,0.1631578947368421,0.9999999999999998,5.869296913133774
38,431.0,random_sampling,symmetric,uniform,20,30.0,431.0,True,0.1631578947368421,1.0000000000000002,6.066108090103747
39,532.0,random_sampling,symmetric,uniform,20,30.0,532.0,True,0.1631578947368421,1.0,6.2766434893416445
40,1854.0,random_sampling,symmetric,uniform,20,30.0,1854.0,True,0.1631578947368421,1.0000000000000002,7.5251007461258
41,990.0,random_sampling,symmetric,uniform,20,30.0,990.0,True,0.1631578947368421,1.0,6.897704943128636
42,269.0,random_sampling,symmetric,uniform,20,30.0,269.0,True,0.15789473684210525,1.0,5.594711379601839
43,359.0,random_sampling,symmetric,uniform,20,30.0,359.0,True,0.1631578947368421,0.9999999999999998,5.883322388488279
44,165.0,random_sampling,symmetric,uniform,20,30.0,165.0,True,0.1631578947368421,1.0,5.10594547390058
45,1619.0,random_sampling,symmetric,uniform,20,30.0,1619.0,True,0.1631578947368421,1.0000000000000002,7.389563953677635
46,654.0,random_sampling,symmetric,uniform,20,30.0,654.0,True,0.1631578947368421,1.0,6.483107351457199
47,335.0,random_sampling,symmetric,uniform,20,30.0,335.0,True,0.1631578947368421,1.0,5.814130531825066
48,1810.0,random_sampling,symmetric,uniform,20,30.0,1810.0,True,0.1631578947368421,0.9999999999999998,7.501082124259871
49,965.0,random_sampling,symmetric,uniform,20,30.0,965.0,True,0.15789473684210525,1.0,6.872128101338986
50,213.0,random_sampling,symmetric,uniform,20,30.0,213.0,True,0.1631578947368421,1.0000000000000002,5.3612921657094255
51,453.0,random_sampling,symmetric,uniform,20,30.0,453.0,True,0.1631578947368421,1.0,6.115892125483034
52,119.0,random_sampling,symmetric,uniform,20,30.0,119.0,True,0.1631578947368421,0.9999999999999998,4.77912349311153
53,223.0,random_sampling,symmetric,uniform,20,30.0,223.0,True,0.1631578947368421,0.9999999999999998,5.407171771460119
54,645.0,random_sampling,symmetric,uniform,20,30.0,645.0,True,0.1631578947368421,1.0,6.4692503167957724
55,353.0,random_sampling,symmetric,uniform,20,30.0,353.0,True,0.1631578947368421,1.0,5.8664680569332965
56,254.0,random_sampling,symmetric,uniform,20,30.0,254.0,True,0.1631578947368421,1.0,5.537334267018537
57,410.0,random_sampling,symmetric,uniform,20,30.0,410.0,True,0.1631578947368421,1.0,6.016157159698354
58,234.0,random_sampling,symmetric,uniform,20,30.0,234.0,True,0.1631578947368421,1.0,5.455321115357702
59,454.0,random_sampling,symmetric,uniform,20,30.0,454.0,True,0.1631578947368421,0.9999999999999998,6.118097198041348
60,1184.0,random_sampling,symmetric,uniform,20,30.0,1184.0,True,0.1631578947368421,1.0,7.076653815443951
61,435.0,random_sampling,symmetric,uniform,20,30.0,435.0,True,0.1631578947368421,1.0,6.075346031088684
62,375.0,random_sampling,symmetric,uniform,20,30.0,375.0,True,0.1631578947368421,1.0,5.926926025970411
63,339.0,random_sampling,symmetric,uniform,20,30.0,339.0,True,0.1631578947368421,1.0,5.82600010738045
64,676.0,random_sampling,symmetric,uniform,20,30.0,676.0,True,0.1631578947368421,1.0,6.516193076042964
65,895.0,random_sampling,symmetric,uniform,20,30.0,895.0,True,0.1631578947368421,0.9999999999999998,6.796823718274855
66,852.0,random_sampling,symmetric,uniform,20,30.0,852.0,True,0.1631578947368421,1.0,6.747586526829315
67,658.0,random_sampling,symmetric,uniform,20,30.0,658.0,True,0.1631578947368421,1.0,6.489204931325317
68,339.0,random_sampling,symmetric,uniform,20,30.0,339.0,True,0.1631578947368421,1.0,5.82600010738045
69,654.0,random_sampling,symmetric,uniform,20,30.0,654.0,True,0.1631578947368421,1.0,6.483107351457199
70,520.0,random_sampling,symmetric,uniform,20,30.0,520.0,True,0.1631578947368421,1.0,6.253828811575473
71,625.0,random_sampling,symmetric,uniform,20,30.0,625.0,True,0.1631578947368421,1.0000000000000002,6.437751649736401
72,378.0,random_sampling,symmetric,uniform,20,30.0,378.0,True,0.1631578947368421,1.0,5.934894195619588
73,701.0,random_sampling,symmetric,uniform,20,30.0,701.0,True,0.1631578947368421,1.0,6.55250788703459
74,356.0,random_sampling,symmetric,uniform,20,30.0,356.0,True,0.1631578947368421,1.0,5.87493073085203
75,1159.0,random_sampling,symmetric,uniform,20,30.0,1159.0,True,0.1631578947368421,0.9999999999999998,7.055312843339752
76,1896.0,random_sampling,symmetric,uniform,20,30.0,1896.0,True,0.1631578947368421,1.0,7.547501682814967
77,448.0,random_sampling,symmetric,uniform,20,30.0,448.0,True,0.1631578947368421,1.0,6.104793232414985
78,388.0,random_sampling,symmetric,uniform,20,30.0,388.0,True,0.1631578947368421,1.0,5.961005339623274
79,1458.0,random_sampling,symmetric,uniform,20,30.0,1458.0,True,0.1631578947368421,1.0,7.284820912568604
80,301.0,random_sampling,symmetric,uniform,20,30.0,301.0,True,0.1631578947368421,1.0,5.707110264748875
81,1192.0,random_sampling,symmetric,uniform,20,30.0,1192.0,True,0.1631578947368421,0.9999999999999998,7.083387847625295
82,484.0,random_sampling,symmetric,uniform,20,30.0,484.0,True,0.1631578947368421,1.0,6.182084906716632
83,527.0,random_sampling,symmetric,uniform,20,30.0,527.0,True,0.15789473684210525,1.0000000000000002,6.267200548541362
84,791.0,random_sampling,symmetric,uniform,20,30.0,791.0,True,0.1631578947368421,0.9999999999999998,6.673297967767654
85,303.0,random_sampling,symmetric,uniform,20,30.0,303.0,True,0.1631578947368421,0.9999999999999998,5.713732805509369
86,238.0,random_sampling,symmetric,uniform,20,30.0,238.0,True,0.1631578947368421,0.9999999999999998,5.472270673671475
87,541.0,random_sampling,symmetric,uniform,20,30.0,541.0,True,0.1631578947368421,1.0,6.293419278846481
88,490.0,random_sampling,symmetric,uniform,20,30.0,490.0,True,0.1631578947368421,1.0,6.194405391104672
89,301.0,random_sampling,symmetric,uniform,20,30.0,301.0,True,0.1631578947368421,1.0000000000000002,5.707110264748875
90,405.0,random_sampling,symmetric,uniform,20,30.0,405.0,True,0.1631578947368421,1.0,6.003887067106539
91,1310.0,random_sampling,symmetric,uniform,20,30.0,1310.0,True,0.1631578947368421,0.9999999999999998,7.177782416195197
92,355.0,random_sampling,symmetric,uniform,20,30.0,355.0,True,0.1631578947368421,1.0000000000000002,5.872117789475416
93,539.0,random_sampling,symmetric,uniform,20,30.0,539.0,True,0.1631578947368421,1.0,6.289715570908998
94,964.0,random_sampling,symmetric,uniform,20,30.0,964.0,True,0.1631578947368421,1.0000000000000002,6.871091294610546
95,1388.0,random_sampling,symmetric,uniform,20,30.0,1388.0,True,0.1631578947368421,0.9999999999999998,7.23561914106675
96,469.0,random_sampling,symmetric,uniform,20,30.0,469.0,True,0.1631578947368421,1.0,6.150602768446279
97,1357.0,random_sampling,symmetric,uniform,20,30.0,1357.0,True,0.1631578947368421,1.0,7.213031659834869
98,876.0,random_sampling,symmetric,uniform,20,30.0,876.0,True,0.1631578947368421,1.0,6.775366090936392
99,746.0,random_sampling,symmetric,uniform,20,30.0,746.0,True,0.1631578947368421,1.0,6.61472560020376
0,31619.0,random_sampling,symmetric,uniform,30,70.0,31619.0,True,0.1632183908045977,0.9999999999999999,10.361513484709917
1,9218.0,random_sampling,symmetric,uniform,30,70.0,9218.0,True,0.16091954022988506,0.9999999999999998,9.128913373280454
2,3810.0,random_sampling,symmetric,uniform,30,70.0,3810.0,True,0.1632183908045977,0.9999999999999999,8.245384468120747
3,4013.0,random_sampling,symmetric,uniform,30,70.0,4013.0,True,0.1632183908045977,1.0,8.297294370266917
4,9294.0,random_sampling,symmetric,uniform,30,70.0,9294.0,True,0.1632183908045977,1.0,9.137124309644923
5,2000.0,random_sampling,symmetric,uniform,30,70.0,2000.0,True,0.1632183908045977,1.0,7.600902459542082
6,3803.0,random_sampling,symmetric,uniform,30,70.0,3803.0,True,0.1632183908045977,1.0,8.24354550792826
7,13248.0,random_sampling,symmetric,uniform,30,70.0,13248.0,True,0.1632183908045977,0.9999999999999998,9.49160187662504
8,2070.0,random_sampling,symmetric,uniform,30,70.0,2070.0,True,0.1632183908045977,1.0,7.635303886259415
9,6566.0,random_sampling,symmetric,uniform,30,70.0,6566.0,True,0.1632183908045977,1.0,8.789660098061537
10,1762.0,random_sampling,symmetric,uniform,30,70.0,1762.0,True,0.1632183908045977,1.0,7.474204806496124
11,13566.0,random_sampling,symmetric,uniform,30,70.0,13566.0,True,0.1632183908045977,1.0,9.515321941506025
12,1678.0,random_sampling,symmetric,uniform,30,70.0,1678.0,True,0.1632183908045977,1.0,7.425357887027151
13,6580.0,random_sampling,symmetric,uniform,30,70.0,6580.0,True,0.1632183908045977,1.0,8.791790024319363
14,12747.0,random_sampling,symmetric,uniform,30,70.0,12747.0,True,0.1632183908045977,1.0,9.453051228782922
15,17514.0,random_sampling,symmetric,uniform,30,70.0,17514.0,True,0.1632183908045977,1.0,9.77075584008217
16,2825.0,random_sampling,symmetric,uniform,30,70.0,2825.0,True,0.1632183908045977,1.0,7.946263643580541
17,1238.0,random_sampling,symmetric,uniform,30,70.0,1238.0,True,0.1632183908045977,0.9999999999999999,7.121252453244542
18,24329.0,random_sampling,symmetric,uniform,30,70.0,24329.0,True,0.1632183908045977,1.0000000000000002,10.099424333412122
19,2482.0,random_sampling,symmetric,uniform,30,70.0,2482.0,True,0.1632183908045977,1.0,7.8168199657645525
20,4131.0,random_sampling,symmetric,uniform,30,70.0,4131.0,True,0.1632183908045977,1.0,8.326274787396764
21,13832.0,random_sampling,symmetric,uniform,30,70.0,13832.0,True,0.1632183908045977,1.0000000000000002,9.534740027363126
22,23921.0,random_sampling,symmetric,uniform,30,70.0,23921.0,True,0.1632183908045977,1.0,10.082512013210788
23,3407.0,random_sampling,symmetric,uniform,30,70.0,3407.0,True,0.16091954022988506,1.0000000000000002,8.133587417660966
24,3529.0,random_sampling,symmetric,uniform,30,70.0,3529.0,True,0.1632183908045977,0.9999999999999999,8.16876982367527
25,5446.0,random_sampling,symmetric,uniform,30,70.0,5446.0,True,0.16091954022988506,1.0,8.602636673233706
26,4725.0,random_sampling,symmetric,uniform,30,70.0,4725.0,True,0.1632183908045977,1.0,8.460622839927844
27,13997.0,random_sampling,symmetric,uniform,30,70.0,13997.0,True,0.1632183908045977,1.0,9.546598299920646
28,3862.0,random_sampling,symmetric,uniform,30,70.0,3862.0,True,0.1632183908045977,1.0,8.258940462988459
29,5468.0,random_sampling,symmetric,uniform,30,70.0,5468.0,True,0.1632183908045977,1.0,8.60666819784384
30,3449.0,random_sampling,symmetric,uniform,30,70.0,3449.0,True,0.1632183908045977,1.0,8.145839612936841
31,8076.0,random_sampling,symmetric,uniform,30,70.0,8076.0,True,0.1632183908045977,1.0000000000000002,8.996651979432729
32,15080.0,random_sampling,symmetric,uniform,30,70.0,15080.0,True,0.1632183908045977,1.0000000000000002,9.621124641561947
33,4212.0,random_sampling,symmetric,uniform,30,70.0,4212.0,True,0.1632183908045977,1.0000000000000002,8.345692873253865
34,25523.0,random_sampling,symmetric,uniform,30,70.0,25523.0,True,0.1632183908045977,1.0,10.14733528540863
35,2454.0,random_sampling,symmetric,uniform,30,70.0,2454.0,True,0.16091954022988506,1.0000000000000002,7.805474625270857
36,18357.0,random_sampling,symmetric,uniform,30,70.0,18357.0,True,0.1632183908045977,0.9999999999999999,9.81776625213065
37,2931.0,random_sampling,symmetric,uniform,30,70.0,2931.0,True,0.1632183908045977,1.0000000000000002,7.983098940710892
38,18673.0,random_sampling,symmetric,uniform,30,70.0,18673.0,True,0.1632183908045977,0.9999999999999999,9.83483390921908
39,5564.0,random_sampling,symmetric,uniform,30,70.0,5564.0,True,0.1632183908045977,1.0,8.624072553043334
40,29355.0,random_sampling,symmetric,uniform,30,70.0,29355.0,True,0.16091954022988506,0.9999999999999999,10.287218168498287
41,21864.0,random_sampling,symmetric,uniform,30,70.0,21864.0,True,0.1632183908045977,0.9999999999999999,9.992596727607904
42,12519.0,random_sampling,symmetric,uniform,30,70.0,12519.0,True,0.1632183908045977,1.0,9.435002769259663
43,3910.0,random_sampling,symmetric,uniform,30,70.0,3910.0,True,0.1632183908045977,1.0,8.271292652979412
44,10987.0,random_sampling,symmetric,uniform,30,70.0,10987.0,True,0.1632183908045977,1.0,9.30446803470088
45,6756.0,random_sampling,symmetric,uniform,30,70.0,6756.0,True,0.16091954022988506,0.9999999999999999,8.81818627792769
46,5936.0,random_sampling,symmetric,uniform,30,70.0,5936.0,True,0.16091954022988506,1.0,8.688790784847216
47,3095.0,random_sampling,symmetric,uniform,30,70.0,3095.0,True,0.1632183908045977,1.0000000000000002,8.037543185118697
48,1949.0,random_sampling,symmetric,uniform,30,70.0,1949.0,True,0.1632183908045977,0.9999999999999998,7.575071699507561
49,5159.0,random_sampling,symmetric,uniform,30,70.0,5159.0,True,0.1632183908045977,1.0,8.54849804124465
50,17571.0,random_sampling,symmetric,uniform,30,70.0,17571.0,True,0.1632183908045977,1.0,9.774005094757891
51,5733.0,random_sampling,symmetric,uniform,30,70.0,5733.0,True,0.1632183908045977,1.0,8.653994232908383
52,1848.0,random_sampling,symmetric,uniform,30,70.0,1848.0,True,0.1632183908045977,1.0000000000000002,7.521859252201629
53,4060.0,random_sampling,symmetric,uniform,30,70.0,4060.0,True,0.1632183908045977,1.0,8.308938252595778
54,3027.0,random_sampling,symmetric,uniform,30,70.0,3027.0,True,0.1632183908045977,1.0,8.01532730902172
55,6505.0,random_sampling,symmetric,uniform,30,70.0,6505.0,True,0.1632183908045977,0.9999999999999999,8.780326390946605
56,14815.0,random_sampling,symmetric,uniform,30,70.0,14815.0,True,0.1632183908045977,1.0000000000000002,9.603395460007665
57,6254.0,random_sampling,symmetric,uniform,30,70.0,6254.0,True,0.1632183908045977,0.9999999999999999,8.740976538017787
58,7879.0,random_sampling,symmetric,uniform,30,70.0,7879.0,True,0.1632183908045977,1.0000000000000002,8.971956271245688
59,11845.0,random_sampling,symmetric,uniform,30,70.0,11845.0,True,0.16091954022988506,1.0,9.379661116592885
60,12819.0,random_sampling,symmetric,uniform,30,70.0,12819.0,True,0.1632183908045977,1.0,9.458683724312134
61,6419.0,random_sampling,symmetric,uniform,30,70.0,6419.0,True,0.1632183908045977,0.9999999999999999,8.767017621311778
62,5996.0,random_sampling,symmetric,uniform,30,70.0,5996.0,True,0.1632183908045977,1.0000000000000002,8.698847859222488
63,14325.0,random_sampling,symmetric,uniform,30,70.0,14325.0,True,0.1632183908045977,1.0000000000000002,9.56976154158294
64,2570.0,random_sampling,symmetric,uniform,30,70.0,2570.0,True,0.1632183908045977,1.0,7.851661177889265
65,3727.0,random_sampling,symmetric,uniform,30,70.0,3727.0,True,0.1632183908045977,1.0,8.223358899479258
66,2122.0,random_sampling,symmetric,uniform,30,70.0,2122.0,True,0.16091954022988506,1.0000000000000002,7.660114319173928
67,21408.0,random_sampling,symmetric,uniform,30,70.0,21408.0,True,0.1632183908045977,1.0,9.971519962927955
68,10733.0,random_sampling,symmetric,uniform,30,70.0,10733.0,True,0.1632183908045977,1.0000000000000002,9.281078386481525
69,9609.0,random_sampling,symmetric,uniform,30,70.0,9609.0,True,0.1632183908045977,1.0,9.170455438277267
70,2783.0,random_sampling,symmetric,uniform,30,70.0,2783.0,True,0.1632183908045977,1.0000000000000002,7.931284761525891
71,9723.0,random_sampling,symmetric,uniform,30,70.0,9723.0,True,0.1632183908045977,1.0,9.182249491809657
72,24339.0,random_sampling,symmetric,uniform,30,70.0,24339.0,True,0.1632183908045977,0.9999999999999999,10.099835281063175
73,14983.0,random_sampling,symmetric,uniform,30,70.0,14983.0,True,0.1632183908045977,1.0000000000000002,9.614671504043145
74,29269.0,random_sampling,symmetric,uniform,30,70.0,29269.0,True,0.1632183908045977,1.0,10.284284214428578
75,28194.0,random_sampling,symmetric,uniform,30,70.0,28194.0,True,0.1632183908045977,0.9999999999999998,10.246864468330871
76,5590.0,random_sampling,symmetric,uniform,30,70.0,5590.0,True,0.1632183908045977,1.0,8.628734566149145
77,2384.0,random_sampling,symmetric,uniform,30,70.0,2384.0,True,0.1632183908045977,0.9999999999999999,7.776535028185241
78,1473.0,random_sampling,symmetric,uniform,30,70.0,1473.0,True,0.1632183908045977,1.0,7.29505641646263
79,12082.0,random_sampling,symmetric,uniform,30,70.0,12082.0,True,0.1632183908045977,1.0,9.399472020698687
80,7452.0,random_sampling,symmetric,uniform,30,70.0,7452.0,True,0.1632183908045977,1.0000000000000002,8.916237731721479
81,14362.0,random_sampling,symmetric,uniform,30,70.0,14362.0,True,0.1632183908045977,1.0,9.572341108670264
82,5853.0,random_sampling,symmetric,uniform,30,70.0,5853.0,True,0.1632183908045977,1.0,8.67470962929122
83,2260.0,random_sampling,symmetric,uniform,30,70.0,2260.0,True,0.1632183908045977,1.0,7.723120092266331
84,9683.0,random_sampling,symmetric,uniform,30,70.0,9683.0,True,0.1632183908045977,0.9999999999999999,9.17812704961153
85,9780.0,random_sampling,symmetric,uniform,30,70.0,9780.0,True,0.1632183908045977,0.9999999999999998,9.188094763028863
86,7608.0,random_sampling,symmetric,uniform,30,70.0,7608.0,True,0.1632183908045977,1.0000000000000002,8.936955604225226
87,16093.0,random_sampling,symmetric,uniform,30,70.0,16093.0,True,0.1632183908045977,1.0,9.686139673818495
88,8774.0,random_sampling,symmetric,uniform,30,70.0,8774.0,True,0.1632183908045977,0.9999999999999998,9.07954808172616
89,5955.0,random_sampling,symmetric,uniform,30,70.0,5955.0,True,0.1632183908045977,1.0000000000000002,8.691986481789401
90,733.0,random_sampling,symmetric,uniform,30,70.0,733.0,True,0.1632183908045977,1.0,6.597145701886651
91,1447.0,random_sampling,symmetric,uniform,30,70.0,1447.0,True,0.1632183908045977,1.0,7.277247726631484
92,4775.0,random_sampling,symmetric,uniform,30,70.0,4775.0,True,0.1632183908045977,1.0000000000000002,8.471149252914831
93,5384.0,random_sampling,symmetric,uniform,30,70.0,5384.0,True,0.1632183908045977,1.0000000000000002,8.591186871324563
94,6664.0,random_sampling,symmetric,uniform,30,70.0,6664.0,True,0.1632183908045977,0.9999999999999999,8.804475183846678
95,18191.0,random_sampling,symmetric,uniform,30,70.0,18191.0,True,0.1632183908045977,1.0000000000000002,9.808682245262217
96,8066.0,random_sampling,symmetric,uniform,30,70.0,8066.0,True,0.1632183908045977,0.9999999999999998,8.995412975433313
97,2934.0,random_sampling,symmetric,uniform,30,70.0,2934.0,True,0.1632183908045977,1.0,7.984121958702927
98,15301.0,random_sampling,symmetric,uniform,30,70.0,15301.0,True,0.1632183908045977,1.0000000000000002,9.635673464721814
99,2793.0,random_sampling,symmetric,uniform,30,70.0,2793.0,True,0.16091954022988506,1.0,7.934871565945177
0,849.0,random_sampling,symmetric,uniform,20,80.0,849.0,True,0.39473684210526316,0.9999999999999998,6.744059186311348
1,392.0,random_sampling,symmetric,uniform,20,80.0,392.0,True,0.37894736842105264,1.0,5.971261839790462
2,1057.0,random_sampling,symmetric,uniform,20,80.0,1057.0,True,0.37894736842105264,1.0,6.963189985870238
3,1274.0,random_sampling,symmetric,uniform,20,80.0,1274.0,True,0.3894736842105263,1.0,7.149916836132109
4,264.0,random_sampling,symmetric,uniform,20,80.0,264.0,True,0.3736842105263158,1.0,5.575949103146316
5,1126.0,random_sampling,symmetric,uniform,20,80.0,1126.0,True,0.39473684210526316,1.0,7.026426808699636
6,296.0,random_sampling,symmetric,uniform,20,80.0,296.0,True,0.4,1.0000000000000004,5.69035945432406
7,606.0,random_sampling,symmetric,uniform,20,80.0,606.0,True,0.39473684210526316,1.0000000000000002,6.406879986069314
8,1021.0,random_sampling,symmetric,uniform,20,80.0,1021.0,True,0.3894736842105263,1.0000000000000004,6.928537818164665
9,203.0,random_sampling,symmetric,uniform,20,80.0,203.0,True,0.38421052631578945,1.0,5.313205979041787
10,2593.0,random_sampling,symmetric,uniform,20,80.0,2593.0,True,0.3894736842105263,1.0,7.860570785538664
11,217.0,random_sampling,symmetric,uniform,20,80.0,217.0,True,0.38421052631578945,0.9999999999999997,5.37989735354046
12,829.0,random_sampling,symmetric,uniform,20,80.0,829.0,True,0.38421052631578945,0.9999999999999998,6.720220155135295
13,381.0,random_sampling,symmetric,uniform,20,80.0,381.0,True,0.3894736842105263,0.9999999999999998,5.942799375126701
14,553.0,random_sampling,symmetric,uniform,20,80.0,553.0,True,0.39473684210526316,1.0,6.315358001522335
15,1417.0,random_sampling,symmetric,uniform,20,80.0,1417.0,True,0.38421052631578945,1.0,7.256297239690681
16,364.0,random_sampling,symmetric,uniform,20,80.0,364.0,True,0.3684210526315789,1.0000000000000002,5.8971538676367405
17,1229.0,random_sampling,symmetric,uniform,20,80.0,1229.0,True,0.3684210526315789,0.9999999999999998,7.113956109566034
18,655.0,random_sampling,symmetric,uniform,20,80.0,655.0,True,0.41578947368421054,1.0000000000000002,6.484635235635252
19,1174.0,random_sampling,symmetric,uniform,20,80.0,1174.0,True,0.37894736842105264,0.9999999999999998,7.068172000388042
20,183.0,random_sampling,symmetric,uniform,20,80.0,183.0,True,0.4,1.0,5.209486152841421
21,2521.0,random_sampling,symmetric,uniform,20,80.0,2521.0,True,0.3736842105263158,1.0000000000000002,7.83241092718792
22,1017.0,random_sampling,symmetric,uniform,20,80.0,1017.0,True,0.39473684210526316,0.9999999999999997,6.92461239604856
23,680.0,random_sampling,symmetric,uniform,20,80.0,680.0,True,0.3894736842105263,1.0000000000000002,6.522092798170152
24,852.0,random_sampling,symmetric,uniform,20,80.0,852.0,True,0.3894736842105263,0.9999999999999998,6.747586526829315
25,247.0,random_sampling,symmetric,uniform,20,80.0,247.0,True,0.3894736842105263,1.0,5.5093883366279774
26,210.0,random_sampling,symmetric,uniform,20,80.0,210.0,True,0.38421052631578945,1.0,5.3471075307174685
27,493.0,random_sampling,symmetric,uniform,20,80.0,493.0,True,0.3684210526315789,0.9999999999999998,6.20050917404269
28,245.0,random_sampling,symmetric,uniform,20,80.0,245.0,True,0.3894736842105263,1.0,5.501258210544727
29,1057.0,random_sampling,symmetric,uniform,20,80.0,1057.0,True,0.3894736842105263,1.0,6.963189985870238
30,598.0,random_sampling,symmetric,uniform,20,80.0,598.0,True,0.3894736842105263,0.9999999999999998,6.393590753950631
31,1390.0,random_sampling,symmetric,uniform,20,80.0,1390.0,True,0.37894736842105264,1.0,7.237059026124737
32,365.0,random_sampling,symmetric,uniform,20,80.0,365.0,True,0.37894736842105264,1.0000000000000002,5.8998973535824915
33,548.0,random_sampling,symmetric,uniform,20,80.0,548.0,True,0.38421052631578945,1.0000000000000002,6.306275286948016
34,223.0,random_sampling,symmetric,uniform,20,80.0,223.0,True,0.3684210526315789,0.9999999999999998,5.407171771460119
35,100.0,random_sampling,symmetric,uniform,20,80.0,100.0,True,0.39473684210526316,0.9999999999999997,4.605170185988092
36,953.0,random_sampling,symmetric,uniform,20,80.0,953.0,True,0.3894736842105263,1.0000000000000004,6.859614903654202
37,939.0,random_sampling,symmetric,uniform,20,80.0,939.0,True,0.39473684210526316,1.0000000000000002,6.844815479208263
38,1193.0,random_sampling,symmetric,uniform,20,80.0,1193.0,True,0.4,1.0,7.084226422097916
39,526.0,random_sampling,symmetric,uniform,20,80.0,526.0,True,0.4105263157894737,1.0,6.26530121273771
40,1246.0,random_sampling,symmetric,uniform,20,80.0,1246.0,True,0.3736842105263158,1.0,7.1276936993473985
41,455.0,random_sampling,symmetric,uniform,20,80.0,455.0,True,0.38421052631578945,1.0000000000000004,6.12029741895095
42,1457.0,random_sampling,symmetric,uniform,20,80.0,1457.0,True,0.4,1.0000000000000002,7.284134806195205
43,545.0,random_sampling,symmetric,uniform,20,80.0,545.0,True,0.37894736842105264,1.0,6.300785794663244
44,803.0,random_sampling,symmetric,uniform,20,80.0,803.0,True,0.37894736842105264,1.0,6.688354713946762
45,319.0,random_sampling,symmetric,uniform,20,80.0,319.0,True,0.38421052631578945,1.0,5.765191102784844
46,2803.0,random_sampling,symmetric,uniform,20,80.0,2803.0,True,0.3894736842105263,1.0000000000000002,7.938445551164788
47,3524.0,random_sampling,symmetric,uniform,20,80.0,3524.0,True,0.4052631578947368,1.0,8.16735198705607
48,567.0,random_sampling,symmetric,uniform,20,80.0,567.0,True,0.3631578947368421,0.9999999999999998,6.340359303727752
49,649.0,random_sampling,symmetric,uniform,20,80.0,649.0,True,0.4052631578947368,1.0000000000000002,6.47543271670409
50,283.0,random_sampling,symmetric,uniform,20,80.0,283.0,True,0.38421052631578945,0.9999999999999998,5.645446897643238
51,508.0,random_sampling,symmetric,uniform,20,80.0,508.0,True,0.4,1.0000000000000002,6.230481447578482
52,287.0,random_sampling,symmetric,uniform,20,80.0,287.0,True,0.3736842105263158,0.9999999999999998,5.659482215759621
53,453.0,random_sampling,symmetric,uniform,20,80.0,453.0,True,0.39473684210526316,1.0,6.115892125483034
54,1184.0,random_sampling,symmetric,uniform,20,80.0,1184.0,True,0.39473684210526316,1.0000000000000002,7.076653815443951
55,424.0,random_sampling,symmetric,uniform,20,80.0,424.0,True,0.38421052631578945,1.0,6.049733455231958
56,2009.0,random_sampling,symmetric,uniform,20,80.0,2009.0,True,0.3736842105263158,1.0,7.605392364814935
57,1174.0,random_sampling,symmetric,uniform,20,80.0,1174.0,True,0.39473684210526316,1.0,7.068172000388042
58,243.0,random_sampling,symmetric,uniform,20,80.0,243.0,True,0.3894736842105263,1.0,5.493061443340548
59,500.0,random_sampling,symmetric,uniform,20,80.0,500.0,True,0.37894736842105264,0.9999999999999998,6.214608098422191
60,1718.0,random_sampling,symmetric,uniform,20,80.0,1718.0,True,0.3736842105263158,0.9999999999999998,7.4489161025442
61,652.0,random_sampling,symmetric,uniform,20,80.0,652.0,True,0.39473684210526316,1.0,6.480044561926653
62,954.0,random_sampling,symmetric,uniform,20,80.0,954.0,True,0.3894736842105263,1.0,6.860663671448287
63,478.0,random_sampling,symmetric,uniform,20,80.0,478.0,True,0.3684210526315789,1.0,6.169610732491456
64,1061.0,random_sampling,symmetric,uniform,20,80.0,1061.0,True,0.38421052631578945,0.9999999999999998,6.966967138613983
65,367.0,random_sampling,symmetric,uniform,20,80.0,367.0,True,0.4,1.0,5.905361848054571
66,450.0,random_sampling,symmetric,uniform,20,80.0,450.0,True,0.3684210526315789,1.0,6.1092475827643655
67,408.0,random_sampling,symmetric,uniform,20,80.0,408.0,True,0.38421052631578945,1.0,6.0112671744041615
68,324.0,random_sampling,symmetric,uniform,20,80.0,324.0,True,0.3684210526315789,0.9999999999999998,5.780743515792329
69,419.0,random_sampling,symmetric,uniform,20,80.0,419.0,True,0.38421052631578945,1.0000000000000002,6.037870919922137
70,297.0,random_sampling,symmetric,uniform,20,80.0,297.0,True,0.37894736842105264,1.0,5.6937321388027
71,851.0,random_sampling,symmetric,uniform,20,80.0,851.0,True,0.37894736842105264,1.0,6.7464121285733745
72,1554.0,random_sampling,symmetric,uniform,20,80.0,1554.0,True,0.3684210526315789,1.0,7.348587530927593
73,539.0,random_sampling,symmetric,uniform,20,80.0,539.0,True,0.38421052631578945,1.0000000000000002,6.289715570908998
74,503.0,random_sampling,symmetric,uniform,20,80.0,503.0,True,0.38421052631578945,1.0000000000000002,6.220590170099739
75,361.0,random_sampling,symmetric,uniform,20,80.0,361.0,True,0.3894736842105263,0.9999999999999998,5.8888779583328805
76,199.0,random_sampling,symmetric,uniform,20,80.0,199.0,True,0.37894736842105264,1.0,5.293304824724492
77,275.0,random_sampling,symmetric,uniform,20,80.0,275.0,True,0.3894736842105263,1.0,5.616771097666572
78,86.0,random_sampling,symmetric,uniform,20,80.0,86.0,True,0.38421052631578945,0.9999999999999998,4.454347296253507
79,175.0,random_sampling,symmetric,uniform,20,80.0,175.0,True,0.3684210526315789,1.0,5.1647859739235145
80,296.0,random_sampling,symmetric,uniform,20,80.0,296.0,True,0.3894736842105263,1.0,5.69035945432406
81,352.0,random_sampling,symmetric,uniform,20,80.0,352.0,True,0.4,1.0,5.863631175598097
82,512.0,random_sampling,symmetric,uniform,20,80.0,512.0,True,0.37894736842105264,0.9999999999999998,6.238324625039508
83,172.0,random_sampling,symmetric,uniform,20,80.0,172.0,True,0.3736842105263158,1.0000000000000002,5.147494476813453
84,1810.0,random_sampling,symmetric,uniform,20,80.0,1810.0,True,0.3894736842105263,0.9999999999999998,7.501082124259871
85,240.0,random_sampling,symmetric,uniform,20,80.0,240.0,True,0.39473684210526316,1.0000000000000002,5.480638923341991
86,314.0,random_sampling,symmetric,uniform,20,80.0,314.0,True,0.3736842105263158,1.0,5.749392985908253
87,824.0,random_sampling,symmetric,uniform,20,80.0,824.0,True,0.3736842105263158,1.0,6.714170529909472
88,1369.0,random_sampling,symmetric,uniform,20,80.0,1369.0,True,0.3894736842105263,1.0,7.221835825288449
89,603.0,random_sampling,symmetric,uniform,20,80.0,603.0,True,0.3894736842105263,1.0,6.401917196727186
90,961.0,random_sampling,symmetric,uniform,20,80.0,961.0,True,0.37894736842105264,1.0,6.8679744089702925
91,174.0,random_sampling,symmetric,uniform,20,80.0,174.0,True,0.3736842105263158,0.9999999999999998,5.159055299214529
92,152.0,random_sampling,symmetric,uniform,20,80.0,152.0,True,0.37894736842105264,1.0,5.0238805208462765
93,563.0,random_sampling,symmetric,uniform,20,80.0,563.0,True,0.37894736842105264,1.0,6.333279628139691
94,360.0,random_sampling,symmetric,uniform,20,80.0,360.0,True,0.3894736842105263,0.9999999999999998,5.886104031450156
95,217.0,random_sampling,symmetric,uniform,20,80.0,217.0,True,0.3894736842105263,1.0000000000000002,5.37989735354046
96,438.0,random_sampling,symmetric,uniform,20,80.0,438.0,True,0.3894736842105263,1.0000000000000002,6.082218910376446
97,203.0,random_sampling,symmetric,uniform,20,80.0,203.0,True,0.37894736842105264,0.9999999999999998,5.313205979041787
98,440.0,random_sampling,symmetric,uniform,20,80.0,440.0,True,0.38421052631578945,0.9999999999999998,6.0867747269123065
99,978.0,random_sampling,symmetric,uniform,20,80.0,978.0,True,0.38421052631578945,1.0,6.885509670034818
0,598.0,random_sampling,symmetric,uniform,20,15.0,598.0,True,0.08421052631578947,1.0,6.393590753950631
1,102.0,random_sampling,symmetric,uniform,20,15.0,102.0,True,0.08421052631578947,1.0,4.624972813284271
2,97.0,random_sampling,symmetric,uniform,20,15.0,97.0,True,0.08421052631578947,1.0,4.574710978503383
3,193.0,random_sampling,symmetric,uniform,20,15.0,193.0,True,0.08421052631578947,1.0,5.262690188904886
4,377.0,random_sampling,symmetric,uniform,20,15.0,377.0,True,0.08421052631578947,1.0,5.932245187448011
5,1592.0,random_sampling,symmetric,uniform,20,15.0,1592.0,True,0.08421052631578947,1.0,7.3727463664043285
6,224.0,random_sampling,symmetric,uniform,20,15.0,224.0,True,0.08421052631578947,1.0,5.4116460518550396
7,376.0,random_sampling,symmetric,uniform,20,15.0,376.0,True,0.08421052631578947,1.0,5.929589143389895
8,599.0,random_sampling,symmetric,uniform,20,15.0,599.0,True,0.08421052631578947,1.0,6.395261598115449
9,107.0,random_sampling,symmetric,uniform,20,15.0,107.0,True,0.08421052631578947,1.0,4.672828834461906
10,925.0,random_sampling,symmetric,uniform,20,15.0,925.0,True,0.08421052631578947,1.0,6.829793737512425
11,456.0,random_sampling,symmetric,uniform,20,15.0,456.0,True,0.08421052631578947,1.0,6.1224928095143865
12,193.0,random_sampling,symmetric,uniform,20,15.0,193.0,True,0.08421052631578947,1.0,5.262690188904886
13,297.0,random_sampling,symmetric,uniform,20,15.0,297.0,True,0.08421052631578947,1.0,5.6937321388027
14,262.0,random_sampling,symmetric,uniform,20,15.0,262.0,True,0.08421052631578947,1.0,5.568344503761097
15,50.0,random_sampling,symmetric,uniform,20,15.0,50.0,True,0.08421052631578947,1.0,3.912023005428146
16,491.0,random_sampling,symmetric,uniform,20,15.0,491.0,True,0.08421052631578947,1.0,6.19644412779452
17,465.0,random_sampling,symmetric,uniform,20,15.0,465.0,True,0.08421052631578947,1.0,6.142037405587356
18,242.0,random_sampling,symmetric,uniform,20,15.0,242.0,True,0.08421052631578947,1.0000000000000002,5.488937726156687
19,506.0,random_sampling,symmetric,uniform,20,15.0,506.0,True,0.08421052631578947,1.0,6.226536669287466
20,992.0,random_sampling,symmetric,uniform,20,15.0,992.0,True,0.08421052631578947,1.0,6.899723107284872
21,264.0,random_sampling,symmetric,uniform,20,15.0,264.0,True,0.08421052631578947,1.0,5.575949103146316
22,126.0,random_sampling,symmetric,uniform,20,15.0,126.0,True,0.08421052631578947,1.0,4.836281906951478
23,263.0,random_sampling,symmetric,uniform,20,15.0,263.0,True,0.08421052631578947,1.0,5.572154032177765
24,705.0,random_sampling,symmetric,uniform,20,15.0,705.0,True,0.08421052631578947,1.0,6.558197802812269
25,117.0,random_sampling,symmetric,uniform,20,15.0,117.0,True,0.08421052631578947,1.0,4.762173934797756
26,423.0,random_sampling,symmetric,uniform,20,15.0,423.0,True,0.08421052631578947,1.0,6.0473721790462776
27,599.0,random_sampling,symmetric,uniform,20,15.0,599.0,True,0.08421052631578947,1.0,6.395261598115449
28,361.0,random_sampling,symmetric,uniform,20,15.0,361.0,True,0.08421052631578947,1.0,5.8888779583328805
29,407.0,random_sampling,symmetric,uniform,20,15.0,407.0,True,0.08421052631578947,1.0,6.008813185442595
30,251.0,random_sampling,symmetric,uniform,20,15.0,251.0,True,0.08421052631578947,0.9999999999999998,5.5254529391317835
31,496.0,random_sampling,symmetric,uniform,20,15.0,496.0,True,0.08421052631578947,1.0,6.206575926724928
32,748.0,random_sampling,symmetric,uniform,20,15.0,748.0,True,0.08421052631578947,1.0,6.617402977974478
33,647.0,random_sampling,symmetric,uniform,20,15.0,647.0,True,0.08421052631578947,1.0,6.472346294500901
34,480.0,random_sampling,symmetric,uniform,20,15.0,480.0,True,0.08421052631578947,1.0,6.173786103901937
35,983.0,random_sampling,symmetric,uniform,20,15.0,983.0,True,0.08421052631578947,1.0,6.890609120147166
36,387.0,random_sampling,symmetric,uniform,20,15.0,387.0,True,0.08421052631578947,1.0,5.958424693029782
37,684.0,random_sampling,symmetric,uniform,20,15.0,684.0,True,0.08421052631578947,1.0000000000000002,6.52795791762255
38,764.0,random_sampling,symmetric,uniform,20,15.0,764.0,True,0.08421052631578947,1.0,6.638567789166521
39,480.0,random_sampling,symmetric,uniform,20,15.0,480.0,True,0.08421052631578947,1.0,6.173786103901937
40,58.0,random_sampling,symmetric,uniform,20,15.0,58.0,True,0.08421052631578947,1.0,4.060443010546419
41,527.0,random_sampling,symmetric,uniform,20,15.0,527.0,True,0.08421052631578947,1.0,6.267200548541362
42,247.0,random_sampling,symmetric,uniform,20,15.0,247.0,True,0.08421052631578947,1.0,5.5093883366279774
43,403.0,random_sampling,symmetric,uniform,20,15.0,403.0,True,0.08421052631578947,1.0,5.998936561946683
44,156.0,random_sampling,symmetric,uniform,20,15.0,156.0,True,0.08421052631578947,1.0,5.049856007249537
45,115.0,random_sampling,symmetric,uniform,20,15.0,115.0,True,0.08421052631578947,1.0,4.74493212836325
46,542.0,random_sampling,symmetric,uniform,20,15.0,542.0,True,0.08421052631578947,0.9999999999999998,6.295266001439646
47,120.0,random_sampling,symmetric,uniform,20,15.0,120.0,True,0.08421052631578947,1.0,4.787491742782046
48,58.0,random_sampling,symmetric,uniform,20,15.0,58.0,True,0.08421052631578947,1.0,4.060443010546419
49,846.0,random_sampling,symmetric,uniform,20,15.0,846.0,True,0.08421052631578947,1.0,6.740519359606223
50,423.0,random_sampling,symmetric,uniform,20,15.0,423.0,True,0.08421052631578947,,6.0473721790462776
51,90.0,random_sampling,symmetric,uniform,20,15.0,90.0,True,0.08421052631578947,1.0,4.499809670330265
52,744.0,random_sampling,symmetric,uniform,20,15.0,744.0,True,0.08421052631578947,1.0,6.612041034833092
53,151.0,random_sampling,symmetric,uniform,20,15.0,151.0,True,0.08421052631578947,1.0,5.017279836814924
54,401.0,random_sampling,symmetric,uniform,20,15.0,401.0,True,0.08421052631578947,1.0,5.993961427306569
55,780.0,random_sampling,symmetric,uniform,20,15.0,780.0,True,0.08421052631578947,1.0,6.659293919683638
56,870.0,random_sampling,symmetric,uniform,20,15.0,870.0,True,0.08421052631578947,1.0,6.76849321164863
57,962.0,random_sampling,symmetric,uniform,20,15.0,962.0,True,0.08421052631578947,1.0,6.8690144506657065
58,364.0,random_sampling,symmetric,uniform,20,15.0,364.0,True,0.08421052631578947,1.0,5.8971538676367405
59,427.0,random_sampling,symmetric,uniform,20,15.0,427.0,True,0.08421052631578947,1.0,6.056784013228625
60,265.0,random_sampling,symmetric,uniform,20,15.0,265.0,True,0.08421052631578947,1.0,5.579729825986222
61,184.0,random_sampling,symmetric,uniform,20,15.0,184.0,True,0.08421052631578947,1.0,5.214935757608986
62,419.0,random_sampling,symmetric,uniform,20,15.0,419.0,True,0.08421052631578947,1.0,6.037870919922137
63,399.0,random_sampling,symmetric,uniform,20,15.0,399.0,True,0.08421052631578947,1.0,5.988961416889864
64,1570.0,random_sampling,symmetric,uniform,20,15.0,1570.0,True,0.08421052631578947,1.0,7.358830898342354
65,427.0,random_sampling,symmetric,uniform,20,15.0,427.0,True,0.08421052631578947,1.0,6.056784013228625
66,848.0,random_sampling,symmetric,uniform,20,15.0,848.0,True,0.08421052631578947,1.0,6.742880635791903
67,180.0,random_sampling,symmetric,uniform,20,15.0,180.0,True,0.08421052631578947,1.0,5.19295685089021
68,1657.0,random_sampling,symmetric,uniform,20,15.0,1657.0,True,0.08421052631578947,1.0,7.4127640174265625
69,2260.0,random_sampling,symmetric,uniform,20,15.0,2260.0,True,0.08421052631578947,1.0,7.723120092266331
70,1253.0,random_sampling,symmetric,uniform,20,15.0,1253.0,True,0.08421052631578947,0.9999999999999998,7.133295954896068
71,49.0,random_sampling,symmetric,uniform,20,15.0,49.0,True,0.08421052631578947,1.0,3.8918202981106265
72,352.0,random_sampling,symmetric,uniform,20,15.0,352.0,True,0.08421052631578947,0.9999999999999998,5.863631175598097
73,800.0,random_sampling,symmetric,uniform,20,15.0,800.0,True,0.08421052631578947,1.0,6.684611727667927
74,181.0,random_sampling,symmetric,uniform,20,15.0,181.0,True,0.08421052631578947,1.0,5.198497031265826
75,230.0,random_sampling,symmetric,uniform,20,15.0,230.0,True,0.08421052631578947,1.0,5.438079308923196
76,1617.0,random_sampling,symmetric,uniform,20,15.0,1617.0,True,0.08421052631578947,0.9999999999999998,7.388327859577107
77,226.0,random_sampling,symmetric,uniform,20,15.0,226.0,True,0.08421052631578947,0.9999999999999998,5.420534999272286
78,480.0,random_sampling,symmetric,uniform,20,15.0,480.0,True,0.08421052631578947,1.0,6.173786103901937
79,107.0,random_sampling,symmetric,uniform,20,15.0,107.0,True,0.08421052631578947,1.0,4.672828834461906
80,399.0,random_sampling,symmetric,uniform,20,15.0,399.0,True,0.08421052631578947,1.0,5.988961416889864
81,537.0,random_sampling,symmetric,uniform,20,15.0,537.0,True,0.08421052631578947,1.0,6.285998094508865
82,412.0,random_sampling,symmetric,uniform,20,15.0,412.0,True,0.08421052631578947,0.9999999999999998,6.021023349349527
83,108.0,random_sampling,symmetric,uniform,20,15.0,108.0,True,0.08421052631578947,1.0,4.68213122712422
84,485.0,random_sampling,symmetric,uniform,20,15.0,485.0,True,0.08421052631578947,1.0,6.184148890937483
85,437.0,random_sampling,symmetric,uniform,20,15.0,437.0,True,0.08421052631578947,1.0,6.07993319509559
86,234.0,random_sampling,symmetric,uniform,20,15.0,234.0,True,0.08421052631578947,1.0000000000000002,5.455321115357702
87,1007.0,random_sampling,symmetric,uniform,20,15.0,1007.0,True,0.08421052631578947,1.0,6.914730892718563
88,764.0,random_sampling,symmetric,uniform,20,15.0,764.0,True,0.08421052631578947,1.0,6.638567789166521
89,526.0,random_sampling,symmetric,uniform,20,15.0,526.0,True,0.08421052631578947,1.0,6.26530121273771
90,268.0,random_sampling,symmetric,uniform,20,15.0,268.0,True,0.08421052631578947,1.0,5.5909869805108565
91,255.0,random_sampling,symmetric,uniform,20,15.0,255.0,True,0.08421052631578947,1.0,5.541263545158426
92,923.0,random_sampling,symmetric,uniform,20,15.0,923.0,True,0.08421052631578947,1.0,6.827629234502852
93,434.0,random_sampling,symmetric,uniform,20,15.0,434.0,True,0.08421052631578947,1.0,6.073044534100405
94,181.0,random_sampling,symmetric,uniform,20,15.0,181.0,True,0.08421052631578947,1.0,5.198497031265826
95,284.0,random_sampling,symmetric,uniform,20,15.0,284.0,True,0.08421052631578947,1.0,5.648974238161206
96,210.0,random_sampling,symmetric,uniform,20,15.0,210.0,True,0.08421052631578947,1.0,5.3471075307174685
97,441.0,random_sampling,symmetric,uniform,20,15.0,441.0,True,0.08421052631578947,1.0,6.089044875446846
98,159.0,random_sampling,symmetric,uniform,20,15.0,159.0,True,0.08421052631578947,1.0,5.0689042022202315
99,425.0,random_sampling,symmetric,uniform,20,15.0,425.0,True,0.08421052631578947,1.0,6.052089168924417
0,6923.0,random_sampling,symmetric,uniform,30,35.0,6923.0,True,0.08275862068965517,1.0,8.842604480678025
1,1983.0,random_sampling,symmetric,uniform,30,35.0,1983.0,True,0.08275862068965517,0.9999999999999999,7.592366128519796
2,957.0,random_sampling,symmetric,uniform,30,35.0,957.0,True,0.08275862068965517,1.0,6.863803391452954
3,15484.0,random_sampling,symmetric,uniform,30,35.0,15484.0,True,0.08275862068965517,1.0000000000000002,9.647562511697538
4,6850.0,random_sampling,symmetric,uniform,30,35.0,6850.0,True,0.08275862068965517,1.0,8.83200393125627
5,15007.0,random_sampling,symmetric,uniform,30,35.0,15007.0,True,0.08275862068965517,1.0,9.616272037895989
6,3314.0,random_sampling,symmetric,uniform,30,35.0,3314.0,True,0.08275862068965517,1.0,8.105911197986508
7,3894.0,random_sampling,symmetric,uniform,30,35.0,3894.0,True,0.08275862068965517,1.0000000000000002,8.267192185932146
8,29395.0,random_sampling,symmetric,uniform,30,35.0,29395.0,True,0.08275862068965517,0.9999999999999999,10.288579870836355
9,9980.0,random_sampling,symmetric,uniform,30,35.0,9980.0,True,0.08275862068965517,0.9999999999999999,9.20833836930551
10,3512.0,random_sampling,symmetric,uniform,30,35.0,3512.0,True,0.08275862068965517,1.0,8.163940954755008
11,858.0,random_sampling,symmetric,uniform,30,35.0,858.0,True,0.08275862068965517,1.0,6.754604099487962
12,13883.0,random_sampling,symmetric,uniform,30,35.0,13883.0,True,0.08275862068965517,0.9999999999999999,9.538420349034803
13,3644.0,random_sampling,symmetric,uniform,30,35.0,3644.0,True,0.08275862068965517,1.0,8.200837258379849
14,5849.0,random_sampling,symmetric,uniform,30,35.0,5849.0,True,0.08275862068965517,1.0,8.674025985443025
15,4834.0,random_sampling,symmetric,uniform,30,35.0,4834.0,True,0.08275862068965517,1.0,8.483429561263428
16,4965.0,random_sampling,symmetric,uniform,30,35.0,4965.0,True,0.08275862068965517,0.9999999999999999,8.510168576479273
17,3109.0,random_sampling,symmetric,uniform,30,35.0,3109.0,True,0.08275862068965517,0.9999999999999999,8.042056410058754
18,5294.0,random_sampling,symmetric,uniform,30,35.0,5294.0,True,0.08275862068965517,1.0,8.574329382787047
19,8390.0,random_sampling,symmetric,uniform,30,35.0,8390.0,True,0.08275862068965517,1.0000000000000002,9.034795799461252
20,8422.0,random_sampling,symmetric,uniform,30,35.0,8422.0,True,0.08275862068965517,1.0,9.038602608721874
21,7251.0,random_sampling,symmetric,uniform,30,35.0,7251.0,True,0.08275862068965517,1.0,8.888894669371593
22,6045.0,random_sampling,symmetric,uniform,30,35.0,6045.0,True,0.08275862068965517,1.0,8.706986763048892
23,3117.0,random_sampling,symmetric,uniform,30,35.0,3117.0,True,0.08275862068965517,1.0000000000000002,8.044626279767337
24,2901.0,random_sampling,symmetric,uniform,30,35.0,2901.0,True,0.08275862068965517,0.9999999999999999,7.972810784121404
25,7643.0,random_sampling,symmetric,uniform,30,35.0,7643.0,True,0.08275862068965517,1.0,8.941545475242885
26,5535.0,random_sampling,symmetric,uniform,30,35.0,5535.0,True,0.08275862068965517,1.0,8.618846845142738
27,1128.0,random_sampling,symmetric,uniform,30,35.0,1128.0,True,0.08275862068965517,1.0,7.028201432058005
28,3571.0,random_sampling,symmetric,uniform,30,35.0,3571.0,True,0.08275862068965517,1.0,8.18060094759445
29,5120.0,random_sampling,symmetric,uniform,30,35.0,5120.0,True,0.08275862068965517,1.0,8.540909718033554
30,3820.0,random_sampling,symmetric,uniform,30,35.0,3820.0,True,0.08275862068965517,1.0,8.24800570160062
31,5095.0,random_sampling,symmetric,uniform,30,35.0,5095.0,True,0.08275862068965517,1.0,8.536014945656826
32,3264.0,random_sampling,symmetric,uniform,30,35.0,3264.0,True,0.08275862068965517,0.9999999999999999,8.090708716083997
33,2801.0,random_sampling,symmetric,uniform,30,35.0,2801.0,True,0.08275862068965517,1.0,7.937731775260109
34,8632.0,random_sampling,symmetric,uniform,30,35.0,8632.0,True,0.08275862068965517,0.9999999999999998,9.06323150693797
35,15423.0,random_sampling,symmetric,uniform,30,35.0,15423.0,True,0.08275862068965517,1.0,9.643615180723614
36,23980.0,random_sampling,symmetric,uniform,30,35.0,23980.0,True,0.08275862068965517,0.9999999999999999,10.084975428581505
37,3486.0,random_sampling,symmetric,uniform,30,35.0,3486.0,True,0.08275862068965517,1.0000000000000002,8.156510226079966
38,7566.0,random_sampling,symmetric,uniform,30,35.0,7566.0,True,0.08275862068965517,1.0,8.931419805192975
39,2439.0,random_sampling,symmetric,uniform,30,35.0,2439.0,True,0.08275862068965517,1.0,7.79934339821592
40,6565.0,random_sampling,symmetric,uniform,30,35.0,6565.0,True,0.08275862068965517,1.0000000000000002,8.789507786736896
41,10268.0,random_sampling,symmetric,uniform,30,35.0,10268.0,True,0.08275862068965517,1.0,9.236787541991031
42,25881.0,random_sampling,symmetric,uniform,30,35.0,25881.0,True,0.08275862068965517,0.9999999999999999,10.161264387744689
43,1769.0,random_sampling,symmetric,uniform,30,35.0,1769.0,True,0.08275862068965517,1.0,7.478169694159785
44,5085.0,random_sampling,symmetric,uniform,30,35.0,5085.0,True,0.08275862068965517,0.9999999999999999,8.53405030848266
45,5784.0,random_sampling,symmetric,uniform,30,35.0,5784.0,True,0.08275862068965517,0.9999999999999998,8.6628507638386
46,1992.0,random_sampling,symmetric,uniform,30,35.0,1992.0,True,0.08275862068965517,1.0000000000000002,7.596894438144544
47,7901.0,random_sampling,symmetric,uniform,30,35.0,7901.0,True,0.08275862068965517,1.0,8.974744612722734
48,5350.0,random_sampling,symmetric,uniform,30,35.0,5350.0,True,0.08275862068965517,0.9999999999999999,8.584851839890053
49,3126.0,random_sampling,symmetric,uniform,30,35.0,3126.0,True,0.08275862068965517,1.0,8.047509510981422
50,5036.0,random_sampling,symmetric,uniform,30,35.0,5036.0,True,0.08275862068965517,1.0,8.524367395164237
51,7901.0,random_sampling,symmetric,uniform,30,35.0,7901.0,True,0.08275862068965517,1.0,8.974744612722734
52,28225.0,random_sampling,symmetric,uniform,30,35.0,28225.0,True,0.08275862068965517,1.0000000000000002,10.247963389017864
53,8247.0,random_sampling,symmetric,uniform,30,35.0,8247.0,True,0.08275862068965517,1.0000000000000002,9.017604776833355
54,3053.0,random_sampling,symmetric,uniform,30,35.0,3053.0,True,0.08275862068965517,1.0000000000000002,8.023879992734878
55,3136.0,random_sampling,symmetric,uniform,30,35.0,3136.0,True,0.08275862068965517,1.0,8.0507033814703
56,2184.0,random_sampling,symmetric,uniform,30,35.0,2184.0,True,0.08275862068965517,1.0,7.688913336864796
57,25129.0,random_sampling,symmetric,uniform,30,35.0,25129.0,True,0.08275862068965517,0.9999999999999999,10.131777836669867
58,1861.0,random_sampling,symmetric,uniform,30,35.0,1861.0,True,0.08275862068965517,1.0,7.528869256642251
59,1575.0,random_sampling,symmetric,uniform,30,35.0,1575.0,True,0.08275862068965517,1.0,7.362010551259734
60,3588.0,random_sampling,symmetric,uniform,30,35.0,3588.0,True,0.08275862068965517,0.9999999999999999,8.185350223178686
61,15802.0,random_sampling,symmetric,uniform,30,35.0,15802.0,True,0.08275862068965517,1.0000000000000002,9.667891793282678
62,2940.0,random_sampling,symmetric,uniform,30,35.0,2940.0,True,0.08275862068965517,1.0,7.986164860332727
63,8044.0,random_sampling,symmetric,uniform,30,35.0,8044.0,True,0.08275862068965517,0.9999999999999999,8.992681750892542
64,32662.0,random_sampling,symmetric,uniform,30,35.0,32662.0,True,0.08275862068965517,1.0,10.393967601636689
65,1797.0,random_sampling,symmetric,uniform,30,35.0,1797.0,True,0.08275862068965517,0.9999999999999999,7.493873886783559
66,15960.0,random_sampling,symmetric,uniform,30,35.0,15960.0,True,0.08275862068965517,1.0000000000000002,9.6778408710038
67,4943.0,random_sampling,symmetric,uniform,30,35.0,4943.0,True,0.08275862068965517,1.0,8.505727713306959
68,5198.0,random_sampling,symmetric,uniform,30,35.0,5198.0,True,0.08275862068965517,1.0000000000000002,8.556029215201436
69,1916.0,random_sampling,symmetric,uniform,30,35.0,1916.0,True,0.08275862068965517,1.0,7.557994958530806
70,1864.0,random_sampling,symmetric,uniform,30,35.0,1864.0,True,0.08275862068965517,1.0,7.530479995245536
71,616.0,random_sampling,symmetric,uniform,30,35.0,616.0,True,0.08275862068965517,1.0,6.423246963533519
72,3251.0,random_sampling,symmetric,uniform,30,35.0,3251.0,True,0.08275862068965517,1.0,8.086717920303906
73,14978.0,random_sampling,symmetric,uniform,30,35.0,14978.0,True,0.08275862068965517,0.9999999999999999,9.614337736809313
74,3731.0,random_sampling,symmetric,uniform,30,35.0,3731.0,True,0.08275862068965517,1.0,8.224431573221159
75,17095.0,random_sampling,symmetric,uniform,30,35.0,17095.0,True,0.08275862068965517,1.0000000000000002,9.746541302073402
76,5478.0,random_sampling,symmetric,uniform,30,35.0,5478.0,True,0.08275862068965517,1.0,8.608495349823023
77,1587.0,random_sampling,symmetric,uniform,30,35.0,1587.0,True,0.08275862068965517,1.0,7.369600720526409
78,2888.0,random_sampling,symmetric,uniform,30,35.0,2888.0,True,0.08275862068965517,1.0,7.968319500012717
79,3460.0,random_sampling,symmetric,uniform,30,35.0,3460.0,True,0.08275862068965517,1.0,8.14902386805177
80,30286.0,random_sampling,symmetric,uniform,30,35.0,30286.0,True,0.08275862068965517,0.9999999999999999,10.3184408385166
81,1925.0,random_sampling,symmetric,uniform,30,35.0,1925.0,True,0.08275862068965517,1.0,7.562681246721884
82,4019.0,random_sampling,symmetric,uniform,30,35.0,4019.0,True,0.08275862068965517,1.0,8.2987883944492
83,7456.0,random_sampling,symmetric,uniform,30,35.0,7456.0,True,0.08275862068965517,1.0000000000000002,8.916774356365426
84,2438.0,random_sampling,symmetric,uniform,30,35.0,2438.0,True,0.08275862068965517,1.0,7.798933310041217
85,165187.0,random_sampling,symmetric,uniform,30,35.0,165187.0,True,0.08275862068965517,1.0000000000000002,12.01483344447865
86,3864.0,random_sampling,symmetric,uniform,30,35.0,3864.0,True,0.08275862068965517,1.0,8.259458195332408
87,14706.0,random_sampling,symmetric,uniform,30,35.0,14706.0,True,0.08275862068965517,1.0,9.596010852756168
88,4088.0,random_sampling,symmetric,uniform,30,35.0,4088.0,True,0.08275862068965517,1.0,8.31581113188354
89,5903.0,random_sampling,symmetric,uniform,30,35.0,5903.0,True,0.08275862068965517,0.9999999999999999,8.683215975240689
90,1390.0,random_sampling,symmetric,uniform,30,35.0,1390.0,True,0.08275862068965517,1.0,7.237059026124737
91,5532.0,random_sampling,symmetric,uniform,30,35.0,5532.0,True,0.08275862068965517,0.9999999999999998,8.61830469278465
92,3804.0,random_sampling,symmetric,uniform,30,35.0,3804.0,True,0.08275862068965517,1.0,8.24380842366528
93,2571.0,random_sampling,symmetric,uniform,30,35.0,2571.0,True,0.08275862068965517,1.0000000000000002,7.852050207265889
94,7258.0,random_sampling,symmetric,uniform,30,35.0,7258.0,True,0.08275862068965517,1.0000000000000002,8.889859587773016
95,10798.0,random_sampling,symmetric,uniform,30,35.0,10798.0,True,0.08275862068965517,1.0,9.287116210778231
96,943.0,random_sampling,symmetric,uniform,30,35.0,943.0,True,0.08275862068965517,1.0,6.849066282633458
97,1538.0,random_sampling,symmetric,uniform,30,35.0,1538.0,True,0.08275862068965517,1.0000000000000002,7.338238150065589
98,11687.0,random_sampling,symmetric,uniform,30,35.0,11687.0,True,0.08275862068965517,1.0,9.366232391933156
99,13100.0,random_sampling,symmetric,uniform,30,35.0,13100.0,True,0.08275862068965517,1.0000000000000002,9.480367509189243
0,6061.0,random_sampling,symmetric,uniform,30,65.0,6061.0,True,0.15172413793103448,1.0,8.709630081951286
1,16171.0,random_sampling,symmetric,uniform,30,65.0,16171.0,True,0.15172413793103448,0.9999999999999999,9.690974793577944
2,2618.0,random_sampling,symmetric,uniform,30,65.0,2618.0,True,0.15172413793103448,1.0000000000000002,7.870165946469845
3,10217.0,random_sampling,symmetric,uniform,30,65.0,10217.0,True,0.15172413793103448,0.9999999999999999,9.231808278591423
4,17143.0,random_sampling,symmetric,uniform,30,65.0,17143.0,True,0.15172413793103448,1.0000000000000002,9.749345206007481
5,1427.0,random_sampling,symmetric,uniform,30,65.0,1427.0,True,0.15172413793103448,0.9999999999999999,7.2633296174768365
6,1748.0,random_sampling,symmetric,uniform,30,65.0,1748.0,True,0.15172413793103448,1.0000000000000002,7.466227556215481
7,2651.0,random_sampling,symmetric,uniform,30,65.0,2651.0,True,0.15172413793103448,0.9999999999999998,7.8826922062890254
8,8138.0,random_sampling,symmetric,uniform,30,65.0,8138.0,True,0.15172413793103448,1.0000000000000002,9.004299728561636
9,620.0,random_sampling,symmetric,uniform,30,65.0,620.0,True,0.15172413793103448,1.0,6.429719478039138
10,1240.0,random_sampling,symmetric,uniform,30,65.0,1240.0,True,0.14942528735632185,1.0000000000000002,7.122866658599083
11,2566.0,random_sampling,symmetric,uniform,30,65.0,2566.0,True,0.15172413793103448,1.0,7.850103545175582
12,2533.0,random_sampling,symmetric,uniform,30,65.0,2533.0,True,0.14942528735632185,1.0,7.837159650001675
13,1347.0,random_sampling,symmetric,uniform,30,65.0,1347.0,True,0.15172413793103448,0.9999999999999999,7.205635176410364
14,52557.0,random_sampling,symmetric,uniform,30,65.0,52557.0,True,0.15172413793103448,1.0,10.869653573903932
15,22001.0,random_sampling,symmetric,uniform,30,65.0,22001.0,True,0.15172413793103448,1.0000000000000002,9.99884318585288
16,6704.0,random_sampling,symmetric,uniform,30,65.0,6704.0,True,0.15172413793103448,0.9999999999999999,8.810459642161918
17,28123.0,random_sampling,symmetric,uniform,30,65.0,28123.0,True,0.15172413793103448,1.0,10.244343025867096
18,4636.0,random_sampling,symmetric,uniform,30,65.0,4636.0,True,0.15172413793103448,1.0,8.441607204459642
19,2917.0,random_sampling,symmetric,uniform,30,65.0,2917.0,True,0.15172413793103448,1.0,7.978310969867722
20,2789.0,random_sampling,symmetric,uniform,30,65.0,2789.0,True,0.15172413793103448,0.9999999999999999,7.933438387627489
21,4858.0,random_sampling,symmetric,uniform,30,65.0,4858.0,True,0.15172413793103448,1.0,8.488382109562117
22,10653.0,random_sampling,symmetric,uniform,30,65.0,10653.0,True,0.15172413793103448,1.0,9.273596821611198
23,5083.0,random_sampling,symmetric,uniform,30,65.0,5083.0,True,0.15172413793103448,1.0000000000000002,8.533656917446903
24,6100.0,random_sampling,symmetric,uniform,30,65.0,6100.0,True,0.15172413793103448,0.9999999999999999,8.716044050161402
25,6540.0,random_sampling,symmetric,uniform,30,65.0,6540.0,True,0.15172413793103448,1.0,8.785692444451245
26,25823.0,random_sampling,symmetric,uniform,30,65.0,25823.0,True,0.15172413793103448,0.9999999999999998,10.15902084665199
27,19661.0,random_sampling,symmetric,uniform,30,65.0,19661.0,True,0.15172413793103448,0.9999999999999998,9.886392257107492
28,3925.0,random_sampling,symmetric,uniform,30,65.0,3925.0,True,0.15172413793103448,1.0,8.275121630216509
29,2815.0,random_sampling,symmetric,uniform,30,65.0,2815.0,True,0.15172413793103448,1.0,7.942717540573791
30,1956.0,random_sampling,symmetric,uniform,30,65.0,1956.0,True,0.15172413793103448,1.0000000000000002,7.578656850594762
31,3306.0,random_sampling,symmetric,uniform,30,65.0,3306.0,True,0.15172413793103448,1.0000000000000002,8.10349427838097
32,10507.0,random_sampling,symmetric,uniform,30,65.0,10507.0,True,0.15172413793103448,0.9999999999999999,9.259796980688776
33,1230.0,random_sampling,symmetric,uniform,30,65.0,1230.0,True,0.15172413793103448,0.9999999999999999,7.114769448366463
34,1383.0,random_sampling,symmetric,uniform,30,65.0,1383.0,True,0.15172413793103448,0.9999999999999999,7.232010331664759
35,10955.0,random_sampling,symmetric,uniform,30,65.0,10955.0,True,0.15172413793103448,1.0000000000000002,9.301551252029567
36,3074.0,random_sampling,symmetric,uniform,30,65.0,3074.0,True,0.15172413793103448,0.9999999999999999,8.03073492409854
37,4704.0,random_sampling,symmetric,uniform,30,65.0,4704.0,True,0.15172413793103448,1.0000000000000002,8.456168489578463
38,6373.0,random_sampling,symmetric,uniform,30,65.0,6373.0,True,0.15172413793103448,1.0,8.759825595314295
39,11721.0,random_sampling,symmetric,uniform,30,65.0,11721.0,True,0.15172413793103448,1.0,9.36913738372318
40,5455.0,random_sampling,symmetric,uniform,30,65.0,5455.0,True,0.15172413793103448,1.0,8.604287898267172
41,1709.0,random_sampling,symmetric,uniform,30,65.0,1709.0,True,0.15172413793103448,1.0,7.443663683115591
42,2586.0,random_sampling,symmetric,uniform,30,65.0,2586.0,True,0.15172413793103448,0.9999999999999999,7.857867559331803
43,4066.0,random_sampling,symmetric,uniform,30,65.0,4066.0,True,0.15172413793103448,1.0,8.310414994188292
44,14932.0,random_sampling,symmetric,uniform,30,65.0,14932.0,True,0.15172413793103448,1.0,9.611261840034475
45,22960.0,random_sampling,symmetric,uniform,30,65.0,22960.0,True,0.14942528735632185,0.9999999999999999,10.041508850433503
46,9016.0,random_sampling,symmetric,uniform,30,65.0,9016.0,True,0.15172413793103448,1.0,9.106756055719613
47,3614.0,random_sampling,symmetric,uniform,30,65.0,3614.0,True,0.15172413793103448,1.0,8.192570471152173
48,5385.0,random_sampling,symmetric,uniform,30,65.0,5385.0,True,0.15172413793103448,1.0000000000000002,8.591372589590488
49,5222.0,random_sampling,symmetric,uniform,30,65.0,5222.0,True,0.15172413793103448,1.0000000000000002,8.560635749259074
50,5446.0,random_sampling,symmetric,uniform,30,65.0,5446.0,True,0.15172413793103448,0.9999999999999999,8.602636673233706
51,24078.0,random_sampling,symmetric,uniform,30,65.0,24078.0,True,0.15172413793103448,0.9999999999999999,10.089053839494971
52,1816.0,random_sampling,symmetric,uniform,30,65.0,1816.0,True,0.15172413793103448,0.9999999999999999,7.504391559161238
53,1835.0,random_sampling,symmetric,uniform,30,65.0,1835.0,True,0.15172413793103448,1.0,7.51479976048867
54,7153.0,random_sampling,symmetric,uniform,30,65.0,7153.0,True,0.15172413793103448,0.9999999999999998,8.875287128108384
55,4368.0,random_sampling,symmetric,uniform,30,65.0,4368.0,True,0.15172413793103448,1.0000000000000002,8.38206051742474
56,26359.0,random_sampling,symmetric,uniform,30,65.0,26359.0,True,0.15172413793103448,1.0000000000000002,10.179565051629774
57,7391.0,random_sampling,symmetric,uniform,30,65.0,7391.0,True,0.15172413793103448,1.0,8.908018322784887
58,1582.0,random_sampling,symmetric,uniform,30,65.0,1582.0,True,0.15172413793103448,0.9999999999999998,7.366445148327599
59,8100.0,random_sampling,symmetric,uniform,30,65.0,8100.0,True,0.15172413793103448,0.9999999999999999,8.99961934066053
60,3648.0,random_sampling,symmetric,uniform,30,65.0,3648.0,True,0.15172413793103448,1.0,8.201934351194222
61,6069.0,random_sampling,symmetric,uniform,30,65.0,6069.0,True,0.15172413793103448,1.0,8.710949125835855
62,3186.0,random_sampling,symmetric,uniform,30,65.0,3186.0,True,0.15172413793103448,0.9999999999999999,8.066521490469993
63,6662.0,random_sampling,symmetric,uniform,30,65.0,6662.0,True,0.15172413793103448,0.9999999999999999,8.804175018753625
64,15612.0,random_sampling,symmetric,uniform,30,65.0,15612.0,True,0.14942528735632185,0.9999999999999999,9.655795128300506
65,2428.0,random_sampling,symmetric,uniform,30,65.0,2428.0,True,0.15172413793103448,1.0,7.794823152179389
66,4710.0,random_sampling,symmetric,uniform,30,65.0,4710.0,True,0.14942528735632185,1.0,8.457443187010464
67,21705.0,random_sampling,symmetric,uniform,30,65.0,21705.0,True,0.15172413793103448,1.0000000000000002,9.985297927733694
68,2854.0,random_sampling,symmetric,uniform,30,65.0,2854.0,True,0.15172413793103448,1.0000000000000002,7.956476798036782
69,2248.0,random_sampling,symmetric,uniform,30,65.0,2248.0,True,0.15172413793103448,1.0000000000000002,7.717796211013582
70,6000.0,random_sampling,symmetric,uniform,30,65.0,6000.0,True,0.15172413793103448,1.0,8.699514748210191
71,2916.0,random_sampling,symmetric,uniform,30,65.0,2916.0,True,0.15172413793103448,1.0,7.977968093128549
72,3206.0,random_sampling,symmetric,uniform,30,65.0,3206.0,True,0.15172413793103448,1.0,8.072779333169498
73,8004.0,random_sampling,symmetric,uniform,30,65.0,8004.0,True,0.15172413793103448,1.0,8.987696695703624
74,12881.0,random_sampling,symmetric,uniform,30,65.0,12881.0,True,0.15172413793103448,1.0,9.463508636396089
75,6436.0,random_sampling,symmetric,uniform,30,65.0,6436.0,True,0.15172413793103448,1.0,8.769662508112274
76,13055.0,random_sampling,symmetric,uniform,30,65.0,13055.0,True,0.15172413793103448,1.0,9.47692648113323
77,2470.0,random_sampling,symmetric,uniform,30,65.0,2470.0,True,0.14942528735632185,1.0,7.8119734296220225
78,7312.0,random_sampling,symmetric,uniform,30,65.0,7312.0,True,0.15172413793103448,1.0,8.897272113133987
79,6338.0,random_sampling,symmetric,uniform,30,65.0,6338.0,True,0.15172413793103448,1.0,8.754318540250866
80,11520.0,random_sampling,symmetric,uniform,30,65.0,11520.0,True,0.15172413793103448,1.0,9.351839934249883
81,9557.0,random_sampling,symmetric,uniform,30,65.0,9557.0,True,0.15172413793103448,1.0,9.16502914926618
82,11960.0,random_sampling,symmetric,uniform,30,65.0,11960.0,True,0.15172413793103448,1.0000000000000002,9.389323027504624
83,18573.0,random_sampling,symmetric,uniform,30,65.0,18573.0,True,0.15172413793103448,1.0000000000000002,9.829464192187341
84,5476.0,random_sampling,symmetric,uniform,30,65.0,5476.0,True,0.15172413793103448,1.0000000000000002,8.60813018640834
85,4000.0,random_sampling,symmetric,uniform,30,65.0,4000.0,True,0.15172413793103448,0.9999999999999999,8.294049640102028
86,31674.0,random_sampling,symmetric,uniform,30,65.0,31674.0,True,0.15172413793103448,1.0,10.363251434051671
87,1690.0,random_sampling,symmetric,uniform,30,65.0,1690.0,True,0.15172413793103448,0.9999999999999999,7.432483807917119
88,5186.0,random_sampling,symmetric,uniform,30,65.0,5186.0,True,0.15172413793103448,1.0,8.55371796609861
89,882.0,random_sampling,symmetric,uniform,30,65.0,882.0,True,0.15172413793103448,0.9999999999999999,6.782192056006791
90,1986.0,random_sampling,symmetric,uniform,30,65.0,1986.0,True,0.15172413793103448,1.0000000000000002,7.593877844605118
91,6904.0,random_sampling,symmetric,uniform,30,65.0,6904.0,True,0.15172413793103448,0.9999999999999998,8.839856232763264
92,2572.0,random_sampling,symmetric,uniform,30,65.0,2572.0,True,0.15172413793103448,1.0000000000000002,7.85243908535751
93,20025.0,random_sampling,symmetric,uniform,30,65.0,20025.0,True,0.15172413793103448,1.0,9.90473677193656
94,3211.0,random_sampling,symmetric,uniform,30,65.0,3211.0,True,0.15172413793103448,1.0,8.074337694089515
95,2603.0,random_sampling,symmetric,uniform,30,65.0,2603.0,True,0.15172413793103448,1.0000000000000002,7.864419904994565
96,4926.0,random_sampling,symmetric,uniform,30,65.0,4926.0,True,0.15172413793103448,1.0000000000000002,8.502282578680484
97,1098.0,random_sampling,symmetric,uniform,30,65.0,1098.0,True,0.15172413793103448,1.0000000000000002,7.001245622069476
98,24940.0,random_sampling,symmetric,uniform,30,65.0,24940.0,True,0.14942528735632185,1.0,10.124228219234027
99,6106.0,random_sampling,symmetric,uniform,30,65.0,6106.0,True,0.15172413793103448,1.0000000000000002,8.717027173294824
0,2756.0,random_sampling,symmetric,uniform,30,75.0,2756.0,True,0.17471264367816092,1.0000000000000002,7.9215356321335495
1,14668.0,random_sampling,symmetric,uniform,30,75.0,14668.0,True,0.17471264367816092,1.0,9.593423529191217
2,5362.0,random_sampling,symmetric,uniform,30,75.0,5362.0,True,0.17471264367816092,0.9999999999999998,8.587092318795905
3,2762.0,random_sampling,symmetric,uniform,30,75.0,2762.0,True,0.17471264367816092,1.0,7.923710333969238
4,3594.0,random_sampling,symmetric,uniform,30,75.0,3594.0,True,0.17471264367816092,1.0000000000000002,8.187021067343505
5,17301.0,random_sampling,symmetric,uniform,30,75.0,17301.0,True,0.1724137931034483,1.0000000000000002,9.758519582283522
6,8139.0,random_sampling,symmetric,uniform,30,75.0,8139.0,True,0.17471264367816092,0.9999999999999998,9.004422601327041
7,1922.0,random_sampling,symmetric,uniform,30,75.0,1922.0,True,0.17471264367816092,1.0,7.561121589530238
8,3883.0,random_sampling,symmetric,uniform,30,75.0,3883.0,True,0.17471264367816092,1.0000000000000002,8.264363329731667
9,6331.0,random_sampling,symmetric,uniform,30,75.0,6331.0,True,0.17471264367816092,0.9999999999999998,8.753213480544126
10,5600.0,random_sampling,symmetric,uniform,30,75.0,5600.0,True,0.17471264367816092,1.0000000000000002,8.630521876723241
11,9178.0,random_sampling,symmetric,uniform,30,75.0,9178.0,True,0.17471264367816092,0.9999999999999999,9.124564594954778
12,3997.0,random_sampling,symmetric,uniform,30,75.0,3997.0,True,0.17471264367816092,0.9999999999999998,8.293299358711323
13,6105.0,random_sampling,symmetric,uniform,30,75.0,6105.0,True,0.17471264367816092,1.0,8.716863386544805
14,3819.0,random_sampling,symmetric,uniform,30,75.0,3819.0,True,0.17471264367816092,1.0,8.247743887225516
15,10009.0,random_sampling,symmetric,uniform,30,75.0,10009.0,True,0.1724137931034483,0.9999999999999999,9.211239967219019
16,11821.0,random_sampling,symmetric,uniform,30,75.0,11821.0,True,0.17471264367816092,0.9999999999999999,9.377632889750377
17,34071.0,random_sampling,symmetric,uniform,30,75.0,34071.0,True,0.1724137931034483,1.0,10.436201861559756
18,5600.0,random_sampling,symmetric,uniform,30,75.0,5600.0,True,0.17471264367816092,0.9999999999999999,8.630521876723241
19,11671.0,random_sampling,symmetric,uniform,30,75.0,11671.0,True,0.17471264367816092,0.9999999999999999,9.364862411412354
20,12469.0,random_sampling,symmetric,uniform,30,75.0,12469.0,True,0.17471264367816092,1.0,9.431000842996585
21,6791.0,random_sampling,symmetric,uniform,30,75.0,6791.0,True,0.17471264367816092,1.0000000000000002,8.823353485113792
22,4226.0,random_sampling,symmetric,uniform,30,75.0,4226.0,True,0.1724137931034483,1.0,8.349011198176003
23,4990.0,random_sampling,symmetric,uniform,30,75.0,4990.0,True,0.17471264367816092,1.0000000000000002,8.515191188745565
24,2817.0,random_sampling,symmetric,uniform,30,75.0,2817.0,True,0.17471264367816092,1.0,7.943427767876373
25,61986.0,random_sampling,symmetric,uniform,30,75.0,61986.0,True,0.17471264367816092,1.0,11.0346638320775
26,2542.0,random_sampling,symmetric,uniform,30,75.0,2542.0,True,0.17471264367816092,1.0000000000000002,7.8407064517494
27,15450.0,random_sampling,symmetric,uniform,30,75.0,15450.0,True,0.17471264367816092,0.9999999999999999,9.645364282325891
28,129962.0,random_sampling,symmetric,uniform,30,75.0,129962.0,True,0.17471264367816092,0.9999999999999999,11.774997379015192
29,10368.0,random_sampling,symmetric,uniform,30,75.0,10368.0,True,0.1724137931034483,1.0,9.246479418592056
30,5429.0,random_sampling,symmetric,uniform,30,75.0,5429.0,True,0.1724137931034483,0.9999999999999999,8.599510233905452
31,8418.0,random_sampling,symmetric,uniform,30,75.0,8418.0,True,0.1724137931034483,1.0,9.038127549330516
32,37900.0,random_sampling,symmetric,uniform,30,75.0,37900.0,True,0.17471264367816092,1.0,10.542706391070517
33,3208.0,random_sampling,symmetric,uniform,30,75.0,3208.0,True,0.17471264367816092,1.0,8.073402968986406
34,11816.0,random_sampling,symmetric,uniform,30,75.0,11816.0,True,0.17471264367816092,0.9999999999999999,9.377209824211215
35,3697.0,random_sampling,symmetric,uniform,30,75.0,3697.0,True,0.1724137931034483,1.0000000000000002,8.215276958936633
36,8073.0,random_sampling,symmetric,uniform,30,75.0,8073.0,True,0.17471264367816092,0.9999999999999999,8.996280439395015
37,1835.0,random_sampling,symmetric,uniform,30,75.0,1835.0,True,0.17471264367816092,1.0,7.51479976048867
38,22603.0,random_sampling,symmetric,uniform,30,75.0,22603.0,True,0.1724137931034483,1.0,10.025837919813588
39,18588.0,random_sampling,symmetric,uniform,30,75.0,18588.0,True,0.17471264367816092,0.9999999999999999,9.830271490204868
40,5727.0,random_sampling,symmetric,uniform,30,75.0,5727.0,True,0.17471264367816092,0.9999999999999999,8.652947112393857
41,9458.0,random_sampling,symmetric,uniform,30,75.0,9458.0,True,0.17471264367816092,1.0000000000000002,9.15461622320382
42,14874.0,random_sampling,symmetric,uniform,30,75.0,14874.0,True,0.17471264367816092,0.9999999999999999,9.607370001263245
43,5153.0,random_sampling,symmetric,uniform,30,75.0,5153.0,True,0.17471264367816092,1.0000000000000002,8.547334348328224
44,9296.0,random_sampling,symmetric,uniform,30,75.0,9296.0,True,0.17471264367816092,1.0000000000000002,9.137339479091693
45,12899.0,random_sampling,symmetric,uniform,30,75.0,12899.0,True,0.1724137931034483,1.0,9.464905067965136
46,2609.0,random_sampling,symmetric,uniform,30,75.0,2609.0,True,0.1724137931034483,1.0000000000000002,7.866722285136729
47,3455.0,random_sampling,symmetric,uniform,30,75.0,3455.0,True,0.17471264367816092,1.0,8.14757773620177
48,6130.0,random_sampling,symmetric,uniform,30,75.0,6130.0,True,0.17471264367816092,0.9999999999999998,8.720950028930258
49,5803.0,random_sampling,symmetric,uniform,30,75.0,5803.0,True,0.17471264367816092,1.0,8.666130304190608
50,12841.0,random_sampling,symmetric,uniform,30,75.0,12841.0,True,0.1724137931034483,1.0000000000000002,9.460398455831275
51,28802.0,random_sampling,symmetric,uniform,30,75.0,28802.0,True,0.17471264367816092,1.0,10.268200108157329
52,1517.0,random_sampling,symmetric,uniform,30,75.0,1517.0,True,0.17471264367816092,1.0,7.324489979348532
53,92297.0,random_sampling,symmetric,uniform,30,75.0,92297.0,True,0.17471264367816092,1.0,11.43276691725416
54,5556.0,random_sampling,symmetric,uniform,30,75.0,5556.0,True,0.17471264367816092,0.9999999999999998,8.622633703874234
55,3734.0,random_sampling,symmetric,uniform,30,75.0,3734.0,True,0.17471264367816092,1.0000000000000002,8.225235324101668
56,5534.0,random_sampling,symmetric,uniform,30,75.0,5534.0,True,0.1724137931034483,1.0000000000000002,8.618666160346871
57,78885.0,random_sampling,symmetric,uniform,30,75.0,78885.0,True,0.17471264367816092,0.9999999999999998,11.275746374691554
58,3439.0,random_sampling,symmetric,uniform,30,75.0,3439.0,True,0.17471264367816092,1.0000000000000002,8.142936010432265
59,1726.0,random_sampling,symmetric,uniform,30,75.0,1726.0,True,0.17471264367816092,1.0,7.453561871643373
60,24773.0,random_sampling,symmetric,uniform,30,75.0,24773.0,True,0.17471264367816092,0.9999999999999999,10.117509629400777
61,7609.0,random_sampling,symmetric,uniform,30,75.0,7609.0,True,0.1724137931034483,1.0000000000000002,8.937087036176523
62,1961.0,random_sampling,symmetric,uniform,30,75.0,1961.0,True,0.1724137931034483,1.0000000000000002,7.581209826196346
63,4592.0,random_sampling,symmetric,uniform,30,75.0,4592.0,True,0.1724137931034483,0.9999999999999999,8.432070937999402
64,10739.0,random_sampling,symmetric,uniform,30,75.0,10739.0,True,0.17471264367816092,1.0,9.281637253858216
65,5133.0,random_sampling,symmetric,uniform,30,75.0,5133.0,True,0.17471264367816092,1.0000000000000002,8.543445562560303
66,10983.0,random_sampling,symmetric,uniform,30,75.0,10983.0,True,0.17471264367816092,1.0,9.304103901788347
67,11162.0,random_sampling,symmetric,uniform,30,75.0,11162.0,True,0.17471264367816092,0.9999999999999999,9.320270431348378
68,5676.0,random_sampling,symmetric,uniform,30,75.0,5676.0,True,0.1724137931034483,1.0000000000000002,8.644002038279933
69,7567.0,random_sampling,symmetric,uniform,30,75.0,7567.0,True,0.17471264367816092,0.9999999999999999,8.931551966694522
70,14523.0,random_sampling,symmetric,uniform,30,75.0,14523.0,True,0.17471264367816092,1.0000000000000002,9.583488878607804
71,16634.0,random_sampling,symmetric,uniform,30,75.0,16634.0,True,0.17471264367816092,1.0000000000000002,9.719204072428633
72,10008.0,random_sampling,symmetric,uniform,30,75.0,10008.0,True,0.1724137931034483,1.0,9.211140052146748
73,1792.0,random_sampling,symmetric,uniform,30,75.0,1792.0,True,0.1724137931034483,1.0000000000000002,7.491087593534876
74,5936.0,random_sampling,symmetric,uniform,30,75.0,5936.0,True,0.17471264367816092,0.9999999999999999,8.688790784847216
75,3102.0,random_sampling,symmetric,uniform,30,75.0,3102.0,True,0.17471264367816092,1.0,8.039802343736485
76,2622.0,random_sampling,symmetric,uniform,30,75.0,2622.0,True,0.1724137931034483,1.0,7.871692664323645
77,1786.0,random_sampling,symmetric,uniform,30,75.0,1786.0,True,0.1724137931034483,1.0,7.487733761436444
78,10124.0,random_sampling,symmetric,uniform,30,75.0,10124.0,True,0.1724137931034483,1.0000000000000002,9.222664121665014
79,11874.0,random_sampling,symmetric,uniform,30,75.0,11874.0,True,0.17471264367816092,1.0,9.38210641483062
80,3825.0,random_sampling,symmetric,uniform,30,75.0,3825.0,True,0.17471264367816092,0.9999999999999998,8.249313746260636
81,16097.0,random_sampling,symmetric,uniform,30,75.0,16097.0,True,0.17471264367816092,1.0000000000000002,9.68638819820623
82,6340.0,random_sampling,symmetric,uniform,30,75.0,6340.0,True,0.1724137931034483,0.9999999999999999,8.754634047431272
83,3248.0,random_sampling,symmetric,uniform,30,75.0,3248.0,True,0.17471264367816092,1.0,8.085794701281568
84,6066.0,random_sampling,symmetric,uniform,30,75.0,6066.0,True,0.17471264367816092,1.0,8.710454688248527
85,16786.0,random_sampling,symmetric,uniform,30,75.0,16786.0,True,0.17471264367816092,0.9999999999999999,9.728300484642773
86,5388.0,random_sampling,symmetric,uniform,30,75.0,5388.0,True,0.17471264367816092,1.0,8.591929537530255
87,49307.0,random_sampling,symmetric,uniform,30,75.0,49307.0,True,0.17471264367816092,1.0,10.805821337781078
88,13212.0,random_sampling,symmetric,uniform,30,75.0,13212.0,True,0.17471264367816092,1.0,9.48888078651068
89,10955.0,random_sampling,symmetric,uniform,30,75.0,10955.0,True,0.17471264367816092,1.0000000000000002,9.301551252029567
90,487.0,random_sampling,symmetric,uniform,30,75.0,487.0,True,0.17471264367816092,1.0,6.18826412308259
91,4072.0,random_sampling,symmetric,uniform,30,75.0,4072.0,True,0.17471264367816092,1.0000000000000002,8.311889558230359
92,7186.0,random_sampling,symmetric,uniform,30,75.0,7186.0,True,0.17471264367816092,1.0,8.879889967673464
93,1251.0,random_sampling,symmetric,uniform,30,75.0,1251.0,True,0.17471264367816092,1.0000000000000002,7.1316985104669115
94,15558.0,random_sampling,symmetric,uniform,30,75.0,15558.0,True,0.17471264367816092,1.0,9.652330254766719
95,5827.0,random_sampling,symmetric,uniform,30,75.0,5827.0,True,0.17471264367816092,1.0,8.670257567143075
96,7747.0,random_sampling,symmetric,uniform,30,75.0,7747.0,True,0.17471264367816092,1.0,8.955060950631902
97,9541.0,random_sampling,symmetric,uniform,30,75.0,9541.0,True,0.1724137931034483,1.0000000000000002,9.163353580751846
98,10522.0,random_sampling,symmetric,uniform,30,75.0,10522.0,True,0.1724137931034483,0.9999999999999999,9.261223582290752
99,13713.0,random_sampling,symmetric,uniform,30,75.0,13713.0,True,0.17471264367816092,1.0,9.526099566999854
0,331.0,random_sampling,symmetric,uniform,20,45.0,331.0,True,0.24210526315789474,1.0,5.802118375377063
1,492.0,random_sampling,symmetric,uniform,20,45.0,492.0,True,0.24210526315789474,1.0,6.198478716492308
2,210.0,random_sampling,symmetric,uniform,20,45.0,210.0,True,0.24210526315789474,1.0,5.3471075307174685
3,682.0,random_sampling,symmetric,uniform,20,45.0,682.0,True,0.23684210526315788,1.0,6.525029657843462
4,1734.0,random_sampling,symmetric,uniform,20,45.0,1734.0,True,0.24210526315789474,0.9999999999999997,7.458186157340487
5,117.0,random_sampling,symmetric,uniform,20,45.0,117.0,True,0.24210526315789474,1.0,4.762173934797756
6,127.0,random_sampling,symmetric,uniform,20,45.0,127.0,True,0.23157894736842105,0.9999999999999998,4.844187086458591
7,474.0,random_sampling,symmetric,uniform,20,45.0,474.0,True,0.23684210526315788,0.9999999999999998,6.161207321695077
8,306.0,random_sampling,symmetric,uniform,20,45.0,306.0,True,0.24210526315789474,1.0000000000000002,5.723585101952381
9,227.0,random_sampling,symmetric,uniform,20,45.0,227.0,True,0.24210526315789474,1.0,5.424950017481403
10,657.0,random_sampling,symmetric,uniform,20,45.0,657.0,True,0.23684210526315788,1.0000000000000004,6.48768401848461
11,691.0,random_sampling,symmetric,uniform,20,45.0,691.0,True,0.24210526315789474,0.9999999999999997,6.53813982376767
12,1357.0,random_sampling,symmetric,uniform,20,45.0,1357.0,True,0.23684210526315788,1.0,7.213031659834869
13,235.0,random_sampling,symmetric,uniform,20,45.0,235.0,True,0.23684210526315788,1.0,5.459585514144159
14,430.0,random_sampling,symmetric,uniform,20,45.0,430.0,True,0.23684210526315788,1.0,6.063785208687608
15,664.0,random_sampling,symmetric,uniform,20,45.0,664.0,True,0.23157894736842105,1.0,6.498282149476434
16,647.0,random_sampling,symmetric,uniform,20,45.0,647.0,True,0.23157894736842105,1.0,6.472346294500901
17,369.0,random_sampling,symmetric,uniform,20,45.0,369.0,True,0.23157894736842105,0.9999999999999998,5.910796644040527
18,405.0,random_sampling,symmetric,uniform,20,45.0,405.0,True,0.23157894736842105,1.0,6.003887067106539
19,128.0,random_sampling,symmetric,uniform,20,45.0,128.0,True,0.23684210526315788,1.0,4.852030263919617
20,616.0,random_sampling,symmetric,uniform,20,45.0,616.0,True,0.24210526315789474,1.0,6.423246963533519
21,938.0,random_sampling,symmetric,uniform,20,45.0,938.0,True,0.23684210526315788,0.9999999999999998,6.843749949006225
22,1306.0,random_sampling,symmetric,uniform,20,45.0,1306.0,True,0.24210526315789474,1.0,7.174724309836376
23,1468.0,random_sampling,symmetric,uniform,20,45.0,1468.0,True,0.24210526315789474,1.0,7.291656209174461
24,1238.0,random_sampling,symmetric,uniform,20,45.0,1238.0,True,0.23684210526315788,1.0000000000000002,7.121252453244542
25,321.0,random_sampling,symmetric,uniform,20,45.0,321.0,True,0.23157894736842105,1.0,5.771441123130016
26,339.0,random_sampling,symmetric,uniform,20,45.0,339.0,True,0.23684210526315788,1.0000000000000004,5.82600010738045
27,1125.0,random_sampling,symmetric,uniform,20,45.0,1125.0,True,0.22631578947368422,1.0,7.025538314638521
28,195.0,random_sampling,symmetric,uniform,20,45.0,195.0,True,0.23684210526315788,1.0,5.272999558563747
29,5659.0,random_sampling,symmetric,uniform,20,45.0,5659.0,True,0.23684210526315788,1.0,8.641002477142523
30,117.0,random_sampling,symmetric,uniform,20,45.0,117.0,True,0.23684210526315788,1.0000000000000002,4.762173934797756
31,324.0,random_sampling,symmetric,uniform,20,45.0,324.0,True,0.23684210526315788,1.0000000000000002,5.780743515792329
32,891.0,random_sampling,symmetric,uniform,20,45.0,891.0,True,0.24210526315789474,1.0,6.792344427470809
33,218.0,random_sampling,symmetric,uniform,20,45.0,218.0,True,0.23684210526315788,1.0,5.384495062789089
34,1738.0,random_sampling,symmetric,uniform,20,45.0,1738.0,True,0.23684210526315788,1.0000000000000004,7.460490305825338
35,512.0,random_sampling,symmetric,uniform,20,45.0,512.0,True,0.24210526315789474,1.0,6.238324625039508
36,412.0,random_sampling,symmetric,uniform,20,45.0,412.0,True,0.23157894736842105,1.0,6.021023349349527
37,483.0,random_sampling,symmetric,uniform,20,45.0,483.0,True,0.23684210526315788,0.9999999999999998,6.180016653652572
38,550.0,random_sampling,symmetric,uniform,20,45.0,550.0,True,0.24210526315789474,1.0,6.309918278226516
39,565.0,random_sampling,symmetric,uniform,20,45.0,565.0,True,0.24210526315789474,1.0,6.336825731146441
40,322.0,random_sampling,symmetric,uniform,20,45.0,322.0,True,0.23157894736842105,1.0,5.7745515455444085
41,395.0,random_sampling,symmetric,uniform,20,45.0,395.0,True,0.24210526315789474,1.0000000000000002,5.978885764901122
42,690.0,random_sampling,symmetric,uniform,20,45.0,690.0,True,0.24210526315789474,1.0,6.536691597591305
43,289.0,random_sampling,symmetric,uniform,20,45.0,289.0,True,0.24210526315789474,1.0,5.666426688112432
44,719.0,random_sampling,symmetric,uniform,20,45.0,719.0,True,0.24210526315789474,1.0,6.577861357721047
45,655.0,random_sampling,symmetric,uniform,20,45.0,655.0,True,0.24210526315789474,1.0,6.484635235635252
46,691.0,random_sampling,symmetric,uniform,20,45.0,691.0,True,0.23157894736842105,1.0000000000000002,6.53813982376767
47,440.0,random_sampling,symmetric,uniform,20,45.0,440.0,True,0.24210526315789474,1.0,6.0867747269123065
48,1344.0,random_sampling,symmetric,uniform,20,45.0,1344.0,True,0.24210526315789474,0.9999999999999998,7.203405521083095
49,923.0,random_sampling,symmetric,uniform,20,45.0,923.0,True,0.23684210526315788,0.9999999999999998,6.827629234502852
50,637.0,random_sampling,symmetric,uniform,20,45.0,637.0,True,0.22631578947368422,1.0,6.456769655572163
51,192.0,random_sampling,symmetric,uniform,20,45.0,192.0,True,0.23684210526315788,1.0,5.2574953720277815
52,331.0,random_sampling,symmetric,uniform,20,45.0,331.0,True,0.23684210526315788,1.0,5.802118375377063
53,716.0,random_sampling,symmetric,uniform,20,45.0,716.0,True,0.24210526315789474,1.0,6.573680166960646
54,1092.0,random_sampling,symmetric,uniform,20,45.0,1092.0,True,0.24210526315789474,1.0,6.9957661563048505
55,660.0,random_sampling,symmetric,uniform,20,45.0,660.0,True,0.24210526315789474,0.9999999999999997,6.492239835020471
56,411.0,random_sampling,symmetric,uniform,20,45.0,411.0,True,0.23684210526315788,1.0,6.018593214496234
57,121.0,random_sampling,symmetric,uniform,20,45.0,121.0,True,0.23684210526315788,1.0,4.795790545596741
58,638.0,random_sampling,symmetric,uniform,20,45.0,638.0,True,0.24210526315789474,0.9999999999999998,6.45833828334479
59,137.0,random_sampling,symmetric,uniform,20,45.0,137.0,True,0.23157894736842105,1.0,4.919980925828125
60,313.0,random_sampling,symmetric,uniform,20,45.0,313.0,True,0.23684210526315788,1.0000000000000002,5.746203190540153
61,373.0,random_sampling,symmetric,uniform,20,45.0,373.0,True,0.23684210526315788,1.0000000000000002,5.921578419643816
62,700.0,random_sampling,symmetric,uniform,20,45.0,700.0,True,0.24210526315789474,1.0,6.551080335043404
63,400.0,random_sampling,symmetric,uniform,20,45.0,400.0,True,0.23684210526315788,1.0,5.991464547107982
64,844.0,random_sampling,symmetric,uniform,20,45.0,844.0,True,0.24210526315789474,1.0000000000000002,6.738152494595957
65,551.0,random_sampling,symmetric,uniform,20,45.0,551.0,True,0.23684210526315788,1.0,6.311734809152915
66,600.0,random_sampling,symmetric,uniform,20,45.0,600.0,True,0.23684210526315788,1.0,6.396929655216146
67,464.0,random_sampling,symmetric,uniform,20,45.0,464.0,True,0.23684210526315788,1.0,6.139884552226255
68,330.0,random_sampling,symmetric,uniform,20,45.0,330.0,True,0.23157894736842105,0.9999999999999998,5.799092654460526
69,235.0,random_sampling,symmetric,uniform,20,45.0,235.0,True,0.24210526315789474,1.0,5.459585514144159
70,1181.0,random_sampling,symmetric,uniform,20,45.0,1181.0,True,0.24210526315789474,1.0000000000000002,7.074116816197362
71,977.0,random_sampling,symmetric,uniform,20,45.0,977.0,True,0.23684210526315788,1.0,6.884486652042782
72,155.0,random_sampling,symmetric,uniform,20,45.0,155.0,True,0.24210526315789474,1.0,5.043425116919247
73,217.0,random_sampling,symmetric,uniform,20,45.0,217.0,True,0.23157894736842105,1.0,5.37989735354046
74,1148.0,random_sampling,symmetric,uniform,20,45.0,1148.0,True,0.23684210526315788,1.0,7.045776576879511
75,267.0,random_sampling,symmetric,uniform,20,45.0,267.0,True,0.24210526315789474,1.0,5.58724865840025
76,448.0,random_sampling,symmetric,uniform,20,45.0,448.0,True,0.23157894736842105,1.0000000000000002,6.104793232414985
77,154.0,random_sampling,symmetric,uniform,20,45.0,154.0,True,0.23684210526315788,1.0,5.0369526024136295
78,661.0,random_sampling,symmetric,uniform,20,45.0,661.0,True,0.23684210526315788,1.0000000000000002,6.493753839851686
79,1326.0,random_sampling,symmetric,uniform,20,45.0,1326.0,True,0.24210526315789474,0.9999999999999998,7.189922170745808
80,765.0,random_sampling,symmetric,uniform,20,45.0,765.0,True,0.23684210526315788,1.0,6.639875833826536
81,174.0,random_sampling,symmetric,uniform,20,45.0,174.0,True,0.23157894736842105,1.0,5.159055299214529
82,179.0,random_sampling,symmetric,uniform,20,45.0,179.0,True,0.23684210526315788,1.0000000000000002,5.187385805840755
83,784.0,random_sampling,symmetric,uniform,20,45.0,784.0,True,0.24210526315789474,1.0,6.664409020350408
84,801.0,random_sampling,symmetric,uniform,20,45.0,801.0,True,0.24210526315789474,1.0,6.68586094706836
85,317.0,random_sampling,symmetric,uniform,20,45.0,317.0,True,0.22105263157894736,1.0,5.75890177387728
86,219.0,random_sampling,symmetric,uniform,20,45.0,219.0,True,0.24210526315789474,1.0000000000000002,5.389071729816501
87,525.0,random_sampling,symmetric,uniform,20,45.0,525.0,True,0.24210526315789474,1.0,6.263398262591624
88,1273.0,random_sampling,symmetric,uniform,20,45.0,1273.0,True,0.23684210526315788,1.0000000000000002,7.149131598557407
89,114.0,random_sampling,symmetric,uniform,20,45.0,114.0,True,0.24210526315789474,1.0,4.736198448394496
90,2364.0,random_sampling,symmetric,uniform,20,45.0,2364.0,True,0.23684210526315788,1.0,7.768110378525988
91,246.0,random_sampling,symmetric,uniform,20,45.0,246.0,True,0.23684210526315788,1.0000000000000002,5.5053315359323625
92,287.0,random_sampling,symmetric,uniform,20,45.0,287.0,True,0.24210526315789474,1.0,5.659482215759621
93,251.0,random_sampling,symmetric,uniform,20,45.0,251.0,True,0.24210526315789474,1.0000000000000002,5.5254529391317835
94,310.0,random_sampling,symmetric,uniform,20,45.0,310.0,True,0.24210526315789474,1.0,5.736572297479192
95,232.0,random_sampling,symmetric,uniform,20,45.0,232.0,True,0.23684210526315788,1.0,5.44673737166631
96,171.0,random_sampling,symmetric,uniform,20,45.0,171.0,True,0.23157894736842105,0.9999999999999998,5.14166355650266
97,378.0,random_sampling,symmetric,uniform,20,45.0,378.0,True,0.23157894736842105,0.9999999999999998,5.934894195619588
98,744.0,random_sampling,symmetric,uniform,20,45.0,744.0,True,0.23684210526315788,1.0,6.612041034833092
99,810.0,random_sampling,symmetric,uniform,20,45.0,810.0,True,0.23684210526315788,1.0,6.697034247666484
0,884.0,random_sampling,symmetric,uniform,20,35.0,884.0,True,0.18947368421052632,1.0,6.784457062637643
1,357.0,random_sampling,symmetric,uniform,20,35.0,357.0,True,0.18421052631578946,1.0,5.877735781779639
2,382.0,random_sampling,symmetric,uniform,20,35.0,382.0,True,0.18947368421052632,1.0,5.945420608606575
3,364.0,random_sampling,symmetric,uniform,20,35.0,364.0,True,0.18947368421052632,1.0,5.8971538676367405
4,589.0,random_sampling,symmetric,uniform,20,35.0,589.0,True,0.18947368421052632,1.0,6.3784261836515865
5,1301.0,random_sampling,symmetric,uniform,20,35.0,1301.0,True,0.18947368421052632,1.0,7.170888478512505
6,356.0,random_sampling,symmetric,uniform,20,35.0,356.0,True,0.18947368421052632,1.0,5.87493073085203
7,593.0,random_sampling,symmetric,uniform,20,35.0,593.0,True,0.18947368421052632,1.0,6.385194398997726
8,441.0,random_sampling,symmetric,uniform,20,35.0,441.0,True,0.18947368421052632,1.0,6.089044875446846
9,712.0,random_sampling,symmetric,uniform,20,35.0,712.0,True,0.18947368421052632,1.0,6.568077911411976
10,209.0,random_sampling,symmetric,uniform,20,35.0,209.0,True,0.18421052631578946,0.9999999999999998,5.342334251964811
11,576.0,random_sampling,symmetric,uniform,20,35.0,576.0,True,0.18947368421052632,1.0,6.3561076606958915
12,371.0,random_sampling,symmetric,uniform,20,35.0,371.0,True,0.18947368421052632,1.0,5.916202062607435
13,90.0,random_sampling,symmetric,uniform,20,35.0,90.0,True,0.18421052631578946,1.0,4.499809670330265
14,207.0,random_sampling,symmetric,uniform,20,35.0,207.0,True,0.18947368421052632,1.0,5.332718793265369
15,322.0,random_sampling,symmetric,uniform,20,35.0,322.0,True,0.18947368421052632,0.9999999999999998,5.7745515455444085
16,355.0,random_sampling,symmetric,uniform,20,35.0,355.0,True,0.18947368421052632,1.0,5.872117789475416
17,618.0,random_sampling,symmetric,uniform,20,35.0,618.0,True,0.18421052631578946,1.0,6.42648845745769
18,432.0,random_sampling,symmetric,uniform,20,35.0,432.0,True,0.18947368421052632,1.0000000000000002,6.068425588244111
19,1355.0,random_sampling,symmetric,uniform,20,35.0,1355.0,True,0.18947368421052632,0.9999999999999998,7.2115567333138015
20,318.0,random_sampling,symmetric,uniform,20,35.0,318.0,True,0.18947368421052632,1.0,5.762051382780177
21,958.0,random_sampling,symmetric,uniform,20,35.0,958.0,True,0.18947368421052632,1.0,6.86484777797086
22,769.0,random_sampling,symmetric,uniform,20,35.0,769.0,True,0.18947368421052632,1.0,6.645090969505644
23,221.0,random_sampling,symmetric,uniform,20,35.0,221.0,True,0.18947368421052632,1.0,5.3981627015177525
24,122.0,random_sampling,symmetric,uniform,20,35.0,122.0,True,0.18947368421052632,0.9999999999999997,4.804021044733257
25,604.0,random_sampling,symmetric,uniform,20,35.0,604.0,True,0.18947368421052632,0.9999999999999998,6.403574197934815
26,693.0,random_sampling,symmetric,uniform,20,35.0,693.0,True,0.18947368421052632,1.0,6.541029999189903
27,164.0,random_sampling,symmetric,uniform,20,35.0,164.0,True,0.18947368421052632,0.9999999999999998,5.099866427824199
28,946.0,random_sampling,symmetric,uniform,20,35.0,946.0,True,0.18947368421052632,1.0,6.852242569051878
29,313.0,random_sampling,symmetric,uniform,20,35.0,313.0,True,0.18421052631578946,1.0,5.746203190540153
30,154.0,random_sampling,symmetric,uniform,20,35.0,154.0,True,0.18947368421052632,1.0,5.0369526024136295
31,1384.0,random_sampling,symmetric,uniform,20,35.0,1384.0,True,0.18947368421052632,1.0,7.232733136177615
32,419.0,random_sampling,symmetric,uniform,20,35.0,419.0,True,0.18947368421052632,1.0,6.037870919922137
33,96.0,random_sampling,symmetric,uniform,20,35.0,96.0,True,0.18947368421052632,1.0000000000000002,4.564348191467836
34,520.0,random_sampling,symmetric,uniform,20,35.0,520.0,True,0.18947368421052632,1.0,6.253828811575473
35,658.0,random_sampling,symmetric,uniform,20,35.0,658.0,True,0.18947368421052632,1.0,6.489204931325317
36,133.0,random_sampling,symmetric,uniform,20,35.0,133.0,True,0.18947368421052632,0.9999999999999998,4.890349128221754
37,436.0,random_sampling,symmetric,uniform,20,35.0,436.0,True,0.18947368421052632,1.0000000000000002,6.077642243349034
38,478.0,random_sampling,symmetric,uniform,20,35.0,478.0,True,0.18947368421052632,1.0,6.169610732491456
39,513.0,random_sampling,symmetric,uniform,20,35.0,513.0,True,0.18947368421052632,1.0,6.240275845170769
40,513.0,random_sampling,symmetric,uniform,20,35.0,513.0,True,0.18947368421052632,1.0000000000000002,6.240275845170769
41,894.0,random_sampling,symmetric,uniform,20,35.0,894.0,True,0.18947368421052632,1.0,6.795705775173514
42,316.0,random_sampling,symmetric,uniform,20,35.0,316.0,True,0.18947368421052632,1.0,5.755742213586912
43,3018.0,random_sampling,symmetric,uniform,20,35.0,3018.0,True,0.18947368421052632,1.0000000000000002,8.012349639327795
44,643.0,random_sampling,symmetric,uniform,20,35.0,643.0,True,0.18947368421052632,1.0000000000000002,6.466144724237619
45,217.0,random_sampling,symmetric,uniform,20,35.0,217.0,True,0.18947368421052632,0.9999999999999998,5.37989735354046
46,567.0,random_sampling,symmetric,uniform,20,35.0,567.0,True,0.18947368421052632,1.0,6.340359303727752
47,683.0,random_sampling,symmetric,uniform,20,35.0,683.0,True,0.18947368421052632,1.0,6.52649485957079
48,455.0,random_sampling,symmetric,uniform,20,35.0,455.0,True,0.18947368421052632,1.0,6.12029741895095
49,262.0,random_sampling,symmetric,uniform,20,35.0,262.0,True,0.18947368421052632,0.9999999999999998,5.568344503761097
50,581.0,random_sampling,symmetric,uniform,20,35.0,581.0,True,0.18947368421052632,1.0,6.364750756851911
51,650.0,random_sampling,symmetric,uniform,20,35.0,650.0,True,0.18947368421052632,1.0000000000000002,6.476972362889683
52,972.0,random_sampling,symmetric,uniform,20,35.0,972.0,True,0.18947368421052632,1.0000000000000002,6.879355804460439
53,1000.0,random_sampling,symmetric,uniform,20,35.0,1000.0,True,0.18947368421052632,1.0000000000000002,6.907755278982137
54,192.0,random_sampling,symmetric,uniform,20,35.0,192.0,True,0.18947368421052632,1.0000000000000002,5.2574953720277815
55,278.0,random_sampling,symmetric,uniform,20,35.0,278.0,True,0.18947368421052632,1.0,5.627621113690637
56,407.0,random_sampling,symmetric,uniform,20,35.0,407.0,True,0.18421052631578946,1.0,6.008813185442595
57,1540.0,random_sampling,symmetric,uniform,20,35.0,1540.0,True,0.18947368421052632,1.0,7.3395376954076745
58,622.0,random_sampling,symmetric,uniform,20,35.0,622.0,True,0.18947368421052632,1.0,6.432940092739179
59,1249.0,random_sampling,symmetric,uniform,20,35.0,1249.0,True,0.18947368421052632,1.0,7.130098510125578
60,493.0,random_sampling,symmetric,uniform,20,35.0,493.0,True,0.18947368421052632,1.0000000000000002,6.20050917404269
61,167.0,random_sampling,symmetric,uniform,20,35.0,167.0,True,0.18947368421052632,1.0,5.117993812416755
62,476.0,random_sampling,symmetric,uniform,20,35.0,476.0,True,0.18947368421052632,0.9999999999999998,6.16541785423142
63,196.0,random_sampling,symmetric,uniform,20,35.0,196.0,True,0.18947368421052632,1.0,5.278114659230517
64,167.0,random_sampling,symmetric,uniform,20,35.0,167.0,True,0.18947368421052632,1.0,5.117993812416755
65,845.0,random_sampling,symmetric,uniform,20,35.0,845.0,True,0.18947368421052632,1.0000000000000004,6.739336627357174
66,484.0,random_sampling,symmetric,uniform,20,35.0,484.0,True,0.18947368421052632,1.0,6.182084906716632
67,459.0,random_sampling,symmetric,uniform,20,35.0,459.0,True,0.18947368421052632,1.0,6.129050210060545
68,1014.0,random_sampling,symmetric,uniform,20,35.0,1014.0,True,0.18947368421052632,1.0,6.921658184151129
69,265.0,random_sampling,symmetric,uniform,20,35.0,265.0,True,0.18947368421052632,0.9999999999999998,5.579729825986222
70,399.0,random_sampling,symmetric,uniform,20,35.0,399.0,True,0.18947368421052632,1.0,5.988961416889864
71,128.0,random_sampling,symmetric,uniform,20,35.0,128.0,True,0.18947368421052632,1.0,4.852030263919617
72,617.0,random_sampling,symmetric,uniform,20,35.0,617.0,True,0.18947368421052632,1.0,6.424869023905388
73,712.0,random_sampling,symmetric,uniform,20,35.0,712.0,True,0.18947368421052632,1.0000000000000002,6.568077911411976
74,821.0,random_sampling,symmetric,uniform,20,35.0,821.0,True,0.18421052631578946,1.0000000000000004,6.710523109452428
75,516.0,random_sampling,symmetric,uniform,20,35.0,516.0,True,0.18947368421052632,0.9999999999999998,6.246106765481563
76,449.0,random_sampling,symmetric,uniform,20,35.0,449.0,True,0.18947368421052632,1.0,6.1070228877422545
77,750.0,random_sampling,symmetric,uniform,20,35.0,750.0,True,0.18947368421052632,1.0000000000000004,6.620073206530356
78,1516.0,random_sampling,symmetric,uniform,20,35.0,1516.0,True,0.18947368421052632,1.0000000000000002,7.323830566202317
79,162.0,random_sampling,symmetric,uniform,20,35.0,162.0,True,0.18947368421052632,1.0,5.087596335232384
80,155.0,random_sampling,symmetric,uniform,20,35.0,155.0,True,0.18947368421052632,1.0000000000000002,5.043425116919247
81,507.0,random_sampling,symmetric,uniform,20,35.0,507.0,True,0.18947368421052632,1.0,6.2285110035911835
82,440.0,random_sampling,symmetric,uniform,20,35.0,440.0,True,0.18947368421052632,1.0,6.0867747269123065
83,358.0,random_sampling,symmetric,uniform,20,35.0,358.0,True,0.18947368421052632,1.0,5.8805329864007
84,398.0,random_sampling,symmetric,uniform,20,35.0,398.0,True,0.18947368421052632,1.0000000000000002,5.986452005284438
85,376.0,random_sampling,symmetric,uniform,20,35.0,376.0,True,0.18947368421052632,0.9999999999999998,5.929589143389895
86,179.0,random_sampling,symmetric,uniform,20,35.0,179.0,True,0.18947368421052632,1.0,5.187385805840755
87,155.0,random_sampling,symmetric,uniform,20,35.0,155.0,True,0.18947368421052632,1.0,5.043425116919247
88,105.0,random_sampling,symmetric,uniform,20,35.0,105.0,True,0.18947368421052632,1.0,4.653960350157523
89,203.0,random_sampling,symmetric,uniform,20,35.0,203.0,True,0.18947368421052632,0.9999999999999998,5.313205979041787
90,619.0,random_sampling,symmetric,uniform,20,35.0,619.0,True,0.18947368421052632,1.0000000000000002,6.428105272684596
91,491.0,random_sampling,symmetric,uniform,20,35.0,491.0,True,0.18947368421052632,1.0,6.19644412779452
92,221.0,random_sampling,symmetric,uniform,20,35.0,221.0,True,0.18947368421052632,1.0000000000000002,5.3981627015177525
93,729.0,random_sampling,symmetric,uniform,20,35.0,729.0,True,0.18947368421052632,1.0,6.591673732008658
94,1518.0,random_sampling,symmetric,uniform,20,35.0,1518.0,True,0.18947368421052632,1.0000000000000002,7.325148957955575
95,663.0,random_sampling,symmetric,uniform,20,35.0,663.0,True,0.18947368421052632,1.0,6.4967749901858625
96,390.0,random_sampling,symmetric,uniform,20,35.0,390.0,True,0.18947368421052632,1.0000000000000002,5.966146739123692
97,478.0,random_sampling,symmetric,uniform,20,35.0,478.0,True,0.18947368421052632,1.0,6.169610732491456
98,3114.0,random_sampling,symmetric,uniform,20,35.0,3114.0,True,0.18947368421052632,1.0,8.043663352393944
99,223.0,random_sampling,symmetric,uniform,20,35.0,223.0,True,0.18947368421052632,1.0,5.407171771460119
0,106.0,random_sampling,symmetric,uniform,20,5.0,106.0,True,0.031578947368421054,1.0,4.663439094112067
1,186.0,random_sampling,symmetric,uniform,20,5.0,186.0,True,0.031578947368421054,,5.225746673713202
2,60.0,random_sampling,symmetric,uniform,20,5.0,60.0,True,0.031578947368421054,,4.0943445622221
3,110.0,random_sampling,symmetric,uniform,20,5.0,110.0,True,0.031578947368421054,,4.700480365792417
4,57.0,random_sampling,symmetric,uniform,20,5.0,57.0,True,0.031578947368421054,,4.04305126783455
5,142.0,random_sampling,symmetric,uniform,20,5.0,142.0,True,0.031578947368421054,1.0,4.955827057601261
6,93.0,random_sampling,symmetric,uniform,20,5.0,93.0,True,0.031578947368421054,,4.532599493153256
7,122.0,random_sampling,symmetric,uniform,20,5.0,122.0,True,0.031578947368421054,,4.804021044733257
8,57.0,random_sampling,symmetric,uniform,20,5.0,57.0,True,0.031578947368421054,,4.04305126783455
9,386.0,random_sampling,symmetric,uniform,20,5.0,386.0,True,0.031578947368421054,1.0,5.955837369464831
10,102.0,random_sampling,symmetric,uniform,20,5.0,102.0,True,0.031578947368421054,,4.624972813284271
11,144.0,random_sampling,symmetric,uniform,20,5.0,144.0,True,0.031578947368421054,,4.969813299576001
12,179.0,random_sampling,symmetric,uniform,20,5.0,179.0,True,0.031578947368421054,,5.187385805840755
13,111.0,random_sampling,symmetric,uniform,20,5.0,111.0,True,0.031578947368421054,1.0,4.709530201312334
14,151.0,random_sampling,symmetric,uniform,20,5.0,151.0,True,0.031578947368421054,,5.017279836814924
15,203.0,random_sampling,symmetric,uniform,20,5.0,203.0,True,0.031578947368421054,,5.313205979041787
16,315.0,random_sampling,symmetric,uniform,20,5.0,315.0,True,0.031578947368421054,1.0,5.752572638825633
17,151.0,random_sampling,symmetric,uniform,20,5.0,151.0,True,0.031578947368421054,1.0,5.017279836814924
18,403.0,random_sampling,symmetric,uniform,20,5.0,403.0,True,0.031578947368421054,1.0,5.998936561946683
19,546.0,random_sampling,symmetric,uniform,20,5.0,546.0,True,0.031578947368421054,1.0,6.302618975744905
20,70.0,random_sampling,symmetric,uniform,20,5.0,70.0,True,0.031578947368421054,1.0,4.248495242049359
21,122.0,random_sampling,symmetric,uniform,20,5.0,122.0,True,0.031578947368421054,1.0,4.804021044733257
22,113.0,random_sampling,symmetric,uniform,20,5.0,113.0,True,0.031578947368421054,,4.727387818712341
23,168.0,random_sampling,symmetric,uniform,20,5.0,168.0,True,0.031578947368421054,1.0,5.123963979403259
24,109.0,random_sampling,symmetric,uniform,20,5.0,109.0,True,0.031578947368421054,,4.6913478822291435
25,107.0,random_sampling,symmetric,uniform,20,5.0,107.0,True,0.031578947368421054,1.0,4.672828834461906
26,98.0,random_sampling,symmetric,uniform,20,5.0,98.0,True,0.031578947368421054,1.0,4.584967478670572
27,192.0,random_sampling,symmetric,uniform,20,5.0,192.0,True,0.031578947368421054,,5.2574953720277815
28,86.0,random_sampling,symmetric,uniform,20,5.0,86.0,True,0.031578947368421054,1.0,4.454347296253507
29,60.0,random_sampling,symmetric,uniform,20,5.0,60.0,True,0.031578947368421054,,4.0943445622221
30,165.0,random_sampling,symmetric,uniform,20,5.0,165.0,True,0.031578947368421054,1.0,5.10594547390058
31,115.0,random_sampling,symmetric,uniform,20,5.0,115.0,True,0.031578947368421054,,4.74493212836325
32,66.0,random_sampling,symmetric,uniform,20,5.0,66.0,True,0.031578947368421054,,4.189654742026425
33,81.0,random_sampling,symmetric,uniform,20,5.0,81.0,True,0.031578947368421054,1.0,4.394449154672439
34,107.0,random_sampling,symmetric,uniform,20,5.0,107.0,True,0.031578947368421054,1.0,4.672828834461906
35,403.0,random_sampling,symmetric,uniform,20,5.0,403.0,True,0.031578947368421054,,5.998936561946683
36,102.0,random_sampling,symmetric,uniform,20,5.0,102.0,True,0.031578947368421054,1.0,4.624972813284271
37,84.0,random_sampling,symmetric,uniform,20,5.0,84.0,True,0.031578947368421054,1.0,4.430816798843313
38,290.0,random_sampling,symmetric,uniform,20,5.0,290.0,True,0.031578947368421054,1.0,5.66988092298052
39,94.0,random_sampling,symmetric,uniform,20,5.0,94.0,True,0.031578947368421054,1.0,4.543294782270004
40,165.0,random_sampling,symmetric,uniform,20,5.0,165.0,True,0.031578947368421054,,5.10594547390058
41,89.0,random_sampling,symmetric,uniform,20,5.0,89.0,True,0.031578947368421054,,4.48863636973214
42,89.0,random_sampling,symmetric,uniform,20,5.0,89.0,True,0.031578947368421054,,4.48863636973214
43,122.0,random_sampling,symmetric,uniform,20,5.0,122.0,True,0.031578947368421054,,4.804021044733257
44,58.0,random_sampling,symmetric,uniform,20,5.0,58.0,True,0.031578947368421054,1.0,4.060443010546419
45,110.0,random_sampling,symmetric,uniform,20,5.0,110.0,True,0.031578947368421054,,4.700480365792417
46,54.0,random_sampling,symmetric,uniform,20,5.0,54.0,True,0.031578947368421054,1.0,3.9889840465642745
47,188.0,random_sampling,symmetric,uniform,20,5.0,188.0,True,0.031578947368421054,,5.236441962829949
48,160.0,random_sampling,symmetric,uniform,20,5.0,160.0,True,0.031578947368421054,,5.075173815233827
49,184.0,random_sampling,symmetric,uniform,20,5.0,184.0,True,0.031578947368421054,1.0,5.214935757608986
50,112.0,random_sampling,symmetric,uniform,20,5.0,112.0,True,0.031578947368421054,,4.718498871295094
51,202.0,random_sampling,symmetric,uniform,20,5.0,202.0,True,0.031578947368421054,,5.308267697401205
52,70.0,random_sampling,symmetric,uniform,20,5.0,70.0,True,0.031578947368421054,,4.248495242049359
53,109.0,random_sampling,symmetric,uniform,20,5.0,109.0,True,0.031578947368421054,1.0,4.6913478822291435
54,88.0,random_sampling,symmetric,uniform,20,5.0,88.0,True,0.031578947368421054,,4.477336814478207
55,193.0,random_sampling,symmetric,uniform,20,5.0,193.0,True,0.031578947368421054,1.0,5.262690188904886
56,128.0,random_sampling,symmetric,uniform,20,5.0,128.0,True,0.031578947368421054,,4.852030263919617
57,122.0,random_sampling,symmetric,uniform,20,5.0,122.0,True,0.031578947368421054,1.0,4.804021044733257
58,99.0,random_sampling,symmetric,uniform,20,5.0,99.0,True,0.031578947368421054,,4.59511985013459
59,99.0,random_sampling,symmetric,uniform,20,5.0,99.0,True,0.031578947368421054,,4.59511985013459
60,142.0,random_sampling,symmetric,uniform,20,5.0,142.0,True,0.031578947368421054,1.0,4.955827057601261
61,78.0,random_sampling,symmetric,uniform,20,5.0,78.0,True,0.031578947368421054,,4.356708826689592
62,900.0,random_sampling,symmetric,uniform,20,5.0,900.0,True,0.031578947368421054,1.0,6.802394763324311
63,59.0,random_sampling,symmetric,uniform,20,5.0,59.0,True,0.031578947368421054,1.0,4.07753744390572
64,103.0,random_sampling,symmetric,uniform,20,5.0,103.0,True,0.031578947368421054,,4.634728988229636
65,156.0,random_sampling,symmetric,uniform,20,5.0,156.0,True,0.031578947368421054,1.0,5.049856007249537
66,93.0,random_sampling,symmetric,uniform,20,5.0,93.0,True,0.031578947368421054,,4.532599493153256
67,220.0,random_sampling,symmetric,uniform,20,5.0,220.0,True,0.031578947368421054,,5.393627546352362
68,421.0,random_sampling,symmetric,uniform,20,5.0,421.0,True,0.031578947368421054,,6.042632833682381
69,102.0,random_sampling,symmetric,uniform,20,5.0,102.0,True,0.031578947368421054,,4.624972813284271
70,1365.0,random_sampling,symmetric,uniform,20,5.0,1365.0,True,0.031578947368421054,1.0,7.21890970761906
71,70.0,random_sampling,symmetric,uniform,20,5.0,70.0,True,0.031578947368421054,,4.248495242049359
72,59.0,random_sampling,symmetric,uniform,20,5.0,59.0,True,0.031578947368421054,,4.07753744390572
73,77.0,random_sampling,symmetric,uniform,20,5.0,77.0,True,0.031578947368421054,,4.343805421853684
74,90.0,random_sampling,symmetric,uniform,20,5.0,90.0,True,0.031578947368421054,,4.499809670330265
75,57.0,random_sampling,symmetric,uniform,20,5.0,57.0,True,0.031578947368421054,1.0,4.04305126783455
76,126.0,random_sampling,symmetric,uniform,20,5.0,126.0,True,0.031578947368421054,,4.836281906951478
77,142.0,random_sampling,symmetric,uniform,20,5.0,142.0,True,0.031578947368421054,,4.955827057601261
78,107.0,random_sampling,symmetric,uniform,20,5.0,107.0,True,0.031578947368421054,,4.672828834461906
79,90.0,random_sampling,symmetric,uniform,20,5.0,90.0,True,0.031578947368421054,1.0,4.499809670330265
80,63.0,random_sampling,symmetric,uniform,20,5.0,63.0,True,0.031578947368421054,,4.143134726391533
81,138.0,random_sampling,symmetric,uniform,20,5.0,138.0,True,0.031578947368421054,,4.927253685157205
82,92.0,random_sampling,symmetric,uniform,20,5.0,92.0,True,0.031578947368421054,,4.5217885770490405
83,200.0,random_sampling,symmetric,uniform,20,5.0,200.0,True,0.031578947368421054,,5.298317366548036
84,52.0,random_sampling,symmetric,uniform,20,5.0,52.0,True,0.031578947368421054,1.0,3.9512437185814275
85,100.0,random_sampling,symmetric,uniform,20,5.0,100.0,True,0.031578947368421054,1.0,4.605170185988092
86,55.0,random_sampling,symmetric,uniform,20,5.0,55.0,True,0.031578947368421054,,4.007333185232471
87,137.0,random_sampling,symmetric,uniform,20,5.0,137.0,True,0.031578947368421054,,4.919980925828125
88,96.0,random_sampling,symmetric,uniform,20,5.0,96.0,True,0.031578947368421054,,4.564348191467836
89,66.0,random_sampling,symmetric,uniform,20,5.0,66.0,True,0.031578947368421054,1.0,4.189654742026425
90,129.0,random_sampling,symmetric,uniform,20,5.0,129.0,True,0.031578947368421054,1.0,4.859812404361672
91,171.0,random_sampling,symmetric,uniform,20,5.0,171.0,True,0.031578947368421054,,5.14166355650266
92,112.0,random_sampling,symmetric,uniform,20,5.0,112.0,True,0.031578947368421054,1.0,4.718498871295094
93,68.0,random_sampling,symmetric,uniform,20,5.0,68.0,True,0.031578947368421054,1.0,4.219507705176107
94,64.0,random_sampling,symmetric,uniform,20,5.0,64.0,True,0.031578947368421054,1.0,4.1588830833596715
95,2808.0,random_sampling,symmetric,uniform,20,5.0,2808.0,True,0.031578947368421054,1.0,7.940227765145702
96,54.0,random_sampling,symmetric,uniform,20,5.0,54.0,True,0.031578947368421054,1.0,3.9889840465642745
97,147.0,random_sampling,symmetric,uniform,20,5.0,147.0,True,0.031578947368421054,,4.990432586778736
98,123.0,random_sampling,symmetric,uniform,20,5.0,123.0,True,0.031578947368421054,,4.812184355372417
99,61.0,random_sampling,symmetric,uniform,20,5.0,61.0,True,0.031578947368421054,,4.110873864173311
0,914.0,random_sampling,symmetric,uniform,20,85.0,914.0,True,0.38421052631578945,0.9999999999999998,6.81783057145415
1,338.0,random_sampling,symmetric,uniform,20,85.0,338.0,True,0.4421052631578947,1.0,5.823045895483019
2,606.0,random_sampling,symmetric,uniform,20,85.0,606.0,True,0.3894736842105263,1.0000000000000002,6.406879986069314
3,144.0,random_sampling,symmetric,uniform,20,85.0,144.0,True,0.39473684210526316,1.0,4.969813299576001
4,402.0,random_sampling,symmetric,uniform,20,85.0,402.0,True,0.41578947368421054,1.0,5.996452088619021
5,1405.0,random_sampling,symmetric,uniform,20,85.0,1405.0,True,0.38421052631578945,0.9999999999999998,7.247792581767846
6,1746.0,random_sampling,symmetric,uniform,20,85.0,1746.0,True,0.4105263157894737,1.0,7.465082736399547
7,610.0,random_sampling,symmetric,uniform,20,85.0,610.0,True,0.39473684210526316,0.9999999999999998,6.413458957167357
8,417.0,random_sampling,symmetric,uniform,20,85.0,417.0,True,0.4052631578947368,1.0,6.0330862217988015
9,200.0,random_sampling,symmetric,uniform,20,85.0,200.0,True,0.4052631578947368,1.0,5.298317366548036
10,484.0,random_sampling,symmetric,uniform,20,85.0,484.0,True,0.42105263157894735,0.9999999999999998,6.182084906716632
11,589.0,random_sampling,symmetric,uniform,20,85.0,589.0,True,0.4263157894736842,1.0,6.3784261836515865
12,116.0,random_sampling,symmetric,uniform,20,85.0,116.0,True,0.37894736842105264,1.0000000000000004,4.7535901911063645
13,566.0,random_sampling,symmetric,uniform,20,85.0,566.0,True,0.38421052631578945,1.0,6.338594078203183
14,2419.0,random_sampling,symmetric,uniform,20,85.0,2419.0,True,0.3894736842105263,1.0,7.791109510610028
15,750.0,random_sampling,symmetric,uniform,20,85.0,750.0,True,0.41578947368421054,1.0,6.620073206530356
16,326.0,random_sampling,symmetric,uniform,20,85.0,326.0,True,0.4,1.0000000000000002,5.786897381366708
17,641.0,random_sampling,symmetric,uniform,20,85.0,641.0,True,0.4105263157894737,1.0000000000000002,6.46302945692067
18,572.0,random_sampling,symmetric,uniform,20,85.0,572.0,True,0.4,1.0000000000000002,6.349138991379798
19,625.0,random_sampling,symmetric,uniform,20,85.0,625.0,True,0.41578947368421054,1.0,6.437751649736401
20,669.0,random_sampling,symmetric,uniform,20,85.0,669.0,True,0.4,1.0,6.505784060128229
21,743.0,random_sampling,symmetric,uniform,20,85.0,743.0,True,0.4052631578947368,1.0,6.610696044717759
22,1322.0,random_sampling,symmetric,uniform,20,85.0,1322.0,True,0.4052631578947368,1.0,7.186901020411631
23,847.0,random_sampling,symmetric,uniform,20,85.0,847.0,True,0.4,1.0,6.741700694652055
24,872.0,random_sampling,symmetric,uniform,20,85.0,872.0,True,0.39473684210526316,0.9999999999999998,6.77078942390898
25,241.0,random_sampling,symmetric,uniform,20,85.0,241.0,True,0.4052631578947368,1.0,5.484796933490655
26,678.0,random_sampling,symmetric,uniform,20,85.0,678.0,True,0.41578947368421054,0.9999999999999998,6.519147287940395
27,994.0,random_sampling,symmetric,uniform,20,85.0,994.0,True,0.42105263157894735,1.0000000000000002,6.901737206656574
28,672.0,random_sampling,symmetric,uniform,20,85.0,672.0,True,0.4052631578947368,1.0,6.51025834052315
29,336.0,random_sampling,symmetric,uniform,20,85.0,336.0,True,0.4,1.0,5.817111159963204
30,1586.0,random_sampling,symmetric,uniform,20,85.0,1586.0,True,0.3894736842105263,1.0,7.368970402194793
31,157.0,random_sampling,symmetric,uniform,20,85.0,157.0,True,0.4,1.0,5.056245805348308
32,250.0,random_sampling,symmetric,uniform,20,85.0,250.0,True,0.4105263157894737,1.0,5.521460917862246
33,327.0,random_sampling,symmetric,uniform,20,85.0,327.0,True,0.41578947368421054,0.9999999999999998,5.7899601708972535
34,374.0,random_sampling,symmetric,uniform,20,85.0,374.0,True,0.39473684210526316,1.0,5.924255797414532
35,332.0,random_sampling,symmetric,uniform,20,85.0,332.0,True,0.3894736842105263,1.0000000000000002,5.805134968916488
36,478.0,random_sampling,symmetric,uniform,20,85.0,478.0,True,0.43157894736842106,0.9999999999999998,6.169610732491456
37,1030.0,random_sampling,symmetric,uniform,20,85.0,1030.0,True,0.4105263157894737,1.0000000000000002,6.937314081223682
38,1062.0,random_sampling,symmetric,uniform,20,85.0,1062.0,True,0.4,0.9999999999999997,6.967909201801884
39,181.0,random_sampling,symmetric,uniform,20,85.0,181.0,True,0.4,1.0,5.198497031265826
40,657.0,random_sampling,symmetric,uniform,20,85.0,657.0,True,0.4,1.0000000000000002,6.48768401848461
41,284.0,random_sampling,symmetric,uniform,20,85.0,284.0,True,0.4052631578947368,1.0,5.648974238161206
42,1025.0,random_sampling,symmetric,uniform,20,85.0,1025.0,True,0.4,1.0000000000000002,6.932447891572509
43,1131.0,random_sampling,symmetric,uniform,20,85.0,1131.0,True,0.41578947368421054,1.0,7.030857476116121
44,217.0,random_sampling,symmetric,uniform,20,85.0,217.0,True,0.4105263157894737,1.0,5.37989735354046
45,272.0,random_sampling,symmetric,uniform,20,85.0,272.0,True,0.37894736842105264,1.0000000000000002,5.605802066295998
46,446.0,random_sampling,symmetric,uniform,20,85.0,446.0,True,0.4,0.9999999999999997,6.100318952020064
47,408.0,random_sampling,symmetric,uniform,20,85.0,408.0,True,0.41578947368421054,1.0,6.0112671744041615
48,418.0,random_sampling,symmetric,uniform,20,85.0,418.0,True,0.4105263157894737,1.0000000000000004,6.035481432524756
49,2272.0,random_sampling,symmetric,uniform,20,85.0,2272.0,True,0.4052631578947368,0.9999999999999998,7.7284157798410416
50,382.0,random_sampling,symmetric,uniform,20,85.0,382.0,True,0.4,1.0,5.945420608606575
51,1180.0,random_sampling,symmetric,uniform,20,85.0,1180.0,True,0.4,1.0,7.07326971745971
52,582.0,random_sampling,symmetric,uniform,20,85.0,582.0,True,0.4105263157894737,1.0,6.366470447731438
53,629.0,random_sampling,symmetric,uniform,20,85.0,629.0,True,0.4,1.0000000000000002,6.444131256700441
54,189.0,random_sampling,symmetric,uniform,20,85.0,189.0,True,0.3894736842105263,1.0,5.241747015059643
55,490.0,random_sampling,symmetric,uniform,20,85.0,490.0,True,0.42105263157894735,0.9999999999999997,6.194405391104672
56,1615.0,random_sampling,symmetric,uniform,20,85.0,1615.0,True,0.4105263157894737,1.0,7.387090235656757
57,446.0,random_sampling,symmetric,uniform,20,85.0,446.0,True,0.41578947368421054,1.0,6.100318952020064
58,2350.0,random_sampling,symmetric,uniform,20,85.0,2350.0,True,0.39473684210526316,1.0,7.762170607138205
59,346.0,random_sampling,symmetric,uniform,20,85.0,346.0,True,0.41578947368421054,1.0000000000000002,5.846438775057725
60,689.0,random_sampling,symmetric,uniform,20,85.0,689.0,True,0.4105263157894737,1.0000000000000004,6.535241271013659
61,2787.0,random_sampling,symmetric,uniform,20,85.0,2787.0,True,0.4105263157894737,0.9999999999999998,7.932721027481948
62,745.0,random_sampling,symmetric,uniform,20,85.0,745.0,True,0.41578947368421054,1.0000000000000002,6.61338421837956
63,627.0,random_sampling,symmetric,uniform,20,85.0,627.0,True,0.4052631578947368,1.0,6.440946540632921
64,529.0,random_sampling,symmetric,uniform,20,85.0,529.0,True,0.4,1.0,6.270988431858299
65,1054.0,random_sampling,symmetric,uniform,20,85.0,1054.0,True,0.41578947368421054,1.0,6.960347729101308
66,494.0,random_sampling,symmetric,uniform,20,85.0,494.0,True,0.4105263157894737,1.0,6.202535517187923
67,757.0,random_sampling,symmetric,uniform,20,85.0,757.0,True,0.39473684210526316,0.9999999999999998,6.6293632534374485
68,360.0,random_sampling,symmetric,uniform,20,85.0,360.0,True,0.4052631578947368,0.9999999999999997,5.886104031450156
69,379.0,random_sampling,symmetric,uniform,20,85.0,379.0,True,0.39473684210526316,1.0,5.937536205082426
70,358.0,random_sampling,symmetric,uniform,20,85.0,358.0,True,0.3894736842105263,1.0,5.8805329864007
71,1339.0,random_sampling,symmetric,uniform,20,85.0,1339.0,True,0.4052631578947368,0.9999999999999998,7.199678345691172
72,472.0,random_sampling,symmetric,uniform,20,85.0,472.0,True,0.42105263157894735,1.0,6.156978985585555
73,193.0,random_sampling,symmetric,uniform,20,85.0,193.0,True,0.3684210526315789,1.0,5.262690188904886
74,1036.0,random_sampling,symmetric,uniform,20,85.0,1036.0,True,0.4052631578947368,0.9999999999999998,6.943122422819428
75,210.0,random_sampling,symmetric,uniform,20,85.0,210.0,True,0.39473684210526316,1.0,5.3471075307174685
76,423.0,random_sampling,symmetric,uniform,20,85.0,423.0,True,0.41578947368421054,0.9999999999999998,6.0473721790462776
77,562.0,random_sampling,symmetric,uniform,20,85.0,562.0,True,0.37894736842105264,1.0,6.331501849893691
78,587.0,random_sampling,symmetric,uniform,20,85.0,587.0,True,0.4105263157894737,1.0,6.375024819828097
79,332.0,random_sampling,symmetric,uniform,20,85.0,332.0,True,0.4,1.0,5.805134968916488
80,392.0,random_sampling,symmetric,uniform,20,85.0,392.0,True,0.42105263157894735,1.0,5.971261839790462
81,395.0,random_sampling,symmetric,uniform,20,85.0,395.0,True,0.41578947368421054,1.0,5.978885764901122
82,284.0,random_sampling,symmetric,uniform,20,85.0,284.0,True,0.4,0.9999999999999998,5.648974238161206
83,771.0,random_sampling,symmetric,uniform,20,85.0,771.0,True,0.41578947368421054,1.0000000000000002,6.647688373563329
84,429.0,random_sampling,symmetric,uniform,20,85.0,429.0,True,0.39473684210526316,1.0000000000000004,6.061456918928017
85,149.0,random_sampling,symmetric,uniform,20,85.0,149.0,True,0.41578947368421054,1.0,5.003946305945459
86,132.0,random_sampling,symmetric,uniform,20,85.0,132.0,True,0.41578947368421054,1.0000000000000002,4.882801922586371
87,83.0,random_sampling,symmetric,uniform,20,85.0,83.0,True,0.39473684210526316,0.9999999999999998,4.418840607796598
88,1634.0,random_sampling,symmetric,uniform,20,85.0,1634.0,True,0.4,0.9999999999999998,7.3987862754199485
89,961.0,random_sampling,symmetric,uniform,20,85.0,961.0,True,0.4105263157894737,1.0,6.8679744089702925
90,2329.0,random_sampling,symmetric,uniform,20,85.0,2329.0,True,0.42105263157894735,0.9999999999999998,7.753194269884341
91,172.0,random_sampling,symmetric,uniform,20,85.0,172.0,True,0.4105263157894737,1.0,5.147494476813453
92,1489.0,random_sampling,symmetric,uniform,20,85.0,1489.0,True,0.4105263157894737,1.0000000000000004,7.305860032684009
93,174.0,random_sampling,symmetric,uniform,20,85.0,174.0,True,0.3736842105263158,1.0000000000000002,5.159055299214529
94,746.0,random_sampling,symmetric,uniform,20,85.0,746.0,True,0.4105263157894737,1.0,6.61472560020376
95,435.0,random_sampling,symmetric,uniform,20,85.0,435.0,True,0.3894736842105263,1.0,6.075346031088684
96,217.0,random_sampling,symmetric,uniform,20,85.0,217.0,True,0.43157894736842106,1.0,5.37989735354046
97,197.0,random_sampling,symmetric,uniform,20,85.0,197.0,True,0.3894736842105263,1.0,5.2832037287379885
98,864.0,random_sampling,symmetric,uniform,20,85.0,864.0,True,0.4052631578947368,1.0,6.761572768804055
99,724.0,random_sampling,symmetric,uniform,20,85.0,724.0,True,0.4052631578947368,1.0,6.584791392385716
0,2896.0,random_sampling,symmetric,uniform,30,55.0,2896.0,True,0.12873563218390804,1.0,7.971085753505607
1,14564.0,random_sampling,symmetric,uniform,30,55.0,14564.0,True,0.12873563218390804,0.9999999999999999,9.586308009295324
2,4854.0,random_sampling,symmetric,uniform,30,55.0,4854.0,True,0.12873563218390804,1.0,8.487558386286548
3,3445.0,random_sampling,symmetric,uniform,30,55.0,3445.0,True,0.12873563218390804,0.9999999999999999,8.144679183447758
4,2007.0,random_sampling,symmetric,uniform,30,55.0,2007.0,True,0.12873563218390804,1.0000000000000002,7.604396348796338
5,2969.0,random_sampling,symmetric,uniform,30,55.0,2969.0,True,0.12873563218390804,1.0,7.99598047476376
6,1832.0,random_sampling,symmetric,uniform,30,55.0,1832.0,True,0.12873563218390804,1.0000000000000002,7.513163545234075
7,3458.0,random_sampling,symmetric,uniform,30,55.0,3458.0,True,0.12873563218390804,0.9999999999999998,8.148445666243235
8,11454.0,random_sampling,symmetric,uniform,30,55.0,11454.0,True,0.12873563218390804,0.9999999999999999,9.346094292953802
9,29191.0,random_sampling,symmetric,uniform,30,55.0,29191.0,True,0.12873563218390804,1.0000000000000002,10.281615721568997
10,7702.0,random_sampling,symmetric,uniform,30,55.0,7702.0,True,0.12873563218390804,1.0,8.949235314374855
11,4861.0,random_sampling,symmetric,uniform,30,55.0,4861.0,True,0.12873563218390804,0.9999999999999998,8.488999457045455
12,2053.0,random_sampling,symmetric,uniform,30,55.0,2053.0,True,0.12873563218390804,0.9999999999999998,7.627057417018934
13,6884.0,random_sampling,symmetric,uniform,30,55.0,6884.0,True,0.12873563218390804,1.0,8.83695515733143
14,915.0,random_sampling,symmetric,uniform,30,55.0,915.0,True,0.12873563218390804,0.9999999999999999,6.818924065275521
15,5378.0,random_sampling,symmetric,uniform,30,55.0,5378.0,True,0.12873563218390804,1.0,8.59007183682881
16,2569.0,random_sampling,symmetric,uniform,30,55.0,2569.0,True,0.12873563218390804,1.0,7.851271997109883
17,24060.0,random_sampling,symmetric,uniform,30,55.0,24060.0,True,0.12873563218390804,0.9999999999999999,10.08830598952867
18,19439.0,random_sampling,symmetric,uniform,30,55.0,19439.0,True,0.12873563218390804,1.0,9.875036636362113
19,1702.0,random_sampling,symmetric,uniform,30,55.0,1702.0,True,0.12873563218390804,1.0,7.43955930913332
20,4701.0,random_sampling,symmetric,uniform,30,55.0,4701.0,True,0.12873563218390804,1.0,8.45553053102413
21,22493.0,random_sampling,symmetric,uniform,30,55.0,22493.0,True,0.12873563218390804,1.0000000000000002,10.0209594286763
22,1721.0,random_sampling,symmetric,uniform,30,55.0,1721.0,True,0.12873563218390804,0.9999999999999999,7.450660796211539
23,2089.0,random_sampling,symmetric,uniform,30,55.0,2089.0,True,0.12873563218390804,1.0000000000000002,7.644440761556566
24,17265.0,random_sampling,symmetric,uniform,30,55.0,17265.0,True,0.12873563218390804,1.0,9.756436609824092
25,5768.0,random_sampling,symmetric,uniform,30,55.0,5768.0,True,0.12873563218390804,0.9999999999999999,8.660080678964786
26,12843.0,random_sampling,symmetric,uniform,30,55.0,12843.0,True,0.12873563218390804,1.0,9.460554194813056
27,884.0,random_sampling,symmetric,uniform,30,55.0,884.0,True,0.12873563218390804,1.0,6.784457062637643
28,4864.0,random_sampling,symmetric,uniform,30,55.0,4864.0,True,0.12873563218390804,0.9999999999999999,8.489616423646003
29,4016.0,random_sampling,symmetric,uniform,30,55.0,4016.0,True,0.12873563218390804,1.0,8.298041661371565
30,3374.0,random_sampling,symmetric,uniform,30,55.0,3374.0,True,0.12873563218390804,1.0,8.123854263105914
31,5946.0,random_sampling,symmetric,uniform,30,55.0,5946.0,True,0.12873563218390804,0.9999999999999999,8.690474003558043
32,1994.0,random_sampling,symmetric,uniform,30,55.0,1994.0,True,0.12873563218390804,1.0,7.597897950521784
33,11077.0,random_sampling,symmetric,uniform,30,55.0,11077.0,True,0.12873563218390804,1.0000000000000002,9.312626165516933
34,1992.0,random_sampling,symmetric,uniform,30,55.0,1992.0,True,0.12873563218390804,1.0000000000000002,7.596894438144544
35,1726.0,random_sampling,symmetric,uniform,30,55.0,1726.0,True,0.12873563218390804,1.0,7.453561871643373
36,8022.0,random_sampling,symmetric,uniform,30,55.0,8022.0,True,0.12873563218390804,1.0,8.989943046329998
37,1418.0,random_sampling,symmetric,uniform,30,55.0,1418.0,True,0.12873563218390804,0.9999999999999999,7.257002707092073
38,13299.0,random_sampling,symmetric,uniform,30,55.0,13299.0,True,0.12643678160919541,0.9999999999999999,9.495444123413163
39,5999.0,random_sampling,symmetric,uniform,30,55.0,5999.0,True,0.12873563218390804,1.0,8.699348067653093
40,2294.0,random_sampling,symmetric,uniform,30,55.0,2294.0,True,0.12873563218390804,1.0000000000000002,7.738052297689316
41,484.0,random_sampling,symmetric,uniform,30,55.0,484.0,True,0.12873563218390804,0.9999999999999999,6.182084906716632
42,38956.0,random_sampling,symmetric,uniform,30,55.0,38956.0,True,0.12873563218390804,1.0000000000000002,10.57018808308109
43,1745.0,random_sampling,symmetric,uniform,30,55.0,1745.0,True,0.12873563218390804,1.0,7.4645098346365275
44,2511.0,random_sampling,symmetric,uniform,30,55.0,2511.0,True,0.12873563218390804,0.9999999999999999,7.828436359157585
45,38339.0,random_sampling,symmetric,uniform,30,55.0,38339.0,True,0.12873563218390804,0.9999999999999999,10.554222933839034
46,10367.0,random_sampling,symmetric,uniform,30,55.0,10367.0,True,0.12873563218390804,0.9999999999999999,9.246382963323112
47,19982.0,random_sampling,symmetric,uniform,30,55.0,19982.0,True,0.12873563218390804,1.0,9.902587147292964
48,6113.0,random_sampling,symmetric,uniform,30,55.0,6113.0,True,0.12873563218390804,1.0,8.718172930028725
49,9677.0,random_sampling,symmetric,uniform,30,55.0,9677.0,True,0.12873563218390804,1.0,9.177507214880942
50,10710.0,random_sampling,symmetric,uniform,30,55.0,10710.0,True,0.12873563218390804,1.0000000000000002,9.278933163441794
51,2993.0,random_sampling,symmetric,uniform,30,55.0,2993.0,True,0.12873563218390804,1.0000000000000002,8.0040315078527
52,8319.0,random_sampling,symmetric,uniform,30,55.0,8319.0,True,0.12873563218390804,0.9999999999999999,9.026297334283887
53,14190.0,random_sampling,symmetric,uniform,30,55.0,14190.0,True,0.12873563218390804,1.0,9.560292770154089
54,5698.0,random_sampling,symmetric,uniform,30,55.0,5698.0,True,0.12873563218390804,1.0,8.647870515057853
55,6355.0,random_sampling,symmetric,uniform,30,55.0,6355.0,True,0.12873563218390804,1.0000000000000002,8.756997183623554
56,1989.0,random_sampling,symmetric,uniform,30,55.0,1989.0,True,0.12873563218390804,1.0,7.5953872788539725
57,5697.0,random_sampling,symmetric,uniform,30,55.0,5697.0,True,0.12873563218390804,1.0000000000000002,8.647694999480395
58,4811.0,random_sampling,symmetric,uniform,30,55.0,4811.0,True,0.12873563218390804,0.9999999999999998,8.478660241699453
59,16535.0,random_sampling,symmetric,uniform,30,55.0,16535.0,True,0.12873563218390804,1.0,9.713234625415893
60,11449.0,random_sampling,symmetric,uniform,30,55.0,11449.0,True,0.12873563218390804,1.0,9.345657668923812
61,1540.0,random_sampling,symmetric,uniform,30,55.0,1540.0,True,0.12873563218390804,1.0,7.3395376954076745
62,5888.0,random_sampling,symmetric,uniform,30,55.0,5888.0,True,0.12873563218390804,1.0,8.680671660408713
63,3313.0,random_sampling,symmetric,uniform,30,55.0,3313.0,True,0.12873563218390804,1.0,8.105609402299896
64,10812.0,random_sampling,symmetric,uniform,30,55.0,10812.0,True,0.12873563218390804,1.0,9.288411907396338
65,11199.0,random_sampling,symmetric,uniform,30,55.0,11199.0,True,0.12873563218390804,0.9999999999999998,9.323579767582693
66,13066.0,random_sampling,symmetric,uniform,30,55.0,13066.0,True,0.12873563218390804,0.9999999999999999,9.477768715400696
67,2007.0,random_sampling,symmetric,uniform,30,55.0,2007.0,True,0.12873563218390804,1.0,7.604396348796338
68,1740.0,random_sampling,symmetric,uniform,30,55.0,1740.0,True,0.12873563218390804,0.9999999999999998,7.461640392208575
69,3413.0,random_sampling,symmetric,uniform,30,55.0,3413.0,True,0.12873563218390804,1.0,8.135346948906706
70,3667.0,random_sampling,symmetric,uniform,30,55.0,3667.0,True,0.12873563218390804,0.9999999999999999,8.207129168071326
71,3375.0,random_sampling,symmetric,uniform,30,55.0,3375.0,True,0.12873563218390804,0.9999999999999999,8.12415060330663
72,5368.0,random_sampling,symmetric,uniform,30,55.0,5368.0,True,0.12873563218390804,1.0,8.588210678651517
73,3888.0,random_sampling,symmetric,uniform,30,55.0,3888.0,True,0.12873563218390804,1.0,8.265650165580329
74,16324.0,random_sampling,symmetric,uniform,30,55.0,16324.0,True,0.12873563218390804,1.0,9.700391696525696
75,4337.0,random_sampling,symmetric,uniform,30,55.0,4337.0,True,0.12873563218390804,1.0,8.374938143835367
76,1057.0,random_sampling,symmetric,uniform,30,55.0,1057.0,True,0.12873563218390804,1.0000000000000002,6.963189985870238
77,17820.0,random_sampling,symmetric,uniform,30,55.0,17820.0,True,0.12873563218390804,1.0000000000000002,9.788076701024801
78,5750.0,random_sampling,symmetric,uniform,30,55.0,5750.0,True,0.12873563218390804,1.0,8.656955133791396
79,13910.0,random_sampling,symmetric,uniform,30,55.0,13910.0,True,0.12873563218390804,1.0000000000000002,9.540363284917488
80,1907.0,random_sampling,symmetric,uniform,30,55.0,1907.0,True,0.12873563218390804,1.0,7.553286605600419
81,13969.0,random_sampling,symmetric,uniform,30,55.0,13969.0,True,0.12873563218390804,1.0000000000000002,9.544595867727551
82,652.0,random_sampling,symmetric,uniform,30,55.0,652.0,True,0.12873563218390804,0.9999999999999998,6.480044561926653
83,1868.0,random_sampling,symmetric,uniform,30,55.0,1868.0,True,0.12873563218390804,1.0,7.532623618788788
84,14380.0,random_sampling,symmetric,uniform,30,55.0,14380.0,True,0.12873563218390804,1.0000000000000002,9.573593631275038
85,7814.0,random_sampling,symmetric,uniform,30,55.0,7814.0,True,0.12873563218390804,1.0,8.963672275615016
86,5740.0,random_sampling,symmetric,uniform,30,55.0,5740.0,True,0.12873563218390804,1.0,8.655214489313613
87,3844.0,random_sampling,symmetric,uniform,30,55.0,3844.0,True,0.12873563218390804,0.9999999999999999,8.254268770090183
88,6501.0,random_sampling,symmetric,uniform,30,55.0,6501.0,True,0.12873563218390804,0.9999999999999998,8.77971129020447
89,12205.0,random_sampling,symmetric,uniform,30,55.0,12205.0,True,0.12873563218390804,1.0000000000000002,9.40960098282706
90,456.0,random_sampling,symmetric,uniform,30,55.0,456.0,True,0.12873563218390804,1.0000000000000002,6.1224928095143865
91,3069.0,random_sampling,symmetric,uniform,30,55.0,3069.0,True,0.12873563218390804,0.9999999999999998,8.029107054619736
92,1648.0,random_sampling,symmetric,uniform,30,55.0,1648.0,True,0.12873563218390804,1.0000000000000002,7.4073177104694174
93,1010.0,random_sampling,symmetric,uniform,30,55.0,1010.0,True,0.12873563218390804,1.0,6.917705609835305
94,7569.0,random_sampling,symmetric,uniform,30,55.0,7569.0,True,0.12873563218390804,1.0,8.931816237309167
95,2971.0,random_sampling,symmetric,uniform,30,55.0,2971.0,True,0.12873563218390804,1.0000000000000002,7.9966538754626075
96,5336.0,random_sampling,symmetric,uniform,30,55.0,5336.0,True,0.12873563218390804,0.9999999999999999,8.58223158759546
97,80256.0,random_sampling,symmetric,uniform,30,55.0,80256.0,True,0.12873563218390804,1.0,11.292976804552538
98,3161.0,random_sampling,symmetric,uniform,30,55.0,3161.0,True,0.12873563218390804,1.0,8.058643712215618
99,2473.0,random_sampling,symmetric,uniform,30,55.0,2473.0,True,0.12873563218390804,1.0000000000000002,7.813187267521416
0,75.0,random_sampling,symmetric,uniform,20,90.0,75.0,True,0.4052631578947368,1.0,4.31748811353631
1,369.0,random_sampling,symmetric,uniform,20,90.0,369.0,True,0.4421052631578947,0.9999999999999998,5.910796644040527
2,286.0,random_sampling,symmetric,uniform,20,90.0,286.0,True,0.45263157894736844,1.0,5.655991810819852
3,827.0,random_sampling,symmetric,uniform,20,90.0,827.0,True,0.42105263157894735,0.9999999999999998,6.717804695023691
4,117.0,random_sampling,symmetric,uniform,20,90.0,117.0,True,0.4105263157894737,1.0000000000000002,4.762173934797756
5,141.0,random_sampling,symmetric,uniform,20,90.0,141.0,True,0.42105263157894735,1.0,4.948759890378168
6,190.0,random_sampling,symmetric,uniform,20,90.0,190.0,True,0.4421052631578947,1.0,5.247024072160486
7,567.0,random_sampling,symmetric,uniform,20,90.0,567.0,True,0.42105263157894735,1.0,6.340359303727752
8,864.0,random_sampling,symmetric,uniform,20,90.0,864.0,True,0.42105263157894735,1.0,6.761572768804055
9,443.0,random_sampling,symmetric,uniform,20,90.0,443.0,True,0.4263157894736842,1.0,6.093569770045136
10,94.0,random_sampling,symmetric,uniform,20,90.0,94.0,True,0.41578947368421054,0.9999999999999998,4.543294782270004
11,520.0,random_sampling,symmetric,uniform,20,90.0,520.0,True,0.4052631578947368,0.9999999999999997,6.253828811575473
12,659.0,random_sampling,symmetric,uniform,20,90.0,659.0,True,0.39473684210526316,0.9999999999999998,6.490723534502507
13,740.0,random_sampling,symmetric,uniform,20,90.0,740.0,True,0.4052631578947368,1.0,6.606650186198215
14,709.0,random_sampling,symmetric,uniform,20,90.0,709.0,True,0.42105263157894735,0.9999999999999998,6.5638555265321274
15,1444.0,random_sampling,symmetric,uniform,20,90.0,1444.0,True,0.42105263157894735,1.0,7.275172319452771
16,60.0,random_sampling,symmetric,uniform,20,90.0,60.0,True,0.41578947368421054,1.0,4.0943445622221
17,311.0,random_sampling,symmetric,uniform,20,90.0,311.0,True,0.4263157894736842,1.0,5.739792912179234
18,494.0,random_sampling,symmetric,uniform,20,90.0,494.0,True,0.43157894736842106,1.0,6.202535517187923
19,293.0,random_sampling,symmetric,uniform,20,90.0,293.0,True,0.43157894736842106,1.0,5.680172609017068
20,806.0,random_sampling,symmetric,uniform,20,90.0,806.0,True,0.41578947368421054,1.0,6.692083742506628
21,582.0,random_sampling,symmetric,uniform,20,90.0,582.0,True,0.43157894736842106,1.0,6.366470447731438
22,157.0,random_sampling,symmetric,uniform,20,90.0,157.0,True,0.4052631578947368,0.9999999999999998,5.056245805348308
23,415.0,random_sampling,symmetric,uniform,20,90.0,415.0,True,0.4,1.0,6.028278520230698
24,280.0,random_sampling,symmetric,uniform,20,90.0,280.0,True,0.41578947368421054,1.0,5.634789603169249
25,257.0,random_sampling,symmetric,uniform,20,90.0,257.0,True,0.41578947368421054,0.9999999999999998,5.54907608489522
26,172.0,random_sampling,symmetric,uniform,20,90.0,172.0,True,0.4421052631578947,1.0,5.147494476813453
27,809.0,random_sampling,symmetric,uniform,20,90.0,809.0,True,0.4263157894736842,1.0,6.695798917058491
28,1256.0,random_sampling,symmetric,uniform,20,90.0,1256.0,True,0.4263157894736842,1.0,7.135687347028144
29,326.0,random_sampling,symmetric,uniform,20,90.0,326.0,True,0.4263157894736842,1.0000000000000002,5.786897381366708
30,694.0,random_sampling,symmetric,uniform,20,90.0,694.0,True,0.4263157894736842,1.0,6.542471960506805
31,647.0,random_sampling,symmetric,uniform,20,90.0,647.0,True,0.43157894736842106,1.0,6.472346294500901
32,135.0,random_sampling,symmetric,uniform,20,90.0,135.0,True,0.42105263157894735,1.0,4.90527477843843
33,124.0,random_sampling,symmetric,uniform,20,90.0,124.0,True,0.41578947368421054,0.9999999999999998,4.820281565605037
34,812.0,random_sampling,symmetric,uniform,20,90.0,812.0,True,0.4368421052631579,1.0000000000000002,6.699500340161678
35,384.0,random_sampling,symmetric,uniform,20,90.0,384.0,True,0.43157894736842106,1.0000000000000002,5.950642552587727
36,1502.0,random_sampling,symmetric,uniform,20,90.0,1502.0,True,0.4052631578947368,1.0,7.31455283232408
37,975.0,random_sampling,symmetric,uniform,20,90.0,975.0,True,0.4052631578947368,0.9999999999999997,6.882437470997847
38,692.0,random_sampling,symmetric,uniform,20,90.0,692.0,True,0.4263157894736842,0.9999999999999998,6.539585955617669
39,441.0,random_sampling,symmetric,uniform,20,90.0,441.0,True,0.4105263157894737,1.0,6.089044875446846
40,355.0,random_sampling,symmetric,uniform,20,90.0,355.0,True,0.4263157894736842,1.0,5.872117789475416
41,740.0,random_sampling,symmetric,uniform,20,90.0,740.0,True,0.4368421052631579,1.0,6.606650186198215
42,137.0,random_sampling,symmetric,uniform,20,90.0,137.0,True,0.4368421052631579,1.0000000000000002,4.919980925828125
43,1991.0,random_sampling,symmetric,uniform,20,90.0,1991.0,True,0.41578947368421054,1.0,7.596392304064196
44,940.0,random_sampling,symmetric,uniform,20,90.0,940.0,True,0.4052631578947368,1.0,6.84587987526405
45,206.0,random_sampling,symmetric,uniform,20,90.0,206.0,True,0.4,0.9999999999999998,5.327876168789581
46,110.0,random_sampling,symmetric,uniform,20,90.0,110.0,True,0.4368421052631579,1.0,4.700480365792417
47,923.0,random_sampling,symmetric,uniform,20,90.0,923.0,True,0.4052631578947368,1.0000000000000002,6.827629234502852
48,3101.0,random_sampling,symmetric,uniform,20,90.0,3101.0,True,0.4105263157894737,1.0,8.03947991910045
49,580.0,random_sampling,symmetric,uniform,20,90.0,580.0,True,0.4263157894736842,1.0,6.363028103540465
50,895.0,random_sampling,symmetric,uniform,20,90.0,895.0,True,0.42105263157894735,1.0000000000000002,6.796823718274855
51,221.0,random_sampling,symmetric,uniform,20,90.0,221.0,True,0.4263157894736842,1.0,5.3981627015177525
52,293.0,random_sampling,symmetric,uniform,20,90.0,293.0,True,0.4263157894736842,0.9999999999999998,5.680172609017068
53,622.0,random_sampling,symmetric,uniform,20,90.0,622.0,True,0.4052631578947368,1.0000000000000002,6.432940092739179
54,592.0,random_sampling,symmetric,uniform,20,90.0,592.0,True,0.43157894736842106,1.0,6.3835066348840055
55,238.0,random_sampling,symmetric,uniform,20,90.0,238.0,True,0.4105263157894737,1.0000000000000002,5.472270673671475
56,820.0,random_sampling,symmetric,uniform,20,90.0,820.0,True,0.42105263157894735,1.0,6.709304340258298
57,902.0,random_sampling,symmetric,uniform,20,90.0,902.0,True,0.4105263157894737,1.0,6.804614520062624
58,388.0,random_sampling,symmetric,uniform,20,90.0,388.0,True,0.4052631578947368,0.9999999999999998,5.961005339623274
59,168.0,random_sampling,symmetric,uniform,20,90.0,168.0,True,0.42105263157894735,1.0,5.123963979403259
60,170.0,random_sampling,symmetric,uniform,20,90.0,170.0,True,0.4263157894736842,0.9999999999999998,5.135798437050262
61,254.0,random_sampling,symmetric,uniform,20,90.0,254.0,True,0.42105263157894735,0.9999999999999998,5.537334267018537
62,1059.0,random_sampling,symmetric,uniform,20,90.0,1059.0,True,0.4105263157894737,1.0,6.9650803456014065
63,271.0,random_sampling,symmetric,uniform,20,90.0,271.0,True,0.4263157894736842,1.0000000000000002,5.602118820879701
64,439.0,random_sampling,symmetric,uniform,20,90.0,439.0,True,0.4263157894736842,1.0000000000000002,6.0844994130751715
65,210.0,random_sampling,symmetric,uniform,20,90.0,210.0,True,0.41578947368421054,0.9999999999999998,5.3471075307174685
66,933.0,random_sampling,symmetric,uniform,20,90.0,933.0,True,0.4105263157894737,1.0,6.838405200847344
67,2624.0,random_sampling,symmetric,uniform,20,90.0,2624.0,True,0.4263157894736842,0.9999999999999998,7.8724551500639794
68,294.0,random_sampling,symmetric,uniform,20,90.0,294.0,True,0.4263157894736842,1.0,5.683579767338681
69,1621.0,random_sampling,symmetric,uniform,20,90.0,1621.0,True,0.43157894736842106,0.9999999999999998,7.390798521735676
70,987.0,random_sampling,symmetric,uniform,20,90.0,987.0,True,0.4052631578947368,1.0,6.894670039433482
71,218.0,random_sampling,symmetric,uniform,20,90.0,218.0,True,0.4421052631578947,0.9999999999999998,5.384495062789089
72,571.0,random_sampling,symmetric,uniform,20,90.0,571.0,True,0.4421052631578947,1.0,6.3473892096560105
73,698.0,random_sampling,symmetric,uniform,20,90.0,698.0,True,0.4421052631578947,1.0,6.548219102762372
74,438.0,random_sampling,symmetric,uniform,20,90.0,438.0,True,0.4263157894736842,0.9999999999999998,6.082218910376446
75,724.0,random_sampling,symmetric,uniform,20,90.0,724.0,True,0.42105263157894735,1.0,6.584791392385716
76,242.0,random_sampling,symmetric,uniform,20,90.0,242.0,True,0.43157894736842106,1.0,5.488937726156687
77,445.0,random_sampling,symmetric,uniform,20,90.0,445.0,True,0.4052631578947368,1.0000000000000002,6.09807428216624
78,639.0,random_sampling,symmetric,uniform,20,90.0,639.0,True,0.4368421052631579,0.9999999999999998,6.459904454377535
79,161.0,random_sampling,symmetric,uniform,20,90.0,161.0,True,0.4,0.9999999999999998,5.081404364984463
80,299.0,random_sampling,symmetric,uniform,20,90.0,299.0,True,0.42105263157894735,1.0,5.700443573390687
81,576.0,random_sampling,symmetric,uniform,20,90.0,576.0,True,0.4105263157894737,1.0,6.3561076606958915
82,264.0,random_sampling,symmetric,uniform,20,90.0,264.0,True,0.42105263157894735,1.0,5.575949103146316
83,552.0,random_sampling,symmetric,uniform,20,90.0,552.0,True,0.41578947368421054,1.0,6.313548046277095
84,1695.0,random_sampling,symmetric,uniform,20,90.0,1695.0,True,0.43157894736842106,1.0000000000000002,7.43543801981455
85,467.0,random_sampling,symmetric,uniform,20,90.0,467.0,True,0.43157894736842106,1.0,6.1463292576688975
86,116.0,random_sampling,symmetric,uniform,20,90.0,116.0,True,0.39473684210526316,1.0,4.7535901911063645
87,1049.0,random_sampling,symmetric,uniform,20,90.0,1049.0,True,0.4105263157894737,0.9999999999999998,6.955592608396297
88,1496.0,random_sampling,symmetric,uniform,20,90.0,1496.0,True,0.4,1.0000000000000002,7.310550158534422
89,1444.0,random_sampling,symmetric,uniform,20,90.0,1444.0,True,0.42105263157894735,1.0000000000000002,7.275172319452771
90,216.0,random_sampling,symmetric,uniform,20,90.0,216.0,True,0.4105263157894737,1.0,5.375278407684165
91,987.0,random_sampling,symmetric,uniform,20,90.0,987.0,True,0.41578947368421054,0.9999999999999998,6.894670039433482
92,247.0,random_sampling,symmetric,uniform,20,90.0,247.0,True,0.43157894736842106,1.0,5.5093883366279774
93,487.0,random_sampling,symmetric,uniform,20,90.0,487.0,True,0.45789473684210524,1.0,6.18826412308259
94,251.0,random_sampling,symmetric,uniform,20,90.0,251.0,True,0.4263157894736842,0.9999999999999998,5.5254529391317835
95,409.0,random_sampling,symmetric,uniform,20,90.0,409.0,True,0.4052631578947368,1.0,6.013715156042802
96,80.0,random_sampling,symmetric,uniform,20,90.0,80.0,True,0.41578947368421054,1.0000000000000002,4.382026634673881
97,589.0,random_sampling,symmetric,uniform,20,90.0,589.0,True,0.4105263157894737,0.9999999999999998,6.3784261836515865
98,224.0,random_sampling,symmetric,uniform,20,90.0,224.0,True,0.4263157894736842,1.0,5.4116460518550396
99,878.0,random_sampling,symmetric,uniform,20,90.0,878.0,True,0.41578947368421054,0.9999999999999998,6.777646593635117
0,1754.0,random_sampling,symmetric,uniform,20,75.0,1754.0,True,0.3684210526315789,0.9999999999999997,7.469654172932128
1,410.0,random_sampling,symmetric,uniform,20,75.0,410.0,True,0.3894736842105263,0.9999999999999998,6.016157159698354
2,682.0,random_sampling,symmetric,uniform,20,75.0,682.0,True,0.3684210526315789,1.0,6.525029657843462
3,195.0,random_sampling,symmetric,uniform,20,75.0,195.0,True,0.3473684210526316,1.0,5.272999558563747
4,329.0,random_sampling,symmetric,uniform,20,75.0,329.0,True,0.37894736842105264,1.0,5.796057750765372
5,387.0,random_sampling,symmetric,uniform,20,75.0,387.0,True,0.3894736842105263,0.9999999999999998,5.958424693029782
6,245.0,random_sampling,symmetric,uniform,20,75.0,245.0,True,0.3684210526315789,0.9999999999999998,5.501258210544727
7,148.0,random_sampling,symmetric,uniform,20,75.0,148.0,True,0.38421052631578945,1.0,4.997212273764115
8,146.0,random_sampling,symmetric,uniform,20,75.0,146.0,True,0.3526315789473684,1.0,4.983606621708336
9,262.0,random_sampling,symmetric,uniform,20,75.0,262.0,True,0.3736842105263158,1.0,5.568344503761097
10,346.0,random_sampling,symmetric,uniform,20,75.0,346.0,True,0.38421052631578945,1.0,5.846438775057725
11,168.0,random_sampling,symmetric,uniform,20,75.0,168.0,True,0.3736842105263158,0.9999999999999998,5.123963979403259
12,1208.0,random_sampling,symmetric,uniform,20,75.0,1208.0,True,0.37894736842105264,1.0,7.0967213784947605
13,121.0,random_sampling,symmetric,uniform,20,75.0,121.0,True,0.37894736842105264,1.0,4.795790545596741
14,764.0,random_sampling,symmetric,uniform,20,75.0,764.0,True,0.3684210526315789,1.0,6.638567789166521
15,542.0,random_sampling,symmetric,uniform,20,75.0,542.0,True,0.3631578947368421,1.0000000000000002,6.295266001439646
16,295.0,random_sampling,symmetric,uniform,20,75.0,295.0,True,0.3684210526315789,1.0,5.68697535633982
17,630.0,random_sampling,symmetric,uniform,20,75.0,630.0,True,0.3684210526315789,1.0000000000000002,6.4457198193855785
18,147.0,random_sampling,symmetric,uniform,20,75.0,147.0,True,0.3473684210526316,1.0,4.990432586778736
19,789.0,random_sampling,symmetric,uniform,20,75.0,789.0,True,0.3526315789473684,0.9999999999999998,6.670766320845874
20,779.0,random_sampling,symmetric,uniform,20,75.0,779.0,True,0.3736842105263158,0.9999999999999998,6.658011045870748
21,937.0,random_sampling,symmetric,uniform,20,75.0,937.0,True,0.37894736842105264,1.0,6.842683282238422
22,465.0,random_sampling,symmetric,uniform,20,75.0,465.0,True,0.3684210526315789,1.0,6.142037405587356
23,132.0,random_sampling,symmetric,uniform,20,75.0,132.0,True,0.3736842105263158,1.0,4.882801922586371
24,1945.0,random_sampling,symmetric,uniform,20,75.0,1945.0,True,0.37894736842105264,1.0,7.573017256052546
25,429.0,random_sampling,symmetric,uniform,20,75.0,429.0,True,0.3631578947368421,1.0,6.061456918928017
26,482.0,random_sampling,symmetric,uniform,20,75.0,482.0,True,0.3631578947368421,1.0,6.1779441140506
27,501.0,random_sampling,symmetric,uniform,20,75.0,501.0,True,0.3736842105263158,1.0,6.2166061010848646
28,228.0,random_sampling,symmetric,uniform,20,75.0,228.0,True,0.38421052631578945,0.9999999999999998,5.429345628954441
29,563.0,random_sampling,symmetric,uniform,20,75.0,563.0,True,0.3684210526315789,0.9999999999999998,6.333279628139691
30,257.0,random_sampling,symmetric,uniform,20,75.0,257.0,True,0.38421052631578945,0.9999999999999998,5.54907608489522
31,579.0,random_sampling,symmetric,uniform,20,75.0,579.0,True,0.35789473684210527,1.0,6.361302477572996
32,438.0,random_sampling,symmetric,uniform,20,75.0,438.0,True,0.3526315789473684,1.0000000000000002,6.082218910376446
33,682.0,random_sampling,symmetric,uniform,20,75.0,682.0,True,0.3894736842105263,1.0,6.525029657843462
34,602.0,random_sampling,symmetric,uniform,20,75.0,602.0,True,0.3631578947368421,1.0,6.400257445308821
35,79.0,random_sampling,symmetric,uniform,20,75.0,79.0,True,0.37894736842105264,1.0,4.3694478524670215
36,586.0,random_sampling,symmetric,uniform,20,75.0,586.0,True,0.3736842105263158,1.0,6.373319789577012
37,603.0,random_sampling,symmetric,uniform,20,75.0,603.0,True,0.3631578947368421,1.0,6.401917196727186
38,419.0,random_sampling,symmetric,uniform,20,75.0,419.0,True,0.3631578947368421,1.0,6.037870919922137
39,365.0,random_sampling,symmetric,uniform,20,75.0,365.0,True,0.3736842105263158,1.0000000000000002,5.8998973535824915
40,298.0,random_sampling,symmetric,uniform,20,75.0,298.0,True,0.38421052631578945,1.0,5.697093486505405
41,274.0,random_sampling,symmetric,uniform,20,75.0,274.0,True,0.37894736842105264,1.0,5.6131281063880705
42,738.0,random_sampling,symmetric,uniform,20,75.0,738.0,True,0.3526315789473684,1.0,6.6039438246004725
43,311.0,random_sampling,symmetric,uniform,20,75.0,311.0,True,0.37894736842105264,1.0,5.739792912179234
44,238.0,random_sampling,symmetric,uniform,20,75.0,238.0,True,0.3684210526315789,0.9999999999999998,5.472270673671475
45,908.0,random_sampling,symmetric,uniform,20,75.0,908.0,True,0.3684210526315789,1.0000000000000002,6.811244378601294
46,427.0,random_sampling,symmetric,uniform,20,75.0,427.0,True,0.3684210526315789,1.0,6.056784013228625
47,111.0,random_sampling,symmetric,uniform,20,75.0,111.0,True,0.3736842105263158,1.0,4.709530201312334
48,254.0,random_sampling,symmetric,uniform,20,75.0,254.0,True,0.37894736842105264,1.0000000000000002,5.537334267018537
49,600.0,random_sampling,symmetric,uniform,20,75.0,600.0,True,0.35789473684210527,0.9999999999999998,6.396929655216146
50,938.0,random_sampling,symmetric,uniform,20,75.0,938.0,True,0.3684210526315789,1.0000000000000002,6.843749949006225
51,408.0,random_sampling,symmetric,uniform,20,75.0,408.0,True,0.35789473684210527,1.0,6.0112671744041615
52,398.0,random_sampling,symmetric,uniform,20,75.0,398.0,True,0.3526315789473684,1.0,5.986452005284438
53,815.0,random_sampling,symmetric,uniform,20,75.0,815.0,True,0.3526315789473684,1.0000000000000002,6.703188113240863
54,985.0,random_sampling,symmetric,uniform,20,75.0,985.0,True,0.3736842105263158,0.9999999999999998,6.892641641172089
55,389.0,random_sampling,symmetric,uniform,20,75.0,389.0,True,0.3631578947368421,1.0,5.963579343618446
56,854.0,random_sampling,symmetric,uniform,20,75.0,854.0,True,0.37894736842105264,0.9999999999999998,6.74993119378857
57,180.0,random_sampling,symmetric,uniform,20,75.0,180.0,True,0.3631578947368421,0.9999999999999998,5.19295685089021
58,2174.0,random_sampling,symmetric,uniform,20,75.0,2174.0,True,0.3631578947368421,0.9999999999999998,7.684324067681155
59,909.0,random_sampling,symmetric,uniform,20,75.0,909.0,True,0.3736842105263158,1.0,6.812345094177479
60,803.0,random_sampling,symmetric,uniform,20,75.0,803.0,True,0.38421052631578945,1.0000000000000002,6.688354713946762
61,420.0,random_sampling,symmetric,uniform,20,75.0,420.0,True,0.37894736842105264,1.0000000000000002,6.040254711277414
62,548.0,random_sampling,symmetric,uniform,20,75.0,548.0,True,0.38421052631578945,1.0,6.306275286948016
63,68.0,random_sampling,symmetric,uniform,20,75.0,68.0,True,0.38421052631578945,1.0,4.219507705176107
64,757.0,random_sampling,symmetric,uniform,20,75.0,757.0,True,0.3526315789473684,1.0000000000000002,6.6293632534374485
65,424.0,random_sampling,symmetric,uniform,20,75.0,424.0,True,0.3631578947368421,1.0,6.049733455231958
66,307.0,random_sampling,symmetric,uniform,20,75.0,307.0,True,0.35789473684210527,1.0000000000000002,5.726847747587197
67,206.0,random_sampling,symmetric,uniform,20,75.0,206.0,True,0.37894736842105264,1.0,5.327876168789581
68,738.0,random_sampling,symmetric,uniform,20,75.0,738.0,True,0.35789473684210527,1.0000000000000002,6.6039438246004725
69,1196.0,random_sampling,symmetric,uniform,20,75.0,1196.0,True,0.39473684210526316,1.0,7.086737934510577
70,179.0,random_sampling,symmetric,uniform,20,75.0,179.0,True,0.34210526315789475,1.0,5.187385805840755
71,344.0,random_sampling,symmetric,uniform,20,75.0,344.0,True,0.3736842105263158,1.0,5.840641657373398
72,809.0,random_sampling,symmetric,uniform,20,75.0,809.0,True,0.3631578947368421,1.0000000000000002,6.695798917058491
73,1358.0,random_sampling,symmetric,uniform,20,75.0,1358.0,True,0.3631578947368421,1.0,7.213768308118642
74,349.0,random_sampling,symmetric,uniform,20,75.0,349.0,True,0.35789473684210527,1.0000000000000002,5.855071922202427
75,452.0,random_sampling,symmetric,uniform,20,75.0,452.0,True,0.3631578947368421,1.0,6.113682179832232
76,734.0,random_sampling,symmetric,uniform,20,75.0,734.0,True,0.35789473684210527,1.0,6.598509028614515
77,886.0,random_sampling,symmetric,uniform,20,75.0,886.0,True,0.3894736842105263,1.0,6.786716950605081
78,148.0,random_sampling,symmetric,uniform,20,75.0,148.0,True,0.35789473684210527,0.9999999999999998,4.997212273764115
79,3170.0,random_sampling,symmetric,uniform,20,75.0,3170.0,True,0.3684210526315789,1.0,8.061486866871327
80,202.0,random_sampling,symmetric,uniform,20,75.0,202.0,True,0.3894736842105263,1.0,5.308267697401205
81,237.0,random_sampling,symmetric,uniform,20,75.0,237.0,True,0.3684210526315789,1.0000000000000002,5.4680601411351315
82,375.0,random_sampling,symmetric,uniform,20,75.0,375.0,True,0.3368421052631579,0.9999999999999998,5.926926025970411
83,1011.0,random_sampling,symmetric,uniform,20,75.0,1011.0,True,0.35789473684210527,1.0,6.918695219020472
84,528.0,random_sampling,symmetric,uniform,20,75.0,528.0,True,0.38421052631578945,1.0000000000000002,6.269096283706261
85,1460.0,random_sampling,symmetric,uniform,20,75.0,1460.0,True,0.3736842105263158,1.0,7.286191714702382
86,233.0,random_sampling,symmetric,uniform,20,75.0,233.0,True,0.35789473684210527,1.0000000000000002,5.4510384535657
87,135.0,random_sampling,symmetric,uniform,20,75.0,135.0,True,0.3631578947368421,1.0,4.90527477843843
88,518.0,random_sampling,symmetric,uniform,20,75.0,518.0,True,0.3736842105263158,1.0,6.249975242259483
89,960.0,random_sampling,symmetric,uniform,20,75.0,960.0,True,0.3631578947368421,1.0,6.866933284461882
90,2054.0,random_sampling,symmetric,uniform,20,75.0,2054.0,True,0.3684210526315789,1.0000000000000002,7.627544390488503
91,176.0,random_sampling,symmetric,uniform,20,75.0,176.0,True,0.3631578947368421,1.0,5.170483995038151
92,873.0,random_sampling,symmetric,uniform,20,75.0,873.0,True,0.3736842105263158,0.9999999999999998,6.771935555839602
93,152.0,random_sampling,symmetric,uniform,20,75.0,152.0,True,0.3684210526315789,1.0000000000000002,5.0238805208462765
94,781.0,random_sampling,symmetric,uniform,20,75.0,781.0,True,0.3684210526315789,1.0,6.660575149839686
95,116.0,random_sampling,symmetric,uniform,20,75.0,116.0,True,0.3736842105263158,1.0,4.7535901911063645
96,275.0,random_sampling,symmetric,uniform,20,75.0,275.0,True,0.3736842105263158,1.0,5.616771097666572
97,373.0,random_sampling,symmetric,uniform,20,75.0,373.0,True,0.38421052631578945,1.0,5.921578419643816
98,636.0,random_sampling,symmetric,uniform,20,75.0,636.0,True,0.3684210526315789,0.9999999999999998,6.455198563340122
99,452.0,random_sampling,symmetric,uniform,20,75.0,452.0,True,0.37894736842105264,1.0,6.113682179832232
0,21523.0,random_sampling,symmetric,uniform,30,45.0,21523.0,True,0.10574712643678161,1.0000000000000002,9.97687740976418
1,2171.0,random_sampling,symmetric,uniform,30,45.0,2171.0,True,0.10574712643678161,1.0,7.682943169878292
2,642.0,random_sampling,symmetric,uniform,30,45.0,642.0,True,0.10574712643678161,1.0,6.464588303689961
3,13272.0,random_sampling,symmetric,uniform,30,45.0,13272.0,True,0.10574712643678161,0.9999999999999999,9.493411831870281
4,15423.0,random_sampling,symmetric,uniform,30,45.0,15423.0,True,0.10574712643678161,1.0000000000000002,9.643615180723614
5,3263.0,random_sampling,symmetric,uniform,30,45.0,3263.0,True,0.10574712643678161,1.0000000000000002,8.09040229659332
6,2749.0,random_sampling,symmetric,uniform,30,45.0,2749.0,True,0.10574712643678161,0.9999999999999999,7.918992488165245
7,12381.0,random_sampling,symmetric,uniform,30,45.0,12381.0,True,0.10574712643678161,1.0,9.423918318420691
8,4408.0,random_sampling,symmetric,uniform,30,45.0,4408.0,True,0.10574712643678161,1.0000000000000002,8.391176350832751
9,9867.0,random_sampling,symmetric,uniform,30,45.0,9867.0,True,0.10574712643678161,1.0,9.196951134857168
10,6889.0,random_sampling,symmetric,uniform,30,45.0,6889.0,True,0.10574712643678161,1.0,8.837681215593197
11,11623.0,random_sampling,symmetric,uniform,30,45.0,11623.0,True,0.10574712643678161,1.0,9.360741172643708
12,3915.0,random_sampling,symmetric,uniform,30,45.0,3915.0,True,0.10574712643678161,1.0,8.272570608424903
13,19464.0,random_sampling,symmetric,uniform,30,45.0,19464.0,True,0.10574712643678161,1.0,9.876321884463358
14,6707.0,random_sampling,symmetric,uniform,30,45.0,6707.0,True,0.10574712643678161,1.0000000000000002,8.810907036099737
15,2283.0,random_sampling,symmetric,uniform,30,45.0,2283.0,True,0.10574712643678161,1.0,7.733245646529795
16,887.0,random_sampling,symmetric,uniform,30,45.0,887.0,True,0.10574712643678161,0.9999999999999999,6.787844982309579
17,6197.0,random_sampling,symmetric,uniform,30,45.0,6197.0,True,0.10574712643678161,1.0,8.731820582962108
18,26818.0,random_sampling,symmetric,uniform,30,45.0,26818.0,True,0.10574712643678161,1.0000000000000002,10.196828582839588
19,16118.0,random_sampling,symmetric,uniform,30,45.0,16118.0,True,0.10574712643678161,1.0,9.687691938884457
20,3452.0,random_sampling,symmetric,uniform,30,45.0,3452.0,True,0.10574712643678161,0.9999999999999999,8.146709052203319
21,1533.0,random_sampling,symmetric,uniform,30,45.0,1533.0,True,0.10574712643678161,1.0000000000000002,7.334981878871814
22,3875.0,random_sampling,symmetric,uniform,30,45.0,3875.0,True,0.10574712643678161,1.0,8.262300941787448
23,2872.0,random_sampling,symmetric,uniform,30,45.0,2872.0,True,0.10574712643678161,1.0,7.962763930168115
24,5522.0,random_sampling,symmetric,uniform,30,45.0,5522.0,True,0.10574712643678161,1.0000000000000002,8.6164953924901
25,9959.0,random_sampling,symmetric,uniform,30,45.0,9959.0,True,0.10574712643678161,1.0,9.20623194393164
26,28205.0,random_sampling,symmetric,uniform,30,45.0,28205.0,True,0.10574712643678161,1.0,10.247254546174076
27,44651.0,random_sampling,symmetric,uniform,30,45.0,44651.0,True,0.10574712643678161,1.0,10.706631982470423
28,2153.0,random_sampling,symmetric,uniform,30,45.0,2153.0,True,0.10574712643678161,1.0,7.674617497364363
29,5447.0,random_sampling,symmetric,uniform,30,45.0,5447.0,True,0.10574712643678161,0.9999999999999999,8.602820277383675
30,3018.0,random_sampling,symmetric,uniform,30,45.0,3018.0,True,0.10574712643678161,0.9999999999999999,8.012349639327795
31,5463.0,random_sampling,symmetric,uniform,30,45.0,5463.0,True,0.10574712643678161,1.0000000000000002,8.605753368395717
32,973.0,random_sampling,symmetric,uniform,30,45.0,973.0,True,0.10574712643678161,1.0000000000000002,6.880384082186005
33,236899.0,random_sampling,symmetric,uniform,30,45.0,236899.0,True,0.10574712643678161,1.0,12.375389168947592
34,6001.0,random_sampling,symmetric,uniform,30,45.0,6001.0,True,0.10574712643678161,1.0,8.699681400989514
35,11726.0,random_sampling,symmetric,uniform,30,45.0,11726.0,True,0.10574712643678161,1.0000000000000002,9.369563877524161
36,13267.0,random_sampling,symmetric,uniform,30,45.0,13267.0,True,0.10574712643678161,1.0,9.493035027916918
37,3369.0,random_sampling,symmetric,uniform,30,45.0,3369.0,True,0.10574712643678161,1.0,8.122371243406553
38,12626.0,random_sampling,symmetric,uniform,30,45.0,12626.0,True,0.10574712643678161,1.0,9.44351345892757
39,23747.0,random_sampling,symmetric,uniform,30,45.0,23747.0,True,0.10574712643678161,1.0000000000000002,10.075211485694803
40,10820.0,random_sampling,symmetric,uniform,30,45.0,10820.0,True,0.10574712643678161,1.0000000000000002,9.289151552400472
41,3403.0,random_sampling,symmetric,uniform,30,45.0,3403.0,True,0.10574712643678161,1.0,8.132412674500905
42,11697.0,random_sampling,symmetric,uniform,30,45.0,11697.0,True,0.10574712643678161,1.0,9.367087677650707
43,7732.0,random_sampling,symmetric,uniform,30,45.0,7732.0,True,0.10574712643678161,1.0,8.953122840328222
44,1191.0,random_sampling,symmetric,uniform,30,45.0,1191.0,True,0.10574712643678161,1.0,7.0825485693553
45,3438.0,random_sampling,symmetric,uniform,30,45.0,3438.0,True,0.10574712643678161,0.9999999999999999,8.142645185942795
46,3473.0,random_sampling,symmetric,uniform,30,45.0,3473.0,True,0.10574712643678161,1.0000000000000002,8.152774052744075
47,3403.0,random_sampling,symmetric,uniform,30,45.0,3403.0,True,0.10574712643678161,0.9999999999999998,8.132412674500905
48,5558.0,random_sampling,symmetric,uniform,30,45.0,5558.0,True,0.10574712643678161,1.0000000000000002,8.62299361030245
49,2036.0,random_sampling,symmetric,uniform,30,45.0,2036.0,True,0.10574712643678161,1.0000000000000002,7.618742377670413
50,14852.0,random_sampling,symmetric,uniform,30,45.0,14852.0,True,0.10574712643678161,0.9999999999999999,9.60588981529697
51,3252.0,random_sampling,symmetric,uniform,30,45.0,3252.0,True,0.10574712643678161,1.0,8.087025470667701
52,9493.0,random_sampling,symmetric,uniform,30,45.0,9493.0,True,0.10574712643678161,0.9999999999999999,9.158309963881798
53,1024.0,random_sampling,symmetric,uniform,30,45.0,1024.0,True,0.10574712643678161,1.0,6.931471805599453
54,43219.0,random_sampling,symmetric,uniform,30,45.0,43219.0,True,0.10574712643678161,0.9999999999999998,10.67403549235683
55,3575.0,random_sampling,symmetric,uniform,30,45.0,3575.0,True,0.10574712643678161,1.0000000000000002,8.181720455128108
56,3695.0,random_sampling,symmetric,uniform,30,45.0,3695.0,True,0.10574712643678161,1.0,8.214735833382303
57,4861.0,random_sampling,symmetric,uniform,30,45.0,4861.0,True,0.10574712643678161,1.0000000000000002,8.488999457045455
58,6873.0,random_sampling,symmetric,uniform,30,45.0,6873.0,True,0.10574712643678161,1.0000000000000002,8.835355971121606
59,5196.0,random_sampling,symmetric,uniform,30,45.0,5196.0,True,0.10574712643678161,1.0,8.55564437779049
60,7776.0,random_sampling,symmetric,uniform,30,45.0,7776.0,True,0.10574712643678161,0.9999999999999998,8.958797346140274
61,12855.0,random_sampling,symmetric,uniform,30,45.0,12855.0,True,0.10574712643678161,1.0,9.46148811969999
62,22081.0,random_sampling,symmetric,uniform,30,45.0,22081.0,True,0.10574712643678161,0.9999999999999999,10.00247278922055
63,3503.0,random_sampling,symmetric,uniform,30,45.0,3503.0,True,0.10574712643678161,1.0,8.161375023197486
64,16316.0,random_sampling,symmetric,uniform,30,45.0,16316.0,True,0.10574712643678161,1.0000000000000002,9.699901500437448
65,14720.0,random_sampling,symmetric,uniform,30,45.0,14720.0,True,0.10574712643678161,1.0000000000000002,9.596962392282867
66,3473.0,random_sampling,symmetric,uniform,30,45.0,3473.0,True,0.10574712643678161,1.0,8.152774052744075
67,13645.0,random_sampling,symmetric,uniform,30,45.0,13645.0,True,0.10574712643678161,1.0000000000000002,9.521128433142438
68,977.0,random_sampling,symmetric,uniform,30,45.0,977.0,True,0.10574712643678161,1.0,6.884486652042782
69,2965.0,random_sampling,symmetric,uniform,30,45.0,2965.0,True,0.10574712643678161,0.9999999999999998,7.994632311431825
70,2516.0,random_sampling,symmetric,uniform,30,45.0,2516.0,True,0.10574712643678161,1.0,7.830425617820331
71,13208.0,random_sampling,symmetric,uniform,30,45.0,13208.0,True,0.10574712643678161,1.0000000000000002,9.488577985599964
72,23754.0,random_sampling,symmetric,uniform,30,45.0,23754.0,True,0.10574712643678161,1.0,10.075506216334185
73,11133.0,random_sampling,symmetric,uniform,30,45.0,11133.0,True,0.10574712643678161,0.9999999999999999,9.317668949728708
74,6091.0,random_sampling,symmetric,uniform,30,45.0,6091.0,True,0.10574712643678161,1.0,8.714567550836485
75,13439.0,random_sampling,symmetric,uniform,30,45.0,13439.0,True,0.10574712643678161,1.0,9.505916206547065
76,20049.0,random_sampling,symmetric,uniform,30,45.0,20049.0,True,0.10574712643678161,0.9999999999999999,9.90593455617918
77,6571.0,random_sampling,symmetric,uniform,30,45.0,6571.0,True,0.10574712643678161,0.9999999999999999,8.790421306897867
78,3358.0,random_sampling,symmetric,uniform,30,45.0,3358.0,True,0.10574712643678161,1.0000000000000002,8.119100837637486
79,49320.0,random_sampling,symmetric,uniform,30,45.0,49320.0,True,0.10574712643678161,0.9999999999999999,10.80608495727828
80,3028.0,random_sampling,symmetric,uniform,30,45.0,3028.0,True,0.10574712643678161,0.9999999999999999,8.01565761455734
81,10994.0,random_sampling,symmetric,uniform,30,45.0,10994.0,True,0.10574712643678161,1.0000000000000002,9.305104948420606
82,17872.0,random_sampling,symmetric,uniform,30,45.0,17872.0,True,0.10574712643678161,1.0000000000000002,9.790990521308983
83,3629.0,random_sampling,symmetric,uniform,30,45.0,3629.0,True,0.10574712643678161,1.0,8.19671240721307
84,76667.0,random_sampling,symmetric,uniform,30,45.0,76667.0,True,0.10574712643678161,1.0,11.247226647053857
85,3316.0,random_sampling,symmetric,uniform,30,45.0,3316.0,True,0.10574712643678161,0.9999999999999999,8.106514516255185
86,2746.0,random_sampling,symmetric,uniform,30,45.0,2746.0,True,0.10574712643678161,1.0000000000000002,7.917900586327916
87,2084.0,random_sampling,symmetric,uniform,30,45.0,2084.0,True,0.10574712643678161,1.0,7.642044402873258
88,6260.0,random_sampling,symmetric,uniform,30,45.0,6260.0,True,0.10574712643678161,1.0000000000000002,8.741935464094144
89,15376.0,random_sampling,symmetric,uniform,30,45.0,15376.0,True,0.10574712643678161,1.0,9.640563131210074
90,3857.0,random_sampling,symmetric,uniform,30,45.0,3857.0,True,0.10574712643678161,0.9999999999999999,8.257644958208228
91,902.0,random_sampling,symmetric,uniform,30,45.0,902.0,True,0.10574712643678161,1.0000000000000002,6.804614520062624
92,6354.0,random_sampling,symmetric,uniform,30,45.0,6354.0,True,0.10574712643678161,0.9999999999999999,8.756839814829462
93,6222.0,random_sampling,symmetric,uniform,30,45.0,6222.0,True,0.10574712643678161,1.0,8.735846677457582
94,4706.0,random_sampling,symmetric,uniform,30,45.0,4706.0,True,0.10574712643678161,0.9999999999999999,8.456593569287309
95,22276.0,random_sampling,symmetric,uniform,30,45.0,22276.0,True,0.10574712643678161,1.0,10.01126514470956
96,16383.0,random_sampling,symmetric,uniform,30,45.0,16383.0,True,0.10574712643678161,0.9999999999999999,9.703999490820264
97,4430.0,random_sampling,symmetric,uniform,30,45.0,4430.0,True,0.10574712643678161,1.0000000000000002,8.39615486303918
98,13716.0,random_sampling,symmetric,uniform,30,45.0,13716.0,True,0.10574712643678161,0.9999999999999999,9.526318313582811
99,8813.0,random_sampling,symmetric,uniform,30,45.0,8813.0,True,0.10574712643678161,1.0,9.08398318309966
0,133.0,random_sampling,symmetric,uniform,20,10.0,133.0,True,0.05789473684210526,1.0,4.890349128221754
1,979.0,random_sampling,symmetric,uniform,20,10.0,979.0,True,0.05789473684210526,1.0,6.88653164253051
2,486.0,random_sampling,symmetric,uniform,20,10.0,486.0,True,0.05789473684210526,1.0,6.186208623900494
3,963.0,random_sampling,symmetric,uniform,20,10.0,963.0,True,0.05789473684210526,1.0,6.870053411798126
4,939.0,random_sampling,symmetric,uniform,20,10.0,939.0,True,0.05789473684210526,1.0,6.844815479208263
5,306.0,random_sampling,symmetric,uniform,20,10.0,306.0,True,0.05789473684210526,1.0,5.723585101952381
6,237.0,random_sampling,symmetric,uniform,20,10.0,237.0,True,0.05789473684210526,1.0,5.4680601411351315
7,443.0,random_sampling,symmetric,uniform,20,10.0,443.0,True,0.05789473684210526,1.0,6.093569770045136
8,178.0,random_sampling,symmetric,uniform,20,10.0,178.0,True,0.05789473684210526,1.0,5.181783550292085
9,129.0,random_sampling,symmetric,uniform,20,10.0,129.0,True,0.05789473684210526,1.0,4.859812404361672
10,920.0,random_sampling,symmetric,uniform,20,10.0,920.0,True,0.05789473684210526,1.0,6.824373670043086
11,481.0,random_sampling,symmetric,uniform,20,10.0,481.0,True,0.05789473684210526,1.0,6.175867270105761
12,440.0,random_sampling,symmetric,uniform,20,10.0,440.0,True,0.05789473684210526,1.0,6.0867747269123065
13,918.0,random_sampling,symmetric,uniform,20,10.0,918.0,True,0.05789473684210526,1.0,6.822197390620491
14,208.0,random_sampling,symmetric,uniform,20,10.0,208.0,True,0.05789473684210526,1.0,5.337538079701318
15,1071.0,random_sampling,symmetric,uniform,20,10.0,1071.0,True,0.05789473684210526,1.0,6.976348070447749
16,113.0,random_sampling,symmetric,uniform,20,10.0,113.0,True,0.05789473684210526,1.0,4.727387818712341
17,371.0,random_sampling,symmetric,uniform,20,10.0,371.0,True,0.05789473684210526,,5.916202062607435
18,75.0,random_sampling,symmetric,uniform,20,10.0,75.0,True,0.05789473684210526,1.0,4.31748811353631
19,1944.0,random_sampling,symmetric,uniform,20,10.0,1944.0,True,0.05789473684210526,1.0,7.572502985020384
20,449.0,random_sampling,symmetric,uniform,20,10.0,449.0,True,0.05789473684210526,1.0,6.1070228877422545
21,193.0,random_sampling,symmetric,uniform,20,10.0,193.0,True,0.05789473684210526,1.0,5.262690188904886
22,386.0,random_sampling,symmetric,uniform,20,10.0,386.0,True,0.05789473684210526,1.0,5.955837369464831
23,196.0,random_sampling,symmetric,uniform,20,10.0,196.0,True,0.05789473684210526,,5.278114659230517
24,136.0,random_sampling,symmetric,uniform,20,10.0,136.0,True,0.05789473684210526,1.0,4.912654885736052
25,252.0,random_sampling,symmetric,uniform,20,10.0,252.0,True,0.05789473684210526,1.0,5.529429087511423
26,251.0,random_sampling,symmetric,uniform,20,10.0,251.0,True,0.05789473684210526,1.0,5.5254529391317835
27,1054.0,random_sampling,symmetric,uniform,20,10.0,1054.0,True,0.05789473684210526,1.0,6.960347729101308
28,121.0,random_sampling,symmetric,uniform,20,10.0,121.0,True,0.05789473684210526,1.0,4.795790545596741
29,361.0,random_sampling,symmetric,uniform,20,10.0,361.0,True,0.05789473684210526,1.0,5.8888779583328805
30,181.0,random_sampling,symmetric,uniform,20,10.0,181.0,True,0.05789473684210526,1.0,5.198497031265826
31,215.0,random_sampling,symmetric,uniform,20,10.0,215.0,True,0.05789473684210526,1.0,5.3706380281276624
32,311.0,random_sampling,symmetric,uniform,20,10.0,311.0,True,0.05789473684210526,1.0,5.739792912179234
33,202.0,random_sampling,symmetric,uniform,20,10.0,202.0,True,0.05789473684210526,1.0,5.308267697401205
34,225.0,random_sampling,symmetric,uniform,20,10.0,225.0,True,0.05789473684210526,1.0,5.41610040220442
35,139.0,random_sampling,symmetric,uniform,20,10.0,139.0,True,0.05789473684210526,1.0,4.9344739331306915
36,282.0,random_sampling,symmetric,uniform,20,10.0,282.0,True,0.05789473684210526,1.0,5.641907070938114
37,776.0,random_sampling,symmetric,uniform,20,10.0,776.0,True,0.05789473684210526,1.0,6.654152520183219
38,132.0,random_sampling,symmetric,uniform,20,10.0,132.0,True,0.05789473684210526,1.0,4.882801922586371
39,506.0,random_sampling,symmetric,uniform,20,10.0,506.0,True,0.05789473684210526,1.0,6.226536669287466
40,413.0,random_sampling,symmetric,uniform,20,10.0,413.0,True,0.05789473684210526,1.0,6.023447592961033
41,1091.0,random_sampling,symmetric,uniform,20,10.0,1091.0,True,0.05789473684210526,1.0,6.994849985833071
42,96.0,random_sampling,symmetric,uniform,20,10.0,96.0,True,0.05789473684210526,1.0,4.564348191467836
43,406.0,random_sampling,symmetric,uniform,20,10.0,406.0,True,0.05789473684210526,1.0,6.0063531596017325
44,419.0,random_sampling,symmetric,uniform,20,10.0,419.0,True,0.05789473684210526,1.0,6.037870919922137
45,65.0,random_sampling,symmetric,uniform,20,10.0,65.0,True,0.05789473684210526,1.0,4.174387269895637
46,228.0,random_sampling,symmetric,uniform,20,10.0,228.0,True,0.05789473684210526,1.0,5.429345628954441
47,1658.0,random_sampling,symmetric,uniform,20,10.0,1658.0,True,0.05789473684210526,1.0,7.4133673356952405
48,53.0,random_sampling,symmetric,uniform,20,10.0,53.0,True,0.05789473684210526,1.0,3.970291913552122
49,937.0,random_sampling,symmetric,uniform,20,10.0,937.0,True,0.05789473684210526,1.0,6.842683282238422
50,92.0,random_sampling,symmetric,uniform,20,10.0,92.0,True,0.05789473684210526,1.0,4.5217885770490405
51,127.0,random_sampling,symmetric,uniform,20,10.0,127.0,True,0.05789473684210526,1.0,4.844187086458591
52,1237.0,random_sampling,symmetric,uniform,20,10.0,1237.0,True,0.05789473684210526,1.0,7.1204443723924875
53,179.0,random_sampling,symmetric,uniform,20,10.0,179.0,True,0.05789473684210526,1.0,5.187385805840755
54,880.0,random_sampling,symmetric,uniform,20,10.0,880.0,True,0.05789473684210526,1.0,6.779921907472252
55,144.0,random_sampling,symmetric,uniform,20,10.0,144.0,True,0.05789473684210526,1.0,4.969813299576001
56,267.0,random_sampling,symmetric,uniform,20,10.0,267.0,True,0.05789473684210526,1.0,5.58724865840025
57,256.0,random_sampling,symmetric,uniform,20,10.0,256.0,True,0.05789473684210526,1.0,5.545177444479562
58,48.0,random_sampling,symmetric,uniform,20,10.0,48.0,True,0.05789473684210526,1.0,3.871201010907891
59,338.0,random_sampling,symmetric,uniform,20,10.0,338.0,True,0.05789473684210526,1.0,5.823045895483019
60,134.0,random_sampling,symmetric,uniform,20,10.0,134.0,True,0.05789473684210526,1.0,4.897839799950911
61,808.0,random_sampling,symmetric,uniform,20,10.0,808.0,True,0.05789473684210526,1.0,6.694562058521095
62,450.0,random_sampling,symmetric,uniform,20,10.0,450.0,True,0.05789473684210526,1.0,6.1092475827643655
63,99.0,random_sampling,symmetric,uniform,20,10.0,99.0,True,0.05789473684210526,1.0,4.59511985013459
64,826.0,random_sampling,symmetric,uniform,20,10.0,826.0,True,0.05789473684210526,1.0,6.716594773520978
65,919.0,random_sampling,symmetric,uniform,20,10.0,919.0,True,0.05789473684210526,1.0,6.823286122355687
66,232.0,random_sampling,symmetric,uniform,20,10.0,232.0,True,0.05789473684210526,,5.44673737166631
67,439.0,random_sampling,symmetric,uniform,20,10.0,439.0,True,0.05789473684210526,1.0,6.0844994130751715
68,184.0,random_sampling,symmetric,uniform,20,10.0,184.0,True,0.05789473684210526,1.0,5.214935757608986
69,1605.0,random_sampling,symmetric,uniform,20,10.0,1605.0,True,0.05789473684210526,1.0,7.380879035564116
70,233.0,random_sampling,symmetric,uniform,20,10.0,233.0,True,0.05789473684210526,1.0,5.4510384535657
71,141.0,random_sampling,symmetric,uniform,20,10.0,141.0,True,0.05789473684210526,1.0,4.948759890378168
72,473.0,random_sampling,symmetric,uniform,20,10.0,473.0,True,0.05789473684210526,1.0,6.159095388491933
73,202.0,random_sampling,symmetric,uniform,20,10.0,202.0,True,0.05789473684210526,1.0,5.308267697401205
74,313.0,random_sampling,symmetric,uniform,20,10.0,313.0,True,0.05789473684210526,1.0,5.746203190540153
75,261.0,random_sampling,symmetric,uniform,20,10.0,261.0,True,0.05789473684210526,1.0,5.564520407322694
76,634.0,random_sampling,symmetric,uniform,20,10.0,634.0,True,0.05789473684210526,1.0,6.452048954437226
77,254.0,random_sampling,symmetric,uniform,20,10.0,254.0,True,0.05789473684210526,1.0,5.537334267018537
78,236.0,random_sampling,symmetric,uniform,20,10.0,236.0,True,0.05789473684210526,1.0,5.4638318050256105
79,123.0,random_sampling,symmetric,uniform,20,10.0,123.0,True,0.05789473684210526,1.0,4.812184355372417
80,58.0,random_sampling,symmetric,uniform,20,10.0,58.0,True,0.05789473684210526,1.0,4.060443010546419
81,1019.0,random_sampling,symmetric,uniform,20,10.0,1019.0,True,0.05789473684210526,1.0,6.926577033222725
82,596.0,random_sampling,symmetric,uniform,20,10.0,596.0,True,0.05789473684210526,,6.39024066706535
83,314.0,random_sampling,symmetric,uniform,20,10.0,314.0,True,0.05789473684210526,1.0,5.749392985908253
84,381.0,random_sampling,symmetric,uniform,20,10.0,381.0,True,0.05789473684210526,1.0,5.942799375126701
85,210.0,random_sampling,symmetric,uniform,20,10.0,210.0,True,0.05789473684210526,1.0,5.3471075307174685
86,269.0,random_sampling,symmetric,uniform,20,10.0,269.0,True,0.05789473684210526,1.0,5.594711379601839
87,347.0,random_sampling,symmetric,uniform,20,10.0,347.0,True,0.05789473684210526,1.0,5.849324779946859
88,127.0,random_sampling,symmetric,uniform,20,10.0,127.0,True,0.05789473684210526,1.0,4.844187086458591
89,306.0,random_sampling,symmetric,uniform,20,10.0,306.0,True,0.05789473684210526,1.0,5.723585101952381
90,209.0,random_sampling,symmetric,uniform,20,10.0,209.0,True,0.05789473684210526,1.0,5.342334251964811
91,99.0,random_sampling,symmetric,uniform,20,10.0,99.0,True,0.05789473684210526,1.0,4.59511985013459
92,1411.0,random_sampling,symmetric,uniform,20,10.0,1411.0,True,0.05789473684210526,1.0,7.252053951852814
93,437.0,random_sampling,symmetric,uniform,20,10.0,437.0,True,0.05789473684210526,1.0,6.07993319509559
94,162.0,random_sampling,symmetric,uniform,20,10.0,162.0,True,0.05789473684210526,1.0,5.087596335232384
95,80.0,random_sampling,symmetric,uniform,20,10.0,80.0,True,0.05789473684210526,1.0,4.382026634673881
96,97.0,random_sampling,symmetric,uniform,20,10.0,97.0,True,0.05789473684210526,1.0,4.574710978503383
97,393.0,random_sampling,symmetric,uniform,20,10.0,393.0,True,0.05789473684210526,1.0,5.973809611869261
98,642.0,random_sampling,symmetric,uniform,20,10.0,642.0,True,0.05789473684210526,1.0,6.464588303689961
99,121.0,random_sampling,symmetric,uniform,20,10.0,121.0,True,0.05789473684210526,1.0,4.795790545596741
0,1794.0,random_sampling,symmetric,uniform,30,20.0,1794.0,True,0.04827586206896552,1.0,7.492203042618741
1,2423.0,random_sampling,symmetric,uniform,30,20.0,2423.0,True,0.04827586206896552,0.9999999999999998,7.792761720816526
2,5695.0,random_sampling,symmetric,uniform,30,20.0,5695.0,True,0.04827586206896552,1.0,8.647343875881283
3,3443.0,random_sampling,symmetric,uniform,30,20.0,3443.0,True,0.04827586206896552,1.0,8.144098463338524
4,12040.0,random_sampling,symmetric,uniform,30,20.0,12040.0,True,0.04827586206896552,1.0,9.395989718862811
5,6472.0,random_sampling,symmetric,uniform,30,20.0,6472.0,True,0.04827586206896552,1.0,8.775240458738327
6,14263.0,random_sampling,symmetric,uniform,30,20.0,14263.0,True,0.04827586206896552,1.0000000000000002,9.565424050523422
7,3564.0,random_sampling,symmetric,uniform,30,20.0,3564.0,True,0.04827586206896552,1.0,8.1786387885907
8,1483.0,random_sampling,symmetric,uniform,30,20.0,1483.0,True,0.04827586206896552,1.0,7.301822342137932
9,25411.0,random_sampling,symmetric,uniform,30,20.0,25411.0,True,0.04827586206896552,1.0,10.142937430124647
10,3683.0,random_sampling,symmetric,uniform,30,20.0,3683.0,True,0.04827586206896552,1.0,8.211482916445066
11,3194.0,random_sampling,symmetric,uniform,30,20.0,3194.0,True,0.04827586206896552,1.0,8.069029328774958
12,5835.0,random_sampling,symmetric,uniform,30,20.0,5835.0,True,0.04827586206896552,1.0,8.671629544720656
13,17126.0,random_sampling,symmetric,uniform,30,20.0,17126.0,True,0.04827586206896552,1.0,9.748353055586138
14,15758.0,random_sampling,symmetric,uniform,30,20.0,15758.0,True,0.04827586206896552,1.0,9.665103451805633
15,3751.0,random_sampling,symmetric,uniform,30,20.0,3751.0,True,0.04827586206896552,0.9999999999999999,8.229777750081887
16,8655.0,random_sampling,symmetric,uniform,30,20.0,8655.0,True,0.04827586206896552,1.0,9.06589246761031
17,5703.0,random_sampling,symmetric,uniform,30,20.0,5703.0,True,0.04827586206896552,0.9999999999999999,8.648747631156539
18,839.0,random_sampling,symmetric,uniform,30,20.0,839.0,True,0.04827586206896552,1.0,6.732210706467206
19,4394.0,random_sampling,symmetric,uniform,30,20.0,4394.0,True,0.04827586206896552,1.0,8.387995252944556
20,1005.0,random_sampling,symmetric,uniform,30,20.0,1005.0,True,0.04827586206896552,1.0,6.912742820493176
21,21256.0,random_sampling,symmetric,uniform,30,20.0,21256.0,True,0.04827586206896552,1.0,9.96439448743965
22,9368.0,random_sampling,symmetric,uniform,30,20.0,9368.0,True,0.04827586206896552,1.0,9.145054905277552
23,14538.0,random_sampling,symmetric,uniform,30,20.0,14538.0,True,0.04827586206896552,1.0,9.584521190044581
24,28899.0,random_sampling,symmetric,uniform,30,20.0,28899.0,True,0.04827586206896552,1.0,10.271562271425733
25,692.0,random_sampling,symmetric,uniform,30,20.0,692.0,True,0.04827586206896552,1.0,6.539585955617669
26,7450.0,random_sampling,symmetric,uniform,30,20.0,7450.0,True,0.04827586206896552,0.9999999999999999,8.915969311373605
27,719.0,random_sampling,symmetric,uniform,30,20.0,719.0,True,0.04827586206896552,1.0,6.577861357721047
28,5968.0,random_sampling,symmetric,uniform,30,20.0,5968.0,True,0.04827586206896552,1.0,8.694167141883597
29,3892.0,random_sampling,symmetric,uniform,30,20.0,3892.0,True,0.04827586206896552,1.0,8.266678443305896
30,4888.0,random_sampling,symmetric,uniform,30,20.0,4888.0,True,0.04827586206896552,1.0,8.494538500851432
31,233.0,random_sampling,symmetric,uniform,30,20.0,233.0,True,0.04827586206896552,1.0,5.4510384535657
32,5261.0,random_sampling,symmetric,uniform,30,20.0,5261.0,True,0.04827586206896552,1.0,8.568076401730806
33,7849.0,random_sampling,symmetric,uniform,30,20.0,7849.0,True,0.04827586206896552,0.9999999999999999,8.968141414126814
34,2451.0,random_sampling,symmetric,uniform,30,20.0,2451.0,True,0.04827586206896552,1.0,7.804251383528112
35,9155.0,random_sampling,symmetric,uniform,30,20.0,9155.0,True,0.04827586206896552,1.0,9.122055457108612
36,20268.0,random_sampling,symmetric,uniform,30,20.0,20268.0,True,0.04827586206896552,1.0,9.9167985665958
37,3718.0,random_sampling,symmetric,uniform,30,20.0,3718.0,True,0.04827586206896552,0.9999999999999999,8.220941168281389
38,7743.0,random_sampling,symmetric,uniform,30,20.0,7743.0,True,0.04827586206896552,1.0,8.954544488386723
39,3603.0,random_sampling,symmetric,uniform,30,20.0,3603.0,True,0.04827586206896552,1.0,8.189522110748094
40,22497.0,random_sampling,symmetric,uniform,30,20.0,22497.0,True,0.04827586206896552,1.0,10.021137245969499
41,3844.0,random_sampling,symmetric,uniform,30,20.0,3844.0,True,0.04827586206896552,1.0,8.254268770090183
42,3769.0,random_sampling,symmetric,uniform,30,20.0,3769.0,True,0.04827586206896552,1.0,8.234564993267135
43,5764.0,random_sampling,symmetric,uniform,30,20.0,5764.0,True,0.04827586206896552,1.0000000000000002,8.659386957119413
44,8438.0,random_sampling,symmetric,uniform,30,20.0,8438.0,True,0.04827586206896552,1.0,9.040500592684284
45,2349.0,random_sampling,symmetric,uniform,30,20.0,2349.0,True,0.04827586206896552,1.0,7.761744984658913
46,5377.0,random_sampling,symmetric,uniform,30,20.0,5377.0,True,0.04827586206896552,1.0,8.589885876809678
47,407.0,random_sampling,symmetric,uniform,30,20.0,407.0,True,0.04827586206896552,1.0,6.008813185442595
48,10097.0,random_sampling,symmetric,uniform,30,20.0,10097.0,True,0.04827586206896552,1.0,9.219993629004321
49,4409.0,random_sampling,symmetric,uniform,30,20.0,4409.0,True,0.04827586206896552,1.0,8.391403185357937
50,13958.0,random_sampling,symmetric,uniform,30,20.0,13958.0,True,0.04827586206896552,1.0,9.543808099577097
51,6398.0,random_sampling,symmetric,uniform,30,20.0,6398.0,True,0.04827586206896552,1.0,8.763740720509464
52,10702.0,random_sampling,symmetric,uniform,30,20.0,10702.0,True,0.04827586206896552,1.0,9.27818591887125
53,1464.0,random_sampling,symmetric,uniform,30,20.0,1464.0,True,0.04827586206896552,1.0,7.288927694521257
54,5355.0,random_sampling,symmetric,uniform,30,20.0,5355.0,True,0.04827586206896552,1.0,8.585785982881848
55,1524.0,random_sampling,symmetric,uniform,30,20.0,1524.0,True,0.04827586206896552,1.0,7.329093736246592
56,4458.0,random_sampling,symmetric,uniform,30,20.0,4458.0,True,0.04827586206896552,1.0,8.402455513945814
57,10557.0,random_sampling,symmetric,uniform,30,20.0,10557.0,True,0.04827586206896552,1.0000000000000002,9.264544425989694
58,408.0,random_sampling,symmetric,uniform,30,20.0,408.0,True,0.04827586206896552,1.0,6.0112671744041615
59,1277.0,random_sampling,symmetric,uniform,30,20.0,1277.0,True,0.04827586206896552,1.0000000000000002,7.152268856032539
60,9365.0,random_sampling,symmetric,uniform,30,20.0,9365.0,True,0.04827586206896552,1.0,9.144734614878189
61,2476.0,random_sampling,symmetric,uniform,30,20.0,2476.0,True,0.04827586206896552,1.0,7.814399633804487
62,6060.0,random_sampling,symmetric,uniform,30,20.0,6060.0,True,0.04827586206896552,1.0,8.70946507906336
63,9830.0,random_sampling,symmetric,uniform,30,20.0,9830.0,True,0.04827586206896552,1.0,9.193194213141211
64,3748.0,random_sampling,symmetric,uniform,30,20.0,3748.0,True,0.04827586206896552,1.0,8.228977643358313
65,44095.0,random_sampling,symmetric,uniform,30,20.0,44095.0,True,0.04827586206896552,1.0,10.694101676322282
66,2754.0,random_sampling,symmetric,uniform,30,20.0,2754.0,True,0.04827586206896552,1.0,7.9208096792886
67,37329.0,random_sampling,symmetric,uniform,30,20.0,37329.0,True,0.04827586206896552,1.0,10.52752578344374
68,3215.0,random_sampling,symmetric,uniform,30,20.0,3215.0,True,0.04827586206896552,1.0,8.07558263667172
69,1093.0,random_sampling,symmetric,uniform,30,20.0,1093.0,True,0.04827586206896552,1.0,6.996681488176539
70,6397.0,random_sampling,symmetric,uniform,30,20.0,6397.0,True,0.04827586206896552,1.0,8.763584409450138
71,5395.0,random_sampling,symmetric,uniform,30,20.0,5395.0,True,0.04827586206896552,1.0,8.593227877692234
72,2384.0,random_sampling,symmetric,uniform,30,20.0,2384.0,True,0.04827586206896552,1.0,7.776535028185241
73,4182.0,random_sampling,symmetric,uniform,30,20.0,4182.0,True,0.04827586206896552,1.0,8.338544879988579
74,414293.0,random_sampling,symmetric,uniform,30,20.0,414293.0,True,0.04827586206896552,1.0,12.93432873195365
75,3299.0,random_sampling,symmetric,uniform,30,20.0,3299.0,True,0.04827586206896552,1.0,8.101374671228582
76,1657.0,random_sampling,symmetric,uniform,30,20.0,1657.0,True,0.04827586206896552,0.9999999999999999,7.4127640174265625
77,2501.0,random_sampling,symmetric,uniform,30,20.0,2501.0,True,0.04827586206896552,1.0,7.824445930877619
78,14408.0,random_sampling,symmetric,uniform,30,20.0,14408.0,True,0.04827586206896552,1.0,9.575538886855792
79,2751.0,random_sampling,symmetric,uniform,30,20.0,2751.0,True,0.04827586206896552,1.0,7.919719760924575
80,3552.0,random_sampling,symmetric,uniform,30,20.0,3552.0,True,0.04827586206896552,1.0,8.17526610411206
81,3912.0,random_sampling,symmetric,uniform,30,20.0,3912.0,True,0.04827586206896552,1.0000000000000004,8.271804031154709
82,13425.0,random_sampling,symmetric,uniform,30,20.0,13425.0,True,0.04827586206896552,1.0,9.504873919377065
83,868.0,random_sampling,symmetric,uniform,30,20.0,868.0,True,0.04827586206896552,1.0,6.7661917146603505
84,5765.0,random_sampling,symmetric,uniform,30,20.0,5765.0,True,0.04827586206896552,1.0,8.65956043270316
85,5499.0,random_sampling,symmetric,uniform,30,20.0,5499.0,True,0.04827586206896552,1.0,8.612321536507814
86,1998.0,random_sampling,symmetric,uniform,30,20.0,1998.0,True,0.04827586206896552,1.0,7.599901959208498
87,3185.0,random_sampling,symmetric,uniform,30,20.0,3185.0,True,0.04827586206896552,1.0,8.066207568006265
88,6829.0,random_sampling,symmetric,uniform,30,20.0,6829.0,True,0.04827586206896552,0.9999999999999998,8.82893352896109
89,4168.0,random_sampling,symmetric,uniform,30,20.0,4168.0,True,0.04827586206896552,1.0,8.335191583433202
90,18603.0,random_sampling,symmetric,uniform,30,20.0,18603.0,True,0.04827586206896552,1.0,9.831078137017988
91,29941.0,random_sampling,symmetric,uniform,30,20.0,29941.0,True,0.04827586206896552,1.0,10.306984057549448
92,3144.0,random_sampling,symmetric,uniform,30,20.0,3144.0,True,0.04827586206896552,1.0,8.053251153549096
93,7866.0,random_sampling,symmetric,uniform,30,20.0,7866.0,True,0.04827586206896552,1.0,8.970304952991755
94,4827.0,random_sampling,symmetric,uniform,30,20.0,4827.0,True,0.04827586206896552,1.0,8.481980435660493
95,7390.0,random_sampling,symmetric,uniform,30,20.0,7390.0,True,0.04827586206896552,1.0,8.907883013942248
96,2303.0,random_sampling,symmetric,uniform,30,20.0,2303.0,True,0.04827586206896552,1.0,7.741967899820685
97,4909.0,random_sampling,symmetric,uniform,30,20.0,4909.0,True,0.04827586206896552,1.0,8.498825534058053
98,1841.0,random_sampling,symmetric,uniform,30,20.0,1841.0,True,0.04827586206896552,1.0000000000000002,7.518064181233078
99,5706.0,random_sampling,symmetric,uniform,30,20.0,5706.0,True,0.04827586206896552,1.0,8.649273531773446
0,2049.0,random_sampling,symmetric,uniform,20,100.0,2049.0,True,0.4368421052631579,1.0,7.6251071482389
1,822.0,random_sampling,symmetric,uniform,20,100.0,822.0,True,0.4421052631578947,1.0000000000000002,6.71174039505618
2,449.0,random_sampling,symmetric,uniform,20,100.0,449.0,True,0.45789473684210524,0.9999999999999998,6.1070228877422545
3,183.0,random_sampling,symmetric,uniform,20,100.0,183.0,True,0.4631578947368421,0.9999999999999998,5.209486152841421
4,370.0,random_sampling,symmetric,uniform,20,100.0,370.0,True,0.4421052631578947,1.0,5.91350300563827
5,292.0,random_sampling,symmetric,uniform,20,100.0,292.0,True,0.4473684210526316,0.9999999999999998,5.676753802268282
6,197.0,random_sampling,symmetric,uniform,20,100.0,197.0,True,0.4473684210526316,1.0,5.2832037287379885
7,308.0,random_sampling,symmetric,uniform,20,100.0,308.0,True,0.4473684210526316,1.0,5.730099782973574
8,424.0,random_sampling,symmetric,uniform,20,100.0,424.0,True,0.4421052631578947,1.0,6.049733455231958
9,277.0,random_sampling,symmetric,uniform,20,100.0,277.0,True,0.4631578947368421,1.0,5.6240175061873385
10,326.0,random_sampling,symmetric,uniform,20,100.0,326.0,True,0.4473684210526316,1.0,5.786897381366708
11,676.0,random_sampling,symmetric,uniform,20,100.0,676.0,True,0.46842105263157896,0.9999999999999998,6.516193076042964
12,191.0,random_sampling,symmetric,uniform,20,100.0,191.0,True,0.4263157894736842,0.9999999999999998,5.25227342804663
13,1094.0,random_sampling,symmetric,uniform,20,100.0,1094.0,True,0.45263157894736844,1.0,6.9975959829819265
14,912.0,random_sampling,symmetric,uniform,20,100.0,912.0,True,0.4421052631578947,0.9999999999999998,6.815639990074331
15,611.0,random_sampling,symmetric,uniform,20,100.0,611.0,True,0.45263157894736844,0.9999999999999998,6.415096959171596
16,441.0,random_sampling,symmetric,uniform,20,100.0,441.0,True,0.47368421052631576,1.0,6.089044875446846
17,1267.0,random_sampling,symmetric,uniform,20,100.0,1267.0,True,0.4421052631578947,1.0,7.144407180321139
18,1047.0,random_sampling,symmetric,uniform,20,100.0,1047.0,True,0.45789473684210524,0.9999999999999998,6.953684210870537
19,716.0,random_sampling,symmetric,uniform,20,100.0,716.0,True,0.43157894736842106,1.0000000000000002,6.573680166960646
20,5079.0,random_sampling,symmetric,uniform,20,100.0,5079.0,True,0.43157894736842106,0.9999999999999998,8.532869670801245
21,993.0,random_sampling,symmetric,uniform,20,100.0,993.0,True,0.4263157894736842,1.0,6.900730664045173
22,352.0,random_sampling,symmetric,uniform,20,100.0,352.0,True,0.47368421052631576,1.0,5.863631175598097
23,267.0,random_sampling,symmetric,uniform,20,100.0,267.0,True,0.4631578947368421,1.0,5.58724865840025
24,112.0,random_sampling,symmetric,uniform,20,100.0,112.0,True,0.46842105263157896,1.0,4.718498871295094
25,658.0,random_sampling,symmetric,uniform,20,100.0,658.0,True,0.42105263157894735,1.0,6.489204931325317
26,196.0,random_sampling,symmetric,uniform,20,100.0,196.0,True,0.47368421052631576,1.0000000000000002,5.278114659230517
27,452.0,random_sampling,symmetric,uniform,20,100.0,452.0,True,0.41578947368421054,1.0000000000000002,6.113682179832232
28,1239.0,random_sampling,symmetric,uniform,20,100.0,1239.0,True,0.4473684210526316,1.0000000000000002,7.122059881629142
29,1365.0,random_sampling,symmetric,uniform,20,100.0,1365.0,True,0.4421052631578947,0.9999999999999998,7.21890970761906
30,328.0,random_sampling,symmetric,uniform,20,100.0,328.0,True,0.4263157894736842,1.0,5.793013608384144
31,290.0,random_sampling,symmetric,uniform,20,100.0,290.0,True,0.43157894736842106,0.9999999999999998,5.66988092298052
32,2469.0,random_sampling,symmetric,uniform,20,100.0,2469.0,True,0.4789473684210526,1.0,7.81156848934518
33,379.0,random_sampling,symmetric,uniform,20,100.0,379.0,True,0.4421052631578947,1.0,5.937536205082426
34,315.0,random_sampling,symmetric,uniform,20,100.0,315.0,True,0.4421052631578947,1.0000000000000002,5.752572638825633
35,425.0,random_sampling,symmetric,uniform,20,100.0,425.0,True,0.45789473684210524,1.0000000000000004,6.052089168924417
36,283.0,random_sampling,symmetric,uniform,20,100.0,283.0,True,0.46842105263157896,1.0,5.645446897643238
37,435.0,random_sampling,symmetric,uniform,20,100.0,435.0,True,0.4473684210526316,0.9999999999999998,6.075346031088684
38,64.0,random_sampling,symmetric,uniform,20,100.0,64.0,True,0.45263157894736844,1.0000000000000002,4.1588830833596715
39,169.0,random_sampling,symmetric,uniform,20,100.0,169.0,True,0.4842105263157895,1.0,5.1298987149230735
40,825.0,random_sampling,symmetric,uniform,20,100.0,825.0,True,0.4368421052631579,1.0,6.715383386334681
41,203.0,random_sampling,symmetric,uniform,20,100.0,203.0,True,0.4473684210526316,1.0,5.313205979041787
42,962.0,random_sampling,symmetric,uniform,20,100.0,962.0,True,0.4631578947368421,1.0,6.8690144506657065
43,378.0,random_sampling,symmetric,uniform,20,100.0,378.0,True,0.45789473684210524,1.0,5.934894195619588
44,1104.0,random_sampling,symmetric,uniform,20,100.0,1104.0,True,0.4421052631578947,1.0000000000000002,7.00669522683704
45,1650.0,random_sampling,symmetric,uniform,20,100.0,1650.0,True,0.4631578947368421,1.0,7.408530566894626
46,333.0,random_sampling,symmetric,uniform,20,100.0,333.0,True,0.46842105263157896,0.9999999999999998,5.808142489980444
47,461.0,random_sampling,symmetric,uniform,20,100.0,461.0,True,0.45789473684210524,1.0,6.133398042996649
48,710.0,random_sampling,symmetric,uniform,20,100.0,710.0,True,0.4631578947368421,1.0,6.565264970035361
49,622.0,random_sampling,symmetric,uniform,20,100.0,622.0,True,0.4421052631578947,1.0,6.432940092739179
50,224.0,random_sampling,symmetric,uniform,20,100.0,224.0,True,0.4631578947368421,0.9999999999999998,5.4116460518550396
51,1120.0,random_sampling,symmetric,uniform,20,100.0,1120.0,True,0.45789473684210524,1.0,7.02108396428914
52,831.0,random_sampling,symmetric,uniform,20,100.0,831.0,True,0.45789473684210524,1.0,6.7226297948554485
53,462.0,random_sampling,symmetric,uniform,20,100.0,462.0,True,0.47368421052631576,1.0000000000000002,6.135564891081739
54,86.0,random_sampling,symmetric,uniform,20,100.0,86.0,True,0.48947368421052634,0.9999999999999998,4.454347296253507
55,809.0,random_sampling,symmetric,uniform,20,100.0,809.0,True,0.45263157894736844,1.0,6.695798917058491
56,171.0,random_sampling,symmetric,uniform,20,100.0,171.0,True,0.4368421052631579,0.9999999999999998,5.14166355650266
57,485.0,random_sampling,symmetric,uniform,20,100.0,485.0,True,0.47368421052631576,0.9999999999999998,6.184148890937483
58,190.0,random_sampling,symmetric,uniform,20,100.0,190.0,True,0.4421052631578947,1.0,5.247024072160486
59,152.0,random_sampling,symmetric,uniform,20,100.0,152.0,True,0.45263157894736844,0.9999999999999998,5.0238805208462765
60,351.0,random_sampling,symmetric,uniform,20,100.0,351.0,True,0.4421052631578947,1.0,5.860786223465865
61,610.0,random_sampling,symmetric,uniform,20,100.0,610.0,True,0.4368421052631579,0.9999999999999998,6.413458957167357
62,1375.0,random_sampling,symmetric,uniform,20,100.0,1375.0,True,0.4473684210526316,1.0000000000000002,7.226209010100671
63,564.0,random_sampling,symmetric,uniform,20,100.0,564.0,True,0.46842105263157896,1.0,6.335054251498059
64,192.0,random_sampling,symmetric,uniform,20,100.0,192.0,True,0.45789473684210524,0.9999999999999998,5.2574953720277815
65,1656.0,random_sampling,symmetric,uniform,20,100.0,1656.0,True,0.4421052631578947,1.0,7.412160334945205
66,660.0,random_sampling,symmetric,uniform,20,100.0,660.0,True,0.43157894736842106,0.9999999999999998,6.492239835020471
67,1374.0,random_sampling,symmetric,uniform,20,100.0,1374.0,True,0.45789473684210524,1.0,7.2254814727822945
68,582.0,random_sampling,symmetric,uniform,20,100.0,582.0,True,0.45263157894736844,1.0000000000000002,6.366470447731438
69,341.0,random_sampling,symmetric,uniform,20,100.0,341.0,True,0.4421052631578947,1.0,5.831882477283517
70,1087.0,random_sampling,symmetric,uniform,20,100.0,1087.0,True,0.46842105263157896,1.0000000000000002,6.99117688712121
71,523.0,random_sampling,symmetric,uniform,20,100.0,523.0,True,0.4368421052631579,1.0,6.259581464064923
72,307.0,random_sampling,symmetric,uniform,20,100.0,307.0,True,0.45789473684210524,1.0,5.726847747587197
73,1238.0,random_sampling,symmetric,uniform,20,100.0,1238.0,True,0.45789473684210524,1.0,7.121252453244542
74,577.0,random_sampling,symmetric,uniform,20,100.0,577.0,True,0.47368421052631576,1.0000000000000002,6.3578422665081
75,574.0,random_sampling,symmetric,uniform,20,100.0,574.0,True,0.4842105263157895,1.0,6.352629396319567
76,887.0,random_sampling,symmetric,uniform,20,100.0,887.0,True,0.4421052631578947,1.0,6.787844982309579
77,910.0,random_sampling,symmetric,uniform,20,100.0,910.0,True,0.4631578947368421,1.0,6.813444599510896
78,725.0,random_sampling,symmetric,uniform,20,100.0,725.0,True,0.4631578947368421,1.0,6.586171654854675
79,1342.0,random_sampling,symmetric,uniform,20,100.0,1342.0,True,0.45263157894736844,1.0,7.201916317531627
80,699.0,random_sampling,symmetric,uniform,20,100.0,699.0,True,0.47368421052631576,1.0,6.54965074223381
81,505.0,random_sampling,symmetric,uniform,20,100.0,505.0,True,0.45263157894736844,1.0,6.22455842927536
82,290.0,random_sampling,symmetric,uniform,20,100.0,290.0,True,0.4421052631578947,1.0,5.66988092298052
83,884.0,random_sampling,symmetric,uniform,20,100.0,884.0,True,0.4631578947368421,1.0,6.784457062637643
84,622.0,random_sampling,symmetric,uniform,20,100.0,622.0,True,0.4421052631578947,1.0000000000000002,6.432940092739179
85,410.0,random_sampling,symmetric,uniform,20,100.0,410.0,True,0.45263157894736844,1.0,6.016157159698354
86,430.0,random_sampling,symmetric,uniform,20,100.0,430.0,True,0.4368421052631579,1.0,6.063785208687608
87,743.0,random_sampling,symmetric,uniform,20,100.0,743.0,True,0.43157894736842106,1.0,6.610696044717759
88,802.0,random_sampling,symmetric,uniform,20,100.0,802.0,True,0.4421052631578947,1.0000000000000002,6.687108607866515
89,1255.0,random_sampling,symmetric,uniform,20,100.0,1255.0,True,0.4842105263157895,1.0,7.134890851565884
90,538.0,random_sampling,symmetric,uniform,20,100.0,538.0,True,0.4368421052631579,1.0,6.2878585601617845
91,1520.0,random_sampling,symmetric,uniform,20,100.0,1520.0,True,0.4789473684210526,0.9999999999999998,7.326465613840322
92,835.0,random_sampling,symmetric,uniform,20,100.0,835.0,True,0.4473684210526316,1.0000000000000002,6.727431724850855
93,359.0,random_sampling,symmetric,uniform,20,100.0,359.0,True,0.46842105263157896,1.0000000000000004,5.883322388488279
94,332.0,random_sampling,symmetric,uniform,20,100.0,332.0,True,0.4421052631578947,1.0000000000000002,5.805134968916488
95,817.0,random_sampling,symmetric,uniform,20,100.0,817.0,True,0.45789473684210524,0.9999999999999998,6.705639094860003
96,1248.0,random_sampling,symmetric,uniform,20,100.0,1248.0,True,0.45263157894736844,1.0000000000000002,7.129297548929373
97,3508.0,random_sampling,symmetric,uniform,20,100.0,3508.0,True,0.47368421052631576,1.0,8.162801353492073
98,671.0,random_sampling,symmetric,uniform,20,100.0,671.0,True,0.45789473684210524,1.0,6.508769136971682
99,314.0,random_sampling,symmetric,uniform,20,100.0,314.0,True,0.4263157894736842,1.0000000000000002,5.749392985908253
0,7644.0,random_sampling,symmetric,uniform,30,50.0,7644.0,True,0.11724137931034483,0.9999999999999998,8.941676305360163
1,10826.0,random_sampling,symmetric,uniform,30,50.0,10826.0,True,0.11724137931034483,1.0,9.289705927356923
2,55478.0,random_sampling,symmetric,uniform,30,50.0,55478.0,True,0.11494252873563218,1.0,10.92374182475231
3,1620.0,random_sampling,symmetric,uniform,30,50.0,1620.0,True,0.11724137931034483,0.9999999999999999,7.3901814282264295
4,18759.0,random_sampling,symmetric,uniform,30,50.0,18759.0,True,0.11724137931034483,1.0,9.839428916235407
5,7307.0,random_sampling,symmetric,uniform,30,50.0,7307.0,True,0.11724137931034483,1.0,8.896588071791218
6,1896.0,random_sampling,symmetric,uniform,30,50.0,1896.0,True,0.11724137931034483,1.0,7.547501682814967
7,6749.0,random_sampling,symmetric,uniform,30,50.0,6749.0,True,0.11724137931034483,0.9999999999999999,8.817149624743406
8,22629.0,random_sampling,symmetric,uniform,30,50.0,22629.0,True,0.11724137931034483,0.9999999999999998,10.02698754852174
9,22969.0,random_sampling,symmetric,uniform,30,50.0,22969.0,True,0.11724137931034483,1.0000000000000002,10.041900759689755
10,15759.0,random_sampling,symmetric,uniform,30,50.0,15759.0,True,0.11724137931034483,0.9999999999999998,9.665166909622071
11,1024.0,random_sampling,symmetric,uniform,30,50.0,1024.0,True,0.11724137931034483,0.9999999999999998,6.931471805599453
12,21508.0,random_sampling,symmetric,uniform,30,50.0,21508.0,True,0.11724137931034483,1.0000000000000002,9.976180237929569
13,3587.0,random_sampling,symmetric,uniform,30,50.0,3587.0,True,0.11724137931034483,1.0,8.185071477532283
14,12819.0,random_sampling,symmetric,uniform,30,50.0,12819.0,True,0.11724137931034483,1.0,9.458683724312134
15,6740.0,random_sampling,symmetric,uniform,30,50.0,6740.0,True,0.11724137931034483,0.9999999999999998,8.815815203906352
16,9965.0,random_sampling,symmetric,uniform,30,50.0,9965.0,True,0.11724137931034483,1.0000000000000002,9.206834232646894
17,4592.0,random_sampling,symmetric,uniform,30,50.0,4592.0,True,0.11724137931034483,0.9999999999999998,8.432070937999402
18,953.0,random_sampling,symmetric,uniform,30,50.0,953.0,True,0.11724137931034483,0.9999999999999999,6.859614903654202
19,4974.0,random_sampling,symmetric,uniform,30,50.0,4974.0,True,0.11724137931034483,1.0000000000000002,8.51197962436335
20,3455.0,random_sampling,symmetric,uniform,30,50.0,3455.0,True,0.11724137931034483,1.0,8.14757773620177
21,12151.0,random_sampling,symmetric,uniform,30,50.0,12151.0,True,0.11724137931034483,0.9999999999999999,9.405166749908611
22,26254.0,random_sampling,symmetric,uniform,30,50.0,26254.0,True,0.11724137931034483,0.9999999999999999,10.175573637363353
23,3331.0,random_sampling,symmetric,uniform,30,50.0,3331.0,True,0.11724137931034483,1.0000000000000002,8.11102783819368
24,1710.0,random_sampling,symmetric,uniform,30,50.0,1710.0,True,0.11724137931034483,1.0,7.444248649496705
25,6687.0,random_sampling,symmetric,uniform,30,50.0,6687.0,True,0.11724137931034483,1.0,8.80792062205398
26,12240.0,random_sampling,symmetric,uniform,30,50.0,12240.0,True,0.11724137931034483,1.0,9.412464556066316
27,12840.0,random_sampling,symmetric,uniform,30,50.0,12840.0,True,0.11724137931034483,1.0000000000000002,9.460320577243952
28,7483.0,random_sampling,symmetric,uniform,30,50.0,7483.0,True,0.11724137931034483,1.0,8.920389060080359
29,7011.0,random_sampling,symmetric,uniform,30,50.0,7011.0,True,0.11724137931034483,0.9999999999999999,8.855235623206967
30,4088.0,random_sampling,symmetric,uniform,30,50.0,4088.0,True,0.11724137931034483,0.9999999999999999,8.31581113188354
31,2669.0,random_sampling,symmetric,uniform,30,50.0,2669.0,True,0.11724137931034483,1.0,7.889459149404524
32,17179.0,random_sampling,symmetric,uniform,30,50.0,17179.0,True,0.11724137931034483,1.0000000000000002,9.751442986626445
33,7822.0,random_sampling,symmetric,uniform,30,50.0,7822.0,True,0.11724137931034483,1.0,8.96469555531546
34,29217.0,random_sampling,symmetric,uniform,30,50.0,29217.0,True,0.11724137931034483,0.9999999999999998,10.282506010629309
35,3363.0,random_sampling,symmetric,uniform,30,50.0,3363.0,True,0.11724137931034483,1.0000000000000002,8.12058871174027
36,8295.0,random_sampling,symmetric,uniform,30,50.0,8295.0,True,0.11724137931034483,1.0000000000000002,9.023408202624545
37,2555.0,random_sampling,symmetric,uniform,30,50.0,2555.0,True,0.11724137931034483,1.0,7.845807502637805
38,2903.0,random_sampling,symmetric,uniform,30,50.0,2903.0,True,0.11724137931034483,1.0,7.97349996402463
39,20065.0,random_sampling,symmetric,uniform,30,50.0,20065.0,True,0.11724137931034483,0.9999999999999999,9.906732282701016
40,2724.0,random_sampling,symmetric,uniform,30,50.0,2724.0,True,0.11724137931034483,1.0,7.909856667269403
41,10831.0,random_sampling,symmetric,uniform,30,50.0,10831.0,True,0.11724137931034483,0.9999999999999999,9.290167671835738
42,3305.0,random_sampling,symmetric,uniform,30,50.0,3305.0,True,0.11724137931034483,1.0000000000000002,8.103191752285786
43,6196.0,random_sampling,symmetric,uniform,30,50.0,6196.0,True,0.11724137931034483,1.0,8.73165920153676
44,3896.0,random_sampling,symmetric,uniform,30,50.0,3896.0,True,0.11724137931034483,0.9999999999999998,8.267705664762426
45,6002.0,random_sampling,symmetric,uniform,30,50.0,6002.0,True,0.11724137931034483,1.0,8.699848026000312
46,11454.0,random_sampling,symmetric,uniform,30,50.0,11454.0,True,0.11724137931034483,1.0000000000000002,9.346094292953802
47,2588.0,random_sampling,symmetric,uniform,30,50.0,2588.0,True,0.11724137931034483,0.9999999999999998,7.858640655620791
48,5036.0,random_sampling,symmetric,uniform,30,50.0,5036.0,True,0.11724137931034483,1.0000000000000002,8.524367395164237
49,5987.0,random_sampling,symmetric,uniform,30,50.0,5987.0,True,0.11724137931034483,1.0,8.697345730925353
50,74548.0,random_sampling,symmetric,uniform,30,50.0,74548.0,True,0.11724137931034483,0.9999999999999999,11.219198492200556
51,10856.0,random_sampling,symmetric,uniform,30,50.0,10856.0,True,0.11724137931034483,1.0,9.292473201514705
52,7697.0,random_sampling,symmetric,uniform,30,50.0,7697.0,True,0.11724137931034483,1.0,8.948585921534317
53,10925.0,random_sampling,symmetric,uniform,30,50.0,10925.0,True,0.11724137931034483,0.9999999999999999,9.298809019963791
54,5807.0,random_sampling,symmetric,uniform,30,50.0,5807.0,True,0.11724137931034483,1.0,8.66681936537205
55,9998.0,random_sampling,symmetric,uniform,30,50.0,9998.0,True,0.11724137931034483,1.0,9.210140351973516
56,33708.0,random_sampling,symmetric,uniform,30,50.0,33708.0,True,0.11724137931034483,0.9999999999999999,10.425490476892245
57,10477.0,random_sampling,symmetric,uniform,30,50.0,10477.0,True,0.11724137931034483,1.0000000000000002,9.256937657352966
58,1337.0,random_sampling,symmetric,uniform,30,50.0,1337.0,True,0.11724137931034483,1.0000000000000002,7.198183577101943
59,6008.0,random_sampling,symmetric,uniform,30,50.0,6008.0,True,0.11724137931034483,1.0000000000000002,8.700847193443972
60,3661.0,random_sampling,symmetric,uniform,30,50.0,3661.0,True,0.11724137931034483,1.0000000000000002,8.205491613120236
61,883.0,random_sampling,symmetric,uniform,30,50.0,883.0,True,0.11724137931034483,1.0000000000000002,6.78332520060396
62,12334.0,random_sampling,symmetric,uniform,30,50.0,12334.0,True,0.11724137931034483,0.9999999999999999,9.420114955551439
63,13098.0,random_sampling,symmetric,uniform,30,50.0,13098.0,True,0.11724137931034483,1.0,9.480214825777999
64,8120.0,random_sampling,symmetric,uniform,30,50.0,8120.0,True,0.11724137931034483,0.9999999999999999,9.002085433155724
65,8165.0,random_sampling,symmetric,uniform,30,50.0,8165.0,True,0.11724137931034483,1.0000000000000002,9.007612005404566
66,8169.0,random_sampling,symmetric,uniform,30,50.0,8169.0,True,0.11724137931034483,0.9999999999999998,9.00810178134187
67,8580.0,random_sampling,symmetric,uniform,30,50.0,8580.0,True,0.11724137931034483,1.0,9.057189192482008
68,2967.0,random_sampling,symmetric,uniform,30,50.0,2967.0,True,0.11724137931034483,0.9999999999999998,7.995306620290822
69,3452.0,random_sampling,symmetric,uniform,30,50.0,3452.0,True,0.11724137931034483,1.0000000000000002,8.146709052203319
70,3243.0,random_sampling,symmetric,uniform,30,50.0,3243.0,True,0.11724137931034483,1.0,8.084254106307318
71,11313.0,random_sampling,symmetric,uniform,30,50.0,11313.0,True,0.11724137931034483,0.9999999999999999,9.333707785926467
72,12485.0,random_sampling,symmetric,uniform,30,50.0,12485.0,True,0.11724137931034483,1.0000000000000002,9.432283202713874
73,26252.0,random_sampling,symmetric,uniform,30,50.0,26252.0,True,0.11724137931034483,1.0,10.175497455593613
74,5475.0,random_sampling,symmetric,uniform,30,50.0,5475.0,True,0.11724137931034483,0.9999999999999999,8.607947554684701
75,2964.0,random_sampling,symmetric,uniform,30,50.0,2964.0,True,0.11724137931034483,1.0000000000000002,7.994294986415977
76,7296.0,random_sampling,symmetric,uniform,30,50.0,7296.0,True,0.11724137931034483,0.9999999999999999,8.895081531754167
77,11543.0,random_sampling,symmetric,uniform,30,50.0,11543.0,True,0.11724137931034483,1.0000000000000002,9.353834471614912
78,3902.0,random_sampling,symmetric,uniform,30,50.0,3902.0,True,0.11724137931034483,1.0000000000000002,8.269244521183056
79,7671.0,random_sampling,symmetric,uniform,30,50.0,7671.0,True,0.11724137931034483,1.0,8.945202263959297
80,3296.0,random_sampling,symmetric,uniform,30,50.0,3296.0,True,0.11724137931034483,0.9999999999999999,8.100464891029363
81,5600.0,random_sampling,symmetric,uniform,30,50.0,5600.0,True,0.11724137931034483,1.0,8.630521876723241
82,1688.0,random_sampling,symmetric,uniform,30,50.0,1688.0,True,0.11724137931034483,0.9999999999999999,7.431299675155903
83,5623.0,random_sampling,symmetric,uniform,30,50.0,5623.0,True,0.11724137931034483,0.9999999999999999,8.634620608292202
84,5491.0,random_sampling,symmetric,uniform,30,50.0,5491.0,True,0.11724137931034483,1.0000000000000002,8.610865667278873
85,1856.0,random_sampling,symmetric,uniform,30,50.0,1856.0,True,0.11724137931034483,0.9999999999999998,7.526178913346146
86,4085.0,random_sampling,symmetric,uniform,30,50.0,4085.0,True,0.11724137931034483,0.9999999999999998,8.315077007294104
87,5239.0,random_sampling,symmetric,uniform,30,50.0,5239.0,True,0.11724137931034483,0.9999999999999999,8.56388591940822
88,2519.0,random_sampling,symmetric,uniform,30,50.0,2519.0,True,0.11724137931034483,1.0,7.831617276352611
89,1722.0,random_sampling,symmetric,uniform,30,50.0,1722.0,True,0.11724137931034483,0.9999999999999999,7.451241684987676
90,11073.0,random_sampling,symmetric,uniform,30,50.0,11073.0,True,0.11724137931034483,1.0000000000000002,9.312264991698108
91,3214.0,random_sampling,symmetric,uniform,30,50.0,3214.0,True,0.11724137931034483,0.9999999999999999,8.075271546297458
92,16680.0,random_sampling,symmetric,uniform,30,50.0,16680.0,True,0.11724137931034483,1.0,9.721965675912738
93,33914.0,random_sampling,symmetric,uniform,30,50.0,33914.0,True,0.11724137931034483,1.0,10.431583187467073
94,742.0,random_sampling,symmetric,uniform,30,50.0,742.0,True,0.11724137931034483,0.9999999999999999,6.60934924316738
95,5014.0,random_sampling,symmetric,uniform,30,50.0,5014.0,True,0.11724137931034483,0.9999999999999999,8.519989278718239
96,6938.0,random_sampling,symmetric,uniform,30,50.0,6938.0,True,0.11724137931034483,1.0000000000000002,8.844768827529695
97,2486.0,random_sampling,symmetric,uniform,30,50.0,2486.0,True,0.11724137931034483,0.9999999999999998,7.818430272070656
98,5387.0,random_sampling,symmetric,uniform,30,50.0,5387.0,True,0.11724137931034483,1.0,8.591743922680534
99,2743.0,random_sampling,symmetric,uniform,30,50.0,2743.0,True,0.11724137931034483,1.0,7.916807490937603
0,73.0,random_sampling,symmetric,uniform,20,40.0,73.0,True,0.21578947368421053,1.0,4.290459441148391
1,688.0,random_sampling,symmetric,uniform,20,40.0,688.0,True,0.21578947368421053,1.0,6.5337888379333435
2,1005.0,random_sampling,symmetric,uniform,20,40.0,1005.0,True,0.21052631578947367,1.0,6.912742820493176
3,904.0,random_sampling,symmetric,uniform,20,40.0,904.0,True,0.21052631578947367,0.9999999999999998,6.806829360392176
4,442.0,random_sampling,symmetric,uniform,20,40.0,442.0,True,0.21578947368421053,1.0,6.091309882077698
5,251.0,random_sampling,symmetric,uniform,20,40.0,251.0,True,0.21578947368421053,1.0,5.5254529391317835
6,765.0,random_sampling,symmetric,uniform,20,40.0,765.0,True,0.21052631578947367,1.0,6.639875833826536
7,719.0,random_sampling,symmetric,uniform,20,40.0,719.0,True,0.21052631578947367,0.9999999999999998,6.577861357721047
8,1149.0,random_sampling,symmetric,uniform,20,40.0,1149.0,True,0.21578947368421053,0.9999999999999998,7.046647277848756
9,999.0,random_sampling,symmetric,uniform,20,40.0,999.0,True,0.21578947368421053,1.0,6.906754778648554
10,701.0,random_sampling,symmetric,uniform,20,40.0,701.0,True,0.21578947368421053,1.0,6.55250788703459
11,838.0,random_sampling,symmetric,uniform,20,40.0,838.0,True,0.21578947368421053,1.0,6.731018100482083
12,290.0,random_sampling,symmetric,uniform,20,40.0,290.0,True,0.21052631578947367,0.9999999999999998,5.66988092298052
13,468.0,random_sampling,symmetric,uniform,20,40.0,468.0,True,0.21052631578947367,1.0000000000000002,6.148468295917647
14,836.0,random_sampling,symmetric,uniform,20,40.0,836.0,True,0.21052631578947367,1.0000000000000002,6.728628613084702
15,370.0,random_sampling,symmetric,uniform,20,40.0,370.0,True,0.21578947368421053,1.0,5.91350300563827
16,782.0,random_sampling,symmetric,uniform,20,40.0,782.0,True,0.20526315789473684,1.0,6.661854740545311
17,282.0,random_sampling,symmetric,uniform,20,40.0,282.0,True,0.21578947368421053,1.0,5.641907070938114
18,261.0,random_sampling,symmetric,uniform,20,40.0,261.0,True,0.21578947368421053,1.0,5.564520407322694
19,444.0,random_sampling,symmetric,uniform,20,40.0,444.0,True,0.21578947368421053,1.0,6.095824562432225
20,888.0,random_sampling,symmetric,uniform,20,40.0,888.0,True,0.21578947368421053,1.0,6.78897174299217
21,211.0,random_sampling,symmetric,uniform,20,40.0,211.0,True,0.21052631578947367,1.0,5.351858133476067
22,669.0,random_sampling,symmetric,uniform,20,40.0,669.0,True,0.21052631578947367,1.0,6.505784060128229
23,576.0,random_sampling,symmetric,uniform,20,40.0,576.0,True,0.21052631578947367,0.9999999999999998,6.3561076606958915
24,466.0,random_sampling,symmetric,uniform,20,40.0,466.0,True,0.21578947368421053,1.0,6.144185634125646
25,99.0,random_sampling,symmetric,uniform,20,40.0,99.0,True,0.21052631578947367,0.9999999999999998,4.59511985013459
26,978.0,random_sampling,symmetric,uniform,20,40.0,978.0,True,0.21578947368421053,1.0,6.885509670034818
27,800.0,random_sampling,symmetric,uniform,20,40.0,800.0,True,0.21578947368421053,1.0,6.684611727667927
28,842.0,random_sampling,symmetric,uniform,20,40.0,842.0,True,0.21578947368421053,1.0000000000000002,6.7357800142423265
29,19387.0,random_sampling,symmetric,uniform,20,40.0,19387.0,True,0.21578947368421053,1.0000000000000002,9.872358017339208
30,1287.0,random_sampling,symmetric,uniform,20,40.0,1287.0,True,0.21578947368421053,1.0,7.160069207596127
31,994.0,random_sampling,symmetric,uniform,20,40.0,994.0,True,0.21052631578947367,0.9999999999999998,6.901737206656574
32,173.0,random_sampling,symmetric,uniform,20,40.0,173.0,True,0.21578947368421053,1.0000000000000002,5.153291594497779
33,95.0,random_sampling,symmetric,uniform,20,40.0,95.0,True,0.21578947368421053,0.9999999999999998,4.553876891600541
34,455.0,random_sampling,symmetric,uniform,20,40.0,455.0,True,0.21578947368421053,1.0,6.12029741895095
35,856.0,random_sampling,symmetric,uniform,20,40.0,856.0,True,0.21578947368421053,1.0,6.752270376141742
36,354.0,random_sampling,symmetric,uniform,20,40.0,354.0,True,0.21578947368421053,1.0,5.869296913133774
37,168.0,random_sampling,symmetric,uniform,20,40.0,168.0,True,0.21578947368421053,1.0,5.123963979403259
38,353.0,random_sampling,symmetric,uniform,20,40.0,353.0,True,0.20526315789473684,1.0,5.8664680569332965
39,249.0,random_sampling,symmetric,uniform,20,40.0,249.0,True,0.21578947368421053,1.0,5.517452896464707
40,413.0,random_sampling,symmetric,uniform,20,40.0,413.0,True,0.21578947368421053,1.0,6.023447592961033
41,372.0,random_sampling,symmetric,uniform,20,40.0,372.0,True,0.21052631578947367,1.0,5.918893854273146
42,489.0,random_sampling,symmetric,uniform,20,40.0,489.0,True,0.21578947368421053,0.9999999999999998,6.192362489474872
43,299.0,random_sampling,symmetric,uniform,20,40.0,299.0,True,0.21578947368421053,1.0,5.700443573390687
44,989.0,random_sampling,symmetric,uniform,20,40.0,989.0,True,0.21578947368421053,0.9999999999999998,6.8966943316227125
45,945.0,random_sampling,symmetric,uniform,20,40.0,945.0,True,0.21578947368421053,1.0,6.851184927493743
46,1092.0,random_sampling,symmetric,uniform,20,40.0,1092.0,True,0.21578947368421053,1.0,6.9957661563048505
47,364.0,random_sampling,symmetric,uniform,20,40.0,364.0,True,0.21578947368421053,0.9999999999999998,5.8971538676367405
48,201.0,random_sampling,symmetric,uniform,20,40.0,201.0,True,0.21578947368421053,1.0,5.303304908059076
49,2293.0,random_sampling,symmetric,uniform,20,40.0,2293.0,True,0.21578947368421053,1.0,7.737616282857904
50,631.0,random_sampling,symmetric,uniform,20,40.0,631.0,True,0.21052631578947367,1.0000000000000002,6.447305862541213
51,459.0,random_sampling,symmetric,uniform,20,40.0,459.0,True,0.21578947368421053,1.0,6.129050210060545
52,785.0,random_sampling,symmetric,uniform,20,40.0,785.0,True,0.21578947368421053,1.0,6.665683717782408
53,472.0,random_sampling,symmetric,uniform,20,40.0,472.0,True,0.21578947368421053,0.9999999999999998,6.156978985585555
54,861.0,random_sampling,symmetric,uniform,20,40.0,861.0,True,0.21052631578947367,1.0,6.7580945044277305
55,557.0,random_sampling,symmetric,uniform,20,40.0,557.0,True,0.21578947368421053,0.9999999999999998,6.322565239927284
56,469.0,random_sampling,symmetric,uniform,20,40.0,469.0,True,0.21578947368421053,1.0,6.150602768446279
57,680.0,random_sampling,symmetric,uniform,20,40.0,680.0,True,0.21578947368421053,1.0,6.522092798170152
58,510.0,random_sampling,symmetric,uniform,20,40.0,510.0,True,0.21578947368421053,1.0,6.234410725718371
59,428.0,random_sampling,symmetric,uniform,20,40.0,428.0,True,0.21578947368421053,1.0,6.059123195581797
60,215.0,random_sampling,symmetric,uniform,20,40.0,215.0,True,0.21578947368421053,1.0,5.3706380281276624
61,486.0,random_sampling,symmetric,uniform,20,40.0,486.0,True,0.21578947368421053,1.0,6.186208623900494
62,518.0,random_sampling,symmetric,uniform,20,40.0,518.0,True,0.21578947368421053,1.0,6.249975242259483
63,222.0,random_sampling,symmetric,uniform,20,40.0,222.0,True,0.21052631578947367,1.0,5.402677381872279
64,507.0,random_sampling,symmetric,uniform,20,40.0,507.0,True,0.21052631578947367,1.0000000000000002,6.2285110035911835
65,98.0,random_sampling,symmetric,uniform,20,40.0,98.0,True,0.21578947368421053,1.0,4.584967478670572
66,558.0,random_sampling,symmetric,uniform,20,40.0,558.0,True,0.21578947368421053,0.9999999999999998,6.324358962381311
67,228.0,random_sampling,symmetric,uniform,20,40.0,228.0,True,0.21578947368421053,0.9999999999999998,5.429345628954441
68,420.0,random_sampling,symmetric,uniform,20,40.0,420.0,True,0.21052631578947367,1.0,6.040254711277414
69,182.0,random_sampling,symmetric,uniform,20,40.0,182.0,True,0.21052631578947367,1.0,5.204006687076795
70,984.0,random_sampling,symmetric,uniform,20,40.0,984.0,True,0.21578947368421053,1.0000000000000002,6.891625897052253
71,94.0,random_sampling,symmetric,uniform,20,40.0,94.0,True,0.21052631578947367,1.0,4.543294782270004
72,287.0,random_sampling,symmetric,uniform,20,40.0,287.0,True,0.21578947368421053,1.0,5.659482215759621
73,803.0,random_sampling,symmetric,uniform,20,40.0,803.0,True,0.21578947368421053,1.0,6.688354713946762
74,158.0,random_sampling,symmetric,uniform,20,40.0,158.0,True,0.21578947368421053,0.9999999999999998,5.062595033026967
75,588.0,random_sampling,symmetric,uniform,20,40.0,588.0,True,0.21578947368421053,1.0,6.376726947898627
76,527.0,random_sampling,symmetric,uniform,20,40.0,527.0,True,0.21578947368421053,0.9999999999999998,6.267200548541362
77,181.0,random_sampling,symmetric,uniform,20,40.0,181.0,True,0.21578947368421053,1.0,5.198497031265826
78,155.0,random_sampling,symmetric,uniform,20,40.0,155.0,True,0.21578947368421053,1.0,5.043425116919247
79,504.0,random_sampling,symmetric,uniform,20,40.0,504.0,True,0.21578947368421053,1.0000000000000002,6.222576268071369
80,128.0,random_sampling,symmetric,uniform,20,40.0,128.0,True,0.21578947368421053,0.9999999999999998,4.852030263919617
81,250.0,random_sampling,symmetric,uniform,20,40.0,250.0,True,0.21052631578947367,1.0,5.521460917862246
82,319.0,random_sampling,symmetric,uniform,20,40.0,319.0,True,0.21578947368421053,0.9999999999999998,5.765191102784844
83,146.0,random_sampling,symmetric,uniform,20,40.0,146.0,True,0.21578947368421053,1.0,4.983606621708336
84,327.0,random_sampling,symmetric,uniform,20,40.0,327.0,True,0.21578947368421053,0.9999999999999998,5.7899601708972535
85,117.0,random_sampling,symmetric,uniform,20,40.0,117.0,True,0.21578947368421053,1.0,4.762173934797756
86,914.0,random_sampling,symmetric,uniform,20,40.0,914.0,True,0.21578947368421053,0.9999999999999998,6.81783057145415
87,124.0,random_sampling,symmetric,uniform,20,40.0,124.0,True,0.21052631578947367,1.0,4.820281565605037
88,2899.0,random_sampling,symmetric,uniform,20,40.0,2899.0,True,0.21578947368421053,1.0000000000000002,7.972121128921655
89,250.0,random_sampling,symmetric,uniform,20,40.0,250.0,True,0.21052631578947367,1.0,5.521460917862246
90,977.0,random_sampling,symmetric,uniform,20,40.0,977.0,True,0.21578947368421053,1.0,6.884486652042782
91,675.0,random_sampling,symmetric,uniform,20,40.0,675.0,True,0.21578947368421053,1.0,6.51471269087253
92,453.0,random_sampling,symmetric,uniform,20,40.0,453.0,True,0.21578947368421053,1.0000000000000004,6.115892125483034
93,439.0,random_sampling,symmetric,uniform,20,40.0,439.0,True,0.21052631578947367,1.0000000000000002,6.0844994130751715
94,1126.0,random_sampling,symmetric,uniform,20,40.0,1126.0,True,0.21052631578947367,0.9999999999999998,7.026426808699636
95,327.0,random_sampling,symmetric,uniform,20,40.0,327.0,True,0.21578947368421053,1.0,5.7899601708972535
96,388.0,random_sampling,symmetric,uniform,20,40.0,388.0,True,0.21052631578947367,1.0,5.961005339623274
97,913.0,random_sampling,symmetric,uniform,20,40.0,913.0,True,0.20526315789473684,1.0,6.816735880594968
98,349.0,random_sampling,symmetric,uniform,20,40.0,349.0,True,0.21052631578947367,1.0,5.855071922202427
99,599.0,random_sampling,symmetric,uniform,20,40.0,599.0,True,0.21578947368421053,1.0,6.395261598115449
0,53147.0,random_sampling,symmetric,uniform,30,25.0,53147.0,True,0.059770114942528735,1.0,10.88081693815073
1,30150.0,random_sampling,symmetric,uniform,30,25.0,30150.0,True,0.059770114942528735,1.0,10.313940202155331
2,1876.0,random_sampling,symmetric,uniform,30,25.0,1876.0,True,0.059770114942528735,1.0,7.53689712956617
3,4947.0,random_sampling,symmetric,uniform,30,25.0,4947.0,True,0.059770114942528735,1.0,8.506536611227709
4,4502.0,random_sampling,symmetric,uniform,30,25.0,4502.0,True,0.059770114942528735,1.0,8.412277021466677
5,3867.0,random_sampling,symmetric,uniform,30,25.0,3867.0,True,0.059770114942528735,1.0,8.260234291607297
6,831.0,random_sampling,symmetric,uniform,30,25.0,831.0,True,0.059770114942528735,1.0,6.7226297948554485
7,223.0,random_sampling,symmetric,uniform,30,25.0,223.0,True,0.059770114942528735,1.0000000000000002,5.407171771460119
8,3810.0,random_sampling,symmetric,uniform,30,25.0,3810.0,True,0.059770114942528735,1.0,8.245384468120747
9,22602.0,random_sampling,symmetric,uniform,30,25.0,22602.0,True,0.059770114942528735,1.0,10.025793676920095
10,7864.0,random_sampling,symmetric,uniform,30,25.0,7864.0,True,0.059770114942528735,0.9999999999999999,8.970050661827003
11,5622.0,random_sampling,symmetric,uniform,30,25.0,5622.0,True,0.059770114942528735,1.0,8.634442751466477
12,496.0,random_sampling,symmetric,uniform,30,25.0,496.0,True,0.059770114942528735,1.0,6.206575926724928
13,10731.0,random_sampling,symmetric,uniform,30,25.0,10731.0,True,0.059770114942528735,1.0,9.280892027927127
14,3121.0,random_sampling,symmetric,uniform,30,25.0,3121.0,True,0.059770114942528735,1.0,8.045908742270779
15,1885.0,random_sampling,symmetric,uniform,30,25.0,1885.0,True,0.059770114942528735,1.0000000000000002,7.541683099882111
16,6342.0,random_sampling,symmetric,uniform,30,25.0,6342.0,True,0.059770114942528735,1.0,8.754949455098293
17,5293.0,random_sampling,symmetric,uniform,30,25.0,5293.0,True,0.059770114942528735,1.0,8.574140471857987
18,12053.0,random_sampling,symmetric,uniform,30,25.0,12053.0,True,0.059770114942528735,1.0,9.397068870588344
19,59444.0,random_sampling,symmetric,uniform,30,25.0,59444.0,True,0.059770114942528735,1.0000000000000002,10.99278997187846
20,3208.0,random_sampling,symmetric,uniform,30,25.0,3208.0,True,0.059770114942528735,0.9999999999999999,8.073402968986406
21,7480.0,random_sampling,symmetric,uniform,30,25.0,7480.0,True,0.059770114942528735,1.0,8.919988070968524
22,1684.0,random_sampling,symmetric,uniform,30,25.0,1684.0,True,0.059770114942528735,0.9999999999999999,7.428927194802272
23,6905.0,random_sampling,symmetric,uniform,30,25.0,6905.0,True,0.059770114942528735,1.0,8.840001065843392
24,811.0,random_sampling,symmetric,uniform,30,25.0,811.0,True,0.059770114942528735,1.0,6.698268054115413
25,7078.0,random_sampling,symmetric,uniform,30,25.0,7078.0,True,0.059770114942528735,1.0,8.864746660905409
26,6665.0,random_sampling,symmetric,uniform,30,25.0,6665.0,True,0.059770114942528735,1.0000000000000002,8.804625232612809
27,31172.0,random_sampling,symmetric,uniform,30,25.0,31172.0,True,0.059770114942528735,1.0,10.347275534963451
28,6667.0,random_sampling,symmetric,uniform,30,25.0,6667.0,True,0.059770114942528735,1.0,8.80492526261806
29,7660.0,random_sampling,symmetric,uniform,30,25.0,7660.0,True,0.059770114942528735,1.0,8.943767262734637
30,6930.0,random_sampling,symmetric,uniform,30,25.0,6930.0,True,0.059770114942528735,1.0,8.84361509218395
31,11976.0,random_sampling,symmetric,uniform,30,25.0,11976.0,True,0.059770114942528735,1.0,9.390659926099465
32,26472.0,random_sampling,symmetric,uniform,30,25.0,26472.0,True,0.059770114942528735,1.0,10.183842849601447
33,3500.0,random_sampling,symmetric,uniform,30,25.0,3500.0,True,0.059770114942528735,1.0000000000000002,8.160518247477505
34,2857.0,random_sampling,symmetric,uniform,30,25.0,2857.0,True,0.059770114942528735,1.0,7.957527402230773
35,719.0,random_sampling,symmetric,uniform,30,25.0,719.0,True,0.059770114942528735,1.0,6.577861357721047
36,1031.0,random_sampling,symmetric,uniform,30,25.0,1031.0,True,0.059770114942528735,1.0,6.93828448401696
37,26944.0,random_sampling,symmetric,uniform,30,25.0,26944.0,True,0.059770114942528735,1.0,10.201515917042054
38,2871.0,random_sampling,symmetric,uniform,30,25.0,2871.0,True,0.059770114942528735,1.0,7.962415680121064
39,4722.0,random_sampling,symmetric,uniform,30,25.0,4722.0,True,0.059770114942528735,1.0,8.459987717645458
40,3612.0,random_sampling,symmetric,uniform,30,25.0,3612.0,True,0.059770114942528735,1.0,8.192016914536875
41,966.0,random_sampling,symmetric,uniform,30,25.0,966.0,True,0.059770114942528735,0.9999999999999998,6.873163834212518
42,35348.0,random_sampling,symmetric,uniform,30,25.0,35348.0,True,0.059770114942528735,1.0,10.472997092637895
43,1590.0,random_sampling,symmetric,uniform,30,25.0,1590.0,True,0.059770114942528735,1.0,7.371489295214277
44,2913.0,random_sampling,symmetric,uniform,30,25.0,2913.0,True,0.059770114942528735,1.0,7.976938756959434
45,5579.0,random_sampling,symmetric,uniform,30,25.0,5579.0,True,0.059770114942528735,1.0,8.626764827845529
46,3754.0,random_sampling,symmetric,uniform,30,25.0,3754.0,True,0.059770114942528735,1.0,8.230577217146454
47,12403.0,random_sampling,symmetric,uniform,30,25.0,12403.0,True,0.059770114942528735,1.0,9.42569365781533
48,4552.0,random_sampling,symmetric,uniform,30,25.0,4552.0,True,0.059770114942528735,0.9999999999999999,8.423321975806166
49,13338.0,random_sampling,symmetric,uniform,30,25.0,13338.0,True,0.059770114942528735,1.0,9.498372383192251
50,8350.0,random_sampling,symmetric,uniform,30,25.0,8350.0,True,0.059770114942528735,0.9999999999999999,9.030016817844901
51,3828.0,random_sampling,symmetric,uniform,30,25.0,3828.0,True,0.059770114942528735,1.0000000000000002,8.250097752572845
52,6258.0,random_sampling,symmetric,uniform,30,25.0,6258.0,True,0.059770114942528735,1.0000000000000002,8.741615924228828
53,4036.0,random_sampling,symmetric,uniform,30,25.0,4036.0,True,0.059770114942528735,1.0,8.3030093814735
54,11598.0,random_sampling,symmetric,uniform,30,25.0,11598.0,True,0.059770114942528735,1.0,9.358587948436385
55,740.0,random_sampling,symmetric,uniform,30,25.0,740.0,True,0.059770114942528735,1.0,6.606650186198215
56,3508.0,random_sampling,symmetric,uniform,30,25.0,3508.0,True,0.059770114942528735,1.0,8.162801353492073
57,1837.0,random_sampling,symmetric,uniform,30,25.0,1837.0,True,0.059770114942528735,1.0,7.515889085215125
58,35141.0,random_sampling,symmetric,uniform,30,25.0,35141.0,True,0.059770114942528735,1.0,10.467123818934358
59,1612.0,random_sampling,symmetric,uniform,30,25.0,1612.0,True,0.059770114942528735,1.0,7.385230923066573
60,1573.0,random_sampling,symmetric,uniform,30,25.0,1573.0,True,0.059770114942528735,1.0,7.360739903058278
61,3439.0,random_sampling,symmetric,uniform,30,25.0,3439.0,True,0.059770114942528735,1.0,8.142936010432265
62,6805.0,random_sampling,symmetric,uniform,30,25.0,6805.0,True,0.059770114942528735,1.0,8.825412915085566
63,1298.0,random_sampling,symmetric,uniform,30,25.0,1298.0,True,0.059770114942528735,1.0,7.168579897264035
64,4273.0,random_sampling,symmetric,uniform,30,25.0,4273.0,True,0.059770114942528735,1.0,8.360071435644025
65,27103.0,random_sampling,symmetric,uniform,30,25.0,27103.0,True,0.059770114942528735,1.0,10.207399701847889
66,3856.0,random_sampling,symmetric,uniform,30,25.0,3856.0,True,0.059770114942528735,1.0,8.257385655730436
67,7476.0,random_sampling,symmetric,uniform,30,25.0,7476.0,True,0.059770114942528735,1.0,8.919453168575453
68,2571.0,random_sampling,symmetric,uniform,30,25.0,2571.0,True,0.059770114942528735,1.0,7.852050207265889
69,907.0,random_sampling,symmetric,uniform,30,25.0,907.0,True,0.059770114942528735,1.0,6.810142450115136
70,2096.0,random_sampling,symmetric,uniform,30,25.0,2096.0,True,0.059770114942528735,1.0,7.647786045440933
71,22920.0,random_sampling,symmetric,uniform,30,25.0,22920.0,True,0.059770114942528735,1.0,10.039765170828677
72,4175.0,random_sampling,symmetric,uniform,30,25.0,4175.0,True,0.059770114942528735,1.0,8.336869637284956
73,34491.0,random_sampling,symmetric,uniform,30,25.0,34491.0,True,0.059770114942528735,1.0,10.448453699421849
74,4009.0,random_sampling,symmetric,uniform,30,25.0,4009.0,True,0.059770114942528735,0.9999999999999998,8.296297112642508
75,13371.0,random_sampling,symmetric,uniform,30,25.0,13371.0,True,0.059770114942528735,0.9999999999999999,9.500843461614666
76,1013.0,random_sampling,symmetric,uniform,30,25.0,1013.0,True,0.059770114942528735,1.0,6.920671504248683
77,1152.0,random_sampling,symmetric,uniform,30,25.0,1152.0,True,0.059770114942528735,1.0,7.049254841255837
78,4145.0,random_sampling,symmetric,uniform,30,25.0,4145.0,True,0.059770114942528735,1.0,8.329658067569396
79,17832.0,random_sampling,symmetric,uniform,30,25.0,17832.0,True,0.059770114942528735,1.0,9.788749875065704
80,933.0,random_sampling,symmetric,uniform,30,25.0,933.0,True,0.059770114942528735,0.9999999999999999,6.838405200847344
81,1419.0,random_sampling,symmetric,uniform,30,25.0,1419.0,True,0.059770114942528735,0.9999999999999999,7.257707677160043
82,6719.0,random_sampling,symmetric,uniform,30,25.0,6719.0,True,0.059770114942528735,1.0,8.81269461292015
83,8023.0,random_sampling,symmetric,uniform,30,25.0,8023.0,True,0.059770114942528735,1.0,8.990067695753655
84,7580.0,random_sampling,symmetric,uniform,30,25.0,7580.0,True,0.059770114942528735,1.0,8.933268478636418
85,2896.0,random_sampling,symmetric,uniform,30,25.0,2896.0,True,0.059770114942528735,1.0,7.971085753505607
86,16433.0,random_sampling,symmetric,uniform,30,25.0,16433.0,True,0.059770114942528735,1.0,9.707046787181289
87,2262.0,random_sampling,symmetric,uniform,30,25.0,2262.0,True,0.059770114942528735,1.0000000000000002,7.724004656676065
88,2568.0,random_sampling,symmetric,uniform,30,25.0,2568.0,True,0.059770114942528735,1.0,7.850882664809852
89,9770.0,random_sampling,symmetric,uniform,30,25.0,9770.0,True,0.059770114942528735,0.9999999999999999,9.187071745036828
90,13417.0,random_sampling,symmetric,uniform,30,25.0,13417.0,True,0.059770114942528735,1.0000000000000002,9.504277838590472
91,1895.0,random_sampling,symmetric,uniform,30,25.0,1895.0,True,0.059770114942528735,1.0,7.546974117516527
92,7852.0,random_sampling,symmetric,uniform,30,25.0,7852.0,True,0.059770114942528735,1.0,8.968523555396352
93,6948.0,random_sampling,symmetric,uniform,30,25.0,6948.0,True,0.059770114942528735,0.9999999999999999,8.846209127360996
94,1250.0,random_sampling,symmetric,uniform,30,25.0,1250.0,True,0.059770114942528735,1.0,7.1308988302963465
95,1960.0,random_sampling,symmetric,uniform,30,25.0,1960.0,True,0.059770114942528735,1.0000000000000002,7.580699752224563
96,4759.0,random_sampling,symmetric,uniform,30,25.0,4759.0,True,0.059770114942528735,1.0,8.46779284112111
97,2770.0,random_sampling,symmetric,uniform,30,25.0,2770.0,True,0.059770114942528735,0.9999999999999999,7.926602599181384
98,1897.0,random_sampling,symmetric,uniform,30,25.0,1897.0,True,0.059770114942528735,0.9999999999999998,7.5480289699350145
99,806.0,random_sampling,symmetric,uniform,30,25.0,806.0,True,0.059770114942528735,1.0,6.692083742506628
0,1502.0,random_sampling,symmetric,uniform,20,55.0,1502.0,True,0.29473684210526313,1.0,7.31455283232408
1,363.0,random_sampling,symmetric,uniform,20,55.0,363.0,True,0.2789473684210526,0.9999999999999997,5.8944028342648505
2,83.0,random_sampling,symmetric,uniform,20,55.0,83.0,True,0.2894736842105263,1.0000000000000002,4.418840607796598
3,319.0,random_sampling,symmetric,uniform,20,55.0,319.0,True,0.29473684210526313,0.9999999999999998,5.765191102784844
4,216.0,random_sampling,symmetric,uniform,20,55.0,216.0,True,0.28421052631578947,0.9999999999999998,5.375278407684165
5,587.0,random_sampling,symmetric,uniform,20,55.0,587.0,True,0.28421052631578947,1.0,6.375024819828097
6,733.0,random_sampling,symmetric,uniform,20,55.0,733.0,True,0.2789473684210526,1.0,6.597145701886651
7,318.0,random_sampling,symmetric,uniform,20,55.0,318.0,True,0.2894736842105263,1.0000000000000002,5.762051382780177
8,1436.0,random_sampling,symmetric,uniform,20,55.0,1436.0,True,0.28421052631578947,0.9999999999999998,7.269616749608169
9,242.0,random_sampling,symmetric,uniform,20,55.0,242.0,True,0.2736842105263158,1.0,5.488937726156687
10,261.0,random_sampling,symmetric,uniform,20,55.0,261.0,True,0.2894736842105263,1.0,5.564520407322694
11,177.0,random_sampling,symmetric,uniform,20,55.0,177.0,True,0.29473684210526313,1.0,5.176149732573829
12,272.0,random_sampling,symmetric,uniform,20,55.0,272.0,True,0.28421052631578947,1.0,5.605802066295998
13,650.0,random_sampling,symmetric,uniform,20,55.0,650.0,True,0.29473684210526313,0.9999999999999998,6.476972362889683
14,341.0,random_sampling,symmetric,uniform,20,55.0,341.0,True,0.26842105263157895,1.0000000000000002,5.831882477283517
15,350.0,random_sampling,symmetric,uniform,20,55.0,350.0,True,0.28421052631578947,1.0000000000000002,5.857933154483459
16,348.0,random_sampling,symmetric,uniform,20,55.0,348.0,True,0.28421052631578947,1.0,5.8522024797744745
17,202.0,random_sampling,symmetric,uniform,20,55.0,202.0,True,0.2894736842105263,1.0,5.308267697401205
18,1766.0,random_sampling,symmetric,uniform,20,55.0,1766.0,True,0.2894736842105263,1.0,7.476472381163905
19,186.0,random_sampling,symmetric,uniform,20,55.0,186.0,True,0.2789473684210526,1.0000000000000002,5.225746673713202
20,346.0,random_sampling,symmetric,uniform,20,55.0,346.0,True,0.28421052631578947,0.9999999999999997,5.846438775057725
21,1456.0,random_sampling,symmetric,uniform,20,55.0,1456.0,True,0.29473684210526313,0.9999999999999998,7.283448228756631
22,402.0,random_sampling,symmetric,uniform,20,55.0,402.0,True,0.28421052631578947,0.9999999999999998,5.996452088619021
23,194.0,random_sampling,symmetric,uniform,20,55.0,194.0,True,0.2894736842105263,0.9999999999999998,5.267858159063328
24,360.0,random_sampling,symmetric,uniform,20,55.0,360.0,True,0.2736842105263158,1.0,5.886104031450156
25,203.0,random_sampling,symmetric,uniform,20,55.0,203.0,True,0.2789473684210526,1.0,5.313205979041787
26,2918.0,random_sampling,symmetric,uniform,20,55.0,2918.0,True,0.2789473684210526,0.9999999999999998,7.978653729082731
27,236.0,random_sampling,symmetric,uniform,20,55.0,236.0,True,0.28421052631578947,0.9999999999999998,5.4638318050256105
28,235.0,random_sampling,symmetric,uniform,20,55.0,235.0,True,0.2894736842105263,1.0,5.459585514144159
29,3785.0,random_sampling,symmetric,uniform,20,55.0,3785.0,True,0.2894736842105263,1.0000000000000002,8.23880116587155
30,873.0,random_sampling,symmetric,uniform,20,55.0,873.0,True,0.2894736842105263,0.9999999999999998,6.771935555839602
31,409.0,random_sampling,symmetric,uniform,20,55.0,409.0,True,0.28421052631578947,1.0,6.013715156042802
32,430.0,random_sampling,symmetric,uniform,20,55.0,430.0,True,0.2894736842105263,1.0,6.063785208687608
33,228.0,random_sampling,symmetric,uniform,20,55.0,228.0,True,0.2789473684210526,1.0,5.429345628954441
34,1619.0,random_sampling,symmetric,uniform,20,55.0,1619.0,True,0.29473684210526313,1.0,7.389563953677635
35,665.0,random_sampling,symmetric,uniform,20,55.0,665.0,True,0.2894736842105263,1.0,6.499787040655854
36,304.0,random_sampling,symmetric,uniform,20,55.0,304.0,True,0.26842105263157895,0.9999999999999997,5.717027701406222
37,352.0,random_sampling,symmetric,uniform,20,55.0,352.0,True,0.29473684210526313,1.0,5.863631175598097
38,366.0,random_sampling,symmetric,uniform,20,55.0,366.0,True,0.2789473684210526,1.0,5.902633333401366
39,850.0,random_sampling,symmetric,uniform,20,55.0,850.0,True,0.2894736842105263,1.0000000000000002,6.745236349484363
40,342.0,random_sampling,symmetric,uniform,20,55.0,342.0,True,0.2789473684210526,1.0,5.834810737062605
41,408.0,random_sampling,symmetric,uniform,20,55.0,408.0,True,0.26842105263157895,1.0,6.0112671744041615
42,203.0,random_sampling,symmetric,uniform,20,55.0,203.0,True,0.28421052631578947,1.0,5.313205979041787
43,212.0,random_sampling,symmetric,uniform,20,55.0,212.0,True,0.28421052631578947,0.9999999999999998,5.356586274672012
44,404.0,random_sampling,symmetric,uniform,20,55.0,404.0,True,0.2736842105263158,1.0000000000000002,6.0014148779611505
45,150.0,random_sampling,symmetric,uniform,20,55.0,150.0,True,0.2894736842105263,1.0,5.0106352940962555
46,202.0,random_sampling,symmetric,uniform,20,55.0,202.0,True,0.2894736842105263,1.0,5.308267697401205
47,889.0,random_sampling,symmetric,uniform,20,55.0,889.0,True,0.2789473684210526,0.9999999999999998,6.790097235513905
48,374.0,random_sampling,symmetric,uniform,20,55.0,374.0,True,0.29473684210526313,1.0,5.924255797414532
49,277.0,random_sampling,symmetric,uniform,20,55.0,277.0,True,0.28421052631578947,1.0,5.6240175061873385
50,781.0,random_sampling,symmetric,uniform,20,55.0,781.0,True,0.28421052631578947,1.0,6.660575149839686
51,491.0,random_sampling,symmetric,uniform,20,55.0,491.0,True,0.2789473684210526,1.0,6.19644412779452
52,236.0,random_sampling,symmetric,uniform,20,55.0,236.0,True,0.28421052631578947,1.0000000000000002,5.4638318050256105
53,166.0,random_sampling,symmetric,uniform,20,55.0,166.0,True,0.2789473684210526,0.9999999999999997,5.111987788356544
54,991.0,random_sampling,symmetric,uniform,20,55.0,991.0,True,0.28421052631578947,0.9999999999999998,6.898714534329988
55,1040.0,random_sampling,symmetric,uniform,20,55.0,1040.0,True,0.28421052631578947,1.0000000000000002,6.946975992135418
56,399.0,random_sampling,symmetric,uniform,20,55.0,399.0,True,0.2894736842105263,1.0000000000000004,5.988961416889864
57,759.0,random_sampling,symmetric,uniform,20,55.0,759.0,True,0.28421052631578947,0.9999999999999998,6.63200177739563
58,824.0,random_sampling,symmetric,uniform,20,55.0,824.0,True,0.2789473684210526,1.0000000000000002,6.714170529909472
59,785.0,random_sampling,symmetric,uniform,20,55.0,785.0,True,0.29473684210526313,1.0,6.665683717782408
60,660.0,random_sampling,symmetric,uniform,20,55.0,660.0,True,0.2736842105263158,1.0000000000000002,6.492239835020471
61,553.0,random_sampling,symmetric,uniform,20,55.0,553.0,True,0.2894736842105263,0.9999999999999998,6.315358001522335
62,583.0,random_sampling,symmetric,uniform,20,55.0,583.0,True,0.29473684210526313,0.9999999999999998,6.368187186350492
63,376.0,random_sampling,symmetric,uniform,20,55.0,376.0,True,0.2736842105263158,0.9999999999999998,5.929589143389895
64,1021.0,random_sampling,symmetric,uniform,20,55.0,1021.0,True,0.29473684210526313,1.0,6.928537818164665
65,866.0,random_sampling,symmetric,uniform,20,55.0,866.0,True,0.28421052631578947,1.0,6.763884908562435
66,811.0,random_sampling,symmetric,uniform,20,55.0,811.0,True,0.2789473684210526,0.9999999999999998,6.698268054115413
67,282.0,random_sampling,symmetric,uniform,20,55.0,282.0,True,0.28421052631578947,1.0,5.641907070938114
68,973.0,random_sampling,symmetric,uniform,20,55.0,973.0,True,0.2894736842105263,1.0,6.880384082186005
69,346.0,random_sampling,symmetric,uniform,20,55.0,346.0,True,0.2894736842105263,0.9999999999999998,5.846438775057725
70,212.0,random_sampling,symmetric,uniform,20,55.0,212.0,True,0.2894736842105263,1.0,5.356586274672012
71,435.0,random_sampling,symmetric,uniform,20,55.0,435.0,True,0.26842105263157895,1.0,6.075346031088684
72,1597.0,random_sampling,symmetric,uniform,20,55.0,1597.0,True,0.29473684210526313,1.0,7.3758821482150125
73,421.0,random_sampling,symmetric,uniform,20,55.0,421.0,True,0.2894736842105263,1.0,6.042632833682381
74,336.0,random_sampling,symmetric,uniform,20,55.0,336.0,True,0.2894736842105263,1.0,5.817111159963204
75,273.0,random_sampling,symmetric,uniform,20,55.0,273.0,True,0.2894736842105263,1.0,5.60947179518496
76,218.0,random_sampling,symmetric,uniform,20,55.0,218.0,True,0.2789473684210526,1.0,5.384495062789089
77,243.0,random_sampling,symmetric,uniform,20,55.0,243.0,True,0.2736842105263158,1.0,5.493061443340548
78,413.0,random_sampling,symmetric,uniform,20,55.0,413.0,True,0.29473684210526313,1.0,6.023447592961033
79,121.0,random_sampling,symmetric,uniform,20,55.0,121.0,True,0.2736842105263158,0.9999999999999998,4.795790545596741
80,651.0,random_sampling,symmetric,uniform,20,55.0,651.0,True,0.28421052631578947,1.0,6.478509642208569
81,158.0,random_sampling,symmetric,uniform,20,55.0,158.0,True,0.28421052631578947,0.9999999999999998,5.062595033026967
82,84.0,random_sampling,symmetric,uniform,20,55.0,84.0,True,0.28421052631578947,1.0,4.430816798843313
83,714.0,random_sampling,symmetric,uniform,20,55.0,714.0,True,0.28421052631578947,1.0000000000000002,6.570882962339584
84,1174.0,random_sampling,symmetric,uniform,20,55.0,1174.0,True,0.28421052631578947,1.0,7.068172000388042
85,595.0,random_sampling,symmetric,uniform,20,55.0,595.0,True,0.2894736842105263,1.0,6.38856140554563
86,170.0,random_sampling,symmetric,uniform,20,55.0,170.0,True,0.2789473684210526,1.0,5.135798437050262
87,315.0,random_sampling,symmetric,uniform,20,55.0,315.0,True,0.29473684210526313,1.0,5.752572638825633
88,240.0,random_sampling,symmetric,uniform,20,55.0,240.0,True,0.29473684210526313,0.9999999999999998,5.480638923341991
89,323.0,random_sampling,symmetric,uniform,20,55.0,323.0,True,0.2894736842105263,1.0,5.777652323222656
90,286.0,random_sampling,symmetric,uniform,20,55.0,286.0,True,0.2789473684210526,0.9999999999999998,5.655991810819852
91,123.0,random_sampling,symmetric,uniform,20,55.0,123.0,True,0.2894736842105263,1.0,4.812184355372417
92,662.0,random_sampling,symmetric,uniform,20,55.0,662.0,True,0.2789473684210526,1.0,6.495265555937008
93,414.0,random_sampling,symmetric,uniform,20,55.0,414.0,True,0.29473684210526313,1.0000000000000002,6.025865973825314
94,435.0,random_sampling,symmetric,uniform,20,55.0,435.0,True,0.2894736842105263,1.0,6.075346031088684
95,893.0,random_sampling,symmetric,uniform,20,55.0,893.0,True,0.28421052631578947,1.0,6.794586580876499
96,865.0,random_sampling,symmetric,uniform,20,55.0,865.0,True,0.28421052631578947,1.0,6.762729506931879
97,250.0,random_sampling,symmetric,uniform,20,55.0,250.0,True,0.2894736842105263,1.0,5.521460917862246
98,231.0,random_sampling,symmetric,uniform,20,55.0,231.0,True,0.28421052631578947,1.0,5.442417710521793
99,362.0,random_sampling,symmetric,uniform,20,55.0,362.0,True,0.2894736842105263,0.9999999999999998,5.8916442118257715
