{"time": 0.005584001541137695, "configuration": {"city_size": 5, "range": 2.4, "mutation_type": "wouter", "generation_type": "asymmetric", "distribution": "uniform"}, "results": {"initial_matrix": {"iterations": 0, "hardest": 0, "optimal_tour": null, "optimal_cost": null, "matrix": [[Infinity, 1.459756354881696, 1.9156280621162778, 0.30079284207207957, 1.0286240286003396], [1.359702685605798, Infinity, 1.371408447200649, 0.5885809278486325, 1.032217088937769], [0.42269846163994784, 0.9712485754014075, Infinity, 1.645636294898781, 1.3492997032489733], [0.4948690394741557, 1.894665046367299, 0.3475745505221748, Infinity, 1.5145267624423608], [0.6287647179861635, 0.3032921041445864, 1.4908022286351543, 0.8870646388129628, Infinity]], "is_hardest": true}, "iteration_0": {"iterations": 3, "hardest": 0, "optimal_tour": [[2, 0], [4, 1], [3, 2], [0, 4], [1, 3]], "optimal_cost": 2.690770072755681, "matrix": [[Infinity, 1.459756354881696, 1.9156280621162778, 0.30079284207207957, 1.0286240286003396], [1.359702685605798, Infinity, 1.371408447200649, 0.5885809278486325, 1.032217088937769], [0.42269846163994784, 0.9712485754014075, Infinity, 1.645636294898781, 1.3492997032489733], [0.4948690394741557, 1.894665046367299, 0.3475745505221748, Infinity, 1.5145267624423608], [0.6287647179861635, 0.3032921041445864, 1.4908022286351543, 0.8870646388129628, Infinity]], "is_hardest": true}}}