{"time": 0.06925678253173828, "configuration": {"city_size": 5, "range": 10, "mutation_type": "wouter", "generation_type": "asymmetric", "distribution": "uniform"}, "results": {"initial_matrix": {"iterations": 0, "hardest": 0, "optimal_tour": null, "optimal_cost": null, "matrix": [[Infinity, 3.3261028105091484, 2.0553748019300966, 0.836327208449501, 4.143957406227204], [6.462056400387139, Infinity, 3.662699510806602, 0.6664886740668852, 3.988132866469999], [8.992391952788894, 8.426585324691779, Infinity, 8.495607755184036, 7.031926865104813], [9.192500364425939, 4.251825180818233, 7.540982648000468, Infinity, 4.5850052586168255], [4.855460036828995, 4.8343675340464785, 7.519791441813938, 5.860376968550993, Infinity]], "is_hardest": true}, "iteration_0": {"iterations": 3, "hardest": 0, "optimal_tour": [[1, 3], [0, 2], [4, 0], [2, 1], [3, 4]], "optimal_cost": 20.58891409613458, "matrix": [[Infinity, 3.3261028105091484, 2.0553748019300966, 0.836327208449501, 4.143957406227204], [6.462056400387139, Infinity, 3.662699510806602, 0.6664886740668852, 3.988132866469999], [8.992391952788894, 8.426585324691779, Infinity, 8.495607755184036, 7.031926865104813], [9.192500364425939, 4.251825180818233, 7.540982648000468, Infinity, 4.5850052586168255], [4.855460036828995, 4.8343675340464785, 7.519791441813938, 5.860376968550993, Infinity]], "is_hardest": true}, "iteration_1": {"iterations": 3, "hardest": 3, "optimal_tour": [[2, 0], [3, 4], [1, 3], [0, 1], [4, 2]], "optimal_cost": 20.569988695981756, "matrix": [[Infinity, 3.3261028105091484, 2.0553748019300966, 0.836327208449501, 4.143957406227204], [6.462056400387139, Infinity, 3.662699510806602, 0.6664886740668852, 3.988132866469999], [8.992391952788894, 8.426585324691779, Infinity, 8.495607755184036, 7.031926865104813], [9.192500364425939, 4.251825180818233, 7.540982648000468, Infinity, 4.5850052586168255], [4.855460036828995, 4.8343675340464785, 3.0, 5.860376968550993, Infinity]], "is_hardest": false}, "iteration_2": {"iterations": 4, "hardest": 3, "optimal_tour": [[2, 4], [3, 1], [0, 3], [1, 2], [4, 0]], "optimal_cost": 19.97553929120154, "matrix": [[Infinity, 3.3261028105091484, 2.0553748019300966, 0.836327208449501, 4.143957406227204], [6.462056400387139, Infinity, 3.0, 0.6664886740668852, 3.988132866469999], [8.992391952788894, 8.426585324691779, Infinity, 8.495607755184036, 7.031926865104813], [9.192500364425939, 4.251825180818233, 7.540982648000468, Infinity, 4.5850052586168255], [4.855460036828995, 4.8343675340464785, 3.0, 5.860376968550993, Infinity]], "is_hardest": true}, "iteration_3": {"iterations": 4, "hardest": 4, "optimal_tour": [[2, 4], [3, 1], [0, 3], [1, 2], [4, 0]], "optimal_cost": 19.97553929120154, "matrix": [[Infinity, 6.0, 2.0553748019300966, 0.836327208449501, 4.143957406227204], [6.462056400387139, Infinity, 3.0, 0.6664886740668852, 3.988132866469999], [8.992391952788894, 8.426585324691779, Infinity, 8.495607755184036, 7.031926865104813], [9.192500364425939, 4.251825180818233, 7.540982648000468, Infinity, 4.5850052586168255], [4.855460036828995, 4.8343675340464785, 3.0, 5.860376968550993, Infinity]], "is_hardest": false}, "iteration_4": {"iterations": 4, "hardest": 4, "optimal_tour": [[2, 4], [3, 1], [0, 3], [1, 2], [4, 0]], "optimal_cost": 19.120079254372545, "matrix": [[Infinity, 6.0, 2.0553748019300966, 0.836327208449501, 4.143957406227204], [6.462056400387139, Infinity, 3.0, 0.6664886740668852, 3.988132866469999], [8.992391952788894, 8.426585324691779, Infinity, 8.495607755184036, 7.031926865104813], [9.192500364425939, 4.251825180818233, 7.540982648000468, Infinity, 4.5850052586168255], [4.0, 4.8343675340464785, 3.0, 5.860376968550993, Infinity]], "is_hardest": false}, "iteration_5": {"iterations": 4, "hardest": 4, "optimal_tour": [[2, 4], [3, 1], [0, 3], [1, 2], [4, 0]], "optimal_cost": 19.120079254372545, "matrix": [[Infinity, 6.0, 2.0553748019300966, 0.836327208449501, 4.143957406227204], [6.462056400387139, Infinity, 3.0, 0.6664886740668852, 3.988132866469999], [8.992391952788894, 8.426585324691779, Infinity, 8.495607755184036, 7.031926865104813], [9.192500364425939, 4.251825180818233, 7.540982648000468, Infinity, 4.5850052586168255], [4.0, 5.0, 3.0, 5.860376968550993, Infinity]], "is_hardest": false}, "iteration_6": {"iterations": 3, "hardest": 4, "optimal_tour": [[2, 4], [0, 3], [3, 1], [1, 2], [4, 0]], "optimal_cost": 19.12007925437255, "matrix": [[Infinity, 6.0, 2.0553748019300966, 0.836327208449501, 4.143957406227204], [6.462056400387139, Infinity, 3.0, 2.0, 3.988132866469999], [8.992391952788894, 8.426585324691779, Infinity, 8.495607755184036, 7.031926865104813], [9.192500364425939, 4.251825180818233, 7.540982648000468, Infinity, 4.5850052586168255], [4.0, 5.0, 3.0, 5.860376968550993, Infinity]], "is_hardest": false}, "iteration_7": {"iterations": 3, "hardest": 4, "optimal_tour": [[2, 4], [0, 3], [3, 1], [1, 2], [4, 0]], "optimal_cost": 19.12007925437255, "matrix": [[Infinity, 6.0, 2.0553748019300966, 0.836327208449501, 4.143957406227204], [6.462056400387139, Infinity, 3.0, 2.0, 3.988132866469999], [8.992391952788894, 8.426585324691779, Infinity, 8.495607755184036, 7.031926865104813], [9.192500364425939, 4.251825180818233, 7.540982648000468, Infinity, 4.5850052586168255], [4.0, 6.0, 3.0, 5.860376968550993, Infinity]], "is_hardest": false}, "iteration_8": {"iterations": 3, "hardest": 4, "optimal_tour": [[1, 3], [2, 1], [3, 4], [0, 2], [4, 0]], "optimal_cost": 21.0669653852387, "matrix": [[Infinity, 6.0, 2.0553748019300966, 0.836327208449501, 4.143957406227204], [6.462056400387139, Infinity, 3.0, 2.0, 3.988132866469999], [8.992391952788894, 8.426585324691779, Infinity, 8.495607755184036, 7.031926865104813], [9.192500364425939, 8.0, 7.540982648000468, Infinity, 4.5850052586168255], [4.0, 6.0, 3.0, 5.860376968550993, Infinity]], "is_hardest": false}, "iteration_9": {"iterations": 3, "hardest": 4, "optimal_tour": [[0, 2], [1, 3], [3, 4], [2, 1], [4, 0]], "optimal_cost": 21.0669653852387, "matrix": [[Infinity, 6.0, 2.0553748019300966, 0.836327208449501, 4.143957406227204], [6.462056400387139, Infinity, 7.0, 2.0, 3.988132866469999], [8.992391952788894, 8.426585324691779, Infinity, 8.495607755184036, 7.031926865104813], [9.192500364425939, 8.0, 7.540982648000468, Infinity, 4.5850052586168255], [4.0, 6.0, 3.0, 5.860376968550993, Infinity]], "is_hardest": false}}}