generation,iterations,hardest_value,optimal_cost,file_path,mutation_type,generation_type,distribution,city_size,range,normed_unique_distances,log_iterations,nearest_neighbor_norm,num_distinct_distances
1,2664870,2664870,449.0,../data/Continuation/lognormal_euclidean/city30_range4.8_swap.json,swap,euclidean,lognormal,30,4.8,0.07816091954022988,14.79566583390447,1.0,34
1,298297,298297,296.0,../data/Continuation/lognormal_euclidean/city20_range4.0_wouter.json,inplace,euclidean,lognormal,20,4.0,0.12105263157894737,12.605844913462663,1.0,23
1,80537,80537,336.0,../data/Continuation/lognormal_euclidean/city20_range3.2_swap.json,swap,euclidean,lognormal,20,3.2,0.06315789473684211,11.296471985139574,1.0,12
20,89008,89008,334.0,../data/Continuation/lognormal_euclidean/city20_range3.2_swap.json,swap,euclidean,lognormal,20,3.2,0.06315789473684211,11.396481532315086,1.0,12
1,7141,7141,271.0,../data/Continuation/lognormal_euclidean/city20_range1.4_swap.json,swap,euclidean,lognormal,20,1.4,0.12631578947368421,8.87360810154925,1.0000000000000002,24
3,7490,7490,269.0,../data/Continuation/lognormal_euclidean/city20_range1.4_swap.json,swap,euclidean,lognormal,20,1.4,0.12631578947368421,8.921324076511398,1.0,24
8,7655,7655,228.0,../data/Continuation/lognormal_euclidean/city20_range1.4_swap.json,swap,euclidean,lognormal,20,1.4,0.12631578947368421,8.943114308091914,0.9999999999999998,24
9,9608,9608,192.0,../data/Continuation/lognormal_euclidean/city20_range1.4_swap.json,swap,euclidean,lognormal,20,1.4,0.12631578947368421,9.170351363759924,0.9999999999999998,24
11,9687,9687,192.0,../data/Continuation/lognormal_euclidean/city20_range1.4_swap.json,swap,euclidean,lognormal,20,1.4,0.12631578947368421,9.178540059426489,0.9999999999999998,24
12,14010,14010,191.0,../data/Continuation/lognormal_euclidean/city20_range1.4_swap.json,swap,euclidean,lognormal,20,1.4,0.12631578947368421,9.547526639331124,1.0000000000000004,24
19,5243514,5243514,190.0,../data/Continuation/lognormal_euclidean/city20_range1.4_swap.json,swap,euclidean,lognormal,20,1.4,0.12631578947368421,15.472502442225379,1.0,24
1,50663,50663,367.0,../data/Continuation/lognormal_euclidean/city30_range1.4_wouter.json,inplace,euclidean,lognormal,30,1.4,0.05517241379310345,10.83295114012055,0.9999999999999999,24
7,415880,415880,371.0,../data/Continuation/lognormal_euclidean/city30_range1.4_wouter.json,inplace,euclidean,lognormal,30,1.4,0.05747126436781609,12.938152036091909,0.9999999999999999,25
8,416437,416437,371.0,../data/Continuation/lognormal_euclidean/city30_range1.4_wouter.json,inplace,euclidean,lognormal,30,1.4,0.059770114942528735,12.939490468643811,0.9999999999999999,26
10,468756,468756,371.0,../data/Continuation/lognormal_euclidean/city30_range1.4_wouter.json,inplace,euclidean,lognormal,30,1.4,0.06206896551724138,13.05783765618484,0.9999999999999999,27
26,473683,473683,371.0,../data/Continuation/lognormal_euclidean/city30_range1.4_wouter.json,inplace,euclidean,lognormal,30,1.4,0.06436781609195402,13.068293600575235,0.9999999999999999,28
44,474434,474434,372.0,../data/Continuation/lognormal_euclidean/city30_range1.4_wouter.json,inplace,euclidean,lognormal,30,1.4,0.06666666666666667,13.069877793574754,1.0000000000000002,29
47,2324636,2324636,373.0,../data/Continuation/lognormal_euclidean/city30_range1.4_wouter.json,inplace,euclidean,lognormal,30,1.4,0.06896551724137931,14.659074025607147,1.0000000000000002,30
48,2324677,2324677,373.0,../data/Continuation/lognormal_euclidean/city30_range1.4_wouter.json,inplace,euclidean,lognormal,30,1.4,0.07126436781609195,14.659091662621478,1.0000000000000002,31
1,17382,17382,312.0,../data/Continuation/lognormal_euclidean/city20_range3.8_wouter.json,inplace,euclidean,lognormal,20,3.8,0.12631578947368421,9.763190466997463,1.0,24
455,17385,17385,312.0,../data/Continuation/lognormal_euclidean/city20_range3.8_wouter.json,inplace,euclidean,lognormal,20,3.8,0.13157894736842105,9.76336304444202,1.0,25
725,17386,17386,312.0,../data/Continuation/lognormal_euclidean/city20_range3.8_wouter.json,inplace,euclidean,lognormal,20,3.8,0.1368421052631579,9.763420563639068,1.0,26
807,17387,17387,312.0,../data/Continuation/lognormal_euclidean/city20_range3.8_wouter.json,inplace,euclidean,lognormal,20,3.8,0.14210526315789473,9.763478079527847,1.0,27
1,830606,830606,423.0,../data/Continuation/lognormal_euclidean/city30_range2.6_wouter.json,inplace,euclidean,lognormal,30,2.6,0.09425287356321839,13.629910833846417,0.9999999999999999,41
1,49399,49399,265.0,../data/Continuation/lognormal_euclidean/city20_range1.8_wouter.json,inplace,euclidean,lognormal,20,1.8,0.11052631578947368,10.807685460056163,0.9999999999999998,21
2,49409,49409,265.0,../data/Continuation/lognormal_euclidean/city20_range1.8_wouter.json,inplace,euclidean,lognormal,20,1.8,0.11578947368421053,10.807887872816956,0.9999999999999998,22
4,49533,49533,265.0,../data/Continuation/lognormal_euclidean/city20_range1.8_wouter.json,inplace,euclidean,lognormal,20,1.8,0.12105263157894737,10.810394393099962,0.9999999999999998,23
6,49600,49600,265.0,../data/Continuation/lognormal_euclidean/city20_range1.8_wouter.json,inplace,euclidean,lognormal,20,1.8,0.12631578947368421,10.811746112713038,0.9999999999999998,24
7,50368,50368,265.0,../data/Continuation/lognormal_euclidean/city20_range1.8_wouter.json,inplace,euclidean,lognormal,20,1.8,0.13157894736842105,10.827111331777095,0.9999999999999998,25
8,50379,50379,265.0,../data/Continuation/lognormal_euclidean/city20_range1.8_wouter.json,inplace,euclidean,lognormal,20,1.8,0.1368421052631579,10.827329700563137,0.9999999999999998,26
9,53980,53980,265.0,../data/Continuation/lognormal_euclidean/city20_range1.8_wouter.json,inplace,euclidean,lognormal,20,1.8,0.14210526315789473,10.896368886572015,0.9999999999999998,27
11,55553,55553,265.0,../data/Continuation/lognormal_euclidean/city20_range1.8_wouter.json,inplace,euclidean,lognormal,20,1.8,0.14736842105263157,10.925092799010095,0.9999999999999998,28
14,55556,55556,265.0,../data/Continuation/lognormal_euclidean/city20_range1.8_wouter.json,inplace,euclidean,lognormal,20,1.8,0.15263157894736842,10.925146800036128,0.9999999999999998,29
15,95162,95162,265.0,../data/Continuation/lognormal_euclidean/city20_range1.8_wouter.json,inplace,euclidean,lognormal,20,1.8,0.15789473684210525,11.463335981430177,1.0,30
1,285369,285369,406.0,../data/Continuation/lognormal_euclidean/city30_range3.8_swap.json,swap,euclidean,lognormal,30,3.8,0.0896551724137931,12.561538358643924,0.9999999999999999,39
2,289577,289577,406.0,../data/Continuation/lognormal_euclidean/city30_range3.8_swap.json,swap,euclidean,lognormal,30,3.8,0.0896551724137931,12.576176516450273,0.9999999999999999,39
1,19001,19001,237.0,../data/Continuation/lognormal_euclidean/city20_range1.2_wouter.json,inplace,euclidean,lognormal,20,1.2,0.06315789473684211,9.852246888342584,0.9999999999999998,12
2,20987,20987,237.0,../data/Continuation/lognormal_euclidean/city20_range1.2_wouter.json,inplace,euclidean,lognormal,20,1.2,0.06842105263157895,9.95165847739747,0.9999999999999998,13
3,21073,21073,237.0,../data/Continuation/lognormal_euclidean/city20_range1.2_wouter.json,inplace,euclidean,lognormal,20,1.2,0.07368421052631578,9.95574787919726,0.9999999999999998,14
5,21075,21075,237.0,../data/Continuation/lognormal_euclidean/city20_range1.2_wouter.json,inplace,euclidean,lognormal,20,1.2,0.07894736842105263,9.955842782870103,0.9999999999999998,15
1,23595,23595,299.0,../data/Continuation/lognormal_euclidean/city30_range0.8_swap.json,swap,euclidean,lognormal,30,0.8,0.01839080459770115,10.06879010416053,1.0,8
3,34684,34684,299.0,../data/Continuation/lognormal_euclidean/city30_range0.8_swap.json,swap,euclidean,lognormal,30,0.8,0.01839080459770115,10.45403376449708,1.0,8
5,35372,35372,299.0,../data/Continuation/lognormal_euclidean/city30_range0.8_swap.json,swap,euclidean,lognormal,30,0.8,0.01839080459770115,10.473675825695654,1.0,8
6,95729,95729,299.0,../data/Continuation/lognormal_euclidean/city30_range0.8_swap.json,swap,euclidean,lognormal,30,0.8,0.01839080459770115,11.469276561839678,1.0,8
7,130004,130004,299.0,../data/Continuation/lognormal_euclidean/city30_range0.8_swap.json,swap,euclidean,lognormal,30,0.8,0.01839080459770115,11.775320498195134,1.0,8
11,131683,131683,299.0,../data/Continuation/lognormal_euclidean/city30_range0.8_swap.json,swap,euclidean,lognormal,30,0.8,0.01839080459770115,11.788152798154425,1.0,8
1,184424,184424,293.0,../data/Continuation/lognormal_euclidean/city20_range4.4_wouter.json,inplace,euclidean,lognormal,20,4.4,0.1631578947368421,12.124992733479438,1.0,31
2,206062,206062,293.0,../data/Continuation/lognormal_euclidean/city20_range4.4_wouter.json,inplace,euclidean,lognormal,20,4.4,0.16842105263157894,12.23593237336286,1.0,32
8,605405,605405,294.0,../data/Continuation/lognormal_euclidean/city20_range4.4_wouter.json,inplace,euclidean,lognormal,20,4.4,0.16842105263157894,13.313652934537965,0.9999999999999998,32
1,124412,124412,355.0,../data/Continuation/lognormal_euclidean/city30_range1.2_swap.json,swap,euclidean,lognormal,30,1.2,0.04597701149425287,11.731353917657474,1.0,20
3,377766,377766,355.0,../data/Continuation/lognormal_euclidean/city30_range1.2_swap.json,swap,euclidean,lognormal,30,1.2,0.04597701149425287,12.842030235293588,1.0,20
7,471169,471169,355.0,../data/Continuation/lognormal_euclidean/city30_range1.2_swap.json,swap,euclidean,lognormal,30,1.2,0.04597701149425287,13.062972119681609,1.0,20
1,786979,786979,435.0,../data/Continuation/lognormal_euclidean/city30_range2.8_swap.json,swap,euclidean,lognormal,30,2.8,0.08275862068965517,13.575956843434888,0.9999999999999999,36
2,807640,807640,431.0,../data/Continuation/lognormal_euclidean/city30_range2.8_swap.json,swap,euclidean,lognormal,30,2.8,0.08275862068965517,13.601871693664311,1.0,36
4,1084874,1084874,428.0,../data/Continuation/lognormal_euclidean/city30_range2.8_swap.json,swap,euclidean,lognormal,30,2.8,0.08275862068965517,13.896974409180942,1.0,36
7,5204835,5204835,377.0,../data/Continuation/lognormal_euclidean/city30_range2.8_swap.json,swap,euclidean,lognormal,30,2.8,0.08275862068965517,15.465098559240557,1.0,36
1,8017,8017,255.0,../data/Continuation/lognormal_euclidean/city20_range1.6_swap.json,swap,euclidean,lognormal,20,1.6,0.12105263157894737,8.989319566043076,1.0,23
3,13015,13015,255.0,../data/Continuation/lognormal_euclidean/city20_range1.6_swap.json,swap,euclidean,lognormal,20,1.6,0.12105263157894737,9.473857817428742,1.0,23
13,22047,22047,255.0,../data/Continuation/lognormal_euclidean/city20_range1.6_swap.json,swap,euclidean,lognormal,20,1.6,0.12105263157894737,10.000931817197026,1.0,23
22,26629,26629,254.0,../data/Continuation/lognormal_euclidean/city20_range1.6_swap.json,swap,euclidean,lognormal,20,1.6,0.12105263157894737,10.189756126469439,1.0,23
31,30074,30074,254.0,../data/Continuation/lognormal_euclidean/city20_range1.6_swap.json,swap,euclidean,lognormal,20,1.6,0.12105263157894737,10.311416290082299,1.0,23
1,802,802,253.0,../data/Continuation/lognormal_euclidean/city30_range0.6_swap.json,swap,euclidean,lognormal,30,0.6,0.013793103448275862,6.687108607867762,1.0,6
4,1496,1496,251.0,../data/Continuation/lognormal_euclidean/city30_range0.6_swap.json,swap,euclidean,lognormal,30,0.6,0.013793103448275862,7.310550158535091,1.0,6
8,17279,17279,251.0,../data/Continuation/lognormal_euclidean/city30_range0.6_swap.json,swap,euclidean,lognormal,30,0.6,0.013793103448275862,9.75724717031318,1.0,6
16,45830,45830,251.0,../data/Continuation/lognormal_euclidean/city30_range0.6_swap.json,swap,euclidean,lognormal,30,0.6,0.013793103448275862,10.732694177503191,0.9999999999999999,6
19,58114,58114,251.0,../data/Continuation/lognormal_euclidean/city30_range0.6_swap.json,swap,euclidean,lognormal,30,0.6,0.013793103448275862,10.970161877668314,0.9999999999999999,6
23,78608,78608,251.0,../data/Continuation/lognormal_euclidean/city30_range0.6_swap.json,swap,euclidean,lognormal,30,0.6,0.013793103448275862,11.272228754408442,0.9999999999999999,6
24,179416,179416,251.0,../data/Continuation/lognormal_euclidean/city30_range0.6_swap.json,swap,euclidean,lognormal,30,0.6,0.013793103448275862,12.09746241080613,0.9999999999999999,6
29,179811,179811,251.0,../data/Continuation/lognormal_euclidean/city30_range0.6_swap.json,swap,euclidean,lognormal,30,0.6,0.013793103448275862,12.099661578236173,0.9999999999999999,6
35,181487,181487,251.0,../data/Continuation/lognormal_euclidean/city30_range0.6_swap.json,swap,euclidean,lognormal,30,0.6,0.013793103448275862,12.108939304777477,0.9999999999999999,6
36,185593,185593,251.0,../data/Continuation/lognormal_euclidean/city30_range0.6_swap.json,swap,euclidean,lognormal,30,0.6,0.013793103448275862,12.131311383105754,0.9999999999999999,6
37,464804,464804,251.0,../data/Continuation/lognormal_euclidean/city30_range0.6_swap.json,swap,euclidean,lognormal,30,0.6,0.013793103448275862,13.04937109033479,0.9999999999999999,6
39,572498,572498,251.0,../data/Continuation/lognormal_euclidean/city30_range0.6_swap.json,swap,euclidean,lognormal,30,0.6,0.013793103448275862,13.25776452095465,0.9999999999999999,6
45,592077,592077,251.0,../data/Continuation/lognormal_euclidean/city30_range0.6_swap.json,swap,euclidean,lognormal,30,0.6,0.013793103448275862,13.29139197297566,0.9999999999999999,6
51,592900,592900,251.0,../data/Continuation/lognormal_euclidean/city30_range0.6_swap.json,swap,euclidean,lognormal,30,0.6,0.013793103448275862,13.29278102969546,0.9999999999999999,6
52,967309,967309,251.0,../data/Continuation/lognormal_euclidean/city30_range0.6_swap.json,swap,euclidean,lognormal,30,0.6,0.013793103448275862,13.782273268376295,0.9999999999999999,6
58,970666,970666,251.0,../data/Continuation/lognormal_euclidean/city30_range0.6_swap.json,swap,euclidean,lognormal,30,0.6,0.013793103448275862,13.785737712817182,0.9999999999999999,6
62,1063224,1063224,251.0,../data/Continuation/lognormal_euclidean/city30_range0.6_swap.json,swap,euclidean,lognormal,30,0.6,0.013793103448275862,13.87681635948983,0.9999999999999999,6
1,8578,8578,303.0,../data/Continuation/lognormal_euclidean/city30_range0.8_scramble.json,scramble,euclidean,lognormal,30,0.8,0.020689655172413793,9.056956065076943,0.9999999999999998,9
3,45837,45837,273.0,../data/Continuation/lognormal_euclidean/city30_range0.8_scramble.json,scramble,euclidean,lognormal,30,0.8,0.020689655172413793,10.732846904220846,1.0000000000000002,9
5,65463,65463,273.0,../data/Continuation/lognormal_euclidean/city30_range0.8_scramble.json,scramble,euclidean,lognormal,30,0.8,0.020689655172413793,11.089240376519253,1.0000000000000002,9
23,4120345,4120345,277.0,../data/Continuation/lognormal_euclidean/city30_range0.8_scramble.json,scramble,euclidean,lognormal,30,0.8,0.020689655172413793,15.231447455683968,1.0000000000000002,9
1,36230,36230,370.0,../data/Continuation/lognormal_euclidean/city20_range2.4_swap.json,swap,euclidean,lognormal,20,2.4,0.04736842105263158,10.49764278388915,1.0000000000000004,9
2,229670,229670,207.0,../data/Continuation/lognormal_euclidean/city20_range2.4_swap.json,swap,euclidean,lognormal,20,2.4,0.04736842105263158,12.344398775010465,1.0000000000000002,9
15,388101,388101,207.0,../data/Continuation/lognormal_euclidean/city20_range2.4_swap.json,swap,euclidean,lognormal,20,2.4,0.04736842105263158,12.869020894009182,1.0000000000000002,9
35,730014,730014,207.0,../data/Continuation/lognormal_euclidean/city20_range2.4_swap.json,swap,euclidean,lognormal,20,2.4,0.04736842105263158,13.50081899102287,1.0000000000000002,9
40,1120125,1120125,207.0,../data/Continuation/lognormal_euclidean/city20_range2.4_swap.json,swap,euclidean,lognormal,20,2.4,0.04736842105263158,13.928950844186522,1.0000000000000002,9
56,2004185,2004185,207.0,../data/Continuation/lognormal_euclidean/city20_range2.4_swap.json,swap,euclidean,lognormal,20,2.4,0.04736842105263158,14.510748052295353,1.0000000000000002,9
74,3211254,3211254,207.0,../data/Continuation/lognormal_euclidean/city20_range2.4_swap.json,swap,euclidean,lognormal,20,2.4,0.04736842105263158,14.98217207302632,1.0000000000000002,9
94,3864380,3864380,42.0,../data/Continuation/lognormal_euclidean/city20_range2.4_swap.json,swap,euclidean,lognormal,20,2.4,0.04736842105263158,15.167311813164423,1.0000000000000002,9
97,4565369,4565369,42.0,../data/Continuation/lognormal_euclidean/city20_range2.4_swap.json,swap,euclidean,lognormal,20,2.4,0.04736842105263158,15.334009901165034,1.0000000000000002,9
102,5304050,5304050,42.0,../data/Continuation/lognormal_euclidean/city20_range2.4_swap.json,swap,euclidean,lognormal,20,2.4,0.04736842105263158,15.483981237651065,1.0000000000000002,9
1,73383,73383,329.0,../data/Continuation/lognormal_euclidean/city30_range1.0_scramble.json,scramble,euclidean,lognormal,30,1.0,0.022988505747126436,11.203447580148003,0.9999999999999999,10
23,701842,701842,297.0,../data/Continuation/lognormal_euclidean/city30_range1.0_scramble.json,scramble,euclidean,lognormal,30,1.0,0.022988505747126436,13.461463586450549,1.0000000000000002,10
1,340988,340988,398.0,../data/Continuation/lognormal_euclidean/city30_range2.2_wouter.json,inplace,euclidean,lognormal,30,2.2,0.08275862068965517,12.739602565030617,1.0000000000000002,36
30,341603,341603,398.0,../data/Continuation/lognormal_euclidean/city30_range2.2_wouter.json,inplace,euclidean,lognormal,30,2.2,0.08505747126436781,12.741404523059396,1.0000000000000002,37
32,341691,341691,398.0,../data/Continuation/lognormal_euclidean/city30_range2.2_wouter.json,inplace,euclidean,lognormal,30,2.2,0.08735632183908046,12.741662098862745,1.0000000000000002,38
52,346826,346826,398.0,../data/Continuation/lognormal_euclidean/city30_range2.2_wouter.json,inplace,euclidean,lognormal,30,2.2,0.0896551724137931,12.756578492243266,1.0000000000000002,39
54,369441,369441,398.0,../data/Continuation/lognormal_euclidean/city30_range2.2_wouter.json,inplace,euclidean,lognormal,30,2.2,0.09195402298850575,12.819746331384142,1.0000000000000002,40
62,369466,369466,398.0,../data/Continuation/lognormal_euclidean/city30_range2.2_wouter.json,inplace,euclidean,lognormal,30,2.2,0.09425287356321839,12.819813998898482,1.0000000000000002,41
68,371646,371646,398.0,../data/Continuation/lognormal_euclidean/city30_range2.2_wouter.json,inplace,euclidean,lognormal,30,2.2,0.09655172413793103,12.825697067281046,1.0000000000000002,42
77,447549,447549,398.0,../data/Continuation/lognormal_euclidean/city30_range2.2_wouter.json,inplace,euclidean,lognormal,30,2.2,0.09885057471264368,13.011541307909372,1.0000000000000002,43
80,447698,447698,398.0,../data/Continuation/lognormal_euclidean/city30_range2.2_wouter.json,inplace,euclidean,lognormal,30,2.2,0.10114942528735632,13.011874176941886,1.0000000000000002,44
88,450006,450006,398.0,../data/Continuation/lognormal_euclidean/city30_range2.2_wouter.json,inplace,euclidean,lognormal,30,2.2,0.10344827586206896,13.01701619499095,1.0000000000000002,45
1,178505,178505,374.0,../data/Continuation/lognormal_euclidean/city20_range2.8_swap.json,swap,euclidean,lognormal,20,2.8,0.042105263157894736,12.092371891014011,1.0000000000000002,8
2,182766,182766,373.0,../data/Continuation/lognormal_euclidean/city20_range2.8_swap.json,swap,euclidean,lognormal,20,2.8,0.042105263157894736,12.115961925079228,0.9999999999999998,8
9,240783,240783,373.0,../data/Continuation/lognormal_euclidean/city20_range2.8_swap.json,swap,euclidean,lognormal,20,2.8,0.042105263157894736,12.391651391918007,0.9999999999999998,8
11,292436,292436,373.0,../data/Continuation/lognormal_euclidean/city20_range2.8_swap.json,swap,euclidean,lognormal,20,2.8,0.042105263157894736,12.586001118294288,0.9999999999999998,8
25,336536,336536,373.0,../data/Continuation/lognormal_euclidean/city20_range2.8_swap.json,swap,euclidean,lognormal,20,2.8,0.042105263157894736,12.726460405999854,0.9999999999999998,8
54,363052,363052,199.0,../data/Continuation/lognormal_euclidean/city20_range2.8_swap.json,swap,euclidean,lognormal,20,2.8,0.042105263157894736,12.802301353676295,0.9999999999999998,8
64,369304,369304,199.0,../data/Continuation/lognormal_euclidean/city20_range2.8_swap.json,swap,euclidean,lognormal,20,2.8,0.042105263157894736,12.819375432084463,0.9999999999999998,8
78,444812,444812,30.0,../data/Continuation/lognormal_euclidean/city20_range2.8_swap.json,swap,euclidean,lognormal,20,2.8,0.042105263157894736,13.005406999971868,0.9999999999999998,8
81,488214,488214,30.0,../data/Continuation/lognormal_euclidean/city20_range2.8_swap.json,swap,euclidean,lognormal,20,2.8,0.042105263157894736,13.098509113301644,0.9999999999999998,8
1,3012145,3012145,551.0,../data/Continuation/lognormal_euclidean/city30_range4.6_swap.json,swap,euclidean,lognormal,30,4.6,0.022988505747126436,14.918163007513444,0.9999999999999999,10
3,3822861,3822861,548.0,../data/Continuation/lognormal_euclidean/city30_range4.6_swap.json,swap,euclidean,lognormal,30,4.6,0.022988505747126436,15.156509653137089,1.0000000000000002,10
1,55381,55381,325.0,../data/Continuation/lognormal_euclidean/city20_range5.0_wouter.json,inplace,euclidean,lognormal,20,5.0,0.1,10.921991853622254,1.0,19
8,59707,59707,325.0,../data/Continuation/lognormal_euclidean/city20_range5.0_wouter.json,inplace,euclidean,lognormal,20,5.0,0.10526315789473684,10.997204545438446,1.0,20
22,381656,381656,294.0,../data/Continuation/lognormal_euclidean/city20_range5.0_wouter.json,inplace,euclidean,lognormal,20,5.0,0.10526315789473684,12.852274958313576,1.0,20
30,458832,458832,294.0,../data/Continuation/lognormal_euclidean/city20_range5.0_wouter.json,inplace,euclidean,lognormal,20,5.0,0.11052631578947368,13.036439408971656,1.0,21
47,573869,573869,294.0,../data/Continuation/lognormal_euclidean/city20_range5.0_wouter.json,inplace,euclidean,lognormal,20,5.0,0.11578947368421053,13.260156426258359,1.0,22
56,696271,696271,294.0,../data/Continuation/lognormal_euclidean/city20_range5.0_wouter.json,inplace,euclidean,lognormal,20,5.0,0.12105263157894737,13.453494231348673,1.0,23
1,1627536,1627536,388.0,../data/Continuation/lognormal_euclidean/city30_range1.8_swap.json,swap,euclidean,lognormal,30,1.8,0.059770114942528735,14.30257777263589,0.9999999999999999,26
4,2548999,2548999,363.0,../data/Continuation/lognormal_euclidean/city30_range1.8_swap.json,swap,euclidean,lognormal,30,1.8,0.059770114942528735,14.751211291047467,1.0,26
1,12564,12564,336.0,../data/Continuation/lognormal_euclidean/city20_range3.0_wouter.json,inplace,euclidean,lognormal,20,3.0,0.1,9.438590860658616,1.0,19
2,13504,13504,336.0,../data/Continuation/lognormal_euclidean/city20_range3.0_wouter.json,inplace,euclidean,lognormal,20,3.0,0.10526315789473684,9.510741216835813,1.0,20
3,13659,13659,336.0,../data/Continuation/lognormal_euclidean/city20_range3.0_wouter.json,inplace,euclidean,lognormal,20,3.0,0.11052631578947368,9.522153924002964,1.0,21
9,13673,13673,336.0,../data/Continuation/lognormal_euclidean/city20_range3.0_wouter.json,inplace,euclidean,lognormal,20,3.0,0.11578947368421053,9.523178364309155,1.0,22
29,13796,13796,336.0,../data/Continuation/lognormal_euclidean/city20_range3.0_wouter.json,inplace,euclidean,lognormal,20,3.0,0.12105263157894737,9.532133974056803,1.0,23
31,14013,14013,336.0,../data/Continuation/lognormal_euclidean/city20_range3.0_wouter.json,inplace,euclidean,lognormal,20,3.0,0.12631578947368421,9.54774074917029,1.0,24
34,14090,14090,336.0,../data/Continuation/lognormal_euclidean/city20_range3.0_wouter.json,inplace,euclidean,lognormal,20,3.0,0.13157894736842105,9.553220604892797,1.0,25
36,14149,14149,336.0,../data/Continuation/lognormal_euclidean/city20_range3.0_wouter.json,inplace,euclidean,lognormal,20,3.0,0.1368421052631579,9.557399229196022,1.0,26
44,14263,14263,336.0,../data/Continuation/lognormal_euclidean/city20_range3.0_wouter.json,inplace,euclidean,lognormal,20,3.0,0.14210526315789473,9.565424050523493,1.0,27
51,106875,106875,337.0,../data/Continuation/lognormal_euclidean/city20_range3.0_wouter.json,inplace,euclidean,lognormal,20,3.0,0.14736842105263157,11.579415206239071,1.0,28
54,146601,146601,338.0,../data/Continuation/lognormal_euclidean/city20_range3.0_wouter.json,inplace,euclidean,lognormal,20,3.0,0.15263157894736842,11.895469889693832,0.9999999999999998,29
55,163027,163027,338.0,../data/Continuation/lognormal_euclidean/city20_range3.0_wouter.json,inplace,euclidean,lognormal,20,3.0,0.15789473684210525,12.001671110243203,0.9999999999999998,30
61,459196,459196,339.0,../data/Continuation/lognormal_euclidean/city20_range3.0_wouter.json,inplace,euclidean,lognormal,20,3.0,0.1631578947368421,13.037232413148162,0.9999999999999997,31
73,3425488,3425488,340.0,../data/Continuation/lognormal_euclidean/city20_range3.0_wouter.json,inplace,euclidean,lognormal,20,3.0,0.1631578947368421,15.046754501280727,0.9999999999999997,31
76,3427200,3427200,340.0,../data/Continuation/lognormal_euclidean/city20_range3.0_wouter.json,inplace,euclidean,lognormal,20,3.0,0.16842105263157894,15.047254159235568,0.9999999999999997,32
1,30662,30662,304.0,../data/Continuation/lognormal_euclidean/city20_range4.4_swap.json,swap,euclidean,lognormal,20,4.4,0.12631578947368421,10.330779381870432,1.0,24
2,68596,68596,282.0,../data/Continuation/lognormal_euclidean/city20_range4.4_swap.json,swap,euclidean,lognormal,20,4.4,0.12631578947368421,11.135989502976052,1.0,24
1,56440,56440,271.0,../data/Continuation/lognormal_euclidean/city20_range2.6_swap.json,swap,euclidean,lognormal,20,2.6,0.16842105263157894,10.940933405966767,1.0,32
2,61457,61457,271.0,../data/Continuation/lognormal_euclidean/city20_range2.6_swap.json,swap,euclidean,lognormal,20,2.6,0.16842105263157894,11.026093022257536,1.0,32
6,88305,88305,252.0,../data/Continuation/lognormal_euclidean/city20_range2.6_swap.json,swap,euclidean,lognormal,20,2.6,0.16842105263157894,11.388552010130482,0.9999999999999998,32
13,90163,90163,252.0,../data/Continuation/lognormal_euclidean/city20_range2.6_swap.json,swap,euclidean,lognormal,20,2.6,0.16842105263157894,11.409374422339333,0.9999999999999998,32
22,178318,178318,253.0,../data/Continuation/lognormal_euclidean/city20_range2.6_swap.json,swap,euclidean,lognormal,20,2.6,0.16842105263157894,12.091323752205025,1.0000000000000002,32
1,11966635,11966635,361.0,../data/Continuation/lognormal_euclidean/city30_range1.2_wouter.json,inplace,euclidean,lognormal,30,1.2,0.04827586206896552,16.297632918547343,1.0000000000000002,21
2,11966643,11966643,361.0,../data/Continuation/lognormal_euclidean/city30_range1.2_wouter.json,inplace,euclidean,lognormal,30,1.2,0.05057471264367816,16.297633587072564,1.0000000000000002,22
1,330347,330347,300.0,../data/Continuation/lognormal_euclidean/city20_range4.6_wouter.json,inplace,euclidean,lognormal,20,4.6,0.1368421052631579,12.707898896139367,1.0,26
2,357817,357817,301.0,../data/Continuation/lognormal_euclidean/city20_range4.6_wouter.json,inplace,euclidean,lognormal,20,4.6,0.14210526315789473,12.78777696150493,1.0,27
15,402172,402172,301.0,../data/Continuation/lognormal_euclidean/city20_range4.6_wouter.json,inplace,euclidean,lognormal,20,4.6,0.14736842105263157,12.904635136791391,1.0,28
30,513762,513762,301.0,../data/Continuation/lognormal_euclidean/city20_range4.6_wouter.json,inplace,euclidean,lognormal,20,4.6,0.15263157894736842,13.149515402184031,1.0,29
31,532565,532565,301.0,../data/Continuation/lognormal_euclidean/city20_range4.6_wouter.json,inplace,euclidean,lognormal,20,4.6,0.15789473684210525,13.185460234844005,1.0,30
32,1048814,1048814,301.0,../data/Continuation/lognormal_euclidean/city20_range4.6_wouter.json,inplace,euclidean,lognormal,20,4.6,0.1631578947368421,13.8631705599314,1.0,31
47,1336544,1336544,301.0,../data/Continuation/lognormal_euclidean/city20_range4.6_wouter.json,inplace,euclidean,lognormal,20,4.6,0.16842105263157894,14.1055977358299,1.0,32
1,745,745,158.0,../data/Continuation/lognormal_euclidean/city30_range0.4_swap.json,swap,euclidean,lognormal,30,0.4,0.006896551724137931,6.613384218380902,1.0,3
5,4561,4561,157.0,../data/Continuation/lognormal_euclidean/city30_range0.4_swap.json,swap,euclidean,lognormal,30,0.4,0.006896551724137931,8.42529717671192,0.9999999999999999,3
30,29312,29312,158.0,../data/Continuation/lognormal_euclidean/city30_range0.4_swap.json,swap,euclidean,lognormal,30,0.4,0.006896551724137931,10.28575226747389,0.9999999999999999,3
38,30520,30520,158.0,../data/Continuation/lognormal_euclidean/city30_range0.4_swap.json,swap,euclidean,lognormal,30,0.4,0.006896551724137931,10.326137485398426,0.9999999999999999,3
46,36429,36429,158.0,../data/Continuation/lognormal_euclidean/city30_range0.4_swap.json,swap,euclidean,lognormal,30,0.4,0.006896551724137931,10.503120439721956,0.9999999999999999,3
50,59933,59933,158.0,../data/Continuation/lognormal_euclidean/city30_range0.4_swap.json,swap,euclidean,lognormal,30,0.4,0.006896551724137931,11.000982550600837,0.9999999999999999,3
58,59963,59963,158.0,../data/Continuation/lognormal_euclidean/city30_range0.4_swap.json,swap,euclidean,lognormal,30,0.4,0.006896551724137931,11.001482984320495,0.9999999999999999,3
70,400227,400227,158.0,../data/Continuation/lognormal_euclidean/city30_range0.4_swap.json,swap,euclidean,lognormal,30,0.4,0.006896551724137931,12.899787165122893,0.9999999999999999,3
74,415041,415041,158.0,../data/Continuation/lognormal_euclidean/city30_range0.4_swap.json,swap,euclidean,lognormal,30,0.4,0.006896551724137931,12.936132589513639,0.9999999999999999,3
83,1171265,1171265,158.0,../data/Continuation/lognormal_euclidean/city30_range0.4_swap.json,swap,euclidean,lognormal,30,0.4,0.006896551724137931,13.973594919283073,1.0,3
108,2633154,2633154,158.0,../data/Continuation/lognormal_euclidean/city30_range0.4_swap.json,swap,euclidean,lognormal,30,0.4,0.006896551724137931,14.78369292518432,1.0,3
109,5391417,5391417,158.0,../data/Continuation/lognormal_euclidean/city30_range0.4_swap.json,swap,euclidean,lognormal,30,0.4,0.006896551724137931,15.50031880258315,1.0,3
1,1932339,1932339,362.0,../data/Continuation/lognormal_euclidean/city20_range4.2_wouter.json,inplace,euclidean,lognormal,20,4.2,0.04736842105263158,14.47424174420078,0.9999999999999998,9
4,1938723,1938723,362.0,../data/Continuation/lognormal_euclidean/city20_range4.2_wouter.json,inplace,euclidean,lognormal,20,4.2,0.05263157894736842,14.477540066876879,0.9999999999999998,10
15,1939549,1939549,362.0,../data/Continuation/lognormal_euclidean/city20_range4.2_wouter.json,inplace,euclidean,lognormal,20,4.2,0.05789473684210526,14.477966029786385,0.9999999999999998,11
16,1963095,1963095,362.0,../data/Continuation/lognormal_euclidean/city20_range4.2_wouter.json,inplace,euclidean,lognormal,20,4.2,0.06315789473684211,14.49003286740088,0.9999999999999998,12
24,1966023,1966023,362.0,../data/Continuation/lognormal_euclidean/city20_range4.2_wouter.json,inplace,euclidean,lognormal,20,4.2,0.06842105263157895,14.491523278501795,0.9999999999999998,13
25,1968792,1968792,362.0,../data/Continuation/lognormal_euclidean/city20_range4.2_wouter.json,inplace,euclidean,lognormal,20,4.2,0.07368421052631578,14.492930714661862,0.9999999999999998,14
30,1971046,1971046,362.0,../data/Continuation/lognormal_euclidean/city20_range4.2_wouter.json,inplace,euclidean,lognormal,20,4.2,0.07894736842105263,14.494074924269421,0.9999999999999998,15
34,1971220,1971220,362.0,../data/Continuation/lognormal_euclidean/city20_range4.2_wouter.json,inplace,euclidean,lognormal,20,4.2,0.08421052631578947,14.494163198373762,0.9999999999999998,16
42,1972029,1972029,362.0,../data/Continuation/lognormal_euclidean/city20_range4.2_wouter.json,inplace,euclidean,lognormal,20,4.2,0.08947368421052632,14.49457351991894,0.9999999999999998,17
1,2631769,2631769,378.0,../data/Continuation/lognormal_euclidean/city30_range1.6_wouter.json,inplace,euclidean,lognormal,30,1.6,0.05747126436781609,14.783166801618242,1.0,25
2,2631771,2631771,378.0,../data/Continuation/lognormal_euclidean/city30_range1.6_wouter.json,inplace,euclidean,lognormal,30,1.6,0.059770114942528735,14.783167561563069,1.0,26
1,63739,63739,23.0,../data/Continuation/lognormal_euclidean/city20_range0.2_wouter.json,inplace,euclidean,lognormal,20,0.2,0.021052631578947368,11.062551899112785,1.0000000000000002,4
2,73179,73179,23.0,../data/Continuation/lognormal_euclidean/city20_range0.2_wouter.json,inplace,euclidean,lognormal,20,0.2,0.02631578947368421,11.20066377354407,1.0000000000000002,5
4,110357,110357,23.0,../data/Continuation/lognormal_euclidean/city20_range0.2_wouter.json,inplace,euclidean,lognormal,20,0.2,0.031578947368421054,11.611475844199514,1.0000000000000002,6
16,114747,114747,23.0,../data/Continuation/lognormal_euclidean/city20_range0.2_wouter.json,inplace,euclidean,lognormal,20,0.2,0.03684210526315789,11.650484983790196,1.0000000000000002,7
22,164042,164042,23.0,../data/Continuation/lognormal_euclidean/city20_range0.2_wouter.json,inplace,euclidean,lognormal,20,0.2,0.042105263157894736,12.007877771579935,1.0000000000000002,8
25,234833,234833,23.0,../data/Continuation/lognormal_euclidean/city20_range0.2_wouter.json,inplace,euclidean,lognormal,20,0.2,0.04736842105263158,12.366629902205343,1.0000000000000002,9
35,270558,270558,23.0,../data/Continuation/lognormal_euclidean/city20_range0.2_wouter.json,inplace,euclidean,lognormal,20,0.2,0.05263157894736842,12.508241772029395,1.0000000000000002,10
41,377802,377802,23.0,../data/Continuation/lognormal_euclidean/city20_range0.2_wouter.json,inplace,euclidean,lognormal,20,0.2,0.05789473684210526,12.842125527841784,1.0000000000000002,11
43,450786,450786,23.0,../data/Continuation/lognormal_euclidean/city20_range0.2_wouter.json,inplace,euclidean,lognormal,20,0.2,0.06315789473684211,13.018748004764895,1.0000000000000002,12
47,495496,495496,23.0,../data/Continuation/lognormal_euclidean/city20_range0.2_wouter.json,inplace,euclidean,lognormal,20,0.2,0.06842105263157895,13.113314560065712,1.0000000000000002,13
49,495798,495798,23.0,../data/Continuation/lognormal_euclidean/city20_range0.2_wouter.json,inplace,euclidean,lognormal,20,0.2,0.07368421052631578,13.113923864690463,1.0000000000000002,14
70,499792,499792,23.0,../data/Continuation/lognormal_euclidean/city20_range0.2_wouter.json,inplace,euclidean,lognormal,20,0.2,0.07894736842105263,13.121947290852326,1.0000000000000002,15
77,815580,815580,23.0,../data/Continuation/lognormal_euclidean/city20_range0.2_wouter.json,inplace,euclidean,lognormal,20,0.2,0.08421052631578947,13.61165479555735,1.0000000000000002,16
79,1017158,1017158,23.0,../data/Continuation/lognormal_euclidean/city20_range0.2_wouter.json,inplace,euclidean,lognormal,20,0.2,0.08947368421052632,13.832523021862476,1.0000000000000002,17
81,1524364,1524364,23.0,../data/Continuation/lognormal_euclidean/city20_range0.2_wouter.json,inplace,euclidean,lognormal,20,0.2,0.09473684210526316,14.237087831854126,1.0000000000000002,18
94,1651507,1651507,23.0,../data/Continuation/lognormal_euclidean/city20_range0.2_wouter.json,inplace,euclidean,lognormal,20,0.2,0.1,14.317198762374995,1.0000000000000002,19
127,1770862,1770862,23.0,../data/Continuation/lognormal_euclidean/city20_range0.2_wouter.json,inplace,euclidean,lognormal,20,0.2,0.10526315789473684,14.386976991650966,1.0000000000000002,20
1,1288679,1288679,385.0,../data/Continuation/lognormal_euclidean/city30_range1.4_swap.json,swap,euclidean,lognormal,30,1.4,0.05057471264367816,14.06912822065213,1.0000000000000002,22
3,2199219,2199219,384.0,../data/Continuation/lognormal_euclidean/city30_range1.4_swap.json,swap,euclidean,lognormal,30,1.4,0.05057471264367816,14.603612855301128,1.0000000000000002,22
5,4523493,4523493,384.0,../data/Continuation/lognormal_euclidean/city30_range1.4_swap.json,swap,euclidean,lognormal,30,1.4,0.05057471264367816,15.324795040972436,1.0000000000000002,22
7,4876539,4876539,384.0,../data/Continuation/lognormal_euclidean/city30_range1.4_swap.json,swap,euclidean,lognormal,30,1.4,0.05057471264367816,15.399946304901446,1.0000000000000002,22
1,2502620,2502620,20.0,../data/Continuation/lognormal_euclidean/city20_range0.2_swap.json,swap,euclidean,lognormal,20,0.2,0.015789473684210527,14.732848741069802,0.9999999999999998,3
1,8153049,8153049,552.0,../data/Continuation/lognormal_euclidean/city30_range4.2_wouter.json,inplace,euclidean,lognormal,30,4.2,0.027586206896551724,15.913902525684636,0.9999999999999998,12
1,10680,10680,661.0,../data/Continuation/uniform_euclidean/city30_range55_wouter.json,inplace,euclidean,uniform,30,55.0,0.01839080459770115,9.276128112514279,1.0000000000000002,8
4,17793,17793,661.0,../data/Continuation/uniform_euclidean/city30_range55_wouter.json,inplace,euclidean,uniform,30,55.0,0.01839080459770115,9.786560400506893,1.0000000000000002,8
9,21336,21336,662.0,../data/Continuation/uniform_euclidean/city30_range55_wouter.json,inplace,euclidean,uniform,30,55.0,0.020689655172413793,9.968151065861898,1.0000000000000002,9
10,52282,52282,660.0,../data/Continuation/uniform_euclidean/city30_range55_wouter.json,inplace,euclidean,uniform,30,55.0,0.020689655172413793,10.864407422553507,1.0,9
19,60623,60623,662.0,../data/Continuation/uniform_euclidean/city30_range55_wouter.json,inplace,euclidean,uniform,30,55.0,0.022988505747126436,11.012429638004907,1.0,10
21,87705,87705,656.0,../data/Continuation/uniform_euclidean/city30_range55_wouter.json,inplace,euclidean,uniform,30,55.0,0.02528735632183908,11.381734189277893,1.0,11
23,87732,87732,656.0,../data/Continuation/uniform_euclidean/city30_range55_wouter.json,inplace,euclidean,uniform,30,55.0,0.02528735632183908,11.382041992081328,1.0,11
24,135219,135219,649.0,../data/Continuation/uniform_euclidean/city30_range55_wouter.json,inplace,euclidean,uniform,30,55.0,0.02528735632183908,11.814650965261613,1.0,11
35,136190,136190,649.0,../data/Continuation/uniform_euclidean/city30_range55_wouter.json,inplace,euclidean,uniform,30,55.0,0.02528735632183908,11.82180624856301,1.0,11
38,136194,136194,649.0,../data/Continuation/uniform_euclidean/city30_range55_wouter.json,inplace,euclidean,uniform,30,55.0,0.027586206896551724,11.821835618863764,1.0,12
42,182986,182986,650.0,../data/Continuation/uniform_euclidean/city30_range55_wouter.json,inplace,euclidean,uniform,30,55.0,0.027586206896551724,12.11716492616484,1.0,12
43,195828,195828,634.0,../data/Continuation/uniform_euclidean/city30_range55_wouter.json,inplace,euclidean,uniform,30,55.0,0.029885057471264367,12.18499200191894,0.9999999999999999,13
45,195837,195837,634.0,../data/Continuation/uniform_euclidean/city30_range55_wouter.json,inplace,euclidean,uniform,30,55.0,0.03218390804597701,12.18503795956132,0.9999999999999999,14
54,196591,196591,634.0,../data/Continuation/uniform_euclidean/city30_range55_wouter.json,inplace,euclidean,uniform,30,55.0,0.034482758620689655,12.188880707417445,0.9999999999999999,15
63,211056,211056,611.0,../data/Continuation/uniform_euclidean/city30_range55_wouter.json,inplace,euclidean,uniform,30,55.0,0.0367816091954023,12.259878780088705,0.9999999999999999,16
70,211183,211183,611.0,../data/Continuation/uniform_euclidean/city30_range55_wouter.json,inplace,euclidean,uniform,30,55.0,0.03908045977011494,12.260480335150318,0.9999999999999999,17
102,211207,211207,611.0,../data/Continuation/uniform_euclidean/city30_range55_wouter.json,inplace,euclidean,uniform,30,55.0,0.03908045977011494,12.260593974204394,0.9999999999999999,17
103,222601,222601,611.0,../data/Continuation/uniform_euclidean/city30_range55_wouter.json,inplace,euclidean,uniform,30,55.0,0.041379310344827586,12.313136210176479,0.9999999999999999,18
107,222633,222633,611.0,../data/Continuation/uniform_euclidean/city30_range55_wouter.json,inplace,euclidean,uniform,30,55.0,0.041379310344827586,12.313279954814377,0.9999999999999999,18
109,231439,231439,611.0,../data/Continuation/uniform_euclidean/city30_range55_wouter.json,inplace,euclidean,uniform,30,55.0,0.04367816091954023,12.352071618866404,0.9999999999999999,19
113,251806,251806,611.0,../data/Continuation/uniform_euclidean/city30_range55_wouter.json,inplace,euclidean,uniform,30,55.0,0.04367816091954023,12.436414228743761,0.9999999999999999,19
115,252364,252364,611.0,../data/Continuation/uniform_euclidean/city30_range55_wouter.json,inplace,euclidean,uniform,30,55.0,0.04367816091954023,12.438627768731617,0.9999999999999999,19
118,252727,252727,611.0,../data/Continuation/uniform_euclidean/city30_range55_wouter.json,inplace,euclidean,uniform,30,55.0,0.04367816091954023,12.44006513373118,0.9999999999999999,19
119,287292,287292,609.0,../data/Continuation/uniform_euclidean/city30_range55_wouter.json,inplace,euclidean,uniform,30,55.0,0.04367816091954023,12.568254399121983,1.0,19
127,287295,287295,609.0,../data/Continuation/uniform_euclidean/city30_range55_wouter.json,inplace,euclidean,uniform,30,55.0,0.04597701149425287,12.568264841404874,1.0,20
128,287416,287416,609.0,../data/Continuation/uniform_euclidean/city30_range55_wouter.json,inplace,euclidean,uniform,30,55.0,0.04827586206896552,12.568685922615389,1.0,21
150,287443,287443,609.0,../data/Continuation/uniform_euclidean/city30_range55_wouter.json,inplace,euclidean,uniform,30,55.0,0.05057471264367816,12.568779858693697,1.0,22
151,287448,287448,609.0,../data/Continuation/uniform_euclidean/city30_range55_wouter.json,inplace,euclidean,uniform,30,55.0,0.052873563218390804,12.568797253295456,1.0,23
161,288392,288392,609.0,../data/Continuation/uniform_euclidean/city30_range55_wouter.json,inplace,euclidean,uniform,30,55.0,0.05517241379310345,12.572075944757154,1.0,24
1,89837,89837,1218.0,../data/Continuation/uniform_euclidean/city30_range100_wouter.json,inplace,euclidean,uniform,30,100.0,0.0367816091954023,11.405752196156657,1.0,16
2,214377,214377,1186.0,../data/Continuation/uniform_euclidean/city30_range100_wouter.json,inplace,euclidean,uniform,30,100.0,0.03908045977011494,12.27549142630489,1.0,17
9,215852,215852,1186.0,../data/Continuation/uniform_euclidean/city30_range100_wouter.json,inplace,euclidean,uniform,30,100.0,0.041379310344827586,12.28234826663447,1.0,18
35,215969,215969,1186.0,../data/Continuation/uniform_euclidean/city30_range100_wouter.json,inplace,euclidean,uniform,30,100.0,0.04367816091954023,12.28289015784802,1.0,19
70,221365,221365,1186.0,../data/Continuation/uniform_euclidean/city30_range100_wouter.json,inplace,euclidean,uniform,30,100.0,0.04367816091954023,12.307568201845758,1.0000000000000004,19
71,224166,224166,1186.0,../data/Continuation/uniform_euclidean/city30_range100_wouter.json,inplace,euclidean,uniform,30,100.0,0.04597701149425287,12.320142127807909,1.0000000000000004,20
76,233654,233654,1186.0,../data/Continuation/uniform_euclidean/city30_range100_wouter.json,inplace,euclidean,uniform,30,100.0,0.04827586206896552,12.361596667605406,1.0000000000000004,21
93,234338,234338,1186.0,../data/Continuation/uniform_euclidean/city30_range100_wouter.json,inplace,euclidean,uniform,30,100.0,0.04827586206896552,12.364519796577897,1.0000000000000004,21
94,275313,275313,1186.0,../data/Continuation/uniform_euclidean/city30_range100_wouter.json,inplace,euclidean,uniform,30,100.0,0.04827586206896552,12.525663911229039,1.0000000000000004,21
101,275905,275905,1186.0,../data/Continuation/uniform_euclidean/city30_range100_wouter.json,inplace,euclidean,uniform,30,100.0,0.05057471264367816,12.527811882549326,1.0000000000000004,22
104,320098,320098,1181.0,../data/Continuation/uniform_euclidean/city30_range100_wouter.json,inplace,euclidean,uniform,30,100.0,0.052873563218390804,12.676382477890954,0.9999999999999999,23
105,321021,321021,1181.0,../data/Continuation/uniform_euclidean/city30_range100_wouter.json,inplace,euclidean,uniform,30,100.0,0.05517241379310345,12.679261820533073,0.9999999999999999,24
107,616731,616731,1147.0,../data/Continuation/uniform_euclidean/city30_range100_wouter.json,inplace,euclidean,uniform,30,100.0,0.05747126436781609,13.33218822726932,1.0,25
111,616926,616926,1147.0,../data/Continuation/uniform_euclidean/city30_range100_wouter.json,inplace,euclidean,uniform,30,100.0,0.059770114942528735,13.33250436052455,1.0,26
115,616982,616982,1147.0,../data/Continuation/uniform_euclidean/city30_range100_wouter.json,inplace,euclidean,uniform,30,100.0,0.059770114942528735,13.3325951290422,1.0,26
121,616987,616987,1147.0,../data/Continuation/uniform_euclidean/city30_range100_wouter.json,inplace,euclidean,uniform,30,100.0,0.059770114942528735,13.332603232973499,1.0,26
128,617206,617206,1147.0,../data/Continuation/uniform_euclidean/city30_range100_wouter.json,inplace,euclidean,uniform,30,100.0,0.059770114942528735,13.332958120745992,1.0,26
129,617207,617207,1147.0,../data/Continuation/uniform_euclidean/city30_range100_wouter.json,inplace,euclidean,uniform,30,100.0,0.059770114942528735,13.33295974094928,1.0,26
1,32553,32553,1117.0,../data/Continuation/uniform_euclidean/city30_range90_wouter.json,inplace,euclidean,uniform,30,90.0,0.034482758620689655,10.390624809288347,1.0,15
3,79984,79984,1120.0,../data/Continuation/uniform_euclidean/city30_range90_wouter.json,inplace,euclidean,uniform,30,90.0,0.0367816091954023,11.289581893653365,0.9999999999999999,16
16,81440,81440,1120.0,../data/Continuation/uniform_euclidean/city30_range90_wouter.json,inplace,euclidean,uniform,30,90.0,0.03908045977011494,11.307621831784362,0.9999999999999999,17
22,82908,82908,1121.0,../data/Continuation/uniform_euclidean/city30_range90_wouter.json,inplace,euclidean,uniform,30,90.0,0.041379310344827586,11.325486838276808,0.9999999999999999,18
26,95398,95398,1121.0,../data/Continuation/uniform_euclidean/city30_range90_wouter.json,inplace,euclidean,uniform,30,90.0,0.04367816091954023,11.465812892856047,0.9999999999999999,19
29,95523,95523,1121.0,../data/Continuation/uniform_euclidean/city30_range90_wouter.json,inplace,euclidean,uniform,30,90.0,0.04367816091954023,11.467122335168424,0.9999999999999999,19
30,98984,98984,1121.0,../data/Continuation/uniform_euclidean/city30_range90_wouter.json,inplace,euclidean,uniform,30,90.0,0.04597701149425287,11.502713499893822,0.9999999999999999,20
31,105514,105514,1121.0,../data/Continuation/uniform_euclidean/city30_range90_wouter.json,inplace,euclidean,uniform,30,90.0,0.04827586206896552,11.566598924516013,0.9999999999999999,21
46,106210,106210,1110.0,../data/Continuation/uniform_euclidean/city30_range90_wouter.json,inplace,euclidean,uniform,30,90.0,0.05057471264367816,11.573173545315594,1.0,22
70,106214,106214,1110.0,../data/Continuation/uniform_euclidean/city30_range90_wouter.json,inplace,euclidean,uniform,30,90.0,0.052873563218390804,11.5732112058436,1.0,23
117,107605,107605,1078.0,../data/Continuation/uniform_euclidean/city30_range90_wouter.json,inplace,euclidean,uniform,30,90.0,0.05517241379310345,11.586222394031696,0.9999999999999999,24
119,107606,107606,1078.0,../data/Continuation/uniform_euclidean/city30_range90_wouter.json,inplace,euclidean,uniform,30,90.0,0.05517241379310345,11.586231687236968,0.9999999999999999,24
124,112229,112229,1053.0,../data/Continuation/uniform_euclidean/city30_range90_wouter.json,inplace,euclidean,uniform,30,90.0,0.05747126436781609,11.628296705697068,1.0000000000000002,25
160,131943,131943,1053.0,../data/Continuation/uniform_euclidean/city30_range90_wouter.json,inplace,euclidean,uniform,30,90.0,0.05747126436781609,11.790125290126378,1.0000000000000002,25
178,131979,131979,1053.0,../data/Continuation/uniform_euclidean/city30_range90_wouter.json,inplace,euclidean,uniform,30,90.0,0.059770114942528735,11.790398098003124,1.0000000000000002,26
181,158871,158871,1037.0,../data/Continuation/uniform_euclidean/city30_range90_wouter.json,inplace,euclidean,uniform,30,90.0,0.06206896551724138,11.975847831148851,1.0,27
191,158873,158873,1037.0,../data/Continuation/uniform_euclidean/city30_range90_wouter.json,inplace,euclidean,uniform,30,90.0,0.06436781609195402,11.975860419899544,1.0,28
195,158875,158875,1037.0,../data/Continuation/uniform_euclidean/city30_range90_wouter.json,inplace,euclidean,uniform,30,90.0,0.06436781609195402,11.975873008491762,1.0,28
203,158940,158940,1037.0,../data/Continuation/uniform_euclidean/city30_range90_wouter.json,inplace,euclidean,uniform,30,90.0,0.06436781609195402,11.976282051494177,1.0,28
204,165818,165818,1036.0,../data/Continuation/uniform_euclidean/city30_range90_wouter.json,inplace,euclidean,uniform,30,90.0,0.06666666666666667,12.01864608032622,0.9999999999999999,29
205,168028,168028,1063.0,../data/Continuation/uniform_euclidean/city30_range90_wouter.json,inplace,euclidean,uniform,30,90.0,0.06436781609195402,12.031885911164723,0.9999999999999999,28
216,190909,190909,1064.0,../data/Continuation/uniform_euclidean/city30_range90_wouter.json,inplace,euclidean,uniform,30,90.0,0.06436781609195402,12.159552153704697,0.9999999999999999,28
227,191187,191187,1064.0,../data/Continuation/uniform_euclidean/city30_range90_wouter.json,inplace,euclidean,uniform,30,90.0,0.06436781609195402,12.161007285656108,0.9999999999999999,28
230,193887,193887,1064.0,../data/Continuation/uniform_euclidean/city30_range90_wouter.json,inplace,euclidean,uniform,30,90.0,0.06436781609195402,12.175030794114651,0.9999999999999999,28
231,193903,193903,1064.0,../data/Continuation/uniform_euclidean/city30_range90_wouter.json,inplace,euclidean,uniform,30,90.0,0.06436781609195402,12.175113313003788,0.9999999999999999,28
233,193914,193914,1064.0,../data/Continuation/uniform_euclidean/city30_range90_wouter.json,inplace,euclidean,uniform,30,90.0,0.06666666666666667,12.175170040790363,0.9999999999999999,29
236,194863,194863,1064.0,../data/Continuation/uniform_euclidean/city30_range90_wouter.json,inplace,euclidean,uniform,30,90.0,0.06666666666666667,12.180052026529511,0.9999999999999999,29
247,194865,194865,1064.0,../data/Continuation/uniform_euclidean/city30_range90_wouter.json,inplace,euclidean,uniform,30,90.0,0.06666666666666667,12.180062290097949,0.9999999999999999,29
254,194872,194872,1064.0,../data/Continuation/uniform_euclidean/city30_range90_wouter.json,inplace,euclidean,uniform,30,90.0,0.06666666666666667,12.180098211757944,0.9999999999999999,29
255,208168,208168,1064.0,../data/Continuation/uniform_euclidean/city30_range90_wouter.json,inplace,euclidean,uniform,30,90.0,0.06666666666666667,12.24610072498325,0.9999999999999999,29
275,208170,208170,1064.0,../data/Continuation/uniform_euclidean/city30_range90_wouter.json,inplace,euclidean,uniform,30,90.0,0.06666666666666667,12.24611033256171,0.9999999999999999,29
277,208197,208197,1064.0,../data/Continuation/uniform_euclidean/city30_range90_wouter.json,inplace,euclidean,uniform,30,90.0,0.06896551724137931,12.246240025837295,0.9999999999999999,30
278,208200,208200,1064.0,../data/Continuation/uniform_euclidean/city30_range90_wouter.json,inplace,euclidean,uniform,30,90.0,0.07126436781609195,12.24625443516301,0.9999999999999999,31
291,208201,208201,1064.0,../data/Continuation/uniform_euclidean/city30_range90_wouter.json,inplace,euclidean,uniform,30,90.0,0.07126436781609195,12.246259238225443,0.9999999999999999,31
297,218777,218777,1064.0,../data/Continuation/uniform_euclidean/city30_range90_wouter.json,inplace,euclidean,uniform,30,90.0,0.07126436781609195,12.295808225174614,0.9999999999999999,31
300,218779,218779,1064.0,../data/Continuation/uniform_euclidean/city30_range90_wouter.json,inplace,euclidean,uniform,30,90.0,0.0735632183908046,12.295817366861622,0.9999999999999999,32
1,24657,24657,547.0,../data/Continuation/uniform_euclidean/city30_range40_wouter.json,inplace,euclidean,uniform,30,40.0,0.01839080459770115,10.11281611481665,1.0000000000000002,8
3,24659,24659,547.0,../data/Continuation/uniform_euclidean/city30_range40_wouter.json,inplace,euclidean,uniform,30,40.0,0.01839080459770115,10.112897224395736,1.0000000000000002,8
4,24702,24702,547.0,../data/Continuation/uniform_euclidean/city30_range40_wouter.json,inplace,euclidean,uniform,30,40.0,0.020689655172413793,10.114639490998,1.0000000000000002,9
5,36620,36620,534.0,../data/Continuation/uniform_euclidean/city30_range40_wouter.json,inplace,euclidean,uniform,30,40.0,0.022988505747126436,10.50834981822853,1.0000000000000002,10
6,66788,66788,534.0,../data/Continuation/uniform_euclidean/city30_range40_wouter.json,inplace,euclidean,uniform,30,40.0,0.022988505747126436,11.109278702668863,1.0,10
7,69230,69230,534.0,../data/Continuation/uniform_euclidean/city30_range40_wouter.json,inplace,euclidean,uniform,30,40.0,0.02528735632183908,11.145189573672086,1.0,11
10,71457,71457,534.0,../data/Continuation/uniform_euclidean/city30_range40_wouter.json,inplace,euclidean,uniform,30,40.0,0.027586206896551724,11.176851149168039,1.0,12
43,127854,127854,526.0,../data/Continuation/uniform_euclidean/city30_range40_wouter.json,inplace,euclidean,uniform,30,40.0,0.029885057471264367,11.758644266893983,0.9999999999999999,13
62,128433,128433,526.0,../data/Continuation/uniform_euclidean/city30_range40_wouter.json,inplace,euclidean,uniform,30,40.0,0.03218390804597701,11.763162646562556,0.9999999999999999,14
67,251962,251962,526.0,../data/Continuation/uniform_euclidean/city30_range40_wouter.json,inplace,euclidean,uniform,30,40.0,0.03218390804597701,12.437033561472266,0.9999999999999999,14
85,252008,252008,526.0,../data/Continuation/uniform_euclidean/city30_range40_wouter.json,inplace,euclidean,uniform,30,40.0,0.03218390804597701,12.437216112021416,0.9999999999999999,14
90,252009,252009,526.0,../data/Continuation/uniform_euclidean/city30_range40_wouter.json,inplace,euclidean,uniform,30,40.0,0.03218390804597701,12.437220080141538,0.9999999999999999,14
92,282190,282190,526.0,../data/Continuation/uniform_euclidean/city30_range40_wouter.json,inplace,euclidean,uniform,30,40.0,0.03218390804597701,12.550335881911899,0.9999999999999999,14
104,282517,282517,526.0,../data/Continuation/uniform_euclidean/city30_range40_wouter.json,inplace,euclidean,uniform,30,40.0,0.03218390804597701,12.551494004749225,0.9999999999999999,14
108,282528,282528,526.0,../data/Continuation/uniform_euclidean/city30_range40_wouter.json,inplace,euclidean,uniform,30,40.0,0.034482758620689655,12.551532939701312,0.9999999999999999,15
121,282529,282529,526.0,../data/Continuation/uniform_euclidean/city30_range40_wouter.json,inplace,euclidean,uniform,30,40.0,0.0367816091954023,12.551536479167243,0.9999999999999999,16
129,346813,346813,526.0,../data/Continuation/uniform_euclidean/city30_range40_wouter.json,inplace,euclidean,uniform,30,40.0,0.03908045977011494,12.756541008768428,1.0000000000000002,17
163,347955,347955,526.0,../data/Continuation/uniform_euclidean/city30_range40_wouter.json,inplace,euclidean,uniform,30,40.0,0.041379310344827586,12.759828440050484,1.0000000000000002,18
1,103482,103482,878.0,../data/Continuation/uniform_euclidean/city30_range70_wouter.json,inplace,euclidean,uniform,30,70.0,0.02528735632183908,11.547152963519466,1.0,11
11,107450,107450,878.0,../data/Continuation/uniform_euclidean/city30_range70_wouter.json,inplace,euclidean,uniform,30,70.0,0.027586206896551724,11.584780902070666,1.0,12
27,111337,111337,863.0,../data/Continuation/uniform_euclidean/city30_range70_wouter.json,inplace,euclidean,uniform,30,70.0,0.029885057471264367,11.620316916880157,1.0,13
28,114306,114306,863.0,../data/Continuation/uniform_euclidean/city30_range70_wouter.json,inplace,euclidean,uniform,30,70.0,0.029885057471264367,11.646634341843498,1.0,13
31,123848,123848,863.0,../data/Continuation/uniform_euclidean/city30_range70_wouter.json,inplace,euclidean,uniform,30,70.0,0.03218390804597701,11.72681028622031,1.0,14
46,227652,227652,839.0,../data/Continuation/uniform_euclidean/city30_range70_wouter.json,inplace,euclidean,uniform,30,70.0,0.034482758620689655,12.33557342614055,1.0000000000000002,15
47,227653,227653,839.0,../data/Continuation/uniform_euclidean/city30_range70_wouter.json,inplace,euclidean,uniform,30,70.0,0.0367816091954023,12.335577818800415,1.0000000000000002,16
57,227809,227809,839.0,../data/Continuation/uniform_euclidean/city30_range70_wouter.json,inplace,euclidean,uniform,30,70.0,0.03908045977011494,12.33626283755544,1.0000000000000002,17
71,240424,240424,839.0,../data/Continuation/uniform_euclidean/city30_range70_wouter.json,inplace,euclidean,uniform,30,70.0,0.03908045977011494,12.3901593102708,1.0000000000000002,17
77,240454,240454,839.0,../data/Continuation/uniform_euclidean/city30_range70_wouter.json,inplace,euclidean,uniform,30,70.0,0.041379310344827586,12.390284082042596,1.0000000000000002,18
79,240460,240460,839.0,../data/Continuation/uniform_euclidean/city30_range70_wouter.json,inplace,euclidean,uniform,30,70.0,0.041379310344827586,12.390309034528904,1.0000000000000002,18
80,240463,240463,839.0,../data/Continuation/uniform_euclidean/city30_range70_wouter.json,inplace,euclidean,uniform,30,70.0,0.04367816091954023,12.390321510538577,1.0000000000000002,19
83,240464,240464,839.0,../data/Continuation/uniform_euclidean/city30_range70_wouter.json,inplace,euclidean,uniform,30,70.0,0.04367816091954023,12.39032566917388,1.0000000000000002,19
87,240466,240466,839.0,../data/Continuation/uniform_euclidean/city30_range70_wouter.json,inplace,euclidean,uniform,30,70.0,0.04597701149425287,12.390333986392601,1.0000000000000002,20
96,265250,265250,840.0,../data/Continuation/uniform_euclidean/city30_range70_wouter.json,inplace,euclidean,uniform,30,70.0,0.04827586206896552,12.488428056476232,1.0000000000000002,21
98,265268,265268,840.0,../data/Continuation/uniform_euclidean/city30_range70_wouter.json,inplace,euclidean,uniform,30,70.0,0.04827586206896552,12.488495914682767,1.0000000000000002,21
103,265453,265453,840.0,../data/Continuation/uniform_euclidean/city30_range70_wouter.json,inplace,euclidean,uniform,30,70.0,0.05057471264367816,12.489193079511342,1.0000000000000002,22
108,265549,265549,840.0,../data/Continuation/uniform_euclidean/city30_range70_wouter.json,inplace,euclidean,uniform,30,70.0,0.05057471264367816,12.4895546600743,1.0000000000000002,22
118,265568,265568,840.0,../data/Continuation/uniform_euclidean/city30_range70_wouter.json,inplace,euclidean,uniform,30,70.0,0.052873563218390804,12.489626207398178,1.0000000000000002,23
120,270461,270461,840.0,../data/Continuation/uniform_euclidean/city30_range70_wouter.json,inplace,euclidean,uniform,30,70.0,0.052873563218390804,12.507883189424941,1.0000000000000002,23
121,280827,280827,840.0,../data/Continuation/uniform_euclidean/city30_range70_wouter.json,inplace,euclidean,uniform,30,70.0,0.052873563218390804,12.545494100357466,1.0000000000000002,23
131,280829,280829,840.0,../data/Continuation/uniform_euclidean/city30_range70_wouter.json,inplace,euclidean,uniform,30,70.0,0.052873563218390804,12.545501222154437,1.0000000000000002,23
133,340423,340423,840.0,../data/Continuation/uniform_euclidean/city30_range70_wouter.json,inplace,euclidean,uniform,30,70.0,0.052873563218390804,12.73794424096634,1.0000000000000002,23
140,340635,340635,840.0,../data/Continuation/uniform_euclidean/city30_range70_wouter.json,inplace,euclidean,uniform,30,70.0,0.052873563218390804,12.738566801766883,1.0000000000000002,23
143,344210,344210,840.0,../data/Continuation/uniform_euclidean/city30_range70_wouter.json,inplace,euclidean,uniform,30,70.0,0.052873563218390804,12.749007215213787,1.0000000000000002,23
146,344213,344213,840.0,../data/Continuation/uniform_euclidean/city30_range70_wouter.json,inplace,euclidean,uniform,30,70.0,0.05517241379310345,12.749015930785463,1.0000000000000002,24
152,344227,344227,840.0,../data/Continuation/uniform_euclidean/city30_range70_wouter.json,inplace,euclidean,uniform,30,70.0,0.05747126436781609,12.74905660244894,1.0000000000000002,25
154,344252,344252,840.0,../data/Continuation/uniform_euclidean/city30_range70_wouter.json,inplace,euclidean,uniform,30,70.0,0.05747126436781609,12.749129226305328,1.0000000000000002,25
155,344486,344486,840.0,../data/Continuation/uniform_euclidean/city30_range70_wouter.json,inplace,euclidean,uniform,30,70.0,0.05747126436781609,12.749808730003407,1.0000000000000002,25
1,145,145,425.0,../data/Continuation/uniform_euclidean/city30_range30_wouter.json,inplace,euclidean,uniform,30,30.0,0.013793103448275862,4.976733742427471,1.0,6
2,1534,1534,420.0,../data/Continuation/uniform_euclidean/city30_range30_wouter.json,inplace,euclidean,uniform,30,30.0,0.016091954022988506,7.335633981927853,1.0000000000000002,7
9,1688,1688,420.0,../data/Continuation/uniform_euclidean/city30_range30_wouter.json,inplace,euclidean,uniform,30,30.0,0.01839080459770115,7.431299675156495,1.0000000000000002,8
10,2772,2772,419.0,../data/Continuation/uniform_euclidean/city30_range30_wouter.json,inplace,euclidean,uniform,30,30.0,0.01839080459770115,7.927324360310155,1.0000000000000002,8
17,3108,3108,418.0,../data/Continuation/uniform_euclidean/city30_range30_wouter.json,inplace,euclidean,uniform,30,30.0,0.01839080459770115,8.04173471148786,1.0,8
20,6545,6545,412.0,../data/Continuation/uniform_euclidean/city30_range30_wouter.json,inplace,euclidean,uniform,30,30.0,0.020689655172413793,8.786456678344154,1.0000000000000002,9
30,7266,7266,406.0,../data/Continuation/uniform_euclidean/city30_range30_wouter.json,inplace,euclidean,uniform,30,30.0,0.022988505747126436,8.890961212781285,0.9999999999999998,10
35,10646,10646,397.0,../data/Continuation/uniform_euclidean/city30_range30_wouter.json,inplace,euclidean,uniform,30,30.0,0.02528735632183908,9.272939513732796,1.0000000000000002,11
49,10687,10687,397.0,../data/Continuation/uniform_euclidean/city30_range30_wouter.json,inplace,euclidean,uniform,30,30.0,0.027586206896551724,9.27678332852499,1.0000000000000002,12
50,13290,13290,390.0,../data/Continuation/uniform_euclidean/city30_range30_wouter.json,inplace,euclidean,uniform,30,30.0,0.029885057471264367,9.494767151707366,1.0000000000000002,13
55,20594,20594,390.0,../data/Continuation/uniform_euclidean/city30_range30_wouter.json,inplace,euclidean,uniform,30,30.0,0.029885057471264367,9.932755050216745,1.0000000000000002,13
57,20595,20595,390.0,../data/Continuation/uniform_euclidean/city30_range30_wouter.json,inplace,euclidean,uniform,30,30.0,0.029885057471264367,9.93280360687023,1.0000000000000002,13
58,21562,21562,390.0,../data/Continuation/uniform_euclidean/city30_range30_wouter.json,inplace,euclidean,uniform,30,30.0,0.029885057471264367,9.97868778509911,1.0000000000000002,13
66,23415,23415,390.0,../data/Continuation/uniform_euclidean/city30_range30_wouter.json,inplace,euclidean,uniform,30,30.0,0.029885057471264367,10.061132121617685,1.0000000000000002,13
71,24001,24001,379.0,../data/Continuation/uniform_euclidean/city30_range30_wouter.json,inplace,euclidean,uniform,30,30.0,0.03218390804597701,10.08585077512876,1.0,14
75,32700,32700,378.0,../data/Continuation/uniform_euclidean/city30_range30_wouter.json,inplace,euclidean,uniform,30,30.0,0.03218390804597701,10.395130356885375,0.9999999999999998,14
79,41481,41481,370.0,../data/Continuation/uniform_euclidean/city30_range30_wouter.json,inplace,euclidean,uniform,30,30.0,0.034482758620689655,10.632990770056752,0.9999999999999999,15
81,71879,71879,359.0,../data/Continuation/uniform_euclidean/city30_range30_wouter.json,inplace,euclidean,uniform,30,30.0,0.034482758620689655,11.182739428725053,1.0,15
82,87149,87149,359.0,../data/Continuation/uniform_euclidean/city30_range30_wouter.json,inplace,euclidean,uniform,30,30.0,0.034482758620689655,11.37537457641304,1.0,15
83,87257,87257,359.0,../data/Continuation/uniform_euclidean/city30_range30_wouter.json,inplace,euclidean,uniform,30,30.0,0.0367816091954023,11.376613066072855,1.0,16
86,87271,87271,359.0,../data/Continuation/uniform_euclidean/city30_range30_wouter.json,inplace,euclidean,uniform,30,30.0,0.03908045977011494,11.376773498783136,1.0,17
90,87272,87272,359.0,../data/Continuation/uniform_euclidean/city30_range30_wouter.json,inplace,euclidean,uniform,30,30.0,0.03908045977011494,11.376784957277604,1.0,17
96,87609,87609,359.0,../data/Continuation/uniform_euclidean/city30_range30_wouter.json,inplace,euclidean,uniform,30,30.0,0.03908045977011494,11.380639011373157,1.0,17
99,88247,88247,359.0,../data/Continuation/uniform_euclidean/city30_range30_wouter.json,inplace,euclidean,uniform,30,30.0,0.041379310344827586,11.387894979883457,1.0,18
103,88261,88261,359.0,../data/Continuation/uniform_euclidean/city30_range30_wouter.json,inplace,euclidean,uniform,30,30.0,0.04367816091954023,11.388053612920253,1.0,19
114,88264,88264,359.0,../data/Continuation/uniform_euclidean/city30_range30_wouter.json,inplace,euclidean,uniform,30,30.0,0.04597701149425287,11.388087602440153,1.0,20
115,94458,94458,359.0,../data/Continuation/uniform_euclidean/city30_range30_wouter.json,inplace,euclidean,uniform,30,30.0,0.04597701149425287,11.455910570242695,1.0,20
116,94516,94516,359.0,../data/Continuation/uniform_euclidean/city30_range30_wouter.json,inplace,euclidean,uniform,30,30.0,0.04597701149425287,11.456524411319469,1.0,20
117,94517,94517,359.0,../data/Continuation/uniform_euclidean/city30_range30_wouter.json,inplace,euclidean,uniform,30,30.0,0.04597701149425287,11.456534991482721,1.0,20
125,94589,94589,359.0,../data/Continuation/uniform_euclidean/city30_range30_wouter.json,inplace,euclidean,uniform,30,30.0,0.04827586206896552,11.457296469209277,1.0,21
127,94590,94590,359.0,../data/Continuation/uniform_euclidean/city30_range30_wouter.json,inplace,euclidean,uniform,30,30.0,0.04827586206896552,11.457307041207226,1.0,21
128,95542,95542,359.0,../data/Continuation/uniform_euclidean/city30_range30_wouter.json,inplace,euclidean,uniform,30,30.0,0.05057471264367816,11.467321220365218,0.9999999999999999,22
136,95556,95556,359.0,../data/Continuation/uniform_euclidean/city30_range30_wouter.json,inplace,euclidean,uniform,30,30.0,0.05057471264367816,11.467467742045455,0.9999999999999999,22
138,96517,96517,364.0,../data/Continuation/uniform_euclidean/city30_range30_wouter.json,inplace,euclidean,uniform,30,30.0,0.05057471264367816,11.477474437614823,1.0000000000000002,22
140,121583,121583,364.0,../data/Continuation/uniform_euclidean/city30_range30_wouter.json,inplace,euclidean,uniform,30,30.0,0.05057471264367816,11.708352436109335,1.0000000000000002,22
141,121638,121638,364.0,../data/Continuation/uniform_euclidean/city30_range30_wouter.json,inplace,euclidean,uniform,30,30.0,0.052873563218390804,11.708804699696257,1.0000000000000002,23
142,126194,126194,364.0,../data/Continuation/uniform_euclidean/city30_range30_wouter.json,inplace,euclidean,uniform,30,30.0,0.052873563218390804,11.745575684377409,1.0000000000000002,23
144,126201,126201,364.0,../data/Continuation/uniform_euclidean/city30_range30_wouter.json,inplace,euclidean,uniform,30,30.0,0.052873563218390804,11.745631152988134,1.0000000000000002,23
146,126255,126255,364.0,../data/Continuation/uniform_euclidean/city30_range30_wouter.json,inplace,euclidean,uniform,30,30.0,0.052873563218390804,11.746058950313794,1.0000000000000002,23
149,126261,126261,364.0,../data/Continuation/uniform_euclidean/city30_range30_wouter.json,inplace,euclidean,uniform,30,30.0,0.052873563218390804,11.746106472054999,1.0000000000000002,23
151,167867,167867,363.0,../data/Continuation/uniform_euclidean/city30_range30_wouter.json,inplace,euclidean,uniform,30,30.0,0.052873563218390804,12.030927278185192,0.9999999999999999,23
153,168224,168224,368.0,../data/Continuation/uniform_euclidean/city30_range30_wouter.json,inplace,euclidean,uniform,30,30.0,0.052873563218390804,12.033051703619181,1.0000000000000002,23
168,168225,168225,368.0,../data/Continuation/uniform_euclidean/city30_range30_wouter.json,inplace,euclidean,uniform,30,30.0,0.052873563218390804,12.033057648056525,1.0000000000000002,23
173,168229,168229,368.0,../data/Continuation/uniform_euclidean/city30_range30_wouter.json,inplace,euclidean,uniform,30,30.0,0.052873563218390804,12.033081425452544,1.0000000000000002,23
178,168235,168235,368.0,../data/Continuation/uniform_euclidean/city30_range30_wouter.json,inplace,euclidean,uniform,30,30.0,0.052873563218390804,12.033117090486549,1.0000000000000002,23
179,168450,168450,368.0,../data/Continuation/uniform_euclidean/city30_range30_wouter.json,inplace,euclidean,uniform,30,30.0,0.052873563218390804,12.034394248834705,1.0000000000000002,23
180,168454,168454,368.0,../data/Continuation/uniform_euclidean/city30_range30_wouter.json,inplace,euclidean,uniform,30,30.0,0.052873563218390804,12.034417994471445,1.0000000000000002,23
185,185186,185186,368.0,../data/Continuation/uniform_euclidean/city30_range30_wouter.json,inplace,euclidean,uniform,30,30.0,0.05517241379310345,12.12911600438437,1.0000000000000002,24
196,185258,185258,368.0,../data/Continuation/uniform_euclidean/city30_range30_wouter.json,inplace,euclidean,uniform,30,30.0,0.05517241379310345,12.129504727111188,1.0,24
198,233069,233069,368.0,../data/Continuation/uniform_euclidean/city30_range30_wouter.json,inplace,euclidean,uniform,30,30.0,0.05517241379310345,12.35908982604689,1.0,24
199,233588,233588,368.0,../data/Continuation/uniform_euclidean/city30_range30_wouter.json,inplace,euclidean,uniform,30,30.0,0.05517241379310345,12.361314158753723,1.0,24
208,234270,234270,368.0,../data/Continuation/uniform_euclidean/city30_range30_wouter.json,inplace,euclidean,uniform,30,30.0,0.05517241379310345,12.364229575324835,1.0,24
212,261668,261668,364.0,../data/Continuation/uniform_euclidean/city30_range30_wouter.json,inplace,euclidean,uniform,30,30.0,0.05517241379310345,12.474831803624859,1.0,24
214,261689,261689,364.0,../data/Continuation/uniform_euclidean/city30_range30_wouter.json,inplace,euclidean,uniform,30,30.0,0.05517241379310345,12.47491205477278,1.0,24
217,262356,262356,364.0,../data/Continuation/uniform_euclidean/city30_range30_wouter.json,inplace,euclidean,uniform,30,30.0,0.05517241379310345,12.477457639064891,1.0,24
224,262588,262588,364.0,../data/Continuation/uniform_euclidean/city30_range30_wouter.json,inplace,euclidean,uniform,30,30.0,0.05517241379310345,12.478341542929323,1.0,24
228,263020,263020,364.0,../data/Continuation/uniform_euclidean/city30_range30_wouter.json,inplace,euclidean,uniform,30,30.0,0.05517241379310345,12.479985353895959,1.0,24
235,324989,324989,361.0,../data/Continuation/uniform_euclidean/city30_range30_wouter.json,inplace,euclidean,uniform,30,30.0,0.05517241379310345,12.691546614585237,1.0,24
239,324991,324991,361.0,../data/Continuation/uniform_euclidean/city30_range30_wouter.json,inplace,euclidean,uniform,30,30.0,0.05517241379310345,12.691552768620745,1.0,24
241,360654,360654,370.0,../data/Continuation/uniform_euclidean/city30_range30_wouter.json,inplace,euclidean,uniform,30,30.0,0.05517241379310345,12.795674328955856,0.9999999999999999,24
243,361778,361778,370.0,../data/Continuation/uniform_euclidean/city30_range30_wouter.json,inplace,euclidean,uniform,30,30.0,0.05517241379310345,12.798786043018778,0.9999999999999999,24
249,376475,376475,370.0,../data/Continuation/uniform_euclidean/city30_range30_wouter.json,inplace,euclidean,uniform,30,30.0,0.05517241379310345,12.838606922955023,0.9999999999999999,24
258,379235,379235,370.0,../data/Continuation/uniform_euclidean/city30_range30_wouter.json,inplace,euclidean,uniform,30,30.0,0.05517241379310345,12.845911344681722,0.9999999999999999,24
260,379634,379634,370.0,../data/Continuation/uniform_euclidean/city30_range30_wouter.json,inplace,euclidean,uniform,30,30.0,0.05517241379310345,12.846962909673222,0.9999999999999999,24
262,382528,382528,370.0,../data/Continuation/uniform_euclidean/city30_range30_wouter.json,inplace,euclidean,uniform,30,30.0,0.05517241379310345,12.85455713218393,0.9999999999999999,24
265,382537,382537,370.0,../data/Continuation/uniform_euclidean/city30_range30_wouter.json,inplace,euclidean,uniform,30,30.0,0.05517241379310345,12.854580659596634,0.9999999999999999,24
1,69117,69117,892.0,../data/Continuation/uniform_euclidean/city30_range70_swap.json,swap,euclidean,uniform,30,70.0,0.027586206896551724,11.143555999758247,0.9999999999999999,12
2,95924,95924,892.0,../data/Continuation/uniform_euclidean/city30_range70_swap.json,swap,euclidean,uniform,30,70.0,0.027586206896551724,11.471311490249775,0.9999999999999999,12
4,108781,108781,892.0,../data/Continuation/uniform_euclidean/city30_range70_swap.json,swap,euclidean,uniform,30,70.0,0.027586206896551724,11.597091965801043,1.0000000000000002,12
5,112381,112381,892.0,../data/Continuation/uniform_euclidean/city30_range70_swap.json,swap,euclidean,uniform,30,70.0,0.027586206896551724,11.629650163007103,1.0000000000000002,12
14,124013,124013,892.0,../data/Continuation/uniform_euclidean/city30_range70_swap.json,swap,euclidean,uniform,30,70.0,0.027586206896551724,11.728141677801666,1.0000000000000002,12
15,125011,125011,892.0,../data/Continuation/uniform_euclidean/city30_range70_swap.json,swap,euclidean,uniform,30,70.0,0.027586206896551724,11.736157012412674,1.0000000000000002,12
25,125240,125240,892.0,../data/Continuation/uniform_euclidean/city30_range70_swap.json,swap,euclidean,uniform,30,70.0,0.027586206896551724,11.73798717544035,1.0000000000000002,12
26,125632,125632,892.0,../data/Continuation/uniform_euclidean/city30_range70_swap.json,swap,euclidean,uniform,30,70.0,0.027586206896551724,11.741112277636141,1.0000000000000002,12
30,125852,125852,892.0,../data/Continuation/uniform_euclidean/city30_range70_swap.json,swap,euclidean,uniform,30,70.0,0.027586206896551724,11.742861892372037,1.0000000000000002,12
36,126819,126819,892.0,../data/Continuation/uniform_euclidean/city30_range70_swap.json,swap,euclidean,uniform,30,70.0,0.027586206896551724,11.750516152031333,1.0000000000000002,12
43,129337,129337,892.0,../data/Continuation/uniform_euclidean/city30_range70_swap.json,swap,euclidean,uniform,30,70.0,0.027586206896551724,11.770176680050904,1.0000000000000002,12
52,129534,129534,892.0,../data/Continuation/uniform_euclidean/city30_range70_swap.json,swap,euclidean,uniform,30,70.0,0.027586206896551724,11.771698673924522,1.0000000000000002,12
58,129825,129825,892.0,../data/Continuation/uniform_euclidean/city30_range70_swap.json,swap,euclidean,uniform,30,70.0,0.027586206896551724,11.773942668712527,1.0000000000000002,12
65,130251,130251,892.0,../data/Continuation/uniform_euclidean/city30_range70_swap.json,swap,euclidean,uniform,30,70.0,0.027586206896551724,11.777218637129335,1.0000000000000002,12
72,130700,130700,892.0,../data/Continuation/uniform_euclidean/city30_range70_swap.json,swap,euclidean,uniform,30,70.0,0.027586206896551724,11.78065989961232,1.0000000000000002,12
86,162609,162609,892.0,../data/Continuation/uniform_euclidean/city30_range70_swap.json,swap,euclidean,uniform,30,70.0,0.027586206896551724,11.999103825117574,1.0000000000000002,12
89,190027,190027,892.0,../data/Continuation/uniform_euclidean/city30_range70_swap.json,swap,euclidean,uniform,30,70.0,0.027586206896551724,12.154921446309789,1.0000000000000002,12
92,190751,190751,892.0,../data/Continuation/uniform_euclidean/city30_range70_swap.json,swap,euclidean,uniform,30,70.0,0.027586206896551724,12.158724191596924,1.0000000000000002,12
93,190752,190752,892.0,../data/Continuation/uniform_euclidean/city30_range70_swap.json,swap,euclidean,uniform,30,70.0,0.027586206896551724,12.158729434019659,1.0000000000000002,12
98,196840,196840,892.0,../data/Continuation/uniform_euclidean/city30_range70_swap.json,swap,euclidean,uniform,30,70.0,0.027586206896551724,12.190146494979919,1.0000000000000002,12
100,197198,197198,892.0,../data/Continuation/uniform_euclidean/city30_range70_swap.json,swap,euclidean,uniform,30,70.0,0.027586206896551724,12.191963579111418,1.0000000000000002,12
107,197481,197481,892.0,../data/Continuation/uniform_euclidean/city30_range70_swap.json,swap,euclidean,uniform,30,70.0,0.027586206896551724,12.193397656163913,1.0000000000000002,12
109,201078,201078,892.0,../data/Continuation/uniform_euclidean/city30_range70_swap.json,swap,euclidean,uniform,30,70.0,0.027586206896551724,12.211448171467017,1.0000000000000002,12
110,208362,208362,892.0,../data/Continuation/uniform_euclidean/city30_range70_swap.json,swap,euclidean,uniform,30,70.0,0.027586206896551724,12.247032230584422,1.0000000000000002,12
115,211158,211158,892.0,../data/Continuation/uniform_euclidean/city30_range70_swap.json,swap,euclidean,uniform,30,70.0,0.027586206896551724,12.26036194740189,1.0000000000000002,12
119,211489,211489,892.0,../data/Continuation/uniform_euclidean/city30_range70_swap.json,swap,euclidean,uniform,30,70.0,0.027586206896551724,12.261928266659671,1.0000000000000002,12
123,212501,212501,892.0,../data/Continuation/uniform_euclidean/city30_range70_swap.json,swap,euclidean,uniform,30,70.0,0.027586206896551724,12.266701973217893,1.0000000000000002,12
127,213322,213322,892.0,../data/Continuation/uniform_euclidean/city30_range70_swap.json,swap,euclidean,uniform,30,70.0,0.027586206896551724,12.270558040256567,1.0000000000000002,12
129,213323,213323,892.0,../data/Continuation/uniform_euclidean/city30_range70_swap.json,swap,euclidean,uniform,30,70.0,0.027586206896551724,12.270562727994616,1.0000000000000002,12
130,213325,213325,892.0,../data/Continuation/uniform_euclidean/city30_range70_swap.json,swap,euclidean,uniform,30,70.0,0.027586206896551724,12.27057210340479,1.0000000000000002,12
137,213747,213747,892.0,../data/Continuation/uniform_euclidean/city30_range70_swap.json,swap,euclidean,uniform,30,70.0,0.027586206896551724,12.2725483516128,1.0000000000000002,12
141,213795,213795,892.0,../data/Continuation/uniform_euclidean/city30_range70_swap.json,swap,euclidean,uniform,30,70.0,0.027586206896551724,12.272772890957246,1.0000000000000002,12
145,216510,216510,892.0,../data/Continuation/uniform_euclidean/city30_range70_swap.json,swap,euclidean,uniform,30,70.0,0.027586206896551724,12.285392014734434,1.0000000000000002,12
147,221452,221452,892.0,../data/Continuation/uniform_euclidean/city30_range70_swap.json,swap,euclidean,uniform,30,70.0,0.027586206896551724,12.307961140694626,1.0000000000000002,12
158,221457,221457,892.0,../data/Continuation/uniform_euclidean/city30_range70_swap.json,swap,euclidean,uniform,30,70.0,0.027586206896551724,12.307983718695978,1.0000000000000002,12
166,221907,221907,892.0,../data/Continuation/uniform_euclidean/city30_range70_swap.json,swap,euclidean,uniform,30,70.0,0.027586206896551724,12.310013654164457,1.0000000000000002,12
167,221939,221939,892.0,../data/Continuation/uniform_euclidean/city30_range70_swap.json,swap,euclidean,uniform,30,70.0,0.027586206896551724,12.310157848322142,1.0000000000000002,12
170,221977,221977,892.0,../data/Continuation/uniform_euclidean/city30_range70_swap.json,swap,euclidean,uniform,30,70.0,0.027586206896551724,12.310329051883594,1.0000000000000002,12
172,221982,221982,892.0,../data/Continuation/uniform_euclidean/city30_range70_swap.json,swap,euclidean,uniform,30,70.0,0.027586206896551724,12.310351576486092,1.0000000000000002,12
175,222019,222019,892.0,../data/Continuation/uniform_euclidean/city30_range70_swap.json,swap,euclidean,uniform,30,70.0,0.027586206896551724,12.31051824277777,1.0000000000000002,12
177,223281,223281,892.0,../data/Continuation/uniform_euclidean/city30_range70_swap.json,swap,euclidean,uniform,30,70.0,0.027586206896551724,12.316186346881656,1.0000000000000002,12
178,247824,247824,892.0,../data/Continuation/uniform_euclidean/city30_range70_swap.json,swap,euclidean,uniform,30,70.0,0.027586206896551724,12.420474095787544,1.0000000000000002,12
186,253077,253077,892.0,../data/Continuation/uniform_euclidean/city30_range70_swap.json,swap,euclidean,uniform,30,70.0,0.027586206896551724,12.441449069231343,1.0000000000000002,12
1,1267,1267,187.0,../data/Continuation/uniform_euclidean/city30_range10_wouter.json,inplace,euclidean,uniform,30,10.0,0.006896551724137931,7.144407180321928,0.9999999999999998,3
3,3376,3376,186.0,../data/Continuation/uniform_euclidean/city30_range10_wouter.json,inplace,euclidean,uniform,30,10.0,0.009195402298850575,8.124446855716144,1.0000000000000002,4
5,7907,7907,182.0,../data/Continuation/uniform_euclidean/city30_range10_wouter.json,inplace,euclidean,uniform,30,10.0,0.011494252873563218,8.975503722071053,0.9999999999999998,5
9,8071,8071,178.0,../data/Continuation/uniform_euclidean/city30_range10_wouter.json,inplace,euclidean,uniform,30,10.0,0.011494252873563218,8.996032669324496,1.0000000000000002,5
10,304913,304913,177.0,../data/Continuation/uniform_euclidean/city30_range10_wouter.json,inplace,euclidean,uniform,30,10.0,0.011494252873563218,12.627781768997563,1.0,5
16,3147382,3147382,175.0,../data/Continuation/uniform_euclidean/city30_range10_wouter.json,inplace,euclidean,uniform,30,10.0,0.013793103448275862,14.962081554126383,1.0000000000000002,6
18,3419521,3419521,174.0,../data/Continuation/uniform_euclidean/city30_range10_wouter.json,inplace,euclidean,uniform,30,10.0,0.013793103448275862,15.04501104075015,1.0000000000000002,6
1,2586,2586,193.0,../data/Continuation/uniform_euclidean/city30_range15_wouter.json,inplace,euclidean,uniform,30,15.0,0.006896551724137931,7.857867559332189,1.0000000000000002,3
8,3191,3191,192.0,../data/Continuation/uniform_euclidean/city30_range15_wouter.json,inplace,euclidean,uniform,30,15.0,0.009195402298850575,8.068089626278557,1.0000000000000002,4
9,4951,4951,188.0,../data/Continuation/uniform_euclidean/city30_range15_wouter.json,inplace,euclidean,uniform,30,15.0,0.011494252873563218,8.507344855361625,1.0000000000000002,5
13,6455,6455,182.0,../data/Continuation/uniform_euclidean/city30_range15_wouter.json,inplace,euclidean,uniform,30,15.0,0.013793103448275862,8.772610303280898,0.9999999999999999,6
20,11185,11185,179.0,../data/Continuation/uniform_euclidean/city30_range15_wouter.json,inplace,euclidean,uniform,30,15.0,0.013793103448275862,9.32232887392432,0.9999999999999999,6
23,11712,11712,178.0,../data/Continuation/uniform_euclidean/city30_range15_wouter.json,inplace,euclidean,uniform,30,15.0,0.013793103448275862,9.368369236201179,0.9999999999999999,6
24,17120,17120,178.0,../data/Continuation/uniform_euclidean/city30_range15_wouter.json,inplace,euclidean,uniform,30,15.0,0.013793103448275862,9.748002649695792,0.9999999999999999,6
26,20710,20710,173.0,../data/Continuation/uniform_euclidean/city30_range15_wouter.json,inplace,euclidean,uniform,30,15.0,0.016091954022988506,9.938371954389678,0.9999999999999999,7
27,75187,75187,173.0,../data/Continuation/uniform_euclidean/city30_range15_wouter.json,inplace,euclidean,uniform,30,15.0,0.016091954022988506,11.227733622653373,0.9999999999999999,7
32,77725,77725,173.0,../data/Continuation/uniform_euclidean/city30_range15_wouter.json,inplace,euclidean,uniform,30,15.0,0.01839080459770115,11.260932234926967,0.9999999999999999,8
43,548455,548455,170.0,../data/Continuation/uniform_euclidean/city30_range15_wouter.json,inplace,euclidean,uniform,30,15.0,0.01839080459770115,13.214860513399257,0.9999999999999997,8
47,564516,564516,170.0,../data/Continuation/uniform_euclidean/city30_range15_wouter.json,inplace,euclidean,uniform,30,15.0,0.020689655172413793,13.243724005837143,0.9999999999999997,9
54,1396142,1396142,166.0,../data/Continuation/uniform_euclidean/city30_range15_wouter.json,inplace,euclidean,uniform,30,15.0,0.020689655172413793,14.149223276329117,1.0000000000000002,9
1,551667,551667,319.0,../data/Continuation/uniform_euclidean/city30_range25_scramble.json,scramble,euclidean,uniform,30,25.0,0.009195402298850575,13.220699882354618,1.0,4
21,693940,693940,319.0,../data/Continuation/uniform_euclidean/city30_range25_scramble.json,scramble,euclidean,uniform,30,25.0,0.009195402298850575,13.450140780420053,0.9999999999999998,4
26,28558522,28558522,318.0,../data/Continuation/uniform_euclidean/city30_range25_scramble.json,scramble,euclidean,uniform,30,25.0,0.009195402298850575,17.167465943396262,1.0000000000000002,4
1,513,513,321.0,../data/Continuation/uniform_euclidean/city30_range20_scramble.json,scramble,euclidean,uniform,30,20.0,0.011494252873563218,6.240275845172719,1.0,5
1,3009,3009,211.0,../data/Continuation/uniform_euclidean/city20_range20_wouter.json,inplace,euclidean,uniform,20,20.0,0.02631578947368421,8.009363076630377,1.0000000000000002,5
10,8345,8345,212.0,../data/Continuation/uniform_euclidean/city20_range20_wouter.json,inplace,euclidean,uniform,20,20.0,0.02631578947368421,9.029417836096055,1.0000000000000002,5
13,11161,11161,210.0,../data/Continuation/uniform_euclidean/city20_range20_wouter.json,inplace,euclidean,uniform,20,20.0,0.02631578947368421,9.320180837655805,1.0,5
29,40709,40709,210.0,../data/Continuation/uniform_euclidean/city20_range20_wouter.json,inplace,euclidean,uniform,20,20.0,0.02631578947368421,10.614204477206158,1.0,5
34,45855,45855,210.0,../data/Continuation/uniform_euclidean/city20_range20_wouter.json,inplace,euclidean,uniform,20,20.0,0.031578947368421054,10.733239522993067,1.0,6
39,45908,45908,210.0,../data/Continuation/uniform_euclidean/city20_range20_wouter.json,inplace,euclidean,uniform,20,20.0,0.03684210526315789,10.734394672800581,1.0,7
40,46726,46726,209.0,../data/Continuation/uniform_euclidean/city20_range20_wouter.json,inplace,euclidean,uniform,20,20.0,0.03684210526315789,10.752056033913924,1.0000000000000004,7
56,50213,50213,209.0,../data/Continuation/uniform_euclidean/city20_range20_wouter.json,inplace,euclidean,uniform,20,20.0,0.03684210526315789,10.824029236297841,1.0000000000000004,7
66,51547,51547,209.0,../data/Continuation/uniform_euclidean/city20_range20_wouter.json,inplace,euclidean,uniform,20,20.0,0.03684210526315789,10.850249291825392,1.0000000000000004,7
79,55033,55033,209.0,../data/Continuation/uniform_euclidean/city20_range20_wouter.json,inplace,euclidean,uniform,20,20.0,0.03684210526315789,10.915688284286594,1.0000000000000002,7
110,66680,66680,205.0,../data/Continuation/uniform_euclidean/city20_range20_wouter.json,inplace,euclidean,uniform,20,20.0,0.042105263157894736,11.107660336864745,1.0,8
111,68268,68268,205.0,../data/Continuation/uniform_euclidean/city20_range20_wouter.json,inplace,euclidean,uniform,20,20.0,0.042105263157894736,11.131196414538662,1.0,8
117,88822,88822,205.0,../data/Continuation/uniform_euclidean/city20_range20_wouter.json,inplace,euclidean,uniform,20,20.0,0.04736842105263158,11.394389646043615,1.0,9
135,99958,99958,205.0,../data/Continuation/uniform_euclidean/city20_range20_wouter.json,inplace,euclidean,uniform,20,20.0,0.04736842105263158,11.512505376745535,1.0,9
139,100063,100063,205.0,../data/Continuation/uniform_euclidean/city20_range20_wouter.json,inplace,euclidean,uniform,20,20.0,0.05263157894736842,11.513555266603548,1.0,10
146,100100,100100,205.0,../data/Continuation/uniform_euclidean/city20_range20_wouter.json,inplace,euclidean,uniform,20,20.0,0.05263157894736842,11.513924965303321,1.0,10
173,114877,114877,205.0,../data/Continuation/uniform_euclidean/city20_range20_wouter.json,inplace,euclidean,uniform,20,20.0,0.05263157894736842,11.65161726973495,1.0,10
180,231603,231603,205.0,../data/Continuation/uniform_euclidean/city20_range20_wouter.json,inplace,euclidean,uniform,20,20.0,0.05263157894736842,12.352779977964962,1.0000000000000002,10
181,232131,232131,205.0,../data/Continuation/uniform_euclidean/city20_range20_wouter.json,inplace,euclidean,uniform,20,20.0,0.05263157894736842,12.35505714646312,1.0000000000000002,10
193,232186,232186,205.0,../data/Continuation/uniform_euclidean/city20_range20_wouter.json,inplace,euclidean,uniform,20,20.0,0.05263157894736842,12.355294053577255,1.0000000000000002,10
209,317435,317435,205.0,../data/Continuation/uniform_euclidean/city20_range20_wouter.json,inplace,euclidean,uniform,20,20.0,0.05789473684210526,12.668028351946536,0.9999999999999997,11
213,322190,322190,205.0,../data/Continuation/uniform_euclidean/city20_range20_wouter.json,inplace,euclidean,uniform,20,20.0,0.05789473684210526,12.682896712620153,0.9999999999999997,11
221,323510,323510,205.0,../data/Continuation/uniform_euclidean/city20_range20_wouter.json,inplace,euclidean,uniform,20,20.0,0.05789473684210526,12.686985304346415,0.9999999999999997,11
224,326068,326068,205.0,../data/Continuation/uniform_euclidean/city20_range20_wouter.json,inplace,euclidean,uniform,20,20.0,0.05789473684210526,12.69486122755425,0.9999999999999997,11
250,333096,333096,205.0,../data/Continuation/uniform_euclidean/city20_range20_wouter.json,inplace,euclidean,uniform,20,20.0,0.05789473684210526,12.716186015703789,0.9999999999999997,11
266,333438,333438,205.0,../data/Continuation/uniform_euclidean/city20_range20_wouter.json,inplace,euclidean,uniform,20,20.0,0.06315789473684211,12.717212220008484,0.9999999999999997,12
279,335152,335152,205.0,../data/Continuation/uniform_euclidean/city20_range20_wouter.json,inplace,euclidean,uniform,20,20.0,0.06315789473684211,12.72233943924555,0.9999999999999997,12
280,335156,335156,205.0,../data/Continuation/uniform_euclidean/city20_range20_wouter.json,inplace,euclidean,uniform,20,20.0,0.06315789473684211,12.722351374057608,0.9999999999999997,12
283,472057,472057,206.0,../data/Continuation/uniform_euclidean/city20_range20_wouter.json,inplace,euclidean,uniform,20,20.0,0.06315789473684211,13.064855019988329,1.0000000000000002,12
1,20718,20718,660.0,../data/Continuation/uniform_euclidean/city30_range50_swap.json,swap,euclidean,uniform,30,50.0,0.01839080459770115,9.938758166618095,1.0000000000000002,8
2,29679,29679,660.0,../data/Continuation/uniform_euclidean/city30_range50_swap.json,swap,euclidean,uniform,30,50.0,0.01839080459770115,10.298195003991365,1.0000000000000002,8
20,33562,33562,660.0,../data/Continuation/uniform_euclidean/city30_range50_swap.json,swap,euclidean,uniform,30,50.0,0.01839080459770115,10.421149753561137,1.0000000000000002,8
32,78489,78489,659.0,../data/Continuation/uniform_euclidean/city30_range50_swap.json,swap,euclidean,uniform,30,50.0,0.01839080459770115,11.270713766563217,1.0,8
33,78667,78667,659.0,../data/Continuation/uniform_euclidean/city30_range50_swap.json,swap,euclidean,uniform,30,50.0,0.01839080459770115,11.272979032618808,1.0,8
36,79969,79969,659.0,../data/Continuation/uniform_euclidean/city30_range50_swap.json,swap,euclidean,uniform,30,50.0,0.01839080459770115,11.289394338558505,1.0,8
42,80251,80251,659.0,../data/Continuation/uniform_euclidean/city30_range50_swap.json,swap,euclidean,uniform,30,50.0,0.01839080459770115,11.292914501973826,1.0,8
47,80254,80254,659.0,../data/Continuation/uniform_euclidean/city30_range50_swap.json,swap,euclidean,uniform,30,50.0,0.01839080459770115,11.292951883986852,1.0,8
52,83488,83488,659.0,../data/Continuation/uniform_euclidean/city30_range50_swap.json,swap,euclidean,uniform,30,50.0,0.01839080459770115,11.332458187936467,1.0,8
58,102078,102078,659.0,../data/Continuation/uniform_euclidean/city30_range50_swap.json,swap,euclidean,uniform,30,50.0,0.01839080459770115,11.533492505910203,1.0,8
62,102101,102101,659.0,../data/Continuation/uniform_euclidean/city30_range50_swap.json,swap,euclidean,uniform,30,50.0,0.01839080459770115,11.533717798424098,1.0,8
63,102166,102166,659.0,../data/Continuation/uniform_euclidean/city30_range50_swap.json,swap,euclidean,uniform,30,50.0,0.01839080459770115,11.534354220383532,1.0,8
64,102168,102168,659.0,../data/Continuation/uniform_euclidean/city30_range50_swap.json,swap,euclidean,uniform,30,50.0,0.01839080459770115,11.534373796176109,1.0,8
65,102174,102174,659.0,../data/Continuation/uniform_euclidean/city30_range50_swap.json,swap,euclidean,uniform,30,50.0,0.01839080459770115,11.53443252125467,1.0,8
66,104449,104449,659.0,../data/Continuation/uniform_euclidean/city30_range50_swap.json,swap,euclidean,uniform,30,50.0,0.01839080459770115,11.556454192980059,1.0,8
68,105080,105080,659.0,../data/Continuation/uniform_euclidean/city30_range50_swap.json,swap,euclidean,uniform,30,50.0,0.01839080459770115,11.562477243799485,1.0,8
75,105087,105087,659.0,../data/Continuation/uniform_euclidean/city30_range50_swap.json,swap,euclidean,uniform,30,50.0,0.01839080459770115,11.56254385749243,1.0,8
77,105166,105166,659.0,../data/Continuation/uniform_euclidean/city30_range50_swap.json,swap,euclidean,uniform,30,50.0,0.01839080459770115,11.563295333130997,1.0,8
78,105175,105175,659.0,../data/Continuation/uniform_euclidean/city30_range50_swap.json,swap,euclidean,uniform,30,50.0,0.01839080459770115,11.563380908458731,1.0,8
82,105723,105723,659.0,../data/Continuation/uniform_euclidean/city30_range50_swap.json,swap,euclidean,uniform,30,50.0,0.01839080459770115,11.568577745160114,1.0,8
86,106012,106012,659.0,../data/Continuation/uniform_euclidean/city30_range50_swap.json,swap,euclidean,uniform,30,50.0,0.01839080459770115,11.571307574233893,1.0,8
87,106377,106377,659.0,../data/Continuation/uniform_euclidean/city30_range50_swap.json,swap,euclidean,uniform,30,50.0,0.01839080459770115,11.574744667109046,1.0,8
89,108433,108433,659.0,../data/Continuation/uniform_euclidean/city30_range50_swap.json,swap,euclidean,uniform,30,50.0,0.01839080459770115,11.593887749703157,1.0,8
91,108473,108473,659.0,../data/Continuation/uniform_euclidean/city30_range50_swap.json,swap,euclidean,uniform,30,50.0,0.01839080459770115,11.594256573068611,1.0,8
93,108479,108479,659.0,../data/Continuation/uniform_euclidean/city30_range50_swap.json,swap,euclidean,uniform,30,50.0,0.01839080459770115,11.594311884842657,1.0,8
97,109447,109447,659.0,../data/Continuation/uniform_euclidean/city30_range50_swap.json,swap,euclidean,uniform,30,50.0,0.01839080459770115,11.60319569279921,1.0,8
98,109448,109448,659.0,../data/Continuation/uniform_euclidean/city30_range50_swap.json,swap,euclidean,uniform,30,50.0,0.01839080459770115,11.603204829599958,1.0,8
99,145613,145613,659.0,../data/Continuation/uniform_euclidean/city30_range50_swap.json,swap,euclidean,uniform,30,50.0,0.01839080459770115,11.888707696473283,1.0,8
107,145742,145742,659.0,../data/Continuation/uniform_euclidean/city30_range50_swap.json,swap,euclidean,uniform,30,50.0,0.01839080459770115,11.889593214198598,1.0,8
110,145760,145760,659.0,../data/Continuation/uniform_euclidean/city30_range50_swap.json,swap,euclidean,uniform,30,50.0,0.01839080459770115,11.889716712493792,1.0,8
111,184786,184786,659.0,../data/Continuation/uniform_euclidean/city30_range50_swap.json,swap,euclidean,uniform,30,50.0,0.01839080459770115,12.126953677744218,1.0,8
115,184949,184949,659.0,../data/Continuation/uniform_euclidean/city30_range50_swap.json,swap,euclidean,uniform,30,50.0,0.01839080459770115,12.127835390379268,1.0,8
118,184985,184985,659.0,../data/Continuation/uniform_euclidean/city30_range50_swap.json,swap,euclidean,uniform,30,50.0,0.01839080459770115,12.128030019692138,1.0,8
129,185055,185055,659.0,../data/Continuation/uniform_euclidean/city30_range50_swap.json,swap,euclidean,uniform,30,50.0,0.01839080459770115,12.12840835717368,1.0,8
131,186577,186577,659.0,../data/Continuation/uniform_euclidean/city30_range50_swap.json,swap,euclidean,uniform,30,50.0,0.01839080459770115,12.136599301491918,1.0,8
132,186580,186580,659.0,../data/Continuation/uniform_euclidean/city30_range50_swap.json,swap,euclidean,uniform,30,50.0,0.01839080459770115,12.136615380514957,1.0,8
133,186596,186596,659.0,../data/Continuation/uniform_euclidean/city30_range50_swap.json,swap,euclidean,uniform,30,50.0,0.01839080459770115,12.136701130938402,1.0,8
136,186958,186958,659.0,../data/Continuation/uniform_euclidean/city30_range50_swap.json,swap,euclidean,uniform,30,50.0,0.01839080459770115,12.13863927168013,1.0,8
138,187353,187353,659.0,../data/Continuation/uniform_euclidean/city30_range50_swap.json,swap,euclidean,uniform,30,50.0,0.01839080459770115,12.140749816903883,1.0,8
139,204586,204586,659.0,../data/Continuation/uniform_euclidean/city30_range50_swap.json,swap,euclidean,uniform,30,50.0,0.01839080459770115,12.22874370396103,1.0,8
140,205124,205124,659.0,../data/Continuation/uniform_euclidean/city30_range50_swap.json,swap,euclidean,uniform,30,50.0,0.01839080459770115,12.231369953304341,1.0,8
143,205184,205184,659.0,../data/Continuation/uniform_euclidean/city30_range50_swap.json,swap,euclidean,uniform,30,50.0,0.01839080459770115,12.231662416529176,1.0,8
144,205201,205201,659.0,../data/Continuation/uniform_euclidean/city30_range50_swap.json,swap,euclidean,uniform,30,50.0,0.01839080459770115,12.231745265561228,1.0,8
147,205218,205218,659.0,../data/Continuation/uniform_euclidean/city30_range50_swap.json,swap,euclidean,uniform,30,50.0,0.01839080459770115,12.23182810772989,1.0,8
151,205364,205364,659.0,../data/Continuation/uniform_euclidean/city30_range50_swap.json,swap,euclidean,uniform,30,50.0,0.01839080459770115,12.232539293345205,1.0,8
152,206964,206964,659.0,../data/Continuation/uniform_euclidean/city30_range50_swap.json,swap,euclidean,uniform,30,50.0,0.01839080459770115,12.240300144079406,1.0,8
153,214173,214173,659.0,../data/Continuation/uniform_euclidean/city30_range50_swap.json,swap,euclidean,uniform,30,50.0,0.01839080459770115,12.2745393786306,1.0,8
165,246180,246180,659.0,../data/Continuation/uniform_euclidean/city30_range50_swap.json,swap,euclidean,uniform,30,50.0,0.01839080459770115,12.41381825466429,1.0,8
172,247431,247431,659.0,../data/Continuation/uniform_euclidean/city30_range50_swap.json,swap,euclidean,uniform,30,50.0,0.01839080459770115,12.418887034243534,1.0,8
176,247442,247442,659.0,../data/Continuation/uniform_euclidean/city30_range50_swap.json,swap,euclidean,uniform,30,50.0,0.01839080459770115,12.41893149009383,1.0,8
181,247459,247459,659.0,../data/Continuation/uniform_euclidean/city30_range50_swap.json,swap,euclidean,uniform,30,50.0,0.01839080459770115,12.419000190702665,1.0,8
188,247620,247620,659.0,../data/Continuation/uniform_euclidean/city30_range50_swap.json,swap,euclidean,uniform,30,50.0,0.01839080459770115,12.419650591974687,1.0,8
197,247694,247694,659.0,../data/Continuation/uniform_euclidean/city30_range50_swap.json,swap,euclidean,uniform,30,50.0,0.01839080459770115,12.419949392333855,1.0,8
201,248138,248138,659.0,../data/Continuation/uniform_euclidean/city30_range50_swap.json,swap,euclidean,uniform,30,50.0,0.01839080459770115,12.421740321998236,1.0,8
203,339238,339238,659.0,../data/Continuation/uniform_euclidean/city30_range50_swap.json,swap,euclidean,uniform,30,50.0,0.01839080459770115,12.734457204927073,1.0,8
204,339489,339489,659.0,../data/Continuation/uniform_euclidean/city30_range50_swap.json,swap,euclidean,uniform,30,50.0,0.01839080459770115,12.735196824866879,1.0,8
1,19149,19149,984.0,../data/Continuation/uniform_euclidean/city30_range80_swap.json,swap,euclidean,uniform,30,80.0,0.029885057471264367,9.86000577392422,1.0,13
2,19681,19681,983.0,../data/Continuation/uniform_euclidean/city30_range80_swap.json,swap,euclidean,uniform,30,80.0,0.029885057471264367,9.887408982323489,1.0,13
5,19847,19847,981.0,../data/Continuation/uniform_euclidean/city30_range80_swap.json,swap,euclidean,uniform,30,80.0,0.029885057471264367,9.895808141192308,1.0,13
6,23402,23402,981.0,../data/Continuation/uniform_euclidean/city30_range80_swap.json,swap,euclidean,uniform,30,80.0,0.029885057471264367,10.060576767778945,1.0,13
12,25959,25959,980.0,../data/Continuation/uniform_euclidean/city30_range80_swap.json,swap,euclidean,uniform,30,80.0,0.029885057471264367,10.164273649274888,0.9999999999999999,13
17,26108,26108,980.0,../data/Continuation/uniform_euclidean/city30_range80_swap.json,swap,euclidean,uniform,30,80.0,0.029885057471264367,10.169997059755147,0.9999999999999999,13
19,26339,26339,980.0,../data/Continuation/uniform_euclidean/city30_range80_swap.json,swap,euclidean,uniform,30,80.0,0.029885057471264367,10.178806009504484,0.9999999999999999,13
20,26378,26378,980.0,../data/Continuation/uniform_euclidean/city30_range80_swap.json,swap,euclidean,uniform,30,80.0,0.029885057471264367,10.180285608385867,0.9999999999999999,13
25,27142,27142,980.0,../data/Continuation/uniform_euclidean/city30_range80_swap.json,swap,euclidean,uniform,30,80.0,0.029885057471264367,10.208837622641353,0.9999999999999999,13
34,31150,31150,980.0,../data/Continuation/uniform_euclidean/city30_range80_swap.json,swap,euclidean,uniform,30,80.0,0.029885057471264367,10.346569524215631,1.0,13
37,41665,41665,980.0,../data/Continuation/uniform_euclidean/city30_range80_swap.json,swap,euclidean,uniform,30,80.0,0.029885057471264367,10.637416726816332,1.0,13
39,50475,50475,980.0,../data/Continuation/uniform_euclidean/city30_range80_swap.json,swap,euclidean,uniform,30,80.0,0.029885057471264367,10.829233443181058,1.0,13
40,52356,52356,980.0,../data/Continuation/uniform_euclidean/city30_range80_swap.json,swap,euclidean,uniform,30,80.0,0.029885057471264367,10.865821822911629,1.0,13
53,52961,52961,980.0,../data/Continuation/uniform_euclidean/city30_range80_swap.json,swap,euclidean,uniform,30,80.0,0.029885057471264367,10.877311072607869,1.0,13
62,78049,78049,980.0,../data/Continuation/uniform_euclidean/city30_range80_swap.json,swap,euclidean,uniform,30,80.0,0.029885057471264367,11.265092113561705,1.0,13
63,78431,78431,980.0,../data/Continuation/uniform_euclidean/city30_range80_swap.json,swap,euclidean,uniform,30,80.0,0.029885057471264367,11.26997453634857,1.0,13
64,80420,80420,980.0,../data/Continuation/uniform_euclidean/city30_range80_swap.json,swap,euclidean,uniform,30,80.0,0.029885057471264367,11.295018180451278,1.0,13
71,89853,89853,980.0,../data/Continuation/uniform_euclidean/city30_range80_swap.json,swap,euclidean,uniform,30,80.0,0.029885057471264367,11.405930280635953,1.0,13
78,103037,103037,980.0,../data/Continuation/uniform_euclidean/city30_range80_swap.json,swap,euclidean,uniform,30,80.0,0.029885057471264367,11.542843426007511,1.0,13
85,106711,106711,980.0,../data/Continuation/uniform_euclidean/city30_range80_swap.json,swap,euclidean,uniform,30,80.0,0.029885057471264367,11.577879524759663,1.0,13
87,110878,110878,980.0,../data/Continuation/uniform_euclidean/city30_range80_swap.json,swap,euclidean,uniform,30,80.0,0.029885057471264367,11.616185776743023,1.0,13
104,171055,171055,983.0,../data/Continuation/uniform_euclidean/city30_range80_swap.json,swap,euclidean,uniform,30,80.0,0.029885057471264367,12.049740421197475,1.0000000000000002,13
106,171194,171194,983.0,../data/Continuation/uniform_euclidean/city30_range80_swap.json,swap,euclidean,uniform,30,80.0,0.029885057471264367,12.050552695346662,1.0000000000000002,13
113,186928,186928,982.0,../data/Continuation/uniform_euclidean/city30_range80_swap.json,swap,euclidean,uniform,30,80.0,0.029885057471264367,12.138478794956935,1.0000000000000002,13
115,217743,217743,982.0,../data/Continuation/uniform_euclidean/city30_range80_swap.json,swap,euclidean,uniform,30,80.0,0.029885057471264367,12.291070747240509,1.0000000000000002,13
118,220147,220147,982.0,../data/Continuation/uniform_euclidean/city30_range80_swap.json,swap,euclidean,uniform,30,80.0,0.029885057471264367,12.302050784018604,1.0000000000000002,13
119,221881,221881,982.0,../data/Continuation/uniform_euclidean/city30_range80_swap.json,swap,euclidean,uniform,30,80.0,0.029885057471264367,12.309896481099708,1.0000000000000002,13
120,222238,222238,982.0,../data/Continuation/uniform_euclidean/city30_range80_swap.json,swap,euclidean,uniform,30,80.0,0.029885057471264367,12.311504158667624,1.0000000000000002,13
121,222296,222296,982.0,../data/Continuation/uniform_euclidean/city30_range80_swap.json,swap,euclidean,uniform,30,80.0,0.029885057471264367,12.311765106088199,1.0000000000000002,13
128,222358,222358,982.0,../data/Continuation/uniform_euclidean/city30_range80_swap.json,swap,euclidean,uniform,30,80.0,0.029885057471264367,12.312043974603503,1.0000000000000002,13
129,223625,223625,982.0,../data/Continuation/uniform_euclidean/city30_range80_swap.json,swap,euclidean,uniform,30,80.0,0.029885057471264367,12.317725820811024,1.0000000000000002,13
130,224279,224279,982.0,../data/Continuation/uniform_euclidean/city30_range80_swap.json,swap,euclidean,uniform,30,80.0,0.029885057471264367,12.32064609151535,1.0000000000000002,13
132,224282,224282,982.0,../data/Continuation/uniform_euclidean/city30_range80_swap.json,swap,euclidean,uniform,30,80.0,0.029885057471264367,12.320659467622502,1.0000000000000002,13
133,227212,227212,982.0,../data/Continuation/uniform_euclidean/city30_range80_swap.json,swap,euclidean,uniform,30,80.0,0.029885057471264367,12.333638781335782,1.0000000000000002,13
136,228336,228336,982.0,../data/Continuation/uniform_euclidean/city30_range80_swap.json,swap,euclidean,uniform,30,80.0,0.029885057471264367,12.338573507340177,1.0000000000000002,13
137,276085,276085,982.0,../data/Continuation/uniform_euclidean/city30_range80_swap.json,swap,euclidean,uniform,30,80.0,0.029885057471264367,12.528464068300444,1.0000000000000002,13
141,282943,282943,982.0,../data/Continuation/uniform_euclidean/city30_range80_swap.json,swap,euclidean,uniform,30,80.0,0.029885057471264367,12.553000742911408,1.0000000000000002,13
148,282961,282961,982.0,../data/Continuation/uniform_euclidean/city30_range80_swap.json,swap,euclidean,uniform,30,80.0,0.029885057471264367,12.55306435794154,1.0000000000000002,13
149,284081,284081,982.0,../data/Continuation/uniform_euclidean/city30_range80_swap.json,swap,euclidean,uniform,30,80.0,0.029885057471264367,12.55701468774595,1.0000000000000002,13
151,296139,296139,982.0,../data/Continuation/uniform_euclidean/city30_range80_swap.json,swap,euclidean,uniform,30,80.0,0.029885057471264367,12.598584217675759,1.0000000000000002,13
152,296140,296140,982.0,../data/Continuation/uniform_euclidean/city30_range80_swap.json,swap,euclidean,uniform,30,80.0,0.029885057471264367,12.598587594462714,1.0000000000000002,13
153,297495,297495,982.0,../data/Continuation/uniform_euclidean/city30_range80_swap.json,swap,euclidean,uniform,30,80.0,0.029885057471264367,12.603152697103901,1.0000000000000002,13
155,301236,301236,982.0,../data/Continuation/uniform_euclidean/city30_range80_swap.json,swap,euclidean,uniform,30,80.0,0.029885057471264367,12.615649289678055,1.0000000000000002,13
156,316566,316566,982.0,../data/Continuation/uniform_euclidean/city30_range80_swap.json,swap,euclidean,uniform,30,80.0,0.029885057471264367,12.665287029632532,1.0000000000000002,13
158,318936,318936,982.0,../data/Continuation/uniform_euclidean/city30_range80_swap.json,swap,euclidean,uniform,30,80.0,0.029885057471264367,12.672745734679456,1.0000000000000002,13
159,320017,320017,982.0,../data/Continuation/uniform_euclidean/city30_range80_swap.json,swap,euclidean,uniform,30,80.0,0.029885057471264367,12.676129398364829,1.0000000000000002,13
166,320144,320144,982.0,../data/Continuation/uniform_euclidean/city30_range80_swap.json,swap,euclidean,uniform,30,80.0,0.029885057471264367,12.676526173556278,1.0000000000000002,13
167,321915,321915,982.0,../data/Continuation/uniform_euclidean/city30_range80_swap.json,swap,euclidean,uniform,30,80.0,0.029885057471264367,12.682042814523696,1.0000000000000002,13
168,325868,325868,982.0,../data/Continuation/uniform_euclidean/city30_range80_swap.json,swap,euclidean,uniform,30,80.0,0.029885057471264367,12.694247670376019,1.0000000000000002,13
169,328215,328215,982.0,../data/Continuation/uniform_euclidean/city30_range80_swap.json,swap,euclidean,uniform,30,80.0,0.029885057471264367,12.701424160432865,1.0000000000000002,13
173,328251,328251,982.0,../data/Continuation/uniform_euclidean/city30_range80_swap.json,swap,euclidean,uniform,30,80.0,0.029885057471264367,12.701533838618897,1.0000000000000002,13
174,328260,328260,982.0,../data/Continuation/uniform_euclidean/city30_range80_swap.json,swap,euclidean,uniform,30,80.0,0.029885057471264367,12.70156125628593,1.0000000000000002,13
176,347784,347784,982.0,../data/Continuation/uniform_euclidean/city30_range80_swap.json,swap,euclidean,uniform,30,80.0,0.029885057471264367,12.759336876393872,1.0000000000000002,13
178,348766,348766,982.0,../data/Continuation/uniform_euclidean/city30_range80_swap.json,swap,euclidean,uniform,30,80.0,0.029885057471264367,12.762156489201546,1.0000000000000002,13
184,389034,389034,982.0,../data/Continuation/uniform_euclidean/city30_range80_swap.json,swap,euclidean,uniform,30,80.0,0.029885057471264367,12.871422022380086,1.0000000000000002,13
186,863673,863673,982.0,../data/Continuation/uniform_euclidean/city30_range80_swap.json,swap,euclidean,uniform,30,80.0,0.029885057471264367,13.668949503925283,0.9999999999999999,13
1,7311,7311,310.0,../data/Continuation/uniform_euclidean/city30_range20_wouter.json,inplace,euclidean,uniform,30,20.0,0.011494252873563218,8.897135342293453,1.0000000000000002,5
3,11848,11848,307.0,../data/Continuation/uniform_euclidean/city30_range20_wouter.json,inplace,euclidean,uniform,30,20.0,0.013793103448275862,9.379914355947719,1.0,6
5,21776,21776,305.0,../data/Continuation/uniform_euclidean/city30_range20_wouter.json,inplace,euclidean,uniform,30,20.0,0.016091954022988506,9.988563724891293,1.0,7
9,72118,72118,300.0,../data/Continuation/uniform_euclidean/city30_range20_wouter.json,inplace,euclidean,uniform,30,20.0,0.01839080459770115,11.186058945374228,1.0000000000000002,8
12,139213,139213,291.0,../data/Continuation/uniform_euclidean/city30_range20_wouter.json,inplace,euclidean,uniform,30,20.0,0.020689655172413793,11.843760413326411,0.9999999999999998,9
18,139261,139261,291.0,../data/Continuation/uniform_euclidean/city30_range20_wouter.json,inplace,euclidean,uniform,30,20.0,0.022988505747126436,11.844105149283632,0.9999999999999998,10
19,166004,166004,287.0,../data/Continuation/uniform_euclidean/city30_range20_wouter.json,inplace,euclidean,uniform,30,20.0,0.02528735632183908,12.019767163433915,0.9999999999999999,11
20,1151735,1151735,287.0,../data/Continuation/uniform_euclidean/city30_range20_wouter.json,inplace,euclidean,uniform,30,20.0,0.02528735632183908,13.956780059053708,0.9999999999999999,11
30,1151838,1151838,287.0,../data/Continuation/uniform_euclidean/city30_range20_wouter.json,inplace,euclidean,uniform,30,20.0,0.027586206896551724,13.956869485349353,0.9999999999999999,12
35,1430812,1430812,286.0,../data/Continuation/uniform_euclidean/city30_range20_wouter.json,inplace,euclidean,uniform,30,20.0,0.027586206896551724,14.173752673248242,0.9999999999999999,12
52,1719870,1719870,281.0,../data/Continuation/uniform_euclidean/city30_range20_wouter.json,inplace,euclidean,uniform,30,20.0,0.029885057471264367,14.35775926453787,1.0000000000000002,13
1,23445,23445,875.0,../data/Continuation/uniform_euclidean/city30_range75_wouter.json,inplace,euclidean,uniform,30,75.0,0.02528735632183908,10.06241253152373,1.0,11
6,23447,23447,875.0,../data/Continuation/uniform_euclidean/city30_range75_wouter.json,inplace,euclidean,uniform,30,75.0,0.027586206896551724,10.062497833920778,1.0,12
7,25630,25630,852.0,../data/Continuation/uniform_euclidean/city30_range75_wouter.json,inplace,euclidean,uniform,30,75.0,0.029885057471264367,10.151518819358156,0.9999999999999999,13
12,32348,32348,840.0,../data/Continuation/uniform_euclidean/city30_range75_wouter.json,inplace,euclidean,uniform,30,75.0,0.03218390804597701,10.384307474215744,1.0000000000000002,14
15,38437,38437,831.0,../data/Continuation/uniform_euclidean/city30_range75_wouter.json,inplace,euclidean,uniform,30,75.0,0.034482758620689655,10.556775816334213,1.0,15
16,54688,54688,830.0,../data/Continuation/uniform_euclidean/city30_range75_wouter.json,inplace,euclidean,uniform,30,75.0,0.034482758620689655,10.909399585915336,1.0,15
22,58996,58996,820.0,../data/Continuation/uniform_euclidean/city30_range75_wouter.json,inplace,euclidean,uniform,30,75.0,0.0367816091954023,10.985224923979409,1.0,16
23,63068,63068,820.0,../data/Continuation/uniform_euclidean/city30_range75_wouter.json,inplace,euclidean,uniform,30,75.0,0.03908045977011494,11.051968788357389,1.0,17
28,64193,64193,820.0,../data/Continuation/uniform_euclidean/city30_range75_wouter.json,inplace,euclidean,uniform,30,75.0,0.041379310344827586,11.069649449465487,1.0,18
30,106951,106951,820.0,../data/Continuation/uniform_euclidean/city30_range75_wouter.json,inplace,euclidean,uniform,30,75.0,0.041379310344827586,11.580126064630477,1.0,18
37,113049,113049,820.0,../data/Continuation/uniform_euclidean/city30_range75_wouter.json,inplace,euclidean,uniform,30,75.0,0.04367816091954023,11.635576632023481,1.0,19
70,113191,113191,820.0,../data/Continuation/uniform_euclidean/city30_range75_wouter.json,inplace,euclidean,uniform,30,75.0,0.04597701149425287,11.63683193629016,1.0,20
88,113247,113247,820.0,../data/Continuation/uniform_euclidean/city30_range75_wouter.json,inplace,euclidean,uniform,30,75.0,0.04827586206896552,11.637326552928196,1.0,21
264,164086,164086,821.0,../data/Continuation/uniform_euclidean/city30_range75_wouter.json,inplace,euclidean,uniform,30,75.0,0.05057471264367816,12.008145959605727,1.0,22
271,219134,219134,805.0,../data/Continuation/uniform_euclidean/city30_range75_wouter.json,inplace,euclidean,uniform,30,75.0,0.052873563218390804,12.297438693827324,1.0,23
273,259028,259028,805.0,../data/Continuation/uniform_euclidean/city30_range75_wouter.json,inplace,euclidean,uniform,30,75.0,0.052873563218390804,12.464691442946526,1.0,23
284,259029,259029,805.0,../data/Continuation/uniform_euclidean/city30_range75_wouter.json,inplace,euclidean,uniform,30,75.0,0.05517241379310345,12.464695303525575,1.0,24
300,259782,259782,805.0,../data/Continuation/uniform_euclidean/city30_range75_wouter.json,inplace,euclidean,uniform,30,75.0,0.05517241379310345,12.467598096753724,1.0,24
307,259792,259792,805.0,../data/Continuation/uniform_euclidean/city30_range75_wouter.json,inplace,euclidean,uniform,30,75.0,0.05747126436781609,12.467636589826899,1.0,25
308,259796,259796,805.0,../data/Continuation/uniform_euclidean/city30_range75_wouter.json,inplace,euclidean,uniform,30,75.0,0.059770114942528735,12.467651986641298,1.0,26
311,268353,268353,805.0,../data/Continuation/uniform_euclidean/city30_range75_wouter.json,inplace,euclidean,uniform,30,75.0,0.059770114942528735,12.500058556972338,1.0,26
312,268355,268355,805.0,../data/Continuation/uniform_euclidean/city30_range75_wouter.json,inplace,euclidean,uniform,30,75.0,0.059770114942528735,12.50006600981448,1.0,26
314,269381,269381,780.0,../data/Continuation/uniform_euclidean/city30_range75_wouter.json,inplace,euclidean,uniform,30,75.0,0.06206896551724138,12.503882013373998,1.0,27
330,287799,287799,779.0,../data/Continuation/uniform_euclidean/city30_range75_wouter.json,inplace,euclidean,uniform,30,75.0,0.06206896551724138,12.570017598794209,1.0,27
332,287805,287805,779.0,../data/Continuation/uniform_euclidean/city30_range75_wouter.json,inplace,euclidean,uniform,30,75.0,0.06206896551724138,12.570038446460313,1.0,27
1,2076,2076,194.0,../data/Continuation/uniform_euclidean/city30_range10_swap.json,swap,euclidean,uniform,30,10.0,0.006896551724137931,7.638198244286261,1.0000000000000002,3
37,6483,6483,194.0,../data/Continuation/uniform_euclidean/city30_range10_swap.json,swap,euclidean,uniform,30,10.0,0.006896551724137931,8.77693864517515,1.0,3
86,15203,15203,193.0,../data/Continuation/uniform_euclidean/city30_range10_swap.json,swap,euclidean,uniform,30,10.0,0.006896551724137931,9.629248055780902,0.9999999999999999,3
107,15984,15984,194.0,../data/Continuation/uniform_euclidean/city30_range10_swap.json,swap,euclidean,uniform,30,10.0,0.006896551724137931,9.679343500888397,1.0000000000000002,3
110,28285,28285,193.0,../data/Continuation/uniform_euclidean/city30_range10_swap.json,swap,euclidean,uniform,30,10.0,0.006896551724137931,10.250086907777291,0.9999999999999999,3
115,30122,30122,193.0,../data/Continuation/uniform_euclidean/city30_range10_swap.json,swap,euclidean,uniform,30,10.0,0.006896551724137931,10.313011080771828,0.9999999999999998,3
172,64256,64256,194.0,../data/Continuation/uniform_euclidean/city30_range10_swap.json,swap,euclidean,uniform,30,10.0,0.006896551724137931,11.070630383611363,1.0,3
1,10591,10591,434.0,../data/Continuation/uniform_euclidean/city30_range35_swap.json,swap,euclidean,uniform,30,35.0,0.013793103448275862,9.267759862843764,1.0000000000000002,6
5,10798,10798,434.0,../data/Continuation/uniform_euclidean/city30_range35_swap.json,swap,euclidean,uniform,30,35.0,0.013793103448275862,9.287116210778326,1.0000000000000002,6
7,10811,10811,434.0,../data/Continuation/uniform_euclidean/city30_range35_swap.json,swap,euclidean,uniform,30,35.0,0.013793103448275862,9.288319413292864,1.0000000000000002,6
17,12923,12923,434.0,../data/Continuation/uniform_euclidean/city30_range35_swap.json,swap,euclidean,uniform,30,35.0,0.013793103448275862,9.46676394852527,1.0000000000000002,6
26,13190,13190,434.0,../data/Continuation/uniform_euclidean/city30_range35_swap.json,swap,euclidean,uniform,30,35.0,0.013793103448275862,9.487214245711437,1.0000000000000002,6
45,13816,13816,434.0,../data/Continuation/uniform_euclidean/city30_range35_swap.json,swap,euclidean,uniform,30,35.0,0.013793103448275862,9.533582619826587,1.0000000000000002,6
55,15527,15527,434.0,../data/Continuation/uniform_euclidean/city30_range35_swap.json,swap,euclidean,uniform,30,35.0,0.013793103448275862,9.650335722981234,1.0000000000000002,6
78,15610,15610,434.0,../data/Continuation/uniform_euclidean/city30_range35_swap.json,swap,euclidean,uniform,30,35.0,0.013793103448275862,9.655667013509541,1.0000000000000002,6
82,20567,20567,434.0,../data/Continuation/uniform_euclidean/city30_range35_swap.json,swap,euclidean,uniform,30,35.0,0.013793103448275862,9.931443128549509,1.0000000000000002,6
83,20604,20604,434.0,../data/Continuation/uniform_euclidean/city30_range35_swap.json,swap,euclidean,uniform,30,35.0,0.013793103448275862,9.933240510685524,1.0000000000000002,6
87,20618,20618,434.0,../data/Continuation/uniform_euclidean/city30_range35_swap.json,swap,euclidean,uniform,30,35.0,0.013793103448275862,9.933919759656378,1.0000000000000002,6
88,38194,38194,435.0,../data/Continuation/uniform_euclidean/city30_range35_swap.json,swap,euclidean,uniform,30,35.0,0.013793103448275862,10.550433714195385,1.0000000000000002,6
92,39003,39003,435.0,../data/Continuation/uniform_euclidean/city30_range35_swap.json,swap,euclidean,uniform,30,35.0,0.013793103448275862,10.571393845230304,1.0000000000000002,6
97,46325,46325,435.0,../data/Continuation/uniform_euclidean/city30_range35_swap.json,swap,euclidean,uniform,30,35.0,0.013793103448275862,10.743437051153583,1.0000000000000002,6
98,46442,46442,435.0,../data/Continuation/uniform_euclidean/city30_range35_swap.json,swap,euclidean,uniform,30,35.0,0.013793103448275862,10.745959501206658,1.0000000000000002,6
99,48457,48457,435.0,../data/Continuation/uniform_euclidean/city30_range35_swap.json,swap,euclidean,uniform,30,35.0,0.013793103448275862,10.78843208572704,1.0000000000000002,6
102,48458,48458,435.0,../data/Continuation/uniform_euclidean/city30_range35_swap.json,swap,euclidean,uniform,30,35.0,0.013793103448275862,10.788452722367396,1.0000000000000002,6
111,52795,52795,435.0,../data/Continuation/uniform_euclidean/city30_range35_swap.json,swap,euclidean,uniform,30,35.0,0.013793103448275862,10.874171768240634,1.0000000000000002,6
114,87822,87822,435.0,../data/Continuation/uniform_euclidean/city30_range35_swap.json,swap,euclidean,uniform,30,35.0,0.013793103448275862,11.383067317712014,1.0000000000000002,6
116,90430,90430,435.0,../data/Continuation/uniform_euclidean/city30_range35_swap.json,swap,euclidean,uniform,30,35.0,0.013793103448275862,11.412331349734536,1.0000000000000002,6
118,90498,90498,435.0,../data/Continuation/uniform_euclidean/city30_range35_swap.json,swap,euclidean,uniform,30,35.0,0.013793103448275862,11.413083029996319,1.0000000000000002,6
126,697459,697459,436.0,../data/Continuation/uniform_euclidean/city30_range35_swap.json,swap,euclidean,uniform,30,35.0,0.013793103448275862,13.455199009587961,1.0000000000000002,6
134,697565,697565,436.0,../data/Continuation/uniform_euclidean/city30_range35_swap.json,swap,euclidean,uniform,30,35.0,0.013793103448275862,13.455350978299903,1.0000000000000002,6
139,697637,697637,436.0,../data/Continuation/uniform_euclidean/city30_range35_swap.json,swap,euclidean,uniform,30,35.0,0.013793103448275862,13.455454189161216,1.0000000000000002,6
150,970601,970601,436.0,../data/Continuation/uniform_euclidean/city30_range35_swap.json,swap,euclidean,uniform,30,35.0,0.013793103448275862,13.785670746243266,1.0000000000000002,6
152,1044980,1044980,436.0,../data/Continuation/uniform_euclidean/city30_range35_swap.json,swap,euclidean,uniform,30,35.0,0.013793103448275862,13.85950830444192,1.0000000000000002,6
153,1045271,1045271,436.0,../data/Continuation/uniform_euclidean/city30_range35_swap.json,swap,euclidean,uniform,30,35.0,0.013793103448275862,13.85978673990434,1.0000000000000002,6
156,1078276,1078276,436.0,../data/Continuation/uniform_euclidean/city30_range35_swap.json,swap,euclidean,uniform,30,35.0,0.013793103448275862,13.890874027365674,1.0000000000000002,6
1,323,323,130.0,../data/Continuation/uniform_euclidean/city20_range15_wouter.json,inplace,euclidean,uniform,20,15.0,0.015789473684210527,5.777652323225753,1.0000000000000002,3
5,101774,101774,127.0,../data/Continuation/uniform_euclidean/city20_range15_wouter.json,inplace,euclidean,uniform,20,15.0,0.021052631578947368,11.530509947727241,1.0,4
6,115258,115258,122.0,../data/Continuation/uniform_euclidean/city20_range15_wouter.json,inplace,euclidean,uniform,20,15.0,0.02631578947368421,11.654928372766545,0.9999999999999998,5
9,150648,150648,122.0,../data/Continuation/uniform_euclidean/city20_range15_wouter.json,inplace,euclidean,uniform,20,15.0,0.031578947368421054,11.922701268665485,0.9999999999999998,6
21,179534,179534,122.0,../data/Continuation/uniform_euclidean/city20_range15_wouter.json,inplace,euclidean,uniform,20,15.0,0.031578947368421054,12.098119884015494,0.9999999999999998,6
25,202174,202174,122.0,../data/Continuation/uniform_euclidean/city20_range15_wouter.json,inplace,euclidean,uniform,20,15.0,0.03684210526315789,12.21688399174183,0.9999999999999998,7
51,248872,248872,122.0,../data/Continuation/uniform_euclidean/city20_range15_wouter.json,inplace,euclidean,uniform,20,15.0,0.03684210526315789,12.42469398704975,0.9999999999999998,7
56,259811,259811,122.0,../data/Continuation/uniform_euclidean/city20_range15_wouter.json,inplace,euclidean,uniform,20,15.0,0.042105263157894736,12.467709722584056,0.9999999999999998,8
97,259950,259950,122.0,../data/Continuation/uniform_euclidean/city20_range15_wouter.json,inplace,euclidean,uniform,20,15.0,0.042105263157894736,12.468244583811865,0.9999999999999998,8
110,260862,260862,122.0,../data/Continuation/uniform_euclidean/city20_range15_wouter.json,inplace,euclidean,uniform,20,15.0,0.04736842105263158,12.471746810842674,0.9999999999999998,9
125,266294,266294,122.0,../data/Continuation/uniform_euclidean/city20_range15_wouter.json,inplace,euclidean,uniform,20,15.0,0.05263157894736842,12.492356240568103,0.9999999999999998,10
163,273605,273605,122.0,../data/Continuation/uniform_euclidean/city20_range15_wouter.json,inplace,euclidean,uniform,20,15.0,0.05263157894736842,12.519440739417353,0.9999999999999998,10
165,274069,274069,122.0,../data/Continuation/uniform_euclidean/city20_range15_wouter.json,inplace,euclidean,uniform,20,15.0,0.05263157894736842,12.521135178485181,0.9999999999999998,10
184,764151,764151,125.0,../data/Continuation/uniform_euclidean/city20_range15_wouter.json,inplace,euclidean,uniform,20,15.0,0.04736842105263158,13.546520692598719,1.0000000000000002,9
190,816521,816521,125.0,../data/Continuation/uniform_euclidean/city20_range15_wouter.json,inplace,euclidean,uniform,20,15.0,0.04736842105263158,13.612807910596516,1.0000000000000002,9
192,824319,824319,125.0,../data/Continuation/uniform_euclidean/city20_range15_wouter.json,inplace,euclidean,uniform,20,15.0,0.04736842105263158,13.622312869896163,1.0000000000000002,9
193,851893,851893,125.0,../data/Continuation/uniform_euclidean/city20_range15_wouter.json,inplace,euclidean,uniform,20,15.0,0.05263157894736842,13.655216211070305,1.0000000000000002,10
1,14252,14252,1008.0,../data/Continuation/uniform_euclidean/city30_range80_wouter.json,inplace,euclidean,uniform,30,80.0,0.027586206896551724,9.564652526725796,0.9999999999999998,12
2,22818,22818,981.0,../data/Continuation/uniform_euclidean/city30_range80_wouter.json,inplace,euclidean,uniform,30,80.0,0.029885057471264367,10.03530497715636,0.9999999999999999,13
11,22825,22825,981.0,../data/Continuation/uniform_euclidean/city30_range80_wouter.json,inplace,euclidean,uniform,30,80.0,0.03218390804597701,10.035611705463213,0.9999999999999999,14
12,49897,49897,981.0,../data/Continuation/uniform_euclidean/city30_range80_wouter.json,inplace,euclidean,uniform,30,80.0,0.03218390804597701,10.817716159691855,0.9999999999999998,14
18,50933,50933,981.0,../data/Continuation/uniform_euclidean/city30_range80_wouter.json,inplace,euclidean,uniform,30,80.0,0.034482758620689655,10.838266322522434,0.9999999999999998,15
21,52450,52450,961.0,../data/Continuation/uniform_euclidean/city30_range80_wouter.json,inplace,euclidean,uniform,30,80.0,0.0367816091954023,10.867615613824462,1.0,16
23,54035,54035,961.0,../data/Continuation/uniform_euclidean/city30_range80_wouter.json,inplace,euclidean,uniform,30,80.0,0.03908045977011494,10.897387263737285,1.0,17
55,54363,54363,961.0,../data/Continuation/uniform_euclidean/city30_range80_wouter.json,inplace,euclidean,uniform,30,80.0,0.041379310344827586,10.903439054380286,1.0,18
62,83150,83150,964.0,../data/Continuation/uniform_euclidean/city30_range80_wouter.json,inplace,euclidean,uniform,30,80.0,0.04367816091954023,11.328401484621086,1.0,19
69,125600,125600,942.0,../data/Continuation/uniform_euclidean/city30_range80_wouter.json,inplace,euclidean,uniform,30,80.0,0.04597701149425287,11.740857533016243,0.9999999999999999,20
71,125778,125778,942.0,../data/Continuation/uniform_euclidean/city30_range80_wouter.json,inplace,euclidean,uniform,30,80.0,0.04827586206896552,11.742273727191945,0.9999999999999999,21
77,126333,126333,942.0,../data/Continuation/uniform_euclidean/city30_range80_wouter.json,inplace,euclidean,uniform,30,80.0,0.04827586206896552,11.746676556870554,0.9999999999999999,21
89,138575,138575,926.0,../data/Continuation/uniform_euclidean/city30_range80_wouter.json,inplace,euclidean,uniform,30,80.0,0.05057471264367816,11.839166974288013,1.0,22
94,138576,138576,926.0,../data/Continuation/uniform_euclidean/city30_range80_wouter.json,inplace,euclidean,uniform,30,80.0,0.052873563218390804,11.839174190570834,1.0,23
99,294395,294395,917.0,../data/Continuation/uniform_euclidean/city30_range80_wouter.json,inplace,euclidean,uniform,30,80.0,0.05517241379310345,12.592677681996985,1.0,24
101,295433,295433,917.0,../data/Continuation/uniform_euclidean/city30_range80_wouter.json,inplace,euclidean,uniform,30,80.0,0.05747126436781609,12.596197355771613,1.0,25
102,295435,295435,917.0,../data/Continuation/uniform_euclidean/city30_range80_wouter.json,inplace,euclidean,uniform,30,80.0,0.059770114942528735,12.596204125473138,1.0,26
105,295437,295437,917.0,../data/Continuation/uniform_euclidean/city30_range80_wouter.json,inplace,euclidean,uniform,30,80.0,0.06206896551724138,12.596210895128833,1.0,27
137,297085,297085,917.0,../data/Continuation/uniform_euclidean/city30_range80_wouter.json,inplace,euclidean,uniform,30,80.0,0.06436781609195402,12.601773572124976,1.0,28
143,297091,297091,917.0,../data/Continuation/uniform_euclidean/city30_range80_wouter.json,inplace,euclidean,uniform,30,80.0,0.06436781609195402,12.60179376816117,1.0,28
148,297095,297095,917.0,../data/Continuation/uniform_euclidean/city30_range80_wouter.json,inplace,euclidean,uniform,30,80.0,0.06436781609195402,12.6018072319587,1.0,28
158,297377,297377,917.0,../data/Continuation/uniform_euclidean/city30_range80_wouter.json,inplace,euclidean,uniform,30,80.0,0.06436781609195402,12.602755973097569,1.0,28
161,297384,297384,917.0,../data/Continuation/uniform_euclidean/city30_range80_wouter.json,inplace,euclidean,uniform,30,80.0,0.06666666666666667,12.602779511964442,1.0,29
173,297410,297410,917.0,../data/Continuation/uniform_euclidean/city30_range80_wouter.json,inplace,euclidean,uniform,30,80.0,0.06896551724137931,12.60286693719071,1.0,30
175,297413,297413,917.0,../data/Continuation/uniform_euclidean/city30_range80_wouter.json,inplace,euclidean,uniform,30,80.0,0.07126436781609195,12.602877024225005,1.0,31
178,297619,297619,917.0,../data/Continuation/uniform_euclidean/city30_range80_wouter.json,inplace,euclidean,uniform,30,80.0,0.07126436781609195,12.603569423989152,1.0,31
179,310465,310465,944.0,../data/Continuation/uniform_euclidean/city30_range80_wouter.json,inplace,euclidean,uniform,30,80.0,0.06896551724137931,12.645826452585068,1.0000000000000004,30
186,310747,310747,944.0,../data/Continuation/uniform_euclidean/city30_range80_wouter.json,inplace,euclidean,uniform,30,80.0,0.07126436781609195,12.64673435526361,1.0000000000000004,31
196,310748,310748,944.0,../data/Continuation/uniform_euclidean/city30_range80_wouter.json,inplace,euclidean,uniform,30,80.0,0.0735632183908046,12.646737573310416,1.0000000000000004,32
203,310906,310906,944.0,../data/Continuation/uniform_euclidean/city30_range80_wouter.json,inplace,euclidean,uniform,30,80.0,0.0735632183908046,12.647245894670535,1.0000000000000004,32
205,321779,321779,944.0,../data/Continuation/uniform_euclidean/city30_range80_wouter.json,inplace,euclidean,uniform,30,80.0,0.0735632183908046,12.681620253486855,1.0000000000000004,32
208,321783,321783,944.0,../data/Continuation/uniform_euclidean/city30_range80_wouter.json,inplace,euclidean,uniform,30,80.0,0.07586206896551724,12.681632684301603,1.0000000000000004,33
209,321786,321786,944.0,../data/Continuation/uniform_euclidean/city30_range80_wouter.json,inplace,euclidean,uniform,30,80.0,0.07586206896551724,12.681642007311256,1.0000000000000004,33
211,418344,418344,945.0,../data/Continuation/uniform_euclidean/city30_range80_wouter.json,inplace,euclidean,uniform,30,80.0,0.07586206896551724,12.944059339562813,0.9999999999999999,33
213,418394,418394,945.0,../data/Continuation/uniform_euclidean/city30_range80_wouter.json,inplace,euclidean,uniform,30,80.0,0.07816091954022988,12.94417885128586,0.9999999999999999,34
217,418401,418401,945.0,../data/Continuation/uniform_euclidean/city30_range80_wouter.json,inplace,euclidean,uniform,30,80.0,0.07816091954022988,12.944195581787358,0.9999999999999999,34
1,15303,15303,778.0,../data/Continuation/uniform_euclidean/city30_range60_swap.json,swap,euclidean,uniform,30,60.0,0.022988505747126436,9.635804166591102,0.9999999999999998,10
2,15616,15616,778.0,../data/Continuation/uniform_euclidean/city30_range60_swap.json,swap,euclidean,uniform,30,60.0,0.022988505747126436,9.656051308652938,0.9999999999999998,10
3,61791,61791,780.0,../data/Continuation/uniform_euclidean/city30_range60_swap.json,swap,euclidean,uniform,30,60.0,0.022988505747126436,11.031513001772604,0.9999999999999999,10
10,61847,61847,780.0,../data/Continuation/uniform_euclidean/city30_range60_swap.json,swap,euclidean,uniform,30,60.0,0.022988505747126436,11.032418872198031,0.9999999999999999,10
15,61880,61880,780.0,../data/Continuation/uniform_euclidean/city30_range60_swap.json,swap,euclidean,uniform,30,60.0,0.022988505747126436,11.032952304687019,0.9999999999999999,10
19,64669,64669,780.0,../data/Continuation/uniform_euclidean/city30_range60_swap.json,swap,euclidean,uniform,30,60.0,0.022988505747126436,11.077037231200642,0.9999999999999999,10
31,64997,64997,780.0,../data/Continuation/uniform_euclidean/city30_range60_swap.json,swap,euclidean,uniform,30,60.0,0.022988505747126436,11.082096393966514,0.9999999999999999,10
50,116416,116416,781.0,../data/Continuation/uniform_euclidean/city30_range60_swap.json,swap,euclidean,uniform,30,60.0,0.022988505747126436,11.664925261877803,0.9999999999999999,10
57,130053,130053,781.0,../data/Continuation/uniform_euclidean/city30_range60_swap.json,swap,euclidean,uniform,30,60.0,0.022988505747126436,11.775697338661491,0.9999999999999999,10
58,130059,130059,781.0,../data/Continuation/uniform_euclidean/city30_range60_swap.json,swap,euclidean,uniform,30,60.0,0.022988505747126436,11.775743472634558,0.9999999999999999,10
60,175683,175683,781.0,../data/Continuation/uniform_euclidean/city30_range60_swap.json,swap,euclidean,uniform,30,60.0,0.022988505747126436,12.076436513660239,0.9999999999999999,10
65,177251,177251,781.0,../data/Continuation/uniform_euclidean/city30_range60_swap.json,swap,euclidean,uniform,30,60.0,0.022988505747126436,12.085322086127407,0.9999999999999999,10
66,178006,178006,781.0,../data/Continuation/uniform_euclidean/city30_range60_swap.json,swap,euclidean,uniform,30,60.0,0.022988505747126436,12.0895725365713,0.9999999999999999,10
68,179146,179146,781.0,../data/Continuation/uniform_euclidean/city30_range60_swap.json,swap,euclidean,uniform,30,60.0,0.022988505747126436,12.095956394825453,0.9999999999999999,10
69,188445,188445,781.0,../data/Continuation/uniform_euclidean/city30_range60_swap.json,swap,euclidean,uniform,30,60.0,0.022988505747126436,12.146561466106633,0.9999999999999999,10
78,192650,192650,781.0,../data/Continuation/uniform_euclidean/city30_range60_swap.json,swap,euclidean,uniform,30,60.0,0.022988505747126436,12.16863035005431,0.9999999999999999,10
81,218594,218594,781.0,../data/Continuation/uniform_euclidean/city30_range60_swap.json,swap,euclidean,uniform,30,60.0,0.022988505747126436,12.294971406955396,0.9999999999999999,10
84,237053,237053,781.0,../data/Continuation/uniform_euclidean/city30_range60_swap.json,swap,euclidean,uniform,30,60.0,0.022988505747126436,12.376039023808087,0.9999999999999999,10
90,239535,239535,781.0,../data/Continuation/uniform_euclidean/city30_range60_swap.json,swap,euclidean,uniform,30,60.0,0.022988505747126436,12.386454822943081,0.9999999999999999,10
95,239691,239691,781.0,../data/Continuation/uniform_euclidean/city30_range60_swap.json,swap,euclidean,uniform,30,60.0,0.022988505747126436,12.38710587278391,0.9999999999999999,10
109,261858,261858,781.0,../data/Continuation/uniform_euclidean/city30_range60_swap.json,swap,euclidean,uniform,30,60.0,0.022988505747126436,12.475557651083598,0.9999999999999999,10
110,261953,261953,781.0,../data/Continuation/uniform_euclidean/city30_range60_swap.json,swap,euclidean,uniform,30,60.0,0.022988505747126436,12.475920377338074,0.9999999999999999,10
117,262886,262886,781.0,../data/Continuation/uniform_euclidean/city30_range60_swap.json,swap,euclidean,uniform,30,60.0,0.022988505747126436,12.479475757112885,0.9999999999999999,10
124,265232,265232,781.0,../data/Continuation/uniform_euclidean/city30_range60_swap.json,swap,euclidean,uniform,30,60.0,0.022988505747126436,12.48836019366465,0.9999999999999999,10
126,265289,265289,781.0,../data/Continuation/uniform_euclidean/city30_range60_swap.json,swap,euclidean,uniform,30,60.0,0.022988505747126436,12.488575076770953,0.9999999999999999,10
129,265512,265512,781.0,../data/Continuation/uniform_euclidean/city30_range60_swap.json,swap,euclidean,uniform,30,60.0,0.022988505747126436,12.48941531638286,0.9999999999999999,10
138,265866,265866,781.0,../data/Continuation/uniform_euclidean/city30_range60_swap.json,swap,euclidean,uniform,30,60.0,0.022988505747126436,12.490747701435948,0.9999999999999999,10
142,266104,266104,781.0,../data/Continuation/uniform_euclidean/city30_range60_swap.json,swap,euclidean,uniform,30,60.0,0.022988505747126436,12.491642488795684,0.9999999999999999,10
144,267670,267670,781.0,../data/Continuation/uniform_euclidean/city30_range60_swap.json,swap,euclidean,uniform,30,60.0,0.022988505747126436,12.497510157483376,0.9999999999999999,10
149,267673,267673,781.0,../data/Continuation/uniform_euclidean/city30_range60_swap.json,swap,euclidean,uniform,30,60.0,0.022988505747126436,12.497521365251107,0.9999999999999999,10
151,307213,307213,781.0,../data/Continuation/uniform_euclidean/city30_range60_swap.json,swap,euclidean,uniform,30,60.0,0.022988505747126436,12.635296597068622,0.9999999999999999,10
169,312692,312692,781.0,../data/Continuation/uniform_euclidean/city30_range60_swap.json,swap,euclidean,uniform,30,60.0,0.022988505747126436,12.65297395949219,0.9999999999999999,10
172,312702,312702,781.0,../data/Continuation/uniform_euclidean/city30_range60_swap.json,swap,euclidean,uniform,30,60.0,0.022988505747126436,12.653005939332102,0.9999999999999999,10
177,337820,337820,781.0,../data/Continuation/uniform_euclidean/city30_range60_swap.json,swap,euclidean,uniform,30,60.0,0.022988505747126436,12.730268488234339,0.9999999999999999,10
1,17107,17107,547.0,../data/Continuation/uniform_euclidean/city30_range40_swap.json,swap,euclidean,uniform,30,40.0,0.016091954022988506,9.74724301545235,1.0000000000000002,7
3,23303,23303,547.0,../data/Continuation/uniform_euclidean/city30_range40_swap.json,swap,euclidean,uniform,30,40.0,0.016091954022988506,10.056337386630382,1.0000000000000002,7
4,24136,24136,547.0,../data/Continuation/uniform_euclidean/city30_range40_swap.json,swap,euclidean,uniform,30,40.0,0.016091954022988506,10.091459780838939,1.0000000000000002,7
5,25440,25440,547.0,../data/Continuation/uniform_euclidean/city30_range40_swap.json,swap,euclidean,uniform,30,40.0,0.016091954022988506,10.144078017454097,1.0000000000000002,7
6,25487,25487,547.0,../data/Continuation/uniform_euclidean/city30_range40_swap.json,swap,euclidean,uniform,30,40.0,0.016091954022988506,10.145923797230786,1.0000000000000002,7
10,28233,28233,547.0,../data/Continuation/uniform_euclidean/city30_range40_swap.json,swap,euclidean,uniform,30,40.0,0.016091954022988506,10.248246785526932,1.0000000000000002,7
11,30064,30064,547.0,../data/Continuation/uniform_euclidean/city30_range40_swap.json,swap,euclidean,uniform,30,40.0,0.016091954022988506,10.31108372165328,1.0000000000000002,7
19,38110,38110,547.0,../data/Continuation/uniform_euclidean/city30_range40_swap.json,swap,euclidean,uniform,30,40.0,0.016091954022988506,10.548231993867931,1.0000000000000002,7
21,40348,40348,547.0,../data/Continuation/uniform_euclidean/city30_range40_swap.json,swap,euclidean,uniform,30,40.0,0.016091954022988506,10.605297106174751,1.0000000000000002,7
22,193999,193999,547.0,../data/Continuation/uniform_euclidean/city30_range40_swap.json,swap,euclidean,uniform,30,40.0,0.016091954022988506,12.175608283393009,1.0000000000000002,7
25,194038,194038,547.0,../data/Continuation/uniform_euclidean/city30_range40_swap.json,swap,euclidean,uniform,30,40.0,0.016091954022988506,12.175809295152874,1.0000000000000002,7
26,194454,194454,547.0,../data/Continuation/uniform_euclidean/city30_range40_swap.json,swap,euclidean,uniform,30,40.0,0.016091954022988506,12.177950910213156,1.0000000000000002,7
36,194469,194469,547.0,../data/Continuation/uniform_euclidean/city30_range40_swap.json,swap,euclidean,uniform,30,40.0,0.016091954022988506,12.178028046304398,1.0000000000000002,7
38,194475,194475,547.0,../data/Continuation/uniform_euclidean/city30_range40_swap.json,swap,euclidean,uniform,30,40.0,0.016091954022988506,12.17805889907498,1.0000000000000002,7
40,194574,194574,547.0,../data/Continuation/uniform_euclidean/city30_range40_swap.json,swap,euclidean,uniform,30,40.0,0.016091954022988506,12.178567832407989,1.0000000000000002,7
46,194682,194682,547.0,../data/Continuation/uniform_euclidean/city30_range40_swap.json,swap,euclidean,uniform,30,40.0,0.016091954022988506,12.17912273716358,1.0000000000000002,7
47,194683,194683,547.0,../data/Continuation/uniform_euclidean/city30_range40_swap.json,swap,euclidean,uniform,30,40.0,0.016091954022988506,12.179127873732096,1.0000000000000002,7
57,194729,194729,547.0,../data/Continuation/uniform_euclidean/city30_range40_swap.json,swap,euclidean,uniform,30,40.0,0.016091954022988506,12.179364127366878,1.0000000000000002,7
58,199558,199558,547.0,../data/Continuation/uniform_euclidean/city30_range40_swap.json,swap,euclidean,uniform,30,40.0,0.016091954022988506,12.203860199876251,1.0000000000000002,7
62,201281,201281,547.0,../data/Continuation/uniform_euclidean/city30_range40_swap.json,swap,euclidean,uniform,30,40.0,0.016091954022988506,12.212457220685375,1.0000000000000002,7
69,201675,201675,547.0,../data/Continuation/uniform_euclidean/city30_range40_swap.json,swap,euclidean,uniform,30,40.0,0.016091954022988506,12.21441276980518,1.0000000000000002,7
70,215166,215166,547.0,../data/Continuation/uniform_euclidean/city30_range40_swap.json,swap,euclidean,uniform,30,40.0,0.016091954022988506,12.279165102222576,1.0000000000000002,7
71,215207,215207,547.0,../data/Continuation/uniform_euclidean/city30_range40_swap.json,swap,euclidean,uniform,30,40.0,0.016091954022988506,12.279355634621792,1.0000000000000002,7
74,327737,327737,547.0,../data/Continuation/uniform_euclidean/city30_range40_swap.json,swap,euclidean,uniform,30,40.0,0.016091954022988506,12.69996673646096,1.0000000000000002,7
75,327970,327970,547.0,../data/Continuation/uniform_euclidean/city30_range40_swap.json,swap,euclidean,uniform,30,40.0,0.016091954022988506,12.700677419768617,1.0000000000000002,7
76,328109,328109,547.0,../data/Continuation/uniform_euclidean/city30_range40_swap.json,swap,euclidean,uniform,30,40.0,0.016091954022988506,12.701101149234367,1.0000000000000002,7
78,333418,333418,547.0,../data/Continuation/uniform_euclidean/city30_range40_swap.json,swap,euclidean,uniform,30,40.0,0.016091954022988506,12.717152237043628,1.0000000000000002,7
82,335726,335726,547.0,../data/Continuation/uniform_euclidean/city30_range40_swap.json,swap,euclidean,uniform,30,40.0,0.016091954022988506,12.724050630073284,1.0000000000000002,7
87,335741,335741,547.0,../data/Continuation/uniform_euclidean/city30_range40_swap.json,swap,euclidean,uniform,30,40.0,0.016091954022988506,12.724095308367236,1.0000000000000002,7
88,429648,429648,547.0,../data/Continuation/uniform_euclidean/city30_range40_swap.json,swap,euclidean,uniform,30,40.0,0.016091954022988506,12.970721547778831,1.0000000000000002,7
89,429685,429685,547.0,../data/Continuation/uniform_euclidean/city30_range40_swap.json,swap,euclidean,uniform,30,40.0,0.016091954022988506,12.970807661078386,1.0000000000000002,7
92,438867,438867,547.0,../data/Continuation/uniform_euclidean/city30_range40_swap.json,swap,euclidean,uniform,30,40.0,0.016091954022988506,12.991951684879647,1.0000000000000002,7
97,439003,439003,547.0,../data/Continuation/uniform_euclidean/city30_range40_swap.json,swap,euclidean,uniform,30,40.0,0.016091954022988506,12.992261525746946,1.0000000000000002,7
104,439614,439614,547.0,../data/Continuation/uniform_euclidean/city30_range40_swap.json,swap,euclidean,uniform,30,40.0,0.016091954022988506,12.993652348138255,1.0000000000000002,7
108,450043,450043,547.0,../data/Continuation/uniform_euclidean/city30_range40_swap.json,swap,euclidean,uniform,30,40.0,0.016091954022988506,13.01709841273692,1.0000000000000002,7
109,450336,450336,547.0,../data/Continuation/uniform_euclidean/city30_range40_swap.json,swap,euclidean,uniform,30,40.0,0.016091954022988506,13.017749249796296,1.0000000000000002,7
1,344,344,211.0,../data/Continuation/uniform_euclidean/city20_range20_swap.json,swap,euclidean,uniform,20,20.0,0.02631578947368421,5.840641657376305,1.0000000000000002,5
7,520,520,211.0,../data/Continuation/uniform_euclidean/city20_range20_swap.json,swap,euclidean,uniform,20,20.0,0.02631578947368421,6.253828811577396,1.0000000000000002,5
9,524,524,211.0,../data/Continuation/uniform_euclidean/city20_range20_swap.json,swap,euclidean,uniform,20,20.0,0.02631578947368421,6.261491684322951,1.0000000000000002,5
22,526,526,211.0,../data/Continuation/uniform_euclidean/city20_range20_swap.json,swap,euclidean,uniform,20,20.0,0.02631578947368421,6.265301212739611,1.0000000000000002,5
37,856,856,210.0,../data/Continuation/uniform_euclidean/city20_range20_swap.json,swap,euclidean,uniform,20,20.0,0.02631578947368421,6.75227037614291,1.0,5
46,857,857,210.0,../data/Continuation/uniform_euclidean/city20_range20_swap.json,swap,euclidean,uniform,20,20.0,0.02631578947368421,6.753437918598947,1.0,5
54,3164,3164,210.0,../data/Continuation/uniform_euclidean/city20_range20_swap.json,swap,euclidean,uniform,20,20.0,0.02631578947368421,8.059592328887861,1.0000000000000002,5
65,3202,3202,210.0,../data/Continuation/uniform_euclidean/city20_range20_swap.json,swap,euclidean,uniform,20,20.0,0.02631578947368421,8.071530893556972,1.0000000000000002,5
73,3519,3519,210.0,../data/Continuation/uniform_euclidean/city20_range20_swap.json,swap,euclidean,uniform,20,20.0,0.02631578947368421,8.16593213732187,1.0000000000000002,5
81,3573,3573,210.0,../data/Continuation/uniform_euclidean/city20_range20_swap.json,swap,euclidean,uniform,20,20.0,0.02631578947368421,8.18116085802369,1.0000000000000002,5
82,3586,3586,210.0,../data/Continuation/uniform_euclidean/city20_range20_swap.json,swap,euclidean,uniform,20,20.0,0.02631578947368421,8.184792654165356,1.0000000000000002,5
87,3695,3695,210.0,../data/Continuation/uniform_euclidean/city20_range20_swap.json,swap,euclidean,uniform,20,20.0,0.02631578947368421,8.214735833382573,1.0000000000000002,5
97,3808,3808,210.0,../data/Continuation/uniform_euclidean/city20_range20_swap.json,swap,euclidean,uniform,20,20.0,0.02631578947368421,8.244859395911519,1.0000000000000002,5
98,3860,3860,210.0,../data/Continuation/uniform_euclidean/city20_range20_swap.json,swap,euclidean,uniform,20,20.0,0.02631578947368421,8.258422462459135,1.0000000000000002,5
106,4482,4482,210.0,../data/Continuation/uniform_euclidean/city20_range20_swap.json,swap,euclidean,uniform,20,20.0,0.02631578947368421,8.407824654361095,1.0000000000000002,5
107,4493,4493,210.0,../data/Continuation/uniform_euclidean/city20_range20_swap.json,swap,euclidean,uniform,20,20.0,0.02631578947368421,8.410275909070382,1.0000000000000002,5
111,4637,4637,210.0,../data/Continuation/uniform_euclidean/city20_range20_swap.json,swap,euclidean,uniform,20,20.0,0.02631578947368421,8.441822884391676,1.0000000000000002,5
125,4669,4669,210.0,../data/Continuation/uniform_euclidean/city20_range20_swap.json,swap,euclidean,uniform,20,20.0,0.02631578947368421,8.44870019497115,1.0000000000000002,5
126,5816,5816,210.0,../data/Continuation/uniform_euclidean/city20_range20_swap.json,swap,euclidean,uniform,20,20.0,0.02631578947368421,8.668368019213528,1.0000000000000002,5
128,7393,7393,210.0,../data/Continuation/uniform_euclidean/city20_range20_swap.json,swap,euclidean,uniform,20,20.0,0.02631578947368421,8.908288885557235,1.0000000000000002,5
130,9386,9386,210.0,../data/Continuation/uniform_euclidean/city20_range20_swap.json,swap,euclidean,uniform,20,20.0,0.02631578947368421,9.146974496354469,1.0000000000000002,5
136,9430,9430,210.0,../data/Continuation/uniform_euclidean/city20_range20_swap.json,swap,euclidean,uniform,20,20.0,0.02631578947368421,9.15165137562761,1.0000000000000002,5
137,15443,15443,210.0,../data/Continuation/uniform_euclidean/city20_range20_swap.json,swap,euclidean,uniform,20,20.0,0.02631578947368421,9.644911105223066,1.0000000000000002,5
145,16205,16205,210.0,../data/Continuation/uniform_euclidean/city20_range20_swap.json,swap,euclidean,uniform,20,20.0,0.02631578947368421,9.69307511557571,1.0000000000000002,5
148,18238,18238,210.0,../data/Continuation/uniform_euclidean/city20_range20_swap.json,swap,euclidean,uniform,20,20.0,0.02631578947368421,9.811262608493665,1.0000000000000002,5
150,18410,18410,210.0,../data/Continuation/uniform_euclidean/city20_range20_swap.json,swap,euclidean,uniform,20,20.0,0.02631578947368421,9.820649274227177,1.0000000000000002,5
156,107355,107355,210.0,../data/Continuation/uniform_euclidean/city20_range20_swap.json,swap,euclidean,uniform,20,20.0,0.02631578947368421,11.583896378840818,1.0000000000000002,5
168,110977,110977,210.0,../data/Continuation/uniform_euclidean/city20_range20_swap.json,swap,euclidean,uniform,20,20.0,0.02631578947368421,11.617078251616894,1.0000000000000002,5
170,111043,111043,210.0,../data/Continuation/uniform_euclidean/city20_range20_swap.json,swap,euclidean,uniform,20,20.0,0.02631578947368421,11.617672792666747,1.0000000000000002,5
183,117376,117376,210.0,../data/Continuation/uniform_euclidean/city20_range20_swap.json,swap,euclidean,uniform,20,20.0,0.02631578947368421,11.673137736176091,1.0000000000000002,5
187,118205,118205,210.0,../data/Continuation/uniform_euclidean/city20_range20_swap.json,swap,euclidean,uniform,20,20.0,0.02631578947368421,11.680175684243906,1.0000000000000002,5
192,118531,118531,210.0,../data/Continuation/uniform_euclidean/city20_range20_swap.json,swap,euclidean,uniform,20,20.0,0.02631578947368421,11.682929808720662,1.0000000000000002,5
213,121786,121786,210.0,../data/Continuation/uniform_euclidean/city20_range20_swap.json,swap,euclidean,uniform,20,20.0,0.02631578947368421,11.710020685122808,1.0000000000000002,5
217,127142,127142,210.0,../data/Continuation/uniform_euclidean/city20_range20_swap.json,swap,euclidean,uniform,20,20.0,0.02631578947368421,11.753059851057259,1.0000000000000002,5
218,137198,137198,210.0,../data/Continuation/uniform_euclidean/city20_range20_swap.json,swap,euclidean,uniform,20,20.0,0.02631578947368421,11.829180416908205,1.0000000000000002,5
220,137237,137237,210.0,../data/Continuation/uniform_euclidean/city20_range20_swap.json,swap,euclidean,uniform,20,20.0,0.02631578947368421,11.829464637217294,1.0000000000000002,5
223,171438,171438,210.0,../data/Continuation/uniform_euclidean/city20_range20_swap.json,swap,euclidean,uniform,20,20.0,0.02631578947368421,12.051976964190477,1.0000000000000002,5
225,172016,172016,210.0,../data/Continuation/uniform_euclidean/city20_range20_swap.json,swap,euclidean,uniform,20,20.0,0.02631578947368421,12.055342774725014,1.0000000000000002,5
232,201424,201424,210.0,../data/Continuation/uniform_euclidean/city20_range20_swap.json,swap,euclidean,uniform,20,20.0,0.02631578947368421,12.213167418006046,1.0000000000000002,5
235,211115,211115,210.0,../data/Continuation/uniform_euclidean/city20_range20_swap.json,swap,euclidean,uniform,20,20.0,0.02631578947368421,12.26015828768342,1.0000000000000002,5
244,214112,214112,210.0,../data/Continuation/uniform_euclidean/city20_range20_swap.json,swap,euclidean,uniform,20,20.0,0.02631578947368421,12.274254521582549,1.0000000000000002,5
256,221938,221938,210.0,../data/Continuation/uniform_euclidean/city20_range20_swap.json,swap,euclidean,uniform,20,20.0,0.02631578947368421,12.310153342569421,1.0000000000000002,5
274,243992,243992,210.0,../data/Continuation/uniform_euclidean/city20_range20_swap.json,swap,euclidean,uniform,20,20.0,0.02631578947368421,12.404890716852595,1.0000000000000002,5
284,246709,246709,210.0,../data/Continuation/uniform_euclidean/city20_range20_swap.json,swap,euclidean,uniform,20,20.0,0.02631578947368421,12.415964783408564,1.0000000000000002,5
290,455626,455626,211.0,../data/Continuation/uniform_euclidean/city20_range20_swap.json,swap,euclidean,uniform,20,20.0,0.02631578947368421,13.029427576530033,1.0,5
292,521431,521431,211.0,../data/Continuation/uniform_euclidean/city20_range20_swap.json,swap,euclidean,uniform,20,20.0,0.02631578947368421,13.164332234026762,1.0,5
300,545142,545142,211.0,../data/Continuation/uniform_euclidean/city20_range20_swap.json,swap,euclidean,uniform,20,20.0,0.02631578947368421,13.208801590166722,1.0,5
311,575990,575990,211.0,../data/Continuation/uniform_euclidean/city20_range20_swap.json,swap,euclidean,uniform,20,20.0,0.02631578947368421,13.263845578416213,1.0,5
1,335270,335270,313.0,../data/Continuation/uniform_euclidean/city30_range20_swap.json,swap,euclidean,uniform,30,20.0,0.013793103448275862,12.72269145633693,1.0000000000000002,6
2,1223766,1223766,313.0,../data/Continuation/uniform_euclidean/city30_range20_swap.json,swap,euclidean,uniform,30,20.0,0.013793103448275862,14.01744354730727,1.0000000000000002,6
4,1263581,1263581,313.0,../data/Continuation/uniform_euclidean/city30_range20_swap.json,swap,euclidean,uniform,30,20.0,0.013793103448275862,14.049460311393094,1.0000000000000002,6
9,1263629,1263629,313.0,../data/Continuation/uniform_euclidean/city30_range20_swap.json,swap,euclidean,uniform,30,20.0,0.013793103448275862,14.049498297947443,1.0000000000000002,6
10,1585829,1585829,313.0,../data/Continuation/uniform_euclidean/city30_range20_swap.json,swap,euclidean,uniform,30,20.0,0.013793103448275862,14.276617856953012,1.0000000000000002,6
11,1586231,1586231,313.0,../data/Continuation/uniform_euclidean/city30_range20_swap.json,swap,euclidean,uniform,30,20.0,0.013793103448275862,14.276871320003616,1.0000000000000002,6
1,66855,66855,659.0,../data/Continuation/uniform_euclidean/city30_range55_swap.json,swap,euclidean,uniform,30,55.0,0.020689655172413793,11.11028137404878,1.0000000000000002,9
2,76854,76854,659.0,../data/Continuation/uniform_euclidean/city30_range55_swap.json,swap,euclidean,uniform,30,55.0,0.020689655172413793,11.249662797059203,1.0000000000000002,9
9,85941,85941,660.0,../data/Continuation/uniform_euclidean/city30_range55_swap.json,swap,euclidean,uniform,30,55.0,0.020689655172413793,11.361416293286434,1.0000000000000004,9
11,85949,85949,660.0,../data/Continuation/uniform_euclidean/city30_range55_swap.json,swap,euclidean,uniform,30,55.0,0.020689655172413793,11.361509376072004,1.0000000000000004,9
17,149051,149051,660.0,../data/Continuation/uniform_euclidean/city30_range55_swap.json,swap,euclidean,uniform,30,55.0,0.020689655172413793,11.912043808241718,1.0000000000000004,9
19,166576,166576,661.0,../data/Continuation/uniform_euclidean/city30_range55_swap.json,swap,euclidean,uniform,30,55.0,0.020689655172413793,12.02320694071454,1.0,9
20,226979,226979,661.0,../data/Continuation/uniform_euclidean/city30_range55_swap.json,swap,euclidean,uniform,30,55.0,0.020689655172413793,12.332612781170921,1.0,9
35,423810,423810,661.0,../data/Continuation/uniform_euclidean/city30_range55_swap.json,swap,euclidean,uniform,30,55.0,0.020689655172413793,12.957040520573821,1.0000000000000004,9
39,427381,427381,661.0,../data/Continuation/uniform_euclidean/city30_range55_swap.json,swap,euclidean,uniform,30,55.0,0.020689655172413793,12.965431166035803,1.0000000000000004,9
41,434168,434168,661.0,../data/Continuation/uniform_euclidean/city30_range55_swap.json,swap,euclidean,uniform,30,55.0,0.020689655172413793,12.98118683495411,1.0000000000000004,9
42,434367,434367,661.0,../data/Continuation/uniform_euclidean/city30_range55_swap.json,swap,euclidean,uniform,30,55.0,0.020689655172413793,12.981645077865409,1.0000000000000004,9
50,441673,441673,661.0,../data/Continuation/uniform_euclidean/city30_range55_swap.json,swap,euclidean,uniform,30,55.0,0.020689655172413793,12.998325068254182,1.0000000000000004,9
51,444959,444959,661.0,../data/Continuation/uniform_euclidean/city30_range55_swap.json,swap,euclidean,uniform,30,55.0,0.020689655172413793,13.005737422072244,1.0000000000000004,9
53,481333,481333,661.0,../data/Continuation/uniform_euclidean/city30_range55_swap.json,swap,euclidean,uniform,30,55.0,0.020689655172413793,13.084314617245786,1.0000000000000004,9
55,514013,514013,661.0,../data/Continuation/uniform_euclidean/city30_range55_swap.json,swap,euclidean,uniform,30,55.0,0.020689655172413793,13.150003835946265,1.0000000000000004,9
56,518615,518615,661.0,../data/Continuation/uniform_euclidean/city30_range55_swap.json,swap,euclidean,uniform,30,55.0,0.020689655172413793,13.158917075694635,1.0000000000000004,9
66,518836,518836,661.0,../data/Continuation/uniform_euclidean/city30_range55_swap.json,swap,euclidean,uniform,30,55.0,0.020689655172413793,13.159343119919072,1.0000000000000004,9
70,518864,518864,661.0,../data/Continuation/uniform_euclidean/city30_range55_swap.json,swap,euclidean,uniform,30,55.0,0.020689655172413793,13.159397085419712,1.0000000000000004,9
74,520254,520254,661.0,../data/Continuation/uniform_euclidean/city30_range55_swap.json,swap,euclidean,uniform,30,55.0,0.020689655172413793,13.16207243283757,1.0000000000000004,9
76,520296,520296,661.0,../data/Continuation/uniform_euclidean/city30_range55_swap.json,swap,euclidean,uniform,30,55.0,0.020689655172413793,13.162153159376464,1.0000000000000004,9
79,520845,520845,661.0,../data/Continuation/uniform_euclidean/city30_range55_swap.json,swap,euclidean,uniform,30,55.0,0.020689655172413793,13.16320777167371,1.0000000000000004,9
82,522739,522739,661.0,../data/Continuation/uniform_euclidean/city30_range55_swap.json,swap,euclidean,uniform,30,55.0,0.020689655172413793,13.166837574506117,1.0000000000000004,9
1,382271,382271,657.0,../data/Continuation/uniform_euclidean/city30_range50_wouter.json,inplace,euclidean,uniform,30,50.0,0.020689655172413793,12.85388506015017,0.9999999999999999,9
19,382435,382435,657.0,../data/Continuation/uniform_euclidean/city30_range50_wouter.json,inplace,euclidean,uniform,30,50.0,0.022988505747126436,12.85431398316768,0.9999999999999999,10
20,384187,384187,657.0,../data/Continuation/uniform_euclidean/city30_range50_wouter.json,inplace,euclidean,uniform,30,50.0,0.02528735632183908,12.858884692200661,0.9999999999999999,11
1,21621,21621,1093.0,../data/Continuation/uniform_euclidean/city30_range95_wouter.json,inplace,euclidean,uniform,30,95.0,0.0367816091954023,9.981420343592598,0.9999999999999998,16
5,26533,26533,1083.0,../data/Continuation/uniform_euclidean/city30_range95_wouter.json,inplace,euclidean,uniform,30,95.0,0.03908045977011494,10.18614452027142,1.0000000000000002,17
8,29103,29103,1083.0,../data/Continuation/uniform_euclidean/city30_range95_wouter.json,inplace,euclidean,uniform,30,95.0,0.041379310344827586,10.278596540629428,1.0000000000000002,18
17,38490,38490,1081.0,../data/Continuation/uniform_euclidean/city30_range95_wouter.json,inplace,euclidean,uniform,30,95.0,0.041379310344827586,10.558153746277817,1.0000000000000002,18
23,64575,64575,1082.0,../data/Continuation/uniform_euclidean/city30_range95_wouter.json,inplace,euclidean,uniform,30,95.0,0.04367816091954023,11.075582617964058,1.0000000000000002,19
24,90411,90411,1049.0,../data/Continuation/uniform_euclidean/city30_range95_wouter.json,inplace,euclidean,uniform,30,95.0,0.04597701149425287,11.412121220393626,1.0000000000000002,20
75,92105,92105,1049.0,../data/Continuation/uniform_euclidean/city30_range95_wouter.json,inplace,euclidean,uniform,30,95.0,0.04597701149425287,11.430684509586328,1.0000000000000002,20
136,92107,92107,1049.0,../data/Continuation/uniform_euclidean/city30_range95_wouter.json,inplace,euclidean,uniform,30,95.0,0.04827586206896552,11.43070622369833,1.0000000000000002,21
139,92108,92108,1049.0,../data/Continuation/uniform_euclidean/city30_range95_wouter.json,inplace,euclidean,uniform,30,95.0,0.05057471264367816,11.430717080577521,1.0000000000000002,22
141,92167,92167,1049.0,../data/Continuation/uniform_euclidean/city30_range95_wouter.json,inplace,euclidean,uniform,30,95.0,0.05057471264367816,11.431357427906416,1.0000000000000002,22
160,92177,92177,1049.0,../data/Continuation/uniform_euclidean/city30_range95_wouter.json,inplace,euclidean,uniform,30,95.0,0.05057471264367816,11.431465920724298,1.0000000000000002,22
166,92178,92178,1049.0,../data/Continuation/uniform_euclidean/city30_range95_wouter.json,inplace,euclidean,uniform,30,95.0,0.052873563218390804,11.431476769358726,1.0000000000000002,23
202,115884,115884,1050.0,../data/Continuation/uniform_euclidean/city30_range95_wouter.json,inplace,euclidean,uniform,30,95.0,0.052873563218390804,11.660344969754927,1.0000000000000002,23
209,128677,128677,1050.0,../data/Continuation/uniform_euclidean/city30_range95_wouter.json,inplace,euclidean,uniform,30,95.0,0.05517241379310345,11.765060667434948,1.0000000000000002,24
222,163409,163409,1050.0,../data/Continuation/uniform_euclidean/city30_range95_wouter.json,inplace,euclidean,uniform,30,95.0,0.05517241379310345,12.004011539450586,1.0000000000000002,24
224,163411,163411,1050.0,../data/Continuation/uniform_euclidean/city30_range95_wouter.json,inplace,euclidean,uniform,30,95.0,0.05747126436781609,12.004023778603637,1.0000000000000002,25
332,166329,166329,1035.0,../data/Continuation/uniform_euclidean/city30_range95_wouter.json,inplace,euclidean,uniform,30,95.0,0.05747126436781609,12.021723033621981,1.0,25
335,176910,176910,1035.0,../data/Continuation/uniform_euclidean/city30_range95_wouter.json,inplace,euclidean,uniform,30,95.0,0.05747126436781609,12.083396407662665,1.0,25
340,177192,177192,1035.0,../data/Continuation/uniform_euclidean/city30_range95_wouter.json,inplace,euclidean,uniform,30,95.0,0.05747126436781609,12.084989169407116,1.0,25
343,177237,177237,1035.0,../data/Continuation/uniform_euclidean/city30_range95_wouter.json,inplace,euclidean,uniform,30,95.0,0.059770114942528735,12.085243098968421,1.0,26
358,177246,177246,1035.0,../data/Continuation/uniform_euclidean/city30_range95_wouter.json,inplace,euclidean,uniform,30,95.0,0.06206896551724138,12.085293877143972,1.0,27
359,177255,177255,1035.0,../data/Continuation/uniform_euclidean/city30_range95_wouter.json,inplace,euclidean,uniform,30,95.0,0.06436781609195402,12.085344652741231,1.0,28
362,179007,179007,1035.0,../data/Continuation/uniform_euclidean/city30_range95_wouter.json,inplace,euclidean,uniform,30,95.0,0.06436781609195402,12.095180190203523,1.0,28
364,179013,179013,1035.0,../data/Continuation/uniform_euclidean/city30_range95_wouter.json,inplace,euclidean,uniform,30,95.0,0.06666666666666667,12.095213707884103,1.0,29
379,180305,180305,1035.0,../data/Continuation/uniform_euclidean/city30_range95_wouter.json,inplace,euclidean,uniform,30,95.0,0.06666666666666667,12.102405140365414,1.0,29
1,124250,124250,1106.0,../data/Continuation/uniform_euclidean/city30_range95_swap.json,swap,euclidean,uniform,30,95.0,0.03218390804597701,11.730050943958883,0.9999999999999998,14
3,178879,178879,1106.0,../data/Continuation/uniform_euclidean/city30_range95_swap.json,swap,euclidean,uniform,30,95.0,0.03218390804597701,12.094464878593358,0.9999999999999998,14
5,227219,227219,1106.0,../data/Continuation/uniform_euclidean/city30_range95_swap.json,swap,euclidean,uniform,30,95.0,0.03218390804597701,12.333669589093178,0.9999999999999999,14
7,242301,242301,1106.0,../data/Continuation/uniform_euclidean/city30_range95_swap.json,swap,euclidean,uniform,30,95.0,0.03218390804597701,12.39793603391125,0.9999999999999999,14
9,374070,374070,1106.0,../data/Continuation/uniform_euclidean/city30_range95_swap.json,swap,euclidean,uniform,30,95.0,0.03218390804597701,12.832198224658745,0.9999999999999998,14
14,379451,379451,1106.0,../data/Continuation/uniform_euclidean/city30_range95_swap.json,swap,euclidean,uniform,30,95.0,0.03218390804597701,12.846480750221922,0.9999999999999998,14
25,379533,379533,1106.0,../data/Continuation/uniform_euclidean/city30_range95_swap.json,swap,euclidean,uniform,30,95.0,0.03218390804597701,12.846696828559065,0.9999999999999998,14
26,392905,392905,1106.0,../data/Continuation/uniform_euclidean/city30_range95_swap.json,swap,euclidean,uniform,30,95.0,0.03218390804597701,12.88132313135003,0.9999999999999998,14
35,392990,392990,1106.0,../data/Continuation/uniform_euclidean/city30_range95_swap.json,swap,euclidean,uniform,30,95.0,0.03218390804597701,12.881539445235044,0.9999999999999998,14
55,411083,411083,1107.0,../data/Continuation/uniform_euclidean/city30_range95_swap.json,swap,euclidean,uniform,30,95.0,0.03218390804597701,12.92655041956195,0.9999999999999998,14
59,476975,476975,1107.0,../data/Continuation/uniform_euclidean/city30_range95_swap.json,swap,euclidean,uniform,30,95.0,0.03218390804597701,13.075219357595513,0.9999999999999998,14
71,482244,482244,1107.0,../data/Continuation/uniform_euclidean/city30_range95_swap.json,swap,euclidean,uniform,30,95.0,0.03218390804597701,13.086205489010952,0.9999999999999998,14
72,483254,483254,1107.0,../data/Continuation/uniform_euclidean/city30_range95_swap.json,swap,euclidean,uniform,30,95.0,0.03218390804597701,13.08829767432551,0.9999999999999998,14
75,625882,625882,1107.0,../data/Continuation/uniform_euclidean/city30_range95_swap.json,swap,euclidean,uniform,30,95.0,0.03218390804597701,13.346917133911624,0.9999999999999998,14
76,656295,656295,1107.0,../data/Continuation/uniform_euclidean/city30_range95_swap.json,swap,euclidean,uniform,30,95.0,0.03218390804597701,13.394365661965631,0.9999999999999998,14
78,693507,693507,1107.0,../data/Continuation/uniform_euclidean/city30_range95_swap.json,swap,euclidean,uniform,30,95.0,0.03218390804597701,13.449516612413554,0.9999999999999998,14
79,742942,742942,1107.0,../data/Continuation/uniform_euclidean/city30_range95_swap.json,swap,euclidean,uniform,30,95.0,0.03218390804597701,13.518373258741738,0.9999999999999998,14
82,744955,744955,1107.0,../data/Continuation/uniform_euclidean/city30_range95_swap.json,swap,euclidean,uniform,30,95.0,0.03218390804597701,13.521079092852819,0.9999999999999998,14
1,8022,8022,771.0,../data/Continuation/uniform_euclidean/city30_range60_wouter.json,inplace,euclidean,uniform,30,60.0,0.02528735632183908,8.989943046330122,1.0000000000000002,11
2,15298,15298,754.0,../data/Continuation/uniform_euclidean/city30_range60_wouter.json,inplace,euclidean,uniform,30,60.0,0.027586206896551724,9.635477379881877,1.0,12
12,16105,16105,753.0,../data/Continuation/uniform_euclidean/city30_range60_wouter.json,inplace,euclidean,uniform,30,60.0,0.027586206896551724,9.686885061765361,1.0,12
18,18893,18893,731.0,../data/Continuation/uniform_euclidean/city30_range60_wouter.json,inplace,euclidean,uniform,30,60.0,0.029885057471264367,9.846546762073372,1.0,13
26,20715,20715,731.0,../data/Continuation/uniform_euclidean/city30_range60_wouter.json,inplace,euclidean,uniform,30,60.0,0.03218390804597701,9.938613354511551,1.0,14
28,21707,21707,721.0,../data/Continuation/uniform_euclidean/city30_range60_wouter.json,inplace,euclidean,uniform,30,60.0,0.034482758620689655,9.985390068155809,1.0000000000000002,15
36,21766,21766,721.0,../data/Continuation/uniform_euclidean/city30_range60_wouter.json,inplace,euclidean,uniform,30,60.0,0.0367816091954023,9.988104398256054,1.0000000000000002,16
37,21785,21785,721.0,../data/Continuation/uniform_euclidean/city30_range60_wouter.json,inplace,euclidean,uniform,30,60.0,0.03908045977011494,9.988976938551588,0.9999999999999998,17
39,21788,21788,721.0,../data/Continuation/uniform_euclidean/city30_range60_wouter.json,inplace,euclidean,uniform,30,60.0,0.041379310344827586,9.989114638503612,0.9999999999999998,18
51,21789,21789,721.0,../data/Continuation/uniform_euclidean/city30_range60_wouter.json,inplace,euclidean,uniform,30,60.0,0.04367816091954023,9.989160534274324,0.9999999999999998,19
59,21875,21875,721.0,../data/Continuation/uniform_euclidean/city30_range60_wouter.json,inplace,euclidean,uniform,30,60.0,0.04597701149425287,9.993099711225861,0.9999999999999998,20
64,21880,21880,721.0,../data/Continuation/uniform_euclidean/city30_range60_wouter.json,inplace,euclidean,uniform,30,60.0,0.04827586206896552,9.993328256535964,0.9999999999999998,21
79,21882,21882,721.0,../data/Continuation/uniform_euclidean/city30_range60_wouter.json,inplace,euclidean,uniform,30,60.0,0.05057471264367816,9.99341966003678,0.9999999999999998,22
91,21930,21930,721.0,../data/Continuation/uniform_euclidean/city30_range60_wouter.json,inplace,euclidean,uniform,30,60.0,0.052873563218390804,9.99561084141198,0.9999999999999998,23
107,21932,21932,721.0,../data/Continuation/uniform_euclidean/city30_range60_wouter.json,inplace,euclidean,uniform,30,60.0,0.052873563218390804,9.995702036523985,0.9999999999999998,23
110,22491,22491,721.0,../data/Continuation/uniform_euclidean/city30_range60_wouter.json,inplace,euclidean,uniform,30,60.0,0.052873563218390804,10.020870508171216,0.9999999999999998,23
114,27254,27254,720.0,../data/Continuation/uniform_euclidean/city30_range60_wouter.json,inplace,euclidean,uniform,30,60.0,0.052873563218390804,10.212955578309803,1.0,23
121,28997,28997,720.0,../data/Continuation/uniform_euclidean/city30_range60_wouter.json,inplace,euclidean,uniform,30,60.0,0.05517241379310345,10.274947655341641,1.0000000000000002,24
152,29155,29155,720.0,../data/Continuation/uniform_euclidean/city30_range60_wouter.json,inplace,euclidean,uniform,30,60.0,0.05517241379310345,10.28038170365629,1.0000000000000002,24
193,30637,30637,720.0,../data/Continuation/uniform_euclidean/city30_range60_wouter.json,inplace,euclidean,uniform,30,60.0,0.05517241379310345,10.32996370783379,1.0000000000000002,24
208,30640,30640,720.0,../data/Continuation/uniform_euclidean/city30_range60_wouter.json,inplace,euclidean,uniform,30,60.0,0.05517241379310345,10.33006162385456,1.0000000000000002,24
219,30641,30641,720.0,../data/Continuation/uniform_euclidean/city30_range60_wouter.json,inplace,euclidean,uniform,30,60.0,0.05517241379310345,10.3300942603977,1.0000000000000002,24
350,31881,31881,719.0,../data/Continuation/uniform_euclidean/city30_range60_wouter.json,inplace,euclidean,uniform,30,60.0,0.05517241379310345,10.369765500040836,1.0000000000000002,24
358,33734,33734,719.0,../data/Continuation/uniform_euclidean/city30_range60_wouter.json,inplace,euclidean,uniform,30,60.0,0.05517241379310345,10.426261509817989,1.0000000000000002,24
362,33749,33749,719.0,../data/Continuation/uniform_euclidean/city30_range60_wouter.json,inplace,euclidean,uniform,30,60.0,0.05517241379310345,10.426706066232109,1.0000000000000002,24
363,35229,35229,719.0,../data/Continuation/uniform_euclidean/city30_range60_wouter.json,inplace,euclidean,uniform,30,60.0,0.05517241379310345,10.46962488603322,1.0000000000000002,24
368,35418,35418,719.0,../data/Continuation/uniform_euclidean/city30_range60_wouter.json,inplace,euclidean,uniform,30,60.0,0.05747126436781609,10.474975444468772,1.0000000000000002,25
384,35419,35419,719.0,../data/Continuation/uniform_euclidean/city30_range60_wouter.json,inplace,euclidean,uniform,30,60.0,0.059770114942528735,10.475003678301375,1.0000000000000002,26
393,35433,35433,719.0,../data/Continuation/uniform_euclidean/city30_range60_wouter.json,inplace,euclidean,uniform,30,60.0,0.059770114942528735,10.475398868279985,1.0000000000000002,26
411,35441,35441,719.0,../data/Continuation/uniform_euclidean/city30_range60_wouter.json,inplace,euclidean,uniform,30,60.0,0.059770114942528735,10.47562462102525,1.0000000000000002,26
412,35442,35442,719.0,../data/Continuation/uniform_euclidean/city30_range60_wouter.json,inplace,euclidean,uniform,30,60.0,0.06206896551724138,10.475652836535318,1.0000000000000002,27
415,35455,35455,719.0,../data/Continuation/uniform_euclidean/city30_range60_wouter.json,inplace,euclidean,uniform,30,60.0,0.06206896551724138,10.476019565738126,1.0000000000000002,27
416,35457,35457,719.0,../data/Continuation/uniform_euclidean/city30_range60_wouter.json,inplace,euclidean,uniform,30,60.0,0.06436781609195402,10.476075973680379,1.0000000000000002,28
418,35458,35458,719.0,../data/Continuation/uniform_euclidean/city30_range60_wouter.json,inplace,euclidean,uniform,30,60.0,0.06666666666666667,10.476104176458353,1.0000000000000002,29
433,35474,35474,719.0,../data/Continuation/uniform_euclidean/city30_range60_wouter.json,inplace,euclidean,uniform,30,60.0,0.06666666666666667,10.47655531276556,1.0000000000000002,29
436,35503,35503,719.0,../data/Continuation/uniform_euclidean/city30_range60_wouter.json,inplace,euclidean,uniform,30,60.0,0.06896551724137931,10.47737247893527,1.0000000000000002,30
440,39884,39884,701.0,../data/Continuation/uniform_euclidean/city30_range60_wouter.json,inplace,euclidean,uniform,30,60.0,0.06896551724137931,10.593730519948709,0.9999999999999999,30
462,39888,39888,701.0,../data/Continuation/uniform_euclidean/city30_range60_wouter.json,inplace,euclidean,uniform,30,60.0,0.06896551724137931,10.593830805763364,0.9999999999999999,30
470,40639,40639,701.0,../data/Continuation/uniform_euclidean/city30_range60_wouter.json,inplace,euclidean,uniform,30,60.0,0.06896551724137931,10.612483475650436,0.9999999999999999,30
478,40694,40694,701.0,../data/Continuation/uniform_euclidean/city30_range60_wouter.json,inplace,euclidean,uniform,30,60.0,0.07126436781609195,10.613835940415873,0.9999999999999999,31
496,40701,40701,701.0,../data/Continuation/uniform_euclidean/city30_range60_wouter.json,inplace,euclidean,uniform,30,60.0,0.0735632183908046,10.614007941153442,0.9999999999999999,32
497,40704,40704,701.0,../data/Continuation/uniform_euclidean/city30_range60_wouter.json,inplace,euclidean,uniform,30,60.0,0.0735632183908046,10.614081646699818,0.9999999999999999,32
506,40705,40705,701.0,../data/Continuation/uniform_euclidean/city30_range60_wouter.json,inplace,euclidean,uniform,30,60.0,0.07586206896551724,10.614106214008103,0.9999999999999999,33
516,40706,40706,701.0,../data/Continuation/uniform_euclidean/city30_range60_wouter.json,inplace,euclidean,uniform,30,60.0,0.07586206896551724,10.614130780712848,0.9999999999999999,33
523,41550,41550,701.0,../data/Continuation/uniform_euclidean/city30_range60_wouter.json,inplace,euclidean,uniform,30,60.0,0.07586206896551724,10.634652800283618,0.9999999999999999,33
529,45060,45060,701.0,../data/Continuation/uniform_euclidean/city30_range60_wouter.json,inplace,euclidean,uniform,30,60.0,0.07816091954022988,10.715750213986258,0.9999999999999999,34
540,45062,45062,701.0,../data/Continuation/uniform_euclidean/city30_range60_wouter.json,inplace,euclidean,uniform,30,60.0,0.08045977011494253,10.715794598265353,0.9999999999999999,35
541,45123,45123,701.0,../data/Continuation/uniform_euclidean/city30_range60_wouter.json,inplace,euclidean,uniform,30,60.0,0.08045977011494253,10.717147373323344,0.9999999999999999,35
553,46834,46834,701.0,../data/Continuation/uniform_euclidean/city30_range60_wouter.json,inplace,euclidean,uniform,30,60.0,0.08045977011494253,10.754364713861978,0.9999999999999999,35
583,46906,46906,701.0,../data/Continuation/uniform_euclidean/city30_range60_wouter.json,inplace,euclidean,uniform,30,60.0,0.08045977011494253,10.755900878021544,0.9999999999999999,35
586,50888,50888,701.0,../data/Continuation/uniform_euclidean/city30_range60_wouter.json,inplace,euclidean,uniform,30,60.0,0.08045977011494253,10.83738241835866,0.9999999999999999,35
588,50889,50889,702.0,../data/Continuation/uniform_euclidean/city30_range60_wouter.json,inplace,euclidean,uniform,30,60.0,0.08045977011494253,10.837402069163852,1.0000000000000002,35
589,50959,50959,702.0,../data/Continuation/uniform_euclidean/city30_range60_wouter.json,inplace,euclidean,uniform,30,60.0,0.08045977011494253,10.838776666819617,1.0000000000000002,35
594,50963,50963,702.0,../data/Continuation/uniform_euclidean/city30_range60_wouter.json,inplace,euclidean,uniform,30,60.0,0.08045977011494253,10.838855158215038,1.0000000000000002,35
614,50964,50964,702.0,../data/Continuation/uniform_euclidean/city30_range60_wouter.json,inplace,euclidean,uniform,30,60.0,0.08275862068965517,10.83887478010129,1.0000000000000002,36
621,53201,53201,702.0,../data/Continuation/uniform_euclidean/city30_range60_wouter.json,inplace,euclidean,uniform,30,60.0,0.08275862068965517,10.881832472145575,1.0000000000000002,36
627,53202,53202,702.0,../data/Continuation/uniform_euclidean/city30_range60_wouter.json,inplace,euclidean,uniform,30,60.0,0.08505747126436781,10.88185126860808,1.0000000000000002,37
635,96477,96477,702.0,../data/Continuation/uniform_euclidean/city30_range60_wouter.json,inplace,euclidean,uniform,30,60.0,0.08505747126436781,11.477059916950214,1.0000000000000002,37
640,96501,96501,702.0,../data/Continuation/uniform_euclidean/city30_range60_wouter.json,inplace,euclidean,uniform,30,60.0,0.08505747126436781,11.477308649967696,1.0000000000000002,37
644,96502,96502,702.0,../data/Continuation/uniform_euclidean/city30_range60_wouter.json,inplace,euclidean,uniform,30,60.0,0.08735632183908046,11.47731901250092,1.0000000000000002,38
653,96503,96503,702.0,../data/Continuation/uniform_euclidean/city30_range60_wouter.json,inplace,euclidean,uniform,30,60.0,0.08735632183908046,11.477329374926764,1.0000000000000002,38
654,97055,97055,702.0,../data/Continuation/uniform_euclidean/city30_range60_wouter.json,inplace,euclidean,uniform,30,60.0,0.08735632183908046,11.483033107105202,1.0000000000000002,38
657,97056,97056,702.0,../data/Continuation/uniform_euclidean/city30_range60_wouter.json,inplace,euclidean,uniform,30,60.0,0.08735632183908046,11.483043410488317,1.0000000000000002,38
663,97063,97063,702.0,../data/Continuation/uniform_euclidean/city30_range60_wouter.json,inplace,euclidean,uniform,30,60.0,0.08735632183908046,11.48311553119781,1.0000000000000002,38
703,97065,97065,702.0,../data/Continuation/uniform_euclidean/city30_range60_wouter.json,inplace,euclidean,uniform,30,60.0,0.08735632183908046,11.483136136159487,1.0000000000000002,38
710,97067,97067,702.0,../data/Continuation/uniform_euclidean/city30_range60_wouter.json,inplace,euclidean,uniform,30,60.0,0.0896551724137931,11.483156740696606,1.0000000000000002,39
719,97105,97105,702.0,../data/Continuation/uniform_euclidean/city30_range60_wouter.json,inplace,euclidean,uniform,30,60.0,0.0896551724137931,11.483548146259562,1.0000000000000002,39
723,97111,97111,702.0,../data/Continuation/uniform_euclidean/city30_range60_wouter.json,inplace,euclidean,uniform,30,60.0,0.0896551724137931,11.48360993313605,1.0000000000000002,39
725,97124,97124,702.0,../data/Continuation/uniform_euclidean/city30_range60_wouter.json,inplace,euclidean,uniform,30,60.0,0.0896551724137931,11.483743791606658,1.0000000000000002,39
737,97481,97481,702.0,../data/Continuation/uniform_euclidean/city30_range60_wouter.json,inplace,euclidean,uniform,30,60.0,0.08735632183908046,11.487412766201102,1.0000000000000002,38
766,113069,113069,702.0,../data/Continuation/uniform_euclidean/city30_range60_wouter.json,inplace,euclidean,uniform,30,60.0,0.08735632183908046,11.635753530811302,1.0000000000000002,38
774,113070,113070,702.0,../data/Continuation/uniform_euclidean/city30_range60_wouter.json,inplace,euclidean,uniform,30,60.0,0.08735632183908046,11.6357623749293,1.0000000000000002,38
778,113217,113217,702.0,../data/Continuation/uniform_euclidean/city30_range60_wouter.json,inplace,euclidean,uniform,30,60.0,0.08735632183908046,11.637061610154285,1.0000000000000002,38
784,113889,113889,702.0,../data/Continuation/uniform_euclidean/city30_range60_wouter.json,inplace,euclidean,uniform,30,60.0,0.08735632183908046,11.642979568827716,1.0000000000000002,38
785,113890,113890,702.0,../data/Continuation/uniform_euclidean/city30_range60_wouter.json,inplace,euclidean,uniform,30,60.0,0.08735632183908046,11.642988349268405,1.0000000000000002,38
790,117958,117958,702.0,../data/Continuation/uniform_euclidean/city30_range60_wouter.json,inplace,euclidean,uniform,30,60.0,0.08735632183908046,11.678083907885519,1.0000000000000002,38
792,123305,123305,702.0,../data/Continuation/uniform_euclidean/city30_range60_wouter.json,inplace,euclidean,uniform,30,60.0,0.08735632183908046,11.72241623983066,1.0000000000000002,38
795,123306,123306,702.0,../data/Continuation/uniform_euclidean/city30_range60_wouter.json,inplace,euclidean,uniform,30,60.0,0.08735632183908046,11.722424349768984,1.0000000000000002,38
807,131981,131981,706.0,../data/Continuation/uniform_euclidean/city30_range60_wouter.json,inplace,euclidean,uniform,30,60.0,0.08735632183908046,11.790413251814307,1.0000000000000002,38
832,131983,131983,706.0,../data/Continuation/uniform_euclidean/city30_range60_wouter.json,inplace,euclidean,uniform,30,60.0,0.08735632183908046,11.790428405395856,1.0000000000000002,38
1,1522,1522,189.0,../data/Continuation/uniform_euclidean/city30_range10_scramble.json,scramble,euclidean,uniform,30,10.0,0.006896551724137931,7.327780538422288,1.0,3
2,1681,1681,192.0,../data/Continuation/uniform_euclidean/city30_range10_scramble.json,scramble,euclidean,uniform,30,10.0,0.006896551724137931,7.42714413340921,1.0,3
3,39909,39909,190.0,../data/Continuation/uniform_euclidean/city30_range10_scramble.json,scramble,euclidean,uniform,30,10.0,0.006896551724137931,10.59435714135204,1.0000000000000002,3
8,6509419,6509419,188.0,../data/Continuation/uniform_euclidean/city30_range10_scramble.json,scramble,euclidean,uniform,30,10.0,0.006896551724137931,15.688760762890146,0.9999999999999998,3
38,29829362,29829362,192.0,../data/Continuation/uniform_euclidean/city30_range10_scramble.json,scramble,euclidean,uniform,30,10.0,0.006896551724137931,17.211003768397642,0.9999999999999998,3
1,7884,7884,1217.0,../data/Continuation/uniform_euclidean/city30_range100_swap.json,swap,euclidean,uniform,30,100.0,0.03908045977011494,8.972590668272737,1.0,17
4,12018,12018,1219.0,../data/Continuation/uniform_euclidean/city30_range100_swap.json,swap,euclidean,uniform,30,100.0,0.03908045977011494,9.394160804893957,1.0000000000000002,17
5,20778,20778,1220.0,../data/Continuation/uniform_euclidean/city30_range100_swap.json,swap,euclidean,uniform,30,100.0,0.03908045977011494,9.941650013630525,1.0,17
10,26191,26191,1220.0,../data/Continuation/uniform_euclidean/city30_range100_swap.json,swap,euclidean,uniform,30,100.0,0.03908045977011494,10.173171119285271,1.0,17
13,29199,29199,1220.0,../data/Continuation/uniform_euclidean/city30_range100_swap.json,swap,euclidean,uniform,30,100.0,0.03908045977011494,10.281889741094638,1.0000000000000002,17
23,32984,32984,1221.0,../data/Continuation/uniform_euclidean/city30_range100_swap.json,swap,euclidean,uniform,30,100.0,0.03908045977011494,10.403777874386765,1.0000000000000002,17
25,32987,32987,1221.0,../data/Continuation/uniform_euclidean/city30_range100_swap.json,swap,euclidean,uniform,30,100.0,0.03908045977011494,10.4038688234402,1.0000000000000002,17
26,47611,47611,1220.0,../data/Continuation/uniform_euclidean/city30_range100_swap.json,swap,euclidean,uniform,30,100.0,0.03908045977011494,10.770819105958763,1.0000000000000002,17
32,55470,55470,1222.0,../data/Continuation/uniform_euclidean/city30_range100_swap.json,swap,euclidean,uniform,30,100.0,0.03908045977011494,10.923597613049298,1.0000000000000002,17
33,55669,55669,1222.0,../data/Continuation/uniform_euclidean/city30_range100_swap.json,swap,euclidean,uniform,30,100.0,0.03908045977011494,10.927178718020008,1.0000000000000002,17
34,55691,55691,1222.0,../data/Continuation/uniform_euclidean/city30_range100_swap.json,swap,euclidean,uniform,30,100.0,0.03908045977011494,10.927573832967676,1.0000000000000002,17
36,55707,55707,1222.0,../data/Continuation/uniform_euclidean/city30_range100_swap.json,swap,euclidean,uniform,30,100.0,0.03908045977011494,10.927861091268722,1.0000000000000002,17
37,58323,58323,1222.0,../data/Continuation/uniform_euclidean/city30_range100_swap.json,swap,euclidean,uniform,30,100.0,0.03908045977011494,10.973751805688767,1.0000000000000002,17
56,58866,58866,1222.0,../data/Continuation/uniform_euclidean/city30_range100_swap.json,swap,euclidean,uniform,30,100.0,0.03908045977011494,10.983018953391463,1.0000000000000002,17
57,85514,85514,1222.0,../data/Continuation/uniform_euclidean/city30_range100_swap.json,swap,euclidean,uniform,30,100.0,0.03908045977011494,11.35643538421055,1.0000000000000002,17
58,91457,91457,1222.0,../data/Continuation/uniform_euclidean/city30_range100_swap.json,swap,euclidean,uniform,30,100.0,0.03908045977011494,11.423624195449506,1.0000000000000002,17
61,91702,91702,1222.0,../data/Continuation/uniform_euclidean/city30_range100_swap.json,swap,euclidean,uniform,30,100.0,0.03908045977011494,11.426299468257545,1.0000000000000002,17
66,91704,91704,1222.0,../data/Continuation/uniform_euclidean/city30_range100_swap.json,swap,euclidean,uniform,30,100.0,0.03908045977011494,11.426321277794857,1.0000000000000002,17
67,91731,91731,1222.0,../data/Continuation/uniform_euclidean/city30_range100_swap.json,swap,euclidean,uniform,30,100.0,0.03908045977011494,11.426615660003213,1.0000000000000002,17
70,93650,93650,1222.0,../data/Continuation/uniform_euclidean/city30_range100_swap.json,swap,euclidean,uniform,30,100.0,0.03908045977011494,11.447319707872245,1.0000000000000002,17
71,99821,99821,1222.0,../data/Continuation/uniform_euclidean/city30_range100_swap.json,swap,euclidean,uniform,30,100.0,0.03908045977011494,11.511133861005888,1.0000000000000002,17
74,99915,99915,1222.0,../data/Continuation/uniform_euclidean/city30_range100_swap.json,swap,euclidean,uniform,30,100.0,0.03908045977011494,11.5120751035154,1.0000000000000002,17
75,99979,99979,1222.0,../data/Continuation/uniform_euclidean/city30_range100_swap.json,swap,euclidean,uniform,30,100.0,0.03908045977011494,11.51271544291715,1.0000000000000002,17
77,100320,100320,1222.0,../data/Continuation/uniform_euclidean/city30_range100_swap.json,swap,euclidean,uniform,30,100.0,0.03908045977011494,11.516120355866757,1.0000000000000002,17
78,101091,101091,1222.0,../data/Continuation/uniform_euclidean/city30_range100_swap.json,swap,euclidean,uniform,30,100.0,0.03908045977011494,11.523776380274475,1.0000000000000002,17
80,101103,101103,1222.0,../data/Continuation/uniform_euclidean/city30_range100_swap.json,swap,euclidean,uniform,30,100.0,0.03908045977011494,11.523895078158825,1.0000000000000002,17
81,101104,101104,1222.0,../data/Continuation/uniform_euclidean/city30_range100_swap.json,swap,euclidean,uniform,30,100.0,0.03908045977011494,11.523904969013246,1.0000000000000002,17
82,114871,114871,1222.0,../data/Continuation/uniform_euclidean/city30_range100_swap.json,swap,euclidean,uniform,30,100.0,0.03908045977011494,11.651565038594732,1.0000000000000002,17
98,114901,114901,1222.0,../data/Continuation/uniform_euclidean/city30_range100_swap.json,swap,euclidean,uniform,30,100.0,0.03908045977011494,11.651826167019175,1.0000000000000002,17
99,114903,114903,1222.0,../data/Continuation/uniform_euclidean/city30_range100_swap.json,swap,euclidean,uniform,30,100.0,0.03908045977011494,11.65184357315658,1.0000000000000002,17
113,115061,115061,1222.0,../data/Continuation/uniform_euclidean/city30_range100_swap.json,swap,euclidean,uniform,30,100.0,0.03908045977011494,11.653217701497203,1.0000000000000002,17
116,118230,118230,1222.0,../data/Continuation/uniform_euclidean/city30_range100_swap.json,swap,euclidean,uniform,30,100.0,0.03908045977011494,11.680387158857167,1.0000000000000002,17
117,118354,118354,1222.0,../data/Continuation/uniform_euclidean/city30_range100_swap.json,swap,euclidean,uniform,30,100.0,0.03908045977011494,11.681435412427609,1.0000000000000002,17
118,118433,118433,1222.0,../data/Continuation/uniform_euclidean/city30_range100_swap.json,swap,euclidean,uniform,30,100.0,0.03908045977011494,11.682102678814118,1.0000000000000002,17
119,141181,141181,1222.0,../data/Continuation/uniform_euclidean/city30_range100_swap.json,swap,euclidean,uniform,30,100.0,0.03908045977011494,11.85779803408064,1.0000000000000002,17
134,141183,141183,1222.0,../data/Continuation/uniform_euclidean/city30_range100_swap.json,swap,euclidean,uniform,30,100.0,0.03908045977011494,11.857812200192466,1.0000000000000002,17
138,141292,141292,1222.0,../data/Continuation/uniform_euclidean/city30_range100_swap.json,swap,euclidean,uniform,30,100.0,0.03908045977011494,11.858583949943135,1.0000000000000002,17
145,141295,141295,1222.0,../data/Continuation/uniform_euclidean/city30_range100_swap.json,swap,euclidean,uniform,30,100.0,0.03908045977011494,11.858605182342362,1.0000000000000002,17
152,141308,141308,1222.0,../data/Continuation/uniform_euclidean/city30_range100_swap.json,swap,euclidean,uniform,30,100.0,0.03908045977011494,11.858697184196618,1.0000000000000002,17
154,141386,141386,1222.0,../data/Continuation/uniform_euclidean/city30_range100_swap.json,swap,euclidean,uniform,30,100.0,0.03908045977011494,11.859249017641822,1.0000000000000002,17
155,155007,155007,1222.0,../data/Continuation/uniform_euclidean/city30_range100_swap.json,swap,euclidean,uniform,30,100.0,0.03908045977011494,11.951225556171972,1.0000000000000002,17
161,155008,155008,1222.0,../data/Continuation/uniform_euclidean/city30_range100_swap.json,swap,euclidean,uniform,30,100.0,0.03908045977011494,11.951232007472715,1.0000000000000002,17
165,156076,156076,1222.0,../data/Continuation/uniform_euclidean/city30_range100_swap.json,swap,euclidean,uniform,30,100.0,0.03908045977011494,11.958098347085462,1.0000000000000002,17
168,158061,158061,1222.0,../data/Continuation/uniform_euclidean/city30_range100_swap.json,swap,euclidean,uniform,30,100.0,0.03908045977011494,11.970736313450335,1.0000000000000002,17
169,165398,165398,1222.0,../data/Continuation/uniform_euclidean/city30_range100_swap.json,swap,euclidean,uniform,30,100.0,0.03908045977011494,12.016109969600198,1.0000000000000002,17
173,165583,165583,1222.0,../data/Continuation/uniform_euclidean/city30_range100_swap.json,swap,euclidean,uniform,30,100.0,0.03908045977011494,12.017227858658881,1.0000000000000002,17
177,166269,166269,1222.0,../data/Continuation/uniform_euclidean/city30_range100_swap.json,swap,euclidean,uniform,30,100.0,0.03908045977011494,12.021362237702277,1.0000000000000002,17
178,169432,169432,1222.0,../data/Continuation/uniform_euclidean/city30_range100_swap.json,swap,euclidean,uniform,30,100.0,0.03908045977011494,12.040206945367443,1.0000000000000002,17
181,169435,169435,1222.0,../data/Continuation/uniform_euclidean/city30_range100_swap.json,swap,euclidean,uniform,30,100.0,0.03908045977011494,12.040224651429114,1.0000000000000002,17
194,170711,170711,1222.0,../data/Continuation/uniform_euclidean/city30_range100_swap.json,swap,euclidean,uniform,30,100.0,0.03908045977011494,12.047727347245292,1.0000000000000002,17
200,182588,182588,1222.0,../data/Continuation/uniform_euclidean/city30_range100_swap.json,swap,euclidean,uniform,30,100.0,0.03908045977011494,12.114987527568411,1.0000000000000002,17
206,182676,182676,1222.0,../data/Continuation/uniform_euclidean/city30_range100_swap.json,swap,euclidean,uniform,30,100.0,0.03908045977011494,12.11546937084726,1.0000000000000002,17
210,182715,182715,1222.0,../data/Continuation/uniform_euclidean/city30_range100_swap.json,swap,euclidean,uniform,30,100.0,0.03908045977011494,12.115682840802174,1.0000000000000002,17
212,189370,189370,1222.0,../data/Continuation/uniform_euclidean/city30_range100_swap.json,swap,euclidean,uniform,30,100.0,0.03908045977011494,12.151458052256956,1.0000000000000002,17
216,189400,189400,1222.0,../data/Continuation/uniform_euclidean/city30_range100_swap.json,swap,euclidean,uniform,30,100.0,0.03908045977011494,12.15161645973412,1.0000000000000002,17
220,257545,257545,1222.0,../data/Continuation/uniform_euclidean/city30_range100_swap.json,swap,euclidean,uniform,30,100.0,0.03908045977011494,12.458949741099211,1.0,17
221,263204,263204,1222.0,../data/Continuation/uniform_euclidean/city30_range100_swap.json,swap,euclidean,uniform,30,100.0,0.03908045977011494,12.48068467588621,1.0,17
223,288002,288002,1221.0,../data/Continuation/uniform_euclidean/city30_range100_swap.json,swap,euclidean,uniform,30,100.0,0.03908045977011494,12.570722703538419,1.0,17
230,307431,307431,1221.0,../data/Continuation/uniform_euclidean/city30_range100_swap.json,swap,euclidean,uniform,30,100.0,0.03908045977011494,12.636005950805552,1.0,17
236,400776,400776,1221.0,../data/Continuation/uniform_euclidean/city30_range100_swap.json,swap,euclidean,uniform,30,100.0,0.03908045977011494,12.90115794672038,1.0,17
237,401510,401510,1221.0,../data/Continuation/uniform_euclidean/city30_range100_swap.json,swap,euclidean,uniform,30,100.0,0.03908045977011494,12.902987718659041,1.0,17
238,401514,401514,1221.0,../data/Continuation/uniform_euclidean/city30_range100_swap.json,swap,euclidean,uniform,30,100.0,0.03908045977011494,12.902997681001386,1.0,17
239,402245,402245,1221.0,../data/Continuation/uniform_euclidean/city30_range100_swap.json,swap,euclidean,uniform,30,100.0,0.03908045977011494,12.904816634696582,1.0,17
242,402247,402247,1221.0,../data/Continuation/uniform_euclidean/city30_range100_swap.json,swap,euclidean,uniform,30,100.0,0.03908045977011494,12.904821606778343,1.0,17
245,402248,402248,1221.0,../data/Continuation/uniform_euclidean/city30_range100_swap.json,swap,euclidean,uniform,30,100.0,0.03908045977011494,12.904824092809953,1.0,17
246,416918,416918,1221.0,../data/Continuation/uniform_euclidean/city30_range100_swap.json,swap,euclidean,uniform,30,100.0,0.03908045977011494,12.94064483875838,1.0,17
247,418552,418552,1221.0,../data/Continuation/uniform_euclidean/city30_range100_swap.json,swap,euclidean,uniform,30,100.0,0.03908045977011494,12.944556414478413,1.0,17
248,422287,422287,1221.0,../data/Continuation/uniform_euclidean/city30_range100_swap.json,swap,euclidean,uniform,30,100.0,0.03908045977011494,12.953440456645223,1.0,17
1,93,93,129.0,../data/Continuation/uniform_euclidean/city20_range15_swap.json,swap,euclidean,uniform,20,15.0,0.015789473684210527,4.532599493164009,1.0,3
36,257,257,130.0,../data/Continuation/uniform_euclidean/city20_range15_swap.json,swap,euclidean,uniform,20,15.0,0.015789473684210527,5.549076084899111,1.0000000000000002,3
41,284,284,129.0,../data/Continuation/uniform_euclidean/city20_range15_swap.json,swap,euclidean,uniform,20,15.0,0.015789473684210527,5.648974238164727,1.0,3
54,308,308,130.0,../data/Continuation/uniform_euclidean/city20_range15_swap.json,swap,euclidean,uniform,20,15.0,0.015789473684210527,5.730099782976821,1.0,3
254,368,368,129.0,../data/Continuation/uniform_euclidean/city20_range15_swap.json,swap,euclidean,uniform,20,15.0,0.015789473684210527,5.908082938171648,1.0,3
270,12723,12723,128.0,../data/Continuation/uniform_euclidean/city20_range15_swap.json,swap,euclidean,uniform,20,15.0,0.015789473684210527,9.451166658142778,0.9999999999999998,3
289,70340,70340,128.0,../data/Continuation/uniform_euclidean/city20_range15_swap.json,swap,euclidean,uniform,20,15.0,0.015789473684210527,11.161095906027988,0.9999999999999998,3
334,89606,89606,128.0,../data/Continuation/uniform_euclidean/city20_range15_swap.json,swap,euclidean,uniform,20,15.0,0.015789473684210527,11.40317756100674,0.9999999999999998,3
1,70,70,291.0,../data/Continuation/uniform_euclidean/city20_range30_swap.json,swap,euclidean,uniform,20,30.0,0.02631578947368421,4.248495242063645,1.0000000000000002,5
2,119,119,291.0,../data/Continuation/uniform_euclidean/city20_range30_swap.json,swap,euclidean,uniform,20,30.0,0.02631578947368421,4.779123493119933,1.0000000000000002,5
4,203,203,291.0,../data/Continuation/uniform_euclidean/city20_range30_swap.json,swap,euclidean,uniform,20,30.0,0.02631578947368421,5.313205979046713,1.0000000000000002,5
31,314,314,291.0,../data/Continuation/uniform_euclidean/city20_range30_swap.json,swap,euclidean,uniform,20,30.0,0.02631578947368421,5.749392985911438,1.0000000000000002,5
46,347,347,291.0,../data/Continuation/uniform_euclidean/city20_range30_swap.json,swap,euclidean,uniform,20,30.0,0.02631578947368421,5.849324779949741,1.0000000000000002,5
61,368,368,291.0,../data/Continuation/uniform_euclidean/city20_range30_swap.json,swap,euclidean,uniform,20,30.0,0.02631578947368421,5.908082938171648,1.0000000000000002,5
64,378,378,291.0,../data/Continuation/uniform_euclidean/city20_range30_swap.json,swap,euclidean,uniform,20,30.0,0.02631578947368421,5.934894195622233,1.0000000000000002,5
104,380,380,291.0,../data/Continuation/uniform_euclidean/city20_range30_swap.json,swap,euclidean,uniform,20,30.0,0.02631578947368421,5.940171252723063,1.0000000000000002,5
134,397,397,291.0,../data/Continuation/uniform_euclidean/city20_range30_swap.json,swap,euclidean,uniform,20,30.0,0.02631578947368421,5.98393628068971,1.0000000000000002,5
162,728,728,290.0,../data/Continuation/uniform_euclidean/city20_range30_swap.json,swap,euclidean,uniform,20,30.0,0.02631578947368421,6.59030104819806,1.0,5
166,736,736,290.0,../data/Continuation/uniform_euclidean/city20_range30_swap.json,swap,euclidean,uniform,20,30.0,0.02631578947368421,6.601230118730235,1.0,5
168,1473,1473,291.0,../data/Continuation/uniform_euclidean/city20_range30_swap.json,swap,euclidean,uniform,20,30.0,0.02631578947368421,7.295056416463309,1.0000000000000004,5
179,3023,3023,291.0,../data/Continuation/uniform_euclidean/city20_range30_swap.json,swap,euclidean,uniform,20,30.0,0.02631578947368421,8.01400499477979,1.0000000000000004,5
182,3048,3048,291.0,../data/Continuation/uniform_euclidean/city20_range30_swap.json,swap,euclidean,uniform,20,30.0,0.02631578947368421,8.022240916806865,1.0000000000000004,5
184,9364,9364,291.0,../data/Continuation/uniform_euclidean/city20_range30_swap.json,swap,euclidean,uniform,20,30.0,0.02631578947368421,9.144627828610908,1.0000000000000004,5
188,10353,10353,291.0,../data/Continuation/uniform_euclidean/city20_range30_swap.json,swap,euclidean,uniform,20,30.0,0.02631578947368421,9.24503161176621,1.0000000000000004,5
190,10379,10379,291.0,../data/Continuation/uniform_euclidean/city20_range30_swap.json,swap,euclidean,uniform,20,30.0,0.02631578947368421,9.247539812965385,1.0000000000000004,5
192,10970,10970,291.0,../data/Continuation/uniform_euclidean/city20_range30_swap.json,swap,euclidean,uniform,20,30.0,0.02631578947368421,9.302919553269367,1.0000000000000004,5
194,10971,10971,291.0,../data/Continuation/uniform_euclidean/city20_range30_swap.json,swap,euclidean,uniform,20,30.0,0.02631578947368421,9.303010706817583,1.0000000000000004,5
205,10981,10981,291.0,../data/Continuation/uniform_euclidean/city20_range30_swap.json,swap,euclidean,uniform,20,30.0,0.02631578947368421,9.303921785597804,1.0000000000000004,5
211,11002,11002,291.0,../data/Continuation/uniform_euclidean/city20_range30_swap.json,swap,euclidean,uniform,20,30.0,0.02631578947368421,9.305832353435495,1.0000000000000004,5
229,11282,11282,291.0,../data/Continuation/uniform_euclidean/city20_range30_swap.json,swap,euclidean,uniform,20,30.0,0.02631578947368421,9.33096381430001,1.0000000000000004,5
233,11327,11327,291.0,../data/Continuation/uniform_euclidean/city20_range30_swap.json,swap,euclidean,uniform,20,30.0,0.02631578947368421,9.334944535200801,1.0000000000000004,5
236,14382,14382,291.0,../data/Continuation/uniform_euclidean/city20_range30_swap.json,swap,euclidean,uniform,20,30.0,0.02631578947368421,9.57373270366251,1.0000000000000004,5
242,14617,14617,291.0,../data/Continuation/uniform_euclidean/city20_range30_swap.json,swap,euclidean,uniform,20,30.0,0.02631578947368421,9.589940513889362,1.0000000000000004,5
246,14629,14629,291.0,../data/Continuation/uniform_euclidean/city20_range30_swap.json,swap,euclidean,uniform,20,30.0,0.02631578947368421,9.590761138978154,1.0000000000000004,5
249,14747,14747,291.0,../data/Continuation/uniform_euclidean/city20_range30_swap.json,swap,euclidean,uniform,20,30.0,0.02631578947368421,9.598794951251008,1.0000000000000004,5
253,15080,15080,291.0,../data/Continuation/uniform_euclidean/city20_range30_swap.json,swap,euclidean,uniform,20,30.0,0.02631578947368421,9.621124641562014,1.0000000000000004,5
260,16335,16335,291.0,../data/Continuation/uniform_euclidean/city20_range30_swap.json,swap,euclidean,uniform,20,30.0,0.02631578947368421,9.701065324035232,1.0000000000000004,5
265,16422,16422,291.0,../data/Continuation/uniform_euclidean/city20_range30_swap.json,swap,euclidean,uniform,20,30.0,0.02631578947368421,9.706377178268795,1.0000000000000004,5
285,26784,26784,291.0,../data/Continuation/uniform_euclidean/city20_range30_swap.json,swap,euclidean,uniform,20,30.0,0.02631578947368421,10.195559973289239,1.0000000000000004,5
292,29750,29750,291.0,../data/Continuation/uniform_euclidean/city20_range30_swap.json,swap,euclidean,uniform,20,30.0,0.02631578947368421,10.30058441097381,1.0000000000000004,5
293,29753,29753,291.0,../data/Continuation/uniform_euclidean/city20_range30_swap.json,swap,euclidean,uniform,20,30.0,0.02631578947368421,10.3006852462259,1.0000000000000004,5
306,29762,29762,291.0,../data/Continuation/uniform_euclidean/city20_range30_swap.json,swap,euclidean,uniform,20,30.0,0.02631578947368421,10.300987690990029,1.0000000000000004,5
312,29777,29777,291.0,../data/Continuation/uniform_euclidean/city20_range30_swap.json,swap,euclidean,uniform,20,30.0,0.02631578947368421,10.301491562412705,1.0000000000000004,5
339,29824,29824,291.0,../data/Continuation/uniform_euclidean/city20_range30_swap.json,swap,euclidean,uniform,20,30.0,0.02631578947368421,10.30306871748535,1.0000000000000004,5
341,30330,30330,291.0,../data/Continuation/uniform_euclidean/city20_range30_swap.json,swap,euclidean,uniform,20,30.0,0.02631578947368421,10.31989260068266,1.0000000000000004,5
342,31421,31421,291.0,../data/Continuation/uniform_euclidean/city20_range30_swap.json,swap,euclidean,uniform,20,30.0,0.02631578947368421,10.35523173816505,1.0000000000000004,5
377,32682,32682,291.0,../data/Continuation/uniform_euclidean/city20_range30_swap.json,swap,euclidean,uniform,20,30.0,0.02631578947368421,10.39457974661176,1.0000000000000004,5
383,32696,32696,291.0,../data/Continuation/uniform_euclidean/city20_range30_swap.json,swap,euclidean,uniform,20,30.0,0.02631578947368421,10.395008025244143,1.0000000000000004,5
386,32776,32776,291.0,../data/Continuation/uniform_euclidean/city20_range30_swap.json,swap,euclidean,uniform,20,30.0,0.02631578947368421,10.397451819226738,1.0000000000000004,5
396,32779,32779,291.0,../data/Continuation/uniform_euclidean/city20_range30_swap.json,swap,euclidean,uniform,20,30.0,0.02631578947368421,10.397543345426175,1.0000000000000004,5
399,35151,35151,291.0,../data/Continuation/uniform_euclidean/city20_range30_swap.json,swap,euclidean,uniform,20,30.0,0.02631578947368421,10.467408346336294,1.0000000000000004,5
407,37397,37397,291.0,../data/Continuation/uniform_euclidean/city20_range30_swap.json,swap,euclidean,uniform,20,30.0,0.02631578947368421,10.5293457662816,1.0000000000000004,5
421,54345,54345,291.0,../data/Continuation/uniform_euclidean/city20_range30_swap.json,swap,euclidean,uniform,20,30.0,0.02631578947368421,10.903107891997305,1.0000000000000004,5
427,60154,60154,291.0,../data/Continuation/uniform_euclidean/city20_range30_swap.json,swap,euclidean,uniform,20,30.0,0.02631578947368421,11.004663219607414,1.0000000000000004,5
428,60239,60239,291.0,../data/Continuation/uniform_euclidean/city20_range30_swap.json,swap,euclidean,uniform,20,30.0,0.02631578947368421,11.006075262070402,1.0000000000000004,5
433,60244,60244,291.0,../data/Continuation/uniform_euclidean/city20_range30_swap.json,swap,euclidean,uniform,20,30.0,0.02631578947368421,11.006158261331755,1.0000000000000004,5
454,76697,76697,291.0,../data/Continuation/uniform_euclidean/city20_range30_swap.json,swap,euclidean,uniform,20,30.0,0.02631578947368421,11.247617873161467,1.0000000000000004,5
455,76800,76800,291.0,../data/Continuation/uniform_euclidean/city20_range30_swap.json,swap,euclidean,uniform,20,30.0,0.02631578947368421,11.248959919135777,1.0000000000000004,5
462,81720,81720,291.0,../data/Continuation/uniform_euclidean/city20_range30_swap.json,swap,euclidean,uniform,20,30.0,0.02631578947368421,11.31105404893157,1.0000000000000004,5
486,117502,117502,291.0,../data/Continuation/uniform_euclidean/city20_range30_swap.json,swap,euclidean,uniform,20,30.0,0.02631578947368421,11.674210633698095,1.0000000000000004,5
491,117902,117902,291.0,../data/Continuation/uniform_euclidean/city20_range30_swap.json,swap,euclidean,uniform,20,30.0,0.02631578947368421,11.677609049910005,1.0000000000000004,5
537,117970,117970,291.0,../data/Continuation/uniform_euclidean/city20_range30_swap.json,swap,euclidean,uniform,20,30.0,0.02631578947368421,11.678185633835897,1.0000000000000004,5
539,118135,118135,291.0,../data/Continuation/uniform_euclidean/city20_range30_swap.json,swap,euclidean,uniform,20,30.0,0.02631578947368421,11.679583317297585,1.0000000000000004,5
546,120230,120230,291.0,../data/Continuation/uniform_euclidean/city20_range30_swap.json,swap,euclidean,uniform,20,30.0,0.02631578947368421,11.697161853968963,1.0000000000000004,5
550,124579,124579,291.0,../data/Continuation/uniform_euclidean/city20_range30_swap.json,swap,euclidean,uniform,20,30.0,0.02631578947368421,11.732695331805306,1.0000000000000004,5
551,124949,124949,291.0,../data/Continuation/uniform_euclidean/city20_range30_swap.json,swap,euclidean,uniform,20,30.0,0.02631578947368421,11.7356609330298,1.0000000000000004,5
554,126738,126738,291.0,../data/Continuation/uniform_euclidean/city20_range30_swap.json,swap,euclidean,uniform,20,30.0,0.02631578947368421,11.749877242415305,1.0000000000000004,5
556,126740,126740,291.0,../data/Continuation/uniform_euclidean/city20_range30_swap.json,swap,euclidean,uniform,20,30.0,0.02631578947368421,11.749893022877515,1.0000000000000004,5
563,126887,126887,291.0,../data/Continuation/uniform_euclidean/city20_range30_swap.json,swap,euclidean,uniform,20,30.0,0.02631578947368421,11.751052205586458,1.0000000000000004,5
565,136294,136294,291.0,../data/Continuation/uniform_euclidean/city20_range30_swap.json,swap,euclidean,uniform,20,30.0,0.02631578947368421,11.822569596172778,1.0000000000000004,5
582,136340,136340,291.0,../data/Continuation/uniform_euclidean/city20_range30_swap.json,swap,euclidean,uniform,20,30.0,0.02631578947368421,11.822907044916784,1.0000000000000004,5
585,148399,148399,291.0,../data/Continuation/uniform_euclidean/city20_range30_swap.json,swap,euclidean,uniform,20,30.0,0.02631578947368421,11.907659871148246,1.0000000000000004,5
587,148630,148630,291.0,../data/Continuation/uniform_euclidean/city20_range30_swap.json,swap,euclidean,uniform,20,30.0,0.02631578947368421,11.909215275142948,1.0000000000000004,5
594,149455,149455,291.0,../data/Continuation/uniform_euclidean/city20_range30_swap.json,swap,euclidean,uniform,20,30.0,0.02631578947368421,11.914750623157804,1.0000000000000004,5
595,149660,149660,291.0,../data/Continuation/uniform_euclidean/city20_range30_swap.json,swap,euclidean,uniform,20,30.0,0.02631578947368421,11.916121333634356,1.0000000000000004,5
597,149665,149665,291.0,../data/Continuation/uniform_euclidean/city20_range30_swap.json,swap,euclidean,uniform,20,30.0,0.02631578947368421,11.916154742136824,1.0000000000000004,5
599,175286,175286,291.0,../data/Continuation/uniform_euclidean/city20_range30_swap.json,swap,euclidean,uniform,20,30.0,0.02631578947368421,12.074174204628262,1.0000000000000004,5
603,175619,175619,291.0,../data/Continuation/uniform_euclidean/city20_range30_swap.json,swap,euclidean,uniform,20,30.0,0.02631578947368421,12.076072154785493,1.0000000000000004,5
609,175673,175673,291.0,../data/Continuation/uniform_euclidean/city20_range30_swap.json,swap,euclidean,uniform,20,30.0,0.02631578947368421,12.076379591336426,1.0000000000000004,5
627,175674,175674,291.0,../data/Continuation/uniform_euclidean/city20_range30_swap.json,swap,euclidean,uniform,20,30.0,0.02631578947368421,12.076385283714616,1.0000000000000004,5
634,221045,221045,291.0,../data/Continuation/uniform_euclidean/city20_range30_swap.json,swap,euclidean,uniform,20,30.0,0.02631578947368421,12.306121579681676,1.0000000000000004,5
675,236846,236846,291.0,../data/Continuation/uniform_euclidean/city20_range30_swap.json,swap,euclidean,uniform,20,30.0,0.02631578947368421,12.375165419883349,1.0000000000000004,5
698,248489,248489,291.0,../data/Continuation/uniform_euclidean/city20_range30_swap.json,swap,euclidean,uniform,20,30.0,0.02631578947368421,12.423153857945513,1.0000000000000004,5
706,250772,250772,291.0,../data/Continuation/uniform_euclidean/city20_range30_swap.json,swap,euclidean,uniform,20,30.0,0.02631578947368421,12.43229943876517,1.0000000000000004,5
720,250870,250870,291.0,../data/Continuation/uniform_euclidean/city20_range30_swap.json,swap,euclidean,uniform,20,30.0,0.02631578947368421,12.432690155655887,1.0000000000000004,5
723,251319,251319,291.0,../data/Continuation/uniform_euclidean/city20_range30_swap.json,swap,euclidean,uniform,20,30.0,0.02631578947368421,12.434478327518043,1.0000000000000004,5
739,251320,251320,291.0,../data/Continuation/uniform_euclidean/city20_range30_swap.json,swap,euclidean,uniform,20,30.0,0.02631578947368421,12.434482306516887,1.0000000000000004,5
749,256317,256317,291.0,../data/Continuation/uniform_euclidean/city20_range30_swap.json,swap,euclidean,uniform,20,30.0,0.02631578947368421,12.454170238673791,1.0000000000000004,5
751,288733,288733,291.0,../data/Continuation/uniform_euclidean/city20_range30_swap.json,swap,euclidean,uniform,20,30.0,0.02631578947368421,12.5732576646261,1.0000000000000004,5
763,295298,295298,291.0,../data/Continuation/uniform_euclidean/city20_range30_swap.json,swap,euclidean,uniform,20,30.0,0.02631578947368421,12.59574029493563,1.0000000000000004,5
770,563521,563521,292.0,../data/Continuation/uniform_euclidean/city20_range30_swap.json,swap,euclidean,uniform,20,30.0,0.02631578947368421,13.241959878848315,1.0,5
772,592235,592235,292.0,../data/Continuation/uniform_euclidean/city20_range30_swap.json,swap,euclidean,uniform,20,30.0,0.02631578947368421,13.291658794558042,1.0,5
775,592357,592357,292.0,../data/Continuation/uniform_euclidean/city20_range30_swap.json,swap,euclidean,uniform,20,30.0,0.02631578947368421,13.291864772650806,1.0,5
779,660215,660215,292.0,../data/Continuation/uniform_euclidean/city20_range30_swap.json,swap,euclidean,uniform,20,30.0,0.02631578947368421,13.400320818530888,1.0,5
784,795900,795900,292.0,../data/Continuation/uniform_euclidean/city20_range30_swap.json,swap,euclidean,uniform,20,30.0,0.02631578947368421,13.587228828793942,1.0,5
792,859716,859716,292.0,../data/Continuation/uniform_euclidean/city20_range30_swap.json,swap,euclidean,uniform,20,30.0,0.02631578947368421,13.664357381132774,1.0,5
1,433,433,367.0,../data/Continuation/uniform_euclidean/city20_range40_swap.json,swap,euclidean,uniform,20,40.0,0.03684210526315789,6.070737728004799,1.0,7
5,676,676,367.0,../data/Continuation/uniform_euclidean/city20_range40_swap.json,swap,euclidean,uniform,20,40.0,0.03684210526315789,6.516193076044443,1.0,7
8,764,764,366.0,../data/Continuation/uniform_euclidean/city20_range40_swap.json,swap,euclidean,uniform,20,40.0,0.03684210526315789,6.638567789167829,1.0,7
9,980,980,366.0,../data/Continuation/uniform_euclidean/city20_range40_swap.json,swap,euclidean,uniform,20,40.0,0.03684210526315789,6.887552571665638,1.0,7
17,1114,1114,366.0,../data/Continuation/uniform_euclidean/city20_range40_swap.json,swap,euclidean,uniform,20,40.0,0.03684210526315789,7.015712420488127,1.0,7
20,1115,1115,366.0,../data/Continuation/uniform_euclidean/city20_range40_swap.json,swap,euclidean,uniform,20,40.0,0.03684210526315789,7.016609683895116,1.0,7
27,1127,1127,366.0,../data/Continuation/uniform_euclidean/city20_range40_swap.json,swap,euclidean,uniform,20,40.0,0.03684210526315789,7.027314514040664,1.0,7
44,1133,1133,366.0,../data/Continuation/uniform_euclidean/city20_range40_swap.json,swap,euclidean,uniform,20,40.0,0.03684210526315789,7.0326242610288885,1.0,7
50,1712,1712,367.0,../data/Continuation/uniform_euclidean/city20_range40_swap.json,swap,euclidean,uniform,20,40.0,0.03684210526315789,7.445417556702272,1.0,7
51,1714,1714,367.0,../data/Continuation/uniform_euclidean/city20_range40_swap.json,swap,euclidean,uniform,20,40.0,0.03684210526315789,7.446585099158309,1.0,7
52,1730,1730,367.0,../data/Continuation/uniform_euclidean/city20_range40_swap.json,swap,euclidean,uniform,20,40.0,0.03684210526315789,7.4558766874924025,1.0,7
65,1816,1816,367.0,../data/Continuation/uniform_euclidean/city20_range40_swap.json,swap,euclidean,uniform,20,40.0,0.03684210526315789,7.504391559161789,1.0,7
77,1901,1901,367.0,../data/Continuation/uniform_euclidean/city20_range40_swap.json,swap,euclidean,uniform,20,40.0,0.03684210526315789,7.5501353424889555,1.0,7
89,1913,1913,367.0,../data/Continuation/uniform_euclidean/city20_range40_swap.json,swap,euclidean,uniform,20,40.0,0.03684210526315789,7.556427969440776,1.0,7
203,2726,2726,368.0,../data/Continuation/uniform_euclidean/city20_range40_swap.json,swap,euclidean,uniform,20,40.0,0.03684210526315789,7.910590612256844,1.0,7
206,2727,2727,368.0,../data/Continuation/uniform_euclidean/city20_range40_swap.json,swap,euclidean,uniform,20,40.0,0.03684210526315789,7.910957382845956,1.0,7
207,2757,2757,368.0,../data/Continuation/uniform_euclidean/city20_range40_swap.json,swap,euclidean,uniform,20,40.0,0.03684210526315789,7.921898411024159,1.0,7
208,2942,2942,368.0,../data/Continuation/uniform_euclidean/city20_range40_swap.json,swap,euclidean,uniform,20,40.0,0.03684210526315789,7.986844901161723,1.0,7
209,2944,2944,368.0,../data/Continuation/uniform_euclidean/city20_range40_swap.json,swap,euclidean,uniform,20,40.0,0.03684210526315789,7.987524479849107,1.0,7
210,3639,3639,368.0,../data/Continuation/uniform_euclidean/city20_range40_swap.json,swap,euclidean,uniform,20,40.0,0.03684210526315789,8.199464197612434,1.0,7
212,3640,3640,368.0,../data/Continuation/uniform_euclidean/city20_range40_swap.json,swap,euclidean,uniform,20,40.0,0.03684210526315789,8.199738960631061,1.0,7
213,3800,3800,368.0,../data/Continuation/uniform_euclidean/city20_range40_swap.json,swap,euclidean,uniform,20,40.0,0.03684210526315789,8.24275634571474,1.0,7
215,3806,3806,368.0,../data/Continuation/uniform_euclidean/city20_range40_swap.json,swap,euclidean,uniform,20,40.0,0.03684210526315789,8.244334047856357,1.0,7
216,4185,4185,368.0,../data/Continuation/uniform_euclidean/city20_range40_swap.json,swap,euclidean,uniform,20,40.0,0.03684210526315789,8.339261982923814,1.0,7
220,4715,4715,368.0,../data/Continuation/uniform_euclidean/city20_range40_swap.json,swap,euclidean,uniform,20,40.0,0.03684210526315789,8.45850419506777,1.0,7
226,5149,5149,368.0,../data/Continuation/uniform_euclidean/city20_range40_swap.json,swap,euclidean,uniform,20,40.0,0.03684210526315789,8.546557800046335,1.0,7
232,5153,5153,368.0,../data/Continuation/uniform_euclidean/city20_range40_swap.json,swap,euclidean,uniform,20,40.0,0.03684210526315789,8.547334348328418,1.0,7
235,5161,5161,368.0,../data/Continuation/uniform_euclidean/city20_range40_swap.json,swap,euclidean,uniform,20,40.0,0.03684210526315789,8.54888563814892,1.0,7
245,23751,23751,369.0,../data/Continuation/uniform_euclidean/city20_range40_swap.json,swap,euclidean,uniform,20,40.0,0.03684210526315789,10.075379913839585,1.0,7
248,33149,33149,369.0,../data/Continuation/uniform_euclidean/city20_range40_swap.json,swap,euclidean,uniform,20,40.0,0.03684210526315789,10.40876782924652,1.0,7
252,36929,36929,369.0,../data/Continuation/uniform_euclidean/city20_range40_swap.json,swap,euclidean,uniform,20,40.0,0.03684210526315789,10.516752429223853,1.0,7
253,36984,36984,369.0,../data/Continuation/uniform_euclidean/city20_range40_swap.json,swap,euclidean,uniform,20,40.0,0.03684210526315789,10.518240665668088,1.0,7
256,36997,36997,369.0,../data/Continuation/uniform_euclidean/city20_range40_swap.json,swap,euclidean,uniform,20,40.0,0.03684210526315789,10.518592107258058,1.0,7
258,37363,37363,369.0,../data/Continuation/uniform_euclidean/city20_range40_swap.json,swap,euclidean,uniform,20,40.0,0.03684210526315789,10.528436188904818,1.0,7
261,37410,37410,369.0,../data/Continuation/uniform_euclidean/city20_range40_swap.json,swap,euclidean,uniform,20,40.0,0.03684210526315789,10.529693327342219,1.0,7
263,51429,51429,369.0,../data/Continuation/uniform_euclidean/city20_range40_swap.json,swap,euclidean,uniform,20,40.0,0.03684210526315789,10.84795749467561,1.0,7
264,51473,51473,369.0,../data/Continuation/uniform_euclidean/city20_range40_swap.json,swap,euclidean,uniform,20,40.0,0.03684210526315789,10.84881267732865,1.0,7
266,51846,51846,369.0,../data/Continuation/uniform_euclidean/city20_range40_swap.json,swap,euclidean,uniform,20,40.0,0.03684210526315789,10.856033065069473,1.0,7
273,51911,51911,369.0,../data/Continuation/uniform_euclidean/city20_range40_swap.json,swap,euclidean,uniform,20,40.0,0.03684210526315789,10.857285992746705,1.0,7
275,55326,55326,369.0,../data/Continuation/uniform_euclidean/city20_range40_swap.json,swap,euclidean,uniform,20,40.0,0.03684210526315789,10.920998239767215,1.0,7
278,55624,55624,369.0,../data/Continuation/uniform_euclidean/city20_range40_swap.json,swap,euclidean,uniform,20,40.0,0.03684210526315789,10.926370041778872,1.0,7
1,2308,2308,191.0,../data/Continuation/uniform_euclidean/city30_range15_swap.json,swap,euclidean,uniform,30,15.0,0.006896551724137931,7.744136627628423,0.9999999999999998,3
2,3202,3202,191.0,../data/Continuation/uniform_euclidean/city30_range15_swap.json,swap,euclidean,uniform,30,15.0,0.006896551724137931,8.071530893556972,0.9999999999999998,3
15,4010,4010,191.0,../data/Continuation/uniform_euclidean/city30_range15_swap.json,swap,euclidean,uniform,30,15.0,0.006896551724137931,8.296546520300865,0.9999999999999998,3
63,8385,8385,191.0,../data/Continuation/uniform_euclidean/city30_range15_swap.json,swap,euclidean,uniform,30,15.0,0.006896551724137931,9.034199674257428,1.0000000000000002,3
78,9415,9415,191.0,../data/Continuation/uniform_euclidean/city30_range15_swap.json,swap,euclidean,uniform,30,15.0,0.006896551724137931,9.15005944109136,0.9999999999999998,3
113,17089,17089,192.0,../data/Continuation/uniform_euclidean/city30_range15_swap.json,swap,euclidean,uniform,30,15.0,0.006896551724137931,9.746190260646967,0.9999999999999998,3
182,17673,17673,191.0,../data/Continuation/uniform_euclidean/city30_range15_swap.json,swap,euclidean,uniform,30,15.0,0.006896551724137931,9.779793330189854,0.9999999999999998,3
190,18263,18263,192.0,../data/Continuation/uniform_euclidean/city30_range15_swap.json,swap,euclidean,uniform,30,15.0,0.006896551724137931,9.812632434192096,0.9999999999999998,3
323,18735,18735,192.0,../data/Continuation/uniform_euclidean/city30_range15_swap.json,swap,euclidean,uniform,30,15.0,0.006896551724137931,9.838148711227841,0.9999999999999998,3
340,37351,37351,192.0,../data/Continuation/uniform_euclidean/city30_range15_swap.json,swap,euclidean,uniform,30,15.0,0.006896551724137931,10.528114963964294,1.0,3
1,2224,2224,427.0,../data/Continuation/uniform_euclidean/city30_range35_wouter.json,inplace,euclidean,uniform,30,35.0,0.013793103448275862,7.7070626553709225,0.9999999999999998,6
2,3124,3124,423.0,../data/Continuation/uniform_euclidean/city30_range35_wouter.json,inplace,euclidean,uniform,30,35.0,0.016091954022988506,8.046869510959898,1.0000000000000004,7
3,12934,12934,415.0,../data/Continuation/uniform_euclidean/city30_range35_wouter.json,inplace,euclidean,uniform,30,35.0,0.01839080459770115,9.467614782006615,1.0,8
23,12935,12935,415.0,../data/Continuation/uniform_euclidean/city30_range35_wouter.json,inplace,euclidean,uniform,30,35.0,0.020689655172413793,9.467692094620206,1.0,9
28,14492,14492,411.0,../data/Continuation/uniform_euclidean/city30_range35_wouter.json,inplace,euclidean,uniform,30,35.0,0.020689655172413793,9.581352052015037,0.9999999999999998,9
29,14557,14557,411.0,../data/Continuation/uniform_euclidean/city30_range35_wouter.json,inplace,euclidean,uniform,30,35.0,0.022988505747126436,9.58582725656473,0.9999999999999998,10
34,14781,14781,411.0,../data/Continuation/uniform_euclidean/city30_range35_wouter.json,inplace,euclidean,uniform,30,35.0,0.02528735632183908,9.60109785121214,0.9999999999999998,11
46,20196,20196,411.0,../data/Continuation/uniform_euclidean/city30_range35_wouter.json,inplace,euclidean,uniform,30,35.0,0.02528735632183908,9.913239843978856,0.9999999999999998,11
54,33232,33232,408.0,../data/Continuation/uniform_euclidean/city30_range35_wouter.json,inplace,euclidean,uniform,30,35.0,0.027586206896551724,10.411268546115924,1.0000000000000002,12
55,33236,33236,408.0,../data/Continuation/uniform_euclidean/city30_range35_wouter.json,inplace,euclidean,uniform,30,35.0,0.029885057471264367,10.411388904784902,1.0000000000000002,13
67,33240,33240,408.0,../data/Continuation/uniform_euclidean/city30_range35_wouter.json,inplace,euclidean,uniform,30,35.0,0.03218390804597701,10.411509248969415,1.0000000000000002,14
78,33249,33249,408.0,../data/Continuation/uniform_euclidean/city30_range35_wouter.json,inplace,euclidean,uniform,30,35.0,0.03218390804597701,10.411779970443792,1.0000000000000002,14
79,33268,33268,408.0,../data/Continuation/uniform_euclidean/city30_range35_wouter.json,inplace,euclidean,uniform,30,35.0,0.034482758620689655,10.412351252988609,1.0000000000000002,15
80,33379,33379,408.0,../data/Continuation/uniform_euclidean/city30_range35_wouter.json,inplace,euclidean,uniform,30,35.0,0.034482758620689655,10.415682238708387,1.0000000000000002,15
81,33519,33519,408.0,../data/Continuation/uniform_euclidean/city30_range35_wouter.json,inplace,euclidean,uniform,30,35.0,0.034482758620689655,10.419867721215477,1.0000000000000002,15
89,33532,33532,408.0,../data/Continuation/uniform_euclidean/city30_range35_wouter.json,inplace,euclidean,uniform,30,35.0,0.034482758620689655,10.420255485757778,1.0000000000000002,15
90,33535,33535,408.0,../data/Continuation/uniform_euclidean/city30_range35_wouter.json,inplace,euclidean,uniform,30,35.0,0.034482758620689655,10.420344948533867,1.0000000000000002,15
95,33570,33570,408.0,../data/Continuation/uniform_euclidean/city30_range35_wouter.json,inplace,euclidean,uniform,30,35.0,0.034482758620689655,10.42138808997411,1.0000000000000002,15
119,33594,33594,408.0,../data/Continuation/uniform_euclidean/city30_range35_wouter.json,inplace,euclidean,uniform,30,35.0,0.034482758620689655,10.422102758576978,1.0000000000000002,15
128,33728,33728,408.0,../data/Continuation/uniform_euclidean/city30_range35_wouter.json,inplace,euclidean,uniform,30,35.0,0.0367816091954023,10.426083631901063,1.0000000000000002,16
129,33859,33859,408.0,../data/Continuation/uniform_euclidean/city30_range35_wouter.json,inplace,euclidean,uniform,30,35.0,0.0367816091954023,10.429960121878326,1.0000000000000002,16
157,33861,33861,408.0,../data/Continuation/uniform_euclidean/city30_range35_wouter.json,inplace,euclidean,uniform,30,35.0,0.0367816091954023,10.430019188623765,1.0000000000000002,16
167,33890,33890,408.0,../data/Continuation/uniform_euclidean/city30_range35_wouter.json,inplace,euclidean,uniform,30,35.0,0.03908045977011494,10.430875264601127,1.0000000000000002,17
192,33897,33897,408.0,../data/Continuation/uniform_euclidean/city30_range35_wouter.json,inplace,euclidean,uniform,30,35.0,0.03908045977011494,10.431081793877386,1.0000000000000002,17
198,33900,33900,408.0,../data/Continuation/uniform_euclidean/city30_range35_wouter.json,inplace,euclidean,uniform,30,35.0,0.03908045977011494,10.43117029336857,1.0000000000000002,17
199,37774,37774,408.0,../data/Continuation/uniform_euclidean/city30_range35_wouter.json,inplace,euclidean,uniform,30,35.0,0.041379310344827586,10.539376314255819,1.0,18
205,37926,37926,408.0,../data/Continuation/uniform_euclidean/city30_range35_wouter.json,inplace,euclidean,uniform,30,35.0,0.041379310344827586,10.54339217170038,1.0,18
207,38260,38260,400.0,../data/Continuation/uniform_euclidean/city30_range35_wouter.json,inplace,euclidean,uniform,30,35.0,0.04367816091954023,10.55216024299427,0.9999999999999999,19
212,38294,38294,400.0,../data/Continuation/uniform_euclidean/city30_range35_wouter.json,inplace,euclidean,uniform,30,35.0,0.04367816091954023,10.553048504933177,0.9999999999999999,19
222,38306,38306,400.0,../data/Continuation/uniform_euclidean/city30_range35_wouter.json,inplace,euclidean,uniform,30,35.0,0.04597701149425287,10.553361820862632,0.9999999999999999,20
224,38364,38364,400.0,../data/Continuation/uniform_euclidean/city30_range35_wouter.json,inplace,euclidean,uniform,30,35.0,0.04827586206896552,10.554874798847868,0.9999999999999999,21
227,38379,38379,400.0,../data/Continuation/uniform_euclidean/city30_range35_wouter.json,inplace,euclidean,uniform,30,35.0,0.04827586206896552,10.55526571398517,0.9999999999999999,21
232,38459,38459,400.0,../data/Continuation/uniform_euclidean/city30_range35_wouter.json,inplace,euclidean,uniform,30,35.0,0.05057471264367816,10.557348017764722,0.9999999999999999,22
235,43375,43375,388.0,../data/Continuation/uniform_euclidean/city30_range35_wouter.json,inplace,euclidean,uniform,30,35.0,0.052873563218390804,10.677638517249184,1.0,23
243,43621,43621,388.0,../data/Continuation/uniform_euclidean/city30_range35_wouter.json,inplace,euclidean,uniform,30,35.0,0.052873563218390804,10.683293964756503,1.0,23
247,43622,43622,388.0,../data/Continuation/uniform_euclidean/city30_range35_wouter.json,inplace,euclidean,uniform,30,35.0,0.052873563218390804,10.68331688923182,1.0,23
267,43623,43623,388.0,../data/Continuation/uniform_euclidean/city30_range35_wouter.json,inplace,euclidean,uniform,30,35.0,0.052873563218390804,10.683339813181618,1.0,23
268,43670,43670,388.0,../data/Continuation/uniform_euclidean/city30_range35_wouter.json,inplace,euclidean,uniform,30,35.0,0.052873563218390804,10.68441664647963,1.0000000000000002,23
278,44395,44395,388.0,../data/Continuation/uniform_euclidean/city30_range35_wouter.json,inplace,euclidean,uniform,30,35.0,0.052873563218390804,10.70088212946645,1.0000000000000002,23
281,44437,44437,388.0,../data/Continuation/uniform_euclidean/city30_range35_wouter.json,inplace,euclidean,uniform,30,35.0,0.05517241379310345,10.70182773472423,1.0000000000000002,24
288,45964,45964,388.0,../data/Continuation/uniform_euclidean/city30_range35_wouter.json,inplace,euclidean,uniform,30,35.0,0.05517241379310345,10.735613760377547,1.0000000000000002,24
294,49683,49683,388.0,../data/Continuation/uniform_euclidean/city30_range35_wouter.json,inplace,euclidean,uniform,30,35.0,0.05517241379310345,10.813418101257621,0.9999999999999999,24
301,49686,49686,388.0,../data/Continuation/uniform_euclidean/city30_range35_wouter.json,inplace,euclidean,uniform,30,35.0,0.05517241379310345,10.813478482261775,0.9999999999999999,24
309,49690,49690,388.0,../data/Continuation/uniform_euclidean/city30_range35_wouter.json,inplace,euclidean,uniform,30,35.0,0.05517241379310345,10.813558984596387,0.9999999999999999,24
310,60523,60523,396.0,../data/Continuation/uniform_euclidean/city30_range35_wouter.json,inplace,euclidean,uniform,30,35.0,0.052873563218390804,11.010778737063692,1.0000000000000002,23
328,95782,95782,385.0,../data/Continuation/uniform_euclidean/city30_range35_wouter.json,inplace,euclidean,uniform,30,35.0,0.05517241379310345,11.469830054864653,0.9999999999999998,24
339,95786,95786,385.0,../data/Continuation/uniform_euclidean/city30_range35_wouter.json,inplace,euclidean,uniform,30,35.0,0.05747126436781609,11.46987181549274,0.9999999999999998,25
346,95804,95804,385.0,../data/Continuation/uniform_euclidean/city30_range35_wouter.json,inplace,euclidean,uniform,30,35.0,0.05747126436781609,11.470059716740748,0.9999999999999998,25
349,95806,95806,385.0,../data/Continuation/uniform_euclidean/city30_range35_wouter.json,inplace,euclidean,uniform,30,35.0,0.05747126436781609,11.470080592477922,0.9999999999999998,25
356,95879,95879,385.0,../data/Continuation/uniform_euclidean/city30_range35_wouter.json,inplace,euclidean,uniform,30,35.0,0.05747126436781609,11.470842258790144,0.9999999999999998,25
357,95905,95905,385.0,../data/Continuation/uniform_euclidean/city30_range35_wouter.json,inplace,euclidean,uniform,30,35.0,0.059770114942528735,11.471113397155799,0.9999999999999998,26
365,95906,95906,385.0,../data/Continuation/uniform_euclidean/city30_range35_wouter.json,inplace,euclidean,uniform,30,35.0,0.06206896551724138,11.471123824086476,0.9999999999999998,27
372,98272,98272,385.0,../data/Continuation/uniform_euclidean/city30_range35_wouter.json,inplace,euclidean,uniform,30,35.0,0.06206896551724138,11.49549442324056,0.9999999999999998,27
394,98297,98297,385.0,../data/Continuation/uniform_euclidean/city30_range35_wouter.json,inplace,euclidean,uniform,30,35.0,0.06206896551724138,11.49574878684962,0.9999999999999998,27
397,98322,98322,385.0,../data/Continuation/uniform_euclidean/city30_range35_wouter.json,inplace,euclidean,uniform,30,35.0,0.06206896551724138,11.496003085774289,0.9999999999999998,27
398,98386,98386,385.0,../data/Continuation/uniform_euclidean/city30_range35_wouter.json,inplace,euclidean,uniform,30,35.0,0.06206896551724138,11.496653796495341,0.9999999999999998,27
401,98399,98399,385.0,../data/Continuation/uniform_euclidean/city30_range35_wouter.json,inplace,euclidean,uniform,30,35.0,0.06206896551724138,11.49678592038709,0.9999999999999998,27
402,151018,151018,385.0,../data/Continuation/uniform_euclidean/city30_range35_wouter.json,inplace,euclidean,uniform,30,35.0,0.06206896551724138,11.925154313990694,0.9999999999999998,27
403,443790,443790,375.0,../data/Continuation/uniform_euclidean/city30_range35_wouter.json,inplace,euclidean,uniform,30,35.0,0.06206896551724138,13.003106756554393,1.0000000000000002,27
406,445604,445604,375.0,../data/Continuation/uniform_euclidean/city30_range35_wouter.json,inplace,euclidean,uniform,30,35.0,0.06206896551724138,13.007185944215605,1.0000000000000002,27
407,445629,445629,375.0,../data/Continuation/uniform_euclidean/city30_range35_wouter.json,inplace,euclidean,uniform,30,35.0,0.06206896551724138,13.007242046267496,1.0000000000000002,27
409,445699,445699,375.0,../data/Continuation/uniform_euclidean/city30_range35_wouter.json,inplace,euclidean,uniform,30,35.0,0.06436781609195402,13.007399115270477,1.0000000000000002,28
416,445702,445702,375.0,../data/Continuation/uniform_euclidean/city30_range35_wouter.json,inplace,euclidean,uniform,30,35.0,0.06436781609195402,13.007405846247893,1.0000000000000002,28
419,445806,445806,375.0,../data/Continuation/uniform_euclidean/city30_range35_wouter.json,inplace,euclidean,uniform,30,35.0,0.06436781609195402,13.00763915879354,1.0000000000000002,28
421,445882,445882,375.0,../data/Continuation/uniform_euclidean/city30_range35_wouter.json,inplace,euclidean,uniform,30,35.0,0.06436781609195402,13.007809622005299,1.0,28
422,473304,473304,375.0,../data/Continuation/uniform_euclidean/city30_range35_wouter.json,inplace,euclidean,uniform,30,35.0,0.06436781609195402,13.067493167158016,1.0,28
426,473576,473576,375.0,../data/Continuation/uniform_euclidean/city30_range35_wouter.json,inplace,euclidean,uniform,30,35.0,0.06666666666666667,13.068067685592204,1.0000000000000002,29
429,473584,473584,375.0,../data/Continuation/uniform_euclidean/city30_range35_wouter.json,inplace,euclidean,uniform,30,35.0,0.06666666666666667,13.068084578197466,1.0,29
431,473591,473591,375.0,../data/Continuation/uniform_euclidean/city30_range35_wouter.json,inplace,euclidean,uniform,30,35.0,0.06666666666666667,13.06809935899299,1.0,29
438,473592,473592,375.0,../data/Continuation/uniform_euclidean/city30_range35_wouter.json,inplace,euclidean,uniform,30,35.0,0.06666666666666667,13.068101470517373,1.0,29
1,53945,53945,884.0,../data/Continuation/uniform_euclidean/city30_range75_swap.json,swap,euclidean,uniform,30,75.0,0.027586206896551724,10.895720287985458,1.0000000000000002,12
3,54129,54129,884.0,../data/Continuation/uniform_euclidean/city30_range75_swap.json,swap,euclidean,uniform,30,75.0,0.027586206896551724,10.899125365576426,1.0000000000000002,12
4,55105,55105,884.0,../data/Continuation/uniform_euclidean/city30_range75_swap.json,swap,euclidean,uniform,30,75.0,0.027586206896551724,10.91699573512566,1.0000000000000002,12
10,55447,55447,884.0,../data/Continuation/uniform_euclidean/city30_range75_swap.json,swap,euclidean,uniform,30,75.0,0.027586206896551724,10.92318288851961,1.0000000000000002,12
12,88366,88366,883.0,../data/Continuation/uniform_euclidean/city30_range75_swap.json,swap,euclidean,uniform,30,75.0,0.027586206896551724,11.389242559257664,1.0000000000000002,12
15,102151,102151,883.0,../data/Continuation/uniform_euclidean/city30_range75_swap.json,swap,euclidean,uniform,30,75.0,0.027586206896551724,11.534207389723068,1.0000000000000002,12
45,105467,105467,883.0,../data/Continuation/uniform_euclidean/city30_range75_swap.json,swap,euclidean,uniform,30,75.0,0.027586206896551724,11.5661533867588,1.0000000000000002,12
47,113596,113596,883.0,../data/Continuation/uniform_euclidean/city30_range75_swap.json,swap,euclidean,uniform,30,75.0,0.027586206896551724,11.64040357338166,1.0000000000000002,12
48,114871,114871,883.0,../data/Continuation/uniform_euclidean/city30_range75_swap.json,swap,euclidean,uniform,30,75.0,0.027586206896551724,11.651565038594732,1.0000000000000002,12
54,115339,115339,883.0,../data/Continuation/uniform_euclidean/city30_range75_swap.json,swap,euclidean,uniform,30,75.0,0.027586206896551724,11.655630897112754,1.0000000000000002,12
56,116220,116220,883.0,../data/Continuation/uniform_euclidean/city30_range75_swap.json,swap,euclidean,uniform,30,75.0,0.027586206896551724,11.663240225629105,1.0000000000000002,12
68,118888,118888,883.0,../data/Continuation/uniform_euclidean/city30_range75_swap.json,swap,euclidean,uniform,30,75.0,0.027586206896551724,11.685937152438413,1.0000000000000002,12
71,120424,120424,883.0,../data/Continuation/uniform_euclidean/city30_range75_swap.json,swap,euclidean,uniform,30,75.0,0.027586206896551724,11.698774127540348,1.0000000000000002,12
92,124293,124293,883.0,../data/Continuation/uniform_euclidean/city30_range75_swap.json,swap,euclidean,uniform,30,75.0,0.027586206896551724,11.73039696054699,1.0000000000000002,12
94,124338,124338,883.0,../data/Continuation/uniform_euclidean/city30_range75_swap.json,swap,euclidean,uniform,30,75.0,0.027586206896551724,11.73075894276555,1.0000000000000002,12
100,177736,177736,883.0,../data/Continuation/uniform_euclidean/city30_range75_swap.json,swap,euclidean,uniform,30,75.0,0.027586206896551724,12.08805458225697,1.0000000000000002,12
103,177766,177766,883.0,../data/Continuation/uniform_euclidean/city30_range75_swap.json,swap,euclidean,uniform,30,75.0,0.027586206896551724,12.088223357679167,1.0000000000000002,12
105,225110,225110,883.0,../data/Continuation/uniform_euclidean/city30_range75_swap.json,swap,euclidean,uniform,30,75.0,0.027586206896551724,12.324344450608214,1.0000000000000002,12
108,225291,225291,883.0,../data/Continuation/uniform_euclidean/city30_range75_swap.json,swap,euclidean,uniform,30,75.0,0.027586206896551724,12.325148178884765,1.0000000000000002,12
112,236844,236844,883.0,../data/Continuation/uniform_euclidean/city30_range75_swap.json,swap,euclidean,uniform,30,75.0,0.027586206896551724,12.375156975542112,1.0000000000000002,12
115,242143,242143,883.0,../data/Continuation/uniform_euclidean/city30_range75_swap.json,swap,euclidean,uniform,30,75.0,0.027586206896551724,12.397283739711705,1.0000000000000002,12
116,245451,245451,883.0,../data/Continuation/uniform_euclidean/city30_range75_swap.json,swap,euclidean,uniform,30,75.0,0.027586206896551724,12.410852613627425,1.0000000000000002,12
126,245751,245751,883.0,../data/Continuation/uniform_euclidean/city30_range75_swap.json,swap,euclidean,uniform,30,75.0,0.027586206896551724,12.41207410717713,1.0000000000000002,12
129,247094,247094,883.0,../data/Continuation/uniform_euclidean/city30_range75_swap.json,swap,euclidean,uniform,30,75.0,0.027586206896551724,12.41752411001456,1.0000000000000002,12
136,306608,306608,883.0,../data/Continuation/uniform_euclidean/city30_range75_swap.json,swap,euclidean,uniform,30,75.0,0.027586206896551724,12.63332533770828,1.0000000000000002,12
143,306682,306682,883.0,../data/Continuation/uniform_euclidean/city30_range75_swap.json,swap,euclidean,uniform,30,75.0,0.027586206896551724,12.633566659107158,1.0000000000000002,12
149,306683,306683,883.0,../data/Continuation/uniform_euclidean/city30_range75_swap.json,swap,euclidean,uniform,30,75.0,0.027586206896551724,12.633569919808371,1.0000000000000002,12
151,310881,310881,883.0,../data/Continuation/uniform_euclidean/city30_range75_swap.json,swap,euclidean,uniform,30,75.0,0.027586206896551724,12.647165481281341,1.0000000000000002,12
160,312587,312587,883.0,../data/Continuation/uniform_euclidean/city30_range75_swap.json,swap,euclidean,uniform,30,75.0,0.027586206896551724,12.652638109412507,1.0000000000000002,12
163,312880,312880,883.0,../data/Continuation/uniform_euclidean/city30_range75_swap.json,swap,euclidean,uniform,30,75.0,0.027586206896551724,12.6535750094294,1.0000000000000002,12
169,312885,312885,883.0,../data/Continuation/uniform_euclidean/city30_range75_swap.json,swap,euclidean,uniform,30,75.0,0.027586206896551724,12.653590989869341,1.0000000000000002,12
171,312974,312974,883.0,../data/Continuation/uniform_euclidean/city30_range75_swap.json,swap,euclidean,uniform,30,75.0,0.027586206896551724,12.65387539897938,1.0000000000000002,12
172,313075,313075,883.0,../data/Continuation/uniform_euclidean/city30_range75_swap.json,swap,euclidean,uniform,30,75.0,0.027586206896551724,12.654198057432236,1.0000000000000002,12
174,313532,313532,883.0,../data/Continuation/uniform_euclidean/city30_range75_swap.json,swap,euclidean,uniform,30,75.0,0.027586206896551724,12.655656707211214,1.0000000000000002,12
176,314179,314179,883.0,../data/Continuation/uniform_euclidean/city30_range75_swap.json,swap,euclidean,uniform,30,75.0,0.027586206896551724,12.657718166160079,1.0000000000000002,12
1,743596,743596,351.0,../data/Results/lognormal_euclidean/city30_range1.2_scramble.json,scramble,euclidean,lognormal,30,1.2,0.04367816091954023,13.519253155578811,1.0000000000000002,19
1,14690,14690,344.0,../data/Results/lognormal_euclidean/city30_range1.0_wouter.json,inplace,euclidean,lognormal,30,1.0,0.03218390804597701,9.594922269167991,1.0,14
12,20850,20850,344.0,../data/Results/lognormal_euclidean/city30_range1.0_wouter.json,inplace,euclidean,lognormal,30,1.0,0.034482758620689655,9.945109227226995,1.0,15
13,20862,20862,344.0,../data/Results/lognormal_euclidean/city30_range1.0_wouter.json,inplace,euclidean,lognormal,30,1.0,0.0367816091954023,9.945684601235964,1.0,16
14,21226,21226,344.0,../data/Results/lognormal_euclidean/city30_range1.0_wouter.json,inplace,euclidean,lognormal,30,1.0,0.03908045977011494,9.962982124321815,1.0,17
18,21227,21227,344.0,../data/Results/lognormal_euclidean/city30_range1.0_wouter.json,inplace,euclidean,lognormal,30,1.0,0.041379310344827586,9.963029235244491,1.0,18
20,21282,21282,344.0,../data/Results/lognormal_euclidean/city30_range1.0_wouter.json,inplace,euclidean,lognormal,30,1.0,0.04367816091954023,9.965616924001724,1.0,19
22,34490,34490,344.0,../data/Results/lognormal_euclidean/city30_range1.0_wouter.json,inplace,euclidean,lognormal,30,1.0,0.04597701149425287,10.448424705930915,1.0000000000000002,20
36,34492,34492,344.0,../data/Results/lognormal_euclidean/city30_range1.0_wouter.json,inplace,euclidean,lognormal,30,1.0,0.04827586206896552,10.448482692072243,1.0000000000000002,21
47,34504,34504,344.0,../data/Results/lognormal_euclidean/city30_range1.0_wouter.json,inplace,euclidean,lognormal,30,1.0,0.05057471264367816,10.448830538327709,1.0000000000000002,22
57,181316,181316,345.0,../data/Results/lognormal_euclidean/city30_range1.0_wouter.json,inplace,euclidean,lognormal,30,1.0,0.052873563218390804,12.107996644365835,1.0000000000000002,23
59,182627,182627,345.0,../data/Results/lognormal_euclidean/city30_range1.0_wouter.json,inplace,euclidean,lognormal,30,1.0,0.05517241379310345,12.115201100396188,1.0000000000000002,24
60,182918,182918,345.0,../data/Results/lognormal_euclidean/city30_range1.0_wouter.json,inplace,euclidean,lognormal,30,1.0,0.05747126436781609,12.116793243970697,1.0000000000000002,25
72,182940,182940,345.0,../data/Results/lognormal_euclidean/city30_range1.0_wouter.json,inplace,euclidean,lognormal,30,1.0,0.059770114942528735,12.116913509210361,1.0000000000000002,26
73,185373,185373,345.0,../data/Results/lognormal_euclidean/city30_range1.0_wouter.json,inplace,euclidean,lognormal,30,1.0,0.06206896551724138,12.130125290440702,1.0000000000000002,27
75,189281,189281,345.0,../data/Results/lognormal_euclidean/city30_range1.0_wouter.json,inplace,euclidean,lognormal,30,1.0,0.06436781609195402,12.150987962376623,0.9999999999999999,28
77,196112,196112,345.0,../data/Results/lognormal_euclidean/city30_range1.0_wouter.json,inplace,euclidean,lognormal,30,1.0,0.06666666666666667,12.186441203580952,0.9999999999999999,29
83,201523,201523,345.0,../data/Results/lognormal_euclidean/city30_range1.0_wouter.json,inplace,euclidean,lognormal,30,1.0,0.06896551724137931,12.213658797775553,0.9999999999999999,30
86,201524,201524,345.0,../data/Results/lognormal_euclidean/city30_range1.0_wouter.json,inplace,euclidean,lognormal,30,1.0,0.07126436781609195,12.213663759975992,0.9999999999999999,31
88,206911,206911,345.0,../data/Results/lognormal_euclidean/city30_range1.0_wouter.json,inplace,euclidean,lognormal,30,1.0,0.0735632183908046,12.240044028100959,0.9999999999999999,32
92,206913,206913,345.0,../data/Results/lognormal_euclidean/city30_range1.0_wouter.json,inplace,euclidean,lognormal,30,1.0,0.07586206896551724,12.240053694045903,0.9999999999999999,33
96,207293,207293,345.0,../data/Results/lognormal_euclidean/city30_range1.0_wouter.json,inplace,euclidean,lognormal,30,1.0,0.07816091954022988,12.241888530367007,0.9999999999999999,34
100,207341,207341,345.0,../data/Results/lognormal_euclidean/city30_range1.0_wouter.json,inplace,euclidean,lognormal,30,1.0,0.08045977011494253,12.242120059861522,0.9999999999999999,35
109,207355,207355,345.0,../data/Results/lognormal_euclidean/city30_range1.0_wouter.json,inplace,euclidean,lognormal,30,1.0,0.08275862068965517,12.242187579201016,0.9999999999999999,36
111,208758,208758,345.0,../data/Results/lognormal_euclidean/city30_range1.0_wouter.json,inplace,euclidean,lognormal,30,1.0,0.08505747126436781,12.248930965332079,0.9999999999999999,37
115,208760,208760,345.0,../data/Results/lognormal_euclidean/city30_range1.0_wouter.json,inplace,euclidean,lognormal,30,1.0,0.08735632183908046,12.248940545757355,0.9999999999999999,38
117,209158,209158,345.0,../data/Results/lognormal_euclidean/city30_range1.0_wouter.json,inplace,euclidean,lognormal,30,1.0,0.0896551724137931,12.2508452261986,0.9999999999999999,39
129,213062,213062,345.0,../data/Results/lognormal_euclidean/city30_range1.0_wouter.json,inplace,euclidean,lognormal,30,1.0,0.09195402298850575,12.269338482148264,0.9999999999999999,40
136,213101,213101,345.0,../data/Results/lognormal_euclidean/city30_range1.0_wouter.json,inplace,euclidean,lognormal,30,1.0,0.09425287356321839,12.26952151070827,0.9999999999999999,41
1,5273,5273,300.0,../data/Results/lognormal_euclidean/city30_range0.8_wouter.json,inplace,euclidean,lognormal,30,0.8,0.020689655172413793,8.570354739530659,1.0,9
14,5278,5278,300.0,../data/Results/lognormal_euclidean/city30_range0.8_wouter.json,inplace,euclidean,lognormal,30,0.8,0.022988505747126436,8.57130251706346,1.0,10
19,6604,6604,300.0,../data/Results/lognormal_euclidean/city30_range0.8_wouter.json,inplace,euclidean,lognormal,30,0.8,0.02528735632183908,8.79543080504017,1.0,11
21,6719,6719,300.0,../data/Results/lognormal_euclidean/city30_range0.8_wouter.json,inplace,euclidean,lognormal,30,0.8,0.027586206896551724,8.812694612920298,1.0,12
72,6784,6784,300.0,../data/Results/lognormal_euclidean/city30_range0.8_wouter.json,inplace,euclidean,lognormal,30,0.8,0.029885057471264367,8.822322177471886,1.0,13
81,9720,9720,301.0,../data/Results/lognormal_euclidean/city30_range0.8_wouter.json,inplace,euclidean,lognormal,30,0.8,0.03218390804597701,9.181940897454588,1.0,14
83,11987,11987,301.0,../data/Results/lognormal_euclidean/city30_range0.8_wouter.json,inplace,euclidean,lognormal,30,0.8,0.034482758620689655,9.391578008207183,1.0,15
164,13204,13204,301.0,../data/Results/lognormal_euclidean/city30_range0.8_wouter.json,inplace,euclidean,lognormal,30,0.8,0.0367816091954023,9.48827509297316,1.0,16
307,13605,13605,301.0,../data/Results/lognormal_euclidean/city30_range0.8_wouter.json,inplace,euclidean,lognormal,30,0.8,0.03908045977011494,9.51819265121742,1.0,17
1,250,250,167.0,../data/Results/lognormal_euclidean/city20_range0.6_wouter.json,inplace,euclidean,lognormal,20,0.6,0.02631578947368421,5.521460917866246,1.0,5
11,252,252,167.0,../data/Results/lognormal_euclidean/city20_range0.6_wouter.json,inplace,euclidean,lognormal,20,0.6,0.031578947368421054,5.529429087515392,1.0,6
14,355,355,167.0,../data/Results/lognormal_euclidean/city20_range0.6_wouter.json,inplace,euclidean,lognormal,20,0.6,0.03684210526315789,5.872117789478232,1.0,7
30,365,365,167.0,../data/Results/lognormal_euclidean/city20_range0.6_wouter.json,inplace,euclidean,lognormal,20,0.6,0.042105263157894736,5.8998973535852315,1.0,8
31,418,418,167.0,../data/Results/lognormal_euclidean/city20_range0.6_wouter.json,inplace,euclidean,lognormal,20,0.6,0.04736842105263158,6.035481432527148,1.0,9
36,431,431,167.0,../data/Results/lognormal_euclidean/city20_range0.6_wouter.json,inplace,euclidean,lognormal,20,0.6,0.05263157894736842,6.066108090106068,1.0,10
38,498,498,167.0,../data/Results/lognormal_euclidean/city20_range0.6_wouter.json,inplace,euclidean,lognormal,20,0.6,0.05789473684210526,6.210600077026661,1.0,11
43,512,512,167.0,../data/Results/lognormal_euclidean/city20_range0.6_wouter.json,inplace,euclidean,lognormal,20,0.6,0.06315789473684211,6.238324625041461,1.0,12
47,791,791,168.0,../data/Results/lognormal_euclidean/city20_range0.6_wouter.json,inplace,euclidean,lognormal,20,0.6,0.06842105263157895,6.673297967768918,1.0,13
51,1025,1025,168.0,../data/Results/lognormal_euclidean/city20_range0.6_wouter.json,inplace,euclidean,lognormal,20,0.6,0.07368421052631578,6.932447891573484,1.0,14
56,1346,1346,168.0,../data/Results/lognormal_euclidean/city20_range0.6_wouter.json,inplace,euclidean,lognormal,20,0.6,0.07894736842105263,7.204892510205416,1.0,15
57,1370,1370,168.0,../data/Results/lognormal_euclidean/city20_range0.6_wouter.json,inplace,euclidean,lognormal,20,0.6,0.08421052631578947,7.2225660188229,1.0,16
59,1710,1710,168.0,../data/Results/lognormal_euclidean/city20_range0.6_wouter.json,inplace,euclidean,lognormal,20,0.6,0.08947368421052632,7.444248649497291,1.0,17
114,1737,1737,168.0,../data/Results/lognormal_euclidean/city20_range0.6_wouter.json,inplace,euclidean,lognormal,20,0.6,0.09473684210526316,7.45991476624168,1.0,18
116,1848,1848,168.0,../data/Results/lognormal_euclidean/city20_range0.6_wouter.json,inplace,euclidean,lognormal,20,0.6,0.1,7.52185925220217,1.0,19
127,2880,2880,169.0,../data/Results/lognormal_euclidean/city20_range0.6_wouter.json,inplace,euclidean,lognormal,20,0.6,0.10526315789473684,7.965545573130338,1.0,20
130,3103,3103,169.0,../data/Results/lognormal_euclidean/city20_range0.6_wouter.json,inplace,euclidean,lognormal,20,0.6,0.11052631578947368,8.040124664448703,1.0,21
134,4346,4346,169.0,../data/Results/lognormal_euclidean/city20_range0.6_wouter.json,inplace,euclidean,lognormal,20,0.6,0.11578947368421053,8.377011160816606,1.0,22
138,4498,4498,169.0,../data/Results/lognormal_euclidean/city20_range0.6_wouter.json,inplace,euclidean,lognormal,20,0.6,0.12105263157894737,8.411388132519484,1.0,23
147,4571,4571,169.0,../data/Results/lognormal_euclidean/city20_range0.6_wouter.json,inplace,euclidean,lognormal,20,0.6,0.12631578947368421,8.427487278331963,1.0,24
245,4741,4741,169.0,../data/Results/lognormal_euclidean/city20_range0.6_wouter.json,inplace,euclidean,lognormal,20,0.6,0.13157894736842105,8.464003362902329,1.0,25
254,4776,4776,169.0,../data/Results/lognormal_euclidean/city20_range0.6_wouter.json,inplace,euclidean,lognormal,20,0.6,0.1368421052631579,8.471358655072647,1.0,26
262,4778,4778,169.0,../data/Results/lognormal_euclidean/city20_range0.6_wouter.json,inplace,euclidean,lognormal,20,0.6,0.14210526315789473,8.471777327885965,1.0,27
286,6247,6247,170.0,../data/Results/lognormal_euclidean/city20_range0.6_wouter.json,inplace,euclidean,lognormal,20,0.6,0.14736842105263157,8.73985662749373,1.0,28
288,6262,6262,170.0,../data/Results/lognormal_euclidean/city20_range0.6_wouter.json,inplace,euclidean,lognormal,20,0.6,0.15263157894736842,8.742254901886511,1.0,29
293,6266,6266,170.0,../data/Results/lognormal_euclidean/city20_range0.6_wouter.json,inplace,euclidean,lognormal,20,0.6,0.15789473684210525,8.742893471512296,1.0,30
521,10722,10722,171.0,../data/Results/lognormal_euclidean/city20_range0.6_wouter.json,inplace,euclidean,lognormal,20,0.6,0.1631578947368421,9.280052984387577,1.0,31
523,10723,10723,171.0,../data/Results/lognormal_euclidean/city20_range0.6_wouter.json,inplace,euclidean,lognormal,20,0.6,0.16842105263157894,9.280146246220239,1.0,32
529,10838,10838,171.0,../data/Results/lognormal_euclidean/city20_range0.6_wouter.json,inplace,euclidean,lognormal,20,0.6,0.1736842105263158,9.290813756126152,1.0,33
540,10841,10841,171.0,../data/Results/lognormal_euclidean/city20_range0.6_wouter.json,inplace,euclidean,lognormal,20,0.6,0.17894736842105263,9.291090521661385,1.0,34
544,10843,10843,171.0,../data/Results/lognormal_euclidean/city20_range0.6_wouter.json,inplace,euclidean,lognormal,20,0.6,0.18421052631578946,9.291274989472274,1.0,35
550,10846,10846,171.0,../data/Results/lognormal_euclidean/city20_range0.6_wouter.json,inplace,euclidean,lognormal,20,0.6,0.18947368421052632,9.291551627401098,1.0,36
573,10847,10847,171.0,../data/Results/lognormal_euclidean/city20_range0.6_wouter.json,inplace,euclidean,lognormal,20,0.6,0.19473684210526315,9.29164382304031,1.0,37
579,10970,10970,171.0,../data/Results/lognormal_euclidean/city20_range0.6_wouter.json,inplace,euclidean,lognormal,20,0.6,0.2,9.302919553269367,1.0,38
591,10973,10973,171.0,../data/Results/lognormal_euclidean/city20_range0.6_wouter.json,inplace,euclidean,lognormal,20,0.6,0.20526315789473684,9.30319298899089,1.0,39
605,10974,10974,171.0,../data/Results/lognormal_euclidean/city20_range0.6_wouter.json,inplace,euclidean,lognormal,20,0.6,0.21052631578947367,9.303284117619011,1.0,40
659,10981,10981,171.0,../data/Results/lognormal_euclidean/city20_range0.6_wouter.json,inplace,euclidean,lognormal,20,0.6,0.21578947368421053,9.303921785597804,1.0,41
667,10989,10989,171.0,../data/Results/lognormal_euclidean/city20_range0.6_wouter.json,inplace,euclidean,lognormal,20,0.6,0.22105263157894736,9.304650051447014,1.0,42
684,10992,10992,171.0,../data/Results/lognormal_euclidean/city20_range0.6_wouter.json,inplace,euclidean,lognormal,20,0.6,0.22631578947368422,9.304923014462222,1.0,43
720,10993,10993,171.0,../data/Results/lognormal_euclidean/city20_range0.6_wouter.json,inplace,euclidean,lognormal,20,0.6,0.23157894736842105,9.305013985578954,1.0,44
761,11194,11194,171.0,../data/Results/lognormal_euclidean/city20_range0.6_wouter.json,inplace,euclidean,lognormal,20,0.6,0.23684210526315788,9.323133199451394,1.0,45
819,11201,11201,171.0,../data/Results/lognormal_euclidean/city20_range0.6_wouter.json,inplace,euclidean,lognormal,20,0.6,0.24210526315789474,9.323758339011828,1.0,46
858,11216,11216,171.0,../data/Results/lognormal_euclidean/city20_range0.6_wouter.json,inplace,euclidean,lognormal,20,0.6,0.24736842105263157,9.32509660927446,1.0,47
886,11217,11217,171.0,../data/Results/lognormal_euclidean/city20_range0.6_wouter.json,inplace,euclidean,lognormal,20,0.6,0.25263157894736843,9.325185763645313,1.0,48
896,11258,11258,171.0,../data/Results/lognormal_euclidean/city20_range0.6_wouter.json,inplace,euclidean,lognormal,20,0.6,0.2578947368421053,9.32883426602406,1.0,49
1,4084136,4084136,367.0,../data/Results/lognormal_euclidean/city30_range1.4_scramble.json,scramble,euclidean,lognormal,30,1.4,0.05517241379310345,15.22262075839784,1.0000000000000002,24
1,15943,15943,272.0,../data/Results/lognormal_euclidean/city20_range3.0_swap.json,swap,euclidean,lognormal,20,3.0,0.16842105263157894,9.676775140407429,0.9999999999999998,32
2,25922,25922,234.0,../data/Results/lognormal_euclidean/city20_range3.0_swap.json,swap,euclidean,lognormal,20,3.0,0.16842105263157894,10.162847307983359,0.9999999999999998,32
3,30734,30734,234.0,../data/Results/lognormal_euclidean/city20_range3.0_swap.json,swap,euclidean,lognormal,20,3.0,0.16842105263157894,10.33312481261531,0.9999999999999998,32
4,34443,34443,231.0,../data/Results/lognormal_euclidean/city20_range3.0_swap.json,swap,euclidean,lognormal,20,3.0,0.16842105263157894,10.44706106276195,1.0,32
12,36893,36893,231.0,../data/Results/lognormal_euclidean/city20_range3.0_swap.json,swap,euclidean,lognormal,20,3.0,0.16842105263157894,10.515777110135947,1.0,32
24,38419,38419,231.0,../data/Results/lognormal_euclidean/city20_range3.0_swap.json,swap,euclidean,lognormal,20,3.0,0.16842105263157894,10.556307407873478,1.0,32
1,40228,40228,253.0,../data/Results/lognormal_euclidean/city20_range1.4_wouter.json,inplace,euclidean,lognormal,20,1.4,0.11052631578947368,10.602318549564396,1.0,21
18,43504,43504,253.0,../data/Results/lognormal_euclidean/city20_range1.4_wouter.json,inplace,euclidean,lognormal,20,1.4,0.11578947368421053,10.680608166872275,1.0,22
19,45573,45573,253.0,../data/Results/lognormal_euclidean/city20_range1.4_wouter.json,inplace,euclidean,lognormal,20,1.4,0.12105263157894737,10.727070714875794,1.0,23
32,45630,45630,253.0,../data/Results/lognormal_euclidean/city20_range1.4_wouter.json,inplace,euclidean,lognormal,20,1.4,0.12631578947368421,10.72832067392147,1.0,24
47,45632,45632,253.0,../data/Results/lognormal_euclidean/city20_range1.4_wouter.json,inplace,euclidean,lognormal,20,1.4,0.13157894736842105,10.728364503773989,1.0,25
61,120520,120520,254.0,../data/Results/lognormal_euclidean/city20_range1.4_wouter.json,inplace,euclidean,lognormal,20,1.4,0.1368421052631579,11.699570993244246,1.0,26
62,183473,183473,254.0,../data/Results/lognormal_euclidean/city20_range1.4_wouter.json,inplace,euclidean,lognormal,20,1.4,0.14210526315789473,12.11982279668619,1.0,27
70,187231,187231,254.0,../data/Results/lognormal_euclidean/city20_range1.4_wouter.json,inplace,euclidean,lognormal,20,1.4,0.14736842105263157,12.140098427606349,1.0,28
71,303873,303873,254.0,../data/Results/lognormal_euclidean/city20_range1.4_wouter.json,inplace,euclidean,lognormal,20,1.4,0.15263157894736842,12.624365129943127,1.0,29
73,325487,325487,254.0,../data/Results/lognormal_euclidean/city20_range1.4_wouter.json,inplace,euclidean,lognormal,20,1.4,0.15789473684210525,12.69307780127713,1.0,30
74,326455,326455,254.0,../data/Results/lognormal_euclidean/city20_range1.4_wouter.json,inplace,euclidean,lognormal,20,1.4,0.1631578947368421,12.696047392778697,1.0,31
76,326456,326456,254.0,../data/Results/lognormal_euclidean/city20_range1.4_wouter.json,inplace,euclidean,lognormal,20,1.4,0.16842105263157894,12.696050455983329,1.0,32
100,326501,326501,254.0,../data/Results/lognormal_euclidean/city20_range1.4_wouter.json,inplace,euclidean,lognormal,20,1.4,0.1736842105263158,12.696188290481071,1.0,33
124,356627,356627,255.0,../data/Results/lognormal_euclidean/city20_range1.4_wouter.json,inplace,euclidean,lognormal,20,1.4,0.17894736842105263,12.78444569663187,1.0,34
125,356649,356649,255.0,../data/Results/lognormal_euclidean/city20_range1.4_wouter.json,inplace,euclidean,lognormal,20,1.4,0.18421052631578946,12.784507383832917,1.0,35
128,356655,356655,255.0,../data/Results/lognormal_euclidean/city20_range1.4_wouter.json,inplace,euclidean,lognormal,20,1.4,0.18947368421052632,12.784524206954615,1.0,36
137,357099,357099,255.0,../data/Results/lognormal_euclidean/city20_range1.4_wouter.json,inplace,euclidean,lognormal,20,1.4,0.19473684210526315,12.785768333242581,1.0,37
142,565534,565534,256.0,../data/Results/lognormal_euclidean/city20_range1.4_wouter.json,inplace,euclidean,lognormal,20,1.4,0.19473684210526315,13.245525696515214,1.0,37
145,565765,565765,256.0,../data/Results/lognormal_euclidean/city20_range1.4_wouter.json,inplace,euclidean,lognormal,20,1.4,0.2,13.245934076621994,1.0,38
146,567264,567264,256.0,../data/Results/lognormal_euclidean/city20_range1.4_wouter.json,inplace,euclidean,lognormal,20,1.4,0.20526315789473684,13.248580082813513,1.0,39
152,1121944,1121944,256.0,../data/Results/lognormal_euclidean/city20_range1.4_wouter.json,inplace,euclidean,lognormal,20,1.4,0.21052631578947367,13.930573452945751,1.0,40
1,93,93,369.0,../data/Results/lognormal_euclidean/city20_range5.0_scramble.json,scramble,euclidean,lognormal,20,5.0,0.031578947368421054,4.532599493164009,1.0000000000000002,6
2,95,95,0.0,../data/Results/lognormal_euclidean/city20_range5.0_scramble.json,scramble,euclidean,lognormal,20,5.0,0.031578947368421054,4.5538768916110675,,6
3,116,116,0.0,../data/Results/lognormal_euclidean/city20_range5.0_scramble.json,scramble,euclidean,lognormal,20,5.0,0.031578947368421054,4.753590191114985,,6
28,142,142,0.0,../data/Results/lognormal_euclidean/city20_range5.0_scramble.json,scramble,euclidean,lognormal,20,5.0,0.031578947368421054,4.955827057608303,,6
36,290,290,0.0,../data/Results/lognormal_euclidean/city20_range5.0_scramble.json,scramble,euclidean,lognormal,20,5.0,0.031578947368421054,5.6698809229839675,,6
167,495,495,0.0,../data/Results/lognormal_euclidean/city20_range5.0_scramble.json,scramble,euclidean,lognormal,20,5.0,0.031578947368421054,6.204557762570711,,6
1,22520,22520,284.0,../data/Results/lognormal_euclidean/city20_range3.6_scramble.json,scramble,euclidean,lognormal,20,3.6,0.13157894736842105,10.02215908225367,0.9999999999999998,25
1,109,109,224.0,../data/Results/lognormal_euclidean/city20_range1.0_wouter.json,inplace,euclidean,lognormal,20,1.0,0.06315789473684211,4.691347882238318,1.0000000000000002,12
4,143,143,224.0,../data/Results/lognormal_euclidean/city20_range1.0_wouter.json,inplace,euclidean,lognormal,20,1.0,0.06842105263157895,4.9628446302669005,1.0000000000000002,13
10,160,160,225.0,../data/Results/lognormal_euclidean/city20_range1.0_wouter.json,inplace,euclidean,lognormal,20,1.0,0.07368421052631578,5.075173815240077,1.0,14
21,273,273,226.0,../data/Results/lognormal_euclidean/city20_range1.0_wouter.json,inplace,euclidean,lognormal,20,1.0,0.07894736842105263,5.609471795188623,1.0,15
30,325,325,226.0,../data/Results/lognormal_euclidean/city20_range1.0_wouter.json,inplace,euclidean,lognormal,20,1.0,0.08421052631578947,5.783825182332814,1.0,16
41,689,689,226.0,../data/Results/lognormal_euclidean/city20_range1.0_wouter.json,inplace,euclidean,lognormal,20,1.0,0.08947368421052632,6.53524127101511,1.0,17
48,775,775,226.0,../data/Results/lognormal_euclidean/city20_range1.0_wouter.json,inplace,euclidean,lognormal,20,1.0,0.09473684210526316,6.652863029354637,1.0,18
57,779,779,226.0,../data/Results/lognormal_euclidean/city20_range1.0_wouter.json,inplace,euclidean,lognormal,20,1.0,0.1,6.658011045872032,1.0,19
67,849,849,226.0,../data/Results/lognormal_euclidean/city20_range1.0_wouter.json,inplace,euclidean,lognormal,20,1.0,0.10526315789473684,6.744059186312525,1.0,20
78,862,862,226.0,../data/Results/lognormal_euclidean/city20_range1.0_wouter.json,inplace,euclidean,lognormal,20,1.0,0.11052631578947368,6.759255270664853,1.0,21
183,881,881,226.0,../data/Results/lognormal_euclidean/city20_range1.0_wouter.json,inplace,euclidean,lognormal,20,1.0,0.11578947368421053,6.781057625937315,1.0,22
270,922,922,226.0,../data/Results/lognormal_euclidean/city20_range1.0_wouter.json,inplace,euclidean,lognormal,20,1.0,0.12105263157894737,6.8265452235576785,1.0,23
1,15553,15553,255.0,../data/Results/lognormal_euclidean/city20_range1.8_swap.json,swap,euclidean,lognormal,20,1.8,0.11052631578947368,9.652008825044625,1.0,21
3,22206,22206,257.0,../data/Results/lognormal_euclidean/city20_range1.8_swap.json,swap,euclidean,lognormal,20,1.8,0.11052631578947368,10.008117801614256,1.0,21
8,26218,26218,252.0,../data/Results/lognormal_euclidean/city20_range1.8_swap.json,swap,euclidean,lognormal,20,1.8,0.11052631578947368,10.174201476757792,1.0000000000000004,21
10,38845,38845,252.0,../data/Results/lognormal_euclidean/city20_range1.8_swap.json,swap,euclidean,lognormal,20,1.8,0.11052631578947368,10.567334647384547,1.0000000000000004,21
11,40310,40310,246.0,../data/Results/lognormal_euclidean/city20_range1.8_swap.json,swap,euclidean,lognormal,20,1.8,0.11052631578947368,10.604354856111236,1.0,21
23,47160,47160,246.0,../data/Results/lognormal_euclidean/city20_range1.8_swap.json,swap,euclidean,lognormal,20,1.8,0.11052631578947368,10.761301354651328,1.0,21
1,15213,15213,281.0,../data/Results/lognormal_euclidean/city20_range2.0_scramble.json,scramble,euclidean,lognormal,20,2.0,0.13157894736842105,9.629905604463195,1.0000000000000002,25
1,967,967,299.0,../data/Results/lognormal_euclidean/city20_range2.2_swap.json,swap,euclidean,lognormal,20,2.2,0.1,6.874198495454328,0.9999999999999998,19
3,1025,1025,291.0,../data/Results/lognormal_euclidean/city20_range2.2_swap.json,swap,euclidean,lognormal,20,2.2,0.1,6.932447891573484,0.9999999999999998,19
17,1372,1372,285.0,../data/Results/lognormal_euclidean/city20_range2.2_swap.json,swap,euclidean,lognormal,20,2.2,0.1,7.2240248082865595,0.9999999999999998,19
38,1703,1703,281.0,../data/Results/lognormal_euclidean/city20_range2.2_swap.json,swap,euclidean,lognormal,20,2.2,0.1,7.4401466806632754,1.0,19
39,1909,1909,279.0,../data/Results/lognormal_euclidean/city20_range2.2_swap.json,swap,euclidean,lognormal,20,2.2,0.1,7.554334823726271,1.0,19
41,1917,1917,279.0,../data/Results/lognormal_euclidean/city20_range2.2_swap.json,swap,euclidean,lognormal,20,2.2,0.1,7.558516743046166,1.0,19
43,2123,2123,279.0,../data/Results/lognormal_euclidean/city20_range2.2_swap.json,swap,euclidean,lognormal,20,2.2,0.1,7.660585461703727,1.0,19
45,2550,2550,217.0,../data/Results/lognormal_euclidean/city20_range2.2_swap.json,swap,euclidean,lognormal,20,2.2,0.1,7.843848638152864,0.9999999999999998,19
1,6504,6504,288.0,../data/Results/lognormal_euclidean/city20_range2.6_scramble.json,scramble,euclidean,lognormal,20,2.6,0.14736842105263157,8.7801726512278,1.0,28
1,10928,10928,278.0,../data/Results/lognormal_euclidean/city20_range2.4_wouter.json,inplace,euclidean,lognormal,20,2.4,0.14210526315789473,9.299083581810663,1.0000000000000004,27
2,11305,11305,278.0,../data/Results/lognormal_euclidean/city20_range2.4_wouter.json,inplace,euclidean,lognormal,20,2.4,0.14736842105263157,9.33300038471216,1.0000000000000004,28
6,11492,11492,278.0,../data/Results/lognormal_euclidean/city20_range2.4_wouter.json,inplace,euclidean,lognormal,20,2.4,0.15263157894736842,9.349406420099267,1.0000000000000004,29
8,22561,22561,278.0,../data/Results/lognormal_euclidean/city20_range2.4_wouter.json,inplace,euclidean,lognormal,20,2.4,0.15789473684210525,10.023978030870795,1.0000000000000004,30
10,29730,29730,280.0,../data/Results/lognormal_euclidean/city20_range2.4_wouter.json,inplace,euclidean,lognormal,20,2.4,0.1631578947368421,10.299911915992176,1.0000000000000004,31
22,29731,29731,280.0,../data/Results/lognormal_euclidean/city20_range2.4_wouter.json,inplace,euclidean,lognormal,20,2.4,0.16842105263157894,10.29994555148435,1.0000000000000004,32
26,29794,29794,280.0,../data/Results/lognormal_euclidean/city20_range2.4_wouter.json,inplace,euclidean,lognormal,20,2.4,0.1736842105263158,10.302062309939572,1.0000000000000004,33
45,31496,31496,281.0,../data/Results/lognormal_euclidean/city20_range2.4_wouter.json,inplace,euclidean,lognormal,20,2.4,0.17894736842105263,10.357615832623605,1.0000000000000004,34
52,32236,32236,281.0,../data/Results/lognormal_euclidean/city20_range2.4_wouter.json,inplace,euclidean,lognormal,20,2.4,0.18421052631578946,10.380839119444433,1.0000000000000004,35
53,32430,32430,281.0,../data/Results/lognormal_euclidean/city20_range2.4_wouter.json,inplace,euclidean,lognormal,20,2.4,0.18947368421052632,10.386839199301395,1.0000000000000004,36
54,32436,32436,281.0,../data/Results/lognormal_euclidean/city20_range2.4_wouter.json,inplace,euclidean,lognormal,20,2.4,0.19473684210526315,10.387024196064479,1.0000000000000004,37
56,32743,32743,281.0,../data/Results/lognormal_euclidean/city20_range2.4_wouter.json,inplace,euclidean,lognormal,20,2.4,0.2,10.396444477759665,1.0000000000000004,38
85,33233,33233,281.0,../data/Results/lognormal_euclidean/city20_range2.4_wouter.json,inplace,euclidean,lognormal,20,2.4,0.20526315789473684,10.411298637141277,1.0000000000000004,39
97,34109,34109,281.0,../data/Results/lognormal_euclidean/city20_range2.4_wouter.json,inplace,euclidean,lognormal,20,2.4,0.21052631578947367,10.437316558067112,1.0000000000000004,40
100,34387,34387,281.0,../data/Results/lognormal_euclidean/city20_range2.4_wouter.json,inplace,euclidean,lognormal,20,2.4,0.21578947368421053,10.445433864959938,1.0000000000000004,41
103,35672,35672,281.0,../data/Results/lognormal_euclidean/city20_range2.4_wouter.json,inplace,euclidean,lognormal,20,2.4,0.22105263157894736,10.482121346307341,1.0000000000000004,42
109,41075,41075,281.0,../data/Results/lognormal_euclidean/city20_range2.4_wouter.json,inplace,euclidean,lognormal,20,2.4,0.22631578947368422,10.623154942905494,1.0000000000000004,43
113,41709,41709,281.0,../data/Results/lognormal_euclidean/city20_range2.4_wouter.json,inplace,euclidean,lognormal,20,2.4,0.23157894736842105,10.638472211837676,1.0000000000000004,44
114,41995,41995,281.0,../data/Results/lognormal_euclidean/city20_range2.4_wouter.json,inplace,euclidean,lognormal,20,2.4,0.23684210526315788,10.64530584255975,1.0000000000000004,45
124,43075,43075,281.0,../data/Results/lognormal_euclidean/city20_range2.4_wouter.json,inplace,euclidean,lognormal,20,2.4,0.24210526315789474,10.670698061396154,1.0000000000000004,46
126,44305,44305,281.0,../data/Results/lognormal_euclidean/city20_range2.4_wouter.json,inplace,euclidean,lognormal,20,2.4,0.24736842105263157,10.698852816481425,1.0000000000000004,47
141,46417,46417,281.0,../data/Results/lognormal_euclidean/city20_range2.4_wouter.json,inplace,euclidean,lognormal,20,2.4,0.25263157894736843,10.745421050424202,1.0000000000000004,48
190,64120,64120,281.0,../data/Results/lognormal_euclidean/city20_range2.4_wouter.json,inplace,euclidean,lognormal,20,2.4,0.2578947368421053,11.068511606723504,1.0000000000000004,49
196,64353,64353,281.0,../data/Results/lognormal_euclidean/city20_range2.4_wouter.json,inplace,euclidean,lognormal,20,2.4,0.2631578947368421,11.072138831984228,1.0000000000000004,50
197,70568,70568,281.0,../data/Results/lognormal_euclidean/city20_range2.4_wouter.json,inplace,euclidean,lognormal,20,2.4,0.26842105263157895,11.164332062938618,1.0000000000000004,51
204,71010,71010,281.0,../data/Results/lognormal_euclidean/city20_range2.4_wouter.json,inplace,euclidean,lognormal,20,2.4,0.2736842105263158,11.170575991176154,1.0000000000000004,52
205,71703,71703,281.0,../data/Results/lognormal_euclidean/city20_range2.4_wouter.json,inplace,euclidean,lognormal,20,2.4,0.2789473684210526,11.180287866716599,1.0000000000000004,53
208,79242,79242,281.0,../data/Results/lognormal_euclidean/city20_range2.4_wouter.json,inplace,euclidean,lognormal,20,2.4,0.28421052631578947,11.280261740271872,1.0000000000000002,54
219,79289,79289,281.0,../data/Results/lognormal_euclidean/city20_range2.4_wouter.json,inplace,euclidean,lognormal,20,2.4,0.2894736842105263,11.28085468425604,1.0000000000000002,55
226,86278,86278,281.0,../data/Results/lognormal_euclidean/city20_range2.4_wouter.json,inplace,euclidean,lognormal,20,2.4,0.29473684210526313,11.365329919891368,1.0000000000000002,56
227,88321,88321,281.0,../data/Results/lognormal_euclidean/city20_range2.4_wouter.json,inplace,euclidean,lognormal,20,2.4,0.3,11.388733183910603,1.0000000000000002,57
251,90733,90733,281.0,../data/Results/lognormal_euclidean/city20_range2.4_wouter.json,inplace,euclidean,lognormal,20,2.4,0.30526315789473685,11.415676406755368,1.0000000000000002,58
282,91806,91806,281.0,../data/Results/lognormal_euclidean/city20_range2.4_wouter.json,inplace,euclidean,lognormal,20,2.4,0.3105263157894737,11.427432933949879,1.0000000000000002,59
290,93304,93304,281.0,../data/Results/lognormal_euclidean/city20_range2.4_wouter.json,inplace,euclidean,lognormal,20,2.4,0.3157894736842105,11.443618258370897,1.0000000000000002,60
1,1018115,1018115,281.0,../data/Results/lognormal_euclidean/city20_range3.0_scramble.json,scramble,euclidean,lognormal,20,3.0,0.18421052631578946,13.833463436313538,1.0,35
1,132806,132806,313.0,../data/Results/lognormal_euclidean/city20_range4.2_swap.json,swap,euclidean,lognormal,20,4.2,0.15263157894736842,11.796644695726751,1.0000000000000002,29
2,230614,230614,310.0,../data/Results/lognormal_euclidean/city20_range4.2_swap.json,swap,euclidean,lognormal,20,4.2,0.15263157894736842,12.348500596162456,1.0000000000000002,29
10,500908,500908,311.0,../data/Results/lognormal_euclidean/city20_range4.2_swap.json,swap,euclidean,lognormal,20,4.2,0.15263157894736842,13.124177730469919,0.9999999999999997,29
65,606996,606996,311.0,../data/Results/lognormal_euclidean/city20_range4.2_swap.json,swap,euclidean,lognormal,20,4.2,0.15263157894736842,13.316277480234092,0.9999999999999998,29
213,682768,682768,311.0,../data/Results/lognormal_euclidean/city20_range4.2_swap.json,swap,euclidean,lognormal,20,4.2,0.15263157894736842,13.433910402957672,0.9999999999999998,29
1,15122,15122,273.0,../data/Results/lognormal_euclidean/city20_range1.8_scramble.json,scramble,euclidean,lognormal,20,1.8,0.12105263157894737,9.62390591611828,1.0,23
1,1395,1395,167.0,../data/Results/lognormal_euclidean/city20_range0.6_scramble.json,scramble,euclidean,lognormal,20,0.6,0.02631578947368421,7.240649694256183,1.0,5
10,7621,7621,162.0,../data/Results/lognormal_euclidean/city20_range0.6_scramble.json,scramble,euclidean,lognormal,20,0.6,0.02631578947368421,8.93866287366625,0.9999999999999998,5
29,15265,15265,163.0,../data/Results/lognormal_euclidean/city20_range0.6_scramble.json,scramble,euclidean,lognormal,20,0.6,0.02631578947368421,9.633317905169044,0.9999999999999998,5
143,43178,43178,165.0,../data/Results/lognormal_euclidean/city20_range0.6_scramble.json,scramble,euclidean,lognormal,20,0.6,0.02631578947368421,10.673086385256427,1.0,5
189,71926,71926,164.0,../data/Results/lognormal_euclidean/city20_range0.6_scramble.json,scramble,euclidean,lognormal,20,0.6,0.02631578947368421,11.183393091694679,1.0,5
1,1724841,1724841,591.0,../data/Results/lognormal_euclidean/city30_range3.0_scramble.json,scramble,euclidean,lognormal,30,3.0,0.006896551724137931,14.360645430286278,0.9999999999999999,3
1,11654,11654,274.0,../data/Results/lognormal_euclidean/city20_range2.2_wouter.json,inplace,euclidean,lognormal,20,2.2,0.15263157894736842,9.363404747703106,1.0,29
2,11859,11859,274.0,../data/Results/lognormal_euclidean/city20_range2.2_wouter.json,inplace,euclidean,lognormal,20,2.2,0.15789473684210525,9.38084235196488,1.0,30
6,11865,11865,274.0,../data/Results/lognormal_euclidean/city20_range2.2_wouter.json,inplace,euclidean,lognormal,20,2.2,0.1631578947368421,9.381348168869948,1.0,31
10,11869,11869,274.0,../data/Results/lognormal_euclidean/city20_range2.2_wouter.json,inplace,euclidean,lognormal,20,2.2,0.16842105263157894,9.381685238056589,1.0,32
11,26690,26690,275.0,../data/Results/lognormal_euclidean/city20_range2.2_wouter.json,inplace,euclidean,lognormal,20,2.2,0.1736842105263158,10.192044242398607,1.0,33
12,28896,28896,275.0,../data/Results/lognormal_euclidean/city20_range2.2_wouter.json,inplace,euclidean,lognormal,20,2.2,0.17894736842105263,10.271458456216747,1.0,34
15,28942,28942,275.0,../data/Results/lognormal_euclidean/city20_range2.2_wouter.json,inplace,euclidean,lognormal,20,2.2,0.18421052631578946,10.273049106297973,1.0,35
23,38419,38419,276.0,../data/Results/lognormal_euclidean/city20_range2.2_wouter.json,inplace,euclidean,lognormal,20,2.2,0.18947368421052632,10.556307407873478,1.0,36
1,465,465,291.0,../data/Results/lognormal_euclidean/city20_range2.8_wouter.json,inplace,euclidean,lognormal,20,2.8,0.11578947368421053,6.142037405589507,1.0,22
4,466,466,291.0,../data/Results/lognormal_euclidean/city20_range2.8_wouter.json,inplace,euclidean,lognormal,20,2.8,0.12105263157894737,6.144185634127791,1.0,23
6,467,467,291.0,../data/Results/lognormal_euclidean/city20_range2.8_wouter.json,inplace,euclidean,lognormal,20,2.8,0.12631578947368421,6.146329257671039,1.0,24
14,667,667,291.0,../data/Results/lognormal_euclidean/city20_range2.8_wouter.json,inplace,euclidean,lognormal,20,2.8,0.13157894736842105,6.502790045917123,1.0,25
15,677,677,291.0,../data/Results/lognormal_euclidean/city20_range2.8_wouter.json,inplace,euclidean,lognormal,20,2.8,0.1368421052631579,6.517671272913752,1.0,26
27,757,757,291.0,../data/Results/lognormal_euclidean/city20_range2.8_wouter.json,inplace,euclidean,lognormal,20,2.8,0.14210526315789473,6.62936325343877,1.0,27
34,878,878,291.0,../data/Results/lognormal_euclidean/city20_range2.8_wouter.json,inplace,euclidean,lognormal,20,2.8,0.14736842105263157,6.7776465936362555,1.0,28
36,921,921,291.0,../data/Results/lognormal_euclidean/city20_range2.8_wouter.json,inplace,euclidean,lognormal,20,2.8,0.15263157894736842,6.825460036256392,1.0,29
48,2807,2807,294.0,../data/Results/lognormal_euclidean/city20_range2.8_wouter.json,inplace,euclidean,lognormal,20,2.8,0.15789473684210525,7.939871576362239,1.0,30
56,3323,3323,294.0,../data/Results/lognormal_euclidean/city20_range2.8_wouter.json,inplace,euclidean,lognormal,20,2.8,0.1631578947368421,8.108623268354895,1.0,31
63,3430,3430,294.0,../data/Results/lognormal_euclidean/city20_range2.8_wouter.json,inplace,euclidean,lognormal,20,2.8,0.16842105263157894,8.140315540160277,1.0,32
66,3507,3507,294.0,../data/Results/lognormal_euclidean/city20_range2.8_wouter.json,inplace,euclidean,lognormal,20,2.8,0.1736842105263158,8.162516250140463,1.0,33
91,24016,24016,295.0,../data/Results/lognormal_euclidean/city20_range2.8_wouter.json,inplace,euclidean,lognormal,20,2.8,0.17894736842105263,10.086475553873285,1.0,34
95,24146,24146,295.0,../data/Results/lognormal_euclidean/city20_range2.8_wouter.json,inplace,euclidean,lognormal,20,2.8,0.18421052631578946,10.091874013892374,1.0,35
125,25022,25022,295.0,../data/Results/lognormal_euclidean/city20_range2.8_wouter.json,inplace,euclidean,lognormal,20,2.8,0.18947368421052632,10.127510716877385,1.0,36
126,25080,25080,295.0,../data/Results/lognormal_euclidean/city20_range2.8_wouter.json,inplace,euclidean,lognormal,20,2.8,0.19473684210526315,10.129825994746897,1.0,37
133,25091,25091,295.0,../data/Results/lognormal_euclidean/city20_range2.8_wouter.json,inplace,euclidean,lognormal,20,2.8,0.2,10.130264495082798,1.0,38
139,25092,25092,295.0,../data/Results/lognormal_euclidean/city20_range2.8_wouter.json,inplace,euclidean,lognormal,20,2.8,0.20526315789473684,10.130304349216674,1.0,39
142,27902,27902,295.0,../data/Results/lognormal_euclidean/city20_range2.8_wouter.json,inplace,euclidean,lognormal,20,2.8,0.21052631578947367,10.23645364982809,1.0,40
145,27984,27984,295.0,../data/Results/lognormal_euclidean/city20_range2.8_wouter.json,inplace,euclidean,lognormal,20,2.8,0.21578947368421053,10.23938819725842,1.0,41
146,27985,27985,295.0,../data/Results/lognormal_euclidean/city20_range2.8_wouter.json,inplace,euclidean,lognormal,20,2.8,0.22105263157894736,10.239423931325495,1.0,42
150,27998,27998,295.0,../data/Results/lognormal_euclidean/city20_range2.8_wouter.json,inplace,euclidean,lognormal,20,2.8,0.22631578947368422,10.239888358034806,1.0,43
151,28027,28027,295.0,../data/Results/lognormal_euclidean/city20_range2.8_wouter.json,inplace,euclidean,lognormal,20,2.8,0.23157894736842105,10.240923610246856,1.0,44
156,28034,28034,295.0,../data/Results/lognormal_euclidean/city20_range2.8_wouter.json,inplace,euclidean,lognormal,20,2.8,0.23684210526315788,10.241173338223039,1.0,45
157,28086,28086,295.0,../data/Results/lognormal_euclidean/city20_range2.8_wouter.json,inplace,euclidean,lognormal,20,2.8,0.24210526315789474,10.24302651052816,1.0,46
1,6155,6155,337.0,../data/Results/lognormal_euclidean/city30_range1.0_swap.json,swap,euclidean,lognormal,30,1.0,0.0367816091954023,8.725020038618716,1.0000000000000002,16
3,13300,13300,333.0,../data/Results/lognormal_euclidean/city30_range1.0_swap.json,swap,euclidean,lognormal,30,1.0,0.0367816091954023,9.49551931420992,0.9999999999999999,16
4,24261,24261,333.0,../data/Results/lognormal_euclidean/city30_range1.0_swap.json,swap,euclidean,lognormal,30,1.0,0.0367816091954023,10.096625401763973,0.9999999999999999,16
17,67821,67821,333.0,../data/Results/lognormal_euclidean/city30_range1.0_swap.json,swap,euclidean,lognormal,30,1.0,0.0367816091954023,11.124627160483945,1.0000000000000002,16
20,74958,74958,327.0,../data/Results/lognormal_euclidean/city30_range1.0_swap.json,swap,euclidean,lognormal,30,1.0,0.0367816091954023,11.224683235659898,0.9999999999999999,16
25,74969,74969,327.0,../data/Results/lognormal_euclidean/city30_range1.0_swap.json,swap,euclidean,lognormal,30,1.0,0.0367816091954023,11.224829973739359,0.9999999999999999,16
29,171345,171345,326.0,../data/Results/lognormal_euclidean/city30_range1.0_swap.json,swap,euclidean,lognormal,30,1.0,0.0367816091954023,12.051434346836164,0.9999999999999999,16
46,178862,178862,321.0,../data/Results/lognormal_euclidean/city30_range1.0_swap.json,swap,euclidean,lognormal,30,1.0,0.0367816091954023,12.094369837767662,0.9999999999999999,16
53,179166,179166,321.0,../data/Results/lognormal_euclidean/city30_range1.0_swap.json,swap,euclidean,lognormal,30,1.0,0.0367816091954023,12.096068029378696,0.9999999999999999,16
55,179614,179614,321.0,../data/Results/lognormal_euclidean/city30_range1.0_swap.json,swap,euclidean,lognormal,30,1.0,0.0367816091954023,12.098565382814447,0.9999999999999999,16
62,195300,195300,321.0,../data/Results/lognormal_euclidean/city30_range1.0_swap.json,swap,euclidean,lognormal,30,1.0,0.0367816091954023,12.182292116864776,0.9999999999999999,16
69,243831,243831,321.0,../data/Results/lognormal_euclidean/city30_range1.0_swap.json,swap,euclidean,lognormal,30,1.0,0.0367816091954023,12.404230641350432,0.9999999999999999,16
74,245318,245318,321.0,../data/Results/lognormal_euclidean/city30_range1.0_swap.json,swap,euclidean,lognormal,30,1.0,0.0367816091954023,12.410310607089702,0.9999999999999999,16
77,256336,256336,321.0,../data/Results/lognormal_euclidean/city30_range1.0_swap.json,swap,euclidean,lognormal,30,1.0,0.0367816091954023,12.454244362886499,0.9999999999999999,16
86,340396,340396,321.0,../data/Results/lognormal_euclidean/city30_range1.0_swap.json,swap,euclidean,lognormal,30,1.0,0.0367816091954023,12.737864924731001,0.9999999999999999,16
91,340397,340397,321.0,../data/Results/lognormal_euclidean/city30_range1.0_swap.json,swap,euclidean,lognormal,30,1.0,0.0367816091954023,12.737867862481536,0.9999999999999999,16
96,340548,340548,321.0,../data/Results/lognormal_euclidean/city30_range1.0_swap.json,swap,euclidean,lognormal,30,1.0,0.0367816091954023,12.738311363799484,0.9999999999999999,16
113,342088,342088,321.0,../data/Results/lognormal_euclidean/city30_range1.0_swap.json,swap,euclidean,lognormal,30,1.0,0.0367816091954023,12.74282329288774,0.9999999999999999,16
126,362696,362696,321.0,../data/Results/lognormal_euclidean/city30_range1.0_swap.json,swap,euclidean,lognormal,30,1.0,0.0367816091954023,12.801320296812058,0.9999999999999999,16
130,364470,364470,322.0,../data/Results/lognormal_euclidean/city30_range1.0_swap.json,swap,euclidean,lognormal,30,1.0,0.0367816091954023,12.8061995225169,0.9999999999999999,16
158,365009,365009,322.0,../data/Results/lognormal_euclidean/city30_range1.0_swap.json,swap,euclidean,lognormal,30,1.0,0.0367816091954023,12.807677289794885,0.9999999999999999,16
160,629123,629123,320.0,../data/Results/lognormal_euclidean/city30_range1.0_swap.json,swap,euclidean,lognormal,30,1.0,0.0367816091954023,13.352082065055132,0.9999999999999999,16
161,629153,629153,320.0,../data/Results/lognormal_euclidean/city30_range1.0_swap.json,swap,euclidean,lognormal,30,1.0,0.0367816091954023,13.35212974934698,0.9999999999999999,16
1,6834007,6834007,291.0,../data/Results/lognormal_euclidean/city20_range4.0_scramble.json,scramble,euclidean,lognormal,20,4.0,0.15789473684210525,15.737421735947162,0.9999999999999998,30
1,82296,82296,326.0,../data/Results/lognormal_euclidean/city20_range3.6_wouter.json,inplace,euclidean,lognormal,20,3.6,0.12105263157894737,11.318077782810878,1.0,23
10,82318,82318,326.0,../data/Results/lognormal_euclidean/city20_range3.6_wouter.json,inplace,euclidean,lognormal,20,3.6,0.12631578947368421,11.318345074780346,1.0,24
11,84432,84432,326.0,../data/Results/lognormal_euclidean/city20_range3.6_wouter.json,inplace,euclidean,lognormal,20,3.6,0.13157894736842105,11.34370175564546,1.0,25
37,84622,84622,326.0,../data/Results/lognormal_euclidean/city20_range3.6_wouter.json,inplace,euclidean,lognormal,20,3.6,0.1368421052631579,11.345949559069217,1.0,26
38,107003,107003,327.0,../data/Results/lognormal_euclidean/city20_range3.6_wouter.json,inplace,euclidean,lognormal,20,3.6,0.1368421052631579,11.58061215043419,1.0,26
44,113083,113083,327.0,../data/Results/lognormal_euclidean/city20_range3.6_wouter.json,inplace,euclidean,lognormal,20,3.6,0.14210526315789473,11.635877341345967,1.0,27
53,113196,113196,327.0,../data/Results/lognormal_euclidean/city20_range3.6_wouter.json,inplace,euclidean,lognormal,20,3.6,0.14736842105263157,11.636876108437862,1.0,28
121,955109,955109,328.0,../data/Results/lognormal_euclidean/city20_range3.6_wouter.json,inplace,euclidean,lognormal,20,3.6,0.15263157894736842,13.769580749075491,1.0,29
124,982493,982493,328.0,../data/Results/lognormal_euclidean/city20_range3.6_wouter.json,inplace,euclidean,lognormal,20,3.6,0.15789473684210525,13.79784849801824,1.0,30
129,996260,996260,328.0,../data/Results/lognormal_euclidean/city20_range3.6_wouter.json,inplace,euclidean,lognormal,20,3.6,0.1631578947368421,13.81176354667734,1.0,31
1,22947,22947,359.0,../data/Results/lognormal_euclidean/city20_range4.6_swap.json,swap,euclidean,lognormal,20,4.6,0.04736842105263158,10.04094248799002,0.9999999999999998,9
7,24771,24771,348.0,../data/Results/lognormal_euclidean/city20_range4.6_swap.json,swap,euclidean,lognormal,20,4.6,0.04736842105263158,10.11742889308558,1.0000000000000002,9
31,25596,25596,195.0,../data/Results/lognormal_euclidean/city20_range4.6_swap.json,swap,euclidean,lognormal,20,4.6,0.04736842105263158,10.15019136825939,1.0000000000000002,9
124,32747,32747,188.0,../data/Results/lognormal_euclidean/city20_range4.6_swap.json,swap,euclidean,lognormal,20,4.6,0.04736842105263158,10.396566633814178,1.0000000000000002,9
132,50145,50145,187.0,../data/Results/lognormal_euclidean/city20_range4.6_swap.json,swap,euclidean,lognormal,20,4.6,0.04736842105263158,10.822674087522328,1.0000000000000002,9
155,52002,52002,182.0,../data/Results/lognormal_euclidean/city20_range4.6_swap.json,swap,euclidean,lognormal,20,4.6,0.04736842105263158,10.859037458362419,1.0,9
166,64067,64067,181.0,../data/Results/lognormal_euclidean/city20_range4.6_swap.json,swap,euclidean,lognormal,20,4.6,0.04736842105263158,11.067684689750331,1.0,9
172,162284,162284,182.0,../data/Results/lognormal_euclidean/city20_range4.6_swap.json,swap,euclidean,lognormal,20,4.6,0.04736842105263158,11.997103165771852,1.0,9
267,185689,185689,182.0,../data/Results/lognormal_euclidean/city20_range4.6_swap.json,swap,euclidean,lognormal,20,4.6,0.04736842105263158,12.131828510260528,1.0,9
276,898859,898859,181.0,../data/Results/lognormal_euclidean/city20_range4.6_swap.json,swap,euclidean,lognormal,20,4.6,0.04736842105263158,13.708881460218562,1.0,9
283,1249105,1249105,181.0,../data/Results/lognormal_euclidean/city20_range4.6_swap.json,swap,euclidean,lognormal,20,4.6,0.04736842105263158,14.037937852828065,1.0,9
287,2646297,2646297,181.0,../data/Results/lognormal_euclidean/city20_range4.6_swap.json,swap,euclidean,lognormal,20,4.6,0.04736842105263158,14.78867186225601,1.0,9
1,165,165,585.0,../data/Results/lognormal_euclidean/city30_range4.8_wouter.json,inplace,euclidean,lognormal,30,4.8,0.009195402298850575,5.105945473906641,1.0,4
95,187,187,594.0,../data/Results/lognormal_euclidean/city30_range4.8_wouter.json,inplace,euclidean,lognormal,30,4.8,0.011494252873563218,5.231108616859935,1.0,5
316,242,242,594.0,../data/Results/lognormal_euclidean/city30_range4.8_wouter.json,inplace,euclidean,lognormal,30,4.8,0.013793103448275862,5.4889377261608185,1.0,6
1,766,766,205.0,../data/Results/lognormal_euclidean/city20_range0.8_scramble.json,scramble,euclidean,lognormal,20,0.8,0.03684210526315789,6.641182169741897,1.0000000000000002,7
45,1389,1389,190.0,../data/Results/lognormal_euclidean/city20_range0.8_scramble.json,scramble,euclidean,lognormal,20,0.8,0.03684210526315789,7.2363393427550635,1.0,7
181,1482,1482,190.0,../data/Results/lognormal_euclidean/city20_range0.8_scramble.json,scramble,euclidean,lognormal,20,0.8,0.03684210526315789,7.301147805856707,1.0,7
186,2234,2234,191.0,../data/Results/lognormal_euclidean/city20_range0.8_scramble.json,scramble,euclidean,lognormal,20,0.8,0.03684210526315789,7.711548979629594,0.9999999999999997,7
333,9100,9100,194.0,../data/Results/lognormal_euclidean/city20_range0.8_scramble.json,scramble,euclidean,lognormal,20,0.8,0.03684210526315789,9.116029692505052,1.0,7
1,1720,1720,269.0,../data/Results/lognormal_euclidean/city20_range2.0_swap.json,swap,euclidean,lognormal,20,2.0,0.15263157894736842,7.45007956980808,1.0000000000000002,29
3,3207,3207,255.0,../data/Results/lognormal_euclidean/city20_range2.0_swap.json,swap,euclidean,lognormal,20,2.0,0.15263157894736842,8.073091199693467,0.9999999999999998,29
4,3484,3484,257.0,../data/Results/lognormal_euclidean/city20_range2.0_swap.json,swap,euclidean,lognormal,20,2.0,0.15263157894736842,8.15593633797268,0.9999999999999997,29
7,3494,3494,254.0,../data/Results/lognormal_euclidean/city20_range2.0_swap.json,swap,euclidean,lognormal,20,2.0,0.15263157894736842,8.158802490694288,1.0,29
8,3497,3497,254.0,../data/Results/lognormal_euclidean/city20_range2.0_swap.json,swap,euclidean,lognormal,20,2.0,0.15263157894736842,8.159660737063662,1.0,29
13,4569,4569,254.0,../data/Results/lognormal_euclidean/city20_range2.0_swap.json,swap,euclidean,lognormal,20,2.0,0.15263157894736842,8.42704964156349,1.0,29
35,9164,9164,245.0,../data/Results/lognormal_euclidean/city20_range2.0_swap.json,swap,euclidean,lognormal,20,2.0,0.15263157894736842,9.123038043573496,1.0000000000000002,29
55,10890,10890,245.0,../data/Results/lognormal_euclidean/city20_range2.0_swap.json,swap,euclidean,lognormal,20,2.0,0.15263157894736842,9.295600215927099,1.0000000000000002,29
59,10941,10941,239.0,../data/Results/lognormal_euclidean/city20_range2.0_swap.json,swap,euclidean,lognormal,20,2.0,0.15263157894736842,9.300272479476881,1.0,29
70,14938,14938,239.0,../data/Results/lognormal_euclidean/city20_range2.0_swap.json,swap,euclidean,lognormal,20,2.0,0.15263157894736842,9.61166358091708,0.9999999999999998,29
81,16863,16863,239.0,../data/Results/lognormal_euclidean/city20_range2.0_swap.json,swap,euclidean,lognormal,20,2.0,0.15263157894736842,9.732877151670245,0.9999999999999998,29
86,16865,16865,239.0,../data/Results/lognormal_euclidean/city20_range2.0_swap.json,swap,euclidean,lognormal,20,2.0,0.15263157894736842,9.73299574749581,0.9999999999999998,29
95,17254,17254,239.0,../data/Results/lognormal_euclidean/city20_range2.0_swap.json,swap,euclidean,lognormal,20,2.0,0.15263157894736842,9.755799279636582,0.9999999999999998,29
101,18189,18189,239.0,../data/Results/lognormal_euclidean/city20_range2.0_swap.json,swap,euclidean,lognormal,20,2.0,0.15263157894736842,9.808572294739895,0.9999999999999998,29
108,21553,21553,239.0,../data/Results/lognormal_euclidean/city20_range2.0_swap.json,swap,euclidean,lognormal,20,2.0,0.15263157894736842,9.97827029697986,0.9999999999999998,29
117,21796,21796,239.0,../data/Results/lognormal_euclidean/city20_range2.0_swap.json,swap,euclidean,lognormal,20,2.0,0.15263157894736842,9.989481745703035,0.9999999999999998,29
164,22064,22064,239.0,../data/Results/lognormal_euclidean/city20_range2.0_swap.json,swap,euclidean,lognormal,20,2.0,0.15263157894736842,10.001702600033129,0.9999999999999998,29
176,26518,26518,239.0,../data/Results/lognormal_euclidean/city20_range2.0_swap.json,swap,euclidean,lognormal,20,2.0,0.15263157894736842,10.185579026674702,0.9999999999999998,29
179,28814,28814,239.0,../data/Results/lognormal_euclidean/city20_range2.0_swap.json,swap,euclidean,lognormal,20,2.0,0.15263157894736842,10.268616659121452,0.9999999999999998,29
192,29983,29983,238.0,../data/Results/lognormal_euclidean/city20_range2.0_swap.json,swap,euclidean,lognormal,20,2.0,0.15263157894736842,10.308385833361424,1.0,29
193,29984,29984,238.0,../data/Results/lognormal_euclidean/city20_range2.0_swap.json,swap,euclidean,lognormal,20,2.0,0.15263157894736842,10.308419185038183,1.0,29
200,30950,30950,238.0,../data/Results/lognormal_euclidean/city20_range2.0_swap.json,swap,euclidean,lognormal,20,2.0,0.15263157894736842,10.340128278112774,1.0,29
216,31941,31941,238.0,../data/Results/lognormal_euclidean/city20_range2.0_swap.json,swap,euclidean,lognormal,20,2.0,0.15263157894736842,10.371645729982747,1.0,29
222,32834,32834,237.0,../data/Results/lognormal_euclidean/city20_range2.0_swap.json,swap,euclidean,lognormal,20,2.0,0.15263157894736842,10.399219842854494,1.0,29
233,32836,32836,237.0,../data/Results/lognormal_euclidean/city20_range2.0_swap.json,swap,euclidean,lognormal,20,2.0,0.15263157894736842,10.399280753468187,1.0,29
247,33085,33085,237.0,../data/Results/lognormal_euclidean/city20_range2.0_swap.json,swap,euclidean,lognormal,20,2.0,0.15263157894736842,10.40683528644619,1.0,29
255,40603,40603,237.0,../data/Results/lognormal_euclidean/city20_range2.0_swap.json,swap,euclidean,lognormal,20,2.0,0.15263157894736842,10.611597234485613,0.9999999999999998,29
276,45533,45533,237.0,../data/Results/lognormal_euclidean/city20_range2.0_swap.json,swap,euclidean,lognormal,20,2.0,0.15263157894736842,10.726192616779727,1.0,29
1,3123,3123,236.0,../data/Results/lognormal_euclidean/city20_range1.2_swap.json,swap,euclidean,lognormal,20,1.2,0.06842105263157895,8.046549357283398,0.9999999999999998,13
4,6073,6073,237.0,../data/Results/lognormal_euclidean/city20_range1.2_swap.json,swap,euclidean,lognormal,20,1.2,0.06842105263157895,8.71160799589774,1.0000000000000002,13
6,6081,6081,237.0,../data/Results/lognormal_euclidean/city20_range1.2_swap.json,swap,euclidean,lognormal,20,1.2,0.06842105263157895,8.712924435120275,1.0000000000000002,13
1,6875,6875,230.0,../data/Results/lognormal_euclidean/city20_range1.0_scramble.json,scramble,euclidean,lognormal,20,1.0,0.06842105263157895,8.835646922534918,1.0000000000000002,13
659,7222,7222,194.0,../data/Results/lognormal_euclidean/city20_range1.0_scramble.json,scramble,euclidean,lognormal,20,1.0,0.06842105263157895,8.884887201837541,1.0000000000000002,13
1,55846,55846,268.0,../data/Results/lognormal_euclidean/city20_range3.2_wouter.json,inplace,euclidean,lognormal,20,3.2,0.14210526315789473,10.930353181520683,1.0,27
4,57599,57599,268.0,../data/Results/lognormal_euclidean/city20_range3.2_wouter.json,inplace,euclidean,lognormal,20,3.2,0.14736842105263157,10.961260485422184,1.0,28
6,60323,60323,268.0,../data/Results/lognormal_euclidean/city20_range3.2_wouter.json,inplace,euclidean,lognormal,20,3.2,0.15263157894736842,11.007468736193132,1.0,29
21,62471,62471,268.0,../data/Results/lognormal_euclidean/city20_range3.2_wouter.json,inplace,euclidean,lognormal,20,3.2,0.15789473684210525,11.042457728043198,1.0,30
25,65118,65118,268.0,../data/Results/lognormal_euclidean/city20_range3.2_wouter.json,inplace,euclidean,lognormal,20,3.2,0.1631578947368421,11.083956287674086,1.0,31
30,65544,65544,268.0,../data/Results/lognormal_euclidean/city20_range3.2_wouter.json,inplace,euclidean,lognormal,20,3.2,0.16842105263157894,11.090476951821666,1.0,32
48,74772,74772,268.0,../data/Results/lognormal_euclidean/city20_range3.2_wouter.json,inplace,euclidean,lognormal,20,3.2,0.1736842105263158,11.222198762332235,1.0,33
53,91417,91417,268.0,../data/Results/lognormal_euclidean/city20_range3.2_wouter.json,inplace,euclidean,lognormal,20,3.2,0.17894736842105263,11.423186735770843,1.0,34
62,91450,91450,268.0,../data/Results/lognormal_euclidean/city20_range3.2_wouter.json,inplace,euclidean,lognormal,20,3.2,0.18421052631578946,11.423547653819023,1.0,35
65,92568,92568,268.0,../data/Results/lognormal_euclidean/city20_range3.2_wouter.json,inplace,euclidean,lognormal,20,3.2,0.18947368421052632,11.435698788556184,1.0,36
69,93312,93312,268.0,../data/Results/lognormal_euclidean/city20_range3.2_wouter.json,inplace,euclidean,lognormal,20,3.2,0.19473684210526315,11.443703995928287,1.0,37
71,94109,94109,268.0,../data/Results/lognormal_euclidean/city20_range3.2_wouter.json,inplace,euclidean,lognormal,20,3.2,0.2,11.452208963933037,1.0,38
92,94677,94677,268.0,../data/Results/lognormal_euclidean/city20_range3.2_wouter.json,inplace,euclidean,lognormal,20,3.2,0.20526315789473684,11.458226377447856,1.0,39
99,100162,100162,268.0,../data/Results/lognormal_euclidean/city20_range3.2_wouter.json,inplace,euclidean,lognormal,20,3.2,0.21052631578947367,11.514544154185694,1.0,40
118,100857,100857,268.0,../data/Results/lognormal_euclidean/city20_range3.2_wouter.json,inplace,euclidean,lognormal,20,3.2,0.21578947368421053,11.521458950988478,1.0,41
123,118526,118526,273.0,../data/Results/lognormal_euclidean/city20_range3.2_wouter.json,inplace,euclidean,lognormal,20,3.2,0.22105263157894736,11.682887624773336,1.0,42
126,118795,118795,273.0,../data/Results/lognormal_euclidean/city20_range3.2_wouter.json,inplace,euclidean,lognormal,20,3.2,0.22631578947368422,11.685154597482898,1.0,43
127,180167,180167,273.0,../data/Results/lognormal_euclidean/city20_range3.2_wouter.json,inplace,euclidean,lognormal,20,3.2,0.23157894736842105,12.101639477530345,1.0,44
141,720714,720714,275.0,../data/Results/lognormal_euclidean/city20_range3.2_wouter.json,inplace,euclidean,lognormal,20,3.2,0.23684210526315788,13.487997666282345,1.0,45
143,729532,729532,275.0,../data/Results/lognormal_euclidean/city20_range3.2_wouter.json,inplace,euclidean,lognormal,20,3.2,0.24210526315789474,13.50015851164432,1.0,46
144,733774,733774,275.0,../data/Results/lognormal_euclidean/city20_range3.2_wouter.json,inplace,euclidean,lognormal,20,3.2,0.24736842105263157,13.505956358277773,1.0,47
152,3418094,3418094,278.0,../data/Results/lognormal_euclidean/city20_range3.2_wouter.json,inplace,euclidean,lognormal,20,3.2,0.24736842105263157,15.04459364374236,1.0,47
153,3436640,3436640,278.0,../data/Results/lognormal_euclidean/city20_range3.2_wouter.json,inplace,euclidean,lognormal,20,3.2,0.24736842105263157,15.050004807838091,1.0,47
1,7247,7247,319.0,../data/Results/lognormal_euclidean/city20_range3.4_scramble.json,scramble,euclidean,lognormal,20,3.4,0.05789473684210526,8.888342869109419,1.0,11
1,1241,1241,286.0,../data/Results/lognormal_euclidean/city20_range3.8_swap.json,swap,euclidean,lognormal,20,3.8,0.14736842105263157,7.123672785205413,1.0000000000000002,28
8,1467,1467,276.0,../data/Results/lognormal_euclidean/city20_range3.8_swap.json,swap,euclidean,lognormal,20,3.8,0.14736842105263157,7.290974778143664,1.0000000000000002,28
24,1673,1673,275.0,../data/Results/lognormal_euclidean/city20_range3.8_swap.json,swap,euclidean,lognormal,20,3.8,0.14736842105263157,7.422373700987421,1.0,28
28,1744,1744,275.0,../data/Results/lognormal_euclidean/city20_range3.8_swap.json,swap,euclidean,lognormal,20,3.8,0.14736842105263157,7.463936604469498,1.0,28
29,1940,1940,275.0,../data/Results/lognormal_euclidean/city20_range3.8_swap.json,swap,euclidean,lognormal,20,3.8,0.14736842105263157,7.570443252057889,1.0,28
30,2000,2000,275.0,../data/Results/lognormal_euclidean/city20_range3.8_swap.json,swap,euclidean,lognormal,20,3.8,0.14736842105263157,7.600902459542582,1.0,28
31,2241,2241,275.0,../data/Results/lognormal_euclidean/city20_range3.8_swap.json,swap,euclidean,lognormal,20,3.8,0.14736842105263157,7.714677473801373,1.0,28
42,2987,2987,273.0,../data/Results/lognormal_euclidean/city20_range3.8_swap.json,swap,euclidean,lognormal,20,3.8,0.14736842105263157,8.002024818216444,0.9999999999999998,28
50,3053,3053,269.0,../data/Results/lognormal_euclidean/city20_range3.8_swap.json,swap,euclidean,lognormal,20,3.8,0.14736842105263157,8.023879992735205,1.0,28
67,3613,3613,269.0,../data/Results/lognormal_euclidean/city20_range3.8_swap.json,swap,euclidean,lognormal,20,3.8,0.14736842105263157,8.192293731147917,1.0,28
72,8546,8546,269.0,../data/Results/lognormal_euclidean/city20_range3.8_swap.json,swap,euclidean,lognormal,20,3.8,0.14736842105263157,9.053218616204088,1.0,28
92,13524,13524,269.0,../data/Results/lognormal_euclidean/city20_range3.8_swap.json,swap,euclidean,lognormal,20,3.8,0.14736842105263157,9.512221163827851,1.0000000000000002,28
1,8150,8150,298.0,../data/Results/lognormal_euclidean/city20_range4.0_swap.json,swap,euclidean,lognormal,20,4.0,0.15789473684210525,9.00577320623503,1.0000000000000002,30
11,11708,11708,297.0,../data/Results/lognormal_euclidean/city20_range4.0_swap.json,swap,euclidean,lognormal,20,4.0,0.15789473684210525,9.368027647811862,1.0,30
13,12184,12184,297.0,../data/Results/lognormal_euclidean/city20_range4.0_swap.json,swap,euclidean,lognormal,20,4.0,0.15789473684210525,9.407878894575079,1.0,30
31,14531,14531,297.0,../data/Results/lognormal_euclidean/city20_range4.0_swap.json,swap,euclidean,lognormal,20,4.0,0.15789473684210525,9.584039577320764,1.0,30
33,14650,14650,297.0,../data/Results/lognormal_euclidean/city20_range4.0_swap.json,swap,euclidean,lognormal,20,4.0,0.15789473684210525,9.592195614445282,1.0,30
49,20906,20906,298.0,../data/Results/lognormal_euclidean/city20_range4.0_swap.json,swap,euclidean,lognormal,20,4.0,0.15789473684210525,9.9477914780927,1.0,30
55,83030,83030,298.0,../data/Results/lognormal_euclidean/city20_range4.0_swap.json,swap,euclidean,lognormal,20,4.0,0.15789473684210525,11.326957267256088,1.0,30
60,87922,87922,298.0,../data/Results/lognormal_euclidean/city20_range4.0_swap.json,swap,euclidean,lognormal,20,4.0,0.15789473684210525,11.384205336771467,1.0,30
70,141606,141606,297.0,../data/Results/lognormal_euclidean/city20_range4.0_swap.json,swap,euclidean,lognormal,20,4.0,0.15789473684210525,11.860803832225415,1.0,30
82,156868,156868,297.0,../data/Results/lognormal_euclidean/city20_range4.0_swap.json,swap,euclidean,lognormal,20,4.0,0.15789473684210525,11.963159966358678,1.0,30
105,162534,162534,297.0,../data/Results/lognormal_euclidean/city20_range4.0_swap.json,swap,euclidean,lognormal,20,4.0,0.15789473684210525,11.998642489635461,1.0,30
134,375303,375303,297.0,../data/Results/lognormal_euclidean/city20_range4.0_swap.json,swap,euclidean,lognormal,20,4.0,0.15789473684210525,12.835488978696283,1.0,30
140,444733,444733,296.0,../data/Results/lognormal_euclidean/city20_range4.0_swap.json,swap,euclidean,lognormal,20,4.0,0.15789473684210525,13.005229381076347,1.0,30
141,473574,473574,296.0,../data/Results/lognormal_euclidean/city20_range4.0_swap.json,swap,euclidean,lognormal,20,4.0,0.15789473684210525,13.068063462396301,1.0,30
147,521680,521680,296.0,../data/Results/lognormal_euclidean/city20_range4.0_swap.json,swap,euclidean,lognormal,20,4.0,0.15789473684210525,13.164809652067087,1.0,30
1,303979,303979,268.0,../data/Results/lognormal_euclidean/city20_range2.2_scramble.json,scramble,euclidean,lognormal,20,2.2,0.14736842105263157,12.624713899054933,1.0,28
1,106,106,165.0,../data/Results/lognormal_euclidean/city20_range0.6_swap.json,swap,euclidean,lognormal,20,0.6,0.02631578947368421,4.663439094121501,1.0,5
2,147,147,165.0,../data/Results/lognormal_euclidean/city20_range0.6_swap.json,swap,euclidean,lognormal,20,0.6,0.02631578947368421,4.990432586785539,0.9999999999999998,5
14,153,153,165.0,../data/Results/lognormal_euclidean/city20_range0.6_swap.json,swap,euclidean,lognormal,20,0.6,0.02631578947368421,5.030437921398971,0.9999999999999998,5
16,247,247,165.0,../data/Results/lognormal_euclidean/city20_range0.6_swap.json,swap,euclidean,lognormal,20,0.6,0.02631578947368421,5.509388336632026,0.9999999999999998,5
22,251,251,164.0,../data/Results/lognormal_euclidean/city20_range0.6_swap.json,swap,euclidean,lognormal,20,0.6,0.02631578947368421,5.525452939135768,0.9999999999999998,5
51,272,272,162.0,../data/Results/lognormal_euclidean/city20_range0.6_swap.json,swap,euclidean,lognormal,20,0.6,0.02631578947368421,5.605802066299674,1.0000000000000002,5
69,334,334,162.0,../data/Results/lognormal_euclidean/city20_range0.6_swap.json,swap,euclidean,lognormal,20,0.6,0.02631578947368421,5.811140992979694,0.9999999999999998,5
76,459,459,162.0,../data/Results/lognormal_euclidean/city20_range0.6_swap.json,swap,euclidean,lognormal,20,0.6,0.02631578947368421,6.129050210062724,1.0000000000000002,5
78,483,483,162.0,../data/Results/lognormal_euclidean/city20_range0.6_swap.json,swap,euclidean,lognormal,20,0.6,0.02631578947368421,6.1800166536546435,1.0000000000000002,5
79,484,484,162.0,../data/Results/lognormal_euclidean/city20_range0.6_swap.json,swap,euclidean,lognormal,20,0.6,0.02631578947368421,6.182084906718698,1.0000000000000002,5
80,793,793,162.0,../data/Results/lognormal_euclidean/city20_range0.6_swap.json,swap,euclidean,lognormal,20,0.6,0.02631578947368421,6.675823221636109,1.0000000000000002,5
81,922,922,161.0,../data/Results/lognormal_euclidean/city20_range0.6_swap.json,swap,euclidean,lognormal,20,0.6,0.02631578947368421,6.8265452235576785,0.9999999999999998,5
95,973,973,162.0,../data/Results/lognormal_euclidean/city20_range0.6_swap.json,swap,euclidean,lognormal,20,0.6,0.02631578947368421,6.880384082187033,0.9999999999999998,5
99,1311,1311,162.0,../data/Results/lognormal_euclidean/city20_range0.6_swap.json,swap,euclidean,lognormal,20,0.6,0.02631578947368421,7.178545483764463,0.9999999999999998,5
102,1319,1319,162.0,../data/Results/lognormal_euclidean/city20_range0.6_swap.json,swap,euclidean,lognormal,20,0.6,0.02631578947368421,7.184629152718073,0.9999999999999998,5
105,1576,1576,162.0,../data/Results/lognormal_euclidean/city20_range0.6_swap.json,swap,euclidean,lognormal,20,0.6,0.02631578947368421,7.362645270418459,0.9999999999999998,5
109,1598,1598,162.0,../data/Results/lognormal_euclidean/city20_range0.6_swap.json,swap,euclidean,lognormal,20,0.6,0.02631578947368421,7.376508126326846,0.9999999999999998,5
119,3036,3036,162.0,../data/Results/lognormal_euclidean/city20_range0.6_swap.json,swap,euclidean,lognormal,20,0.6,0.02631578947368421,8.01829613851585,0.9999999999999998,5
122,3058,3058,162.0,../data/Results/lognormal_euclidean/city20_range0.6_swap.json,swap,euclidean,lognormal,20,0.6,0.02631578947368421,8.025516386489334,0.9999999999999998,5
125,3175,3175,162.0,../data/Results/lognormal_euclidean/city20_range0.6_swap.json,swap,euclidean,lognormal,20,0.6,0.02631578947368421,8.063062911327107,0.9999999999999998,5
126,3970,3970,162.0,../data/Results/lognormal_euclidean/city20_range0.6_swap.json,swap,euclidean,lognormal,20,0.6,0.02631578947368421,8.286521373681488,0.9999999999999998,5
128,5178,5178,162.0,../data/Results/lognormal_euclidean/city20_range0.6_swap.json,swap,euclidean,lognormal,20,0.6,0.02631578947368421,8.552174160311676,0.9999999999999998,5
130,5507,5507,162.0,../data/Results/lognormal_euclidean/city20_range0.6_swap.json,swap,euclidean,lognormal,20,0.6,0.02631578947368421,8.613775289262664,0.9999999999999998,5
136,7701,7701,162.0,../data/Results/lognormal_euclidean/city20_range0.6_swap.json,swap,euclidean,lognormal,20,0.6,0.02631578947368421,8.94910546953938,0.9999999999999998,5
151,8052,8052,162.0,../data/Results/lognormal_euclidean/city20_range0.6_swap.json,swap,euclidean,lognormal,20,0.6,0.02631578947368421,8.993675786759807,0.9999999999999998,5
158,8713,8713,162.0,../data/Results/lognormal_euclidean/city20_range0.6_swap.json,swap,euclidean,lognormal,20,0.6,0.02631578947368421,9.072571442231402,0.9999999999999998,5
159,8720,8720,162.0,../data/Results/lognormal_euclidean/city20_range0.6_swap.json,swap,euclidean,lognormal,20,0.6,0.02631578947368421,9.07337451690314,0.9999999999999998,5
160,8865,8865,162.0,../data/Results/lognormal_euclidean/city20_range0.6_swap.json,swap,euclidean,lognormal,20,0.6,0.02631578947368421,9.089866218508421,0.9999999999999998,5
170,12332,12332,162.0,../data/Results/lognormal_euclidean/city20_range0.6_swap.json,swap,euclidean,lognormal,20,0.6,0.02631578947368421,9.419952789006123,0.9999999999999998,5
178,12352,12352,162.0,../data/Results/lognormal_euclidean/city20_range0.6_swap.json,swap,euclidean,lognormal,20,0.6,0.02631578947368421,9.421573272264638,0.9999999999999998,5
189,12536,12536,162.0,../data/Results/lognormal_euclidean/city20_range0.6_swap.json,swap,euclidean,lognormal,20,0.6,0.02631578947368421,9.436359784035936,0.9999999999999998,5
193,14771,14771,162.0,../data/Results/lognormal_euclidean/city20_range0.6_swap.json,swap,euclidean,lognormal,20,0.6,0.02631578947368421,9.600421078040668,0.9999999999999998,5
209,14780,14780,162.0,../data/Results/lognormal_euclidean/city20_range0.6_swap.json,swap,euclidean,lognormal,20,0.6,0.02631578947368421,9.601030194502261,0.9999999999999998,5
221,14892,14892,162.0,../data/Results/lognormal_euclidean/city20_range0.6_swap.json,swap,euclidean,lognormal,20,0.6,0.02631578947368421,9.608579434992675,0.9999999999999998,5
222,23464,23464,162.0,../data/Results/lognormal_euclidean/city20_range0.6_swap.json,swap,euclidean,lognormal,20,0.6,0.02631578947368421,10.063222610657329,0.9999999999999998,5
224,23733,23733,162.0,../data/Results/lognormal_euclidean/city20_range0.6_swap.json,swap,euclidean,lognormal,20,0.6,0.02631578947368421,10.074621763689548,1.0000000000000002,5
228,25179,25179,162.0,../data/Results/lognormal_euclidean/city20_range0.6_swap.json,swap,euclidean,lognormal,20,0.6,0.02631578947368421,10.133765592750978,1.0000000000000002,5
238,32520,32520,162.0,../data/Results/lognormal_euclidean/city20_range0.6_swap.json,swap,euclidean,lognormal,20,0.6,0.02631578947368421,10.389610563661778,1.0000000000000002,5
240,92376,92376,162.0,../data/Results/lognormal_euclidean/city20_range0.6_swap.json,swap,euclidean,lognormal,20,0.6,0.02631578947368421,11.433622483631703,1.0000000000000002,5
241,104479,104479,162.0,../data/Results/lognormal_euclidean/city20_range0.6_swap.json,swap,euclidean,lognormal,20,0.6,0.02631578947368421,11.556741373254662,1.0000000000000002,5
270,162383,162383,162.0,../data/Results/lognormal_euclidean/city20_range0.6_swap.json,swap,euclidean,lognormal,20,0.6,0.02631578947368421,11.997713021427453,1.0000000000000002,5
274,249426,249426,162.0,../data/Results/lognormal_euclidean/city20_range0.6_swap.json,swap,euclidean,lognormal,20,0.6,0.02631578947368421,12.426917556994884,1.0000000000000002,5
279,251234,251234,162.0,../data/Results/lognormal_euclidean/city20_range0.6_swap.json,swap,euclidean,lognormal,20,0.6,0.02631578947368421,12.434140054735629,1.0000000000000002,5
281,276219,276219,162.0,../data/Results/lognormal_euclidean/city20_range0.6_swap.json,swap,euclidean,lognormal,20,0.6,0.02631578947368421,12.528949308322712,1.0000000000000002,5
287,405624,405624,162.0,../data/Results/lognormal_euclidean/city20_range0.6_swap.json,swap,euclidean,lognormal,20,0.6,0.02631578947368421,12.913181901106176,0.9999999999999998,5
291,512892,512892,162.0,../data/Results/lognormal_euclidean/city20_range0.6_swap.json,swap,euclidean,lognormal,20,0.6,0.02631578947368421,13.147820575673343,0.9999999999999998,5
297,521208,521208,162.0,../data/Results/lognormal_euclidean/city20_range0.6_swap.json,swap,euclidean,lognormal,20,0.6,0.02631578947368421,13.163904473309199,0.9999999999999998,5
299,538915,538915,162.0,../data/Results/lognormal_euclidean/city20_range0.6_swap.json,swap,euclidean,lognormal,20,0.6,0.02631578947368421,13.197313138011857,0.9999999999999998,5
314,542147,542147,162.0,../data/Results/lognormal_euclidean/city20_range0.6_swap.json,swap,euclidean,lognormal,20,0.6,0.02631578947368421,13.203292461361087,0.9999999999999998,5
316,576041,576041,162.0,../data/Results/lognormal_euclidean/city20_range0.6_swap.json,swap,euclidean,lognormal,20,0.6,0.02631578947368421,13.26393411770037,0.9999999999999998,5
318,596709,596709,162.0,../data/Results/lognormal_euclidean/city20_range0.6_swap.json,swap,euclidean,lognormal,20,0.6,0.02631578947368421,13.299184836352687,0.9999999999999998,5
322,597326,597326,162.0,../data/Results/lognormal_euclidean/city20_range0.6_swap.json,swap,euclidean,lognormal,20,0.6,0.02631578947368421,13.30021830698783,0.9999999999999998,5
335,597342,597342,162.0,../data/Results/lognormal_euclidean/city20_range0.6_swap.json,swap,euclidean,lognormal,20,0.6,0.02631578947368421,13.300245092672222,0.9999999999999998,5
337,598565,598565,162.0,../data/Results/lognormal_euclidean/city20_range0.6_swap.json,swap,euclidean,lognormal,20,0.6,0.02631578947368421,13.302290402928534,0.9999999999999998,5
341,1040784,1040784,162.0,../data/Results/lognormal_euclidean/city20_range0.6_swap.json,swap,euclidean,lognormal,20,0.6,0.02631578947368421,13.85548483327211,0.9999999999999998,5
1,1009,1009,268.0,../data/Results/lognormal_euclidean/city20_range1.6_scramble.json,scramble,euclidean,lognormal,20,1.6,0.12631578947368421,6.9167150203546,1.0000000000000004,24
18,1472,1472,146.0,../data/Results/lognormal_euclidean/city20_range1.6_scramble.json,scramble,euclidean,lognormal,20,1.6,0.12631578947368421,7.294377299289501,1.0,24
19,4548,4548,147.0,../data/Results/lognormal_euclidean/city20_range1.6_scramble.json,scramble,euclidean,lognormal,20,1.6,0.12631578947368421,8.422442854870647,1.0000000000000002,24
1,196709,196709,330.0,../data/Results/lognormal_euclidean/city20_range4.8_scramble.json,scramble,euclidean,lognormal,20,4.8,0.08421052631578947,12.189480758287216,1.0,16
1,2008112,2008112,285.0,../data/Results/lognormal_euclidean/city20_range4.2_scramble.json,scramble,euclidean,lognormal,20,4.2,0.1631578947368421,14.512705535130715,1.0000000000000002,31
1,5864,5864,271.0,../data/Results/lognormal_euclidean/city20_range2.0_wouter.json,inplace,euclidean,lognormal,20,2.0,0.1368421052631579,8.676587243566658,1.0,26
5,6337,6337,271.0,../data/Results/lognormal_euclidean/city20_range2.0_wouter.json,inplace,euclidean,lognormal,20,2.0,0.14210526315789473,8.754160749323676,1.0,27
6,6394,6394,271.0,../data/Results/lognormal_euclidean/city20_range2.0_wouter.json,inplace,euclidean,lognormal,20,2.0,0.14736842105263157,8.763115329619943,1.0,28
7,6538,6538,271.0,../data/Results/lognormal_euclidean/city20_range2.0_wouter.json,inplace,euclidean,lognormal,20,2.0,0.15263157894736842,8.785386587284309,1.0,29
17,6673,6673,271.0,../data/Results/lognormal_euclidean/city20_range2.0_wouter.json,inplace,euclidean,lognormal,20,2.0,0.15789473684210525,8.805824812903756,1.0,30
18,7230,7230,271.0,../data/Results/lognormal_euclidean/city20_range2.0_wouter.json,inplace,euclidean,lognormal,20,2.0,0.1631578947368421,8.88599431515295,1.0,31
19,7941,7941,271.0,../data/Results/lognormal_euclidean/city20_range2.0_wouter.json,inplace,euclidean,lognormal,20,2.0,0.16842105263157894,8.979794490895337,1.0,32
21,8065,8065,271.0,../data/Results/lognormal_euclidean/city20_range2.0_wouter.json,inplace,euclidean,lognormal,20,2.0,0.1736842105263158,8.995288990559434,1.0,33
25,8148,8148,271.0,../data/Results/lognormal_euclidean/city20_range2.0_wouter.json,inplace,euclidean,lognormal,20,2.0,0.17894736842105263,9.005527777346819,1.0,34
30,8660,8660,271.0,../data/Results/lognormal_euclidean/city20_range2.0_wouter.json,inplace,euclidean,lognormal,20,2.0,0.18421052631578946,9.066470001556596,1.0,35
52,14050,14050,275.0,../data/Results/lognormal_euclidean/city20_range2.0_wouter.json,inplace,euclidean,lognormal,20,2.0,0.18421052631578946,9.550377674761963,1.0,35
54,15021,15021,275.0,../data/Results/lognormal_euclidean/city20_range2.0_wouter.json,inplace,euclidean,lognormal,20,2.0,0.18947368421052632,9.61720450099812,1.0,36
55,19851,19851,275.0,../data/Results/lognormal_euclidean/city20_range2.0_wouter.json,inplace,euclidean,lognormal,20,2.0,0.19473684210526315,9.89600966268022,1.0,37
59,19854,19854,275.0,../data/Results/lognormal_euclidean/city20_range2.0_wouter.json,inplace,euclidean,lognormal,20,2.0,0.2,9.896160777149717,1.0,38
72,19880,19880,275.0,../data/Results/lognormal_euclidean/city20_range2.0_wouter.json,inplace,euclidean,lognormal,20,2.0,0.20526315789473684,9.897469480210615,1.0,39
74,19896,19896,275.0,../data/Results/lognormal_euclidean/city20_range2.0_wouter.json,inplace,euclidean,lognormal,20,2.0,0.21052631578947367,9.898273985483291,1.0,40
75,20669,20669,275.0,../data/Results/lognormal_euclidean/city20_range2.0_wouter.json,inplace,euclidean,lognormal,20,2.0,0.21578947368421053,9.936390272211884,1.0,41
80,21921,21921,275.0,../data/Results/lognormal_euclidean/city20_range2.0_wouter.json,inplace,euclidean,lognormal,20,2.0,0.22105263157894736,9.995200360459373,1.0,42
85,23244,23244,275.0,../data/Results/lognormal_euclidean/city20_range2.0_wouter.json,inplace,euclidean,lognormal,20,2.0,0.22631578947368422,10.053802313195039,1.0,43
100,31130,31130,275.0,../data/Results/lognormal_euclidean/city20_range2.0_wouter.json,inplace,euclidean,lognormal,20,2.0,0.23157894736842105,10.345927263435685,0.9999999999999998,44
101,31641,31641,275.0,../data/Results/lognormal_euclidean/city20_range2.0_wouter.json,inplace,euclidean,lognormal,20,2.0,0.23684210526315788,10.362209026944756,0.9999999999999998,45
105,34788,34788,276.0,../data/Results/lognormal_euclidean/city20_range2.0_wouter.json,inplace,euclidean,lognormal,20,2.0,0.24210526315789474,10.457027778709685,0.9999999999999998,46
106,34952,34952,276.0,../data/Results/lognormal_euclidean/city20_range2.0_wouter.json,inplace,euclidean,lognormal,20,2.0,0.24736842105263157,10.4617309706313,0.9999999999999998,47
108,35756,35756,276.0,../data/Results/lognormal_euclidean/city20_range2.0_wouter.json,inplace,euclidean,lognormal,20,2.0,0.25263157894736843,10.484473366207771,0.9999999999999998,48
109,40999,40999,276.0,../data/Results/lognormal_euclidean/city20_range2.0_wouter.json,inplace,euclidean,lognormal,20,2.0,0.2578947368421053,10.62130295514512,0.9999999999999998,49
112,41028,41028,276.0,../data/Results/lognormal_euclidean/city20_range2.0_wouter.json,inplace,euclidean,lognormal,20,2.0,0.2631578947368421,10.622010039427327,0.9999999999999998,50
117,41227,41227,276.0,../data/Results/lognormal_euclidean/city20_range2.0_wouter.json,inplace,euclidean,lognormal,20,2.0,0.26842105263157895,10.626848660502107,0.9999999999999998,51
122,41316,41316,276.0,../data/Results/lognormal_euclidean/city20_range2.0_wouter.json,inplace,euclidean,lognormal,20,2.0,0.2736842105263158,10.629005113126547,0.9999999999999998,52
129,41318,41318,276.0,../data/Results/lognormal_euclidean/city20_range2.0_wouter.json,inplace,euclidean,lognormal,20,2.0,0.2789473684210526,10.629053519351599,0.9999999999999998,53
131,42790,42790,276.0,../data/Results/lognormal_euclidean/city20_range2.0_wouter.json,inplace,euclidean,lognormal,20,2.0,0.28421052631578947,10.664059709410886,0.9999999999999998,54
133,42865,42865,276.0,../data/Results/lognormal_euclidean/city20_range2.0_wouter.json,inplace,euclidean,lognormal,20,2.0,0.2894736842105263,10.665810921112879,0.9999999999999998,55
137,43149,43149,276.0,../data/Results/lognormal_euclidean/city20_range2.0_wouter.json,inplace,euclidean,lognormal,20,2.0,0.29473684210526313,10.672414521272023,0.9999999999999998,56
139,45643,45643,276.0,../data/Results/lognormal_euclidean/city20_range2.0_wouter.json,inplace,euclidean,lognormal,20,2.0,0.3,10.728605533629992,0.9999999999999998,57
140,46802,46802,276.0,../data/Results/lognormal_euclidean/city20_range2.0_wouter.json,inplace,euclidean,lognormal,20,2.0,0.30526315789473685,10.753681216035378,0.9999999999999998,58
141,58667,58667,278.0,../data/Results/lognormal_euclidean/city20_range2.0_wouter.json,inplace,euclidean,lognormal,20,2.0,0.3105263157894737,10.979632667154236,0.9999999999999998,59
142,152311,152311,279.0,../data/Results/lognormal_euclidean/city20_range2.0_wouter.json,inplace,euclidean,lognormal,20,2.0,0.3157894736842105,11.93367976214509,0.9999999999999998,60
148,165782,165782,279.0,../data/Results/lognormal_euclidean/city20_range2.0_wouter.json,inplace,euclidean,lognormal,20,2.0,0.32105263157894737,12.018428951254197,0.9999999999999998,61
161,166482,166482,279.0,../data/Results/lognormal_euclidean/city20_range2.0_wouter.json,inplace,euclidean,lognormal,20,2.0,0.3263157894736842,12.02264247445043,0.9999999999999998,62
163,166810,166810,279.0,../data/Results/lognormal_euclidean/city20_range2.0_wouter.json,inplace,euclidean,lognormal,20,2.0,0.33157894736842103,12.024610719148107,0.9999999999999998,63
166,178136,178136,279.0,../data/Results/lognormal_euclidean/city20_range2.0_wouter.json,inplace,euclidean,lognormal,20,2.0,0.3368421052631579,12.090302582484298,0.9999999999999998,64
167,180775,180775,279.0,../data/Results/lognormal_euclidean/city20_range2.0_wouter.json,inplace,euclidean,lognormal,20,2.0,0.34210526315789475,12.105008443043157,0.9999999999999998,65
1,6572,6572,378.0,../data/Results/lognormal_euclidean/city20_range4.4_scramble.json,scramble,euclidean,lognormal,20,4.4,0.03684210526315789,8.790573479157311,1.0,7
1,510,510,156.0,../data/Results/lognormal_euclidean/city30_range0.4_scramble.json,scramble,euclidean,lognormal,30,0.4,0.006896551724137931,6.234410725720332,1.0,3
5,619,619,150.0,../data/Results/lognormal_euclidean/city30_range0.4_scramble.json,scramble,euclidean,lognormal,30,0.4,0.006896551724137931,6.428105272686212,1.0,3
127,1007,1007,150.0,../data/Results/lognormal_euclidean/city30_range0.4_scramble.json,scramble,euclidean,lognormal,30,0.4,0.006896551724137931,6.914730892719556,1.0,3
146,1211,1211,150.0,../data/Results/lognormal_euclidean/city30_range0.4_scramble.json,scramble,euclidean,lognormal,30,0.4,0.006896551724137931,7.099201743553918,1.0,3
249,1668,1668,150.0,../data/Results/lognormal_euclidean/city30_range0.4_scramble.json,scramble,euclidean,lognormal,30,0.4,0.006896551724137931,7.419380582919292,1.0,3
269,1796,1796,150.0,../data/Results/lognormal_euclidean/city30_range0.4_scramble.json,scramble,euclidean,lognormal,30,0.4,0.006896551724137931,7.493317248862701,1.0,3
389,1847,1847,150.0,../data/Results/lognormal_euclidean/city30_range0.4_scramble.json,scramble,euclidean,lognormal,30,0.4,0.006896551724137931,7.521317980199782,1.0,3
1,36650,36650,325.0,../data/Results/lognormal_euclidean/city20_range2.8_scramble.json,scramble,euclidean,lognormal,20,2.8,0.09473684210526316,10.509168707314824,1.0000000000000002,18
1,47094,47094,261.0,../data/Results/lognormal_euclidean/city20_range1.4_scramble.json,scramble,euclidean,lognormal,20,1.4,0.10526315789473684,10.75990088335489,1.0000000000000002,20
1,115,115,104.0,../data/Results/lognormal_euclidean/city20_range0.4_swap.json,swap,euclidean,lognormal,20,0.4,0.021052631578947368,4.7449321283719454,1.0,4
4,216,216,103.0,../data/Results/lognormal_euclidean/city20_range0.4_swap.json,swap,euclidean,lognormal,20,0.4,0.021052631578947368,5.3752784076887945,1.0,4
10,261,261,103.0,../data/Results/lognormal_euclidean/city20_range0.4_swap.json,swap,euclidean,lognormal,20,0.4,0.021052631578947368,5.564520407326524,1.0,4
17,265,265,103.0,../data/Results/lognormal_euclidean/city20_range0.4_swap.json,swap,euclidean,lognormal,20,0.4,0.021052631578947368,5.579729825989996,1.0,4
21,12980,12980,103.0,../data/Results/lognormal_euclidean/city20_range0.4_swap.json,swap,euclidean,lognormal,20,0.4,0.021052631578947368,9.471164990258158,1.0,4
23,71509,71509,103.0,../data/Results/lognormal_euclidean/city20_range0.4_swap.json,swap,euclidean,lognormal,20,0.4,0.021052631578947368,11.177578594886505,1.0,4
31,78418,78418,103.0,../data/Results/lognormal_euclidean/city20_range0.4_swap.json,swap,euclidean,lognormal,20,0.4,0.021052631578947368,11.269808771823074,1.0,4
35,79042,79042,103.0,../data/Results/lognormal_euclidean/city20_range0.4_swap.json,swap,euclidean,lognormal,20,0.4,0.021052631578947368,11.277734635745356,1.0,4
56,100393,100393,103.0,../data/Results/lognormal_euclidean/city20_range0.4_swap.json,swap,euclidean,lognormal,20,0.4,0.021052631578947368,11.516847762693608,1.0,4
67,102390,102390,103.0,../data/Results/lognormal_euclidean/city20_range0.4_swap.json,swap,euclidean,lognormal,20,0.4,0.021052631578947368,11.536544330568873,1.0,4
72,103726,103726,103.0,../data/Results/lognormal_euclidean/city20_range0.4_swap.json,swap,euclidean,lognormal,20,0.4,0.021052631578947368,11.549508086031926,1.0,4
83,105663,105663,103.0,../data/Results/lognormal_euclidean/city20_range0.4_swap.json,swap,euclidean,lognormal,20,0.4,0.021052631578947368,11.56801006327379,1.0,4
86,141829,141829,103.0,../data/Results/lognormal_euclidean/city20_range0.4_swap.json,swap,euclidean,lognormal,20,0.4,0.021052631578947368,11.86237738556931,1.0,4
89,142504,142504,103.0,../data/Results/lognormal_euclidean/city20_range0.4_swap.json,swap,euclidean,lognormal,20,0.4,0.021052631578947368,11.867125348472328,1.0,4
98,172418,172418,103.0,../data/Results/lognormal_euclidean/city20_range0.4_swap.json,swap,euclidean,lognormal,20,0.4,0.021052631578947368,12.057677040114232,1.0,4
114,184980,184980,103.0,../data/Results/lognormal_euclidean/city20_range0.4_swap.json,swap,euclidean,lognormal,20,0.4,0.021052631578947368,12.128002990108257,1.0,4
119,190859,190859,103.0,../data/Results/lognormal_euclidean/city20_range0.4_swap.json,swap,euclidean,lognormal,20,0.4,0.021052631578947368,12.159290214515,1.0,4
216,191192,191192,103.0,../data/Results/lognormal_euclidean/city20_range0.4_swap.json,swap,euclidean,lognormal,20,0.4,0.021052631578947368,12.1610334377199,1.0,4
223,200930,200930,103.0,../data/Results/lognormal_euclidean/city20_range0.4_swap.json,swap,euclidean,lognormal,20,0.4,0.021052631578947368,12.210711867678604,1.0,4
233,201074,201074,103.0,../data/Results/lognormal_euclidean/city20_range0.4_swap.json,swap,euclidean,lognormal,20,0.4,0.021052631578947368,12.211428278491226,1.0,4
238,217344,217344,103.0,../data/Results/lognormal_euclidean/city20_range0.4_swap.json,swap,euclidean,lognormal,20,0.4,0.021052631578947368,12.289236630790914,1.0,4
244,254124,254124,103.0,../data/Results/lognormal_euclidean/city20_range0.4_swap.json,swap,euclidean,lognormal,20,0.4,0.021052631578947368,12.445577615851587,1.0,4
248,765523,765523,103.0,../data/Results/lognormal_euclidean/city20_range0.4_swap.json,swap,euclidean,lognormal,20,0.4,0.021052631578947368,13.548314539350264,0.9999999999999998,4
1,242,242,248.0,../data/Results/lognormal_euclidean/city30_range0.6_scramble.json,scramble,euclidean,lognormal,30,0.6,0.011494252873563218,5.4889377261608185,0.9999999999999999,5
3,455,455,237.0,../data/Results/lognormal_euclidean/city30_range0.6_scramble.json,scramble,euclidean,lognormal,30,0.6,0.011494252873563218,6.1202974189531485,1.0000000000000002,5
6,480,480,236.0,../data/Results/lognormal_euclidean/city30_range0.6_scramble.json,scramble,euclidean,lognormal,30,0.6,0.011494252873563218,6.17378610390402,0.9999999999999999,5
14,481,481,236.0,../data/Results/lognormal_euclidean/city30_range0.6_scramble.json,scramble,euclidean,lognormal,30,0.6,0.011494252873563218,6.17586727010784,1.0000000000000002,5
17,902,902,236.0,../data/Results/lognormal_euclidean/city30_range0.6_scramble.json,scramble,euclidean,lognormal,30,0.6,0.011494252873563218,6.8046145200637325,1.0000000000000002,5
42,1295,1295,236.0,../data/Results/lognormal_euclidean/city30_range0.6_scramble.json,scramble,euclidean,lognormal,30,0.6,0.011494252873563218,7.166265974134411,1.0000000000000002,5
61,3835835,3835835,237.0,../data/Results/lognormal_euclidean/city30_range0.6_scramble.json,scramble,euclidean,lognormal,30,0.6,0.011494252873563218,15.159897700504569,0.9999999999999999,5
1,111,111,105.0,../data/Results/lognormal_euclidean/city20_range0.4_wouter.json,inplace,euclidean,lognormal,20,0.4,0.015789473684210527,4.709530201321344,1.0000000000000002,3
5,1098,1098,105.0,../data/Results/lognormal_euclidean/city20_range0.4_wouter.json,inplace,euclidean,lognormal,20,0.4,0.021052631578947368,7.001245622070386,1.0000000000000002,4
9,1790,1790,106.0,../data/Results/lognormal_euclidean/city20_range0.4_wouter.json,inplace,euclidean,lognormal,20,0.4,0.02631578947368421,7.4899708988353595,1.0000000000000002,5
13,2006,2006,106.0,../data/Results/lognormal_euclidean/city20_range0.4_wouter.json,inplace,euclidean,lognormal,20,0.4,0.031578947368421054,7.6038979685223795,1.0000000000000002,6
20,2792,2792,106.0,../data/Results/lognormal_euclidean/city20_range0.4_wouter.json,inplace,euclidean,lognormal,20,0.4,0.03684210526315789,7.934513463882621,1.0000000000000002,7
22,3071,3071,106.0,../data/Results/lognormal_euclidean/city20_range0.4_wouter.json,inplace,euclidean,lognormal,20,0.4,0.042105263157894736,8.029758520441147,1.0000000000000002,8
35,5392,5392,107.0,../data/Results/lognormal_euclidean/city20_range0.4_wouter.json,inplace,euclidean,lognormal,20,0.4,0.04736842105263158,8.592671652592328,1.0000000000000002,9
37,5417,5417,107.0,../data/Results/lognormal_euclidean/city20_range0.4_wouter.json,inplace,euclidean,lognormal,20,0.4,0.05263157894736842,8.597297435658083,1.0000000000000002,10
55,5477,5477,107.0,../data/Results/lognormal_euclidean/city20_range0.4_wouter.json,inplace,euclidean,lognormal,20,0.4,0.05789473684210526,8.608312784783903,1.0000000000000002,11
127,5479,5479,107.0,../data/Results/lognormal_euclidean/city20_range0.4_wouter.json,inplace,euclidean,lognormal,20,0.4,0.06315789473684211,8.608677881538599,1.0000000000000002,12
144,13165,13165,107.0,../data/Results/lognormal_euclidean/city20_range0.4_wouter.json,inplace,euclidean,lognormal,20,0.4,0.06842105263157895,9.485317071930485,1.0000000000000002,13
316,13171,13171,107.0,../data/Results/lognormal_euclidean/city20_range0.4_wouter.json,inplace,euclidean,lognormal,20,0.4,0.07368421052631578,9.485772721999123,1.0000000000000002,14
317,13172,13172,107.0,../data/Results/lognormal_euclidean/city20_range0.4_wouter.json,inplace,euclidean,lognormal,20,0.4,0.07894736842105263,9.48584864349633,1.0000000000000002,15
322,13177,13177,107.0,../data/Results/lognormal_euclidean/city20_range0.4_wouter.json,inplace,euclidean,lognormal,20,0.4,0.08421052631578947,9.486228164545329,1.0000000000000002,16
324,13178,13178,107.0,../data/Results/lognormal_euclidean/city20_range0.4_wouter.json,inplace,euclidean,lognormal,20,0.4,0.08947368421052632,9.48630405147384,1.0000000000000002,17
386,13180,13180,107.0,../data/Results/lognormal_euclidean/city20_range0.4_wouter.json,inplace,euclidean,lognormal,20,0.4,0.09473684210526316,9.486455808056574,1.0000000000000002,18
402,13191,13191,107.0,../data/Results/lognormal_euclidean/city20_range0.4_wouter.json,inplace,euclidean,lognormal,20,0.4,0.1,9.487290057848996,1.0000000000000002,19
407,15468,15468,107.0,../data/Results/lognormal_euclidean/city20_range0.4_wouter.json,inplace,euclidean,lognormal,20,0.4,0.10526315789473684,9.646528652727252,1.0000000000000002,20
415,15471,15471,107.0,../data/Results/lognormal_euclidean/city20_range0.4_wouter.json,inplace,euclidean,lognormal,20,0.4,0.11052631578947368,9.646722582719134,1.0000000000000002,21
444,15472,15472,107.0,../data/Results/lognormal_euclidean/city20_range0.4_wouter.json,inplace,euclidean,lognormal,20,0.4,0.11578947368421053,9.64678721769314,1.0000000000000002,22
468,15473,15473,107.0,../data/Results/lognormal_euclidean/city20_range0.4_wouter.json,inplace,euclidean,lognormal,20,0.4,0.12105263157894737,9.646851848489737,1.0000000000000002,23
469,15485,15485,107.0,../data/Results/lognormal_euclidean/city20_range0.4_wouter.json,inplace,euclidean,lognormal,20,0.4,0.12631578947368421,9.647627092407367,1.0000000000000002,24
474,15487,15487,107.0,../data/Results/lognormal_euclidean/city20_range0.4_wouter.json,inplace,euclidean,lognormal,20,0.4,0.13157894736842105,9.64775624131624,1.0000000000000002,25
477,15488,15488,107.0,../data/Results/lognormal_euclidean/city20_range0.4_wouter.json,inplace,euclidean,lognormal,20,0.4,0.1368421052631579,9.647820809516423,1.0000000000000002,26
487,15489,15489,107.0,../data/Results/lognormal_euclidean/city20_range0.4_wouter.json,inplace,euclidean,lognormal,20,0.4,0.14210526315789473,9.647885373547824,1.0000000000000002,27
492,15501,15501,107.0,../data/Results/lognormal_euclidean/city20_range0.4_wouter.json,inplace,euclidean,lognormal,20,0.4,0.14736842105263157,9.648659816955359,1.0000000000000002,28
541,15519,15519,107.0,../data/Results/lognormal_euclidean/city20_range0.4_wouter.json,inplace,euclidean,lognormal,20,0.4,0.15263157894736842,9.64982035867169,1.0000000000000002,29
572,15520,15520,107.0,../data/Results/lognormal_euclidean/city20_range0.4_wouter.json,inplace,euclidean,lognormal,20,0.4,0.15789473684210525,9.649884793737273,1.0000000000000002,30
601,15530,15530,107.0,../data/Results/lognormal_euclidean/city20_range0.4_wouter.json,inplace,euclidean,lognormal,20,0.4,0.1631578947368421,9.650528916142797,1.0000000000000002,31
668,15569,15569,107.0,../data/Results/lognormal_euclidean/city20_range0.4_wouter.json,inplace,euclidean,lognormal,20,0.4,0.16842105263157894,9.653037036689739,1.0000000000000002,32
741,15677,15677,107.0,../data/Results/lognormal_euclidean/city20_range0.4_wouter.json,inplace,euclidean,lognormal,20,0.4,0.1736842105263158,9.659949949068595,1.0000000000000002,33
749,15678,15678,107.0,../data/Results/lognormal_euclidean/city20_range0.4_wouter.json,inplace,euclidean,lognormal,20,0.4,0.17894736842105263,9.66001373474873,1.0000000000000002,34
788,15718,15718,107.0,../data/Results/lognormal_euclidean/city20_range0.4_wouter.json,inplace,euclidean,lognormal,20,0.4,0.18421052631578946,9.662561831426183,1.0000000000000002,35
877,15721,15721,107.0,../data/Results/lognormal_euclidean/city20_range0.4_wouter.json,inplace,euclidean,lognormal,20,0.4,0.18947368421052632,9.662752677191577,1.0000000000000002,36
1,317,317,153.0,../data/Results/lognormal_euclidean/city30_range0.4_wouter.json,inplace,euclidean,lognormal,30,0.4,0.011494252873563218,5.758901773880435,0.9999999999999998,5
209,516,516,153.0,../data/Results/lognormal_euclidean/city30_range0.4_wouter.json,inplace,euclidean,lognormal,30,0.4,0.013793103448275862,6.246106765483501,0.9999999999999998,6
212,666,666,153.0,../data/Results/lognormal_euclidean/city30_range0.4_wouter.json,inplace,euclidean,lognormal,30,0.4,0.016091954022988506,6.50128967054189,0.9999999999999998,7
214,847,847,154.0,../data/Results/lognormal_euclidean/city30_range0.4_wouter.json,inplace,euclidean,lognormal,30,0.4,0.01839080459770115,6.741700694653235,0.9999999999999998,8
216,928,928,154.0,../data/Results/lognormal_euclidean/city30_range0.4_wouter.json,inplace,euclidean,lognormal,30,0.4,0.020689655172413793,6.833031732787278,0.9999999999999998,9
226,1536,1536,154.0,../data/Results/lognormal_euclidean/city30_range0.4_wouter.json,inplace,euclidean,lognormal,30,0.4,0.022988505747126436,7.336936913708269,0.9999999999999998,10
228,1570,1570,154.0,../data/Results/lognormal_euclidean/city30_range0.4_wouter.json,inplace,euclidean,lognormal,30,0.4,0.02528735632183908,7.35883089834299,0.9999999999999998,11
296,1931,1931,154.0,../data/Results/lognormal_euclidean/city30_range0.4_wouter.json,inplace,euclidean,lognormal,30,0.4,0.027586206896551724,7.565793282429032,0.9999999999999998,12
388,2615,2615,154.0,../data/Results/lognormal_euclidean/city30_range0.4_wouter.json,inplace,euclidean,lognormal,30,0.4,0.029885057471264367,7.869019376499406,0.9999999999999998,13
393,2807,2807,154.0,../data/Results/lognormal_euclidean/city30_range0.4_wouter.json,inplace,euclidean,lognormal,30,0.4,0.03218390804597701,7.939871576362239,0.9999999999999998,14
425,2818,2818,154.0,../data/Results/lognormal_euclidean/city30_range0.4_wouter.json,inplace,euclidean,lognormal,30,0.4,0.034482758620689655,7.9437826924589805,0.9999999999999998,15
1,497,497,251.0,../data/Results/lognormal_euclidean/city20_range1.2_scramble.json,scramble,euclidean,lognormal,20,1.2,0.1,6.208590026098641,1.0,19
18,1398,1398,182.0,../data/Results/lognormal_euclidean/city20_range1.2_scramble.json,scramble,euclidean,lognormal,20,1.2,0.1,7.2427979227944705,0.9999999999999998,19
85,1927,1927,183.0,../data/Results/lognormal_euclidean/city20_range1.2_scramble.json,scramble,euclidean,lognormal,20,1.2,0.1,7.563719668414885,0.9999999999999998,19
202,2628,2628,185.0,../data/Results/lognormal_euclidean/city20_range1.2_scramble.json,scramble,euclidean,lognormal,20,1.2,0.1,7.873978379604882,1.0000000000000002,19
866,3014,3014,182.0,../data/Results/lognormal_euclidean/city20_range1.2_scramble.json,scramble,euclidean,lognormal,20,1.2,0.1,8.011023379186772,1.0000000000000002,19
1,325650,325650,267.0,../data/Results/lognormal_euclidean/city20_range2.4_scramble.json,scramble,euclidean,lognormal,20,2.4,0.1736842105263158,12.69357846397455,0.9999999999999998,33
1,229,229,206.0,../data/Results/lognormal_euclidean/city20_range0.8_wouter.json,inplace,euclidean,lognormal,20,0.8,0.031578947368421054,5.433722003558606,1.0,6
11,315,315,207.0,../data/Results/lognormal_euclidean/city20_range0.8_wouter.json,inplace,euclidean,lognormal,20,0.8,0.03684210526315789,5.752572638828807,1.0,7
16,365,365,207.0,../data/Results/lognormal_euclidean/city20_range0.8_wouter.json,inplace,euclidean,lognormal,20,0.8,0.042105263157894736,5.8998973535852315,1.0,8
19,433,433,207.0,../data/Results/lognormal_euclidean/city20_range0.8_wouter.json,inplace,euclidean,lognormal,20,0.8,0.04736842105263158,6.070737728004799,1.0,9
30,463,463,207.0,../data/Results/lognormal_euclidean/city20_range0.8_wouter.json,inplace,euclidean,lognormal,20,0.8,0.05263157894736842,6.137727054088394,1.0,10
32,498,498,208.0,../data/Results/lognormal_euclidean/city20_range0.8_wouter.json,inplace,euclidean,lognormal,20,0.8,0.05789473684210526,6.210600077026661,1.0,11
33,783,783,208.0,../data/Results/lognormal_euclidean/city20_range0.8_wouter.json,inplace,euclidean,lognormal,20,0.8,0.06315789473684211,6.66313269599208,1.0,12
35,2510,2510,209.0,../data/Results/lognormal_euclidean/city20_range0.8_wouter.json,inplace,euclidean,lognormal,20,0.8,0.06842105263157895,7.828038032126228,1.0,13
37,2513,2513,209.0,../data/Results/lognormal_euclidean/city20_range0.8_wouter.json,inplace,euclidean,lognormal,20,0.8,0.07368421052631578,7.82923253754399,1.0,14
39,2514,2514,209.0,../data/Results/lognormal_euclidean/city20_range0.8_wouter.json,inplace,euclidean,lognormal,20,0.8,0.07894736842105263,7.829630389150591,1.0,15
42,3968,3968,210.0,../data/Results/lognormal_euclidean/city20_range0.8_wouter.json,inplace,euclidean,lognormal,20,0.8,0.08421052631578947,8.286017468405015,1.0,16
45,4029,4029,210.0,../data/Results/lognormal_euclidean/city20_range0.8_wouter.json,inplace,euclidean,lognormal,20,0.8,0.08947368421052632,8.301273485191595,1.0,17
46,4446,4446,211.0,../data/Results/lognormal_euclidean/city20_range0.8_wouter.json,inplace,euclidean,lognormal,20,0.8,0.09473684210526316,8.399760094524368,1.0,18
47,4454,4454,211.0,../data/Results/lognormal_euclidean/city20_range0.8_wouter.json,inplace,euclidean,lognormal,20,0.8,0.1,8.401557847817537,1.0,19
55,4457,4457,211.0,../data/Results/lognormal_euclidean/city20_range0.8_wouter.json,inplace,euclidean,lognormal,20,0.8,0.10526315789473684,8.402231172946781,1.0,20
59,4461,4461,211.0,../data/Results/lognormal_euclidean/city20_range0.8_wouter.json,inplace,euclidean,lognormal,20,0.8,0.11052631578947368,8.40312823512849,1.0,21
74,4548,4548,211.0,../data/Results/lognormal_euclidean/city20_range0.8_wouter.json,inplace,euclidean,lognormal,20,0.8,0.11578947368421053,8.422442854870647,1.0,22
79,4550,4550,211.0,../data/Results/lognormal_euclidean/city20_range0.8_wouter.json,inplace,euclidean,lognormal,20,0.8,0.12105263157894737,8.422882511945216,1.0,23
86,4551,4551,211.0,../data/Results/lognormal_euclidean/city20_range0.8_wouter.json,inplace,euclidean,lognormal,20,0.8,0.12631578947368421,8.423102268016862,1.0,24
93,4682,4682,211.0,../data/Results/lognormal_euclidean/city20_range0.8_wouter.json,inplace,euclidean,lognormal,20,0.8,0.13157894736842105,8.451480648051069,1.0,25
95,4741,4741,211.0,../data/Results/lognormal_euclidean/city20_range0.8_wouter.json,inplace,euclidean,lognormal,20,0.8,0.1368421052631579,8.464003362902329,1.0,26
101,4743,4743,211.0,../data/Results/lognormal_euclidean/city20_range0.8_wouter.json,inplace,euclidean,lognormal,20,0.8,0.14210526315789473,8.464425125877792,1.0,27
112,4745,4745,211.0,../data/Results/lognormal_euclidean/city20_range0.8_wouter.json,inplace,euclidean,lognormal,20,0.8,0.14736842105263157,8.464846711044238,1.0,28
113,8461,8461,212.0,../data/Results/lognormal_euclidean/city20_range0.8_wouter.json,inplace,euclidean,lognormal,20,0.8,0.15263157894736842,9.043222648924619,1.0,29
118,9498,9498,212.0,../data/Results/lognormal_euclidean/city20_range0.8_wouter.json,inplace,euclidean,lognormal,20,0.8,0.15789473684210525,9.158836529109173,1.0,30
121,9661,9661,212.0,../data/Results/lognormal_euclidean/city20_range0.8_wouter.json,inplace,euclidean,lognormal,20,0.8,0.1631578947368421,9.175852441517613,1.0,31
127,9665,9665,212.0,../data/Results/lognormal_euclidean/city20_range0.8_wouter.json,inplace,euclidean,lognormal,20,0.8,0.16842105263157894,9.176266391642535,1.0,32
130,9678,9678,212.0,../data/Results/lognormal_euclidean/city20_range0.8_wouter.json,inplace,euclidean,lognormal,20,0.8,0.1736842105263158,9.177610547353368,1.0,33
159,9684,9684,212.0,../data/Results/lognormal_euclidean/city20_range0.8_wouter.json,inplace,euclidean,lognormal,20,0.8,0.17894736842105263,9.178230318058052,1.0,34
184,9697,9697,212.0,../data/Results/lognormal_euclidean/city20_range0.8_wouter.json,inplace,euclidean,lognormal,20,0.8,0.18421052631578946,9.17957183830465,1.0,35
188,10068,10068,212.0,../data/Results/lognormal_euclidean/city20_range0.8_wouter.json,inplace,euclidean,lognormal,20,0.8,0.18947368421052632,9.217117356255306,1.0,36
190,10135,10135,212.0,../data/Results/lognormal_euclidean/city20_range0.8_wouter.json,inplace,euclidean,lognormal,20,0.8,0.19473684210526315,9.2237500588862,1.0,37
195,25207,25207,213.0,../data/Results/lognormal_euclidean/city20_range0.8_wouter.json,inplace,euclidean,lognormal,20,0.8,0.2,10.134877012704228,1.0,38
198,25275,25275,213.0,../data/Results/lognormal_euclidean/city20_range0.8_wouter.json,inplace,euclidean,lognormal,20,0.8,0.20526315789473684,10.137571043888713,1.0,39
203,25516,25516,213.0,../data/Results/lognormal_euclidean/city20_range0.8_wouter.json,inplace,euclidean,lognormal,20,0.8,0.21052631578947367,10.147060985361884,1.0,40
208,25564,25564,213.0,../data/Results/lognormal_euclidean/city20_range0.8_wouter.json,inplace,euclidean,lognormal,20,0.8,0.21578947368421053,10.148940390770212,1.0,41
212,25881,25881,213.0,../data/Results/lognormal_euclidean/city20_range0.8_wouter.json,inplace,euclidean,lognormal,20,0.8,0.22105263157894736,10.161264387744728,1.0,42
213,25999,25999,213.0,../data/Results/lognormal_euclidean/city20_range0.8_wouter.json,inplace,euclidean,lognormal,20,0.8,0.22631578947368422,10.165813354725532,1.0,43
246,26003,26003,213.0,../data/Results/lognormal_euclidean/city20_range0.8_wouter.json,inplace,euclidean,lognormal,20,0.8,0.23157894736842105,10.16596719496275,1.0,44
255,26521,26521,213.0,../data/Results/lognormal_euclidean/city20_range0.8_wouter.json,inplace,euclidean,lognormal,20,0.8,0.23684210526315788,10.185692150979579,1.0,45
257,26534,26534,213.0,../data/Results/lognormal_euclidean/city20_range0.8_wouter.json,inplace,euclidean,lognormal,20,0.8,0.24210526315789474,10.1861822084769,1.0,46
260,26539,26539,213.0,../data/Results/lognormal_euclidean/city20_range0.8_wouter.json,inplace,euclidean,lognormal,20,0.8,0.24736842105263157,10.186370628201233,1.0,47
264,26547,26547,213.0,../data/Results/lognormal_euclidean/city20_range0.8_wouter.json,inplace,euclidean,lognormal,20,0.8,0.25263157894736843,10.186672025935497,1.0,48
266,26564,26564,213.0,../data/Results/lognormal_euclidean/city20_range0.8_wouter.json,inplace,euclidean,lognormal,20,0.8,0.2578947368421053,10.187312194660642,1.0,49
279,26567,26567,213.0,../data/Results/lognormal_euclidean/city20_range0.8_wouter.json,inplace,euclidean,lognormal,20,0.8,0.2631578947368421,10.187425123082964,1.0,50
284,26576,26576,213.0,../data/Results/lognormal_euclidean/city20_range0.8_wouter.json,inplace,euclidean,lognormal,20,0.8,0.26842105263157895,10.187763831853113,1.0,51
292,26577,26577,213.0,../data/Results/lognormal_euclidean/city20_range0.8_wouter.json,inplace,euclidean,lognormal,20,0.8,0.26842105263157895,10.18780145908018,1.0,51
304,26957,26957,213.0,../data/Results/lognormal_euclidean/city20_range0.8_wouter.json,inplace,euclidean,lognormal,20,0.8,0.2736842105263158,10.201998282870258,1.0,52
308,26976,26976,213.0,../data/Results/lognormal_euclidean/city20_range0.8_wouter.json,inplace,euclidean,lognormal,20,0.8,0.2789473684210526,10.202702860801619,1.0,53
320,30268,30268,213.0,../data/Results/lognormal_euclidean/city20_range0.8_wouter.json,inplace,euclidean,lognormal,20,0.8,0.28421052631578947,10.317846327814445,1.0,54
322,30353,30353,213.0,../data/Results/lognormal_euclidean/city20_range0.8_wouter.json,inplace,euclidean,lognormal,20,0.8,0.2894736842105263,10.320650638390134,1.0,55
323,30355,30355,213.0,../data/Results/lognormal_euclidean/city20_range0.8_wouter.json,inplace,euclidean,lognormal,20,0.8,0.29473684210526313,10.320716527564567,1.0,56
328,32817,32817,213.0,../data/Results/lognormal_euclidean/city20_range0.8_wouter.json,inplace,euclidean,lognormal,20,0.8,0.3,10.398701952787931,1.0,57
331,32821,32821,213.0,../data/Results/lognormal_euclidean/city20_range0.8_wouter.json,inplace,euclidean,lognormal,20,0.8,0.30526315789473685,10.398823833406016,1.0,58
335,33669,33669,213.0,../data/Results/lognormal_euclidean/city20_range0.8_wouter.json,inplace,euclidean,lognormal,20,0.8,0.3105263157894737,10.424332811684396,1.0,59
346,33674,33674,213.0,../data/Results/lognormal_euclidean/city20_range0.8_wouter.json,inplace,euclidean,lognormal,20,0.8,0.3157894736842105,10.424481305217775,1.0,60
347,33706,33706,213.0,../data/Results/lognormal_euclidean/city20_range0.8_wouter.json,inplace,euclidean,lognormal,20,0.8,0.32105263157894737,10.425431142035995,1.0,61
354,33721,33721,213.0,../data/Results/lognormal_euclidean/city20_range0.8_wouter.json,inplace,euclidean,lognormal,20,0.8,0.3263157894736842,10.425876067666602,1.0,62
367,34489,34489,213.0,../data/Results/lognormal_euclidean/city20_range0.8_wouter.json,inplace,euclidean,lognormal,20,0.8,0.33157894736842103,10.448395711599305,1.0,63
392,34495,34495,213.0,../data/Results/lognormal_euclidean/city20_range0.8_wouter.json,inplace,euclidean,lognormal,20,0.8,0.3368421052631579,10.448569664980237,1.0,64
393,34501,34501,213.0,../data/Results/lognormal_euclidean/city20_range0.8_wouter.json,inplace,euclidean,lognormal,20,0.8,0.34210526315789475,10.448743588106655,1.0,65
397,34503,34503,213.0,../data/Results/lognormal_euclidean/city20_range0.8_wouter.json,inplace,euclidean,lognormal,20,0.8,0.3473684210526316,10.44880155576072,1.0,66
398,34591,34591,213.0,../data/Results/lognormal_euclidean/city20_range0.8_wouter.json,inplace,euclidean,lognormal,20,0.8,0.3526315789473684,10.451348811602976,1.0,67
421,34605,34605,213.0,../data/Results/lognormal_euclidean/city20_range0.8_wouter.json,inplace,euclidean,lognormal,20,0.8,0.3526315789473684,10.451753459275993,1.0,67
431,34650,34650,213.0,../data/Results/lognormal_euclidean/city20_range0.8_wouter.json,inplace,euclidean,lognormal,20,0.8,0.35789473684210527,10.453053004618077,1.0,68
445,34660,34660,213.0,../data/Results/lognormal_euclidean/city20_range0.8_wouter.json,inplace,euclidean,lognormal,20,0.8,0.3631578947368421,10.453341563269626,1.0,69
486,34694,34694,213.0,../data/Results/lognormal_euclidean/city20_range0.8_wouter.json,inplace,euclidean,lognormal,20,0.8,0.3684210526315789,10.454322040321383,1.0,70
508,34758,34758,213.0,../data/Results/lognormal_euclidean/city20_range0.8_wouter.json,inplace,euclidean,lognormal,20,0.8,0.3736842105263158,10.456165040324708,1.0,71
509,34759,34759,213.0,../data/Results/lognormal_euclidean/city20_range0.8_wouter.json,inplace,euclidean,lognormal,20,0.8,0.3736842105263158,10.456193810265875,1.0,71
521,34761,34761,213.0,../data/Results/lognormal_euclidean/city20_range0.8_wouter.json,inplace,euclidean,lognormal,20,0.8,0.3736842105263158,10.456251347665201,1.0,71
523,34797,34797,213.0,../data/Results/lognormal_euclidean/city20_range0.8_wouter.json,inplace,euclidean,lognormal,20,0.8,0.37894736842105264,10.457286455150015,1.0,72
532,34798,34798,213.0,../data/Results/lognormal_euclidean/city20_range0.8_wouter.json,inplace,euclidean,lognormal,20,0.8,0.37894736842105264,10.457315192846691,1.0,72
534,34814,34814,213.0,../data/Results/lognormal_euclidean/city20_range0.8_wouter.json,inplace,euclidean,lognormal,20,0.8,0.38421052631578945,10.457774883712684,1.0,73
535,34816,34816,213.0,../data/Results/lognormal_euclidean/city20_range0.8_wouter.json,inplace,euclidean,lognormal,20,0.8,0.3894736842105263,10.457832330215643,1.0,74
548,34974,34974,213.0,../data/Results/lognormal_euclidean/city20_range0.8_wouter.json,inplace,euclidean,lognormal,20,0.8,0.39473684210526316,10.462360207273633,1.0,75
550,35223,35223,213.0,../data/Results/lognormal_euclidean/city20_range0.8_wouter.json,inplace,euclidean,lognormal,20,0.8,0.4,10.46945455729835,1.0,76
556,35224,35224,213.0,../data/Results/lognormal_euclidean/city20_range0.8_wouter.json,inplace,euclidean,lognormal,20,0.8,0.4052631578947368,10.469482947435617,1.0,77
564,35235,35235,213.0,../data/Results/lognormal_euclidean/city20_range0.8_wouter.json,inplace,euclidean,lognormal,20,0.8,0.4105263157894737,10.469795185761152,1.0,78
569,35257,35257,213.0,../data/Results/lognormal_euclidean/city20_range0.8_wouter.json,inplace,euclidean,lognormal,20,0.8,0.41578947368421054,10.470419370086018,1.0,79
571,35604,35604,213.0,../data/Results/lognormal_euclidean/city20_range0.8_wouter.json,inplace,euclidean,lognormal,20,0.8,0.42105263157894735,10.48021327007885,1.0,80
594,39583,39583,213.0,../data/Results/lognormal_euclidean/city20_range0.8_wouter.json,inplace,euclidean,lognormal,20,0.8,0.4263157894736842,10.586155012140715,1.0,81
598,39708,39708,213.0,../data/Results/lognormal_euclidean/city20_range0.8_wouter.json,inplace,euclidean,lognormal,20,0.8,0.43157894736842106,10.589307957709638,1.0,82
600,39734,39734,213.0,../data/Results/lognormal_euclidean/city20_range0.8_wouter.json,inplace,euclidean,lognormal,20,0.8,0.4368421052631579,10.589962523328033,1.0,83
608,39735,39735,213.0,../data/Results/lognormal_euclidean/city20_range0.8_wouter.json,inplace,euclidean,lognormal,20,0.8,0.4368421052631579,10.589987690374304,1.0,83
612,39746,39746,213.0,../data/Results/lognormal_euclidean/city20_range0.8_wouter.json,inplace,euclidean,lognormal,20,0.8,0.4421052631578947,10.590264486088255,1.0,84
616,39765,39765,213.0,../data/Results/lognormal_euclidean/city20_range0.8_wouter.json,inplace,euclidean,lognormal,20,0.8,0.4473684210526316,10.59074240739126,1.0,85
620,39799,39799,213.0,../data/Results/lognormal_euclidean/city20_range0.8_wouter.json,inplace,euclidean,lognormal,20,0.8,0.45263157894736844,10.59159706532876,1.0,86
628,43069,43069,213.0,../data/Results/lognormal_euclidean/city20_range0.8_wouter.json,inplace,euclidean,lognormal,20,0.8,0.45789473684210524,10.670558759761455,1.0,87
629,43070,43070,213.0,../data/Results/lognormal_euclidean/city20_range0.8_wouter.json,inplace,euclidean,lognormal,20,0.8,0.45789473684210524,10.67058197804818,1.0,87
630,43071,43071,213.0,../data/Results/lognormal_euclidean/city20_range0.8_wouter.json,inplace,euclidean,lognormal,20,0.8,0.4631578947368421,10.670605195795826,1.0,88
635,43317,43317,213.0,../data/Results/lognormal_euclidean/city20_range0.8_wouter.json,inplace,euclidean,lognormal,20,0.8,0.46842105263157896,10.676300446639353,1.0,89
641,43318,43318,213.0,../data/Results/lognormal_euclidean/city20_range0.8_wouter.json,inplace,euclidean,lognormal,20,0.8,0.47368421052631576,10.676323531997465,1.0,90
644,43322,43322,213.0,../data/Results/lognormal_euclidean/city20_range0.8_wouter.json,inplace,euclidean,lognormal,20,0.8,0.4789473684210526,10.676415868100946,1.0,91
650,86290,86290,213.0,../data/Results/lognormal_euclidean/city20_range0.8_wouter.json,inplace,euclidean,lognormal,20,0.8,0.4842105263157895,11.365468995502365,1.0,92
1,9670,9670,265.0,../data/Results/lognormal_euclidean/city20_range1.6_wouter.json,inplace,euclidean,lognormal,20,1.6,0.1,9.176783588447444,1.0000000000000002,19
2,11483,11483,265.0,../data/Results/lognormal_euclidean/city20_range1.6_wouter.json,inplace,euclidean,lognormal,20,1.6,0.10526315789473684,9.348622959776277,1.0000000000000002,20
16,12701,12701,265.0,../data/Results/lognormal_euclidean/city20_range1.6_wouter.json,inplace,euclidean,lognormal,20,1.6,0.11052631578947368,9.449436009504398,1.0000000000000002,21
44,15670,15670,265.0,../data/Results/lognormal_euclidean/city20_range1.6_wouter.json,inplace,euclidean,lognormal,20,1.6,0.11578947368421053,9.65950333535013,1.0000000000000002,22
47,16363,16363,265.0,../data/Results/lognormal_euclidean/city20_range1.6_wouter.json,inplace,euclidean,lognormal,20,1.6,0.12105263157894737,9.702777967428956,1.0000000000000002,23
50,16371,16371,265.0,../data/Results/lognormal_euclidean/city20_range1.6_wouter.json,inplace,euclidean,lognormal,20,1.6,0.12631578947368421,9.703266755854402,1.0000000000000002,24
60,27722,27722,266.0,../data/Results/lognormal_euclidean/city20_range1.6_wouter.json,inplace,euclidean,lognormal,20,1.6,0.13157894736842105,10.229981600773334,1.0000000000000002,25
61,28782,28782,266.0,../data/Results/lognormal_euclidean/city20_range1.6_wouter.json,inplace,euclidean,lognormal,20,1.6,0.1368421052631579,10.267505470730153,1.0000000000000002,26
63,28859,28859,266.0,../data/Results/lognormal_euclidean/city20_range1.6_wouter.json,inplace,euclidean,lognormal,20,1.6,0.14210526315789473,10.27017718169292,1.0000000000000002,27
69,29327,29327,266.0,../data/Results/lognormal_euclidean/city20_range1.6_wouter.json,inplace,euclidean,lognormal,20,1.6,0.14736842105263157,10.286263872389636,1.0000000000000002,28
72,29328,29328,266.0,../data/Results/lognormal_euclidean/city20_range1.6_wouter.json,inplace,euclidean,lognormal,20,1.6,0.15263157894736842,10.28629797007952,1.0000000000000002,29
73,34534,34534,266.0,../data/Results/lognormal_euclidean/city20_range1.6_wouter.json,inplace,euclidean,lognormal,20,1.6,0.15789473684210525,10.449699624972405,1.0000000000000002,30
74,34586,34586,266.0,../data/Results/lognormal_euclidean/city20_range1.6_wouter.json,inplace,euclidean,lognormal,20,1.6,0.1631578947368421,10.451204254885896,1.0000000000000002,31
78,37076,37076,266.0,../data/Results/lognormal_euclidean/city20_range1.6_wouter.json,inplace,euclidean,lognormal,20,1.6,0.16842105263157894,10.52072513899575,1.0000000000000002,32
1,465,465,225.0,../data/Results/lognormal_euclidean/city20_range1.0_swap.json,swap,euclidean,lognormal,20,1.0,0.05263157894736842,6.142037405589507,1.0000000000000002,10
8,2818,2818,225.0,../data/Results/lognormal_euclidean/city20_range1.0_swap.json,swap,euclidean,lognormal,20,1.0,0.05263157894736842,7.9437826924589805,1.0000000000000002,10
9,3975,3975,224.0,../data/Results/lognormal_euclidean/city20_range1.0_swap.json,swap,euclidean,lognormal,20,1.0,0.05263157894736842,8.287780027088683,1.0,10
10,8601,8601,224.0,../data/Results/lognormal_euclidean/city20_range1.0_swap.json,swap,euclidean,lognormal,20,1.0,0.05263157894736842,9.059633754551596,1.0,10
11,8689,8689,224.0,../data/Results/lognormal_euclidean/city20_range1.0_swap.json,swap,euclidean,lognormal,20,1.0,0.05263157894736842,9.069813136839322,1.0,10
14,8839,8839,224.0,../data/Results/lognormal_euclidean/city20_range1.0_swap.json,swap,euclidean,lognormal,20,1.0,0.05263157894736842,9.08692902706106,1.0,10
16,10481,10481,224.0,../data/Results/lognormal_euclidean/city20_range1.0_swap.json,swap,euclidean,lognormal,20,1.0,0.05263157894736842,9.257319373170272,1.0,10
18,11284,11284,224.0,../data/Results/lognormal_euclidean/city20_range1.0_swap.json,swap,euclidean,lognormal,20,1.0,0.05263157894736842,9.331141072121975,1.0,10
21,15187,15187,224.0,../data/Results/lognormal_euclidean/city20_range1.0_swap.json,swap,euclidean,lognormal,20,1.0,0.05263157894736842,9.628195077730336,1.0,10
28,17980,17980,224.0,../data/Results/lognormal_euclidean/city20_range1.0_swap.json,swap,euclidean,lognormal,20,1.0,0.05263157894736842,9.797015308025667,1.0,10
32,19394,19394,224.0,../data/Results/lognormal_euclidean/city20_range1.0_swap.json,swap,euclidean,lognormal,20,1.0,0.05263157894736842,9.872719018864544,1.0,10
38,21112,21112,224.0,../data/Results/lognormal_euclidean/city20_range1.0_swap.json,swap,euclidean,lognormal,20,1.0,0.05263157894736842,9.957596878183207,1.0,10
41,22835,22835,224.0,../data/Results/lognormal_euclidean/city20_range1.0_swap.json,swap,euclidean,lognormal,20,1.0,0.05263157894736842,10.036049725619144,1.0,10
48,42128,42128,224.0,../data/Results/lognormal_euclidean/city20_range1.0_swap.json,swap,euclidean,lognormal,20,1.0,0.05263157894736842,10.648467881736114,1.0,10
55,42830,42830,222.0,../data/Results/lognormal_euclidean/city20_range1.0_swap.json,swap,euclidean,lognormal,20,1.0,0.05263157894736842,10.66499407060944,1.0000000000000002,10
74,56997,56997,222.0,../data/Results/lognormal_euclidean/city20_range1.0_swap.json,swap,euclidean,lognormal,20,1.0,0.05263157894736842,10.950753913852667,1.0000000000000002,10
75,74280,74280,221.0,../data/Results/lognormal_euclidean/city20_range1.0_swap.json,swap,euclidean,lognormal,20,1.0,0.05263157894736842,11.215597015466656,1.0,10
78,78604,78604,221.0,../data/Results/lognormal_euclidean/city20_range1.0_swap.json,swap,euclidean,lognormal,20,1.0,0.05263157894736842,11.27217786770767,1.0,10
1,302,302,213.0,../data/Results/lognormal_euclidean/city20_range0.8_swap.json,swap,euclidean,lognormal,20,0.8,0.04736842105263158,5.710427017378181,1.0,9
2,363,363,212.0,../data/Results/lognormal_euclidean/city20_range0.8_swap.json,swap,euclidean,lognormal,20,0.8,0.04736842105263158,5.894402834267606,0.9999999999999998,9
5,470,470,210.0,../data/Results/lognormal_euclidean/city20_range0.8_swap.json,swap,euclidean,lognormal,20,0.8,0.04736842105263158,6.1527326947062315,1.0,9
9,653,653,208.0,../data/Results/lognormal_euclidean/city20_range0.8_swap.json,swap,euclidean,lognormal,20,0.8,0.04736842105263158,6.481577129277962,1.0000000000000002,9
10,949,949,205.0,../data/Results/lognormal_euclidean/city20_range0.8_swap.json,swap,euclidean,lognormal,20,0.8,0.04736842105263158,6.8554087986109815,1.0000000000000002,9
13,1010,1010,205.0,../data/Results/lognormal_euclidean/city20_range0.8_swap.json,swap,euclidean,lognormal,20,0.8,0.04736842105263158,6.917705609836295,1.0000000000000002,9
16,1671,1671,205.0,../data/Results/lognormal_euclidean/city20_range0.8_swap.json,swap,euclidean,lognormal,20,0.8,0.04736842105263158,7.421177528595992,0.9999999999999997,9
20,2038,2038,205.0,../data/Results/lognormal_euclidean/city20_range0.8_swap.json,swap,euclidean,lognormal,20,0.8,0.04736842105263158,7.619724213783161,0.9999999999999997,9
29,3500,3500,205.0,../data/Results/lognormal_euclidean/city20_range0.8_swap.json,swap,euclidean,lognormal,20,0.8,0.04736842105263158,8.16051824747779,0.9999999999999997,9
31,3505,3505,205.0,../data/Results/lognormal_euclidean/city20_range0.8_swap.json,swap,euclidean,lognormal,20,0.8,0.04736842105263158,8.161945799468976,0.9999999999999997,9
35,4644,4644,205.0,../data/Results/lognormal_euclidean/city20_range0.8_swap.json,swap,euclidean,lognormal,20,0.8,0.04736842105263158,8.443331342817997,0.9999999999999997,9
36,4674,4674,205.0,../data/Results/lognormal_euclidean/city20_range0.8_swap.json,swap,euclidean,lognormal,20,0.8,0.04736842105263158,8.449770515099017,0.9999999999999997,9
43,8275,8275,205.0,../data/Results/lognormal_euclidean/city20_range0.8_swap.json,swap,euclidean,lognormal,20,0.8,0.04736842105263158,9.020994200245385,0.9999999999999997,9
44,10728,10728,205.0,../data/Results/lognormal_euclidean/city20_range0.8_swap.json,swap,euclidean,lognormal,20,0.8,0.04736842105263158,9.280612424961607,1.0,9
50,11062,11062,205.0,../data/Results/lognormal_euclidean/city20_range0.8_swap.json,swap,euclidean,lognormal,20,0.8,0.04736842105263158,9.311271090554714,1.0,9
57,11063,11063,205.0,../data/Results/lognormal_euclidean/city20_range0.8_swap.json,swap,euclidean,lognormal,20,0.8,0.04736842105263158,9.311361486035,1.0,9
58,12879,12879,205.0,../data/Results/lognormal_euclidean/city20_range0.8_swap.json,swap,euclidean,lognormal,20,0.8,0.04736842105263158,9.463353356892748,1.0,9
67,14265,14265,205.0,../data/Results/lognormal_euclidean/city20_range0.8_swap.json,swap,euclidean,lognormal,20,0.8,0.04736842105263158,9.565564263647671,1.0,9
69,14887,14887,204.0,../data/Results/lognormal_euclidean/city20_range0.8_swap.json,swap,euclidean,lognormal,20,0.8,0.04736842105263158,9.608243627877124,0.9999999999999998,9
71,15154,15154,204.0,../data/Results/lognormal_euclidean/city20_range0.8_swap.json,swap,euclidean,lognormal,20,0.8,0.04736842105263158,9.626019802491385,0.9999999999999998,9
73,15190,15190,204.0,../data/Results/lognormal_euclidean/city20_range0.8_swap.json,swap,euclidean,lognormal,20,0.8,0.04736842105263158,9.628392595589885,0.9999999999999998,9
74,15281,15281,204.0,../data/Results/lognormal_euclidean/city20_range0.8_swap.json,swap,euclidean,lognormal,20,0.8,0.04736842105263158,9.634365505605322,0.9999999999999998,9
79,15379,15379,204.0,../data/Results/lognormal_euclidean/city20_range0.8_swap.json,swap,euclidean,lognormal,20,0.8,0.04736842105263158,9.640758221439988,0.9999999999999998,9
83,15382,15382,204.0,../data/Results/lognormal_euclidean/city20_range0.8_swap.json,swap,euclidean,lognormal,20,0.8,0.04736842105263158,9.640953273617065,0.9999999999999998,9
84,15999,15999,204.0,../data/Results/lognormal_euclidean/city20_range0.8_swap.json,swap,euclidean,lognormal,20,0.8,0.04736842105263158,9.680281499268775,0.9999999999999998,9
103,16049,16049,204.0,../data/Results/lognormal_euclidean/city20_range0.8_swap.json,swap,euclidean,lognormal,20,0.8,0.04736842105263158,9.683401821321219,0.9999999999999998,9
105,16262,16262,204.0,../data/Results/lognormal_euclidean/city20_range0.8_swap.json,swap,euclidean,lognormal,20,0.8,0.04736842105263158,9.696586376767844,0.9999999999999998,9
107,16557,16557,204.0,../data/Results/lognormal_euclidean/city20_range0.8_swap.json,swap,euclidean,lognormal,20,0.8,0.04736842105263158,9.714564252107671,0.9999999999999998,9
133,22053,22053,204.0,../data/Results/lognormal_euclidean/city20_range0.8_swap.json,swap,euclidean,lognormal,20,0.8,0.04736842105263158,10.001203926042242,0.9999999999999998,9
135,24367,24367,204.0,../data/Results/lognormal_euclidean/city20_range0.8_swap.json,swap,euclidean,lognormal,20,0.8,0.04736842105263158,10.100985036866794,0.9999999999999998,9
152,25602,25602,204.0,../data/Results/lognormal_euclidean/city20_range0.8_swap.json,swap,euclidean,lognormal,20,0.8,0.04736842105263158,10.150425752416094,0.9999999999999998,9
157,26117,26117,204.0,../data/Results/lognormal_euclidean/city20_range0.8_swap.json,swap,euclidean,lognormal,20,0.8,0.04736842105263158,10.17034172227651,0.9999999999999998,9
180,27458,27458,204.0,../data/Results/lognormal_euclidean/city20_range0.8_swap.json,swap,euclidean,lognormal,20,0.8,0.04736842105263158,10.220412843457586,0.9999999999999998,9
211,27633,27633,204.0,../data/Results/lognormal_euclidean/city20_range0.8_swap.json,swap,euclidean,lognormal,20,0.8,0.04736842105263158,10.226765989656382,0.9999999999999998,9
213,27693,27693,204.0,../data/Results/lognormal_euclidean/city20_range0.8_swap.json,swap,euclidean,lognormal,20,0.8,0.04736842105263158,10.228934952658298,0.9999999999999998,9
243,27720,27720,204.0,../data/Results/lognormal_euclidean/city20_range0.8_swap.json,swap,euclidean,lognormal,20,0.8,0.04736842105263158,10.229909453303875,0.9999999999999998,9
248,28353,28353,204.0,../data/Results/lognormal_euclidean/city20_range0.8_swap.json,swap,euclidean,lognormal,20,0.8,0.04736842105263158,10.252488123663202,0.9999999999999998,9
263,28356,28356,204.0,../data/Results/lognormal_euclidean/city20_range0.8_swap.json,swap,euclidean,lognormal,20,0.8,0.04736842105263158,10.252593926974944,0.9999999999999998,9
277,28383,28383,204.0,../data/Results/lognormal_euclidean/city20_range0.8_swap.json,swap,euclidean,lognormal,20,0.8,0.04736842105263158,10.253545653372589,0.9999999999999998,9
287,28480,28480,204.0,../data/Results/lognormal_euclidean/city20_range0.8_swap.json,swap,euclidean,lognormal,20,0.8,0.04736842105263158,10.256957365525947,0.9999999999999998,9
294,28620,28620,204.0,../data/Results/lognormal_euclidean/city20_range0.8_swap.json,swap,euclidean,lognormal,20,0.8,0.04736842105263158,10.261861053110477,0.9999999999999998,9
296,28621,28621,204.0,../data/Results/lognormal_euclidean/city20_range0.8_swap.json,swap,euclidean,lognormal,20,0.8,0.04736842105263158,10.261895993101046,0.9999999999999998,9
298,32680,32680,204.0,../data/Results/lognormal_euclidean/city20_range0.8_swap.json,swap,euclidean,lognormal,20,0.8,0.04736842105263158,10.39451854897397,0.9999999999999998,9
307,32744,32744,204.0,../data/Results/lognormal_euclidean/city20_range0.8_swap.json,swap,euclidean,lognormal,20,0.8,0.04736842105263158,10.39647501817227,0.9999999999999998,9
316,32817,32817,204.0,../data/Results/lognormal_euclidean/city20_range0.8_swap.json,swap,euclidean,lognormal,20,0.8,0.04736842105263158,10.398701952787931,0.9999999999999998,9
319,33326,33326,204.0,../data/Results/lognormal_euclidean/city20_range0.8_swap.json,swap,euclidean,lognormal,20,0.8,0.04736842105263158,10.414093152098598,0.9999999999999998,9
339,39958,39958,204.0,../data/Results/lognormal_euclidean/city20_range0.8_swap.json,swap,euclidean,lognormal,20,0.8,0.04736842105263158,10.59558418145992,0.9999999999999998,9
345,40841,40841,204.0,../data/Results/lognormal_euclidean/city20_range0.8_swap.json,swap,euclidean,lognormal,20,0.8,0.04736842105263158,10.61744175777709,0.9999999999999998,9
349,41389,41389,204.0,../data/Results/lognormal_euclidean/city20_range0.8_swap.json,swap,euclidean,lognormal,20,0.8,0.04736842105263158,10.63077042402571,1.0,9
355,44842,44842,204.0,../data/Results/lognormal_euclidean/city20_range0.8_swap.json,swap,euclidean,lognormal,20,0.8,0.04736842105263158,10.710900479224438,1.0,9
366,49681,49681,204.0,../data/Results/lognormal_euclidean/city20_range0.8_swap.json,swap,euclidean,lognormal,20,0.8,0.04736842105263158,10.813377845229274,1.0,9
369,50638,50638,204.0,../data/Results/lognormal_euclidean/city20_range0.8_swap.json,swap,euclidean,lognormal,20,0.8,0.04736842105263158,10.832457561567375,1.0,9
376,52989,52989,204.0,../data/Results/lognormal_euclidean/city20_range0.8_swap.json,swap,euclidean,lognormal,20,0.8,0.04736842105263158,10.877839623823572,1.0,9
378,53512,53512,204.0,../data/Results/lognormal_euclidean/city20_range0.8_swap.json,swap,euclidean,lognormal,20,0.8,0.04736842105263158,10.887661206798263,1.0,9
1,1919,1919,319.0,../data/Results/lognormal_euclidean/city20_range3.6_swap.json,swap,euclidean,lognormal,20,3.6,0.12631578947368421,7.559559496008221,0.9999999999999998,24
2,2696,2696,319.0,../data/Results/lognormal_euclidean/city20_range3.6_swap.json,swap,euclidean,lognormal,20,3.6,0.12631578947368421,7.899524472032568,0.9999999999999998,24
5,3083,3083,313.0,../data/Results/lognormal_euclidean/city20_range3.6_swap.json,swap,euclidean,lognormal,20,3.6,0.12631578947368421,8.033658427886476,0.9999999999999998,24
7,3650,3650,313.0,../data/Results/lognormal_euclidean/city20_range3.6_swap.json,swap,euclidean,lognormal,20,3.6,0.12631578947368421,8.202482446576811,1.0,24
12,4968,4968,313.0,../data/Results/lognormal_euclidean/city20_range3.6_swap.json,swap,euclidean,lognormal,20,3.6,0.12631578947368421,8.510772623613516,1.0,24
13,6102,6102,312.0,../data/Results/lognormal_euclidean/city20_range3.6_swap.json,swap,euclidean,lognormal,20,3.6,0.12631578947368421,8.716371865276779,1.0,24
14,7090,7090,305.0,../data/Results/lognormal_euclidean/city20_range3.6_swap.json,swap,euclidean,lognormal,20,3.6,0.12631578947368421,8.866440619526314,1.0,24
15,228005,228005,213.0,../data/Results/lognormal_euclidean/city20_range3.6_swap.json,swap,euclidean,lognormal,20,3.6,0.12631578947368421,12.337122837520688,1.0,24
17,245324,245324,213.0,../data/Results/lognormal_euclidean/city20_range3.6_swap.json,swap,euclidean,lognormal,20,3.6,0.12631578947368421,12.410335064840975,1.0,24
19,277696,277696,209.0,../data/Results/lognormal_euclidean/city20_range3.6_swap.json,swap,euclidean,lognormal,20,3.6,0.12631578947368421,12.534282269158027,1.0,24
1,189,189,103.0,../data/Results/lognormal_euclidean/city20_range0.4_scramble.json,scramble,euclidean,lognormal,20,0.4,0.021052631578947368,5.2417470150649335,0.9999999999999998,4
2,330,330,92.0,../data/Results/lognormal_euclidean/city20_range0.4_scramble.json,scramble,euclidean,lognormal,20,0.4,0.021052631578947368,5.799092654463556,1.0,4
6,396,396,92.0,../data/Results/lognormal_euclidean/city20_range0.4_scramble.json,scramble,euclidean,lognormal,20,0.4,0.021052631578947368,5.981414211257006,1.0000000000000002,4
10,511,511,93.0,../data/Results/lognormal_euclidean/city20_range0.4_scramble.json,scramble,euclidean,lognormal,20,0.4,0.021052631578947368,6.236369590205661,1.0,4
11,2377,2377,93.0,../data/Results/lognormal_euclidean/city20_range0.4_scramble.json,scramble,euclidean,lognormal,20,0.4,0.021052631578947368,7.773594467360614,0.9999999999999998,4
28,3255,3255,93.0,../data/Results/lognormal_euclidean/city20_range0.4_scramble.json,scramble,euclidean,lognormal,20,0.4,0.021052631578947368,8.087947554642977,1.0000000000000002,4
100,5295,5295,92.0,../data/Results/lognormal_euclidean/city20_range0.4_scramble.json,scramble,euclidean,lognormal,20,0.4,0.021052631578947368,8.574518258035695,1.0000000000000002,4
120,26499,26499,92.0,../data/Results/lognormal_euclidean/city20_range0.4_scramble.json,scramble,euclidean,lognormal,20,0.4,0.021052631578947368,10.18486227541328,1.0000000000000002,4
228,44082,44082,93.0,../data/Results/lognormal_euclidean/city20_range0.4_scramble.json,scramble,euclidean,lognormal,20,0.4,0.021052631578947368,10.693806814848354,0.9999999999999997,4
248,283602,283602,94.0,../data/Results/lognormal_euclidean/city20_range0.4_scramble.json,scramble,euclidean,lognormal,20,0.4,0.021052631578947368,12.555327125801425,1.0,4
512,359618,359618,94.0,../data/Results/lognormal_euclidean/city20_range0.4_scramble.json,scramble,euclidean,lognormal,20,0.4,0.021052631578947368,12.792797635944217,1.0000000000000002,4
1,84564,84564,291.0,../data/Results/lognormal_euclidean/city20_range3.4_swap.json,swap,euclidean,lognormal,20,3.4,0.17894736842105263,11.345263923115034,1.0000000000000002,34
2,88793,88793,285.0,../data/Results/lognormal_euclidean/city20_range3.4_swap.json,swap,euclidean,lognormal,20,3.4,0.17894736842105263,11.394063097044288,0.9999999999999998,34
1,7380,7380,874.0,../data/Results/uniform_euclidean/city30_range70_scramble.json,scramble,euclidean,uniform,30,70.0,0.02528735632183908,8.906528917594654,1.0000000000000002,11
6,23495,23495,867.0,../data/Results/uniform_euclidean/city30_range70_scramble.json,scramble,euclidean,uniform,30,70.0,0.02528735632183908,10.06454291153696,1.0,11
7,29901,29901,866.0,../data/Results/uniform_euclidean/city30_range70_scramble.json,scramble,euclidean,uniform,30,70.0,0.02528735632183908,10.3056472036356,1.0,11
8,65136,65136,868.0,../data/Results/uniform_euclidean/city30_range70_scramble.json,scramble,euclidean,uniform,30,70.0,0.02528735632183908,11.084232670742775,1.0000000000000002,11
83,106837,106837,868.0,../data/Results/uniform_euclidean/city30_range70_scramble.json,scramble,euclidean,uniform,30,70.0,0.02528735632183908,11.579059587458651,1.0,11
191,119158,119158,872.0,../data/Results/uniform_euclidean/city30_range70_scramble.json,scramble,euclidean,uniform,30,70.0,0.02528735632183908,11.688205622530614,1.0,11
258,423686,423686,874.0,../data/Results/uniform_euclidean/city30_range70_scramble.json,scramble,euclidean,uniform,30,70.0,0.02528735632183908,12.956747893821873,1.0,11
1,58035,58035,873.0,../data/Results/uniform_euclidean/city30_range75_scramble.json,scramble,euclidean,uniform,30,75.0,0.027586206896551724,10.96880155580274,1.0,12
3,116398,116398,861.0,../data/Results/uniform_euclidean/city30_range75_scramble.json,scramble,euclidean,uniform,30,75.0,0.027586206896551724,11.664770632001284,0.9999999999999998,12
185,119131,119131,862.0,../data/Results/uniform_euclidean/city30_range75_scramble.json,scramble,euclidean,uniform,30,75.0,0.027586206896551724,11.687979006949403,0.9999999999999998,12
188,210795,210795,861.0,../data/Results/uniform_euclidean/city30_range75_scramble.json,scramble,euclidean,uniform,30,75.0,0.027586206896551724,12.25864137620296,1.0,12
292,374044,374044,865.0,../data/Results/uniform_euclidean/city30_range75_scramble.json,scramble,euclidean,uniform,30,75.0,0.027586206896551724,12.832128716535623,1.0000000000000002,12
1,851,851,452.0,../data/Results/uniform_euclidean/city20_range50_scramble.json,scramble,euclidean,uniform,20,50.0,0.04736842105263158,6.7464121285745495,1.0000000000000002,9
2,1932,1932,450.0,../data/Results/uniform_euclidean/city20_range50_scramble.json,scramble,euclidean,uniform,20,50.0,0.04736842105263158,7.566311014772981,1.0,9
17,2581,2581,448.0,../data/Results/uniform_euclidean/city20_range50_scramble.json,scramble,euclidean,uniform,20,50.0,0.04736842105263158,7.8559321997190015,1.0000000000000004,9
162,2818,2818,448.0,../data/Results/uniform_euclidean/city20_range50_scramble.json,scramble,euclidean,uniform,20,50.0,0.04736842105263158,7.9437826924589805,0.9999999999999998,9
383,2821,2821,449.0,../data/Results/uniform_euclidean/city20_range50_scramble.json,scramble,euclidean,uniform,20,50.0,0.04736842105263158,7.94484671100235,1.0000000000000002,9
1,120,120,213.0,../data/Results/uniform_euclidean/city20_range25_swap.json,swap,euclidean,uniform,20,25.0,0.021052631578947368,4.78749174279038,1.0,4
2,122,122,213.0,../data/Results/uniform_euclidean/city20_range25_swap.json,swap,euclidean,uniform,20,25.0,0.021052631578947368,4.804021044741454,1.0,4
4,172,172,213.0,../data/Results/uniform_euclidean/city20_range25_swap.json,swap,euclidean,uniform,20,25.0,0.021052631578947368,5.147494476819267,1.0,4
11,202,202,213.0,../data/Results/uniform_euclidean/city20_range25_swap.json,swap,euclidean,uniform,20,25.0,0.021052631578947368,5.308267697406155,1.0,4
12,240,240,213.0,../data/Results/uniform_euclidean/city20_range25_swap.json,swap,euclidean,uniform,20,25.0,0.021052631578947368,5.480638923346158,1.0,4
54,256,256,213.0,../data/Results/uniform_euclidean/city20_range25_swap.json,swap,euclidean,uniform,20,25.0,0.021052631578947368,5.5451774444834685,1.0,4
150,282,282,213.0,../data/Results/uniform_euclidean/city20_range25_swap.json,swap,euclidean,uniform,20,25.0,0.021052631578947368,5.641907070941659,1.0,4
213,297,297,213.0,../data/Results/uniform_euclidean/city20_range25_swap.json,swap,euclidean,uniform,20,25.0,0.021052631578947368,5.693732138806067,1.0,4
232,314,314,213.0,../data/Results/uniform_euclidean/city20_range25_swap.json,swap,euclidean,uniform,20,25.0,0.021052631578947368,5.749392985911438,1.0,4
241,333,333,213.0,../data/Results/uniform_euclidean/city20_range25_swap.json,swap,euclidean,uniform,20,25.0,0.021052631578947368,5.808142489983447,1.0,4
251,440,440,213.0,../data/Results/uniform_euclidean/city20_range25_swap.json,swap,euclidean,uniform,20,25.0,0.021052631578947368,6.086774726914579,1.0,4
258,458,458,213.0,../data/Results/uniform_euclidean/city20_range25_swap.json,swap,euclidean,uniform,20,25.0,0.021052631578947368,6.1268691841163685,1.0,4
260,812,812,213.0,../data/Results/uniform_euclidean/city20_range25_swap.json,swap,euclidean,uniform,20,25.0,0.021052631578947368,6.69950034016291,1.0,4
261,1039,1039,213.0,../data/Results/uniform_euclidean/city20_range25_swap.json,swap,euclidean,uniform,20,25.0,0.021052631578947368,6.94601399110019,1.0,4
277,1052,1052,213.0,../data/Results/uniform_euclidean/city20_range25_swap.json,swap,euclidean,uniform,20,25.0,0.021052631578947368,6.958448393298606,1.0,4
284,2037,2037,213.0,../data/Results/uniform_euclidean/city20_range25_swap.json,swap,euclidean,uniform,20,25.0,0.021052631578947368,7.6192334162272966,1.0,4
293,3547,3547,213.0,../data/Results/uniform_euclidean/city20_range25_swap.json,swap,euclidean,uniform,20,25.0,0.021052631578947368,8.173857454773904,1.0,4
295,3638,3638,213.0,../data/Results/uniform_euclidean/city20_range25_swap.json,swap,euclidean,uniform,20,25.0,0.021052631578947368,8.199189359078343,1.0,4
313,3656,3656,213.0,../data/Results/uniform_euclidean/city20_range25_swap.json,swap,euclidean,uniform,20,25.0,0.021052631578947368,8.204124932574315,1.0,4
316,10126,10126,213.0,../data/Results/uniform_euclidean/city20_range25_swap.json,swap,euclidean,uniform,20,25.0,0.021052631578947368,9.222861652529954,1.0,4
322,13327,13327,213.0,../data/Results/uniform_euclidean/city20_range25_swap.json,swap,euclidean,uniform,20,25.0,0.021052631578947368,9.497547331579803,1.0,4
329,13447,13447,213.0,../data/Results/uniform_euclidean/city20_range25_swap.json,swap,euclidean,uniform,20,25.0,0.021052631578947368,9.506511311823944,1.0,4
335,13618,13618,213.0,../data/Results/uniform_euclidean/city20_range25_swap.json,swap,euclidean,uniform,20,25.0,0.021052631578947368,9.519147726042986,1.0,4
354,13652,13652,213.0,../data/Results/uniform_euclidean/city20_range25_swap.json,swap,euclidean,uniform,20,25.0,0.021052631578947368,9.521641310026672,1.0,4
356,13769,13769,213.0,../data/Results/uniform_euclidean/city20_range25_swap.json,swap,euclidean,uniform,20,25.0,0.021052631578947368,9.530174967444445,1.0,4
362,13820,13820,213.0,../data/Results/uniform_euclidean/city20_range25_swap.json,swap,euclidean,uniform,20,25.0,0.021052631578947368,9.533872097321733,1.0,4
364,13849,13849,213.0,../data/Results/uniform_euclidean/city20_range25_swap.json,swap,euclidean,uniform,20,25.0,0.021052631578947368,9.53596830684279,1.0,4
366,13902,13902,213.0,../data/Results/uniform_euclidean/city20_range25_swap.json,swap,euclidean,uniform,20,25.0,0.021052631578947368,9.539787993660504,1.0,4
367,14570,14570,213.0,../data/Results/uniform_euclidean/city20_range25_swap.json,swap,euclidean,uniform,20,25.0,0.021052631578947368,9.586719899189319,1.0,4
374,17722,17722,213.0,../data/Results/uniform_euclidean/city20_range25_swap.json,swap,euclidean,uniform,20,25.0,0.021052631578947368,9.782562084607305,1.0,4
377,20893,20893,213.0,../data/Results/uniform_euclidean/city20_range25_swap.json,swap,euclidean,uniform,20,25.0,0.021052631578947368,9.9471694536223,1.0,4
389,25322,25322,213.0,../data/Results/uniform_euclidean/city20_range25_swap.json,swap,euclidean,uniform,20,25.0,0.021052631578947368,10.139428862080239,1.0,4
403,25586,25586,213.0,../data/Results/uniform_euclidean/city20_range25_swap.json,swap,euclidean,uniform,20,25.0,0.021052631578947368,10.149800605877019,1.0,4
407,25594,25594,213.0,../data/Results/uniform_euclidean/city20_range25_swap.json,swap,euclidean,uniform,20,25.0,0.021052631578947368,10.150113227997581,1.0,4
410,25709,25709,213.0,../data/Results/uniform_euclidean/city20_range25_swap.json,swap,euclidean,uniform,20,25.0,0.021052631578947368,10.154596404132079,1.0,4
419,26057,26057,213.0,../data/Results/uniform_euclidean/city20_range25_swap.json,swap,euclidean,uniform,20,25.0,0.021052631578947368,10.168041725095923,1.0,4
429,26360,26360,213.0,../data/Results/uniform_euclidean/city20_range25_swap.json,swap,euclidean,uniform,20,25.0,0.021052631578947368,10.179602988616482,1.0,4
436,32813,32813,213.0,../data/Results/uniform_euclidean/city20_range25_swap.json,swap,euclidean,uniform,20,25.0,0.021052631578947368,10.398580057313149,1.0,4
439,33043,33043,213.0,../data/Results/uniform_euclidean/city20_range25_swap.json,swap,euclidean,uniform,20,25.0,0.021052631578947368,10.405565022544438,1.0,4
441,33848,33848,213.0,../data/Results/uniform_euclidean/city20_range25_swap.json,swap,euclidean,uniform,20,25.0,0.021052631578947368,10.429635192399934,1.0,4
443,34251,34251,213.0,../data/Results/uniform_euclidean/city20_range25_swap.json,swap,euclidean,uniform,20,25.0,0.021052631578947368,10.441471040344465,1.0,4
444,34749,34749,213.0,../data/Results/uniform_euclidean/city20_range25_swap.json,swap,euclidean,uniform,20,25.0,0.021052631578947368,10.455906073600485,1.0,4
446,36036,36036,213.0,../data/Results/uniform_euclidean/city20_range25_swap.json,swap,euclidean,uniform,20,25.0,0.021052631578947368,10.492273717771358,1.0,4
457,36613,36613,213.0,../data/Results/uniform_euclidean/city20_range25_swap.json,swap,euclidean,uniform,20,25.0,0.021052631578947368,10.508158647580833,1.0,4
470,42017,42017,213.0,../data/Results/uniform_euclidean/city20_range25_swap.json,swap,euclidean,uniform,20,25.0,0.021052631578947368,10.645829577276288,1.0,4
475,48582,48582,213.0,../data/Results/uniform_euclidean/city20_range25_swap.json,swap,euclidean,uniform,20,25.0,0.021052631578947368,10.79100837091419,1.0,4
484,51119,51119,213.0,../data/Results/uniform_euclidean/city20_range25_swap.json,swap,euclidean,uniform,20,25.0,0.021052631578947368,10.841911527044765,1.0,4
486,82823,82823,213.0,../data/Results/uniform_euclidean/city20_range25_swap.json,swap,euclidean,uniform,20,25.0,0.021052631578947368,11.324461079578038,0.9999999999999997,4
487,85034,85034,213.0,../data/Results/uniform_euclidean/city20_range25_swap.json,swap,euclidean,uniform,20,25.0,0.021052631578947368,11.350806455493792,0.9999999999999997,4
489,91597,91597,213.0,../data/Results/uniform_euclidean/city20_range25_swap.json,swap,euclidean,uniform,20,25.0,0.021052631578947368,11.4251537990342,0.9999999999999997,4
492,100439,100439,213.0,../data/Results/uniform_euclidean/city20_range25_swap.json,swap,euclidean,uniform,20,25.0,0.021052631578947368,11.517305857029216,0.9999999999999997,4
497,234743,234743,213.0,../data/Results/uniform_euclidean/city20_range25_swap.json,swap,euclidean,uniform,20,25.0,0.021052631578947368,12.366246577669584,0.9999999999999997,4
500,252635,252635,213.0,../data/Results/uniform_euclidean/city20_range25_swap.json,swap,euclidean,uniform,20,25.0,0.021052631578947368,12.439701038286662,0.9999999999999997,4
514,254314,254314,213.0,../data/Results/uniform_euclidean/city20_range25_swap.json,swap,euclidean,uniform,20,25.0,0.021052631578947368,12.446325002981755,0.9999999999999997,4
524,257719,257719,213.0,../data/Results/uniform_euclidean/city20_range25_swap.json,swap,euclidean,uniform,20,25.0,0.021052631578947368,12.459625123065015,0.9999999999999997,4
529,294587,294587,213.0,../data/Results/uniform_euclidean/city20_range25_swap.json,swap,euclidean,uniform,20,25.0,0.021052631578947368,12.593329654406332,0.9999999999999997,4
532,310190,310190,213.0,../data/Results/uniform_euclidean/city20_range25_swap.json,swap,euclidean,uniform,20,25.0,0.021052631578947368,12.644940291938667,0.9999999999999997,4
539,311281,311281,213.0,../data/Results/uniform_euclidean/city20_range25_swap.json,swap,euclidean,uniform,20,25.0,0.021052631578947368,12.648451320195042,0.9999999999999997,4
556,311823,311823,213.0,../data/Results/uniform_euclidean/city20_range25_swap.json,swap,euclidean,uniform,20,25.0,0.021052631578947368,12.65019099811942,0.9999999999999997,4
557,317628,317628,213.0,../data/Results/uniform_euclidean/city20_range25_swap.json,swap,euclidean,uniform,20,25.0,0.021052631578947368,12.668636165678217,0.9999999999999997,4
561,320920,320920,213.0,../data/Results/uniform_euclidean/city20_range25_swap.json,swap,euclidean,uniform,20,25.0,0.021052631578947368,12.678947149867595,0.9999999999999997,4
563,355038,355038,213.0,../data/Results/uniform_euclidean/city20_range25_swap.json,swap,euclidean,uniform,20,25.0,0.021052631578947368,12.779980104982464,0.9999999999999997,4
566,355224,355224,213.0,../data/Results/uniform_euclidean/city20_range25_swap.json,swap,euclidean,uniform,20,25.0,0.021052631578947368,12.780503855385136,0.9999999999999997,4
573,356762,356762,213.0,../data/Results/uniform_euclidean/city20_range25_swap.json,swap,euclidean,uniform,20,25.0,0.021052631578947368,12.784824171774074,0.9999999999999997,4
594,400445,400445,213.0,../data/Results/uniform_euclidean/city20_range25_swap.json,swap,euclidean,uniform,20,25.0,0.021052631578947368,12.900331707720579,0.9999999999999997,4
596,423398,423398,213.0,../data/Results/uniform_euclidean/city20_range25_swap.json,swap,euclidean,uniform,20,25.0,0.021052631578947368,12.956067914006184,0.9999999999999997,4
604,451216,451216,213.0,../data/Results/uniform_euclidean/city20_range25_swap.json,swap,euclidean,uniform,20,25.0,0.021052631578947368,13.01970143953017,0.9999999999999997,4
608,451360,451360,213.0,../data/Results/uniform_euclidean/city20_range25_swap.json,swap,euclidean,uniform,20,25.0,0.021052631578947368,13.020020526235825,0.9999999999999997,4
632,516480,516480,213.0,../data/Results/uniform_euclidean/city20_range25_swap.json,swap,euclidean,uniform,20,25.0,0.021052631578947368,13.154791844623668,0.9999999999999997,4
633,572481,572481,213.0,../data/Results/uniform_euclidean/city20_range25_swap.json,swap,euclidean,uniform,20,25.0,0.021052631578947368,13.257734826086882,0.9999999999999997,4
646,650553,650553,213.0,../data/Results/uniform_euclidean/city20_range25_swap.json,swap,euclidean,uniform,20,25.0,0.021052631578947368,13.385578049403582,0.9999999999999997,4
647,653896,653896,213.0,../data/Results/uniform_euclidean/city20_range25_swap.json,swap,euclidean,uniform,20,25.0,0.021052631578947368,13.390703596387365,0.9999999999999997,4
650,657013,657013,213.0,../data/Results/uniform_euclidean/city20_range25_swap.json,swap,euclidean,uniform,20,25.0,0.021052631578947368,13.395459084181189,0.9999999999999997,4
1,170,170,0.0,../data/Results/uniform_euclidean/city30_range5_wouter.json,inplace,euclidean,uniform,30,5.0,0.0022988505747126436,5.1357984370561445,,1
1,23157,23157,425.0,../data/Results/uniform_euclidean/city30_range30_swap.json,swap,euclidean,uniform,30,30.0,0.013793103448275862,10.050052389618006,0.9999999999999998,6
7,23992,23992,425.0,../data/Results/uniform_euclidean/city30_range30_swap.json,swap,euclidean,uniform,30,30.0,0.013793103448275862,10.085475720428887,0.9999999999999998,6
9,24090,24090,425.0,../data/Results/uniform_euclidean/city30_range30_swap.json,swap,euclidean,uniform,30,30.0,0.013793103448275862,10.089552095608958,0.9999999999999998,6
11,26440,26440,425.0,../data/Results/uniform_euclidean/city30_range30_swap.json,swap,euclidean,uniform,30,30.0,0.013793103448275862,10.18263329396566,0.9999999999999998,6
13,49391,49391,426.0,../data/Results/uniform_euclidean/city30_range30_swap.json,swap,euclidean,uniform,30,30.0,0.013793103448275862,10.807523500343288,0.9999999999999998,6
23,49637,49637,426.0,../data/Results/uniform_euclidean/city30_range30_swap.json,swap,euclidean,uniform,30,30.0,0.013793103448275862,10.81249180235933,0.9999999999999998,6
25,50033,50033,426.0,../data/Results/uniform_euclidean/city30_range30_swap.json,swap,euclidean,uniform,30,30.0,0.013793103448275862,10.820438066706087,0.9999999999999998,6
26,79841,79841,426.0,../data/Results/uniform_euclidean/city30_range30_swap.json,swap,euclidean,uniform,30,30.0,0.013793103448275862,11.287792435957021,0.9999999999999998,6
28,100738,100738,426.0,../data/Results/uniform_euclidean/city30_range30_swap.json,swap,euclidean,uniform,30,30.0,0.013793103448275862,11.520278366015422,0.9999999999999998,6
36,102122,102122,426.0,../data/Results/uniform_euclidean/city30_range30_swap.json,swap,euclidean,uniform,30,30.0,0.013793103448275862,11.533923455965844,0.9999999999999998,6
37,102132,102132,426.0,../data/Results/uniform_euclidean/city30_range30_swap.json,swap,euclidean,uniform,30,30.0,0.013793103448275862,11.534021373264972,0.9999999999999998,6
39,106650,106650,426.0,../data/Results/uniform_euclidean/city30_range30_swap.json,swap,euclidean,uniform,30,30.0,0.013793103448275862,11.577307723899507,0.9999999999999998,6
41,141226,141226,426.0,../data/Results/uniform_euclidean/city30_range30_swap.json,swap,euclidean,uniform,30,30.0,0.013793103448275862,11.858116723067674,0.9999999999999999,6
44,141380,141380,426.0,../data/Results/uniform_euclidean/city30_range30_swap.json,swap,euclidean,uniform,30,30.0,0.013793103448275862,11.859206579724953,0.9999999999999999,6
51,142231,142231,426.0,../data/Results/uniform_euclidean/city30_range30_swap.json,swap,euclidean,uniform,30,30.0,0.013793103448275862,11.865207775405064,0.9999999999999999,6
55,148796,148796,426.0,../data/Results/uniform_euclidean/city30_range30_swap.json,swap,euclidean,uniform,30,30.0,0.013793103448275862,11.910331519299385,0.9999999999999999,6
56,260497,260497,425.0,../data/Results/uniform_euclidean/city30_range30_swap.json,swap,euclidean,uniform,30,30.0,0.013793103448275862,12.47034662379447,0.9999999999999998,6
60,607329,607329,425.0,../data/Results/uniform_euclidean/city30_range30_swap.json,swap,euclidean,uniform,30,30.0,0.013793103448275862,13.316825933092012,0.9999999999999998,6
64,607584,607584,425.0,../data/Results/uniform_euclidean/city30_range30_swap.json,swap,euclidean,uniform,30,30.0,0.013793103448275862,13.317245716243143,0.9999999999999998,6
66,1056013,1056013,425.0,../data/Results/uniform_euclidean/city30_range30_swap.json,swap,euclidean,uniform,30,30.0,0.013793103448275862,13.870011053778631,0.9999999999999998,6
72,1811849,1811849,425.0,../data/Results/uniform_euclidean/city30_range30_swap.json,swap,euclidean,uniform,30,30.0,0.013793103448275862,14.409858428779314,0.9999999999999998,6
76,1946031,1946031,425.0,../data/Results/uniform_euclidean/city30_range30_swap.json,swap,euclidean,uniform,30,30.0,0.013793103448275862,14.481302471714258,0.9999999999999998,6
79,1948881,1948881,425.0,../data/Results/uniform_euclidean/city30_range30_swap.json,swap,euclidean,uniform,30,30.0,0.013793103448275862,14.482765919673364,0.9999999999999998,6
82,1958238,1958238,425.0,../data/Results/uniform_euclidean/city30_range30_swap.json,swap,euclidean,uniform,30,30.0,0.013793103448275862,14.487555647290373,0.9999999999999998,6
86,1968353,1968353,425.0,../data/Results/uniform_euclidean/city30_range30_swap.json,swap,euclidean,uniform,30,30.0,0.013793103448275862,14.492707710428174,0.9999999999999998,6
89,1983751,1983751,425.0,../data/Results/uniform_euclidean/city30_range30_swap.json,swap,euclidean,uniform,30,30.0,0.013793103448275862,14.500500054918408,0.9999999999999998,6
93,3247594,3247594,425.0,../data/Results/uniform_euclidean/city30_range30_swap.json,swap,euclidean,uniform,30,30.0,0.013793103448275862,14.993424972450555,0.9999999999999998,6
1,160003,160003,545.0,../data/Results/uniform_euclidean/city30_range40_scramble.json,scramble,euclidean,uniform,30,40.0,0.020689655172413793,11.982947844040192,0.9999999999999998,9
294,226057,226057,539.0,../data/Results/uniform_euclidean/city30_range40_scramble.json,scramble,euclidean,uniform,30,40.0,0.020689655172413793,12.32854245884361,1.0000000000000004,9
509,277786,277786,539.0,../data/Results/uniform_euclidean/city30_range40_scramble.json,scramble,euclidean,uniform,30,40.0,0.020689655172413793,12.534606312064142,0.9999999999999998,9
1,994,994,672.0,../data/Results/uniform_euclidean/city20_range80_scramble.json,scramble,euclidean,uniform,20,80.0,0.06315789473684211,6.90173720665758,0.9999999999999998,12
5,1127,1127,664.0,../data/Results/uniform_euclidean/city20_range80_scramble.json,scramble,euclidean,uniform,20,80.0,0.06315789473684211,7.027314514040664,1.0000000000000002,12
7,2486,2486,664.0,../data/Results/uniform_euclidean/city20_range80_scramble.json,scramble,euclidean,uniform,20,80.0,0.06315789473684211,7.818430272071058,1.0000000000000002,12
45,3188,3188,666.0,../data/Results/uniform_euclidean/city20_range80_scramble.json,scramble,euclidean,uniform,20,80.0,0.06315789473684211,8.067149039910419,1.0000000000000004,12
51,3418,3418,665.0,../data/Results/uniform_euclidean/city20_range80_scramble.json,scramble,euclidean,uniform,20,80.0,0.06315789473684211,8.136810863675828,1.0,12
95,7651,7651,665.0,../data/Results/uniform_euclidean/city20_range80_scramble.json,scramble,euclidean,uniform,20,80.0,0.06315789473684211,8.942591637231983,1.0,12
594,9157,9157,666.0,../data/Results/uniform_euclidean/city20_range80_scramble.json,scramble,euclidean,uniform,20,80.0,0.06315789473684211,9.122273893107842,1.0000000000000002,12
1,14200,14200,671.0,../data/Results/uniform_euclidean/city30_range50_scramble.json,scramble,euclidean,uniform,30,50.0,0.020689655172413793,9.560997243589423,0.9999999999999998,9
7,15409,15409,661.0,../data/Results/uniform_euclidean/city30_range50_scramble.json,scramble,euclidean,uniform,30,50.0,0.020689655172413793,9.64270703328192,0.9999999999999999,9
9,17760,17760,663.0,../data/Results/uniform_euclidean/city30_range50_scramble.json,scramble,euclidean,uniform,30,50.0,0.020689655172413793,9.784704016546218,1.0,9
14,17982,17982,663.0,../data/Results/uniform_euclidean/city30_range50_scramble.json,scramble,euclidean,uniform,30,50.0,0.020689655172413793,9.797126536544774,1.0,9
15,27244,27244,664.0,../data/Results/uniform_euclidean/city30_range50_scramble.json,scramble,euclidean,uniform,30,50.0,0.020689655172413793,10.212588592361246,0.9999999999999999,9
21,52349,52349,663.0,../data/Results/uniform_euclidean/city30_range50_scramble.json,scramble,euclidean,uniform,30,50.0,0.020689655172413793,10.8656881139195,1.0,9
31,62961,62961,664.0,../data/Results/uniform_euclidean/city30_range50_scramble.json,scramble,euclidean,uniform,30,50.0,0.020689655172413793,11.050270766065546,0.9999999999999999,9
32,66364,66364,664.0,../data/Results/uniform_euclidean/city30_range50_scramble.json,scramble,euclidean,uniform,30,50.0,0.020689655172413793,11.10291001976326,1.0,9
133,116581,116581,665.0,../data/Results/uniform_euclidean/city30_range50_scramble.json,scramble,euclidean,uniform,30,50.0,0.020689655172413793,11.666341589363412,1.0,9
222,221949,221949,663.0,../data/Results/uniform_euclidean/city30_range50_scramble.json,scramble,euclidean,uniform,30,50.0,0.020689655172413793,12.310202904732774,1.0000000000000002,9
487,564598,564598,666.0,../data/Results/uniform_euclidean/city30_range50_scramble.json,scramble,euclidean,uniform,30,50.0,0.020689655172413793,13.2438692524644,0.9999999999999999,9
1,185,185,133.0,../data/Results/uniform_euclidean/city20_range15_scramble.json,scramble,euclidean,uniform,20,15.0,0.015789473684210527,5.22035582508373,1.0,3
10,190,190,132.0,../data/Results/uniform_euclidean/city20_range15_scramble.json,scramble,euclidean,uniform,20,15.0,0.015789473684210527,5.2470240721657495,1.0,3
14,197,197,133.0,../data/Results/uniform_euclidean/city20_range15_scramble.json,scramble,euclidean,uniform,20,15.0,0.015789473684210527,5.283203728743064,1.0,3
33,282,282,132.0,../data/Results/uniform_euclidean/city20_range15_scramble.json,scramble,euclidean,uniform,20,15.0,0.015789473684210527,5.641907070941659,1.0,3
41,503,503,133.0,../data/Results/uniform_euclidean/city20_range15_scramble.json,scramble,euclidean,uniform,20,15.0,0.015789473684210527,6.220590170101727,1.0,3
63,90649,90649,132.0,../data/Results/uniform_euclidean/city20_range15_scramble.json,scramble,euclidean,uniform,20,15.0,0.015789473684210527,11.414750184682559,1.0000000000000002,3
213,157016,157016,132.0,../data/Results/uniform_euclidean/city20_range15_scramble.json,scramble,euclidean,uniform,20,15.0,0.015789473684210527,11.964102989965921,1.0,3
364,276616,276616,131.0,../data/Results/uniform_euclidean/city20_range15_scramble.json,scramble,euclidean,uniform,20,15.0,0.015789473684210527,12.530385541803744,1.0000000000000002,3
1,977,977,294.0,../data/Results/uniform_euclidean/city20_range35_scramble.json,scramble,euclidean,uniform,20,35.0,0.02631578947368421,6.884486652043806,1.0,5
27,2524,2524,293.0,../data/Results/uniform_euclidean/city20_range35_scramble.json,scramble,euclidean,uniform,20,35.0,0.02631578947368421,7.8336002236615,1.0,5
1,833,833,759.0,../data/Results/uniform_euclidean/city20_range95_wouter.json,inplace,euclidean,uniform,20,95.0,0.06842105263157895,6.725033642168043,1.0,13
2,1302,1302,754.0,../data/Results/uniform_euclidean/city20_range95_wouter.json,inplace,euclidean,uniform,20,95.0,0.07368421052631578,7.1716568227692825,0.9999999999999998,14
7,1326,1326,754.0,../data/Results/uniform_euclidean/city20_range95_wouter.json,inplace,euclidean,uniform,20,95.0,0.07894736842105263,7.189922170746562,0.9999999999999998,15
12,1393,1393,737.0,../data/Results/uniform_euclidean/city20_range95_wouter.json,inplace,euclidean,uniform,20,95.0,0.08421052631578947,7.239214973780523,1.0,16
26,1591,1591,738.0,../data/Results/uniform_euclidean/city20_range95_wouter.json,inplace,euclidean,uniform,20,95.0,0.08421052631578947,7.372118028338416,1.0,16
63,1636,1636,738.0,../data/Results/uniform_euclidean/city20_range95_wouter.json,inplace,euclidean,uniform,20,95.0,0.08947368421052632,7.400009517163304,1.0,17
96,2501,2501,743.0,../data/Results/uniform_euclidean/city20_range95_wouter.json,inplace,euclidean,uniform,20,95.0,0.08947368421052632,7.824445930878019,1.0,17
97,2550,2550,743.0,../data/Results/uniform_euclidean/city20_range95_wouter.json,inplace,euclidean,uniform,20,95.0,0.09473684210526316,7.843848638152864,1.0,18
104,2551,2551,743.0,../data/Results/uniform_euclidean/city20_range95_wouter.json,inplace,euclidean,uniform,20,95.0,0.09473684210526316,7.844240718142204,1.0,18
144,2654,2654,743.0,../data/Results/uniform_euclidean/city20_range95_wouter.json,inplace,euclidean,uniform,20,95.0,0.1,7.88382321489253,1.0,19
161,2697,2697,743.0,../data/Results/uniform_euclidean/city20_range95_wouter.json,inplace,euclidean,uniform,20,95.0,0.10526315789473684,7.8998953231401,1.0,20
171,2736,2736,743.0,../data/Results/uniform_euclidean/city20_range95_wouter.json,inplace,euclidean,uniform,20,95.0,0.10526315789473684,7.914252278742807,1.0,20
192,3416,3416,744.0,../data/Results/uniform_euclidean/city20_range95_wouter.json,inplace,euclidean,uniform,20,95.0,0.11052631578947368,8.136225554908753,0.9999999999999998,21
194,3523,3523,744.0,../data/Results/uniform_euclidean/city20_range95_wouter.json,inplace,euclidean,uniform,20,95.0,0.11052631578947368,8.167068178341522,0.9999999999999998,21
205,3629,3629,744.0,../data/Results/uniform_euclidean/city20_range95_wouter.json,inplace,euclidean,uniform,20,95.0,0.11578947368421053,8.196712407213345,0.9999999999999998,22
207,3642,3642,744.0,../data/Results/uniform_euclidean/city20_range95_wouter.json,inplace,euclidean,uniform,20,95.0,0.12105263157894737,8.200288260287827,0.9999999999999998,23
324,3653,3653,744.0,../data/Results/uniform_euclidean/city20_range95_wouter.json,inplace,euclidean,uniform,20,95.0,0.12105263157894737,8.203304026795557,0.9999999999999998,23
345,3669,3669,744.0,../data/Results/uniform_euclidean/city20_range95_wouter.json,inplace,euclidean,uniform,20,95.0,0.12631578947368421,8.207674424355554,0.9999999999999998,24
358,3702,3702,761.0,../data/Results/uniform_euclidean/city20_range95_wouter.json,inplace,euclidean,uniform,20,95.0,0.12631578947368421,8.216628493133713,1.0,24
401,3766,3766,761.0,../data/Results/uniform_euclidean/city20_range95_wouter.json,inplace,euclidean,uniform,20,95.0,0.13157894736842105,8.233768709217363,1.0,25
489,3895,3895,761.0,../data/Results/uniform_euclidean/city20_range95_wouter.json,inplace,euclidean,uniform,20,95.0,0.1368421052631579,8.267448958305105,1.0,26
705,3934,3934,760.0,../data/Results/uniform_euclidean/city20_range95_wouter.json,inplace,euclidean,uniform,20,95.0,0.1368421052631579,8.277411998949258,1.0,26
707,4386,4386,760.0,../data/Results/uniform_euclidean/city20_range95_wouter.json,inplace,euclidean,uniform,20,95.0,0.1368421052631579,8.38617292897806,1.0,26
716,4438,4438,760.0,../data/Results/uniform_euclidean/city20_range95_wouter.json,inplace,euclidean,uniform,20,95.0,0.14210526315789473,8.397959103492765,1.0,27
726,4461,4461,760.0,../data/Results/uniform_euclidean/city20_range95_wouter.json,inplace,euclidean,uniform,20,95.0,0.14210526315789473,8.40312823512849,1.0,27
727,4463,4463,760.0,../data/Results/uniform_euclidean/city20_range95_wouter.json,inplace,euclidean,uniform,20,95.0,0.14736842105263157,8.403576464629493,1.0,28
736,4464,4464,760.0,../data/Results/uniform_euclidean/city20_range95_wouter.json,inplace,euclidean,uniform,20,95.0,0.14736842105263157,8.40380050406137,1.0,28
740,4472,4472,760.0,../data/Results/uniform_euclidean/city20_range95_wouter.json,inplace,euclidean,uniform,20,95.0,0.15263157894736842,8.405591014835158,1.0,29
754,4902,4902,741.0,../data/Results/uniform_euclidean/city20_range95_wouter.json,inplace,euclidean,uniform,20,95.0,0.15789473684210525,8.497398564088263,0.9999999999999997,30
763,4905,4905,741.0,../data/Results/uniform_euclidean/city20_range95_wouter.json,inplace,euclidean,uniform,20,95.0,0.15789473684210525,8.498010371999667,0.9999999999999997,30
779,4908,4908,741.0,../data/Results/uniform_euclidean/city20_range95_wouter.json,inplace,euclidean,uniform,20,95.0,0.1631578947368421,8.498621805831005,0.9999999999999997,31
797,4910,4910,741.0,../data/Results/uniform_euclidean/city20_range95_wouter.json,inplace,euclidean,uniform,20,95.0,0.16842105263157894,8.49902922078877,0.9999999999999997,32
811,4911,4911,741.0,../data/Results/uniform_euclidean/city20_range95_wouter.json,inplace,euclidean,uniform,20,95.0,0.1736842105263158,8.49923286603945,0.9999999999999997,33
835,5549,5549,741.0,../data/Results/uniform_euclidean/city20_range95_wouter.json,inplace,euclidean,uniform,20,95.0,0.1736842105263158,8.621373010326081,0.9999999999999997,33
839,5574,5574,741.0,../data/Results/uniform_euclidean/city20_range95_wouter.json,inplace,euclidean,uniform,20,95.0,0.1736842105263158,8.625868208042073,0.9999999999999997,33
849,5575,5575,741.0,../data/Results/uniform_euclidean/city20_range95_wouter.json,inplace,euclidean,uniform,20,95.0,0.1736842105263158,8.6260475963285,0.9999999999999997,33
851,5576,5576,741.0,../data/Results/uniform_euclidean/city20_range95_wouter.json,inplace,euclidean,uniform,20,95.0,0.1736842105263158,8.62622695244054,0.9999999999999997,33
858,5587,5587,741.0,../data/Results/uniform_euclidean/city20_range95_wouter.json,inplace,euclidean,uniform,20,95.0,0.17894736842105263,8.628197749459328,0.9999999999999997,34
861,5593,5593,741.0,../data/Results/uniform_euclidean/city20_range95_wouter.json,inplace,euclidean,uniform,20,95.0,0.18421052631578946,8.629271094821767,0.9999999999999997,35
865,5594,5594,741.0,../data/Results/uniform_euclidean/city20_range95_wouter.json,inplace,euclidean,uniform,20,95.0,0.18947368421052632,8.629449873762084,0.9999999999999997,36
884,5595,5595,741.0,../data/Results/uniform_euclidean/city20_range95_wouter.json,inplace,euclidean,uniform,20,95.0,0.19473684210526315,8.629628620746205,0.9999999999999997,37
896,5596,5596,741.0,../data/Results/uniform_euclidean/city20_range95_wouter.json,inplace,euclidean,uniform,20,95.0,0.2,8.62980733578555,0.9999999999999997,38
942,5597,5597,741.0,../data/Results/uniform_euclidean/city20_range95_wouter.json,inplace,euclidean,uniform,20,95.0,0.20526315789473684,8.629986018891538,0.9999999999999997,39
955,5652,5652,741.0,../data/Results/uniform_euclidean/city20_range95_wouter.json,inplace,euclidean,uniform,20,95.0,0.21052631578947367,8.639764743804594,0.9999999999999997,40
971,5653,5653,741.0,../data/Results/uniform_euclidean/city20_range95_wouter.json,inplace,euclidean,uniform,20,95.0,0.21052631578947367,8.639941656675468,0.9999999999999997,40
973,5654,5654,741.0,../data/Results/uniform_euclidean/city20_range95_wouter.json,inplace,euclidean,uniform,20,95.0,0.21052631578947367,8.640118538253713,0.9999999999999997,40
994,5655,5655,741.0,../data/Results/uniform_euclidean/city20_range95_wouter.json,inplace,euclidean,uniform,20,95.0,0.21578947368421053,8.640295388550397,0.9999999999999997,41
1,95,95,0.0,../data/Results/uniform_euclidean/city20_range5_wouter.json,inplace,euclidean,uniform,20,5.0,0.005263157894736842,4.5538768916110675,,1
110,109,109,0.0,../data/Results/uniform_euclidean/city20_range5_wouter.json,inplace,euclidean,uniform,20,5.0,0.010526315789473684,4.691347882238318,,2
299,140,140,0.0,../data/Results/uniform_euclidean/city20_range5_wouter.json,inplace,euclidean,uniform,20,5.0,0.015789473684210527,4.9416424226164475,,3
342,287,287,0.0,../data/Results/uniform_euclidean/city20_range5_wouter.json,inplace,euclidean,uniform,20,5.0,0.021052631578947368,5.659482215763106,,4
372,293,293,0.0,../data/Results/uniform_euclidean/city20_range5_wouter.json,inplace,euclidean,uniform,20,5.0,0.021052631578947368,5.68017260902048,,4
393,470,470,0.0,../data/Results/uniform_euclidean/city20_range5_wouter.json,inplace,euclidean,uniform,20,5.0,0.02631578947368421,6.1527326947062315,,5
408,477,477,0.0,../data/Results/uniform_euclidean/city20_range5_wouter.json,inplace,euclidean,uniform,20,5.0,0.02631578947368421,6.167516490890438,,5
445,549,549,0.0,../data/Results/uniform_euclidean/city20_range5_wouter.json,inplace,euclidean,uniform,20,5.0,0.02631578947368421,6.308098441511352,,5
447,561,561,0.0,../data/Results/uniform_euclidean/city20_range5_wouter.json,inplace,euclidean,uniform,20,5.0,0.02631578947368421,6.3297209055244785,,5
487,562,562,0.0,../data/Results/uniform_euclidean/city20_range5_wouter.json,inplace,euclidean,uniform,20,5.0,0.02631578947368421,6.331501849895471,,5
492,563,563,0.0,../data/Results/uniform_euclidean/city20_range5_wouter.json,inplace,euclidean,uniform,20,5.0,0.02631578947368421,6.333279628141467,,5
506,564,564,0.0,../data/Results/uniform_euclidean/city20_range5_wouter.json,inplace,euclidean,uniform,20,5.0,0.02631578947368421,6.335054251499832,,5
1,5957,5957,548.0,../data/Results/uniform_euclidean/city30_range45_wouter.json,inplace,euclidean,uniform,30,45.0,0.01839080459770115,8.692322277628856,1.0000000000000002,8
3,6411,6411,548.0,../data/Results/uniform_euclidean/city30_range45_wouter.json,inplace,euclidean,uniform,30,45.0,0.01839080459770115,8.765770543987413,1.0000000000000002,8
9,7063,7063,542.0,../data/Results/uniform_euclidean/city30_range45_wouter.json,inplace,euclidean,uniform,30,45.0,0.020689655172413793,8.862625169409064,1.0000000000000002,9
25,7096,7096,540.0,../data/Results/uniform_euclidean/city30_range45_wouter.json,inplace,euclidean,uniform,30,45.0,0.022988505747126436,8.867286523989556,1.0000000000000002,10
28,7335,7335,540.0,../data/Results/uniform_euclidean/city30_range45_wouter.json,inplace,euclidean,uniform,30,45.0,0.02528735632183908,8.900412690577218,1.0000000000000002,11
35,12405,12405,532.0,../data/Results/uniform_euclidean/city30_range45_wouter.json,inplace,euclidean,uniform,30,45.0,0.02528735632183908,9.425854896125982,0.9999999999999999,11
36,13027,13027,532.0,../data/Results/uniform_euclidean/city30_range45_wouter.json,inplace,euclidean,uniform,30,45.0,0.027586206896551724,9.47477940569764,0.9999999999999999,12
37,13196,13196,532.0,../data/Results/uniform_euclidean/city30_range45_wouter.json,inplace,euclidean,uniform,30,45.0,0.029885057471264367,9.487669032348547,0.9999999999999999,13
38,13197,13197,532.0,../data/Results/uniform_euclidean/city30_range45_wouter.json,inplace,euclidean,uniform,30,45.0,0.03218390804597701,9.487744810016904,0.9999999999999999,14
40,13744,13744,515.0,../data/Results/uniform_euclidean/city30_range45_wouter.json,inplace,euclidean,uniform,30,45.0,0.034482758620689655,9.52835764422411,1.0,15
52,13749,13749,515.0,../data/Results/uniform_euclidean/city30_range45_wouter.json,inplace,euclidean,uniform,30,45.0,0.0367816091954023,9.528721373177307,1.0,16
58,28628,28628,506.0,../data/Results/uniform_euclidean/city30_range45_wouter.json,inplace,euclidean,uniform,30,45.0,0.0367816091954023,10.262140538858523,0.9999999999999999,16
67,35669,35669,506.0,../data/Results/uniform_euclidean/city30_range45_wouter.json,inplace,euclidean,uniform,30,45.0,0.0367816091954023,10.482037243196878,0.9999999999999999,16
71,46980,46980,503.0,../data/Results/uniform_euclidean/city30_range45_wouter.json,inplace,euclidean,uniform,30,45.0,0.03908045977011494,10.757477258212925,1.0000000000000002,17
89,47001,47001,503.0,../data/Results/uniform_euclidean/city30_range45_wouter.json,inplace,euclidean,uniform,30,45.0,0.041379310344827586,10.757924157061618,1.0000000000000002,18
91,47064,47064,503.0,../data/Results/uniform_euclidean/city30_range45_wouter.json,inplace,euclidean,uniform,30,45.0,0.041379310344827586,10.759263656544313,1.0000000000000002,18
97,61549,61549,501.0,../data/Results/uniform_euclidean/city30_range45_wouter.json,inplace,euclidean,uniform,30,45.0,0.041379310344827586,11.027588884526937,1.0000000000000002,18
100,61551,61551,501.0,../data/Results/uniform_euclidean/city30_range45_wouter.json,inplace,euclidean,uniform,30,45.0,0.041379310344827586,11.02762137843433,1.0000000000000002,18
110,61552,61552,501.0,../data/Results/uniform_euclidean/city30_range45_wouter.json,inplace,euclidean,uniform,30,45.0,0.04367816091954023,11.027637624992092,1.0000000000000002,19
112,62572,62572,501.0,../data/Results/uniform_euclidean/city30_range45_wouter.json,inplace,euclidean,uniform,30,45.0,0.04367816091954023,11.044073172681676,1.0000000000000002,19
121,76765,76765,496.0,../data/Results/uniform_euclidean/city30_range45_wouter.json,inplace,euclidean,uniform,30,45.0,0.04367816091954023,11.248504086093012,0.9999999999999998,19
127,76767,76767,496.0,../data/Results/uniform_euclidean/city30_range45_wouter.json,inplace,euclidean,uniform,30,45.0,0.04367816091954023,11.24853013929365,0.9999999999999998,19
139,76782,76782,496.0,../data/Results/uniform_euclidean/city30_range45_wouter.json,inplace,euclidean,uniform,30,45.0,0.04367816091954023,11.248725516665663,0.9999999999999998,19
141,76818,76818,496.0,../data/Results/uniform_euclidean/city30_range45_wouter.json,inplace,euclidean,uniform,30,45.0,0.04367816091954023,11.249194266674246,0.9999999999999998,19
142,76825,76825,496.0,../data/Results/uniform_euclidean/city30_range45_wouter.json,inplace,euclidean,uniform,30,45.0,0.04597701149425287,11.249285386998698,0.9999999999999998,20
144,77347,77347,496.0,../data/Results/uniform_euclidean/city30_range45_wouter.json,inplace,euclidean,uniform,30,45.0,0.04597701149425287,11.25605707050441,0.9999999999999998,20
161,77993,77993,496.0,../data/Results/uniform_euclidean/city30_range45_wouter.json,inplace,euclidean,uniform,30,45.0,0.04597701149425287,11.264374358054802,0.9999999999999998,20
174,78058,78058,496.0,../data/Results/uniform_euclidean/city30_range45_wouter.json,inplace,euclidean,uniform,30,45.0,0.04597701149425287,11.265207419089451,0.9999999999999998,20
176,78112,78112,496.0,../data/Results/uniform_euclidean/city30_range45_wouter.json,inplace,euclidean,uniform,30,45.0,0.04367816091954023,11.2658989731927,0.9999999999999998,19
184,78115,78115,496.0,../data/Results/uniform_euclidean/city30_range45_wouter.json,inplace,euclidean,uniform,30,45.0,0.04597701149425287,11.265937378846017,0.9999999999999998,20
185,78116,78116,496.0,../data/Results/uniform_euclidean/city30_range45_wouter.json,inplace,euclidean,uniform,30,45.0,0.04597701149425287,11.265950180402687,0.9999999999999998,20
199,78117,78117,496.0,../data/Results/uniform_euclidean/city30_range45_wouter.json,inplace,euclidean,uniform,30,45.0,0.04597701149425287,11.265962981795477,0.9999999999999998,20
204,79611,79611,496.0,../data/Results/uniform_euclidean/city30_range45_wouter.json,inplace,euclidean,uniform,30,45.0,0.04597701149425287,11.284907553239771,0.9999999999999998,20
218,79770,79770,496.0,../data/Results/uniform_euclidean/city30_range45_wouter.json,inplace,euclidean,uniform,30,45.0,0.04827586206896552,11.286902772905188,0.9999999999999998,21
227,79772,79772,496.0,../data/Results/uniform_euclidean/city30_range45_wouter.json,inplace,euclidean,uniform,30,45.0,0.04827586206896552,11.286927844673125,0.9999999999999998,21
236,79775,79775,496.0,../data/Results/uniform_euclidean/city30_range45_wouter.json,inplace,euclidean,uniform,30,45.0,0.05057471264367816,11.286965451146457,0.9999999999999998,22
253,85266,85266,496.0,../data/Results/uniform_euclidean/city30_range45_wouter.json,inplace,euclidean,uniform,30,45.0,0.05057471264367816,11.353531060819929,0.9999999999999998,22
256,97045,97045,496.0,../data/Results/uniform_euclidean/city30_range45_wouter.json,inplace,euclidean,uniform,30,45.0,0.05057471264367816,11.482930067434838,0.9999999999999998,22
257,97499,97499,496.0,../data/Results/uniform_euclidean/city30_range45_wouter.json,inplace,euclidean,uniform,30,45.0,0.05057471264367816,11.487597400523095,0.9999999999999998,22
263,97502,97502,496.0,../data/Results/uniform_euclidean/city30_range45_wouter.json,inplace,euclidean,uniform,30,45.0,0.05057471264367816,11.487628169596077,0.9999999999999998,22
269,97503,97503,496.0,../data/Results/uniform_euclidean/city30_range45_wouter.json,inplace,euclidean,uniform,30,45.0,0.05057471264367816,11.487638425743356,0.9999999999999998,22
279,97519,97519,496.0,../data/Results/uniform_euclidean/city30_range45_wouter.json,inplace,euclidean,uniform,30,45.0,0.05057471264367816,11.48780250979578,0.9999999999999998,22
289,97524,97524,496.0,../data/Results/uniform_euclidean/city30_range45_wouter.json,inplace,euclidean,uniform,30,45.0,0.052873563218390804,11.487853780541215,0.9999999999999998,23
292,97527,97527,496.0,../data/Results/uniform_euclidean/city30_range45_wouter.json,inplace,euclidean,uniform,30,45.0,0.052873563218390804,11.487884541726753,0.9999999999999998,23
302,97528,97528,496.0,../data/Results/uniform_euclidean/city30_range45_wouter.json,inplace,euclidean,uniform,30,45.0,0.052873563218390804,11.487894795244992,0.9999999999999998,23
305,97529,97529,496.0,../data/Results/uniform_euclidean/city30_range45_wouter.json,inplace,euclidean,uniform,30,45.0,0.05517241379310345,11.487905048658098,0.9999999999999998,24
306,97530,97530,496.0,../data/Results/uniform_euclidean/city30_range45_wouter.json,inplace,euclidean,uniform,30,45.0,0.05517241379310345,11.487915301966071,0.9999999999999998,24
307,109702,109702,496.0,../data/Results/uniform_euclidean/city30_range45_wouter.json,inplace,euclidean,uniform,30,45.0,0.05517241379310345,11.605522877637704,0.9999999999999998,24
316,109969,109969,496.0,../data/Results/uniform_euclidean/city30_range45_wouter.json,inplace,euclidean,uniform,30,45.0,0.05517241379310345,11.607953786874537,0.9999999999999998,24
320,110086,110086,496.0,../data/Results/uniform_euclidean/city30_range45_wouter.json,inplace,euclidean,uniform,30,45.0,0.05517241379310345,11.609017157495746,0.9999999999999998,24
329,110089,110089,496.0,../data/Results/uniform_euclidean/city30_range45_wouter.json,inplace,euclidean,uniform,30,45.0,0.05517241379310345,11.609044408546048,0.9999999999999998,24
340,110091,110091,496.0,../data/Results/uniform_euclidean/city30_range45_wouter.json,inplace,euclidean,uniform,30,45.0,0.05517241379310345,11.609062575500358,0.9999999999999998,24
345,110160,110160,496.0,../data/Results/uniform_euclidean/city30_range45_wouter.json,inplace,euclidean,uniform,30,45.0,0.05517241379310345,11.609689133402545,0.9999999999999998,24
348,110429,110429,496.0,../data/Results/uniform_euclidean/city30_range45_wouter.json,inplace,euclidean,uniform,30,45.0,0.05517241379310345,11.612128059489907,0.9999999999999998,24
350,110460,110460,496.0,../data/Results/uniform_euclidean/city30_range45_wouter.json,inplace,euclidean,uniform,30,45.0,0.05747126436781609,11.612408743455187,0.9999999999999998,25
351,110467,110467,496.0,../data/Results/uniform_euclidean/city30_range45_wouter.json,inplace,euclidean,uniform,30,45.0,0.05747126436781609,11.612472112803456,0.9999999999999998,25
354,110473,110473,496.0,../data/Results/uniform_euclidean/city30_range45_wouter.json,inplace,euclidean,uniform,30,45.0,0.05747126436781609,11.61252642619172,0.9999999999999998,25
355,113746,113746,496.0,../data/Results/uniform_euclidean/city30_range45_wouter.json,inplace,euclidean,uniform,30,45.0,0.05747126436781609,11.641723171359743,0.9999999999999998,25
358,113941,113941,496.0,../data/Results/uniform_euclidean/city30_range45_wouter.json,inplace,euclidean,uniform,30,45.0,0.059770114942528735,11.643436049544942,0.9999999999999998,26
362,113942,113942,496.0,../data/Results/uniform_euclidean/city30_range45_wouter.json,inplace,euclidean,uniform,30,45.0,0.059770114942528735,11.643444825978463,0.9999999999999998,26
373,113944,113944,496.0,../data/Results/uniform_euclidean/city30_range45_wouter.json,inplace,euclidean,uniform,30,45.0,0.059770114942528735,11.643462378614432,0.9999999999999998,26
379,130076,130076,496.0,../data/Results/uniform_euclidean/city30_range45_wouter.json,inplace,euclidean,uniform,30,45.0,0.059770114942528735,11.775874174001341,0.9999999999999998,26
381,130081,130081,496.0,../data/Results/uniform_euclidean/city30_range45_wouter.json,inplace,euclidean,uniform,30,45.0,0.06206896551724138,11.775912612328971,0.9999999999999998,27
384,130086,130086,496.0,../data/Results/uniform_euclidean/city30_range45_wouter.json,inplace,euclidean,uniform,30,45.0,0.06206896551724138,11.775951049179154,0.9999999999999998,27
385,131316,131316,496.0,../data/Results/uniform_euclidean/city30_range45_wouter.json,inplace,euclidean,uniform,30,45.0,0.06206896551724138,11.78536191120645,0.9999999999999998,27
387,131317,131317,496.0,../data/Results/uniform_euclidean/city30_range45_wouter.json,inplace,euclidean,uniform,30,45.0,0.06206896551724138,11.785369526395707,0.9999999999999998,27
388,131393,131393,496.0,../data/Results/uniform_euclidean/city30_range45_wouter.json,inplace,euclidean,uniform,30,45.0,0.06206896551724138,11.785948111163094,0.9999999999999998,27
393,131412,131412,496.0,../data/Results/uniform_euclidean/city30_range45_wouter.json,inplace,euclidean,uniform,30,45.0,0.06206896551724138,11.786092705063767,0.9999999999999998,27
394,131441,131441,496.0,../data/Results/uniform_euclidean/city30_range45_wouter.json,inplace,euclidean,uniform,30,45.0,0.06206896551724138,11.786313360716301,0.9999999999999998,27
400,131442,131442,496.0,../data/Results/uniform_euclidean/city30_range45_wouter.json,inplace,euclidean,uniform,30,45.0,0.06206896551724138,11.786320968663562,0.9999999999999998,27
401,131447,131447,496.0,../data/Results/uniform_euclidean/city30_range45_wouter.json,inplace,euclidean,uniform,30,45.0,0.06206896551724138,11.786359007531683,0.9999999999999998,27
1,336,336,519.0,../data/Results/uniform_euclidean/city20_range65_scramble.json,scramble,euclidean,uniform,20,65.0,0.04736842105263158,5.8171111599661804,1.0,9
2,2018,2018,507.0,../data/Results/uniform_euclidean/city20_range65_scramble.json,scramble,euclidean,uniform,20,65.0,0.04736842105263158,7.6098622009140495,1.0,9
133,2271,2271,511.0,../data/Results/uniform_euclidean/city20_range65_scramble.json,scramble,euclidean,uniform,20,65.0,0.04736842105263158,7.727975542105999,0.9999999999999998,9
185,11713,11713,511.0,../data/Results/uniform_euclidean/city20_range65_scramble.json,scramble,euclidean,uniform,20,65.0,0.04736842105263158,9.36845461506996,1.0,9
1,95,95,0.0,../data/Results/uniform_euclidean/city20_range5_scramble.json,scramble,euclidean,uniform,20,5.0,0.005263157894736842,4.5538768916110675,,1
1,846,846,367.0,../data/Results/uniform_euclidean/city20_range40_scramble.json,scramble,euclidean,uniform,20,40.0,0.03684210526315789,6.740519359607405,1.0,7
6,1068,1068,364.0,../data/Results/uniform_euclidean/city20_range40_scramble.json,scramble,euclidean,uniform,20,40.0,0.03684210526315789,6.973543019521077,1.0000000000000002,7
23,2058,2058,362.0,../data/Results/uniform_euclidean/city20_range40_scramble.json,scramble,euclidean,uniform,20,40.0,0.03684210526315789,7.629489916394481,1.0,7
78,2624,2624,363.0,../data/Results/uniform_euclidean/city20_range40_scramble.json,scramble,euclidean,uniform,20,40.0,0.03684210526315789,7.8724551500643605,1.0000000000000002,7
95,4719,4719,363.0,../data/Results/uniform_euclidean/city20_range40_scramble.json,scramble,euclidean,uniform,20,40.0,0.03684210526315789,8.4593521917266,1.0000000000000004,7
200,6081,6081,366.0,../data/Results/uniform_euclidean/city20_range40_scramble.json,scramble,euclidean,uniform,20,40.0,0.03684210526315789,8.712924435120275,1.0,7
413,8847,8847,363.0,../data/Results/uniform_euclidean/city20_range40_scramble.json,scramble,euclidean,uniform,20,40.0,0.03684210526315789,9.087833697483498,1.0000000000000004,7
1,1798,1798,773.0,../data/Results/uniform_euclidean/city30_range60_scramble.json,scramble,euclidean,uniform,30,60.0,0.020689655172413793,7.494430215032121,0.9999999999999999,9
2,7529,7529,775.0,../data/Results/uniform_euclidean/city30_range60_scramble.json,scramble,euclidean,uniform,30,60.0,0.020689655172413793,8.926517509850255,0.9999999999999999,9
5,11431,11431,772.0,../data/Results/uniform_euclidean/city30_range60_scramble.json,scramble,euclidean,uniform,30,60.0,0.020689655172413793,9.344084242025867,1.0,9
22,16286,16286,772.0,../data/Results/uniform_euclidean/city30_range60_scramble.json,scramble,euclidean,uniform,30,60.0,0.020689655172413793,9.698061122027138,1.0,9
54,24669,24669,774.0,../data/Results/uniform_euclidean/city30_range60_scramble.json,scramble,euclidean,uniform,30,60.0,0.020689655172413793,10.113302673639046,1.0000000000000004,9
62,27912,27912,771.0,../data/Results/uniform_euclidean/city30_range60_scramble.json,scramble,euclidean,uniform,30,60.0,0.020689655172413793,10.236811982866646,1.0,9
64,30082,30082,773.0,../data/Results/uniform_euclidean/city30_range60_scramble.json,scramble,euclidean,uniform,30,60.0,0.020689655172413793,10.311682265215191,1.0,9
118,51012,51012,775.0,../data/Results/uniform_euclidean/city30_range60_scramble.json,scramble,euclidean,uniform,30,60.0,0.020689655172413793,10.83981617814681,0.9999999999999999,9
161,59836,59836,776.0,../data/Results/uniform_euclidean/city30_range60_scramble.json,scramble,euclidean,uniform,30,60.0,0.020689655172413793,10.999362765494368,0.9999999999999999,9
220,69253,69253,772.0,../data/Results/uniform_euclidean/city30_range60_scramble.json,scramble,euclidean,uniform,30,60.0,0.020689655172413793,11.145521744410898,1.0,9
359,196088,196088,775.0,../data/Results/uniform_euclidean/city30_range60_scramble.json,scramble,euclidean,uniform,30,60.0,0.020689655172413793,12.186318817043318,1.0,9
1,183,183,451.0,../data/Results/uniform_euclidean/city20_range50_swap.json,swap,euclidean,uniform,20,50.0,0.04736842105263158,5.209486152846885,1.0000000000000002,9
4,210,210,451.0,../data/Results/uniform_euclidean/city20_range50_swap.json,swap,euclidean,uniform,20,50.0,0.04736842105263158,5.347107530722231,1.0000000000000002,9
6,342,342,451.0,../data/Results/uniform_euclidean/city20_range50_swap.json,swap,euclidean,uniform,20,50.0,0.04736842105263158,5.834810737065529,1.0000000000000002,9
8,554,554,451.0,../data/Results/uniform_euclidean/city20_range50_swap.json,swap,euclidean,uniform,20,50.0,0.04736842105263158,6.317164686749089,1.0000000000000002,9
14,957,957,450.0,../data/Results/uniform_euclidean/city20_range50_swap.json,swap,euclidean,uniform,20,50.0,0.04736842105263158,6.863803391453999,1.0000000000000002,9
26,1052,1052,450.0,../data/Results/uniform_euclidean/city20_range50_swap.json,swap,euclidean,uniform,20,50.0,0.04736842105263158,6.958448393298606,1.0000000000000002,9
28,1140,1140,450.0,../data/Results/uniform_euclidean/city20_range50_swap.json,swap,euclidean,uniform,20,50.0,0.04736842105263158,7.038783541389418,1.0000000000000002,9
52,1170,1170,450.0,../data/Results/uniform_euclidean/city20_range50_swap.json,swap,euclidean,uniform,20,50.0,0.04736842105263158,7.064759027792657,1.0000000000000002,9
68,1656,1656,452.0,../data/Results/uniform_euclidean/city20_range50_swap.json,swap,euclidean,uniform,20,50.0,0.04736842105263158,7.412160334945809,1.0,9
73,1694,1694,452.0,../data/Results/uniform_euclidean/city20_range50_swap.json,swap,euclidean,uniform,20,50.0,0.04736842105263158,7.43484787521259,1.0,9
75,1695,1695,452.0,../data/Results/uniform_euclidean/city20_range50_swap.json,swap,euclidean,uniform,20,50.0,0.04736842105263158,7.43543801981514,1.0,9
81,1716,1716,452.0,../data/Results/uniform_euclidean/city20_range50_swap.json,swap,euclidean,uniform,20,50.0,0.04736842105263158,7.44775128004849,1.0,9
82,1980,1980,452.0,../data/Results/uniform_euclidean/city20_range50_swap.json,swap,euclidean,uniform,20,50.0,0.04736842105263158,7.590852123689086,1.0,9
84,1992,1992,452.0,../data/Results/uniform_euclidean/city20_range50_swap.json,swap,euclidean,uniform,20,50.0,0.04736842105263158,7.596894438145045,1.0,9
91,1993,1993,452.0,../data/Results/uniform_euclidean/city20_range50_swap.json,swap,euclidean,uniform,20,50.0,0.04736842105263158,7.597396320213297,1.0,9
93,1995,1995,452.0,../data/Results/uniform_euclidean/city20_range50_swap.json,swap,euclidean,uniform,20,50.0,0.04736842105263158,7.598399329324465,1.0,9
95,1996,1996,452.0,../data/Results/uniform_euclidean/city20_range50_swap.json,swap,euclidean,uniform,20,50.0,0.04736842105263158,7.5989004568719105,1.0,9
98,2356,2356,452.0,../data/Results/uniform_euclidean/city20_range50_swap.json,swap,euclidean,uniform,20,50.0,0.04736842105263158,7.764720544771902,1.0,9
100,2512,2512,452.0,../data/Results/uniform_euclidean/city20_range50_swap.json,swap,euclidean,uniform,20,50.0,0.04736842105263158,7.828834527588487,1.0,9
102,2581,2581,452.0,../data/Results/uniform_euclidean/city20_range50_swap.json,swap,euclidean,uniform,20,50.0,0.04736842105263158,7.8559321997190015,1.0,9
107,2582,2582,452.0,../data/Results/uniform_euclidean/city20_range50_swap.json,swap,euclidean,uniform,20,50.0,0.04736842105263158,7.856319571406975,1.0,9
122,2645,2645,452.0,../data/Results/uniform_euclidean/city20_range50_swap.json,swap,euclidean,uniform,20,50.0,0.04736842105263158,7.880426344292778,1.0,9
132,2678,2678,452.0,../data/Results/uniform_euclidean/city20_range50_swap.json,swap,euclidean,uniform,20,50.0,0.04736842105263158,7.8928255262514915,1.0,9
136,2687,2687,452.0,../data/Results/uniform_euclidean/city20_range50_swap.json,swap,euclidean,uniform,20,50.0,0.04736842105263158,7.896180608615864,1.0,9
137,2690,2690,452.0,../data/Results/uniform_euclidean/city20_range50_swap.json,swap,euclidean,uniform,20,50.0,0.04736842105263158,7.897296472596256,1.0,9
138,2701,2701,452.0,../data/Results/uniform_euclidean/city20_range50_swap.json,swap,euclidean,uniform,20,50.0,0.04736842105263158,7.901377353792986,1.0,9
142,2712,2712,452.0,../data/Results/uniform_euclidean/city20_range50_swap.json,swap,euclidean,uniform,20,50.0,0.04736842105263158,7.905441649060655,1.0,9
144,2727,2727,452.0,../data/Results/uniform_euclidean/city20_range50_swap.json,swap,euclidean,uniform,20,50.0,0.04736842105263158,7.910957382845956,1.0,9
151,2743,2743,452.0,../data/Results/uniform_euclidean/city20_range50_swap.json,swap,euclidean,uniform,20,50.0,0.04736842105263158,7.916807490937968,1.0,9
157,3393,3393,452.0,../data/Results/uniform_euclidean/city20_range50_swap.json,swap,euclidean,uniform,20,50.0,0.04736842105263158,8.129469764784524,1.0,9
158,3442,3442,452.0,../data/Results/uniform_euclidean/city20_range50_swap.json,swap,euclidean,uniform,20,50.0,0.04736842105263158,8.143807976771775,1.0,9
160,3689,3689,452.0,../data/Results/uniform_euclidean/city20_range50_swap.json,swap,euclidean,uniform,20,50.0,0.04736842105263158,8.213110697596946,1.0,9
161,3693,3693,452.0,../data/Results/uniform_euclidean/city20_range50_swap.json,swap,euclidean,uniform,20,50.0,0.04736842105263158,8.214194414852834,1.0,9
166,3698,3698,452.0,../data/Results/uniform_euclidean/city20_range50_swap.json,swap,euclidean,uniform,20,50.0,0.04736842105263158,8.215547411947341,1.0,9
173,4174,4174,453.0,../data/Results/uniform_euclidean/city20_range50_swap.json,swap,euclidean,uniform,20,50.0,0.04736842105263158,8.336630087637385,0.9999999999999998,9
176,4404,4404,453.0,../data/Results/uniform_euclidean/city20_range50_swap.json,swap,euclidean,uniform,20,50.0,0.04736842105263158,8.390268497842797,0.9999999999999998,9
185,4454,4454,453.0,../data/Results/uniform_euclidean/city20_range50_swap.json,swap,euclidean,uniform,20,50.0,0.04736842105263158,8.401557847817537,0.9999999999999998,9
195,5076,5076,453.0,../data/Results/uniform_euclidean/city20_range50_swap.json,swap,euclidean,uniform,20,50.0,0.04736842105263158,8.532278828834475,0.9999999999999998,9
233,5092,5092,453.0,../data/Results/uniform_euclidean/city20_range50_swap.json,swap,euclidean,uniform,20,50.0,0.04736842105263158,8.535425959677493,0.9999999999999998,9
234,5104,5104,453.0,../data/Results/uniform_euclidean/city20_range50_swap.json,swap,euclidean,uniform,20,50.0,0.04736842105263158,8.537779825024822,0.9999999999999998,9
236,7422,7422,453.0,../data/Results/uniform_euclidean/city20_range50_swap.json,swap,euclidean,uniform,20,50.0,0.04736842105263158,8.912203841620677,0.9999999999999998,9
238,7430,7430,453.0,../data/Results/uniform_euclidean/city20_range50_swap.json,swap,euclidean,uniform,20,50.0,0.04736842105263158,8.91328113771194,0.9999999999999998,9
240,7450,7450,453.0,../data/Results/uniform_euclidean/city20_range50_swap.json,swap,euclidean,uniform,20,50.0,0.04736842105263158,8.91596931137374,0.9999999999999998,9
249,7475,7475,453.0,../data/Results/uniform_euclidean/city20_range50_swap.json,swap,euclidean,uniform,20,50.0,0.04736842105263158,8.91931939825902,0.9999999999999998,9
257,8522,8522,453.0,../data/Results/uniform_euclidean/city20_range50_swap.json,swap,euclidean,uniform,20,50.0,0.04736842105263158,9.050406334059975,0.9999999999999998,9
258,8653,8653,453.0,../data/Results/uniform_euclidean/city20_range50_swap.json,swap,euclidean,uniform,20,50.0,0.04736842105263158,9.065661360606855,0.9999999999999998,9
264,8703,8703,453.0,../data/Results/uniform_euclidean/city20_range50_swap.json,swap,euclidean,uniform,20,50.0,0.04736842105263158,9.071423072789628,0.9999999999999998,9
268,8706,8706,453.0,../data/Results/uniform_euclidean/city20_range50_swap.json,swap,euclidean,uniform,20,50.0,0.04736842105263158,9.071767722112357,0.9999999999999998,9
273,9735,9735,453.0,../data/Results/uniform_euclidean/city20_range50_swap.json,swap,euclidean,uniform,20,50.0,0.04736842105263158,9.183482917806403,0.9999999999999998,9
277,9769,9769,453.0,../data/Results/uniform_euclidean/city20_range50_swap.json,swap,euclidean,uniform,20,50.0,0.04736842105263158,9.186969385653045,0.9999999999999998,9
281,9921,9921,453.0,../data/Results/uniform_euclidean/city20_range50_swap.json,swap,euclidean,uniform,20,50.0,0.04736842105263158,9.202409001650004,0.9999999999999998,9
282,9922,9922,453.0,../data/Results/uniform_euclidean/city20_range50_swap.json,swap,euclidean,uniform,20,50.0,0.04736842105263158,9.202509792861095,0.9999999999999998,9
293,9923,9923,453.0,../data/Results/uniform_euclidean/city20_range50_swap.json,swap,euclidean,uniform,20,50.0,0.04736842105263158,9.202610573914342,0.9999999999999998,9
295,9926,9926,453.0,../data/Results/uniform_euclidean/city20_range50_swap.json,swap,euclidean,uniform,20,50.0,0.04736842105263158,9.202912856147487,0.9999999999999998,9
308,10000,10000,453.0,../data/Results/uniform_euclidean/city20_range50_swap.json,swap,euclidean,uniform,20,50.0,0.04736842105263158,9.210340371976283,0.9999999999999998,9
312,10002,10002,453.0,../data/Results/uniform_euclidean/city20_range50_swap.json,swap,euclidean,uniform,20,50.0,0.04736842105263158,9.210540351978949,0.9999999999999998,9
315,10014,10014,453.0,../data/Results/uniform_euclidean/city20_range50_swap.json,swap,euclidean,uniform,20,50.0,0.04736842105263158,9.21173939288999,0.9999999999999998,9
318,10202,10202,453.0,../data/Results/uniform_euclidean/city20_range50_swap.json,swap,euclidean,uniform,20,50.0,0.04736842105263158,9.23033905848297,0.9999999999999998,9
325,13823,13823,453.0,../data/Results/uniform_euclidean/city20_range50_swap.json,swap,euclidean,uniform,20,50.0,0.04736842105263158,9.53408915046443,0.9999999999999998,9
326,13827,13827,453.0,../data/Results/uniform_euclidean/city20_range50_swap.json,swap,euclidean,uniform,20,50.0,0.04736842105263158,9.534378481388691,0.9999999999999998,9
327,13877,13877,453.0,../data/Results/uniform_euclidean/city20_range50_swap.json,swap,euclidean,uniform,20,50.0,0.04736842105263158,9.537988072371082,0.9999999999999998,9
328,13880,13880,453.0,../data/Results/uniform_euclidean/city20_range50_swap.json,swap,euclidean,uniform,20,50.0,0.04736842105263158,9.538204234060867,0.9999999999999998,9
331,13882,13882,453.0,../data/Results/uniform_euclidean/city20_range50_swap.json,swap,euclidean,uniform,20,50.0,0.04736842105263158,9.5383483158996,0.9999999999999998,9
333,13885,13885,453.0,../data/Results/uniform_euclidean/city20_range50_swap.json,swap,euclidean,uniform,20,50.0,0.04736842105263158,9.538564399740972,0.9999999999999998,9
336,13899,13899,453.0,../data/Results/uniform_euclidean/city20_range50_swap.json,swap,euclidean,uniform,20,50.0,0.04736842105263158,9.53957217408483,0.9999999999999998,9
340,15860,15860,453.0,../data/Results/uniform_euclidean/city20_range50_swap.json,swap,euclidean,uniform,20,50.0,0.04736842105263158,9.671555495188903,0.9999999999999998,9
343,15866,15866,453.0,../data/Results/uniform_euclidean/city20_range50_swap.json,swap,euclidean,uniform,20,50.0,0.04736842105263158,9.671933733862012,0.9999999999999998,9
346,15999,15999,453.0,../data/Results/uniform_euclidean/city20_range50_swap.json,swap,euclidean,uniform,20,50.0,0.04736842105263158,9.680281499268775,0.9999999999999998,9
347,23168,23168,454.0,../data/Results/uniform_euclidean/city20_range50_swap.json,swap,euclidean,uniform,20,50.0,0.04736842105263158,10.050527295185486,0.9999999999999998,9
349,27908,27908,454.0,../data/Results/uniform_euclidean/city20_range50_swap.json,swap,euclidean,uniform,20,50.0,0.04736842105263158,10.236668665059163,0.9999999999999998,9
351,27974,27974,454.0,../data/Results/uniform_euclidean/city20_range50_swap.json,swap,euclidean,uniform,20,50.0,0.04736842105263158,10.239030786339285,0.9999999999999998,9
356,29931,29931,454.0,../data/Results/uniform_euclidean/city20_range50_swap.json,swap,euclidean,uniform,20,50.0,0.04736842105263158,10.30665001158165,0.9999999999999998,9
359,30657,30657,454.0,../data/Results/uniform_euclidean/city20_range50_swap.json,swap,euclidean,uniform,20,50.0,0.04736842105263158,10.33061630028035,0.9999999999999998,9
365,38225,38225,454.0,../data/Results/uniform_euclidean/city20_range50_swap.json,swap,euclidean,uniform,20,50.0,0.04736842105263158,10.55124503079729,0.9999999999999998,9
366,38664,38664,454.0,../data/Results/uniform_euclidean/city20_range50_swap.json,swap,euclidean,uniform,20,50.0,0.04736842105263158,10.562664213524945,0.9999999999999998,9
370,38671,38671,454.0,../data/Results/uniform_euclidean/city20_range50_swap.json,swap,euclidean,uniform,20,50.0,0.04736842105263158,10.562845244106677,0.9999999999999998,9
380,38674,38674,454.0,../data/Results/uniform_euclidean/city20_range50_swap.json,swap,euclidean,uniform,20,50.0,0.04736842105263158,10.562922818610563,0.9999999999999998,9
386,38675,38675,454.0,../data/Results/uniform_euclidean/city20_range50_swap.json,swap,euclidean,uniform,20,50.0,0.04736842105263158,10.562948675441293,0.9999999999999998,9
388,38713,38713,454.0,../data/Results/uniform_euclidean/city20_range50_swap.json,swap,euclidean,uniform,20,50.0,0.04736842105263158,10.563930739922972,0.9999999999999998,9
391,38716,38716,454.0,../data/Results/uniform_euclidean/city20_range50_swap.json,swap,euclidean,uniform,20,50.0,0.04736842105263158,10.564008230269005,0.9999999999999998,9
394,38907,38907,454.0,../data/Results/uniform_euclidean/city20_range50_swap.json,swap,euclidean,uniform,20,50.0,0.04736842105263158,10.568929462003878,0.9999999999999998,9
410,38908,38908,454.0,../data/Results/uniform_euclidean/city20_range50_swap.json,swap,euclidean,uniform,20,50.0,0.04736842105263158,10.568955163989356,0.9999999999999998,9
412,38981,38981,454.0,../data/Results/uniform_euclidean/city20_range50_swap.json,swap,euclidean,uniform,20,50.0,0.04736842105263158,10.570829626914145,0.9999999999999998,9
415,38994,38994,454.0,../data/Results/uniform_euclidean/city20_range50_swap.json,swap,euclidean,uniform,20,50.0,0.04736842105263158,10.571163067122429,0.9999999999999998,9
420,39573,39573,454.0,../data/Results/uniform_euclidean/city20_range50_swap.json,swap,euclidean,uniform,20,50.0,0.04736842105263158,10.585902346517054,0.9999999999999998,9
430,39632,39632,454.0,../data/Results/uniform_euclidean/city20_range50_swap.json,swap,euclidean,uniform,20,50.0,0.04736842105263158,10.587392151729166,0.9999999999999998,9
431,39633,39633,454.0,../data/Results/uniform_euclidean/city20_range50_swap.json,swap,euclidean,uniform,20,50.0,0.04736842105263158,10.587417383546489,0.9999999999999998,9
433,39878,39878,454.0,../data/Results/uniform_euclidean/city20_range50_swap.json,swap,euclidean,uniform,20,50.0,0.04736842105263158,10.59358007236687,0.9999999999999998,9
442,40137,40137,454.0,../data/Results/uniform_euclidean/city20_range50_swap.json,swap,euclidean,uniform,20,50.0,0.04736842105263158,10.600053881141754,0.9999999999999998,9
445,40258,40258,454.0,../data/Results/uniform_euclidean/city20_range50_swap.json,swap,euclidean,uniform,20,50.0,0.04736842105263158,10.603064020861002,0.9999999999999998,9
446,40262,40262,454.0,../data/Results/uniform_euclidean/city20_range50_swap.json,swap,euclidean,uniform,20,50.0,0.04736842105263158,10.603163375058799,0.9999999999999998,9
458,41984,41984,454.0,../data/Results/uniform_euclidean/city20_range50_swap.json,swap,euclidean,uniform,20,50.0,0.04736842105263158,10.645043872303784,0.9999999999999998,9
464,41985,41985,454.0,../data/Results/uniform_euclidean/city20_range50_swap.json,swap,euclidean,uniform,20,50.0,0.04736842105263158,10.645067690617687,0.9999999999999998,9
494,42028,42028,454.0,../data/Results/uniform_euclidean/city20_range50_swap.json,swap,euclidean,uniform,20,50.0,0.04736842105263158,10.64609134180869,0.9999999999999998,9
503,42039,42039,454.0,../data/Results/uniform_euclidean/city20_range50_swap.json,swap,euclidean,uniform,20,50.0,0.04736842105263158,10.64635303783835,0.9999999999999998,9
504,42042,42042,454.0,../data/Results/uniform_euclidean/city20_range50_swap.json,swap,euclidean,uniform,20,50.0,0.04736842105263158,10.646424397598613,0.9999999999999998,9
519,42055,42055,454.0,../data/Results/uniform_euclidean/city20_range50_swap.json,swap,euclidean,uniform,20,50.0,0.04736842105263158,10.64673356439656,0.9999999999999998,9
521,43280,43280,454.0,../data/Results/uniform_euclidean/city20_range50_swap.json,swap,euclidean,uniform,20,50.0,0.04736842105263158,10.675445913520386,0.9999999999999998,9
529,43283,43283,454.0,../data/Results/uniform_euclidean/city20_range50_swap.json,swap,euclidean,uniform,20,50.0,0.04736842105263158,10.675515227199469,0.9999999999999998,9
534,43311,43311,454.0,../data/Results/uniform_euclidean/city20_range50_swap.json,swap,euclidean,uniform,20,50.0,0.04736842105263158,10.676161923297947,0.9999999999999998,9
544,48556,48556,454.0,../data/Results/uniform_euclidean/city20_range50_swap.json,swap,euclidean,uniform,20,50.0,0.04736842105263158,10.790473050017715,0.9999999999999998,9
549,48677,48677,454.0,../data/Results/uniform_euclidean/city20_range50_swap.json,swap,euclidean,uniform,20,50.0,0.04736842105263158,10.792961918250946,0.9999999999999998,9
557,48687,48687,454.0,../data/Results/uniform_euclidean/city20_range50_swap.json,swap,euclidean,uniform,20,50.0,0.04736842105263158,10.793167332984012,0.9999999999999998,9
563,49477,49477,454.0,../data/Results/uniform_euclidean/city20_range50_swap.json,swap,euclidean,uniform,20,50.0,0.04736842105263158,10.809263194110537,0.9999999999999998,9
586,53183,53183,454.0,../data/Results/uniform_euclidean/city20_range50_swap.json,swap,euclidean,uniform,20,50.0,0.04736842105263158,10.881494075390954,0.9999999999999998,9
591,57082,57082,454.0,../data/Results/uniform_euclidean/city20_range50_swap.json,swap,euclidean,uniform,20,50.0,0.04736842105263158,10.952244109519352,0.9999999999999998,9
597,57102,57102,454.0,../data/Results/uniform_euclidean/city20_range50_swap.json,swap,euclidean,uniform,20,50.0,0.04736842105263158,10.952594421300416,0.9999999999999998,9
609,57220,57220,454.0,../data/Results/uniform_euclidean/city20_range50_swap.json,swap,euclidean,uniform,20,50.0,0.04736842105263158,10.954658766604119,0.9999999999999998,9
646,58949,58949,454.0,../data/Results/uniform_euclidean/city20_range50_swap.json,swap,euclidean,uniform,20,50.0,0.04736842105263158,10.984427942293237,0.9999999999999998,9
649,58950,58950,454.0,../data/Results/uniform_euclidean/city20_range50_swap.json,swap,euclidean,uniform,20,50.0,0.04736842105263158,10.984444905965534,0.9999999999999998,9
653,58958,58958,454.0,../data/Results/uniform_euclidean/city20_range50_swap.json,swap,euclidean,uniform,20,50.0,0.04736842105263158,10.984580604985316,0.9999999999999998,9
672,66451,66451,454.0,../data/Results/uniform_euclidean/city20_range50_swap.json,swap,euclidean,uniform,20,50.0,0.04736842105263158,11.104220112937126,0.9999999999999998,9
676,66458,66458,454.0,../data/Results/uniform_euclidean/city20_range50_swap.json,swap,euclidean,uniform,20,50.0,0.04736842105263158,11.104325448166591,0.9999999999999998,9
680,67700,67700,454.0,../data/Results/uniform_euclidean/city20_range50_swap.json,swap,euclidean,uniform,20,50.0,0.04736842105263158,11.122841458900382,0.9999999999999998,9
685,70438,70438,454.0,../data/Results/uniform_euclidean/city20_range50_swap.json,swap,euclidean,uniform,20,50.0,0.04736842105263158,11.162488169248522,0.9999999999999998,9
696,70493,70493,454.0,../data/Results/uniform_euclidean/city20_range50_swap.json,swap,euclidean,uniform,20,50.0,0.04736842105263158,11.163268693090577,0.9999999999999998,9
716,70497,70497,454.0,../data/Results/uniform_euclidean/city20_range50_swap.json,swap,euclidean,uniform,20,50.0,0.04736842105263158,11.163325434703472,0.9999999999999998,9
732,72739,72739,454.0,../data/Results/uniform_euclidean/city20_range50_swap.json,swap,euclidean,uniform,20,50.0,0.04736842105263158,11.194632970852323,0.9999999999999998,9
735,72788,72788,454.0,../data/Results/uniform_euclidean/city20_range50_swap.json,swap,euclidean,uniform,20,50.0,0.04736842105263158,11.195306385433147,0.9999999999999998,9
746,73763,73763,454.0,../data/Results/uniform_euclidean/city20_range50_swap.json,swap,euclidean,uniform,20,50.0,0.04736842105263158,11.20861252985458,0.9999999999999998,9
748,73970,73970,454.0,../data/Results/uniform_euclidean/city20_range50_swap.json,swap,euclidean,uniform,20,50.0,0.04736842105263158,11.211414884581927,0.9999999999999998,9
766,74207,74207,454.0,../data/Results/uniform_euclidean/city20_range50_swap.json,swap,euclidean,uniform,20,50.0,0.04736842105263158,11.214613764328424,0.9999999999999998,9
780,75075,75075,454.0,../data/Results/uniform_euclidean/city20_range50_swap.json,swap,euclidean,uniform,20,50.0,0.04736842105263158,11.226242892851545,0.9999999999999998,9
783,75100,75100,454.0,../data/Results/uniform_euclidean/city20_range50_swap.json,swap,euclidean,uniform,20,50.0,0.04736842105263158,11.22657583775224,0.9999999999999998,9
793,76084,76084,454.0,../data/Results/uniform_euclidean/city20_range50_swap.json,swap,euclidean,uniform,20,50.0,0.04736842105263158,11.239593272072744,0.9999999999999998,9
803,79035,79035,454.0,../data/Results/uniform_euclidean/city20_range50_swap.json,swap,euclidean,uniform,20,50.0,0.04736842105263158,11.277646071311509,0.9999999999999998,9
820,92911,92911,454.0,../data/Results/uniform_euclidean/city20_range50_swap.json,swap,euclidean,uniform,20,50.0,0.04736842105263158,11.439397324681526,0.9999999999999998,9
830,111707,111707,454.0,../data/Results/uniform_euclidean/city20_range50_swap.json,swap,euclidean,uniform,20,50.0,0.04736842105263158,11.623634650954093,0.9999999999999998,9
831,129297,129297,454.0,../data/Results/uniform_euclidean/city20_range50_swap.json,swap,euclidean,uniform,20,50.0,0.04736842105263158,11.76986736263464,0.9999999999999998,9
836,173987,173987,454.0,../data/Results/uniform_euclidean/city20_range50_swap.json,swap,euclidean,uniform,20,50.0,0.04736842105263158,12.066735862761865,0.9999999999999998,9
841,174206,174206,454.0,../data/Results/uniform_euclidean/city20_range50_swap.json,swap,euclidean,uniform,20,50.0,0.04736842105263158,12.067993785976164,0.9999999999999998,9
842,200751,200751,454.0,../data/Results/uniform_euclidean/city20_range50_swap.json,swap,euclidean,uniform,20,50.0,0.04736842105263158,12.209820613116657,0.9999999999999998,9
861,200920,200920,454.0,../data/Results/uniform_euclidean/city20_range50_swap.json,swap,euclidean,uniform,20,50.0,0.04736842105263158,12.210662097863986,0.9999999999999998,9
879,201351,201351,454.0,../data/Results/uniform_euclidean/city20_range50_swap.json,swap,euclidean,uniform,20,50.0,0.04736842105263158,12.212804932743557,0.9999999999999998,9
891,201549,201549,454.0,../data/Results/uniform_euclidean/city20_range50_swap.json,swap,euclidean,uniform,20,50.0,0.04736842105263158,12.213787806985005,0.9999999999999998,9
907,201634,201634,454.0,../data/Results/uniform_euclidean/city20_range50_swap.json,swap,euclidean,uniform,20,50.0,0.04736842105263158,12.21420945175306,0.9999999999999998,9
909,205667,205667,454.0,../data/Results/uniform_euclidean/city20_range50_swap.json,swap,euclidean,uniform,20,50.0,0.04736842105263158,12.234013634963649,0.9999999999999998,9
910,205743,205743,454.0,../data/Results/uniform_euclidean/city20_range50_swap.json,swap,euclidean,uniform,20,50.0,0.04736842105263158,12.234383096089362,0.9999999999999998,9
913,217542,217542,454.0,../data/Results/uniform_euclidean/city20_range50_swap.json,swap,euclidean,uniform,20,50.0,0.04736842105263158,12.290147214317086,0.9999999999999998,9
915,218154,218154,454.0,../data/Results/uniform_euclidean/city20_range50_swap.json,swap,euclidean,uniform,20,50.0,0.04736842105263158,12.292956514390992,0.9999999999999998,9
925,222984,222984,454.0,../data/Results/uniform_euclidean/city20_range50_swap.json,swap,euclidean,uniform,20,50.0,0.04736842105263158,12.314855298989263,0.9999999999999998,9
929,224505,224505,454.0,../data/Results/uniform_euclidean/city20_range50_swap.json,swap,euclidean,uniform,20,50.0,0.04736842105263158,12.321653257631361,0.9999999999999998,9
934,224581,224581,454.0,../data/Results/uniform_euclidean/city20_range50_swap.json,swap,euclidean,uniform,20,50.0,0.04736842105263158,12.321991722872877,0.9999999999999998,9
935,224864,224864,454.0,../data/Results/uniform_euclidean/city20_range50_swap.json,swap,euclidean,uniform,20,50.0,0.04736842105263158,12.323251053991928,0.9999999999999998,9
947,226017,226017,454.0,../data/Results/uniform_euclidean/city20_range50_swap.json,swap,euclidean,uniform,20,50.0,0.04736842105263158,12.32836549666439,0.9999999999999998,9
953,226144,226144,454.0,../data/Results/uniform_euclidean/city20_range50_swap.json,swap,euclidean,uniform,20,50.0,0.04736842105263158,12.328927243490586,0.9999999999999998,9
959,227687,227687,454.0,../data/Results/uniform_euclidean/city20_range50_swap.json,swap,euclidean,uniform,20,50.0,0.04736842105263158,12.3357271577562,0.9999999999999998,9
960,242758,242758,454.0,../data/Results/uniform_euclidean/city20_range50_swap.json,swap,euclidean,uniform,20,50.0,0.04736842105263158,12.399820341326304,0.9999999999999998,9
961,255138,255138,454.0,../data/Results/uniform_euclidean/city20_range50_swap.json,swap,euclidean,uniform,20,50.0,0.04736842105263158,12.44955985422798,0.9999999999999998,9
975,280968,280968,454.0,../data/Results/uniform_euclidean/city20_range50_swap.json,swap,euclidean,uniform,20,50.0,0.04736842105263158,12.545996062827621,0.9999999999999998,9
980,281271,281271,454.0,../data/Results/uniform_euclidean/city20_range50_swap.json,swap,euclidean,uniform,20,50.0,0.04736842105263158,12.54707389638002,0.9999999999999998,9
999,285311,285311,454.0,../data/Results/uniform_euclidean/city20_range50_swap.json,swap,euclidean,uniform,20,50.0,0.04736842105263158,12.561335092364398,0.9999999999999998,9
1,8084,8084,989.0,../data/Results/uniform_euclidean/city30_range85_wouter.json,inplace,euclidean,uniform,30,85.0,0.029885057471264367,8.997642078523635,0.9999999999999999,13
4,10340,10340,980.0,../data/Results/uniform_euclidean/city30_range85_wouter.json,inplace,euclidean,uniform,30,85.0,0.03218390804597701,9.243775148062516,1.0,14
8,11764,11764,980.0,../data/Results/uniform_euclidean/city30_range85_wouter.json,inplace,euclidean,uniform,30,85.0,0.034482758620689655,9.372799299673972,1.0,15
10,20448,20448,974.0,../data/Results/uniform_euclidean/city30_range85_wouter.json,inplace,euclidean,uniform,30,85.0,0.0367816091954023,9.92564035717731,0.9999999999999999,16
23,23989,23989,962.0,../data/Results/uniform_euclidean/city30_range85_wouter.json,inplace,euclidean,uniform,30,85.0,0.03908045977011494,10.085350670929964,1.0,17
28,24119,24119,962.0,../data/Results/uniform_euclidean/city30_range85_wouter.json,inplace,euclidean,uniform,30,85.0,0.041379310344827586,10.090755190611882,1.0,18
29,27595,27595,948.0,../data/Results/uniform_euclidean/city30_range85_wouter.json,inplace,euclidean,uniform,30,85.0,0.04367816091954023,10.225389875873638,1.0000000000000002,19
30,27789,27789,948.0,../data/Results/uniform_euclidean/city30_range85_wouter.json,inplace,euclidean,uniform,30,85.0,0.04597701149425287,10.232395537922173,1.0000000000000002,20
32,28138,28138,947.0,../data/Results/uniform_euclidean/city30_range85_wouter.json,inplace,euclidean,uniform,30,85.0,0.04597701149425287,10.244876254937195,0.9999999999999997,20
37,38468,38468,948.0,../data/Results/uniform_euclidean/city30_range85_wouter.json,inplace,euclidean,uniform,30,85.0,0.04827586206896552,10.557582005832398,0.9999999999999997,21
38,41989,41989,948.0,../data/Results/uniform_euclidean/city30_range85_wouter.json,inplace,euclidean,uniform,30,85.0,0.04827586206896552,10.645162958200583,0.9999999999999997,21
43,43946,43946,948.0,../data/Results/uniform_euclidean/city30_range85_wouter.json,inplace,euclidean,uniform,30,85.0,0.04827586206896552,10.690716886457235,0.9999999999999997,21
55,43947,43947,948.0,../data/Results/uniform_euclidean/city30_range85_wouter.json,inplace,euclidean,uniform,30,85.0,0.05057471264367816,10.690739641397903,0.9999999999999997,22
59,59393,59393,946.0,../data/Results/uniform_euclidean/city30_range85_wouter.json,inplace,euclidean,uniform,30,85.0,0.05057471264367816,10.991931653288626,0.9999999999999998,22
65,64281,64281,947.0,../data/Results/uniform_euclidean/city30_range85_wouter.json,inplace,euclidean,uniform,30,85.0,0.052873563218390804,11.07101937666885,1.0000000000000002,23
68,65491,65491,947.0,../data/Results/uniform_euclidean/city30_range85_wouter.json,inplace,euclidean,uniform,30,85.0,0.052873563218390804,11.08966800760233,1.0000000000000002,23
69,65500,65500,947.0,../data/Results/uniform_euclidean/city30_range85_wouter.json,inplace,euclidean,uniform,30,85.0,0.05517241379310345,11.089805421623359,1.0000000000000002,24
77,65501,65501,947.0,../data/Results/uniform_euclidean/city30_range85_wouter.json,inplace,euclidean,uniform,30,85.0,0.05747126436781609,11.089820688682389,1.0000000000000002,25
78,65503,65503,947.0,../data/Results/uniform_euclidean/city30_range85_wouter.json,inplace,euclidean,uniform,30,85.0,0.05747126436781609,11.089851222101219,1.0000000000000002,25
84,65504,65504,947.0,../data/Results/uniform_euclidean/city30_range85_wouter.json,inplace,euclidean,uniform,30,85.0,0.059770114942528735,11.08986648846103,1.0000000000000002,26
86,107867,107867,947.0,../data/Results/uniform_euclidean/city30_range85_wouter.json,inplace,euclidean,uniform,30,85.0,0.059770114942528735,11.588654265728456,0.9999999999999998,26
88,111912,111912,947.0,../data/Results/uniform_euclidean/city30_range85_wouter.json,inplace,euclidean,uniform,30,85.0,0.059770114942528735,11.625468127156276,0.9999999999999998,26
111,119205,119205,939.0,../data/Results/uniform_euclidean/city30_range85_wouter.json,inplace,euclidean,uniform,30,85.0,0.059770114942528735,11.688599979042397,0.9999999999999998,26
112,128463,128463,939.0,../data/Results/uniform_euclidean/city30_range85_wouter.json,inplace,euclidean,uniform,30,85.0,0.06206896551724138,11.763396204112198,0.9999999999999998,27
124,142084,142084,939.0,../data/Results/uniform_euclidean/city30_range85_wouter.json,inplace,euclidean,uniform,30,85.0,0.06206896551724138,11.864173710982865,0.9999999999999998,27
126,208124,208124,940.0,../data/Results/uniform_euclidean/city30_range85_wouter.json,inplace,euclidean,uniform,30,85.0,0.06206896551724138,12.245889334900502,0.9999999999999998,27
138,295448,295448,941.0,../data/Results/uniform_euclidean/city30_range85_wouter.json,inplace,euclidean,uniform,30,85.0,0.06436781609195402,12.596248127415999,0.9999999999999998,28
145,295449,295449,941.0,../data/Results/uniform_euclidean/city30_range85_wouter.json,inplace,euclidean,uniform,30,85.0,0.06666666666666667,12.59625151210064,0.9999999999999998,29
147,295455,295455,941.0,../data/Results/uniform_euclidean/city30_range85_wouter.json,inplace,euclidean,uniform,30,85.0,0.06896551724137931,12.596271819967908,0.9999999999999998,30
148,310738,310738,941.0,../data/Results/uniform_euclidean/city30_range85_wouter.json,inplace,euclidean,uniform,30,85.0,0.06896551724137931,12.646705392376328,0.9999999999999998,30
150,313515,313515,941.0,../data/Results/uniform_euclidean/city30_range85_wouter.json,inplace,euclidean,uniform,30,85.0,0.07126436781609195,12.655602484800442,0.9999999999999998,31
152,324354,324354,941.0,../data/Results/uniform_euclidean/city30_range85_wouter.json,inplace,euclidean,uniform,30,85.0,0.07126436781609195,12.689590790922184,0.9999999999999998,31
161,533870,533870,941.0,../data/Results/uniform_euclidean/city30_range85_wouter.json,inplace,euclidean,uniform,30,85.0,0.07126436781609195,13.187907642611737,0.9999999999999998,31
172,534134,534134,941.0,../data/Results/uniform_euclidean/city30_range85_wouter.json,inplace,euclidean,uniform,30,85.0,0.0735632183908046,13.188402022792667,0.9999999999999998,32
183,534208,534208,941.0,../data/Results/uniform_euclidean/city30_range85_wouter.json,inplace,euclidean,uniform,30,85.0,0.0735632183908046,13.18854055521041,0.9999999999999998,32
188,534213,534213,941.0,../data/Results/uniform_euclidean/city30_range85_wouter.json,inplace,euclidean,uniform,30,85.0,0.07586206896551724,13.188549914816782,0.9999999999999998,33
189,558930,558930,949.0,../data/Results/uniform_euclidean/city30_range85_wouter.json,inplace,euclidean,uniform,30,85.0,0.07816091954022988,13.23377952068251,1.0000000000000002,34
190,570570,570570,949.0,../data/Results/uniform_euclidean/city30_range85_wouter.json,inplace,euclidean,uniform,30,85.0,0.07816091954022988,13.254391140143818,1.0000000000000002,34
209,854995,854995,950.0,../data/Results/uniform_euclidean/city30_range85_wouter.json,inplace,euclidean,uniform,30,85.0,0.07816091954022988,13.658850899948582,1.0000000000000002,34
222,903907,903907,950.0,../data/Results/uniform_euclidean/city30_range85_wouter.json,inplace,euclidean,uniform,30,85.0,0.07816091954022988,13.71448175797601,1.0000000000000002,34
223,903912,903912,950.0,../data/Results/uniform_euclidean/city30_range85_wouter.json,inplace,euclidean,uniform,30,85.0,0.07816091954022988,13.714487289503227,1.0000000000000002,34
226,937770,937770,950.0,../data/Results/uniform_euclidean/city30_range85_wouter.json,inplace,euclidean,uniform,30,85.0,0.08045977011494253,13.751259995362664,1.0000000000000002,35
1,55735,55735,1113.0,../data/Results/uniform_euclidean/city30_range90_swap.json,swap,euclidean,uniform,30,90.0,0.03218390804597701,10.928363594823741,1.0,14
5,106978,106978,1114.0,../data/Results/uniform_euclidean/city30_range90_swap.json,swap,euclidean,uniform,30,90.0,0.03218390804597701,11.580378484827301,1.0,14
6,107190,107190,1114.0,../data/Results/uniform_euclidean/city30_range90_swap.json,swap,euclidean,uniform,30,90.0,0.03218390804597701,11.582358239685574,1.0,14
7,107351,107351,1114.0,../data/Results/uniform_euclidean/city30_range90_swap.json,swap,euclidean,uniform,30,90.0,0.03218390804597701,11.583859118587256,1.0,14
9,107546,107546,1114.0,../data/Results/uniform_euclidean/city30_range90_swap.json,swap,euclidean,uniform,30,90.0,0.03218390804597701,11.585673942000527,1.0,14
10,107606,107606,1114.0,../data/Results/uniform_euclidean/city30_range90_swap.json,swap,euclidean,uniform,30,90.0,0.03218390804597701,11.586231687236968,1.0,14
11,109118,109118,1114.0,../data/Results/uniform_euclidean/city30_range90_swap.json,swap,euclidean,uniform,30,90.0,0.03218390804597701,11.600185144463582,1.0,14
12,114486,114486,1114.0,../data/Results/uniform_euclidean/city30_range90_swap.json,swap,euclidean,uniform,30,90.0,0.03218390804597701,11.648207823758405,1.0,14
16,114489,114489,1114.0,../data/Results/uniform_euclidean/city30_range90_swap.json,swap,euclidean,uniform,30,90.0,0.03218390804597701,11.648234027492439,1.0,14
24,114578,114578,1114.0,../data/Results/uniform_euclidean/city30_range90_swap.json,swap,euclidean,uniform,30,90.0,0.03218390804597701,11.649011092756998,1.0,14
27,114805,114805,1114.0,../data/Results/uniform_euclidean/city30_range90_swap.json,swap,euclidean,uniform,30,90.0,0.03218390804597701,11.650990315926132,1.0,14
31,114808,114808,1114.0,../data/Results/uniform_euclidean/city30_range90_swap.json,swap,euclidean,uniform,30,90.0,0.03218390804597701,11.651016446850777,1.0,14
32,114809,114809,1114.0,../data/Results/uniform_euclidean/city30_range90_swap.json,swap,euclidean,uniform,30,90.0,0.03218390804597701,11.651025157007254,1.0,14
33,114927,114927,1114.0,../data/Results/uniform_euclidean/city30_range90_swap.json,swap,euclidean,uniform,30,90.0,0.03218390804597701,11.652052423176917,1.0,14
37,117161,117161,1114.0,../data/Results/uniform_euclidean/city30_range90_swap.json,swap,euclidean,uniform,30,90.0,0.03218390804597701,11.671304336241544,1.0,14
39,118103,118103,1114.0,../data/Results/uniform_euclidean/city30_range90_swap.json,swap,euclidean,uniform,30,90.0,0.03218390804597701,11.679312404064357,1.0,14
42,119821,119821,1114.0,../data/Results/uniform_euclidean/city30_range90_swap.json,swap,euclidean,uniform,30,90.0,0.03218390804597701,11.69375424145521,1.0,14
47,131514,131514,1114.0,../data/Results/uniform_euclidean/city30_range90_swap.json,swap,euclidean,uniform,30,90.0,0.03218390804597701,11.786868588811414,1.0,14
48,137545,137545,1114.0,../data/Results/uniform_euclidean/city30_range90_swap.json,swap,euclidean,uniform,30,90.0,0.03218390804597701,11.831706415274006,1.0,14
55,138091,138091,1114.0,../data/Results/uniform_euclidean/city30_range90_swap.json,swap,euclidean,uniform,30,90.0,0.03218390804597701,11.835668167107178,1.0,14
63,138175,138175,1114.0,../data/Results/uniform_euclidean/city30_range90_swap.json,swap,euclidean,uniform,30,90.0,0.03218390804597701,11.83627627670147,1.0,14
68,159248,159248,1114.0,../data/Results/uniform_euclidean/city30_range90_swap.json,swap,euclidean,uniform,30,90.0,0.03218390804597701,11.97821801448585,1.0,14
72,159522,159522,1114.0,../data/Results/uniform_euclidean/city30_range90_swap.json,swap,euclidean,uniform,30,90.0,0.03218390804597701,11.979937122729915,1.0,14
75,161101,161101,1114.0,../data/Results/uniform_euclidean/city30_range90_swap.json,swap,euclidean,uniform,30,90.0,0.03218390804597701,11.98978677647045,1.0,14
76,161318,161318,1114.0,../data/Results/uniform_euclidean/city30_range90_swap.json,swap,euclidean,uniform,30,90.0,0.03218390804597701,11.991132851191638,1.0,14
84,161328,161328,1114.0,../data/Results/uniform_euclidean/city30_range90_swap.json,swap,euclidean,uniform,30,90.0,0.03218390804597701,11.991194838633003,1.0,14
85,163883,163883,1114.0,../data/Results/uniform_euclidean/city30_range90_swap.json,swap,euclidean,uniform,30,90.0,0.03218390804597701,12.006908037570877,1.0,14
88,164490,164490,1114.0,../data/Results/uniform_euclidean/city30_range90_swap.json,swap,euclidean,uniform,30,90.0,0.03218390804597701,12.01060505706621,1.0,14
89,168969,168969,1114.0,../data/Results/uniform_euclidean/city30_range90_swap.json,swap,euclidean,uniform,30,90.0,0.03218390804597701,12.037470545126855,1.0,14
90,169410,169410,1114.0,../data/Results/uniform_euclidean/city30_range90_swap.json,swap,euclidean,uniform,30,90.0,0.03218390804597701,12.040077091334998,1.0,14
91,169412,169412,1114.0,../data/Results/uniform_euclidean/city30_range90_swap.json,swap,euclidean,uniform,30,90.0,0.03218390804597701,12.040088896943843,1.0,14
98,171220,171220,1114.0,../data/Results/uniform_euclidean/city30_range90_swap.json,swap,euclidean,uniform,30,90.0,0.03218390804597701,12.050704558296482,1.0,14
104,171444,171444,1114.0,../data/Results/uniform_euclidean/city30_range90_swap.json,swap,euclidean,uniform,30,90.0,0.03218390804597701,12.052011961653164,1.0,14
105,171445,171445,1114.0,../data/Results/uniform_euclidean/city30_range90_swap.json,swap,euclidean,uniform,30,90.0,0.03218390804597701,12.052017794444534,1.0,14
106,173717,173717,1114.0,../data/Results/uniform_euclidean/city30_range90_swap.json,swap,euclidean,uniform,30,90.0,0.03218390804597701,12.065182817330873,1.0,14
111,174164,174164,1114.0,../data/Results/uniform_euclidean/city30_range90_swap.json,swap,euclidean,uniform,30,90.0,0.03218390804597701,12.067752663031,1.0,14
116,174232,174232,1114.0,../data/Results/uniform_euclidean/city30_range90_swap.json,swap,euclidean,uniform,30,90.0,0.03218390804597701,12.06814302343045,1.0,14
117,183473,183473,1114.0,../data/Results/uniform_euclidean/city30_range90_swap.json,swap,euclidean,uniform,30,90.0,0.03218390804597701,12.11982279668619,1.0,14
118,183563,183563,1114.0,../data/Results/uniform_euclidean/city30_range90_swap.json,swap,euclidean,uniform,30,90.0,0.03218390804597701,12.120313211805163,1.0,14
122,185628,185628,1114.0,../data/Results/uniform_euclidean/city30_range90_swap.json,swap,euclidean,uniform,30,90.0,0.03218390804597701,12.13149995002467,1.0,14
123,198339,198339,1114.0,../data/Results/uniform_euclidean/city30_range90_swap.json,swap,euclidean,uniform,30,90.0,0.03218390804597701,12.197732966880078,1.0,14
129,199135,199135,1114.0,../data/Results/uniform_euclidean/city30_range90_swap.json,swap,euclidean,uniform,30,90.0,0.03218390804597701,12.201738265662623,1.0,14
134,204647,204647,1114.0,../data/Results/uniform_euclidean/city30_range90_swap.json,swap,euclidean,uniform,30,90.0,0.03218390804597701,12.229041822638907,1.0,14
141,204655,204655,1114.0,../data/Results/uniform_euclidean/city30_range90_swap.json,swap,euclidean,uniform,30,90.0,0.03218390804597701,12.229080913579098,1.0,14
145,204671,204671,1114.0,../data/Results/uniform_euclidean/city30_range90_swap.json,swap,euclidean,uniform,30,90.0,0.03218390804597701,12.229159090875473,1.0,14
147,204755,204755,1114.0,../data/Results/uniform_euclidean/city30_range90_swap.json,swap,euclidean,uniform,30,90.0,0.03218390804597701,12.229569421441576,1.0,14
149,214851,214851,1114.0,../data/Results/uniform_euclidean/city30_range90_swap.json,swap,euclidean,uniform,30,90.0,0.03218390804597701,12.277700043602367,1.0,14
154,230598,230598,1114.0,../data/Results/uniform_euclidean/city30_range90_swap.json,swap,euclidean,uniform,30,90.0,0.03218390804597701,12.348431213752603,1.0,14
157,267099,267099,1114.0,../data/Results/uniform_euclidean/city30_range90_swap.json,swap,euclidean,uniform,30,90.0,0.03218390804597701,12.495374655174912,1.0,14
159,269102,269102,1114.0,../data/Results/uniform_euclidean/city30_range90_swap.json,swap,euclidean,uniform,30,90.0,0.03218390804597701,12.502845768868728,1.0,14
163,317642,317642,1114.0,../data/Results/uniform_euclidean/city30_range90_swap.json,swap,euclidean,uniform,30,90.0,0.03218390804597701,12.668680241425545,1.0,14
165,317659,317659,1114.0,../data/Results/uniform_euclidean/city30_range90_swap.json,swap,euclidean,uniform,30,90.0,0.03218390804597701,12.668733759364299,1.0,14
175,335281,335281,1115.0,../data/Results/uniform_euclidean/city30_range90_swap.json,swap,euclidean,uniform,30,90.0,0.03218390804597701,12.72272426517623,1.0,14
177,335282,335282,1115.0,../data/Results/uniform_euclidean/city30_range90_swap.json,swap,euclidean,uniform,30,90.0,0.03218390804597701,12.72272724774461,1.0,14
178,373171,373171,1115.0,../data/Results/uniform_euclidean/city30_range90_swap.json,swap,euclidean,uniform,30,90.0,0.03218390804597701,12.829792038612348,1.0,14
185,374395,374395,1115.0,../data/Results/uniform_euclidean/city30_range90_swap.json,swap,euclidean,uniform,30,90.0,0.03218390804597701,12.833066668795547,1.0,14
186,374400,374400,1115.0,../data/Results/uniform_euclidean/city30_range90_swap.json,swap,euclidean,uniform,30,90.0,0.03218390804597701,12.833080023585577,1.0,14
187,598422,598422,1116.0,../data/Results/uniform_euclidean/city30_range90_swap.json,swap,euclidean,uniform,30,90.0,0.03218390804597701,13.302051469672483,0.9999999999999998,14
191,632080,632080,1116.0,../data/Results/uniform_euclidean/city30_range90_swap.json,swap,euclidean,uniform,30,90.0,0.03218390804597701,13.356771247396617,0.9999999999999998,14
194,632960,632960,1116.0,../data/Results/uniform_euclidean/city30_range90_swap.json,swap,euclidean,uniform,30,90.0,0.03218390804597701,13.35816250797643,0.9999999999999998,14
1,202,202,452.0,../data/Results/uniform_euclidean/city20_range55_scramble.json,scramble,euclidean,uniform,20,55.0,0.04736842105263158,5.308267697406155,1.0000000000000002,9
2,204,204,450.0,../data/Results/uniform_euclidean/city20_range55_scramble.json,scramble,euclidean,uniform,20,55.0,0.04736842105263158,5.318119993849118,1.0000000000000002,9
4,212,212,447.0,../data/Results/uniform_euclidean/city20_range55_scramble.json,scramble,euclidean,uniform,20,55.0,0.04736842105263158,5.356586274676729,1.0,9
9,837,837,448.0,../data/Results/uniform_euclidean/city20_range55_scramble.json,scramble,euclidean,uniform,20,55.0,0.04736842105263158,6.72982407049067,1.0,9
17,2502,2502,450.0,../data/Results/uniform_euclidean/city20_range55_scramble.json,scramble,euclidean,uniform,20,55.0,0.04736842105263158,7.824845691027256,1.0,9
124,4946,4946,449.0,../data/Results/uniform_euclidean/city20_range55_scramble.json,scramble,euclidean,uniform,20,55.0,0.04736842105263158,8.506334448081564,1.0000000000000004,9
1,524,524,748.0,../data/Results/uniform_euclidean/city20_range90_scramble.json,scramble,euclidean,uniform,20,90.0,0.06315789473684211,6.261491684322951,1.0,12
2,2026,2026,752.0,../data/Results/uniform_euclidean/city20_range90_scramble.json,scramble,euclidean,uniform,20,90.0,0.06315789473684211,7.6138186848091225,1.0,12
18,3408,3408,745.0,../data/Results/uniform_euclidean/city20_range90_scramble.json,scramble,euclidean,uniform,20,90.0,0.06315789473684211,8.1338808879495,1.0000000000000002,12
21,4183,4183,751.0,../data/Results/uniform_euclidean/city20_range90_scramble.json,scramble,euclidean,uniform,20,90.0,0.06315789473684211,8.338783971442437,1.0,12
110,7495,7495,747.0,../data/Results/uniform_euclidean/city20_range90_scramble.json,scramble,euclidean,uniform,20,90.0,0.06315789473684211,8.921991410536831,0.9999999999999998,12
1,600,600,608.0,../data/Results/uniform_euclidean/city20_range70_scramble.json,scramble,euclidean,uniform,20,70.0,0.06315789473684211,6.396929655217813,1.0000000000000002,12
2,685,685,601.0,../data/Results/uniform_euclidean/city20_range70_scramble.json,scramble,euclidean,uniform,20,70.0,0.06315789473684211,6.529418838263685,0.9999999999999998,12
4,1067,1067,603.0,../data/Results/uniform_euclidean/city20_range70_scramble.json,scramble,euclidean,uniform,20,70.0,0.06315789473684211,6.9726062513026905,1.0,12
13,2977,2977,601.0,../data/Results/uniform_euclidean/city20_range70_scramble.json,scramble,euclidean,uniform,20,70.0,0.06315789473684211,7.998671361016112,0.9999999999999998,12
138,3185,3185,603.0,../data/Results/uniform_euclidean/city20_range70_scramble.json,scramble,euclidean,uniform,20,70.0,0.06315789473684211,8.066207568006577,0.9999999999999998,12
207,3535,3535,603.0,../data/Results/uniform_euclidean/city20_range70_scramble.json,scramble,euclidean,uniform,20,70.0,0.06315789473684211,8.170468578330956,1.0000000000000002,12
326,4319,4319,600.0,../data/Results/uniform_euclidean/city20_range70_scramble.json,scramble,euclidean,uniform,20,70.0,0.06315789473684211,8.370779172960933,1.0,12
327,9096,9096,604.0,../data/Results/uniform_euclidean/city20_range70_scramble.json,scramble,euclidean,uniform,20,70.0,0.06315789473684211,9.115590035430483,1.0,12
1,716,716,605.0,../data/Results/uniform_euclidean/city20_range75_swap.json,swap,euclidean,uniform,20,75.0,0.06315789473684211,6.573680166962042,1.0,12
2,824,824,605.0,../data/Results/uniform_euclidean/city20_range75_swap.json,swap,euclidean,uniform,20,75.0,0.06315789473684211,6.714170529910685,1.0,12
4,1655,1655,605.0,../data/Results/uniform_euclidean/city20_range75_swap.json,swap,euclidean,uniform,20,75.0,0.06315789473684211,7.411556287811767,1.0,12
12,1809,1809,604.0,../data/Results/uniform_euclidean/city20_range75_swap.json,swap,euclidean,uniform,20,75.0,0.06315789473684211,7.500529485395848,1.0,12
15,1918,1918,604.0,../data/Results/uniform_euclidean/city20_range75_swap.json,swap,euclidean,uniform,20,75.0,0.06315789473684211,7.559038255443905,1.0,12
17,2763,2763,604.0,../data/Results/uniform_euclidean/city20_range75_swap.json,swap,euclidean,uniform,20,75.0,0.06315789473684211,7.924072324923778,1.0,12
21,3791,3791,605.0,../data/Results/uniform_euclidean/city20_range75_swap.json,swap,euclidean,uniform,20,75.0,0.06315789473684211,8.240385115516599,1.0,12
23,3850,3850,605.0,../data/Results/uniform_euclidean/city20_range75_swap.json,swap,euclidean,uniform,20,75.0,0.06315789473684211,8.25582842728209,1.0,12
35,3867,3867,605.0,../data/Results/uniform_euclidean/city20_range75_swap.json,swap,euclidean,uniform,20,75.0,0.06315789473684211,8.260234291607556,1.0,12
41,4321,4321,605.0,../data/Results/uniform_euclidean/city20_range75_swap.json,swap,euclidean,uniform,20,75.0,0.06315789473684211,8.371242135932164,1.0,12
45,4323,4323,605.0,../data/Results/uniform_euclidean/city20_range75_swap.json,swap,euclidean,uniform,20,75.0,0.06315789473684211,8.371704884667864,1.0,12
46,4339,4339,605.0,../data/Results/uniform_euclidean/city20_range75_swap.json,swap,euclidean,uniform,20,75.0,0.06315789473684211,8.375399185798582,1.0,12
47,4511,4511,605.0,../data/Results/uniform_euclidean/city20_range75_swap.json,swap,euclidean,uniform,20,75.0,0.06315789473684211,8.414274137408619,1.0,12
49,6380,6380,605.0,../data/Results/uniform_euclidean/city20_range75_swap.json,swap,euclidean,uniform,20,75.0,0.06315789473684211,8.760923376338992,1.0,12
50,6401,6401,605.0,../data/Results/uniform_euclidean/city20_range75_swap.json,swap,euclidean,uniform,20,75.0,0.06315789473684211,8.76420950714216,1.0,12
51,9162,9162,605.0,../data/Results/uniform_euclidean/city20_range75_swap.json,swap,euclidean,uniform,20,75.0,0.06315789473684211,9.122819774446796,1.0,12
55,9368,9368,605.0,../data/Results/uniform_euclidean/city20_range75_swap.json,swap,euclidean,uniform,20,75.0,0.06315789473684211,9.14505490527766,1.0,12
59,10591,10591,605.0,../data/Results/uniform_euclidean/city20_range75_swap.json,swap,euclidean,uniform,20,75.0,0.06315789473684211,9.267759862843764,1.0,12
63,10616,10616,605.0,../data/Results/uniform_euclidean/city20_range75_swap.json,swap,euclidean,uniform,20,75.0,0.06315789473684211,9.270117576012138,1.0,12
64,11209,11209,605.0,../data/Results/uniform_euclidean/city20_range75_swap.json,swap,euclidean,uniform,20,75.0,0.06315789473684211,9.324472306021185,1.0000000000000002,12
66,11229,11229,605.0,../data/Results/uniform_euclidean/city20_range75_swap.json,swap,euclidean,uniform,20,75.0,0.06315789473684211,9.326254996572628,1.0000000000000002,12
70,11651,11651,605.0,../data/Results/uniform_euclidean/city20_range75_swap.json,swap,euclidean,uniform,20,75.0,0.06315789473684211,9.363147292220027,1.0000000000000002,12
74,11678,11678,605.0,../data/Results/uniform_euclidean/city20_range75_swap.json,swap,euclidean,uniform,20,75.0,0.06315789473684211,9.365462008843568,1.0000000000000002,12
79,11693,11693,605.0,../data/Results/uniform_euclidean/city20_range75_swap.json,swap,euclidean,uniform,20,75.0,0.06315789473684211,9.366745651140404,1.0000000000000002,12
84,12013,12013,605.0,../data/Results/uniform_euclidean/city20_range75_swap.json,swap,euclidean,uniform,20,75.0,0.06315789473684211,9.393744675721459,1.0000000000000002,12
86,16037,16037,605.0,../data/Results/uniform_euclidean/city20_range75_swap.json,swap,euclidean,uniform,20,75.0,0.06315789473684211,9.68265383150887,1.0000000000000002,12
88,16042,16042,605.0,../data/Results/uniform_euclidean/city20_range75_swap.json,swap,euclidean,uniform,20,75.0,0.06315789473684211,9.682965561926933,1.0000000000000002,12
89,16044,16044,605.0,../data/Results/uniform_euclidean/city20_range75_swap.json,swap,euclidean,uniform,20,75.0,0.06315789473684211,9.683090226890005,1.0000000000000002,12
92,16353,16353,605.0,../data/Results/uniform_euclidean/city20_range75_swap.json,swap,euclidean,uniform,20,75.0,0.06315789473684211,9.702166645732452,1.0000000000000002,12
96,16358,16358,605.0,../data/Results/uniform_euclidean/city20_range75_swap.json,swap,euclidean,uniform,20,75.0,0.06315789473684211,9.702472353294981,1.0000000000000002,12
107,16447,16447,605.0,../data/Results/uniform_euclidean/city20_range75_swap.json,swap,euclidean,uniform,20,75.0,0.06315789473684211,9.70789836874133,1.0000000000000002,12
109,16486,16486,605.0,../data/Results/uniform_euclidean/city20_range75_swap.json,swap,euclidean,uniform,20,75.0,0.06315789473684211,9.710266814873233,1.0000000000000002,12
123,16496,16496,605.0,../data/Results/uniform_euclidean/city20_range75_swap.json,swap,euclidean,uniform,20,75.0,0.06315789473684211,9.710873206256801,1.0000000000000002,12
131,16503,16503,605.0,../data/Results/uniform_euclidean/city20_range75_swap.json,swap,euclidean,uniform,20,75.0,0.06315789473684211,9.711297461543628,1.0000000000000002,12
136,16511,16511,605.0,../data/Results/uniform_euclidean/city20_range75_swap.json,swap,euclidean,uniform,20,75.0,0.06315789473684211,9.711782104431894,1.0000000000000002,12
137,16530,16530,605.0,../data/Results/uniform_euclidean/city20_range75_swap.json,swap,euclidean,uniform,20,75.0,0.06315789473684211,9.712932190815131,1.0000000000000002,12
138,16676,16676,605.0,../data/Results/uniform_euclidean/city20_range75_swap.json,swap,euclidean,uniform,20,75.0,0.06315789473684211,9.721725839000747,1.0000000000000002,12
140,16763,16763,605.0,../data/Results/uniform_euclidean/city20_range75_swap.json,swap,euclidean,uniform,20,75.0,0.06315789473684211,9.726929355631338,1.0000000000000002,12
150,17162,17162,605.0,../data/Results/uniform_euclidean/city20_range75_swap.json,swap,euclidean,uniform,20,75.0,0.06315789473684211,9.750452916367125,1.0000000000000002,12
155,17165,17165,605.0,../data/Results/uniform_euclidean/city20_range75_swap.json,swap,euclidean,uniform,20,75.0,0.06315789473684211,9.750627705891851,1.0000000000000002,12
160,19326,19326,605.0,../data/Results/uniform_euclidean/city20_range75_swap.json,swap,euclidean,uniform,20,75.0,0.06315789473684211,9.869206618559305,1.0000000000000002,12
172,19430,19430,605.0,../data/Results/uniform_euclidean/city20_range75_swap.json,swap,euclidean,uniform,20,75.0,0.06315789473684211,9.874573542371538,1.0000000000000002,12
179,19432,19432,605.0,../data/Results/uniform_euclidean/city20_range75_swap.json,swap,euclidean,uniform,20,75.0,0.06315789473684211,9.87467647068206,1.0000000000000002,12
182,19433,19433,605.0,../data/Results/uniform_euclidean/city20_range75_swap.json,swap,euclidean,uniform,20,75.0,0.06315789473684211,9.874727930864754,1.0000000000000002,12
187,19646,19646,605.0,../data/Results/uniform_euclidean/city20_range75_swap.json,swap,euclidean,uniform,20,75.0,0.06315789473684211,9.885629034234865,1.0000000000000002,12
200,19686,19686,605.0,../data/Results/uniform_euclidean/city20_range75_swap.json,swap,euclidean,uniform,20,75.0,0.06315789473684211,9.887663002189207,1.0000000000000002,12
201,22338,22338,606.0,../data/Results/uniform_euclidean/city20_range75_swap.json,swap,euclidean,uniform,20,75.0,0.06315789473684211,10.014044543100816,1.0000000000000002,12
207,28999,28999,606.0,../data/Results/uniform_euclidean/city20_range75_swap.json,swap,euclidean,uniform,20,75.0,0.06315789473684211,10.27501662561548,1.0000000000000002,12
221,29083,29083,606.0,../data/Results/uniform_euclidean/city20_range75_swap.json,swap,euclidean,uniform,20,75.0,0.06315789473684211,10.277909090012866,1.0000000000000002,12
228,29087,29087,606.0,../data/Results/uniform_euclidean/city20_range75_swap.json,swap,euclidean,uniform,20,75.0,0.06315789473684211,10.278046617948444,1.0000000000000002,12
231,29158,29158,606.0,../data/Results/uniform_euclidean/city20_range75_swap.json,swap,euclidean,uniform,20,75.0,0.06315789473684211,10.280484596664802,1.0000000000000002,12
236,29175,29175,606.0,../data/Results/uniform_euclidean/city20_range75_swap.json,swap,euclidean,uniform,20,75.0,0.06315789473684211,10.28106745715479,1.0000000000000002,12
237,29418,29418,606.0,../data/Results/uniform_euclidean/city20_range75_swap.json,swap,euclidean,uniform,20,75.0,0.06315789473684211,10.289362010879323,1.0000000000000002,12
252,30019,30019,606.0,../data/Results/uniform_euclidean/city20_range75_swap.json,swap,euclidean,uniform,20,75.0,0.06315789473684211,10.309585793506743,1.0000000000000002,12
253,32971,32971,606.0,../data/Results/uniform_euclidean/city20_range75_swap.json,swap,euclidean,uniform,20,75.0,0.06315789473684211,10.403383666209422,1.0000000000000002,12
255,35227,35227,606.0,../data/Results/uniform_euclidean/city20_range75_swap.json,swap,euclidean,uniform,20,75.0,0.06315789473684211,10.469568113011743,1.0000000000000002,12
256,35250,35250,606.0,../data/Results/uniform_euclidean/city20_range75_swap.json,swap,euclidean,uniform,20,75.0,0.06315789473684211,10.470220808240443,1.0000000000000002,12
263,37206,37206,606.0,../data/Results/uniform_euclidean/city20_range75_swap.json,swap,euclidean,uniform,20,75.0,0.06315789473684211,10.52422531757796,1.0000000000000002,12
290,37223,37223,606.0,../data/Results/uniform_euclidean/city20_range75_swap.json,swap,euclidean,uniform,20,75.0,0.06315789473684211,10.52468212877509,1.0000000000000002,12
301,37540,37540,606.0,../data/Results/uniform_euclidean/city20_range75_swap.json,swap,euclidean,uniform,20,75.0,0.06315789473684211,10.533162310140526,1.0000000000000002,12
311,38100,38100,606.0,../data/Results/uniform_euclidean/city20_range75_swap.json,swap,euclidean,uniform,20,75.0,0.06315789473684211,10.547969561114819,1.0000000000000002,12
312,41372,41372,606.0,../data/Results/uniform_euclidean/city20_range75_swap.json,swap,euclidean,uniform,20,75.0,0.06315789473684211,10.630359602497718,1.0000000000000002,12
324,41407,41407,606.0,../data/Results/uniform_euclidean/city20_range75_swap.json,swap,euclidean,uniform,20,75.0,0.06315789473684211,10.631205227646262,1.0000000000000002,12
329,41476,41476,606.0,../data/Results/uniform_euclidean/city20_range75_swap.json,swap,euclidean,uniform,20,75.0,0.06315789473684211,10.632870225678193,1.0000000000000002,12
1,231,231,295.0,../data/Results/uniform_euclidean/city20_range35_wouter.json,inplace,euclidean,uniform,20,35.0,0.02631578947368421,5.442417710526122,1.0000000000000004,5
2,289,289,282.0,../data/Results/uniform_euclidean/city20_range35_wouter.json,inplace,euclidean,uniform,20,35.0,0.031578947368421054,5.666426688115893,1.0000000000000004,6
4,515,515,282.0,../data/Results/uniform_euclidean/city20_range35_wouter.json,inplace,euclidean,uniform,20,35.0,0.031578947368421054,6.244166900665678,1.0000000000000004,6
11,642,642,282.0,../data/Results/uniform_euclidean/city20_range35_wouter.json,inplace,euclidean,uniform,20,35.0,0.03684210526315789,6.464588303691519,1.0000000000000004,7
17,669,669,282.0,../data/Results/uniform_euclidean/city20_range35_wouter.json,inplace,euclidean,uniform,20,35.0,0.042105263157894736,6.505784060129723,1.0000000000000004,8
18,676,676,282.0,../data/Results/uniform_euclidean/city20_range35_wouter.json,inplace,euclidean,uniform,20,35.0,0.04736842105263158,6.516193076044443,1.0000000000000004,9
19,785,785,282.0,../data/Results/uniform_euclidean/city20_range35_wouter.json,inplace,euclidean,uniform,20,35.0,0.05263157894736842,6.665683717783683,1.0000000000000004,10
22,802,802,282.0,../data/Results/uniform_euclidean/city20_range35_wouter.json,inplace,euclidean,uniform,20,35.0,0.05789473684210526,6.687108607867762,1.0000000000000004,11
25,854,854,282.0,../data/Results/uniform_euclidean/city20_range35_wouter.json,inplace,euclidean,uniform,20,35.0,0.05789473684210526,6.749931193789741,1.0000000000000004,11
34,880,880,284.0,../data/Results/uniform_euclidean/city20_range35_wouter.json,inplace,euclidean,uniform,20,35.0,0.05789473684210526,6.779921907473389,1.0000000000000002,11
38,1112,1112,273.0,../data/Results/uniform_euclidean/city20_range35_wouter.json,inplace,euclidean,uniform,20,35.0,0.06315789473684211,7.0139154748114265,1.0,12
67,1118,1118,260.0,../data/Results/uniform_euclidean/city20_range35_wouter.json,inplace,euclidean,uniform,20,35.0,0.06842105263157895,7.019296653715939,1.0,13
74,1750,1750,260.0,../data/Results/uniform_euclidean/city20_range35_wouter.json,inplace,euclidean,uniform,20,35.0,0.06842105263157895,7.4673710669181315,1.0,13
129,1874,1874,249.0,../data/Results/uniform_euclidean/city20_range35_wouter.json,inplace,euclidean,uniform,20,35.0,0.06842105263157895,7.535830462798901,0.9999999999999998,13
150,2231,2231,246.0,../data/Results/uniform_euclidean/city20_range35_wouter.json,inplace,euclidean,uniform,20,35.0,0.07368421052631578,7.710205194432981,0.9999999999999998,14
159,2239,2239,246.0,../data/Results/uniform_euclidean/city20_range35_wouter.json,inplace,euclidean,uniform,20,35.0,0.07894736842105263,7.7137846165992014,0.9999999999999998,15
173,2254,2254,246.0,../data/Results/uniform_euclidean/city20_range35_wouter.json,inplace,euclidean,uniform,20,35.0,0.07894736842105263,7.720461694600165,0.9999999999999998,15
176,2261,2261,246.0,../data/Results/uniform_euclidean/city20_range35_wouter.json,inplace,euclidean,uniform,20,35.0,0.07894736842105263,7.723562472278412,0.9999999999999998,15
190,2263,2263,246.0,../data/Results/uniform_euclidean/city20_range35_wouter.json,inplace,euclidean,uniform,20,35.0,0.08421052631578947,7.7244466456339795,0.9999999999999998,16
192,2655,2655,246.0,../data/Results/uniform_euclidean/city20_range35_wouter.json,inplace,euclidean,uniform,20,35.0,0.08947368421052632,7.884199933676416,0.9999999999999998,17
235,2786,2786,246.0,../data/Results/uniform_euclidean/city20_range35_wouter.json,inplace,euclidean,uniform,20,35.0,0.09473684210526316,7.93236215434011,0.9999999999999998,18
293,2788,2788,246.0,../data/Results/uniform_euclidean/city20_range35_wouter.json,inplace,euclidean,uniform,20,35.0,0.09473684210526316,7.933079771880773,0.9999999999999998,18
321,2901,2901,246.0,../data/Results/uniform_euclidean/city20_range35_wouter.json,inplace,euclidean,uniform,20,35.0,0.1,7.972810784121749,0.9999999999999998,19
345,2903,2903,246.0,../data/Results/uniform_euclidean/city20_range35_wouter.json,inplace,euclidean,uniform,20,35.0,0.1,7.973499964024974,0.9999999999999998,19
382,2905,2905,246.0,../data/Results/uniform_euclidean/city20_range35_wouter.json,inplace,euclidean,uniform,20,35.0,0.1,7.974188669286356,0.9999999999999998,19
536,3362,3362,246.0,../data/Results/uniform_euclidean/city20_range35_wouter.json,inplace,euclidean,uniform,20,35.0,0.1,8.120291313968858,0.9999999999999998,19
544,3374,3374,255.0,../data/Results/uniform_euclidean/city20_range35_wouter.json,inplace,euclidean,uniform,20,35.0,0.09473684210526316,8.12385426310621,1.0000000000000004,18
545,3377,3377,255.0,../data/Results/uniform_euclidean/city20_range35_wouter.json,inplace,euclidean,uniform,20,35.0,0.1,8.124743020385864,1.0000000000000004,19
559,3434,3434,255.0,../data/Results/uniform_euclidean/city20_range35_wouter.json,inplace,euclidean,uniform,20,35.0,0.1,8.141481041457713,1.0000000000000004,19
570,3435,3435,255.0,../data/Results/uniform_euclidean/city20_range35_wouter.json,inplace,euclidean,uniform,20,35.0,0.1,8.141772204656741,1.0000000000000004,19
571,3443,3443,255.0,../data/Results/uniform_euclidean/city20_range35_wouter.json,inplace,euclidean,uniform,20,35.0,0.1,8.144098463338814,1.0000000000000004,19
618,3455,3455,260.0,../data/Results/uniform_euclidean/city20_range35_wouter.json,inplace,euclidean,uniform,20,35.0,0.10526315789473684,8.14757773620206,0.9999999999999998,20
625,3503,3503,260.0,../data/Results/uniform_euclidean/city20_range35_wouter.json,inplace,euclidean,uniform,20,35.0,0.10526315789473684,8.161375023197772,0.9999999999999998,20
647,3721,3721,260.0,../data/Results/uniform_euclidean/city20_range35_wouter.json,inplace,euclidean,uniform,20,35.0,0.10526315789473684,8.221747728346891,0.9999999999999998,20
659,3804,3804,260.0,../data/Results/uniform_euclidean/city20_range35_wouter.json,inplace,euclidean,uniform,20,35.0,0.11052631578947368,8.243808423665543,0.9999999999999998,21
666,3851,3851,261.0,../data/Results/uniform_euclidean/city20_range35_wouter.json,inplace,euclidean,uniform,20,35.0,0.11578947368421053,8.256088133815169,0.9999999999999998,22
667,3883,3883,261.0,../data/Results/uniform_euclidean/city20_range35_wouter.json,inplace,euclidean,uniform,20,35.0,0.11578947368421053,8.264363329731925,0.9999999999999998,22
1,1995,1995,683.0,../data/Results/uniform_euclidean/city20_range85_swap.json,swap,euclidean,uniform,20,85.0,0.06315789473684211,7.598399329324465,0.9999999999999998,12
5,3585,3585,682.0,../data/Results/uniform_euclidean/city20_range85_swap.json,swap,euclidean,uniform,20,85.0,0.06315789473684211,8.184513753034,0.9999999999999998,12
8,4109,4109,682.0,../data/Results/uniform_euclidean/city20_range85_swap.json,swap,euclidean,uniform,20,85.0,0.06315789473684211,8.320934968883654,1.0,12
9,4129,4129,682.0,../data/Results/uniform_euclidean/city20_range85_swap.json,swap,euclidean,uniform,20,85.0,0.06315789473684211,8.325790525886333,0.9999999999999998,12
10,4224,4224,682.0,../data/Results/uniform_euclidean/city20_range85_swap.json,swap,euclidean,uniform,20,85.0,0.06315789473684211,8.348537825386334,0.9999999999999998,12
14,4229,4229,682.0,../data/Results/uniform_euclidean/city20_range85_swap.json,swap,euclidean,uniform,20,85.0,0.06315789473684211,8.349720837472725,0.9999999999999998,12
16,4241,4241,682.0,../data/Results/uniform_euclidean/city20_range85_swap.json,swap,euclidean,uniform,20,85.0,0.06315789473684211,8.352554369474827,0.9999999999999998,12
20,4245,4245,682.0,../data/Results/uniform_euclidean/city20_range85_swap.json,swap,euclidean,uniform,20,85.0,0.06315789473684211,8.353497098745683,0.9999999999999998,12
23,4287,4287,682.0,../data/Results/uniform_euclidean/city20_range85_swap.json,swap,euclidean,uniform,20,85.0,0.06315789473684211,8.36334246659821,0.9999999999999998,12
25,4728,4728,682.0,../data/Results/uniform_euclidean/city20_range85_swap.json,swap,euclidean,uniform,20,85.0,0.06315789473684211,8.461257559086146,0.9999999999999998,12
44,6570,6570,681.0,../data/Results/uniform_euclidean/city20_range85_swap.json,swap,euclidean,uniform,20,85.0,0.06315789473684211,8.790269111478809,0.9999999999999998,12
45,6759,6759,681.0,../data/Results/uniform_euclidean/city20_range85_swap.json,swap,euclidean,uniform,20,85.0,0.06315789473684211,8.818630229100503,0.9999999999999998,12
46,7160,7160,681.0,../data/Results/uniform_euclidean/city20_range85_swap.json,swap,euclidean,uniform,20,85.0,0.06315789473684211,8.876265259954831,0.9999999999999998,12
60,7778,7778,681.0,../data/Results/uniform_euclidean/city20_range85_swap.json,swap,euclidean,uniform,20,85.0,0.06315789473684211,8.959054514715822,1.0,12
63,8093,8093,681.0,../data/Results/uniform_euclidean/city20_range85_swap.json,swap,euclidean,uniform,20,85.0,0.06315789473684211,8.998754769495825,1.0,12
65,15161,15161,682.0,../data/Results/uniform_euclidean/city20_range85_swap.json,swap,euclidean,uniform,20,85.0,0.06315789473684211,9.626481620081648,1.0,12
73,15180,15180,682.0,../data/Results/uniform_euclidean/city20_range85_swap.json,swap,euclidean,uniform,20,85.0,0.06315789473684211,9.627734050949687,1.0,12
74,15182,15182,682.0,../data/Results/uniform_euclidean/city20_range85_swap.json,swap,euclidean,uniform,20,85.0,0.06315789473684211,9.62786579457678,1.0,12
79,15197,15197,682.0,../data/Results/uniform_euclidean/city20_range85_swap.json,swap,euclidean,uniform,20,85.0,0.06315789473684211,9.628853318933672,1.0,12
82,15479,15479,681.0,../data/Results/uniform_euclidean/city20_range85_swap.json,swap,euclidean,uniform,20,85.0,0.06315789473684211,9.647239545573942,1.0000000000000002,12
92,15884,15884,681.0,../data/Results/uniform_euclidean/city20_range85_swap.json,swap,euclidean,uniform,20,85.0,0.06315789473684211,9.673067592251206,1.0000000000000002,12
111,16717,16717,681.0,../data/Results/uniform_euclidean/city20_range85_swap.json,swap,euclidean,uniform,20,85.0,0.06315789473684211,9.72418144470269,1.0000000000000002,12
116,16718,16718,681.0,../data/Results/uniform_euclidean/city20_range85_swap.json,swap,euclidean,uniform,20,85.0,0.06315789473684211,9.724241262259161,1.0000000000000002,12
124,16758,16758,681.0,../data/Results/uniform_euclidean/city20_range85_swap.json,swap,euclidean,uniform,20,85.0,0.06315789473684211,9.726631035173291,1.0000000000000002,12
125,16767,16767,681.0,../data/Results/uniform_euclidean/city20_range85_swap.json,swap,euclidean,uniform,20,85.0,0.06315789473684211,9.727167947937868,1.0000000000000002,12
128,16962,16962,681.0,../data/Results/uniform_euclidean/city20_range85_swap.json,swap,euclidean,uniform,20,85.0,0.06315789473684211,9.738730826921705,1.0000000000000002,12
142,16978,16978,681.0,../data/Results/uniform_euclidean/city20_range85_swap.json,swap,euclidean,uniform,20,85.0,0.06315789473684211,9.739673667297971,1.0000000000000002,12
150,18662,18662,681.0,../data/Results/uniform_euclidean/city20_range85_swap.json,swap,euclidean,uniform,20,85.0,0.06315789473684211,9.834244649794021,1.0,12
151,18668,18668,681.0,../data/Results/uniform_euclidean/city20_range85_swap.json,swap,euclidean,uniform,20,85.0,0.06315789473684211,9.83456610706976,1.0,12
152,21724,21724,681.0,../data/Results/uniform_euclidean/city20_range85_swap.json,swap,euclidean,uniform,20,85.0,0.06315789473684211,9.986172919154782,1.0,12
161,26525,26525,681.0,../data/Results/uniform_euclidean/city20_range85_swap.json,swap,euclidean,uniform,20,85.0,0.06315789473684211,10.185842963482221,1.0,12
175,26954,26954,681.0,../data/Results/uniform_euclidean/city20_range85_swap.json,swap,euclidean,uniform,20,85.0,0.06315789473684211,10.201886988329141,1.0,12
196,27207,27207,681.0,../data/Results/uniform_euclidean/city20_range85_swap.json,swap,euclidean,uniform,20,85.0,0.06315789473684211,10.211229572115714,1.0,12
200,28702,28702,681.0,../data/Results/uniform_euclidean/city20_range85_swap.json,swap,euclidean,uniform,20,85.0,0.06315789473684211,10.264722085730911,1.0,12
213,32511,32511,681.0,../data/Results/uniform_euclidean/city20_range85_swap.json,swap,euclidean,uniform,20,85.0,0.06315789473684211,10.389333772591137,1.0,12
215,32528,32528,681.0,../data/Results/uniform_euclidean/city20_range85_swap.json,swap,euclidean,uniform,20,85.0,0.06315789473684211,10.389856535868159,1.0,12
217,33046,33046,681.0,../data/Results/uniform_euclidean/city20_range85_swap.json,swap,euclidean,uniform,20,85.0,0.06315789473684211,10.405655809210966,1.0,12
221,33184,33184,681.0,../data/Results/uniform_euclidean/city20_range85_swap.json,swap,euclidean,uniform,20,85.0,0.06315789473684211,10.409823111029285,1.0,12
222,33732,33732,681.0,../data/Results/uniform_euclidean/city20_range85_swap.json,swap,euclidean,uniform,20,85.0,0.06315789473684211,10.426202220694561,1.0,12
230,33735,33735,681.0,../data/Results/uniform_euclidean/city20_range85_swap.json,swap,euclidean,uniform,20,85.0,0.06315789473684211,10.426291153061555,1.0,12
241,33814,33814,681.0,../data/Results/uniform_euclidean/city20_range85_swap.json,swap,euclidean,uniform,20,85.0,0.06315789473684211,10.428630196896941,1.0,12
242,33815,33815,681.0,../data/Results/uniform_euclidean/city20_range85_swap.json,swap,euclidean,uniform,20,85.0,0.06315789473684211,10.42865977000907,1.0,12
254,35830,35830,681.0,../data/Results/uniform_euclidean/city20_range85_swap.json,swap,euclidean,uniform,20,85.0,0.06315789473684211,10.486540810299028,1.0,12
260,38977,38977,681.0,../data/Results/uniform_euclidean/city20_range85_swap.json,swap,euclidean,uniform,20,85.0,0.06315789473684211,10.570727007554915,1.0,12
263,38996,38996,681.0,../data/Results/uniform_euclidean/city20_range85_swap.json,swap,euclidean,uniform,20,85.0,0.06315789473684211,10.571214355749188,1.0,12
273,39078,39078,681.0,../data/Results/uniform_euclidean/city20_range85_swap.json,swap,euclidean,uniform,20,85.0,0.06315789473684211,10.573314927774483,1.0,12
278,39337,39337,681.0,../data/Results/uniform_euclidean/city20_range85_swap.json,swap,euclidean,uniform,20,85.0,0.06315789473684211,10.579920830773954,1.0,12
285,39699,39699,681.0,../data/Results/uniform_euclidean/city20_range85_swap.json,swap,euclidean,uniform,20,85.0,0.06315789473684211,10.589081277441185,1.0,12
286,40489,40489,681.0,../data/Results/uniform_euclidean/city20_range85_swap.json,swap,euclidean,uniform,20,85.0,0.06315789473684211,10.608785611265082,1.0,12
300,40767,40767,681.0,../data/Results/uniform_euclidean/city20_range85_swap.json,swap,euclidean,uniform,20,85.0,0.06315789473684211,10.615628209588632,1.0,12
309,42083,42083,681.0,../data/Results/uniform_euclidean/city20_range85_swap.json,swap,euclidean,uniform,20,85.0,0.06315789473684211,10.64739913764607,1.0,12
310,42286,42286,681.0,../data/Results/uniform_euclidean/city20_range85_swap.json,swap,euclidean,uniform,20,85.0,0.06315789473684211,10.652211340984838,1.0,12
315,42542,42542,681.0,../data/Results/uniform_euclidean/city20_range85_swap.json,swap,euclidean,uniform,20,85.0,0.06315789473684211,10.65824710222362,1.0,12
316,44384,44384,681.0,../data/Results/uniform_euclidean/city20_range85_swap.json,swap,euclidean,uniform,20,85.0,0.06315789473684211,10.700634323114581,1.0,12
320,47304,47304,681.0,../data/Results/uniform_euclidean/city20_range85_swap.json,swap,euclidean,uniform,20,85.0,0.06315789473684211,10.764350137500687,1.0,12
324,47522,47522,681.0,../data/Results/uniform_euclidean/city20_range85_swap.json,swap,euclidean,uniform,20,85.0,0.06315789473684211,10.76894804069298,1.0,12
328,47534,47534,681.0,../data/Results/uniform_euclidean/city20_range85_swap.json,swap,euclidean,uniform,20,85.0,0.06315789473684211,10.769200523441333,1.0,12
330,47588,47588,681.0,../data/Results/uniform_euclidean/city20_range85_swap.json,swap,euclidean,uniform,20,85.0,0.06315789473684211,10.770335907596438,1.0,12
332,47987,47987,681.0,../data/Results/uniform_euclidean/city20_range85_swap.json,swap,euclidean,uniform,20,85.0,0.06315789473684211,10.778685419874744,1.0,12
333,48878,48878,681.0,../data/Results/uniform_euclidean/city20_range85_swap.json,swap,euclidean,uniform,20,85.0,0.06315789473684211,10.797082676478116,1.0,12
339,51211,51211,681.0,../data/Results/uniform_euclidean/city20_range85_swap.json,swap,euclidean,uniform,20,85.0,0.06315789473684211,10.843709631702005,1.0,12
341,51213,51213,681.0,../data/Results/uniform_euclidean/city20_range85_swap.json,swap,euclidean,uniform,20,85.0,0.06315789473684211,10.843748685048881,1.0,12
347,51216,51216,681.0,../data/Results/uniform_euclidean/city20_range85_swap.json,swap,euclidean,uniform,20,85.0,0.06315789473684211,10.843807262209664,1.0,12
348,51488,51488,681.0,../data/Results/uniform_euclidean/city20_range85_swap.json,swap,euclidean,uniform,20,85.0,0.06315789473684211,10.849104049792128,1.0,12
351,51491,51491,681.0,../data/Results/uniform_euclidean/city20_range85_swap.json,swap,euclidean,uniform,20,85.0,0.06315789473684211,10.84916231409846,1.0,12
354,51496,51496,681.0,../data/Results/uniform_euclidean/city20_range85_swap.json,swap,euclidean,uniform,20,85.0,0.06315789473684211,10.84925941373247,1.0,12
355,51507,51507,681.0,../data/Results/uniform_euclidean/city20_range85_swap.json,swap,euclidean,uniform,20,85.0,0.06315789473684211,10.849472999745341,1.0,12
367,51858,51858,681.0,../data/Results/uniform_euclidean/city20_range85_swap.json,swap,euclidean,uniform,20,85.0,0.06315789473684211,10.856264492980712,1.0,12
375,57088,57088,681.0,../data/Results/uniform_euclidean/city20_range85_swap.json,swap,euclidean,uniform,20,85.0,0.06315789473684211,10.952349215939698,1.0,12
377,58218,58218,681.0,../data/Results/uniform_euclidean/city20_range85_swap.json,swap,euclidean,uniform,20,85.0,0.06315789473684211,10.971949864253371,1.0,12
378,58219,58219,681.0,../data/Results/uniform_euclidean/city20_range85_swap.json,swap,euclidean,uniform,20,85.0,0.06315789473684211,10.971967040924017,1.0,12
379,58249,58249,681.0,../data/Results/uniform_euclidean/city20_range85_swap.json,swap,euclidean,uniform,20,85.0,0.06315789473684211,10.972482203898629,1.0,12
388,58310,58310,681.0,../data/Results/uniform_euclidean/city20_range85_swap.json,swap,euclidean,uniform,20,85.0,0.06315789473684211,10.973528884216218,1.0,12
1,15113,15113,1123.0,../data/Results/uniform_euclidean/city30_range90_scramble.json,scramble,euclidean,uniform,30,90.0,0.029885057471264367,9.623310579570187,1.0,13
4,20102,20102,1104.0,../data/Results/uniform_euclidean/city30_range90_scramble.json,scramble,euclidean,uniform,30,90.0,0.029885057471264367,9.908574591584735,0.9999999999999998,13
6,55484,55484,1105.0,../data/Results/uniform_euclidean/city30_range90_scramble.json,scramble,euclidean,uniform,30,90.0,0.029885057471264367,10.923849969883198,1.0,13
11,73316,73316,1107.0,../data/Results/uniform_euclidean/city30_range90_scramble.json,scramble,euclidean,uniform,30,90.0,0.029885057471264367,11.202534145091752,1.0,13
39,83467,83467,1107.0,../data/Results/uniform_euclidean/city30_range90_scramble.json,scramble,euclidean,uniform,30,90.0,0.029885057471264367,11.332206623142232,1.0,13
50,98101,98101,1110.0,../data/Results/uniform_euclidean/city30_range90_scramble.json,scramble,euclidean,uniform,30,90.0,0.029885057471264367,11.493752839181427,1.0,13
111,189338,189338,1112.0,../data/Results/uniform_euclidean/city30_range90_scramble.json,scramble,euclidean,uniform,30,90.0,0.029885057471264367,12.151289056618754,1.0,13
243,312662,312662,1112.0,../data/Results/uniform_euclidean/city30_range90_scramble.json,scramble,euclidean,uniform,30,90.0,0.029885057471264367,12.652878013835736,1.0,13
1,396,396,597.0,../data/Results/uniform_euclidean/city20_range75_wouter.json,inplace,euclidean,uniform,20,75.0,0.06842105263157895,5.981414211257006,0.9999999999999998,13
2,670,670,587.0,../data/Results/uniform_euclidean/city20_range75_wouter.json,inplace,euclidean,uniform,20,75.0,0.07368421052631578,6.507277712386505,1.0,14
5,682,682,587.0,../data/Results/uniform_euclidean/city20_range75_wouter.json,inplace,euclidean,uniform,20,75.0,0.07894736842105263,6.525029657844929,1.0,15
10,1656,1656,587.0,../data/Results/uniform_euclidean/city20_range75_wouter.json,inplace,euclidean,uniform,20,75.0,0.07894736842105263,7.412160334945809,0.9999999999999998,15
13,1774,1774,587.0,../data/Results/uniform_euclidean/city20_range75_wouter.json,inplace,euclidean,uniform,20,75.0,0.07894736842105263,7.480992162870089,0.9999999999999998,15
22,2640,2640,559.0,../data/Results/uniform_euclidean/city20_range75_wouter.json,inplace,euclidean,uniform,20,75.0,0.08421052631578947,7.87853419614074,1.0000000000000002,16
23,2816,2816,559.0,../data/Results/uniform_euclidean/city20_range75_wouter.json,inplace,euclidean,uniform,20,75.0,0.08947368421052632,7.943072717278288,1.0000000000000002,17
29,2896,2896,560.0,../data/Results/uniform_euclidean/city20_range75_wouter.json,inplace,euclidean,uniform,20,75.0,0.09473684210526316,7.971085753505952,1.0000000000000002,18
30,3329,3329,560.0,../data/Results/uniform_euclidean/city20_range75_wouter.json,inplace,euclidean,uniform,20,75.0,0.1,8.110427237575326,1.0000000000000002,19
32,3419,3419,560.0,../data/Results/uniform_euclidean/city20_range75_wouter.json,inplace,euclidean,uniform,20,75.0,0.10526315789473684,8.137103389639593,1.0000000000000002,20
48,4041,4041,560.0,../data/Results/uniform_euclidean/city20_range75_wouter.json,inplace,euclidean,uniform,20,75.0,0.11052631578947368,8.30424746507872,1.0,21
54,4056,4056,560.0,../data/Results/uniform_euclidean/city20_range75_wouter.json,inplace,euclidean,uniform,20,75.0,0.11578947368421053,8.307952545271265,1.0,22
61,4318,4318,560.0,../data/Results/uniform_euclidean/city20_range75_wouter.json,inplace,euclidean,uniform,20,75.0,0.11578947368421053,8.370547611074985,1.0,22
84,5158,5158,560.0,../data/Results/uniform_euclidean/city20_range75_wouter.json,inplace,euclidean,uniform,20,75.0,0.11578947368421053,8.548304186441484,1.0,22
93,6546,6546,552.0,../data/Results/uniform_euclidean/city20_range75_wouter.json,inplace,euclidean,uniform,20,75.0,0.11578947368421053,8.786609455061278,1.0000000000000002,22
134,7686,7686,552.0,../data/Results/uniform_euclidean/city20_range75_wouter.json,inplace,euclidean,uniform,20,75.0,0.12105263157894737,8.947155771124919,1.0000000000000002,23
1,904,904,438.0,../data/Results/uniform_euclidean/city20_range55_wouter.json,inplace,euclidean,uniform,20,55.0,0.04736842105263158,6.806829360393283,1.0,9
8,1707,1707,421.0,../data/Results/uniform_euclidean/city20_range55_wouter.json,inplace,euclidean,uniform,20,55.0,0.05263157894736842,7.442492722795026,1.0,10
15,6398,6398,422.0,../data/Results/uniform_euclidean/city20_range55_wouter.json,inplace,euclidean,uniform,20,55.0,0.05789473684210526,8.76374072050962,1.0,11
31,6614,6614,422.0,../data/Results/uniform_euclidean/city20_range55_wouter.json,inplace,euclidean,uniform,20,55.0,0.06315789473684211,8.79694389354189,1.0,12
38,6888,6888,422.0,../data/Results/uniform_euclidean/city20_range55_wouter.json,inplace,euclidean,uniform,20,55.0,0.06315789473684211,8.837536046107711,1.0,12
60,7380,7380,422.0,../data/Results/uniform_euclidean/city20_range55_wouter.json,inplace,euclidean,uniform,20,55.0,0.06315789473684211,8.906528917594654,1.0,12
65,7510,7510,422.0,../data/Results/uniform_euclidean/city20_range55_wouter.json,inplace,euclidean,uniform,20,55.0,0.06315789473684211,8.923990744758314,1.0,12
68,7550,7550,422.0,../data/Results/uniform_euclidean/city20_range55_wouter.json,inplace,euclidean,uniform,20,55.0,0.06842105263157895,8.929302842243203,1.0,13
1,240,240,678.0,../data/Results/uniform_euclidean/city20_range85_wouter.json,inplace,euclidean,uniform,20,85.0,0.06315789473684211,5.480638923346158,1.0,12
2,250,250,678.0,../data/Results/uniform_euclidean/city20_range85_wouter.json,inplace,euclidean,uniform,20,85.0,0.06315789473684211,5.521460917866246,1.0,12
7,424,424,664.0,../data/Results/uniform_euclidean/city20_range85_wouter.json,inplace,euclidean,uniform,20,85.0,0.06842105263157895,6.049733455234316,1.0,13
8,515,515,657.0,../data/Results/uniform_euclidean/city20_range85_wouter.json,inplace,euclidean,uniform,20,85.0,0.07368421052631578,6.244166900665678,1.0,14
20,654,654,626.0,../data/Results/uniform_euclidean/city20_range85_wouter.json,inplace,euclidean,uniform,20,85.0,0.07894736842105263,6.483107351458727,0.9999999999999998,15
22,806,806,640.0,../data/Results/uniform_euclidean/city20_range85_wouter.json,inplace,euclidean,uniform,20,85.0,0.07368421052631578,6.692083742507869,1.0,14
26,807,807,640.0,../data/Results/uniform_euclidean/city20_range85_wouter.json,inplace,euclidean,uniform,20,85.0,0.07894736842105263,6.693323668271188,1.0,15
37,873,873,640.0,../data/Results/uniform_euclidean/city20_range85_wouter.json,inplace,euclidean,uniform,20,85.0,0.08421052631578947,6.771935555840748,1.0,16
39,931,931,640.0,../data/Results/uniform_euclidean/city20_range85_wouter.json,inplace,euclidean,uniform,20,85.0,0.08421052631578947,6.836259277278141,1.0,16
48,956,956,640.0,../data/Results/uniform_euclidean/city20_range85_wouter.json,inplace,euclidean,uniform,20,85.0,0.08947368421052632,6.862757913052447,1.0,17
122,969,969,640.0,../data/Results/uniform_euclidean/city20_range85_wouter.json,inplace,euclidean,uniform,20,85.0,0.08947368421052632,6.8762646118917985,1.0,17
125,991,991,640.0,../data/Results/uniform_euclidean/city20_range85_wouter.json,inplace,euclidean,uniform,20,85.0,0.08947368421052632,6.898714534330997,1.0,17
151,1009,1009,640.0,../data/Results/uniform_euclidean/city20_range85_wouter.json,inplace,euclidean,uniform,20,85.0,0.08947368421052632,6.9167150203546,1.0,17
162,1010,1010,640.0,../data/Results/uniform_euclidean/city20_range85_wouter.json,inplace,euclidean,uniform,20,85.0,0.09473684210526316,6.917705609836295,1.0,18
194,1020,1020,640.0,../data/Results/uniform_euclidean/city20_range85_wouter.json,inplace,euclidean,uniform,20,85.0,0.09473684210526316,6.927557906279297,1.0,18
215,1022,1022,640.0,../data/Results/uniform_euclidean/city20_range85_wouter.json,inplace,euclidean,uniform,20,85.0,0.09473684210526316,6.929516770764629,1.0,18
257,1147,1147,647.0,../data/Results/uniform_euclidean/city20_range85_wouter.json,inplace,euclidean,uniform,20,85.0,0.09473684210526316,7.044905117130242,0.9999999999999998,18
276,1387,1387,633.0,../data/Results/uniform_euclidean/city20_range85_wouter.json,inplace,euclidean,uniform,20,85.0,0.1,7.234898420315552,1.0,19
290,1388,1388,633.0,../data/Results/uniform_euclidean/city20_range85_wouter.json,inplace,euclidean,uniform,20,85.0,0.10526315789473684,7.23561914106747,1.0,20
330,1428,1428,633.0,../data/Results/uniform_euclidean/city20_range85_wouter.json,inplace,euclidean,uniform,20,85.0,0.11052631578947368,7.26403014290023,1.0,21
331,1485,1485,633.0,../data/Results/uniform_euclidean/city20_range85_wouter.json,inplace,euclidean,uniform,20,85.0,0.11578947368421053,7.3031700512374735,1.0,22
354,1683,1683,633.0,../data/Results/uniform_euclidean/city20_range85_wouter.json,inplace,euclidean,uniform,20,85.0,0.12105263157894737,7.4283331941914,1.0,23
391,1686,1686,633.0,../data/Results/uniform_euclidean/city20_range85_wouter.json,inplace,euclidean,uniform,20,85.0,0.12105263157894737,7.430114138562394,1.0,23
1,144,144,212.0,../data/Results/uniform_euclidean/city20_range25_scramble.json,scramble,euclidean,uniform,20,25.0,0.021052631578947368,4.969813299582945,1.0000000000000002,4
4,199,199,211.0,../data/Results/uniform_euclidean/city20_range25_scramble.json,scramble,euclidean,uniform,20,25.0,0.021052631578947368,5.293304824729518,1.0000000000000002,4
9,1249,1249,210.0,../data/Results/uniform_euclidean/city20_range25_scramble.json,scramble,euclidean,uniform,20,25.0,0.021052631578947368,7.130098510126379,1.0,4
10,28192,28192,212.0,../data/Results/uniform_euclidean/city20_range25_scramble.json,scramble,euclidean,uniform,20,25.0,0.021052631578947368,10.246793528735942,1.0000000000000002,4
68,72445,72445,212.0,../data/Results/uniform_euclidean/city20_range25_scramble.json,scramble,euclidean,uniform,20,25.0,0.021052631578947368,11.190582932254836,1.0000000000000002,4
149,243723,243723,213.0,../data/Results/uniform_euclidean/city20_range25_scramble.json,scramble,euclidean,uniform,20,25.0,0.021052631578947368,12.403787613493964,1.0000000000000004,4
662,328110,328110,212.0,../data/Results/uniform_euclidean/city20_range25_scramble.json,scramble,euclidean,uniform,20,25.0,0.021052631578947368,12.701104196997385,1.0000000000000002,4
1,594,594,668.0,../data/Results/uniform_euclidean/city20_range85_scramble.json,scramble,euclidean,uniform,20,85.0,0.05789473684210526,6.386879319364328,1.0,11
2,791,791,660.0,../data/Results/uniform_euclidean/city20_range85_scramble.json,scramble,euclidean,uniform,20,85.0,0.05789473684210526,6.673297967768918,1.0000000000000002,11
12,1027,1027,660.0,../data/Results/uniform_euclidean/city20_range85_scramble.json,scramble,euclidean,uniform,20,85.0,0.05789473684210526,6.934397209929532,0.9999999999999998,11
15,1685,1685,661.0,../data/Results/uniform_euclidean/city20_range85_scramble.json,scramble,euclidean,uniform,20,85.0,0.05789473684210526,7.429520842787055,0.9999999999999998,11
70,2008,2008,662.0,../data/Results/uniform_euclidean/city20_range85_scramble.json,scramble,euclidean,uniform,20,85.0,0.05789473684210526,7.604894480812118,1.0000000000000002,11
102,2307,2307,664.0,../data/Results/uniform_euclidean/city20_range85_scramble.json,scramble,euclidean,uniform,20,85.0,0.05789473684210526,7.743703258174187,1.0,11
103,2786,2786,664.0,../data/Results/uniform_euclidean/city20_range85_scramble.json,scramble,euclidean,uniform,20,85.0,0.05789473684210526,7.93236215434011,0.9999999999999998,11
137,3257,3257,665.0,../data/Results/uniform_euclidean/city20_range85_scramble.json,scramble,euclidean,uniform,20,85.0,0.05789473684210526,8.088561805276541,0.9999999999999998,11
163,3578,3578,669.0,../data/Results/uniform_euclidean/city20_range85_scramble.json,scramble,euclidean,uniform,20,85.0,0.05789473684210526,8.182559264068944,1.0,11
263,6856,6856,662.0,../data/Results/uniform_euclidean/city20_range85_scramble.json,scramble,euclidean,uniform,20,85.0,0.05789473684210526,8.832879460277761,1.0,11
867,11183,11183,665.0,../data/Results/uniform_euclidean/city20_range85_scramble.json,scramble,euclidean,uniform,20,85.0,0.05789473684210526,9.322150047028277,0.9999999999999998,11
1,2830,2830,1124.0,../data/Results/uniform_euclidean/city30_range95_scramble.json,scramble,euclidean,uniform,30,95.0,0.029885057471264367,7.948031990637637,1.0,13
2,3801,3801,1113.0,../data/Results/uniform_euclidean/city30_range95_scramble.json,scramble,euclidean,uniform,30,95.0,0.029885057471264367,8.243019468989512,1.0000000000000004,13
3,5652,5652,1109.0,../data/Results/uniform_euclidean/city30_range95_scramble.json,scramble,euclidean,uniform,30,95.0,0.029885057471264367,8.639764743804594,0.9999999999999999,13
4,11464,11464,1110.0,../data/Results/uniform_euclidean/city30_range95_scramble.json,scramble,euclidean,uniform,30,95.0,0.029885057471264367,9.346966969508095,1.0,13
5,14440,14440,1112.0,../data/Results/uniform_euclidean/city30_range95_scramble.json,scramble,euclidean,uniform,30,95.0,0.029885057471264367,9.577757412446887,1.0000000000000002,13
6,19242,19242,1112.0,../data/Results/uniform_euclidean/city30_range95_scramble.json,scramble,euclidean,uniform,30,95.0,0.029885057471264367,9.864850668921262,1.0,13
12,29981,29981,1116.0,../data/Results/uniform_euclidean/city30_range95_scramble.json,scramble,euclidean,uniform,30,95.0,0.029885057471264367,10.308319126670717,1.0,13
16,53279,53279,1115.0,../data/Results/uniform_euclidean/city30_range95_scramble.json,scramble,euclidean,uniform,30,95.0,0.029885057471264367,10.883297536269385,1.0000000000000002,13
48,57479,57479,1118.0,../data/Results/uniform_euclidean/city30_range95_scramble.json,scramble,euclidean,uniform,30,95.0,0.029885057471264367,10.95917494268604,1.0,13
64,96414,96414,1115.0,../data/Results/uniform_euclidean/city30_range95_scramble.json,scramble,euclidean,uniform,30,95.0,0.029885057471264367,11.476406698269818,1.0000000000000002,13
401,158969,158969,1115.0,../data/Results/uniform_euclidean/city30_range95_scramble.json,scramble,euclidean,uniform,30,95.0,0.029885057471264367,11.976464493640076,0.9999999999999998,13
738,227301,227301,1118.0,../data/Results/uniform_euclidean/city30_range95_scramble.json,scramble,euclidean,uniform,30,95.0,0.029885057471264367,12.334030409303024,1.0000000000000002,13
1,1162,1162,453.0,../data/Results/uniform_euclidean/city20_range50_wouter.json,inplace,euclidean,uniform,20,50.0,0.042105263157894736,7.057897937412717,1.0000000000000002,8
3,1318,1318,432.0,../data/Results/uniform_euclidean/city20_range50_wouter.json,inplace,euclidean,uniform,20,50.0,0.04736842105263158,7.183870715063211,1.0,9
4,1326,1326,423.0,../data/Results/uniform_euclidean/city20_range50_wouter.json,inplace,euclidean,uniform,20,50.0,0.05263157894736842,7.189922170746562,1.0,10
6,2971,2971,417.0,../data/Results/uniform_euclidean/city20_range50_wouter.json,inplace,euclidean,uniform,20,50.0,0.05789473684210526,7.996653875462944,1.0,11
15,3004,3004,410.0,../data/Results/uniform_euclidean/city20_range50_wouter.json,inplace,euclidean,uniform,20,50.0,0.06315789473684211,8.007700012884358,1.0,12
29,3033,3033,410.0,../data/Results/uniform_euclidean/city20_range50_wouter.json,inplace,euclidean,uniform,20,50.0,0.06315789473684211,8.01730750768891,1.0,12
38,4101,4101,394.0,../data/Results/uniform_euclidean/city20_range50_wouter.json,inplace,euclidean,uniform,20,50.0,0.06842105263157895,8.318986125392303,1.0000000000000002,13
53,4102,4102,394.0,../data/Results/uniform_euclidean/city20_range50_wouter.json,inplace,euclidean,uniform,20,50.0,0.07368421052631578,8.319229938632569,1.0000000000000002,14
62,4107,4107,394.0,../data/Results/uniform_euclidean/city20_range50_wouter.json,inplace,euclidean,uniform,20,50.0,0.07368421052631578,8.320448113956802,1.0000000000000002,14
68,4108,4108,394.0,../data/Results/uniform_euclidean/city20_range50_wouter.json,inplace,euclidean,uniform,20,50.0,0.07894736842105263,8.320691571048693,1.0000000000000002,15
82,4113,4113,394.0,../data/Results/uniform_euclidean/city20_range50_wouter.json,inplace,euclidean,uniform,20,50.0,0.08421052631578947,8.321907968230667,1.0000000000000002,16
83,4796,4796,394.0,../data/Results/uniform_euclidean/city20_range50_wouter.json,inplace,euclidean,uniform,20,50.0,0.08947368421052632,8.475537516147613,1.0,17
84,4813,4813,394.0,../data/Results/uniform_euclidean/city20_range50_wouter.json,inplace,euclidean,uniform,20,50.0,0.08947368421052632,8.479075869303317,1.0,17
85,5254,5254,394.0,../data/Results/uniform_euclidean/city20_range50_wouter.json,inplace,euclidean,uniform,20,50.0,0.08947368421052632,8.566744970245676,1.0,17
90,5356,5356,398.0,../data/Results/uniform_euclidean/city20_range50_wouter.json,inplace,euclidean,uniform,20,50.0,0.08947368421052632,8.58597270681125,1.0,17
104,5358,5358,398.0,../data/Results/uniform_euclidean/city20_range50_wouter.json,inplace,euclidean,uniform,20,50.0,0.09473684210526316,8.58634605010474,1.0,18
107,5374,5374,398.0,../data/Results/uniform_euclidean/city20_range50_wouter.json,inplace,euclidean,uniform,20,50.0,0.1,8.589327789175623,1.0,19
118,5401,5401,398.0,../data/Results/uniform_euclidean/city20_range50_wouter.json,inplace,euclidean,uniform,20,50.0,0.1,8.594339400593077,1.0,19
121,5402,5402,398.0,../data/Results/uniform_euclidean/city20_range50_wouter.json,inplace,euclidean,uniform,20,50.0,0.10526315789473684,8.594524534352747,1.0,20
131,5403,5403,398.0,../data/Results/uniform_euclidean/city20_range50_wouter.json,inplace,euclidean,uniform,20,50.0,0.10526315789473684,8.594709633844252,1.0,20
153,5406,5406,398.0,../data/Results/uniform_euclidean/city20_range50_wouter.json,inplace,euclidean,uniform,20,50.0,0.11052631578947368,8.595264726836579,1.0,21
161,9694,9694,398.0,../data/Results/uniform_euclidean/city20_range50_wouter.json,inplace,euclidean,uniform,20,50.0,0.11052631578947368,9.179262416405425,1.0,21
164,9698,9698,398.0,../data/Results/uniform_euclidean/city20_range50_wouter.json,inplace,euclidean,uniform,20,50.0,0.11578947368421053,9.179674957665402,1.0,22
170,9709,9709,398.0,../data/Results/uniform_euclidean/city20_range50_wouter.json,inplace,euclidean,uniform,20,50.0,0.12105263157894737,9.180808569370248,1.0,23
174,9768,9768,398.0,../data/Results/uniform_euclidean/city20_range50_wouter.json,inplace,euclidean,uniform,20,50.0,0.12631578947368421,9.186867015790643,1.0,24
176,9782,9782,398.0,../data/Results/uniform_euclidean/city20_range50_wouter.json,inplace,euclidean,uniform,20,50.0,0.12631578947368421,9.188299241099404,1.0,24
182,9857,9857,398.0,../data/Results/uniform_euclidean/city20_range50_wouter.json,inplace,euclidean,uniform,20,50.0,0.13157894736842105,9.19593714166554,1.0,25
195,9861,9861,398.0,../data/Results/uniform_euclidean/city20_range50_wouter.json,inplace,euclidean,uniform,20,50.0,0.1368421052631579,9.19634286233243,1.0,26
196,9865,9865,398.0,../data/Results/uniform_euclidean/city20_range50_wouter.json,inplace,euclidean,uniform,20,50.0,0.14210526315789473,9.196748418456817,1.0,27
221,9867,9867,398.0,../data/Results/uniform_euclidean/city20_range50_wouter.json,inplace,euclidean,uniform,20,50.0,0.14736842105263157,9.196951134857269,1.0,28
224,9868,9868,398.0,../data/Results/uniform_euclidean/city20_range50_wouter.json,inplace,euclidean,uniform,20,50.0,0.14736842105263157,9.197052477649349,1.0,28
241,9870,9870,398.0,../data/Results/uniform_euclidean/city20_range50_wouter.json,inplace,euclidean,uniform,20,50.0,0.14736842105263157,9.197255132427628,1.0,28
252,9871,9871,398.0,../data/Results/uniform_euclidean/city20_range50_wouter.json,inplace,euclidean,uniform,20,50.0,0.14736842105263157,9.19735644441799,1.0,28
255,9874,9874,398.0,../data/Results/uniform_euclidean/city20_range50_wouter.json,inplace,euclidean,uniform,20,50.0,0.14736842105263157,9.19766031881891,1.0,28
257,9900,9900,398.0,../data/Results/uniform_euclidean/city20_range50_wouter.json,inplace,euclidean,uniform,20,50.0,0.14736842105263157,9.200290036122782,1.0,28
280,9907,9907,398.0,../data/Results/uniform_euclidean/city20_range50_wouter.json,inplace,euclidean,uniform,20,50.0,0.14736842105263157,9.20099685697313,1.0,28
292,9924,9924,398.0,../data/Results/uniform_euclidean/city20_range50_wouter.json,inplace,euclidean,uniform,20,50.0,0.14736842105263157,9.202711344811792,1.0,28
299,9946,9946,398.0,../data/Results/uniform_euclidean/city20_range50_wouter.json,inplace,euclidean,uniform,20,50.0,0.15263157894736842,9.204925739274785,1.0,29
323,9947,9947,398.0,../data/Results/uniform_euclidean/city20_range50_wouter.json,inplace,euclidean,uniform,20,50.0,0.15263157894736842,9.205026277152514,1.0,29
330,9950,9950,398.0,../data/Results/uniform_euclidean/city20_range50_wouter.json,inplace,euclidean,uniform,20,50.0,0.15263157894736842,9.205327830152738,1.0,29
341,10838,10838,398.0,../data/Results/uniform_euclidean/city20_range50_wouter.json,inplace,euclidean,uniform,20,50.0,0.15263157894736842,9.290813756126152,1.0,29
354,10943,10943,398.0,../data/Results/uniform_euclidean/city20_range50_wouter.json,inplace,euclidean,uniform,20,50.0,0.15263157894736842,9.300455261418534,1.0,29
357,10953,10953,398.0,../data/Results/uniform_euclidean/city20_range50_wouter.json,inplace,euclidean,uniform,20,50.0,0.15263157894736842,9.301368670323837,1.0,29
375,10954,10954,398.0,../data/Results/uniform_euclidean/city20_range50_wouter.json,inplace,euclidean,uniform,20,50.0,0.15263157894736842,9.301459965343758,1.0,29
383,10961,10961,398.0,../data/Results/uniform_euclidean/city20_range50_wouter.json,inplace,euclidean,uniform,20,50.0,0.15789473684210525,9.302098797215814,1.0,30
388,10966,10966,398.0,../data/Results/uniform_euclidean/city20_range50_wouter.json,inplace,euclidean,uniform,20,50.0,0.15789473684210525,9.302554855964084,1.0,30
390,10977,10977,398.0,../data/Results/uniform_euclidean/city20_range50_wouter.json,inplace,euclidean,uniform,20,50.0,0.15789473684210525,9.303557453687407,1.0,30
398,10983,10983,398.0,../data/Results/uniform_euclidean/city20_range50_wouter.json,inplace,euclidean,uniform,20,50.0,0.1631578947368421,9.304103901788437,1.0,31
399,11012,11012,398.0,../data/Results/uniform_euclidean/city20_range50_wouter.json,inplace,euclidean,uniform,20,50.0,0.1631578947368421,9.306740866262588,1.0,31
401,11034,11034,398.0,../data/Results/uniform_euclidean/city20_range50_wouter.json,inplace,euclidean,uniform,20,50.0,0.1631578947368421,9.308736693832467,1.0,31
405,11073,11073,398.0,../data/Results/uniform_euclidean/city20_range50_wouter.json,inplace,euclidean,uniform,20,50.0,0.1631578947368421,9.312264991698198,1.0,31
416,11074,11074,398.0,../data/Results/uniform_euclidean/city20_range50_wouter.json,inplace,euclidean,uniform,20,50.0,0.1631578947368421,9.312355297383004,1.0,31
417,11368,11368,399.0,../data/Results/uniform_euclidean/city20_range50_wouter.json,inplace,euclidean,uniform,20,50.0,0.15789473684210525,9.338557669777025,1.0,30
430,11369,11369,399.0,../data/Results/uniform_euclidean/city20_range50_wouter.json,inplace,euclidean,uniform,20,50.0,0.15789473684210525,9.338645632129195,1.0,30
438,11374,11374,399.0,../data/Results/uniform_euclidean/city20_range50_wouter.json,inplace,euclidean,uniform,20,50.0,0.1631578947368421,9.339085327866833,1.0,31
444,11513,11513,399.0,../data/Results/uniform_euclidean/city20_range50_wouter.json,inplace,euclidean,uniform,20,50.0,0.1631578947368421,9.35123211067375,1.0,31
446,11534,11534,399.0,../data/Results/uniform_euclidean/city20_range50_wouter.json,inplace,euclidean,uniform,20,50.0,0.1631578947368421,9.353054474175444,1.0,31
449,11535,11535,399.0,../data/Results/uniform_euclidean/city20_range50_wouter.json,inplace,euclidean,uniform,20,50.0,0.16842105263157894,9.353141170607941,1.0,32
453,11537,11537,399.0,../data/Results/uniform_euclidean/city20_range50_wouter.json,inplace,euclidean,uniform,20,50.0,0.16842105263157894,9.353314540927377,1.0,32
455,14024,14024,399.0,../data/Results/uniform_euclidean/city20_range50_wouter.json,inplace,euclidean,uniform,20,50.0,0.16842105263157894,9.548525426601142,1.0,32
466,14759,14759,413.0,../data/Results/uniform_euclidean/city20_range50_wouter.json,inplace,euclidean,uniform,20,50.0,0.1631578947368421,9.599608345181844,1.0000000000000002,31
468,14838,14838,413.0,../data/Results/uniform_euclidean/city20_range50_wouter.json,inplace,euclidean,uniform,20,50.0,0.1631578947368421,9.604946736749538,1.0000000000000002,31
476,14839,14839,413.0,../data/Results/uniform_euclidean/city20_range50_wouter.json,inplace,euclidean,uniform,20,50.0,0.1631578947368421,9.605014129006193,1.0000000000000002,31
479,14859,14859,413.0,../data/Results/uniform_euclidean/city20_range50_wouter.json,inplace,euclidean,uniform,20,50.0,0.16842105263157894,9.606361021256415,1.0000000000000002,32
497,14863,14863,413.0,../data/Results/uniform_euclidean/city20_range50_wouter.json,inplace,euclidean,uniform,20,50.0,0.16842105263157894,9.606630182148962,1.0000000000000002,32
514,14867,14867,413.0,../data/Results/uniform_euclidean/city20_range50_wouter.json,inplace,euclidean,uniform,20,50.0,0.16842105263157894,9.606899270613418,1.0000000000000002,32
517,15243,15243,413.0,../data/Results/uniform_euclidean/city20_range50_wouter.json,inplace,euclidean,uniform,20,50.0,0.16842105263157894,9.631875660261906,1.0000000000000002,32
523,15247,15247,413.0,../data/Results/uniform_euclidean/city20_range50_wouter.json,inplace,euclidean,uniform,20,50.0,0.16842105263157894,9.632138041371972,1.0000000000000002,32
527,15253,15253,413.0,../data/Results/uniform_euclidean/city20_range50_wouter.json,inplace,euclidean,uniform,20,50.0,0.16842105263157894,9.632531484,1.0000000000000002,32
538,15283,15283,413.0,../data/Results/uniform_euclidean/city20_range50_wouter.json,inplace,euclidean,uniform,20,50.0,0.1736842105263158,9.634496378527901,1.0000000000000002,33
552,15299,15299,413.0,../data/Results/uniform_euclidean/city20_range50_wouter.json,inplace,euclidean,uniform,20,50.0,0.1736842105263158,9.635542745767445,0.9999999999999998,33
559,15309,15309,413.0,../data/Results/uniform_euclidean/city20_range50_wouter.json,inplace,euclidean,uniform,20,50.0,0.1736842105263158,9.636196169732147,0.9999999999999998,33
562,15316,15316,413.0,../data/Results/uniform_euclidean/city20_range50_wouter.json,inplace,euclidean,uniform,20,50.0,0.1736842105263158,9.63665331259725,0.9999999999999998,33
570,15327,15327,413.0,../data/Results/uniform_euclidean/city20_range50_wouter.json,inplace,euclidean,uniform,20,50.0,0.1736842105263158,9.637371257998973,0.9999999999999998,33
572,15627,15627,413.0,../data/Results/uniform_euclidean/city20_range50_wouter.json,inplace,euclidean,uniform,20,50.0,0.1736842105263158,9.656755466413365,0.9999999999999998,33
582,17136,17136,409.0,../data/Results/uniform_euclidean/city20_range50_wouter.json,inplace,euclidean,uniform,20,50.0,0.1736842105263158,9.748936792687589,1.0,33
586,17138,17138,409.0,../data/Results/uniform_euclidean/city20_range50_wouter.json,inplace,euclidean,uniform,20,50.0,0.1736842105263158,9.749053499229122,1.0,33
598,17156,17156,409.0,../data/Results/uniform_euclidean/city20_range50_wouter.json,inplace,euclidean,uniform,20,50.0,0.17894736842105263,9.75010324563683,1.0,34
599,17166,17166,409.0,../data/Results/uniform_euclidean/city20_range50_wouter.json,inplace,euclidean,uniform,20,50.0,0.17894736842105263,9.750685962278224,1.0,34
601,17167,17167,409.0,../data/Results/uniform_euclidean/city20_range50_wouter.json,inplace,euclidean,uniform,20,50.0,0.17894736842105263,9.750744215270988,1.0,34
603,17174,17174,409.0,../data/Results/uniform_euclidean/city20_range50_wouter.json,inplace,euclidean,uniform,20,50.0,0.17894736842105263,9.751151891232489,1.0,34
622,17175,17175,409.0,../data/Results/uniform_euclidean/city20_range50_wouter.json,inplace,euclidean,uniform,20,50.0,0.17894736842105263,9.751210117090608,1.0,34
623,17176,17176,409.0,../data/Results/uniform_euclidean/city20_range50_wouter.json,inplace,euclidean,uniform,20,50.0,0.17894736842105263,9.751268339558676,1.0,34
630,17177,17177,409.0,../data/Results/uniform_euclidean/city20_range50_wouter.json,inplace,euclidean,uniform,20,50.0,0.17894736842105263,9.751326558637084,1.0,34
633,17180,17180,409.0,../data/Results/uniform_euclidean/city20_range50_wouter.json,inplace,euclidean,uniform,20,50.0,0.17894736842105263,9.751501195538305,1.0,34
657,17203,17203,409.0,../data/Results/uniform_euclidean/city20_range50_wouter.json,inplace,euclidean,uniform,20,50.0,0.17894736842105263,9.752839066197097,1.0,34
665,17205,17205,409.0,../data/Results/uniform_euclidean/city20_range50_wouter.json,inplace,euclidean,uniform,20,50.0,0.18421052631578946,9.752955318231638,1.0,35
670,17208,17208,409.0,../data/Results/uniform_euclidean/city20_range50_wouter.json,inplace,euclidean,uniform,20,50.0,0.18947368421052632,9.753129670947624,1.0,36
679,17213,17213,409.0,../data/Results/uniform_euclidean/city20_range50_wouter.json,inplace,euclidean,uniform,20,50.0,0.18947368421052632,9.753420191271564,1.0,36
683,17283,17283,409.0,../data/Results/uniform_euclidean/city20_range50_wouter.json,inplace,euclidean,uniform,20,50.0,0.18947368421052632,9.757478638400551,1.0,36
685,18172,18172,409.0,../data/Results/uniform_euclidean/city20_range50_wouter.json,inplace,euclidean,uniform,20,50.0,0.18947368421052632,9.807637226879349,1.0000000000000002,36
689,18173,18173,409.0,../data/Results/uniform_euclidean/city20_range50_wouter.json,inplace,euclidean,uniform,20,50.0,0.18947368421052632,9.807692255081315,1.0000000000000002,36
704,18296,18296,411.0,../data/Results/uniform_euclidean/city20_range50_wouter.json,inplace,euclidean,uniform,20,50.0,0.18947368421052632,9.814437735702672,1.0,36
705,18308,18308,411.0,../data/Results/uniform_euclidean/city20_range50_wouter.json,inplace,euclidean,uniform,20,50.0,0.18947368421052632,9.815093401773588,1.0,36
706,18310,18310,411.0,../data/Results/uniform_euclidean/city20_range50_wouter.json,inplace,euclidean,uniform,20,50.0,0.18947368421052632,9.81520263766861,1.0,36
709,21044,21044,411.0,../data/Results/uniform_euclidean/city20_range50_wouter.json,inplace,euclidean,uniform,20,50.0,0.18947368421052632,9.954370762850745,1.0,36
717,21046,21046,411.0,../data/Results/uniform_euclidean/city20_range50_wouter.json,inplace,euclidean,uniform,20,50.0,0.18947368421052632,9.954465797300806,1.0,36
725,21088,21088,411.0,../data/Results/uniform_euclidean/city20_range50_wouter.json,inplace,euclidean,uniform,20,50.0,0.18947368421052632,9.95645943730228,1.0,36
727,21259,21259,411.0,../data/Results/uniform_euclidean/city20_range50_wouter.json,inplace,euclidean,uniform,20,50.0,0.18947368421052632,9.96453561410111,1.0,36
736,21570,21570,412.0,../data/Results/uniform_euclidean/city20_range50_wouter.json,inplace,euclidean,uniform,20,50.0,0.18947368421052632,9.979058739383248,0.9999999999999998,36
739,21573,21573,412.0,../data/Results/uniform_euclidean/city20_range50_wouter.json,inplace,euclidean,uniform,20,50.0,0.18947368421052632,9.97919781177065,0.9999999999999998,36
741,21605,21605,412.0,../data/Results/uniform_euclidean/city20_range50_wouter.json,inplace,euclidean,uniform,20,50.0,0.18947368421052632,9.98068004836608,0.9999999999999998,36
745,21635,21635,412.0,../data/Results/uniform_euclidean/city20_range50_wouter.json,inplace,euclidean,uniform,20,50.0,0.18947368421052632,9.982067652659032,1.0,36
762,21640,21640,412.0,../data/Results/uniform_euclidean/city20_range50_wouter.json,inplace,euclidean,uniform,20,50.0,0.18947368421052632,9.982298732960464,1.0,36
770,21643,21643,412.0,../data/Results/uniform_euclidean/city20_range50_wouter.json,inplace,euclidean,uniform,20,50.0,0.18947368421052632,9.982437355514575,1.0,36
773,21645,21645,412.0,../data/Results/uniform_euclidean/city20_range50_wouter.json,inplace,euclidean,uniform,20,50.0,0.19473684210526315,9.982529759876128,0.9999999999999998,37
785,21646,21646,412.0,../data/Results/uniform_euclidean/city20_range50_wouter.json,inplace,euclidean,uniform,20,50.0,0.19473684210526315,9.982575958855138,0.9999999999999998,37
787,23355,23355,412.0,../data/Results/uniform_euclidean/city20_range50_wouter.json,inplace,euclidean,uniform,20,50.0,0.19473684210526315,10.058566372936252,1.0,37
789,23364,23364,412.0,../data/Results/uniform_euclidean/city20_range50_wouter.json,inplace,euclidean,uniform,20,50.0,0.19473684210526315,10.058951655160243,1.0,37
799,33031,33031,412.0,../data/Results/uniform_euclidean/city20_range50_wouter.json,inplace,euclidean,uniform,20,50.0,0.19473684210526315,10.405201793433687,1.0,37
810,33032,33032,412.0,../data/Results/uniform_euclidean/city20_range50_wouter.json,inplace,euclidean,uniform,20,50.0,0.19473684210526315,10.405232067565956,1.0,37
824,36567,36567,418.0,../data/Results/uniform_euclidean/city20_range50_wouter.json,inplace,euclidean,uniform,20,50.0,0.19473684210526315,10.506901473323973,1.0000000000000002,37
827,36571,36571,418.0,../data/Results/uniform_euclidean/city20_range50_wouter.json,inplace,euclidean,uniform,20,50.0,0.19473684210526315,10.50701085558775,1.0000000000000002,37
839,36687,36687,418.0,../data/Results/uniform_euclidean/city20_range50_wouter.json,inplace,euclidean,uniform,20,50.0,0.19473684210526315,10.510177747857506,1.0000000000000002,37
848,36689,36689,418.0,../data/Results/uniform_euclidean/city20_range50_wouter.json,inplace,euclidean,uniform,20,50.0,0.19473684210526315,10.510232261594982,1.0000000000000002,37
874,36690,36690,418.0,../data/Results/uniform_euclidean/city20_range50_wouter.json,inplace,euclidean,uniform,20,50.0,0.19473684210526315,10.510259517349354,1.0000000000000002,37
878,36696,36696,418.0,../data/Results/uniform_euclidean/city20_range50_wouter.json,inplace,euclidean,uniform,20,50.0,0.19473684210526315,10.510423036277036,1.0000000000000002,37
896,36704,36704,418.0,../data/Results/uniform_euclidean/city20_range50_wouter.json,inplace,euclidean,uniform,20,50.0,0.19473684210526315,10.510641019929125,1.0000000000000002,37
912,36725,36725,418.0,../data/Results/uniform_euclidean/city20_range50_wouter.json,inplace,euclidean,uniform,20,50.0,0.19473684210526315,10.511213001042105,1.0000000000000002,37
916,36726,36726,418.0,../data/Results/uniform_euclidean/city20_range50_wouter.json,inplace,euclidean,uniform,20,50.0,0.19473684210526315,10.511240230079151,1.0000000000000002,37
927,36727,36727,418.0,../data/Results/uniform_euclidean/city20_range50_wouter.json,inplace,euclidean,uniform,20,50.0,0.19473684210526315,10.511267458374798,1.0000000000000002,37
941,36732,36732,418.0,../data/Results/uniform_euclidean/city20_range50_wouter.json,inplace,euclidean,uniform,20,50.0,0.19473684210526315,10.51140358873344,1.0000000000000002,37
961,36733,36733,418.0,../data/Results/uniform_euclidean/city20_range50_wouter.json,inplace,euclidean,uniform,20,50.0,0.19473684210526315,10.511430812581533,1.0000000000000002,37
963,37109,37109,418.0,../data/Results/uniform_euclidean/city20_range50_wouter.json,inplace,euclidean,uniform,20,50.0,0.19473684210526315,10.521614806777018,1.0000000000000002,37
965,37110,37110,418.0,../data/Results/uniform_euclidean/city20_range50_wouter.json,inplace,euclidean,uniform,20,50.0,0.19473684210526315,10.52164175405467,1.0000000000000002,37
977,37111,37111,418.0,../data/Results/uniform_euclidean/city20_range50_wouter.json,inplace,euclidean,uniform,20,50.0,0.19473684210526315,10.521668700606186,1.0000000000000002,37
991,37119,37119,418.0,../data/Results/uniform_euclidean/city20_range50_wouter.json,inplace,euclidean,uniform,20,50.0,0.19473684210526315,10.521884246882113,1.0000000000000002,37
1,1796,1796,519.0,../data/Results/uniform_euclidean/city20_range60_scramble.json,scramble,euclidean,uniform,20,60.0,0.05263157894736842,7.493317248862701,1.0000000000000004,10
22,1843,1843,510.0,../data/Results/uniform_euclidean/city20_range60_scramble.json,scramble,euclidean,uniform,20,60.0,0.05263157894736842,7.519149957670366,1.0000000000000002,10
23,1980,1980,511.0,../data/Results/uniform_euclidean/city20_range60_scramble.json,scramble,euclidean,uniform,20,60.0,0.05263157894736842,7.590852123689086,1.0000000000000002,10
122,2943,2943,509.0,../data/Results/uniform_euclidean/city20_range60_scramble.json,scramble,euclidean,uniform,20,60.0,0.05263157894736842,7.987184748233813,1.0000000000000002,10
178,3244,3244,510.0,../data/Results/uniform_euclidean/city20_range60_scramble.json,scramble,euclidean,uniform,20,60.0,0.05263157894736842,8.084562415235611,0.9999999999999998,10
213,3485,3485,509.0,../data/Results/uniform_euclidean/city20_range60_scramble.json,scramble,euclidean,uniform,20,60.0,0.05263157894736842,8.156223323194912,1.0,10
376,6060,6060,510.0,../data/Results/uniform_euclidean/city20_range60_scramble.json,scramble,euclidean,uniform,20,60.0,0.05263157894736842,8.709465079063525,1.0,10
1,451,451,799.0,../data/Results/uniform_euclidean/city20_range100_swap.json,swap,euclidean,uniform,20,100.0,0.07368421052631578,6.1114673395048955,1.0,14
4,909,909,799.0,../data/Results/uniform_euclidean/city20_range100_swap.json,swap,euclidean,uniform,20,100.0,0.07368421052631578,6.812345094178579,1.0,14
9,964,964,799.0,../data/Results/uniform_euclidean/city20_range100_swap.json,swap,euclidean,uniform,20,100.0,0.07368421052631578,6.871091294611583,0.9999999999999998,14
10,1686,1686,800.0,../data/Results/uniform_euclidean/city20_range100_swap.json,swap,euclidean,uniform,20,100.0,0.07368421052631578,7.430114138562394,0.9999999999999998,14
18,1709,1709,800.0,../data/Results/uniform_euclidean/city20_range100_swap.json,swap,euclidean,uniform,20,100.0,0.07368421052631578,7.443663683116176,0.9999999999999998,14
21,1710,1710,800.0,../data/Results/uniform_euclidean/city20_range100_swap.json,swap,euclidean,uniform,20,100.0,0.07368421052631578,7.444248649497291,0.9999999999999998,14
26,2994,2994,801.0,../data/Results/uniform_euclidean/city20_range100_swap.json,swap,euclidean,uniform,20,100.0,0.07368421052631578,8.004365564979908,0.9999999999999998,14
27,4594,4594,802.0,../data/Results/uniform_euclidean/city20_range100_swap.json,swap,euclidean,uniform,20,100.0,0.07368421052631578,8.432506383249262,0.9999999999999998,14
29,4598,4598,802.0,../data/Results/uniform_euclidean/city20_range100_swap.json,swap,euclidean,uniform,20,100.0,0.07368421052631578,8.433376705323344,0.9999999999999998,14
31,4650,4650,802.0,../data/Results/uniform_euclidean/city20_range100_swap.json,swap,euclidean,uniform,20,100.0,0.07368421052631578,8.444622498581618,0.9999999999999998,14
34,4808,4808,802.0,../data/Results/uniform_euclidean/city20_range100_swap.json,swap,euclidean,uniform,20,100.0,0.07368421052631578,8.478036476215252,0.9999999999999998,14
38,4853,4853,802.0,../data/Results/uniform_euclidean/city20_range100_swap.json,swap,euclidean,uniform,20,100.0,0.07368421052631578,8.487352349405421,0.9999999999999998,14
39,4965,4965,802.0,../data/Results/uniform_euclidean/city20_range100_swap.json,swap,euclidean,uniform,20,100.0,0.07368421052631578,8.510168576479474,0.9999999999999998,14
44,4992,4992,802.0,../data/Results/uniform_euclidean/city20_range100_swap.json,swap,euclidean,uniform,20,100.0,0.07368421052631578,8.515591910049464,0.9999999999999998,14
49,5003,5003,802.0,../data/Results/uniform_euclidean/city20_range100_swap.json,swap,euclidean,uniform,20,100.0,0.07368421052631578,8.517793011488404,0.9999999999999998,14
50,5715,5715,802.0,../data/Results/uniform_euclidean/city20_range100_swap.json,swap,euclidean,uniform,20,100.0,0.07368421052631578,8.650849576229087,0.9999999999999998,14
54,5717,5717,802.0,../data/Results/uniform_euclidean/city20_range100_swap.json,swap,euclidean,uniform,20,100.0,0.07368421052631578,8.651199471264146,0.9999999999999998,14
55,5794,5794,802.0,../data/Results/uniform_euclidean/city20_range100_swap.json,swap,euclidean,uniform,20,100.0,0.07368421052631578,8.664578178329469,0.9999999999999998,14
56,7644,7644,802.0,../data/Results/uniform_euclidean/city20_range100_swap.json,swap,euclidean,uniform,20,100.0,0.07368421052631578,8.941676305360295,0.9999999999999998,14
62,7817,7817,802.0,../data/Results/uniform_euclidean/city20_range100_swap.json,swap,euclidean,uniform,20,100.0,0.07368421052631578,8.964056128220458,0.9999999999999998,14
71,12543,12543,802.0,../data/Results/uniform_euclidean/city20_range100_swap.json,swap,euclidean,uniform,20,100.0,0.07368421052631578,9.436918020024754,0.9999999999999998,14
76,12567,12567,802.0,../data/Results/uniform_euclidean/city20_range100_swap.json,swap,euclidean,uniform,20,100.0,0.07368421052631578,9.438829609615224,0.9999999999999998,14
95,12658,12658,802.0,../data/Results/uniform_euclidean/city20_range100_swap.json,swap,euclidean,uniform,20,100.0,0.07368421052631578,9.44604470533533,0.9999999999999998,14
105,13180,13180,803.0,../data/Results/uniform_euclidean/city20_range100_swap.json,swap,euclidean,uniform,20,100.0,0.07368421052631578,9.486455808056574,0.9999999999999998,14
108,15718,15718,803.0,../data/Results/uniform_euclidean/city20_range100_swap.json,swap,euclidean,uniform,20,100.0,0.07368421052631578,9.662561831426183,0.9999999999999998,14
109,15728,15728,803.0,../data/Results/uniform_euclidean/city20_range100_swap.json,swap,euclidean,uniform,20,100.0,0.07368421052631578,9.663197842387012,0.9999999999999998,14
146,15733,15733,803.0,../data/Results/uniform_euclidean/city20_range100_swap.json,swap,euclidean,uniform,20,100.0,0.07368421052631578,9.663515696240486,0.9999999999999998,14
147,15944,15944,803.0,../data/Results/uniform_euclidean/city20_range100_swap.json,swap,euclidean,uniform,20,100.0,0.07368421052631578,9.676837861892693,0.9999999999999998,14
189,17588,17588,803.0,../data/Results/uniform_euclidean/city20_range100_swap.json,swap,euclidean,uniform,20,100.0,0.07368421052631578,9.774972130300757,0.9999999999999998,14
192,17592,17592,803.0,../data/Results/uniform_euclidean/city20_range100_swap.json,swap,euclidean,uniform,20,100.0,0.07368421052631578,9.775199532234653,0.9999999999999998,14
228,17656,17656,803.0,../data/Results/uniform_euclidean/city20_range100_swap.json,swap,euclidean,uniform,20,100.0,0.07368421052631578,9.77883094793663,0.9999999999999998,14
300,17660,17660,803.0,../data/Results/uniform_euclidean/city20_range100_swap.json,swap,euclidean,uniform,20,100.0,0.07368421052631578,9.779057474158007,0.9999999999999998,14
321,17669,17669,803.0,../data/Results/uniform_euclidean/city20_range100_swap.json,swap,euclidean,uniform,20,100.0,0.07368421052631578,9.779566970616706,0.9999999999999998,14
351,17709,17709,803.0,../data/Results/uniform_euclidean/city20_range100_swap.json,swap,euclidean,uniform,20,100.0,0.07368421052631578,9.781828263908855,0.9999999999999998,14
357,17830,17830,803.0,../data/Results/uniform_euclidean/city20_range100_swap.json,swap,euclidean,uniform,20,100.0,0.07368421052631578,9.788637710857243,0.9999999999999998,14
369,17922,17922,803.0,../data/Results/uniform_euclidean/city20_range100_swap.json,swap,euclidean,uniform,20,100.0,0.07368421052631578,9.79378428744422,0.9999999999999998,14
386,22062,22062,803.0,../data/Results/uniform_euclidean/city20_range100_swap.json,swap,euclidean,uniform,20,100.0,0.07368421052631578,10.001611950529373,0.9999999999999998,14
392,22101,22101,803.0,../data/Results/uniform_euclidean/city20_range100_swap.json,swap,euclidean,uniform,20,100.0,0.07368421052631578,10.00337813535097,0.9999999999999998,14
395,23073,23073,803.0,../data/Results/uniform_euclidean/city20_range100_swap.json,swap,euclidean,uniform,20,100.0,0.07368421052631578,10.046418381725207,0.9999999999999998,14
400,27808,27808,803.0,../data/Results/uniform_euclidean/city20_range100_swap.json,swap,euclidean,uniform,20,100.0,0.07368421052631578,10.233079028065154,0.9999999999999998,14
402,28651,28651,803.0,../data/Results/uniform_euclidean/city20_range100_swap.json,swap,euclidean,uniform,20,100.0,0.07368421052631578,10.26294362554775,0.9999999999999998,14
404,30241,30241,803.0,../data/Results/uniform_euclidean/city20_range100_swap.json,swap,euclidean,uniform,20,100.0,0.07368421052631578,10.31695389852981,0.9999999999999998,14
424,31269,31269,803.0,../data/Results/uniform_euclidean/city20_range100_swap.json,swap,euclidean,uniform,20,100.0,0.07368421052631578,10.350382470407464,0.9999999999999998,14
431,31333,31333,803.0,../data/Results/uniform_euclidean/city20_range100_swap.json,swap,euclidean,uniform,20,100.0,0.07368421052631578,10.352427134229604,0.9999999999999998,14
468,41391,41391,803.0,../data/Results/uniform_euclidean/city20_range100_swap.json,swap,euclidean,uniform,20,100.0,0.07368421052631578,10.630818744876168,0.9999999999999998,14
469,48552,48552,803.0,../data/Results/uniform_euclidean/city20_range100_swap.json,swap,euclidean,uniform,20,100.0,0.07368421052631578,10.790390667515712,0.9999999999999998,14
1,704,704,361.0,../data/Results/uniform_euclidean/city20_range45_scramble.json,scramble,euclidean,uniform,20,45.0,0.031578947368421054,6.556778356159463,0.9999999999999998,6
2,705,705,359.0,../data/Results/uniform_euclidean/city20_range45_scramble.json,scramble,euclidean,uniform,20,45.0,0.031578947368421054,6.558197802813687,1.0,6
7,1022,1022,358.0,../data/Results/uniform_euclidean/city20_range45_scramble.json,scramble,euclidean,uniform,20,45.0,0.031578947368421054,6.929516770764629,1.0,6
16,5188,5188,359.0,../data/Results/uniform_euclidean/city20_range45_scramble.json,scramble,euclidean,uniform,20,45.0,0.031578947368421054,8.554103545436528,1.0000000000000002,6
1,3951,3951,750.0,../data/Results/uniform_euclidean/city20_range90_wouter.json,inplace,euclidean,uniform,20,90.0,0.06842105263157895,8.281723990411644,0.9999999999999997,13
2,4009,4009,746.0,../data/Results/uniform_euclidean/city20_range90_wouter.json,inplace,euclidean,uniform,20,90.0,0.07368421052631578,8.296297112642756,1.0,14
6,4029,4029,746.0,../data/Results/uniform_euclidean/city20_range90_wouter.json,inplace,euclidean,uniform,20,90.0,0.07368421052631578,8.301273485191595,1.0,14
13,4054,4054,739.0,../data/Results/uniform_euclidean/city20_range90_wouter.json,inplace,euclidean,uniform,20,90.0,0.07894736842105263,8.307459327012191,0.9999999999999998,15
22,8973,8973,738.0,../data/Results/uniform_euclidean/city20_range90_wouter.json,inplace,euclidean,uniform,20,90.0,0.08421052631578947,9.101975347298168,1.0000000000000004,16
47,10034,10034,738.0,../data/Results/uniform_euclidean/city20_range90_wouter.json,inplace,euclidean,uniform,20,90.0,0.08421052631578947,9.213734605044298,1.0000000000000004,16
49,10095,10095,738.0,../data/Results/uniform_euclidean/city20_range90_wouter.json,inplace,euclidean,uniform,20,90.0,0.08947368421052632,9.219795530747037,1.0000000000000004,17
79,10487,10487,739.0,../data/Results/uniform_euclidean/city20_range90_wouter.json,inplace,euclidean,uniform,20,90.0,0.08947368421052632,9.2578916738345,1.0000000000000004,17
82,10493,10493,739.0,../data/Results/uniform_euclidean/city20_range90_wouter.json,inplace,euclidean,uniform,20,90.0,0.09473684210526316,9.258463647158006,1.0000000000000004,18
83,14568,14568,730.0,../data/Results/uniform_euclidean/city20_range90_wouter.json,inplace,euclidean,uniform,20,90.0,0.1,9.586582621407512,0.9999999999999998,19
84,14573,14573,730.0,../data/Results/uniform_euclidean/city20_range90_wouter.json,inplace,euclidean,uniform,20,90.0,0.10526315789473684,9.586925780533765,0.9999999999999998,20
137,18514,18514,731.0,../data/Results/uniform_euclidean/city20_range90_wouter.json,inplace,euclidean,uniform,20,90.0,0.10526315789473684,9.82628248162721,0.9999999999999998,20
165,28897,28897,731.0,../data/Results/uniform_euclidean/city20_range90_wouter.json,inplace,euclidean,uniform,20,90.0,0.1,10.271493062483945,1.0000000000000004,19
191,29643,29643,736.0,../data/Results/uniform_euclidean/city20_range90_wouter.json,inplace,euclidean,uniform,20,90.0,0.09473684210526316,10.296981288863106,1.0,18
221,29648,29648,736.0,../data/Results/uniform_euclidean/city20_range90_wouter.json,inplace,euclidean,uniform,20,90.0,0.1,10.297149948525174,1.0,19
227,29651,29651,736.0,../data/Results/uniform_euclidean/city20_range90_wouter.json,inplace,euclidean,uniform,20,90.0,0.1,10.297251130669986,1.0,19
230,29768,29768,736.0,../data/Results/uniform_euclidean/city20_range90_wouter.json,inplace,euclidean,uniform,20,90.0,0.10526315789473684,10.301189270026493,1.0,20
242,37085,37085,732.0,../data/Results/uniform_euclidean/city20_range90_wouter.json,inplace,euclidean,uniform,20,90.0,0.10526315789473684,10.520967854170685,1.0,20
245,37087,37087,732.0,../data/Results/uniform_euclidean/city20_range90_wouter.json,inplace,euclidean,uniform,20,90.0,0.10526315789473684,10.521021782876948,1.0,20
261,37494,37494,732.0,../data/Results/uniform_euclidean/city20_range90_wouter.json,inplace,euclidean,uniform,20,90.0,0.10526315789473684,10.531936199157164,1.0,20
266,37496,37496,732.0,../data/Results/uniform_euclidean/city20_range90_wouter.json,inplace,euclidean,uniform,20,90.0,0.11052631578947368,10.531989539602568,1.0,21
281,37498,37498,732.0,../data/Results/uniform_euclidean/city20_range90_wouter.json,inplace,euclidean,uniform,20,90.0,0.11578947368421053,10.532042877202922,1.0,22
317,38754,38754,732.0,../data/Results/uniform_euclidean/city20_range90_wouter.json,inplace,euclidean,uniform,20,90.0,0.11052631578947368,10.564989255260553,1.0,21
365,42063,42063,734.0,../data/Results/uniform_euclidean/city20_range90_wouter.json,inplace,euclidean,uniform,20,90.0,0.11052631578947368,10.646923773389265,1.0,21
372,42065,42065,734.0,../data/Results/uniform_euclidean/city20_range90_wouter.json,inplace,euclidean,uniform,20,90.0,0.11578947368421053,10.646971319984937,1.0,22
412,42070,42070,734.0,../data/Results/uniform_euclidean/city20_range90_wouter.json,inplace,euclidean,uniform,20,90.0,0.12105263157894737,10.647090176584591,1.0,23
443,42077,42077,734.0,../data/Results/uniform_euclidean/city20_range90_wouter.json,inplace,euclidean,uniform,20,90.0,0.12105263157894737,10.647256552094499,1.0,23
481,42322,42322,734.0,../data/Results/uniform_euclidean/city20_range90_wouter.json,inplace,euclidean,uniform,20,90.0,0.12105263157894737,10.65306232439474,1.0,23
500,42485,42485,734.0,../data/Results/uniform_euclidean/city20_range90_wouter.json,inplace,euclidean,uniform,20,90.0,0.12631578947368421,10.656906351437666,1.0,24
528,42812,42812,734.0,../data/Results/uniform_euclidean/city20_range90_wouter.json,inplace,euclidean,uniform,20,90.0,0.12631578947368421,10.66457371610429,1.0,24
544,42870,42870,734.0,../data/Results/uniform_euclidean/city20_range90_wouter.json,inplace,euclidean,uniform,20,90.0,0.13157894736842105,10.665927559592046,1.0,25
567,47511,47511,701.0,../data/Results/uniform_euclidean/city20_range90_wouter.json,inplace,euclidean,uniform,20,90.0,0.1368421052631579,10.768716542159856,1.0000000000000002,26
570,57976,57976,701.0,../data/Results/uniform_euclidean/city20_range90_wouter.json,inplace,euclidean,uniform,20,90.0,0.1368421052631579,10.967784410789134,1.0000000000000002,26
599,57977,57977,701.0,../data/Results/uniform_euclidean/city20_range90_wouter.json,inplace,euclidean,uniform,20,90.0,0.1368421052631579,10.967801659157008,1.0000000000000002,26
1,241,241,212.0,../data/Results/uniform_euclidean/city20_range25_wouter.json,inplace,euclidean,uniform,20,25.0,0.02631578947368421,5.484796933494804,0.9999999999999997,5
11,408,408,206.0,../data/Results/uniform_euclidean/city20_range25_wouter.json,inplace,euclidean,uniform,20,25.0,0.031578947368421054,6.011267174406613,0.9999999999999998,6
12,511,511,200.0,../data/Results/uniform_euclidean/city20_range25_wouter.json,inplace,euclidean,uniform,20,25.0,0.031578947368421054,6.236369590205661,1.0,6
14,626,626,194.0,../data/Results/uniform_euclidean/city20_range25_wouter.json,inplace,euclidean,uniform,20,25.0,0.03684210526315789,6.439350371101696,1.0,7
19,804,804,194.0,../data/Results/uniform_euclidean/city20_range25_wouter.json,inplace,euclidean,uniform,20,25.0,0.042105263157894736,6.68959926918021,1.0,8
34,1049,1049,192.0,../data/Results/uniform_euclidean/city20_range25_wouter.json,inplace,euclidean,uniform,20,25.0,0.042105263157894736,6.95559260839725,1.0,8
35,1059,1059,192.0,../data/Results/uniform_euclidean/city20_range25_wouter.json,inplace,euclidean,uniform,20,25.0,0.04736842105263158,6.965080345602351,1.0,9
37,1069,1069,192.0,../data/Results/uniform_euclidean/city20_range25_wouter.json,inplace,euclidean,uniform,20,25.0,0.05263157894736842,6.97447891102598,1.0,10
41,1073,1073,192.0,../data/Results/uniform_euclidean/city20_range25_wouter.json,inplace,euclidean,uniform,20,25.0,0.05789473684210526,6.97821374263163,1.0,11
42,1142,1142,192.0,../data/Results/uniform_euclidean/city20_range25_wouter.json,inplace,euclidean,uniform,20,25.0,0.05789473684210526,7.040536390216831,1.0,11
47,1144,1144,192.0,../data/Results/uniform_euclidean/city20_range25_wouter.json,inplace,euclidean,uniform,20,25.0,0.06315789473684211,7.042286171940617,1.0,12
58,1636,1636,191.0,../data/Results/uniform_euclidean/city20_range25_wouter.json,inplace,euclidean,uniform,20,25.0,0.06315789473684211,7.400009517163304,1.0,12
83,1637,1637,190.0,../data/Results/uniform_euclidean/city20_range25_wouter.json,inplace,euclidean,uniform,20,25.0,0.06315789473684211,7.400620577371746,1.0,12
86,1902,1902,187.0,../data/Results/uniform_euclidean/city20_range25_wouter.json,inplace,euclidean,uniform,20,25.0,0.06842105263157895,7.5506612431058615,1.0,13
94,1905,1905,188.0,../data/Results/uniform_euclidean/city20_range25_wouter.json,inplace,euclidean,uniform,20,25.0,0.06315789473684211,7.552237287561327,0.9999999999999998,12
96,1913,1913,188.0,../data/Results/uniform_euclidean/city20_range25_wouter.json,inplace,euclidean,uniform,20,25.0,0.06315789473684211,7.556427969440776,0.9999999999999998,12
109,1916,1916,188.0,../data/Results/uniform_euclidean/city20_range25_wouter.json,inplace,euclidean,uniform,20,25.0,0.06315789473684211,7.557994958531328,0.9999999999999998,12
113,2490,2490,188.0,../data/Results/uniform_euclidean/city20_range25_wouter.json,inplace,euclidean,uniform,20,25.0,0.06315789473684211,7.820037989459155,0.9999999999999998,12
123,4557,4557,188.0,../data/Results/uniform_euclidean/city20_range25_wouter.json,inplace,euclidean,uniform,20,25.0,0.06315789473684211,8.424419791264102,0.9999999999999998,12
133,4647,4647,188.0,../data/Results/uniform_euclidean/city20_range25_wouter.json,inplace,euclidean,uniform,20,25.0,0.06315789473684211,8.443977129085194,0.9999999999999998,12
151,12226,12226,188.0,../data/Results/uniform_euclidean/city20_range25_wouter.json,inplace,euclidean,uniform,20,25.0,0.06842105263157895,9.411320110588752,1.0,13
154,12229,12229,188.0,../data/Results/uniform_euclidean/city20_range25_wouter.json,inplace,euclidean,uniform,20,25.0,0.07368421052631578,9.411565459189452,1.0,14
155,12233,12233,188.0,../data/Results/uniform_euclidean/city20_range25_wouter.json,inplace,euclidean,uniform,20,25.0,0.07368421052631578,9.411892497046999,1.0,14
187,12370,12370,188.0,../data/Results/uniform_euclidean/city20_range25_wouter.json,inplace,euclidean,uniform,20,25.0,0.07894736842105263,9.423029465386614,1.0,15
191,13133,13133,190.0,../data/Results/uniform_euclidean/city20_range25_wouter.json,inplace,euclidean,uniform,20,25.0,0.07894736842105263,9.482883425585236,0.9999999999999998,15
192,13134,13134,190.0,../data/Results/uniform_euclidean/city20_range25_wouter.json,inplace,euclidean,uniform,20,25.0,0.08421052631578947,9.482959566750994,0.9999999999999998,16
206,13138,13138,190.0,../data/Results/uniform_euclidean/city20_range25_wouter.json,inplace,euclidean,uniform,20,25.0,0.08421052631578947,9.483264073452494,0.9999999999999998,16
210,13141,13141,190.0,../data/Results/uniform_euclidean/city20_range25_wouter.json,inplace,euclidean,uniform,20,25.0,0.08421052631578947,9.483492392643715,0.9999999999999998,16
225,13148,13148,190.0,../data/Results/uniform_euclidean/city20_range25_wouter.json,inplace,euclidean,uniform,20,25.0,0.08421052631578947,9.484024934784186,0.9999999999999998,16
239,14190,14190,183.0,../data/Results/uniform_euclidean/city20_range25_wouter.json,inplace,euclidean,uniform,20,25.0,0.08947368421052632,9.56029277015416,0.9999999999999998,17
246,14209,14209,183.0,../data/Results/uniform_euclidean/city20_range25_wouter.json,inplace,euclidean,uniform,20,25.0,0.08947368421052632,9.561630845638145,0.9999999999999998,17
248,14224,14224,183.0,../data/Results/uniform_euclidean/city20_range25_wouter.json,inplace,euclidean,uniform,20,25.0,0.09473684210526316,9.562685957753756,0.9999999999999998,18
257,15175,15175,183.0,../data/Results/uniform_euclidean/city20_range25_wouter.json,inplace,euclidean,uniform,20,25.0,0.09473684210526316,9.627404615927764,0.9999999999999998,18
258,15176,15176,183.0,../data/Results/uniform_euclidean/city20_range25_wouter.json,inplace,euclidean,uniform,20,25.0,0.09473684210526316,9.627470511614916,0.9999999999999998,18
261,15179,15179,183.0,../data/Results/uniform_euclidean/city20_range25_wouter.json,inplace,euclidean,uniform,20,25.0,0.09473684210526316,9.627668172626926,0.9999999999999998,18
263,17474,17474,183.0,../data/Results/uniform_euclidean/city20_range25_wouter.json,inplace,euclidean,uniform,20,25.0,0.09473684210526316,9.768469340858097,0.9999999999999998,18
273,17475,17475,183.0,../data/Results/uniform_euclidean/city20_range25_wouter.json,inplace,euclidean,uniform,20,25.0,0.1,9.768526567102068,0.9999999999999998,19
276,17479,17479,183.0,../data/Results/uniform_euclidean/city20_range25_wouter.json,inplace,euclidean,uniform,20,25.0,0.1,9.768755439335143,0.9999999999999998,19
283,23062,23062,183.0,../data/Results/uniform_euclidean/city20_range25_wouter.json,inplace,euclidean,uniform,20,25.0,0.1,10.045941520331105,0.9999999999999998,19
290,23071,23071,183.0,../data/Results/uniform_euclidean/city20_range25_wouter.json,inplace,euclidean,uniform,20,25.0,0.1,10.046331696565652,0.9999999999999998,19
299,23107,23107,183.0,../data/Results/uniform_euclidean/city20_range25_wouter.json,inplace,euclidean,uniform,20,25.0,0.1,10.04789088090855,0.9999999999999998,19
303,33709,33709,184.0,../data/Results/uniform_euclidean/city20_range25_wouter.json,inplace,euclidean,uniform,20,25.0,0.1,10.425520143000231,1.0000000000000002,19
309,37164,37164,184.0,../data/Results/uniform_euclidean/city20_range25_wouter.json,inplace,euclidean,uniform,20,25.0,0.1,10.52309582976123,1.0000000000000002,19
321,38907,38907,184.0,../data/Results/uniform_euclidean/city20_range25_wouter.json,inplace,euclidean,uniform,20,25.0,0.1,10.568929462003878,0.9999999999999998,19
323,38937,38937,184.0,../data/Results/uniform_euclidean/city20_range25_wouter.json,inplace,euclidean,uniform,20,25.0,0.1,10.569700234355894,0.9999999999999998,19
328,39379,39379,184.0,../data/Results/uniform_euclidean/city20_range25_wouter.json,inplace,euclidean,uniform,20,25.0,0.1,10.580987958269906,0.9999999999999998,19
330,49504,49504,184.0,../data/Results/uniform_euclidean/city20_range25_wouter.json,inplace,euclidean,uniform,20,25.0,0.1,10.809808753372813,0.9999999999999998,19
340,61732,61732,184.0,../data/Results/uniform_euclidean/city20_range25_wouter.json,inplace,euclidean,uniform,20,25.0,0.1,11.030557714020738,0.9999999999999998,19
350,61765,61765,184.0,../data/Results/uniform_euclidean/city20_range25_wouter.json,inplace,euclidean,uniform,20,25.0,0.1,11.03109213997093,0.9999999999999998,19
353,61766,61766,184.0,../data/Results/uniform_euclidean/city20_range25_wouter.json,inplace,euclidean,uniform,20,25.0,0.10526315789473684,11.031108330238961,0.9999999999999998,20
354,89966,89966,184.0,../data/Results/uniform_euclidean/city20_range25_wouter.json,inplace,euclidean,uniform,20,25.0,0.10526315789473684,11.407187100158634,0.9999999999999998,20
359,90014,90014,184.0,../data/Results/uniform_euclidean/city20_range25_wouter.json,inplace,euclidean,uniform,20,25.0,0.10526315789473684,11.407720492770459,0.9999999999999998,20
364,118273,118273,191.0,../data/Results/uniform_euclidean/city20_range25_wouter.json,inplace,euclidean,uniform,20,25.0,0.1,11.680750790612146,1.0,19
369,129856,129856,191.0,../data/Results/uniform_euclidean/city20_range25_wouter.json,inplace,euclidean,uniform,20,25.0,0.1,11.774181423185494,1.0,19
370,133161,133161,191.0,../data/Results/uniform_euclidean/city20_range25_wouter.json,inplace,euclidean,uniform,20,25.0,0.1,11.799314201423462,1.0,19
372,133166,133166,191.0,../data/Results/uniform_euclidean/city20_range25_wouter.json,inplace,euclidean,uniform,20,25.0,0.1,11.799351749250011,1.0,19
378,133531,133531,191.0,../data/Results/uniform_euclidean/city20_range25_wouter.json,inplace,euclidean,uniform,20,25.0,0.1,11.802088939603768,1.0,19
385,192732,192732,191.0,../data/Results/uniform_euclidean/city20_range25_wouter.json,inplace,euclidean,uniform,20,25.0,0.1,12.169055901850903,1.0,19
388,292109,292109,191.0,../data/Results/uniform_euclidean/city20_range25_wouter.json,inplace,euclidean,uniform,20,25.0,0.1,12.584882299267147,1.0,19
400,357335,357335,187.0,../data/Results/uniform_euclidean/city20_range25_wouter.json,inplace,euclidean,uniform,20,25.0,0.10526315789473684,12.786428996113004,0.9999999999999998,20
410,357364,357364,187.0,../data/Results/uniform_euclidean/city20_range25_wouter.json,inplace,euclidean,uniform,20,25.0,0.10526315789473684,12.786510149157898,0.9999999999999998,20
435,358143,358143,187.0,../data/Results/uniform_euclidean/city20_range25_wouter.json,inplace,euclidean,uniform,20,25.0,0.10526315789473684,12.788687626968168,0.9999999999999998,20
446,361858,361858,187.0,../data/Results/uniform_euclidean/city20_range25_wouter.json,inplace,euclidean,uniform,20,25.0,0.10526315789473684,12.799007148658424,0.9999999999999998,20
447,361969,361969,187.0,../data/Results/uniform_euclidean/city20_range25_wouter.json,inplace,euclidean,uniform,20,25.0,0.10526315789473684,12.799313851781879,0.9999999999999998,20
485,546346,546346,187.0,../data/Results/uniform_euclidean/city20_range25_wouter.json,inplace,euclidean,uniform,20,25.0,0.10526315789473684,13.211007753657917,1.0,20
490,546967,546967,187.0,../data/Results/uniform_euclidean/city20_range25_wouter.json,inplace,euclidean,uniform,20,25.0,0.10526315789473684,13.212143750516606,1.0,20
504,588326,588326,189.0,../data/Results/uniform_euclidean/city20_range25_wouter.json,inplace,euclidean,uniform,20,25.0,0.10526315789473684,13.285036495014507,1.0,20
507,655293,655293,180.0,../data/Results/uniform_euclidean/city20_range25_wouter.json,inplace,euclidean,uniform,20,25.0,0.11052631578947368,13.392837742840214,1.0,21
528,957389,957389,180.0,../data/Results/uniform_euclidean/city20_range25_wouter.json,inplace,euclidean,uniform,20,25.0,0.11052631578947368,13.771965066423947,1.0000000000000002,21
537,957445,957445,180.0,../data/Results/uniform_euclidean/city20_range25_wouter.json,inplace,euclidean,uniform,20,25.0,0.11052631578947368,13.772023557133863,1.0000000000000002,21
540,957989,957989,180.0,../data/Results/uniform_euclidean/city20_range25_wouter.json,inplace,euclidean,uniform,20,25.0,0.11052631578947368,13.77259157463238,1.0000000000000002,21
551,958588,958588,180.0,../data/Results/uniform_euclidean/city20_range25_wouter.json,inplace,euclidean,uniform,20,25.0,0.11052631578947368,13.773216647373525,1.0000000000000002,21
558,959155,959155,180.0,../data/Results/uniform_euclidean/city20_range25_wouter.json,inplace,euclidean,uniform,20,25.0,0.10526315789473684,13.773807967499863,1.0000000000000002,20
563,959172,959172,180.0,../data/Results/uniform_euclidean/city20_range25_wouter.json,inplace,euclidean,uniform,20,25.0,0.10526315789473684,13.773825691276883,1.0000000000000002,20
574,1417666,1417666,184.0,../data/Results/uniform_euclidean/city20_range25_wouter.json,inplace,euclidean,uniform,20,25.0,0.1,14.16452241531126,1.0,19
585,1798464,1798464,184.0,../data/Results/uniform_euclidean/city20_range25_wouter.json,inplace,euclidean,uniform,20,25.0,0.1,14.402443525236913,1.0,19
600,1799085,1799085,184.0,../data/Results/uniform_euclidean/city20_range25_wouter.json,inplace,euclidean,uniform,20,25.0,0.1,14.40278876028787,1.0,19
601,1799790,1799790,184.0,../data/Results/uniform_euclidean/city20_range25_wouter.json,inplace,euclidean,uniform,20,25.0,0.1,14.403180549393642,1.0,19
1,170,170,0.0,../data/Results/uniform_euclidean/city30_range5_scramble.json,scramble,euclidean,uniform,30,5.0,0.0022988505747126436,5.1357984370561445,,1
1,6341,6341,550.0,../data/Results/uniform_euclidean/city30_range45_swap.json,swap,euclidean,uniform,30,45.0,0.01839080459770115,8.75479176370019,0.9999999999999998,8
2,6979,6979,550.0,../data/Results/uniform_euclidean/city30_range45_swap.json,swap,euclidean,uniform,30,45.0,0.01839080459770115,8.850660919017296,0.9999999999999998,8
5,7265,7265,550.0,../data/Results/uniform_euclidean/city30_range45_swap.json,swap,euclidean,uniform,30,45.0,0.01839080459770115,8.890823576004522,0.9999999999999998,8
53,7635,7635,550.0,../data/Results/uniform_euclidean/city30_range45_swap.json,swap,euclidean,uniform,30,45.0,0.01839080459770115,8.940498217652864,0.9999999999999998,8
61,7845,7845,550.0,../data/Results/uniform_euclidean/city30_range45_swap.json,swap,euclidean,uniform,30,45.0,0.01839080459770115,8.96763166516726,0.9999999999999998,8
62,10719,10719,550.0,../data/Results/uniform_euclidean/city30_range45_swap.json,swap,euclidean,uniform,30,45.0,0.01839080459770115,9.279773146691612,0.9999999999999998,8
79,11963,11963,550.0,../data/Results/uniform_euclidean/city30_range45_swap.json,swap,euclidean,uniform,30,45.0,0.01839080459770115,9.389573832170989,0.9999999999999998,8
95,12580,12580,550.0,../data/Results/uniform_euclidean/city30_range45_swap.json,swap,euclidean,uniform,30,45.0,0.01839080459770115,9.439863530254511,0.9999999999999998,8
106,13709,13709,550.0,../data/Results/uniform_euclidean/city30_range45_swap.json,swap,euclidean,uniform,30,45.0,0.01839080459770115,9.525807830435973,0.9999999999999998,8
119,19630,19630,550.0,../data/Results/uniform_euclidean/city30_range45_swap.json,swap,euclidean,uniform,30,45.0,0.01839080459770115,9.884814287270558,0.9999999999999998,8
121,29551,29551,550.0,../data/Results/uniform_euclidean/city30_range45_swap.json,swap,euclidean,uniform,30,45.0,0.01839080459770115,10.293872863209232,0.9999999999999998,8
124,29552,29552,550.0,../data/Results/uniform_euclidean/city30_range45_swap.json,swap,euclidean,uniform,30,45.0,0.01839080459770115,10.293906702439054,0.9999999999999998,8
125,36836,36836,550.0,../data/Results/uniform_euclidean/city30_range45_swap.json,swap,euclidean,uniform,30,45.0,0.01839080459770115,10.514230906841284,0.9999999999999998,8
127,37817,37817,550.0,../data/Results/uniform_euclidean/city30_range45_swap.json,swap,euclidean,uniform,30,45.0,0.01839080459770115,10.540514015956765,0.9999999999999998,8
128,37841,37841,550.0,../data/Results/uniform_euclidean/city30_range45_swap.json,swap,euclidean,uniform,30,45.0,0.01839080459770115,10.541148449877964,0.9999999999999998,8
131,53273,53273,550.0,../data/Results/uniform_euclidean/city30_range45_swap.json,swap,euclidean,uniform,30,45.0,0.01839080459770115,10.883184915201618,0.9999999999999998,8
135,62437,62437,549.0,../data/Results/uniform_euclidean/city30_range45_swap.json,swap,euclidean,uniform,30,45.0,0.01839080459770115,11.041913327350853,0.9999999999999998,8
140,77285,77285,549.0,../data/Results/uniform_euclidean/city30_range45_swap.json,swap,euclidean,uniform,30,45.0,0.01839080459770115,11.255255166586432,0.9999999999999998,8
141,83705,83705,549.0,../data/Results/uniform_euclidean/city30_range45_swap.json,swap,euclidean,uniform,30,45.0,0.01839080459770115,11.335053991849897,0.9999999999999998,8
142,105856,105856,549.0,../data/Results/uniform_euclidean/city30_range45_swap.json,swap,euclidean,uniform,30,45.0,0.01839080459770115,11.569834958943318,1.0000000000000002,8
159,106685,106685,549.0,../data/Results/uniform_euclidean/city30_range45_swap.json,swap,euclidean,uniform,30,45.0,0.01839080459770115,11.577635846338993,1.0000000000000002,8
162,107333,107333,549.0,../data/Results/uniform_euclidean/city30_range45_swap.json,swap,euclidean,uniform,30,45.0,0.01839080459770115,11.58369143026356,1.0000000000000002,8
164,120981,120981,549.0,../data/Results/uniform_euclidean/city30_range45_swap.json,swap,euclidean,uniform,30,45.0,0.01839080459770115,11.703388787455815,1.0000000000000002,8
166,120982,120982,549.0,../data/Results/uniform_euclidean/city30_range45_swap.json,swap,euclidean,uniform,30,45.0,0.01839080459770115,11.703397053182393,1.0000000000000002,8
169,900316,900316,550.0,../data/Results/uniform_euclidean/city30_range45_swap.json,swap,euclidean,uniform,30,45.0,0.01839080459770115,13.710501091792478,1.0000000000000002,8
170,900332,900332,550.0,../data/Results/uniform_euclidean/city30_range45_swap.json,swap,euclidean,uniform,30,45.0,0.01839080459770115,13.71051886317256,1.0000000000000002,8
172,902272,902272,550.0,../data/Results/uniform_euclidean/city30_range45_swap.json,swap,euclidean,uniform,30,45.0,0.01839080459770115,13.712671305693494,1.0000000000000002,8
173,902940,902940,550.0,../data/Results/uniform_euclidean/city30_range45_swap.json,swap,euclidean,uniform,30,45.0,0.01839080459770115,13.71341138500882,1.0000000000000002,8
178,903307,903307,550.0,../data/Results/uniform_euclidean/city30_range45_swap.json,swap,euclidean,uniform,30,45.0,0.01839080459770115,13.713817752471355,1.0000000000000002,8
181,904246,904246,550.0,../data/Results/uniform_euclidean/city30_range45_swap.json,swap,euclidean,uniform,30,45.0,0.01839080459770115,13.71485672624913,1.0000000000000002,8
187,904247,904247,550.0,../data/Results/uniform_euclidean/city30_range45_swap.json,swap,euclidean,uniform,30,45.0,0.01839080459770115,13.714857832142268,1.0000000000000002,8
190,926911,926911,550.0,../data/Results/uniform_euclidean/city30_range45_swap.json,swap,euclidean,uniform,30,45.0,0.01839080459770115,13.73961283130888,1.0000000000000002,8
191,1050969,1050969,550.0,../data/Results/uniform_euclidean/city30_range45_swap.json,swap,euclidean,uniform,30,45.0,0.01839080459770115,13.865223153705719,1.0000000000000002,8
192,1051037,1051037,550.0,../data/Results/uniform_euclidean/city30_range45_swap.json,swap,euclidean,uniform,30,45.0,0.01839080459770115,13.865287853806501,1.0000000000000002,8
193,1055655,1055655,550.0,../data/Results/uniform_euclidean/city30_range45_swap.json,swap,euclidean,uniform,30,45.0,0.01839080459770115,13.869671985323334,1.0000000000000002,8
194,1057763,1057763,550.0,../data/Results/uniform_euclidean/city30_range45_swap.json,swap,euclidean,uniform,30,45.0,0.01839080459770115,13.871666858745504,1.0000000000000002,8
195,1172384,1172384,550.0,../data/Results/uniform_euclidean/city30_range45_swap.json,swap,euclidean,uniform,30,45.0,0.01839080459770115,13.974549840506372,1.0000000000000002,8
199,1172390,1172390,550.0,../data/Results/uniform_euclidean/city30_range45_swap.json,swap,euclidean,uniform,30,45.0,0.01839080459770115,13.974554958270387,1.0000000000000002,8
200,1172612,1172612,550.0,../data/Results/uniform_euclidean/city30_range45_swap.json,swap,euclidean,uniform,30,45.0,0.01839080459770115,13.974744297128659,1.0000000000000002,8
201,1185175,1185175,550.0,../data/Results/uniform_euclidean/city30_range45_swap.json,swap,euclidean,uniform,30,45.0,0.01839080459770115,13.985401000972747,1.0000000000000002,8
203,1185344,1185344,550.0,../data/Results/uniform_euclidean/city30_range45_swap.json,swap,euclidean,uniform,30,45.0,0.01839080459770115,13.985543585782475,1.0000000000000002,8
204,1185712,1185712,550.0,../data/Results/uniform_euclidean/city30_range45_swap.json,swap,euclidean,uniform,30,45.0,0.01839080459770115,13.985853995998813,1.0000000000000002,8
205,1186312,1186312,550.0,../data/Results/uniform_euclidean/city30_range45_swap.json,swap,euclidean,uniform,30,45.0,0.01839080459770115,13.986359893083156,1.0000000000000002,8
214,1192364,1192364,550.0,../data/Results/uniform_euclidean/city30_range45_swap.json,swap,euclidean,uniform,30,45.0,0.01839080459770115,13.991448449119288,1.0000000000000002,8
216,1216418,1216418,550.0,../data/Results/uniform_euclidean/city30_range45_swap.json,swap,euclidean,uniform,30,45.0,0.01839080459770115,14.011421032439754,1.0000000000000002,8
218,1216459,1216459,550.0,../data/Results/uniform_euclidean/city30_range45_swap.json,swap,euclidean,uniform,30,45.0,0.01839080459770115,14.011454737390729,1.0000000000000002,8
221,2475177,2475177,551.0,../data/Results/uniform_euclidean/city30_range45_swap.json,swap,euclidean,uniform,30,45.0,0.01839080459770115,14.721822466579356,0.9999999999999996,8
1,1362,1362,130.0,../data/Results/uniform_euclidean/city20_range10_wouter.json,inplace,euclidean,uniform,20,10.0,0.015789473684210527,7.216709486710192,1.0,3
4,1615,1615,129.0,../data/Results/uniform_euclidean/city20_range10_wouter.json,inplace,euclidean,uniform,20,10.0,0.015789473684210527,7.387090235657376,1.0000000000000002,3
10,1947,1947,127.0,../data/Results/uniform_euclidean/city20_range10_wouter.json,inplace,euclidean,uniform,20,10.0,0.021052631578947368,7.574045005372713,1.0000000000000002,4
16,3533,3533,127.0,../data/Results/uniform_euclidean/city20_range10_wouter.json,inplace,euclidean,uniform,20,10.0,0.021052631578947368,8.169902647359429,1.0000000000000002,4
21,4821,4821,122.0,../data/Results/uniform_euclidean/city20_range10_wouter.json,inplace,euclidean,uniform,20,10.0,0.02631578947368421,8.48073665440583,1.0,5
28,6745,6745,121.0,../data/Results/uniform_euclidean/city20_range10_wouter.json,inplace,euclidean,uniform,20,10.0,0.031578947368421054,8.816556768642005,0.9999999999999998,6
30,7944,7944,121.0,../data/Results/uniform_euclidean/city20_range10_wouter.json,inplace,euclidean,uniform,20,10.0,0.031578947368421054,8.980172205725134,0.9999999999999998,6
51,12984,12984,121.0,../data/Results/uniform_euclidean/city20_range10_wouter.json,inplace,euclidean,uniform,20,10.0,0.031578947368421054,9.471473109194504,1.0,6
52,20170,20170,118.0,../data/Results/uniform_euclidean/city20_range10_wouter.json,inplace,euclidean,uniform,20,10.0,0.031578947368421054,9.911951630948307,0.9999999999999998,6
59,42532,42532,117.0,../data/Results/uniform_euclidean/city20_range10_wouter.json,inplace,euclidean,uniform,20,10.0,0.03684210526315789,10.658012012771,0.9999999999999998,7
71,42857,42857,117.0,../data/Results/uniform_euclidean/city20_range10_wouter.json,inplace,euclidean,uniform,20,10.0,0.03684210526315789,10.665624271244159,0.9999999999999998,7
72,43996,43996,117.0,../data/Results/uniform_euclidean/city20_range10_wouter.json,inplace,euclidean,uniform,20,10.0,0.03684210526315789,10.69185399967703,0.9999999999999998,7
73,115156,115156,117.0,../data/Results/uniform_euclidean/city20_range10_wouter.json,inplace,euclidean,uniform,20,10.0,0.03684210526315789,11.654043009840136,1.0,7
98,126641,126641,117.0,../data/Results/uniform_euclidean/city20_range10_wouter.json,inplace,euclidean,uniform,20,10.0,0.03684210526315789,11.749111590922967,1.0,7
102,164405,164405,117.0,../data/Results/uniform_euclidean/city20_range10_wouter.json,inplace,euclidean,uniform,20,10.0,0.042105263157894736,12.010088174767041,1.0,8
113,166075,166075,117.0,../data/Results/uniform_euclidean/city20_range10_wouter.json,inplace,euclidean,uniform,20,10.0,0.042105263157894736,12.020194772533447,1.0,8
122,413964,413964,117.0,../data/Results/uniform_euclidean/city20_range10_wouter.json,inplace,euclidean,uniform,20,10.0,0.042105263157894736,12.933534292504778,1.0,8
155,431385,431385,117.0,../data/Results/uniform_euclidean/city20_range10_wouter.json,inplace,euclidean,uniform,20,10.0,0.042105263157894736,12.974756241818083,1.0,8
175,431443,431443,117.0,../data/Results/uniform_euclidean/city20_range10_wouter.json,inplace,euclidean,uniform,20,10.0,0.042105263157894736,12.974890683445123,1.0,8
236,442497,442497,120.0,../data/Results/uniform_euclidean/city20_range10_wouter.json,inplace,euclidean,uniform,20,10.0,0.03684210526315789,13.000188963746124,1.0,7
237,678363,678363,120.0,../data/Results/uniform_euclidean/city20_range10_wouter.json,inplace,euclidean,uniform,20,10.0,0.03684210526315789,13.427437821878128,0.9999999999999998,7
267,1269214,1269214,120.0,../data/Results/uniform_euclidean/city20_range10_wouter.json,inplace,euclidean,uniform,20,10.0,0.03684210526315789,14.05390836920078,1.0,7
275,1782323,1782323,120.0,../data/Results/uniform_euclidean/city20_range10_wouter.json,inplace,euclidean,uniform,20,10.0,0.03684210526315789,14.393428127602414,1.0,7
303,1910030,1910030,120.0,../data/Results/uniform_euclidean/city20_range10_wouter.json,inplace,euclidean,uniform,20,10.0,0.03684210526315789,14.462629506705746,1.0,7
319,2102510,2102510,120.0,../data/Results/uniform_euclidean/city20_range10_wouter.json,inplace,euclidean,uniform,20,10.0,0.03684210526315789,14.558642427060498,1.0,7
321,2222204,2222204,120.0,../data/Results/uniform_euclidean/city20_range10_wouter.json,inplace,euclidean,uniform,20,10.0,0.03684210526315789,14.614010054148427,1.0,7
326,2316274,2316274,120.0,../data/Results/uniform_euclidean/city20_range10_wouter.json,inplace,euclidean,uniform,20,10.0,0.03684210526315789,14.65547041810385,1.0000000000000002,7
344,2441260,2441260,120.0,../data/Results/uniform_euclidean/city20_range10_wouter.json,inplace,euclidean,uniform,20,10.0,0.03684210526315789,14.708024857426798,1.0000000000000002,7
1,12900,12900,1002.0,../data/Results/uniform_euclidean/city30_range85_scramble.json,scramble,euclidean,uniform,30,85.0,0.027586206896551724,9.464982590349841,1.0000000000000002,12
11,15737,15737,990.0,../data/Results/uniform_euclidean/city30_range85_scramble.json,scramble,euclidean,uniform,30,85.0,0.027586206896551724,9.663769906600928,0.9999999999999997,12
16,23435,23435,990.0,../data/Results/uniform_euclidean/city30_range85_scramble.json,scramble,euclidean,uniform,30,85.0,0.027586206896551724,10.06198591035685,1.0,12
18,92993,92993,992.0,../data/Results/uniform_euclidean/city30_range85_scramble.json,scramble,euclidean,uniform,30,85.0,0.027586206896551724,11.44027950048536,0.9999999999999999,12
52,100549,100549,992.0,../data/Results/uniform_euclidean/city30_range85_scramble.json,scramble,euclidean,uniform,30,85.0,0.027586206896551724,11.518400449850509,1.0,12
84,165696,165696,995.0,../data/Results/uniform_euclidean/city30_range85_scramble.json,scramble,euclidean,uniform,30,85.0,0.027586206896551724,12.017910063111216,1.0000000000000002,12
210,182996,182996,994.0,../data/Results/uniform_euclidean/city30_range85_scramble.json,scramble,euclidean,uniform,30,85.0,0.027586206896551724,12.117219573661178,1.0,12
327,248377,248377,997.0,../data/Results/uniform_euclidean/city30_range85_scramble.json,scramble,euclidean,uniform,30,85.0,0.027586206896551724,12.422703032161914,0.9999999999999999,12
602,289430,289430,993.0,../data/Results/uniform_euclidean/city30_range85_scramble.json,scramble,euclidean,uniform,30,85.0,0.027586206896551724,12.57566875055743,1.0,12
1,22659,22659,1206.0,../data/Results/uniform_euclidean/city30_range100_scramble.json,scramble,euclidean,uniform,30,100.0,0.034482758620689655,10.028312402981602,1.0,15
2,53406,53406,1189.0,../data/Results/uniform_euclidean/city30_range100_scramble.json,scramble,euclidean,uniform,30,100.0,0.034482758620689655,10.885678378187006,1.0,15
3,56323,56323,1188.0,../data/Results/uniform_euclidean/city30_range100_scramble.json,scramble,euclidean,uniform,30,100.0,0.034482758620689655,10.938858256458758,1.0,15
27,116338,116338,1192.0,../data/Results/uniform_euclidean/city30_range100_scramble.json,scramble,euclidean,uniform,30,100.0,0.034482758620689655,11.664255026325074,0.9999999999999997,15
58,125142,125142,1191.0,../data/Results/uniform_euclidean/city30_range100_scramble.json,scramble,euclidean,uniform,30,100.0,0.034482758620689655,11.737204371524697,1.0000000000000002,15
155,126520,126520,1189.0,../data/Results/uniform_euclidean/city30_range100_scramble.json,scramble,euclidean,uniform,30,100.0,0.034482758620689655,11.748155677419593,1.0000000000000002,15
157,143225,143225,1186.0,../data/Results/uniform_euclidean/city30_range100_scramble.json,scramble,euclidean,uniform,30,100.0,0.034482758620689655,11.872172099276785,1.0000000000000004,15
207,170264,170264,1188.0,../data/Results/uniform_euclidean/city30_range100_scramble.json,scramble,euclidean,uniform,30,100.0,0.034482758620689655,12.045105452642645,1.0,15
330,184825,184825,1184.0,../data/Results/uniform_euclidean/city30_range100_scramble.json,scramble,euclidean,uniform,30,100.0,0.034482758620689655,12.127164710425307,0.9999999999999998,15
437,251641,251641,1194.0,../data/Results/uniform_euclidean/city30_range100_scramble.json,scramble,euclidean,uniform,30,100.0,0.034482758620689655,12.435758747607087,1.0000000000000002,15
1,1282,1282,372.0,../data/Results/uniform_euclidean/city20_range45_wouter.json,inplace,euclidean,uniform,20,45.0,0.042105263157894736,7.156176637481395,0.9999999999999997,8
4,3100,3100,373.0,../data/Results/uniform_euclidean/city20_range45_wouter.json,inplace,euclidean,uniform,20,45.0,0.042105263157894736,8.03915739047356,0.9999999999999997,8
6,3148,3148,367.0,../data/Results/uniform_euclidean/city20_range45_wouter.json,inplace,euclidean,uniform,20,45.0,0.04736842105263158,8.054522609537612,1.0000000000000002,9
9,3316,3316,367.0,../data/Results/uniform_euclidean/city20_range45_wouter.json,inplace,euclidean,uniform,20,45.0,0.05263157894736842,8.106514516255487,1.0000000000000002,10
23,3322,3322,367.0,../data/Results/uniform_euclidean/city20_range45_wouter.json,inplace,euclidean,uniform,20,45.0,0.05789473684210526,8.108322290173541,1.0000000000000002,11
26,3719,3719,367.0,../data/Results/uniform_euclidean/city20_range45_wouter.json,inplace,euclidean,uniform,20,45.0,0.05789473684210526,8.22121009392534,1.0000000000000002,11
30,3720,3720,367.0,../data/Results/uniform_euclidean/city20_range45_wouter.json,inplace,euclidean,uniform,20,45.0,0.05789473684210526,8.22147894726746,1.0000000000000002,11
36,3721,3721,367.0,../data/Results/uniform_euclidean/city20_range45_wouter.json,inplace,euclidean,uniform,20,45.0,0.05789473684210526,8.221747728346891,1.0000000000000002,11
45,3723,3723,367.0,../data/Results/uniform_euclidean/city20_range45_wouter.json,inplace,euclidean,uniform,20,45.0,0.06315789473684211,8.222285073872985,1.0000000000000002,12
46,3724,3724,367.0,../data/Results/uniform_euclidean/city20_range45_wouter.json,inplace,euclidean,uniform,20,45.0,0.06315789473684211,8.222553638397226,1.0000000000000002,12
57,3725,3725,367.0,../data/Results/uniform_euclidean/city20_range45_wouter.json,inplace,euclidean,uniform,20,45.0,0.06842105263157895,8.222822130813928,1.0000000000000002,13
59,5899,5899,363.0,../data/Results/uniform_euclidean/city20_range45_wouter.json,inplace,euclidean,uniform,20,45.0,0.07368421052631578,8.682538124003244,1.0,14
66,5903,5903,363.0,../data/Results/uniform_euclidean/city20_range45_wouter.json,inplace,euclidean,uniform,20,45.0,0.07894736842105263,8.68321597524086,1.0,15
69,6318,6318,361.0,../data/Results/uniform_euclidean/city20_range45_wouter.json,inplace,euclidean,uniform,20,45.0,0.08421052631578947,8.751157981362189,1.0000000000000002,16
76,6332,6332,361.0,../data/Results/uniform_euclidean/city20_range45_wouter.json,inplace,euclidean,uniform,20,45.0,0.08947368421052632,8.753371421001061,1.0000000000000002,17
77,6335,6335,361.0,../data/Results/uniform_euclidean/city20_range45_wouter.json,inplace,euclidean,uniform,20,45.0,0.08947368421052632,8.753845092755398,1.0000000000000002,17
90,6339,6339,361.0,../data/Results/uniform_euclidean/city20_range45_wouter.json,inplace,euclidean,uniform,20,45.0,0.09473684210526316,8.754476306284324,1.0000000000000002,18
100,6347,6347,361.0,../data/Results/uniform_euclidean/city20_range45_wouter.json,inplace,euclidean,uniform,20,45.0,0.09473684210526316,8.755737539306628,1.0000000000000002,18
102,6357,6357,361.0,../data/Results/uniform_euclidean/city20_range45_wouter.json,inplace,euclidean,uniform,20,45.0,0.09473684210526316,8.757311846936567,1.0000000000000002,18
113,6358,6358,361.0,../data/Results/uniform_euclidean/city20_range45_wouter.json,inplace,euclidean,uniform,20,45.0,0.09473684210526316,8.757469141470905,1.0000000000000002,18
122,6419,6419,361.0,../data/Results/uniform_euclidean/city20_range45_wouter.json,inplace,euclidean,uniform,20,45.0,0.1,8.767017621311934,1.0000000000000002,19
125,6433,6433,361.0,../data/Results/uniform_euclidean/city20_range45_wouter.json,inplace,euclidean,uniform,20,45.0,0.10526315789473684,8.769196271411156,1.0000000000000002,20
127,6448,6448,361.0,../data/Results/uniform_euclidean/city20_range45_wouter.json,inplace,euclidean,uniform,20,45.0,0.10526315789473684,8.77152528418662,1.0000000000000002,20
129,6459,6459,361.0,../data/Results/uniform_euclidean/city20_range45_wouter.json,inplace,euclidean,uniform,20,45.0,0.11052631578947368,8.773229786032628,1.0000000000000002,21
136,6813,6813,361.0,../data/Results/uniform_euclidean/city20_range45_wouter.json,inplace,euclidean,uniform,20,45.0,0.11578947368421053,8.826587830773814,1.0000000000000002,22
139,6817,6817,361.0,../data/Results/uniform_euclidean/city20_range45_wouter.json,inplace,euclidean,uniform,20,45.0,0.12105263157894737,8.827174771362932,1.0000000000000002,23
153,7189,7189,363.0,../data/Results/uniform_euclidean/city20_range45_wouter.json,inplace,euclidean,uniform,20,45.0,0.12631578947368421,8.88030735898401,0.9999999999999998,24
167,7539,7539,363.0,../data/Results/uniform_euclidean/city20_range45_wouter.json,inplace,euclidean,uniform,20,45.0,0.12631578947368421,8.927844826211835,0.9999999999999998,24
177,7541,7541,363.0,../data/Results/uniform_euclidean/city20_range45_wouter.json,inplace,euclidean,uniform,20,45.0,0.13157894736842105,8.92811007820278,0.9999999999999998,25
178,7542,7542,363.0,../data/Results/uniform_euclidean/city20_range45_wouter.json,inplace,euclidean,uniform,20,45.0,0.13157894736842105,8.928242677818435,0.9999999999999998,25
183,7546,7546,363.0,../data/Results/uniform_euclidean/city20_range45_wouter.json,inplace,euclidean,uniform,20,45.0,0.1368421052631579,8.928772900524388,0.9999999999999998,26
193,12039,12039,363.0,../data/Results/uniform_euclidean/city20_range45_wouter.json,inplace,euclidean,uniform,20,45.0,0.1368421052631579,9.39590665893511,1.0000000000000002,26
208,12040,12040,363.0,../data/Results/uniform_euclidean/city20_range45_wouter.json,inplace,euclidean,uniform,20,45.0,0.1368421052631579,9.395989718862895,1.0000000000000002,26
210,12041,12041,363.0,../data/Results/uniform_euclidean/city20_range45_wouter.json,inplace,euclidean,uniform,20,45.0,0.14210526315789473,9.396072771892301,1.0000000000000002,27
219,12046,12046,363.0,../data/Results/uniform_euclidean/city20_range45_wouter.json,inplace,euclidean,uniform,20,45.0,0.14210526315789473,9.39648793360375,1.0000000000000002,27
224,12048,12048,363.0,../data/Results/uniform_euclidean/city20_range45_wouter.json,inplace,euclidean,uniform,20,45.0,0.14210526315789473,9.396653950039758,1.0000000000000002,27
231,12049,12049,363.0,../data/Results/uniform_euclidean/city20_range45_wouter.json,inplace,euclidean,uniform,20,45.0,0.14210526315789473,9.39673694792336,1.0000000000000002,27
244,12814,12814,363.0,../data/Results/uniform_euclidean/city20_range45_wouter.json,inplace,euclidean,uniform,20,45.0,0.14210526315789473,9.458293602199046,1.0000000000000002,27
247,12817,12817,363.0,../data/Results/uniform_euclidean/city20_range45_wouter.json,inplace,euclidean,uniform,20,45.0,0.14210526315789473,9.458527693729902,1.0000000000000002,27
248,12829,12829,363.0,../data/Results/uniform_euclidean/city20_range45_wouter.json,inplace,euclidean,uniform,20,45.0,0.14210526315789473,9.459463512249418,1.0000000000000002,27
263,12833,12833,363.0,../data/Results/uniform_euclidean/city20_range45_wouter.json,inplace,euclidean,uniform,20,45.0,0.14210526315789473,9.459775257244539,1.0000000000000002,27
266,12834,12834,363.0,../data/Results/uniform_euclidean/city20_range45_wouter.json,inplace,euclidean,uniform,20,45.0,0.14210526315789473,9.459853178310539,1.0000000000000002,27
268,12865,12865,363.0,../data/Results/uniform_euclidean/city20_range45_wouter.json,inplace,euclidean,uniform,20,45.0,0.14736842105263157,9.462265724715921,1.0000000000000002,28
275,18073,18073,363.0,../data/Results/uniform_euclidean/city20_range45_wouter.json,inplace,euclidean,uniform,20,45.0,0.14210526315789473,9.802174390835694,1.0000000000000002,27
280,18149,18149,363.0,../data/Results/uniform_euclidean/city20_range45_wouter.json,inplace,euclidean,uniform,20,45.0,0.14736842105263157,9.806370741756457,1.0000000000000002,28
284,18181,18181,363.0,../data/Results/uniform_euclidean/city20_range45_wouter.json,inplace,euclidean,uniform,20,45.0,0.14736842105263157,9.808132371719328,1.0000000000000002,28
285,19587,19587,363.0,../data/Results/uniform_euclidean/city20_range45_wouter.json,inplace,euclidean,uniform,20,45.0,0.14736842105263157,9.882621359854793,1.0000000000000002,28
287,19655,19655,363.0,../data/Results/uniform_euclidean/city20_range45_wouter.json,inplace,euclidean,uniform,20,45.0,0.14736842105263157,9.886087037856012,1.0000000000000002,28
288,19657,19657,363.0,../data/Results/uniform_euclidean/city20_range45_wouter.json,inplace,euclidean,uniform,20,45.0,0.14736842105263157,9.886188787957849,1.0000000000000002,28
292,19667,19667,363.0,../data/Results/uniform_euclidean/city20_range45_wouter.json,inplace,euclidean,uniform,20,45.0,0.15263157894736842,9.886697383228706,1.0000000000000002,29
294,19670,19670,363.0,../data/Results/uniform_euclidean/city20_range45_wouter.json,inplace,euclidean,uniform,20,45.0,0.15263157894736842,9.886849911383155,1.0000000000000002,29
303,20723,20723,363.0,../data/Results/uniform_euclidean/city20_range45_wouter.json,inplace,euclidean,uniform,20,45.0,0.15263157894736842,9.938999473537535,1.0000000000000002,29
305,20724,20724,363.0,../data/Results/uniform_euclidean/city20_range45_wouter.json,inplace,euclidean,uniform,20,45.0,0.15263157894736842,9.939047727934728,1.0000000000000002,29
316,20728,20728,363.0,../data/Results/uniform_euclidean/city20_range45_wouter.json,inplace,euclidean,uniform,20,45.0,0.15263157894736842,9.939240722241994,1.0000000000000002,29
328,20734,20734,363.0,../data/Results/uniform_euclidean/city20_range45_wouter.json,inplace,euclidean,uniform,20,45.0,0.15263157894736842,9.939530143883106,1.0000000000000002,29
334,20753,20753,363.0,../data/Results/uniform_euclidean/city20_range45_wouter.json,inplace,euclidean,uniform,20,45.0,0.15263157894736842,9.94044609352171,1.0000000000000002,29
339,20756,20756,363.0,../data/Results/uniform_euclidean/city20_range45_wouter.json,inplace,euclidean,uniform,20,45.0,0.15263157894736842,9.94059064048768,1.0000000000000002,29
373,21268,21268,363.0,../data/Results/uniform_euclidean/city20_range45_wouter.json,inplace,euclidean,uniform,20,45.0,0.15263157894736842,9.964958874624276,1.0000000000000002,29
378,22096,22096,363.0,../data/Results/uniform_euclidean/city20_range45_wouter.json,inplace,euclidean,uniform,20,45.0,0.15263157894736842,10.003151875649118,1.0000000000000002,29
382,22097,22097,363.0,../data/Results/uniform_euclidean/city20_range45_wouter.json,inplace,euclidean,uniform,20,45.0,0.15263157894736842,10.00319713168515,1.0000000000000002,29
394,22381,22381,363.0,../data/Results/uniform_euclidean/city20_range45_wouter.json,inplace,euclidean,uniform,20,45.0,0.15263157894736842,10.015967663620174,1.0000000000000002,29
401,23726,23726,363.0,../data/Results/uniform_euclidean/city20_range45_wouter.json,inplace,euclidean,uniform,20,45.0,0.15263157894736842,10.074326772221092,1.0000000000000002,29
402,23766,23766,363.0,../data/Results/uniform_euclidean/city20_range45_wouter.json,inplace,euclidean,uniform,20,45.0,0.15263157894736842,10.076011266850013,1.0000000000000002,29
409,23772,23772,363.0,../data/Results/uniform_euclidean/city20_range45_wouter.json,inplace,euclidean,uniform,20,45.0,0.15263157894736842,10.076263696486594,1.0000000000000002,29
416,27573,27573,363.0,../data/Results/uniform_euclidean/city20_range45_wouter.json,inplace,euclidean,uniform,20,45.0,0.15263157894736842,10.224592312026255,1.0000000000000002,29
418,27579,27579,363.0,../data/Results/uniform_euclidean/city20_range45_wouter.json,inplace,euclidean,uniform,20,45.0,0.15263157894736842,10.224809892531901,1.0000000000000002,29
423,27633,27633,363.0,../data/Results/uniform_euclidean/city20_range45_wouter.json,inplace,euclidean,uniform,20,45.0,0.15263157894736842,10.226765989656382,1.0000000000000002,29
424,29188,29188,364.0,../data/Results/uniform_euclidean/city20_range45_wouter.json,inplace,euclidean,uniform,20,45.0,0.15263157894736842,10.281512944885545,1.0000000000000002,29
1,1448,1448,679.0,../data/Results/uniform_euclidean/city20_range80_swap.json,swap,euclidean,uniform,20,80.0,0.06842105263157895,7.277938572946352,1.0,13
8,1895,1895,679.0,../data/Results/uniform_euclidean/city20_range80_swap.json,swap,euclidean,uniform,20,80.0,0.06842105263157895,7.546974117517054,1.0,13
13,2845,2845,679.0,../data/Results/uniform_euclidean/city20_range80_swap.json,swap,euclidean,uniform,20,80.0,0.06842105263157895,7.953318346560783,1.0,13
18,2851,2851,679.0,../data/Results/uniform_euclidean/city20_range80_swap.json,swap,euclidean,uniform,20,80.0,0.06842105263157895,7.955425088913023,1.0,13
37,3124,3124,679.0,../data/Results/uniform_euclidean/city20_range80_swap.json,swap,euclidean,uniform,20,80.0,0.06842105263157895,8.046869510959898,1.0,13
65,5026,5026,680.0,../data/Results/uniform_euclidean/city20_range80_swap.json,swap,euclidean,uniform,20,80.0,0.06842105263157895,8.522379718103737,1.0,13
67,7408,7408,680.0,../data/Results/uniform_euclidean/city20_range80_swap.json,swap,euclidean,uniform,20,80.0,0.06842105263157895,8.91031577632615,1.0,13
81,7416,7416,680.0,../data/Results/uniform_euclidean/city20_range80_swap.json,swap,euclidean,uniform,20,80.0,0.06842105263157895,8.911395107245825,1.0,13
89,7511,7511,680.0,../data/Results/uniform_euclidean/city20_range80_swap.json,swap,euclidean,uniform,20,80.0,0.06842105263157895,8.924123891686145,1.0,13
90,9185,9185,680.0,../data/Results/uniform_euclidean/city20_range80_swap.json,swap,euclidean,uniform,20,80.0,0.06842105263157895,9.125326997649335,1.0,13
93,15217,15217,679.0,../data/Results/uniform_euclidean/city20_range80_swap.json,swap,euclidean,uniform,20,80.0,0.06842105263157895,9.63016850292018,1.0,13
94,15218,15218,679.0,../data/Results/uniform_euclidean/city20_range80_swap.json,swap,euclidean,uniform,20,80.0,0.06842105263157895,9.630234216736534,1.0,13
96,15343,15343,679.0,../data/Results/uniform_euclidean/city20_range80_swap.json,swap,euclidean,uniform,20,80.0,0.06842105263157895,9.638414622945271,1.0,13
98,17379,17379,679.0,../data/Results/uniform_euclidean/city20_range80_swap.json,swap,euclidean,uniform,20,80.0,0.06842105263157895,9.76301785976479,1.0,13
111,17743,17743,679.0,../data/Results/uniform_euclidean/city20_range80_swap.json,swap,euclidean,uniform,20,80.0,0.06842105263157895,9.783746350923636,1.0,13
116,18126,18126,679.0,../data/Results/uniform_euclidean/city20_range80_swap.json,swap,euclidean,uniform,20,80.0,0.06842105263157895,9.805102650614781,1.0,13
122,19676,19676,679.0,../data/Results/uniform_euclidean/city20_range80_swap.json,swap,euclidean,uniform,20,80.0,0.06842105263157895,9.88715489791528,1.0,13
124,20495,20495,679.0,../data/Results/uniform_euclidean/city20_range80_swap.json,swap,euclidean,uniform,20,80.0,0.06842105263157895,9.927936232938487,1.0,13
128,20500,20500,679.0,../data/Results/uniform_euclidean/city20_range80_swap.json,swap,euclidean,uniform,20,80.0,0.06842105263157895,9.928180165126548,1.0,13
132,20942,20942,679.0,../data/Results/uniform_euclidean/city20_range80_swap.json,swap,euclidean,uniform,20,80.0,0.06842105263157895,9.949511990847455,1.0,13
136,21217,21217,679.0,../data/Results/uniform_euclidean/city20_range80_swap.json,swap,euclidean,uniform,20,80.0,0.06842105263157895,9.962558026113163,1.0,13
148,21219,21219,679.0,../data/Results/uniform_euclidean/city20_range80_swap.json,swap,euclidean,uniform,20,80.0,0.06842105263157895,9.962652285704147,1.0,13
150,21907,21907,679.0,../data/Results/uniform_euclidean/city20_range80_swap.json,swap,euclidean,uniform,20,80.0,0.06842105263157895,9.994561499435545,1.0,13
161,22001,22001,679.0,../data/Results/uniform_euclidean/city20_range80_swap.json,swap,euclidean,uniform,20,80.0,0.06842105263157895,9.998843185852927,1.0,13
165,22094,22094,679.0,../data/Results/uniform_euclidean/city20_range80_swap.json,swap,euclidean,uniform,20,80.0,0.06842105263157895,10.003061357432266,1.0,13
170,22357,22357,679.0,../data/Results/uniform_euclidean/city20_range80_swap.json,swap,euclidean,uniform,20,80.0,0.06842105263157895,10.014894750110304,1.0,13
174,22709,22709,679.0,../data/Results/uniform_euclidean/city20_range80_swap.json,swap,euclidean,uniform,20,80.0,0.06842105263157895,10.030516600664713,1.0,13
175,22710,22710,679.0,../data/Results/uniform_euclidean/city20_range80_swap.json,swap,euclidean,uniform,20,80.0,0.06842105263157895,10.030560635099649,1.0,13
1,170,170,0.0,../data/Results/uniform_euclidean/city30_range5_swap.json,swap,euclidean,uniform,30,5.0,0.0022988505747126436,5.1357984370561445,,1
1,112,112,211.0,../data/Results/uniform_euclidean/city20_range20_scramble.json,scramble,euclidean,uniform,20,20.0,0.021052631578947368,4.718498871304023,0.9999999999999997,4
2,150,150,209.0,../data/Results/uniform_euclidean/city20_range20_scramble.json,scramble,euclidean,uniform,20,20.0,0.021052631578947368,5.010635294102922,1.0000000000000002,4
3,461,461,211.0,../data/Results/uniform_euclidean/city20_range20_scramble.json,scramble,euclidean,uniform,20,20.0,0.021052631578947368,6.1333980429988175,1.0000000000000002,4
12,875,875,210.0,../data/Results/uniform_euclidean/city20_range20_scramble.json,scramble,euclidean,uniform,20,20.0,0.021052631578947368,6.774223886358757,1.0,4
13,9916,9916,211.0,../data/Results/uniform_euclidean/city20_range20_scramble.json,scramble,euclidean,uniform,20,20.0,0.021052631578947368,9.201904893155183,1.0000000000000002,4
26,74954,74954,211.0,../data/Results/uniform_euclidean/city20_range20_scramble.json,scramble,euclidean,uniform,20,20.0,0.021052631578947368,11.224629871019296,1.0,4
122,215500,215500,214.0,../data/Results/uniform_euclidean/city20_range20_scramble.json,scramble,euclidean,uniform,20,20.0,0.021052631578947368,12.280716188525943,1.0,4
1,424,424,288.0,../data/Results/uniform_euclidean/city20_range30_wouter.json,inplace,euclidean,uniform,20,30.0,0.031578947368421054,6.049733455234316,1.0,6
2,430,430,277.0,../data/Results/uniform_euclidean/city20_range30_wouter.json,inplace,euclidean,uniform,20,30.0,0.03684210526315789,6.063785208689934,1.0000000000000002,7
3,435,435,271.0,../data/Results/uniform_euclidean/city20_range30_wouter.json,inplace,euclidean,uniform,20,30.0,0.042105263157894736,6.075346031090983,0.9999999999999998,8
4,441,441,271.0,../data/Results/uniform_euclidean/city20_range30_wouter.json,inplace,euclidean,uniform,20,30.0,0.04736842105263158,6.0890448754491135,0.9999999999999998,9
28,685,685,261.0,../data/Results/uniform_euclidean/city20_range30_wouter.json,inplace,euclidean,uniform,20,30.0,0.04736842105263158,6.529418838263685,1.0,9
30,686,686,261.0,../data/Results/uniform_euclidean/city20_range30_wouter.json,inplace,euclidean,uniform,20,30.0,0.05263157894736842,6.530877627727343,1.0,10
31,1024,1024,260.0,../data/Results/uniform_euclidean/city20_range30_wouter.json,inplace,euclidean,uniform,20,30.0,0.05789473684210526,6.93147180560043,1.0000000000000002,11
37,1344,1344,249.0,../data/Results/uniform_euclidean/city20_range30_wouter.json,inplace,euclidean,uniform,20,30.0,0.05789473684210526,7.203405521083839,1.0000000000000002,11
64,1349,1349,249.0,../data/Results/uniform_euclidean/city20_range30_wouter.json,inplace,euclidean,uniform,20,30.0,0.05789473684210526,7.207118856208497,1.0000000000000002,11
66,1704,1704,255.0,../data/Results/uniform_euclidean/city20_range30_wouter.json,inplace,euclidean,uniform,20,30.0,0.05263157894736842,7.440733707389848,1.0,10
95,1738,1738,255.0,../data/Results/uniform_euclidean/city20_range30_wouter.json,inplace,euclidean,uniform,20,30.0,0.05789473684210526,7.460490305825913,1.0,11
120,2001,2001,267.0,../data/Results/uniform_euclidean/city20_range30_wouter.json,inplace,euclidean,uniform,20,30.0,0.05789473684210526,7.601402334584233,0.9999999999999998,11
130,3687,3687,260.0,../data/Results/uniform_euclidean/city20_range30_wouter.json,inplace,euclidean,uniform,20,30.0,0.06315789473684211,8.212568398234415,1.0000000000000002,12
155,3694,3694,260.0,../data/Results/uniform_euclidean/city20_range30_wouter.json,inplace,euclidean,uniform,20,30.0,0.06842105263157895,8.214465160759456,1.0000000000000002,13
157,3734,3734,260.0,../data/Results/uniform_euclidean/city20_range30_wouter.json,inplace,euclidean,uniform,20,30.0,0.07368421052631578,8.225235324101936,1.0000000000000002,14
165,3973,3973,247.0,../data/Results/uniform_euclidean/city20_range30_wouter.json,inplace,euclidean,uniform,20,30.0,0.07894736842105263,8.287276755814851,1.0000000000000002,15
189,5462,5462,258.0,../data/Results/uniform_euclidean/city20_range30_wouter.json,inplace,euclidean,uniform,20,30.0,0.07894736842105263,8.605570302033833,1.0,15
201,5470,5470,258.0,../data/Results/uniform_euclidean/city20_range30_wouter.json,inplace,euclidean,uniform,20,30.0,0.07894736842105263,8.60703389541621,1.0,15
223,5529,5529,258.0,../data/Results/uniform_euclidean/city20_range30_wouter.json,inplace,euclidean,uniform,20,30.0,0.07894736842105263,8.617762246338113,1.0,15
248,5936,5936,258.0,../data/Results/uniform_euclidean/city20_range30_wouter.json,inplace,euclidean,uniform,20,30.0,0.07894736842105263,8.688790784847384,1.0,15
259,6003,6003,258.0,../data/Results/uniform_euclidean/city20_range30_wouter.json,inplace,euclidean,uniform,20,30.0,0.08421052631578947,8.70001462325201,1.0,16
261,6279,6279,259.0,../data/Results/uniform_euclidean/city20_range30_wouter.json,inplace,euclidean,uniform,20,30.0,0.07894736842105263,8.744966011114268,0.9999999999999998,15
271,6290,6290,259.0,../data/Results/uniform_euclidean/city20_range30_wouter.json,inplace,euclidean,uniform,20,30.0,0.08421052631578947,8.746716349694646,0.9999999999999998,16
278,6297,6297,259.0,../data/Results/uniform_euclidean/city20_range30_wouter.json,inplace,euclidean,uniform,20,30.0,0.08421052631578947,8.747828608488902,0.9999999999999998,16
302,6404,6404,259.0,../data/Results/uniform_euclidean/city20_range30_wouter.json,inplace,euclidean,uniform,20,30.0,0.08421052631578947,8.76467807411676,0.9999999999999998,16
324,6435,6435,259.0,../data/Results/uniform_euclidean/city20_range30_wouter.json,inplace,euclidean,uniform,20,30.0,0.08421052631578947,8.769507120030383,0.9999999999999998,16
387,6449,6449,259.0,../data/Results/uniform_euclidean/city20_range30_wouter.json,inplace,euclidean,uniform,20,30.0,0.08947368421052632,8.771680359010533,0.9999999999999998,17
390,6530,6530,259.0,../data/Results/uniform_euclidean/city20_range30_wouter.json,inplace,euclidean,uniform,20,30.0,0.08947368421052632,8.78416222227063,0.9999999999999998,17
392,6544,6544,259.0,../data/Results/uniform_euclidean/city20_range30_wouter.json,inplace,euclidean,uniform,20,30.0,0.08947368421052632,8.786303878282736,0.9999999999999998,17
403,6547,6547,259.0,../data/Results/uniform_euclidean/city20_range30_wouter.json,inplace,euclidean,uniform,20,30.0,0.09473684210526316,8.786762208441244,0.9999999999999998,18
423,6551,6551,259.0,../data/Results/uniform_euclidean/city20_range30_wouter.json,inplace,euclidean,uniform,20,30.0,0.09473684210526316,8.787372988732029,0.9999999999999998,18
430,6560,6560,259.0,../data/Results/uniform_euclidean/city20_range30_wouter.json,inplace,euclidean,uniform,20,30.0,0.09473684210526316,8.788745881938286,0.9999999999999998,18
458,6566,6566,259.0,../data/Results/uniform_euclidean/city20_range30_wouter.json,inplace,euclidean,uniform,20,30.0,0.09473684210526316,8.78966009806169,0.9999999999999998,18
466,6576,6576,259.0,../data/Results/uniform_euclidean/city20_range30_wouter.json,inplace,euclidean,uniform,20,30.0,0.09473684210526316,8.791181936736168,0.9999999999999998,18
469,6694,6694,259.0,../data/Results/uniform_euclidean/city20_range30_wouter.json,inplace,euclidean,uniform,20,30.0,0.09473684210526316,8.808966881771422,0.9999999999999998,18
479,6709,6709,259.0,../data/Results/uniform_euclidean/city20_range30_wouter.json,inplace,euclidean,uniform,20,30.0,0.09473684210526316,8.811205187563036,0.9999999999999998,18
486,6732,6732,259.0,../data/Results/uniform_euclidean/city20_range30_wouter.json,inplace,euclidean,uniform,20,30.0,0.09473684210526316,8.814627555310846,0.9999999999999998,18
507,6734,6734,259.0,../data/Results/uniform_euclidean/city20_range30_wouter.json,inplace,euclidean,uniform,20,30.0,0.09473684210526316,8.814924599721168,0.9999999999999998,18
567,6766,6766,259.0,../data/Results/uniform_euclidean/city20_range30_wouter.json,inplace,euclidean,uniform,20,30.0,0.09473684210526316,8.819665349340802,0.9999999999999998,18
593,6892,6892,259.0,../data/Results/uniform_euclidean/city20_range30_wouter.json,inplace,euclidean,uniform,20,30.0,0.09473684210526316,8.838116597647966,0.9999999999999998,18
594,6898,6898,259.0,../data/Results/uniform_euclidean/city20_range30_wouter.json,inplace,euclidean,uniform,20,30.0,0.09473684210526316,8.83898679349693,0.9999999999999998,18
603,6984,6984,259.0,../data/Results/uniform_euclidean/city20_range30_wouter.json,inplace,euclidean,uniform,20,30.0,0.1,8.851377097519581,0.9999999999999998,19
607,6987,6987,259.0,../data/Results/uniform_euclidean/city20_range30_wouter.json,inplace,euclidean,uniform,20,30.0,0.1,8.851806558552594,0.9999999999999998,19
631,7043,7043,259.0,../data/Results/uniform_euclidean/city20_range30_wouter.json,inplace,euclidean,uniform,20,30.0,0.1,8.859789494745552,0.9999999999999998,19
659,7095,7095,259.0,../data/Results/uniform_euclidean/city20_range30_wouter.json,inplace,euclidean,uniform,20,30.0,0.1,8.867145589594283,0.9999999999999998,19
677,7117,7117,259.0,../data/Results/uniform_euclidean/city20_range30_wouter.json,inplace,euclidean,uniform,20,30.0,0.1,8.870241567299411,0.9999999999999998,19
680,7119,7119,259.0,../data/Results/uniform_euclidean/city20_range30_wouter.json,inplace,euclidean,uniform,20,30.0,0.1,8.870522545104015,0.9999999999999998,19
700,7125,7125,259.0,../data/Results/uniform_euclidean/city20_range30_wouter.json,inplace,euclidean,uniform,20,30.0,0.1,8.871365005136992,0.9999999999999998,19
704,7141,7141,259.0,../data/Results/uniform_euclidean/city20_range30_wouter.json,inplace,euclidean,uniform,20,30.0,0.1,8.87360810154925,0.9999999999999998,19
732,7146,7146,259.0,../data/Results/uniform_euclidean/city20_range30_wouter.json,inplace,euclidean,uniform,20,30.0,0.1,8.874308038583495,0.9999999999999998,19
778,7355,7355,259.0,../data/Results/uniform_euclidean/city20_range30_wouter.json,inplace,euclidean,uniform,20,30.0,0.09473684210526316,8.903135633035674,0.9999999999999998,18
780,7432,7432,259.0,../data/Results/uniform_euclidean/city20_range30_wouter.json,inplace,euclidean,uniform,20,30.0,0.09473684210526316,8.913550280493808,0.9999999999999998,18
804,7440,7440,259.0,../data/Results/uniform_euclidean/city20_range30_wouter.json,inplace,euclidean,uniform,20,30.0,0.09473684210526316,8.914626127827272,0.9999999999999998,18
807,7459,7459,259.0,../data/Results/uniform_euclidean/city20_range30_wouter.json,inplace,euclidean,uniform,20,30.0,0.09473684210526316,8.917176635955297,0.9999999999999998,18
877,8740,8740,259.0,../data/Results/uniform_euclidean/city20_range30_wouter.json,inplace,euclidean,uniform,20,30.0,0.09473684210526316,9.075665468649696,0.9999999999999998,18
894,8865,8865,259.0,../data/Results/uniform_euclidean/city20_range30_wouter.json,inplace,euclidean,uniform,20,30.0,0.09473684210526316,9.089866218508421,0.9999999999999998,18
930,8913,8913,259.0,../data/Results/uniform_euclidean/city20_range30_wouter.json,inplace,euclidean,uniform,20,30.0,0.09473684210526316,9.09526616413083,0.9999999999999998,18
938,8983,8983,259.0,../data/Results/uniform_euclidean/city20_range30_wouter.json,inplace,euclidean,uniform,20,30.0,0.09473684210526316,9.103089181229318,0.9999999999999998,18
946,10099,10099,259.0,../data/Results/uniform_euclidean/city20_range30_wouter.json,inplace,euclidean,uniform,20,30.0,0.09473684210526316,9.220191688026656,0.9999999999999998,18
959,10101,10101,259.0,../data/Results/uniform_euclidean/city20_range30_wouter.json,inplace,euclidean,uniform,20,30.0,0.09473684210526316,9.220389707829284,0.9999999999999998,18
973,10187,10187,259.0,../data/Results/uniform_euclidean/city20_range30_wouter.json,inplace,euclidean,uniform,20,30.0,0.1,9.228867676590164,0.9999999999999998,19
989,10231,10231,259.0,../data/Results/uniform_euclidean/city20_range30_wouter.json,inplace,euclidean,uniform,20,30.0,0.1,9.233177605879037,0.9999999999999998,19
996,10237,10237,259.0,../data/Results/uniform_euclidean/city20_range30_wouter.json,inplace,euclidean,uniform,20,30.0,0.1,9.233763886919869,0.9999999999999998,19
997,10244,10244,259.0,../data/Results/uniform_euclidean/city20_range30_wouter.json,inplace,euclidean,uniform,20,30.0,0.1,9.234447447319514,0.9999999999999998,19
1,138,138,129.0,../data/Results/uniform_euclidean/city20_range10_swap.json,swap,euclidean,uniform,20,10.0,0.015789473684210527,4.927253685164451,1.0,3
6,250,250,130.0,../data/Results/uniform_euclidean/city20_range10_swap.json,swap,euclidean,uniform,20,10.0,0.015789473684210527,5.521460917866246,1.0000000000000002,3
15,343,343,130.0,../data/Results/uniform_euclidean/city20_range10_swap.json,swap,euclidean,uniform,20,10.0,0.015789473684210527,5.837730447168855,1.0000000000000002,3
50,417,417,130.0,../data/Results/uniform_euclidean/city20_range10_swap.json,swap,euclidean,uniform,20,10.0,0.015789473684210527,6.0330862218012,1.0,3
73,658,658,130.0,../data/Results/uniform_euclidean/city20_range10_swap.json,swap,euclidean,uniform,20,10.0,0.015789473684210527,6.489204931326837,1.0,3
133,1141,1141,129.0,../data/Results/uniform_euclidean/city20_range10_swap.json,swap,euclidean,uniform,20,10.0,0.015789473684210527,7.039660349862952,0.9999999999999998,3
315,237626,237626,129.0,../data/Results/uniform_euclidean/city20_range10_swap.json,swap,euclidean,uniform,20,10.0,0.015789473684210527,12.378453288093295,0.9999999999999998,3
346,253023,253023,129.0,../data/Results/uniform_euclidean/city20_range10_swap.json,swap,euclidean,uniform,20,10.0,0.015789473684210527,12.44123567266859,0.9999999999999998,3
397,254995,254995,129.0,../data/Results/uniform_euclidean/city20_range10_swap.json,swap,euclidean,uniform,20,10.0,0.015789473684210527,12.448999216105193,0.9999999999999998,3
561,405194,405194,129.0,../data/Results/uniform_euclidean/city20_range10_swap.json,swap,euclidean,uniform,20,10.0,0.015789473684210527,12.912121243744568,0.9999999999999998,3
588,405550,405550,129.0,../data/Results/uniform_euclidean/city20_range10_swap.json,swap,euclidean,uniform,20,10.0,0.015789473684210527,12.912999449498493,0.9999999999999998,3
605,418434,418434,129.0,../data/Results/uniform_euclidean/city20_range10_swap.json,swap,euclidean,uniform,20,10.0,0.015789473684210527,12.944274450381567,0.9999999999999998,3
1,2560,2560,540.0,../data/Results/uniform_euclidean/city30_range45_scramble.json,scramble,euclidean,uniform,30,45.0,0.01839080459770115,7.847762537473999,1.0,8
5,3018,3018,533.0,../data/Results/uniform_euclidean/city30_range45_scramble.json,scramble,euclidean,uniform,30,45.0,0.01839080459770115,8.012349639328125,1.0,8
9,6274,6274,535.0,../data/Results/uniform_euclidean/city30_range45_scramble.json,scramble,euclidean,uniform,30,45.0,0.01839080459770115,8.744169388750782,1.0,8
16,24719,24719,536.0,../data/Results/uniform_euclidean/city30_range45_scramble.json,scramble,euclidean,uniform,30,45.0,0.01839080459770115,10.115327457678987,1.0000000000000002,8
25,68068,68068,538.0,../data/Results/uniform_euclidean/city30_range45_scramble.json,scramble,euclidean,uniform,30,45.0,0.01839080459770115,11.128262484491342,1.0000000000000002,8
53,78017,78017,536.0,../data/Results/uniform_euclidean/city30_range45_scramble.json,scramble,euclidean,uniform,30,45.0,0.01839080459770115,11.26468203064232,1.0,8
529,95144,95144,539.0,../data/Results/uniform_euclidean/city30_range45_scramble.json,scramble,euclidean,uniform,30,45.0,0.01839080459770115,11.463146812407091,0.9999999999999998,8
697,186533,186533,539.0,../data/Results/uniform_euclidean/city30_range45_scramble.json,scramble,euclidean,uniform,30,45.0,0.01839080459770115,12.136363446113055,1.0,8
1,1283,1283,820.0,../data/Results/uniform_euclidean/city20_range100_wouter.json,inplace,euclidean,uniform,20,100.0,0.07894736842105263,7.156956364616416,1.0,15
3,1510,1510,812.0,../data/Results/uniform_euclidean/city20_range100_wouter.json,inplace,euclidean,uniform,20,100.0,0.08421052631578947,7.319864929809632,1.0000000000000002,16
12,1514,1514,812.0,../data/Results/uniform_euclidean/city20_range100_wouter.json,inplace,euclidean,uniform,20,100.0,0.08947368421052632,7.322510433998055,1.0000000000000002,17
26,1675,1675,783.0,../data/Results/uniform_euclidean/city20_range100_wouter.json,inplace,euclidean,uniform,20,100.0,0.09473684210526316,7.423568444259764,1.0,18
40,1688,1688,783.0,../data/Results/uniform_euclidean/city20_range100_wouter.json,inplace,euclidean,uniform,20,100.0,0.1,7.431299675156495,1.0,19
42,1896,1896,784.0,../data/Results/uniform_euclidean/city20_range100_wouter.json,inplace,euclidean,uniform,20,100.0,0.10526315789473684,7.547501682815494,1.0000000000000002,20
44,1898,1898,784.0,../data/Results/uniform_euclidean/city20_range100_wouter.json,inplace,euclidean,uniform,20,100.0,0.11052631578947368,7.5485559791704,1.0000000000000002,21
47,1899,1899,784.0,../data/Results/uniform_euclidean/city20_range100_wouter.json,inplace,euclidean,uniform,20,100.0,0.11578947368421053,7.5490827108128125,1.0000000000000002,22
63,1900,1900,784.0,../data/Results/uniform_euclidean/city20_range100_wouter.json,inplace,euclidean,uniform,20,100.0,0.11578947368421053,7.549609165155058,1.0000000000000002,22
67,1915,1915,784.0,../data/Results/uniform_euclidean/city20_range100_wouter.json,inplace,euclidean,uniform,20,100.0,0.12105263157894737,7.557472901615268,1.0000000000000002,23
72,2784,2784,747.0,../data/Results/uniform_euclidean/city20_range100_wouter.json,inplace,euclidean,uniform,20,100.0,0.12631578947368421,7.9316440214546695,1.0,24
75,2785,2785,747.0,../data/Results/uniform_euclidean/city20_range100_wouter.json,inplace,euclidean,uniform,20,100.0,0.13157894736842105,7.932003152361744,1.0,25
78,3089,3089,747.0,../data/Results/uniform_euclidean/city20_range100_wouter.json,inplace,euclidean,uniform,20,100.0,0.13157894736842105,8.035602692918905,1.0,25
92,3341,3341,747.0,../data/Results/uniform_euclidean/city20_range100_wouter.json,inplace,euclidean,uniform,20,100.0,0.13157894736842105,8.114025442357056,1.0,25
95,3343,3343,747.0,../data/Results/uniform_euclidean/city20_range100_wouter.json,inplace,euclidean,uniform,20,100.0,0.1368421052631579,8.114623886420398,1.0,26
96,3393,3393,738.0,../data/Results/uniform_euclidean/city20_range100_wouter.json,inplace,euclidean,uniform,20,100.0,0.14210526315789473,8.129469764784524,1.0,27
98,3394,3394,738.0,../data/Results/uniform_euclidean/city20_range100_wouter.json,inplace,euclidean,uniform,20,100.0,0.14736842105263157,8.129764445794466,1.0,28
100,3483,3483,738.0,../data/Results/uniform_euclidean/city20_range100_wouter.json,inplace,euclidean,uniform,20,100.0,0.15263157894736842,8.155649270366288,1.0,29
105,3575,3575,738.0,../data/Results/uniform_euclidean/city20_range100_wouter.json,inplace,euclidean,uniform,20,100.0,0.15789473684210525,8.181720455128387,1.0,30
118,3579,3579,738.0,../data/Results/uniform_euclidean/city20_range100_wouter.json,inplace,euclidean,uniform,20,100.0,0.1631578947368421,8.182838710766305,1.0,31
124,3583,3583,738.0,../data/Results/uniform_euclidean/city20_range100_wouter.json,inplace,euclidean,uniform,20,100.0,0.16842105263157894,8.183955717305233,1.0,32
126,3595,3595,738.0,../data/Results/uniform_euclidean/city20_range100_wouter.json,inplace,euclidean,uniform,20,100.0,0.16842105263157894,8.187299270155425,1.0,32
128,4210,4210,747.0,../data/Results/uniform_euclidean/city20_range100_wouter.json,inplace,euclidean,uniform,20,100.0,0.16842105263157894,8.345217926676664,0.9999999999999998,32
133,4223,4223,747.0,../data/Results/uniform_euclidean/city20_range100_wouter.json,inplace,euclidean,uniform,20,100.0,0.16842105263157894,8.348301054934181,0.9999999999999998,32
149,4248,4248,747.0,../data/Results/uniform_euclidean/city20_range100_wouter.json,inplace,euclidean,uniform,20,100.0,0.1736842105263158,8.35420356292201,0.9999999999999998,33
150,4250,4250,747.0,../data/Results/uniform_euclidean/city20_range100_wouter.json,inplace,euclidean,uniform,20,100.0,0.17894736842105263,8.354674261918698,0.9999999999999998,34
156,4251,4251,747.0,../data/Results/uniform_euclidean/city20_range100_wouter.json,inplace,euclidean,uniform,20,100.0,0.18421052631578946,8.354909528359025,0.9999999999999998,35
167,4259,4259,747.0,../data/Results/uniform_euclidean/city20_range100_wouter.json,inplace,euclidean,uniform,20,100.0,0.17894736842105263,8.35678966992345,0.9999999999999998,34
170,4262,4262,747.0,../data/Results/uniform_euclidean/city20_range100_wouter.json,inplace,euclidean,uniform,20,100.0,0.17894736842105263,8.357493812658797,0.9999999999999998,34
192,4285,4285,747.0,../data/Results/uniform_euclidean/city20_range100_wouter.json,inplace,euclidean,uniform,20,100.0,0.18421052631578946,8.362875831032113,0.9999999999999998,35
216,4288,4288,747.0,../data/Results/uniform_euclidean/city20_range100_wouter.json,inplace,euclidean,uniform,20,100.0,0.18421052631578946,8.363575702750872,0.9999999999999998,35
221,4290,4290,747.0,../data/Results/uniform_euclidean/city20_range100_wouter.json,inplace,euclidean,uniform,20,100.0,0.18947368421052632,8.364042011922296,0.9999999999999998,36
266,4741,4741,747.0,../data/Results/uniform_euclidean/city20_range100_wouter.json,inplace,euclidean,uniform,20,100.0,0.18947368421052632,8.464003362902329,0.9999999999999998,36
276,4742,4742,747.0,../data/Results/uniform_euclidean/city20_range100_wouter.json,inplace,euclidean,uniform,20,100.0,0.19473684210526315,8.464214266625563,0.9999999999999998,37
283,4743,4743,747.0,../data/Results/uniform_euclidean/city20_range100_wouter.json,inplace,euclidean,uniform,20,100.0,0.2,8.464425125877792,0.9999999999999998,38
293,4779,4779,747.0,../data/Results/uniform_euclidean/city20_range100_wouter.json,inplace,euclidean,uniform,20,100.0,0.2,8.471986598578368,0.9999999999999998,38
300,4796,4796,747.0,../data/Results/uniform_euclidean/city20_range100_wouter.json,inplace,euclidean,uniform,20,100.0,0.2,8.475537516147613,0.9999999999999998,38
303,4799,4799,747.0,../data/Results/uniform_euclidean/city20_range100_wouter.json,inplace,euclidean,uniform,20,100.0,0.20526315789473684,8.476162841858454,0.9999999999999998,39
341,4831,4831,747.0,../data/Results/uniform_euclidean/city20_range100_wouter.json,inplace,euclidean,uniform,20,100.0,0.20526315789473684,8.482808764554614,0.9999999999999998,39
370,4832,4832,747.0,../data/Results/uniform_euclidean/city20_range100_wouter.json,inplace,euclidean,uniform,20,100.0,0.20526315789473684,8.483015739614858,0.9999999999999998,39
428,4833,4833,747.0,../data/Results/uniform_euclidean/city20_range100_wouter.json,inplace,euclidean,uniform,20,100.0,0.2,8.483222671845292,0.9999999999999998,38
436,4836,4836,747.0,../data/Results/uniform_euclidean/city20_range100_wouter.json,inplace,euclidean,uniform,20,100.0,0.20526315789473684,8.48384321173489,0.9999999999999998,39
443,4871,4871,747.0,../data/Results/uniform_euclidean/city20_range100_wouter.json,inplace,euclidean,uniform,20,100.0,0.2,8.491054533806748,0.9999999999999998,38
479,4918,4918,747.0,../data/Results/uniform_euclidean/city20_range100_wouter.json,inplace,euclidean,uniform,20,100.0,0.2,8.500657222776342,0.9999999999999998,38
486,4921,4921,772.0,../data/Results/uniform_euclidean/city20_range100_wouter.json,inplace,euclidean,uniform,20,100.0,0.2,8.501267040866182,0.9999999999999998,38
530,6421,6421,772.0,../data/Results/uniform_euclidean/city20_range100_wouter.json,inplace,euclidean,uniform,20,100.0,0.2,8.767329147794204,0.9999999999999998,38
549,6531,6531,777.0,../data/Results/uniform_euclidean/city20_range100_wouter.json,inplace,euclidean,uniform,20,100.0,0.20526315789473684,8.78431534990281,0.9999999999999998,39
568,6533,6533,777.0,../data/Results/uniform_euclidean/city20_range100_wouter.json,inplace,euclidean,uniform,20,100.0,0.20526315789473684,8.784621534840904,0.9999999999999998,39
579,6559,6559,777.0,../data/Results/uniform_euclidean/city20_range100_wouter.json,inplace,euclidean,uniform,20,100.0,0.2,8.788593431293888,0.9999999999999998,38
589,6567,6567,777.0,../data/Results/uniform_euclidean/city20_range100_wouter.json,inplace,euclidean,uniform,20,100.0,0.2,8.789812386191125,0.9999999999999998,38
590,6568,6568,777.0,../data/Results/uniform_euclidean/city20_range100_wouter.json,inplace,euclidean,uniform,20,100.0,0.2,8.789964651132417,0.9999999999999998,38
596,6599,6599,777.0,../data/Results/uniform_euclidean/city20_range100_wouter.json,inplace,euclidean,uniform,20,100.0,0.20526315789473684,8.794673401383573,0.9999999999999998,39
605,6601,6601,777.0,../data/Results/uniform_euclidean/city20_range100_wouter.json,inplace,euclidean,uniform,20,100.0,0.21052631578947367,8.794976431688923,0.9999999999999998,40
606,6614,6614,777.0,../data/Results/uniform_euclidean/city20_range100_wouter.json,inplace,euclidean,uniform,20,100.0,0.21578947368421053,8.79694389354189,0.9999999999999998,41
628,6621,6621,777.0,../data/Results/uniform_euclidean/city20_range100_wouter.json,inplace,euclidean,uniform,20,100.0,0.22105263157894736,8.798001694924997,0.9999999999999998,42
638,6639,6639,777.0,../data/Results/uniform_euclidean/city20_range100_wouter.json,inplace,euclidean,uniform,20,100.0,0.22105263157894736,8.80071662871931,0.9999999999999998,42
644,6729,6729,777.0,../data/Results/uniform_euclidean/city20_range100_wouter.json,inplace,euclidean,uniform,20,100.0,0.22105263157894736,8.814181823188466,0.9999999999999998,42
645,6807,6807,777.0,../data/Results/uniform_euclidean/city20_range100_wouter.json,inplace,euclidean,uniform,20,100.0,0.22105263157894736,8.825706773448099,0.9999999999999998,42
649,6857,6857,777.0,../data/Results/uniform_euclidean/city20_range100_wouter.json,inplace,euclidean,uniform,20,100.0,0.22105263157894736,8.83302530728451,0.9999999999999998,42
653,6858,6858,777.0,../data/Results/uniform_euclidean/city20_range100_wouter.json,inplace,euclidean,uniform,20,100.0,0.22105263157894736,8.833171133023011,0.9999999999999998,42
664,7585,7585,777.0,../data/Results/uniform_euclidean/city20_range100_wouter.json,inplace,euclidean,uniform,20,100.0,0.22105263157894736,8.933927891782764,0.9999999999999998,42
682,7648,7648,777.0,../data/Results/uniform_euclidean/city20_range100_wouter.json,inplace,euclidean,uniform,20,100.0,0.22631578947368422,8.942199454731368,0.9999999999999998,43
686,7832,7832,777.0,../data/Results/uniform_euclidean/city20_range100_wouter.json,inplace,euclidean,uniform,20,100.0,0.22631578947368422,8.965973184210474,0.9999999999999998,43
698,8468,8468,777.0,../data/Results/uniform_euclidean/city20_range100_wouter.json,inplace,euclidean,uniform,20,100.0,0.22631578947368422,9.044049632254874,0.9999999999999998,43
715,8471,8471,777.0,../data/Results/uniform_euclidean/city20_range100_wouter.json,inplace,euclidean,uniform,20,100.0,0.22631578947368422,9.044403844431669,0.9999999999999998,43
720,9683,9683,777.0,../data/Results/uniform_euclidean/city20_range100_wouter.json,inplace,euclidean,uniform,20,100.0,0.22631578947368422,9.178127049611634,0.9999999999999998,43
738,9701,9701,777.0,../data/Results/uniform_euclidean/city20_range100_wouter.json,inplace,euclidean,uniform,20,100.0,0.23157894736842105,9.179984251961386,0.9999999999999998,44
739,9705,9705,777.0,../data/Results/uniform_euclidean/city20_range100_wouter.json,inplace,euclidean,uniform,20,100.0,0.23684210526315788,9.180396495603214,0.9999999999999998,45
752,9706,9706,780.0,../data/Results/uniform_euclidean/city20_range100_wouter.json,inplace,euclidean,uniform,20,100.0,0.23684210526315788,9.180499529965264,1.0000000000000002,45
759,9723,9723,780.0,../data/Results/uniform_euclidean/city20_range100_wouter.json,inplace,euclidean,uniform,20,100.0,0.23684210526315788,9.18224949180976,1.0000000000000002,45
764,9727,9727,780.0,../data/Results/uniform_euclidean/city20_range100_wouter.json,inplace,euclidean,uniform,20,100.0,0.23684210526315788,9.182660802869544,1.0000000000000002,45
814,9736,9736,780.0,../data/Results/uniform_euclidean/city20_range100_wouter.json,inplace,euclidean,uniform,20,100.0,0.24210526315789474,9.183585634667466,1.0000000000000002,46
826,9740,9740,780.0,../data/Results/uniform_euclidean/city20_range100_wouter.json,inplace,euclidean,uniform,20,100.0,0.24210526315789474,9.183996396636683,1.0000000000000002,46
831,9860,9860,767.0,../data/Results/uniform_euclidean/city20_range100_wouter.json,inplace,euclidean,uniform,20,100.0,0.24736842105263157,9.196241447596783,1.0,47
836,9865,9865,767.0,../data/Results/uniform_euclidean/city20_range100_wouter.json,inplace,euclidean,uniform,20,100.0,0.25263157894736843,9.196748418456817,1.0,48
860,9867,9867,767.0,../data/Results/uniform_euclidean/city20_range100_wouter.json,inplace,euclidean,uniform,20,100.0,0.25263157894736843,9.196951134857269,1.0,48
867,15994,15994,770.0,../data/Results/uniform_euclidean/city20_range100_wouter.json,inplace,euclidean,uniform,20,100.0,0.2578947368421053,9.679968930891897,1.0,49
869,16020,16020,770.0,../data/Results/uniform_euclidean/city20_range100_wouter.json,inplace,euclidean,uniform,20,100.0,0.2578947368421053,9.681593220622412,1.0,49
872,16021,16021,770.0,../data/Results/uniform_euclidean/city20_range100_wouter.json,inplace,euclidean,uniform,20,100.0,0.2578947368421053,9.681655640646778,1.0,49
874,16032,16032,770.0,../data/Results/uniform_euclidean/city20_range100_wouter.json,inplace,euclidean,uniform,20,100.0,0.2578947368421053,9.682342003884655,1.0,49
878,16033,16033,770.0,../data/Results/uniform_euclidean/city20_range100_wouter.json,inplace,euclidean,uniform,20,100.0,0.2578947368421053,9.6824043771889,1.0,49
907,16036,16036,770.0,../data/Results/uniform_euclidean/city20_range100_wouter.json,inplace,euclidean,uniform,20,100.0,0.2631578947368421,9.68259147376246,1.0,50
924,16039,16039,770.0,../data/Results/uniform_euclidean/city20_range100_wouter.json,inplace,euclidean,uniform,20,100.0,0.26842105263157895,9.682778535337441,1.0,51
936,16128,16128,770.0,../data/Results/uniform_euclidean/city20_range100_wouter.json,inplace,euclidean,uniform,20,100.0,0.26842105263157895,9.688312170871157,1.0,51
940,16131,16131,770.0,../data/Results/uniform_euclidean/city20_range100_wouter.json,inplace,euclidean,uniform,20,100.0,0.26842105263157895,9.68849816547785,1.0,51
944,16133,16133,770.0,../data/Results/uniform_euclidean/city20_range100_wouter.json,inplace,euclidean,uniform,20,100.0,0.26842105263157895,9.688622142666206,1.0,51
956,16161,16161,770.0,../data/Results/uniform_euclidean/city20_range100_wouter.json,inplace,euclidean,uniform,20,100.0,0.26842105263157895,9.690356211348705,1.0,51
958,16430,16430,770.0,../data/Results/uniform_euclidean/city20_range100_wouter.json,inplace,euclidean,uniform,20,100.0,0.26842105263157895,9.706864211031375,1.0,51
970,16456,16456,770.0,../data/Results/uniform_euclidean/city20_range100_wouter.json,inplace,euclidean,uniform,20,100.0,0.26842105263157895,9.708445431332853,1.0,51
980,16468,16468,770.0,../data/Results/uniform_euclidean/city20_range100_wouter.json,inplace,euclidean,uniform,20,100.0,0.2736842105263158,9.709174382889856,1.0,52
1,463,463,826.0,../data/Results/uniform_euclidean/city20_range100_scramble.json,scramble,euclidean,uniform,20,100.0,0.07894736842105263,6.137727054088394,1.0,15
3,500,500,816.0,../data/Results/uniform_euclidean/city20_range100_scramble.json,scramble,euclidean,uniform,20,100.0,0.07894736842105263,6.214608098424192,1.0,15
4,514,514,823.0,../data/Results/uniform_euclidean/city20_range100_scramble.json,scramble,euclidean,uniform,20,100.0,0.07894736842105263,6.242223265457111,1.0,15
7,583,583,821.0,../data/Results/uniform_euclidean/city20_range100_scramble.json,scramble,euclidean,uniform,20,100.0,0.07894736842105263,6.368187186352207,1.0,15
11,986,986,817.0,../data/Results/uniform_euclidean/city20_range100_scramble.json,scramble,euclidean,uniform,20,100.0,0.07894736842105263,6.89365635460365,1.0000000000000002,15
13,1633,1633,820.0,../data/Results/uniform_euclidean/city20_range100_scramble.json,scramble,euclidean,uniform,20,100.0,0.07894736842105263,7.398174092971077,1.0,15
143,1931,1931,823.0,../data/Results/uniform_euclidean/city20_range100_scramble.json,scramble,euclidean,uniform,20,100.0,0.07894736842105263,7.565793282429032,1.0,15
148,4069,4069,824.0,../data/Results/uniform_euclidean/city20_range100_scramble.json,scramble,euclidean,uniform,20,100.0,0.07894736842105263,8.311152548001935,1.0,15
799,8945,8945,825.0,../data/Results/uniform_euclidean/city20_range100_scramble.json,scramble,euclidean,uniform,20,100.0,0.07894736842105263,9.098849995942931,0.9999999999999998,15
1,1920,1920,516.0,../data/Results/uniform_euclidean/city20_range60_swap.json,swap,euclidean,uniform,20,60.0,0.04736842105263158,7.560080465022348,1.0,9
2,2316,2316,515.0,../data/Results/uniform_euclidean/city20_range60_swap.json,swap,euclidean,uniform,20,60.0,0.04736842105263158,7.747596838693318,1.0,9
3,4007,4007,516.0,../data/Results/uniform_euclidean/city20_range60_swap.json,swap,euclidean,uniform,20,60.0,0.04736842105263158,8.295798110636394,0.9999999999999998,9
4,5537,5537,516.0,../data/Results/uniform_euclidean/city20_range60_swap.json,swap,euclidean,uniform,20,60.0,0.04736842105263158,8.619208116823147,0.9999999999999998,9
7,5784,5784,516.0,../data/Results/uniform_euclidean/city20_range60_swap.json,swap,euclidean,uniform,20,60.0,0.04736842105263158,8.662850763838774,0.9999999999999998,9
20,7182,7182,516.0,../data/Results/uniform_euclidean/city20_range60_swap.json,swap,euclidean,uniform,20,60.0,0.04736842105263158,8.879333174786167,1.0,9
21,7666,7666,516.0,../data/Results/uniform_euclidean/city20_range60_swap.json,swap,euclidean,uniform,20,60.0,0.04736842105263158,8.944550245940631,1.0,9
25,8382,8382,516.0,../data/Results/uniform_euclidean/city20_range60_swap.json,swap,euclidean,uniform,20,60.0,0.04736842105263158,9.033841828485135,1.0,9
26,10620,10620,518.0,../data/Results/uniform_euclidean/city20_range60_swap.json,swap,euclidean,uniform,20,60.0,0.04736842105263158,9.270494294796023,1.0,9
29,11253,11253,518.0,../data/Results/uniform_euclidean/city20_range60_swap.json,swap,euclidean,uniform,20,60.0,0.04736842105263158,9.328390038750086,1.0,9
32,11936,11936,518.0,../data/Results/uniform_euclidean/city20_range60_swap.json,swap,euclidean,uniform,20,60.0,0.04736842105263158,9.387314322443626,1.0,9
55,12191,12191,518.0,../data/Results/uniform_euclidean/city20_range60_swap.json,swap,euclidean,uniform,20,60.0,0.04736842105263158,9.408453253565229,1.0,9
63,12203,12203,518.0,../data/Results/uniform_euclidean/city20_range60_swap.json,swap,euclidean,uniform,20,60.0,0.04736842105263158,9.409437102131921,1.0,9
66,12372,12372,518.0,../data/Results/uniform_euclidean/city20_range60_swap.json,swap,euclidean,uniform,20,60.0,0.04736842105263158,9.423191133805041,1.0,9
70,12668,12668,517.0,../data/Results/uniform_euclidean/city20_range60_swap.json,swap,euclidean,uniform,20,60.0,0.04736842105263158,9.44683440765861,1.0,9
90,15662,15662,516.0,../data/Results/uniform_euclidean/city20_range60_swap.json,swap,euclidean,uniform,20,60.0,0.04736842105263158,9.658992675310946,1.0,9
98,17439,17439,516.0,../data/Results/uniform_euclidean/city20_range60_swap.json,swap,euclidean,uniform,20,60.0,0.04736842105263158,9.766464356369518,1.0,9
99,23504,23504,516.0,../data/Results/uniform_euclidean/city20_range60_swap.json,swap,euclidean,uniform,20,60.0,0.04736842105263158,10.064925898413701,1.0,9
105,23507,23507,516.0,../data/Results/uniform_euclidean/city20_range60_swap.json,swap,euclidean,uniform,20,60.0,0.04736842105263158,10.065053528117561,1.0,9
110,23583,23583,516.0,../data/Results/uniform_euclidean/city20_range60_swap.json,swap,euclidean,uniform,20,60.0,0.04736842105263158,10.068281392461909,1.0,9
115,30304,30304,516.0,../data/Results/uniform_euclidean/city20_range60_swap.json,swap,euclidean,uniform,20,60.0,0.04736842105263158,10.319034995985838,1.0,9
117,30305,30305,516.0,../data/Results/uniform_euclidean/city20_range60_swap.json,swap,euclidean,uniform,20,60.0,0.04736842105263158,10.319067994385419,1.0,9
120,32585,32585,516.0,../data/Results/uniform_euclidean/city20_range60_swap.json,swap,euclidean,uniform,20,60.0,0.04736842105263158,10.391607338766512,1.0,9
121,32661,32661,516.0,../data/Results/uniform_euclidean/city20_range60_swap.json,swap,euclidean,uniform,20,60.0,0.04736842105263158,10.39393698454932,1.0,9
123,32906,32906,516.0,../data/Results/uniform_euclidean/city20_range60_swap.json,swap,euclidean,uniform,20,60.0,0.04736842105263158,10.401410290946625,1.0,9
124,39736,39736,517.0,../data/Results/uniform_euclidean/city20_range60_swap.json,swap,euclidean,uniform,20,60.0,0.04736842105263158,10.590012856787212,1.0,9
126,64224,64224,518.0,../data/Results/uniform_euclidean/city20_range60_swap.json,swap,euclidean,uniform,20,60.0,0.04736842105263158,11.07013225159608,1.0,9
144,69188,69188,518.0,../data/Results/uniform_euclidean/city20_range60_swap.json,swap,euclidean,uniform,20,60.0,0.04736842105263158,11.144582716163828,1.0,9
148,69203,69203,518.0,../data/Results/uniform_euclidean/city20_range60_swap.json,swap,euclidean,uniform,20,60.0,0.04736842105263158,11.144799493267234,1.0,9
149,69206,69206,518.0,../data/Results/uniform_euclidean/city20_range60_swap.json,swap,euclidean,uniform,20,60.0,0.04736842105263158,11.144842843049409,1.0,9
151,73129,73129,518.0,../data/Results/uniform_euclidean/city20_range60_swap.json,swap,euclidean,uniform,20,60.0,0.04736842105263158,11.199980283892835,1.0,9
153,75704,75704,518.0,../data/Results/uniform_euclidean/city20_range60_swap.json,swap,euclidean,uniform,20,60.0,0.04736842105263158,11.234586278188083,1.0,9
167,76282,76282,518.0,../data/Results/uniform_euclidean/city20_range60_swap.json,swap,euclidean,uniform,20,60.0,0.04736842105263158,11.2421922785631,1.0,9
175,76879,76879,518.0,../data/Results/uniform_euclidean/city20_range60_swap.json,swap,euclidean,uniform,20,60.0,0.04736842105263158,11.249988036275512,1.0,9
183,77097,77097,518.0,../data/Results/uniform_euclidean/city20_range60_swap.json,swap,euclidean,uniform,20,60.0,0.04736842105263158,11.252819648288565,1.0,9
186,77509,77509,518.0,../data/Results/uniform_euclidean/city20_range60_swap.json,swap,euclidean,uniform,20,60.0,0.04736842105263158,11.258149337631256,1.0,9
188,78768,78768,518.0,../data/Results/uniform_euclidean/city20_range60_swap.json,swap,euclidean,uniform,20,60.0,0.04736842105263158,11.274262101997994,1.0,9
189,78910,78910,518.0,../data/Results/uniform_euclidean/city20_range60_swap.json,swap,euclidean,uniform,20,60.0,0.04736842105263158,11.276063241515093,1.0,9
198,86631,86631,518.0,../data/Results/uniform_euclidean/city20_range60_swap.json,swap,euclidean,uniform,20,60.0,0.04736842105263158,11.369412998162835,1.0,9
199,86725,86725,518.0,../data/Results/uniform_euclidean/city20_range60_swap.json,swap,euclidean,uniform,20,60.0,0.04736842105263158,11.370497471837963,1.0,9
202,86884,86884,518.0,../data/Results/uniform_euclidean/city20_range60_swap.json,swap,euclidean,uniform,20,60.0,0.04736842105263158,11.372329174623596,1.0,9
206,89662,89662,518.0,../data/Results/uniform_euclidean/city20_range60_swap.json,swap,euclidean,uniform,20,60.0,0.04736842105263158,11.403802323951844,1.0,9
207,97242,97242,518.0,../data/Results/uniform_euclidean/city20_range60_swap.json,swap,euclidean,uniform,20,60.0,0.04736842105263158,11.484957995886186,1.0,9
213,100558,100558,518.0,../data/Results/uniform_euclidean/city20_range60_swap.json,swap,euclidean,uniform,20,60.0,0.04736842105263158,11.51848995444265,1.0,9
224,108529,108529,518.0,../data/Results/uniform_euclidean/city20_range60_swap.json,swap,euclidean,uniform,20,60.0,0.04736842105263158,11.59477269735542,1.0,9
241,109081,109081,518.0,../data/Results/uniform_euclidean/city20_range60_swap.json,swap,euclidean,uniform,20,60.0,0.04736842105263158,11.599846004500938,1.0,9
255,113285,113285,518.0,../data/Results/uniform_euclidean/city20_range60_swap.json,swap,euclidean,uniform,20,60.0,0.04736842105263158,11.637662046371563,1.0,9
272,113580,113580,518.0,../data/Results/uniform_euclidean/city20_range60_swap.json,swap,euclidean,uniform,20,60.0,0.04736842105263158,11.640262713431433,1.0,9
273,114451,114451,518.0,../data/Results/uniform_euclidean/city20_range60_swap.json,swap,euclidean,uniform,20,60.0,0.04736842105263158,11.64790206278248,1.0,9
283,116714,116714,518.0,../data/Results/uniform_euclidean/city20_range60_swap.json,swap,euclidean,uniform,20,60.0,0.04736842105263158,11.667481776803422,1.0,9
286,119855,119855,518.0,../data/Results/uniform_euclidean/city20_range60_swap.json,swap,euclidean,uniform,20,60.0,0.04736842105263158,11.694037957807518,1.0,9
295,160013,160013,518.0,../data/Results/uniform_euclidean/city20_range60_swap.json,swap,euclidean,uniform,20,60.0,0.04736842105263158,11.983010340915367,0.9999999999999998,9
1,2868,2868,749.0,../data/Results/uniform_euclidean/city20_range95_scramble.json,scramble,euclidean,uniform,20,95.0,0.07894736842105263,7.96137020171986,1.0,15
135,3267,3267,738.0,../data/Results/uniform_euclidean/city20_range95_scramble.json,scramble,euclidean,uniform,20,95.0,0.07894736842105263,8.091627411601376,0.9999999999999998,15
389,3306,3306,743.0,../data/Results/uniform_euclidean/city20_range95_scramble.json,scramble,euclidean,uniform,20,95.0,0.07894736842105263,8.103494278381271,1.0,15
454,4252,4252,746.0,../data/Results/uniform_euclidean/city20_range95_scramble.json,scramble,euclidean,uniform,20,95.0,0.07894736842105263,8.355144739462073,1.0,15
1,6477,6477,996.0,../data/Results/uniform_euclidean/city30_range85_swap.json,swap,euclidean,uniform,30,85.0,0.03218390804597701,8.776012719183072,1.0,14
15,10800,10800,995.0,../data/Results/uniform_euclidean/city30_range85_swap.json,swap,euclidean,uniform,30,85.0,0.03218390804597701,9.287301413112404,1.0,14
17,25304,25304,995.0,../data/Results/uniform_euclidean/city30_range85_swap.json,swap,euclidean,uniform,30,85.0,0.03218390804597701,10.138717764985524,0.9999999999999998,14
18,27232,27232,995.0,../data/Results/uniform_euclidean/city30_range85_swap.json,swap,euclidean,uniform,30,85.0,0.03218390804597701,10.212148031373138,0.9999999999999998,14
36,31409,31409,995.0,../data/Results/uniform_euclidean/city30_range85_swap.json,swap,euclidean,uniform,30,85.0,0.03218390804597701,10.354849755031328,0.9999999999999998,14
38,32402,32402,995.0,../data/Results/uniform_euclidean/city30_range85_swap.json,swap,euclidean,uniform,30,85.0,0.03218390804597701,10.385975428270394,0.9999999999999998,14
45,32573,32573,995.0,../data/Results/uniform_euclidean/city30_range85_swap.json,swap,euclidean,uniform,30,85.0,0.03218390804597701,10.391239003331549,0.9999999999999998,14
47,37817,37817,995.0,../data/Results/uniform_euclidean/city30_range85_swap.json,swap,euclidean,uniform,30,85.0,0.03218390804597701,10.540514015956765,0.9999999999999998,14
48,47492,47492,995.0,../data/Results/uniform_euclidean/city30_range85_swap.json,swap,euclidean,uniform,30,85.0,0.03218390804597701,10.768316554785704,0.9999999999999998,14
50,48843,48843,995.0,../data/Results/uniform_euclidean/city30_range85_swap.json,swap,euclidean,uniform,30,85.0,0.03218390804597701,10.796366351399644,0.9999999999999998,14
67,49162,49162,995.0,../data/Results/uniform_euclidean/city30_range85_swap.json,swap,euclidean,uniform,30,85.0,0.03218390804597701,10.802876246334947,0.9999999999999998,14
1,144,144,130.0,../data/Results/uniform_euclidean/city20_range10_scramble.json,scramble,euclidean,uniform,20,10.0,0.015789473684210527,4.969813299582945,1.0000000000000002,3
3,152,152,131.0,../data/Results/uniform_euclidean/city20_range10_scramble.json,scramble,euclidean,uniform,20,10.0,0.015789473684210527,5.023880520852855,1.0,3
4,223,223,131.0,../data/Results/uniform_euclidean/city20_range10_scramble.json,scramble,euclidean,uniform,20,10.0,0.015789473684210527,5.407171771464603,1.0,3
5,296,296,131.0,../data/Results/uniform_euclidean/city20_range10_scramble.json,scramble,euclidean,uniform,20,10.0,0.015789473684210527,5.690359454327439,1.0000000000000002,3
23,344,344,131.0,../data/Results/uniform_euclidean/city20_range10_scramble.json,scramble,euclidean,uniform,20,10.0,0.015789473684210527,5.840641657376305,1.0000000000000002,3
139,149357,149357,133.0,../data/Results/uniform_euclidean/city20_range10_scramble.json,scramble,euclidean,uniform,20,10.0,0.015789473684210527,11.914094692314908,1.0,3
593,642900,642900,130.0,../data/Results/uniform_euclidean/city20_range10_scramble.json,scramble,euclidean,uniform,20,10.0,0.015789473684210527,13.373744470129779,1.0,3
1,313,313,443.0,../data/Results/uniform_euclidean/city20_range55_swap.json,swap,euclidean,uniform,20,55.0,0.04736842105263158,5.746203190543348,0.9999999999999998,9
7,314,314,443.0,../data/Results/uniform_euclidean/city20_range55_swap.json,swap,euclidean,uniform,20,55.0,0.04736842105263158,5.749392985911438,0.9999999999999998,9
8,333,333,443.0,../data/Results/uniform_euclidean/city20_range55_swap.json,swap,euclidean,uniform,20,55.0,0.04736842105263158,5.808142489983447,0.9999999999999998,9
9,359,359,443.0,../data/Results/uniform_euclidean/city20_range55_swap.json,swap,euclidean,uniform,20,55.0,0.04736842105263158,5.883322388491064,0.9999999999999998,9
12,458,458,442.0,../data/Results/uniform_euclidean/city20_range55_swap.json,swap,euclidean,uniform,20,55.0,0.04736842105263158,6.1268691841163685,1.0,9
25,465,465,442.0,../data/Results/uniform_euclidean/city20_range55_swap.json,swap,euclidean,uniform,20,55.0,0.04736842105263158,6.142037405589507,1.0,9
44,712,712,442.0,../data/Results/uniform_euclidean/city20_range55_swap.json,swap,euclidean,uniform,20,55.0,0.04736842105263158,6.56807791141338,1.0,9
45,829,829,442.0,../data/Results/uniform_euclidean/city20_range55_swap.json,swap,euclidean,uniform,20,55.0,0.04736842105263158,6.720220155136501,1.0,9
53,1009,1009,442.0,../data/Results/uniform_euclidean/city20_range55_swap.json,swap,euclidean,uniform,20,55.0,0.04736842105263158,6.9167150203546,1.0,9
54,1014,1014,442.0,../data/Results/uniform_euclidean/city20_range55_swap.json,swap,euclidean,uniform,20,55.0,0.04736842105263158,6.921658184152115,1.0,9
72,1058,1058,442.0,../data/Results/uniform_euclidean/city20_range55_swap.json,swap,euclidean,uniform,20,55.0,0.04736842105263158,6.96413561241919,1.0,9
73,1156,1156,442.0,../data/Results/uniform_euclidean/city20_range55_swap.json,swap,euclidean,uniform,20,55.0,0.04736842105263158,7.052721049233188,1.0,9
74,1165,1165,442.0,../data/Results/uniform_euclidean/city20_range55_swap.json,swap,euclidean,uniform,20,55.0,0.04736842105263158,7.0604763660006595,1.0,9
79,1410,1410,442.0,../data/Results/uniform_euclidean/city20_range55_swap.json,swap,euclidean,uniform,20,55.0,0.04736842105263158,7.251344983372923,1.0,9
88,1411,1411,442.0,../data/Results/uniform_euclidean/city20_range55_swap.json,swap,euclidean,uniform,20,55.0,0.04736842105263158,7.252053951853522,1.0,9
95,1482,1482,442.0,../data/Results/uniform_euclidean/city20_range55_swap.json,swap,euclidean,uniform,20,55.0,0.04736842105263158,7.301147805856707,1.0,9
97,1490,1490,442.0,../data/Results/uniform_euclidean/city20_range55_swap.json,swap,euclidean,uniform,20,55.0,0.04736842105263158,7.306531398940176,1.0,9
98,1558,1558,442.0,../data/Results/uniform_euclidean/city20_range55_swap.json,swap,euclidean,uniform,20,55.0,0.04736842105263158,7.351158226431336,1.0,9
100,1563,1563,442.0,../data/Results/uniform_euclidean/city20_range55_swap.json,swap,euclidean,uniform,20,55.0,0.04736842105263158,7.354362330422116,1.0,9
111,1810,1810,442.0,../data/Results/uniform_euclidean/city20_range55_swap.json,swap,euclidean,uniform,20,55.0,0.04736842105263158,7.5010821242604235,1.0,9
127,1952,1952,442.0,../data/Results/uniform_euclidean/city20_range55_swap.json,swap,euclidean,uniform,20,55.0,0.04736842105263158,7.57660976697355,1.0,9
128,1955,1955,442.0,../data/Results/uniform_euclidean/city20_range55_swap.json,swap,euclidean,uniform,20,55.0,0.04736842105263158,7.578145472419978,1.0,9
157,1968,1968,442.0,../data/Results/uniform_euclidean/city20_range55_swap.json,swap,euclidean,uniform,20,55.0,0.04736842105263158,7.584773077612707,1.0,9
174,1984,1984,442.0,../data/Results/uniform_euclidean/city20_range55_swap.json,swap,euclidean,uniform,20,55.0,0.04736842105263158,7.592870287845322,1.0,9
331,2206,2206,443.0,../data/Results/uniform_euclidean/city20_range55_swap.json,swap,euclidean,uniform,20,55.0,0.04736842105263158,7.698936199813901,1.0,9
333,2211,2211,443.0,../data/Results/uniform_euclidean/city20_range55_swap.json,swap,euclidean,uniform,20,55.0,0.04736842105263158,7.7012001808578985,1.0,9
337,2309,2309,443.0,../data/Results/uniform_euclidean/city20_range55_swap.json,swap,euclidean,uniform,20,55.0,0.04736842105263158,7.744569809354928,1.0,9
355,2341,2341,443.0,../data/Results/uniform_euclidean/city20_range55_swap.json,swap,euclidean,uniform,20,55.0,0.04736842105263158,7.758333467491338,1.0,9
356,2388,2388,443.0,../data/Results/uniform_euclidean/city20_range55_swap.json,swap,euclidean,uniform,20,55.0,0.04736842105263158,7.778211474512911,1.0,9
357,2402,2402,443.0,../data/Results/uniform_euclidean/city20_range55_swap.json,swap,euclidean,uniform,20,55.0,0.04736842105263158,7.7840570026403455,1.0,9
376,2404,2404,443.0,../data/Results/uniform_euclidean/city20_range55_swap.json,swap,euclidean,uniform,20,55.0,0.04736842105263158,7.784889295655514,1.0,9
386,2405,2405,443.0,../data/Results/uniform_euclidean/city20_range55_swap.json,swap,euclidean,uniform,20,55.0,0.04736842105263158,7.785305182540277,1.0,9
395,2458,2458,443.0,../data/Results/uniform_euclidean/city20_range55_swap.json,swap,euclidean,uniform,20,55.0,0.04736842105263158,7.807103290126387,1.0,9
399,2464,2464,443.0,../data/Results/uniform_euclidean/city20_range55_swap.json,swap,euclidean,uniform,20,55.0,0.04736842105263158,7.809541324653816,1.0,9
409,3785,3785,443.0,../data/Results/uniform_euclidean/city20_range55_swap.json,swap,euclidean,uniform,20,55.0,0.04736842105263158,8.238801165871813,1.0000000000000002,9
423,3878,3878,443.0,../data/Results/uniform_euclidean/city20_range55_swap.json,swap,euclidean,uniform,20,55.0,0.04736842105263158,8.263074835802856,1.0000000000000002,9
425,3978,3978,443.0,../data/Results/uniform_euclidean/city20_range55_swap.json,swap,euclidean,uniform,20,55.0,0.04736842105263158,8.28853445941417,1.0000000000000002,9
431,4049,4049,443.0,../data/Results/uniform_euclidean/city20_range55_swap.json,swap,euclidean,uniform,20,55.0,0.04736842105263158,8.306225216032407,1.0000000000000002,9
441,4207,4207,443.0,../data/Results/uniform_euclidean/city20_range55_swap.json,swap,euclidean,uniform,20,55.0,0.04736842105263158,8.344505083590759,1.0000000000000002,9
448,4803,4803,444.0,../data/Results/uniform_euclidean/city20_range55_swap.json,swap,euclidean,uniform,20,55.0,0.04736842105263158,8.476996001665032,1.0,9
450,4805,4805,444.0,../data/Results/uniform_euclidean/city20_range55_swap.json,swap,euclidean,uniform,20,55.0,0.04736842105263158,8.477412321404602,1.0,9
459,4932,4932,444.0,../data/Results/uniform_euclidean/city20_range55_swap.json,swap,euclidean,uniform,20,55.0,0.04736842105263158,8.503499864284437,1.0,9
462,4940,4940,444.0,../data/Results/uniform_euclidean/city20_range55_swap.json,swap,euclidean,uniform,20,55.0,0.04736842105263158,8.505120610182171,1.0,9
464,5086,5086,444.0,../data/Results/uniform_euclidean/city20_range55_swap.json,swap,euclidean,uniform,20,55.0,0.04736842105263158,8.534246945982261,1.0,9
466,5087,5087,444.0,../data/Results/uniform_euclidean/city20_range55_swap.json,swap,euclidean,uniform,20,55.0,0.04736842105263158,8.534443544822961,1.0,9
473,5287,5287,444.0,../data/Results/uniform_euclidean/city20_range55_swap.json,swap,euclidean,uniform,20,55.0,0.04736842105263158,8.57300625623564,1.0,9
474,5793,5793,444.0,../data/Results/uniform_euclidean/city20_range55_swap.json,swap,euclidean,uniform,20,55.0,0.04736842105263158,8.664405571096797,1.0,9
477,5811,5811,444.0,../data/Results/uniform_euclidean/city20_range55_swap.json,swap,euclidean,uniform,20,55.0,0.04736842105263158,8.667507952075278,1.0,9
478,5814,5814,444.0,../data/Results/uniform_euclidean/city20_range55_swap.json,swap,euclidean,uniform,20,55.0,0.04736842105263158,8.668024081118993,1.0,9
480,5848,5848,444.0,../data/Results/uniform_euclidean/city20_range55_swap.json,swap,euclidean,uniform,20,55.0,0.04736842105263158,8.673855001429786,1.0,9
497,7978,7978,444.0,../data/Results/uniform_euclidean/city20_range55_swap.json,swap,euclidean,uniform,20,55.0,0.04736842105263158,8.984443032465478,1.0000000000000002,9
500,9201,9201,444.0,../data/Results/uniform_euclidean/city20_range55_swap.json,swap,euclidean,uniform,20,55.0,0.04736842105263158,9.12706745278247,1.0000000000000002,9
503,9366,9366,444.0,../data/Results/uniform_euclidean/city20_range55_swap.json,swap,euclidean,uniform,20,55.0,0.04736842105263158,9.144841389743593,1.0000000000000002,9
505,9384,9384,444.0,../data/Results/uniform_euclidean/city20_range55_swap.json,swap,euclidean,uniform,20,55.0,0.04736842105263158,9.146761390333419,1.0000000000000002,9
517,9624,9624,444.0,../data/Results/uniform_euclidean/city20_range55_swap.json,swap,euclidean,uniform,20,55.0,0.04736842105263158,9.17201525765462,1.0000000000000002,9
524,9929,9929,444.0,../data/Results/uniform_euclidean/city20_range55_swap.json,swap,euclidean,uniform,20,55.0,0.04736842105263158,9.203215047033694,1.0000000000000002,9
536,14389,14389,444.0,../data/Results/uniform_euclidean/city20_range55_swap.json,swap,euclidean,uniform,20,55.0,0.04736842105263158,9.574219304763487,1.0000000000000002,9
542,15102,15102,444.0,../data/Results/uniform_euclidean/city20_range55_swap.json,swap,euclidean,uniform,20,55.0,0.04736842105263158,9.622582464363438,1.0000000000000002,9
548,15135,15135,444.0,../data/Results/uniform_euclidean/city20_range55_swap.json,swap,euclidean,uniform,20,55.0,0.04736842105263158,9.624765221455885,1.0000000000000002,9
550,16014,16014,444.0,../data/Results/uniform_euclidean/city20_range55_swap.json,swap,euclidean,uniform,20,55.0,0.04736842105263158,9.681218618632641,1.0000000000000002,9
559,16120,16120,444.0,../data/Results/uniform_euclidean/city20_range55_swap.json,swap,euclidean,uniform,20,55.0,0.04736842105263158,9.687816016060681,1.0000000000000002,9
565,16508,16508,445.0,../data/Results/uniform_euclidean/city20_range55_swap.json,swap,euclidean,uniform,20,55.0,0.04736842105263158,9.711600390872533,1.0,9
568,17039,17039,445.0,../data/Results/uniform_euclidean/city20_range55_swap.json,swap,euclidean,uniform,20,55.0,0.04736842105263158,9.743260113215298,1.0,9
578,17045,17045,445.0,../data/Results/uniform_euclidean/city20_range55_swap.json,swap,euclidean,uniform,20,55.0,0.04736842105263158,9.743612184572061,1.0,9
583,17083,17083,445.0,../data/Results/uniform_euclidean/city20_range55_swap.json,swap,euclidean,uniform,20,55.0,0.04736842105263158,9.745839095947117,1.0,9
585,17125,17125,445.0,../data/Results/uniform_euclidean/city20_range55_swap.json,swap,euclidean,uniform,20,55.0,0.04736842105263158,9.748294663130485,1.0,9
588,17131,17131,445.0,../data/Results/uniform_euclidean/city20_range55_swap.json,swap,euclidean,uniform,20,55.0,0.04736842105263158,9.748644966730517,1.0,9
592,17409,17409,445.0,../data/Results/uniform_euclidean/city20_range55_swap.json,swap,euclidean,uniform,20,55.0,0.04736842105263158,9.764742592858775,1.0,9
616,17410,17410,445.0,../data/Results/uniform_euclidean/city20_range55_swap.json,swap,euclidean,uniform,20,55.0,0.04736842105263158,9.764800032762292,1.0,9
619,18032,18032,445.0,../data/Results/uniform_euclidean/city20_range55_swap.json,swap,euclidean,uniform,20,55.0,0.04736842105263158,9.799903236279613,1.0,9
624,25173,25173,445.0,../data/Results/uniform_euclidean/city20_range55_swap.json,swap,euclidean,uniform,20,55.0,0.04736842105263158,10.133527270538218,1.0,9
627,25456,25456,445.0,../data/Results/uniform_euclidean/city20_range55_swap.json,swap,euclidean,uniform,20,55.0,0.04736842105263158,10.144706750577608,1.0,9
631,25752,25752,445.0,../data/Results/uniform_euclidean/city20_range55_swap.json,swap,euclidean,uniform,20,55.0,0.04736842105263158,10.156267572978683,1.0,9
635,25835,25835,445.0,../data/Results/uniform_euclidean/city20_range55_swap.json,swap,euclidean,uniform,20,55.0,0.04736842105263158,10.159485440721324,1.0,9
637,26366,26366,445.0,../data/Results/uniform_euclidean/city20_range55_swap.json,swap,euclidean,uniform,20,55.0,0.04736842105263158,10.179830580317953,1.0,9
657,26375,26375,445.0,../data/Results/uniform_euclidean/city20_range55_swap.json,swap,euclidean,uniform,20,55.0,0.04736842105263158,10.180171870778405,1.0,9
662,26401,26401,445.0,../data/Results/uniform_euclidean/city20_range55_swap.json,swap,euclidean,uniform,20,55.0,0.04736842105263158,10.18115716720494,1.0,9
663,27715,27715,445.0,../data/Results/uniform_euclidean/city20_range55_swap.json,swap,euclidean,uniform,20,55.0,0.04736842105263158,10.229729061853941,1.0,9
692,27717,27717,445.0,../data/Results/uniform_euclidean/city20_range55_swap.json,swap,euclidean,uniform,20,55.0,0.04736842105263158,10.22980122233889,1.0,9
717,27734,27734,445.0,../data/Results/uniform_euclidean/city20_range55_swap.json,swap,euclidean,uniform,20,55.0,0.04736842105263158,10.230414376313846,1.0,9
720,27880,27880,445.0,../data/Results/uniform_euclidean/city20_range55_swap.json,swap,euclidean,uniform,20,55.0,0.04736842105263158,10.235664864874495,1.0,9
725,28498,28498,445.0,../data/Results/uniform_euclidean/city20_range55_swap.json,swap,euclidean,uniform,20,55.0,0.04736842105263158,10.25758918835577,1.0,9
729,30083,30083,446.0,../data/Results/uniform_euclidean/city20_range55_swap.json,swap,euclidean,uniform,20,55.0,0.04736842105263158,10.311715507133254,1.0000000000000002,9
735,30351,30351,446.0,../data/Results/uniform_euclidean/city20_range55_swap.json,swap,euclidean,uniform,20,55.0,0.04736842105263158,10.320584744874033,1.0000000000000002,9
742,30354,30354,446.0,../data/Results/uniform_euclidean/city20_range55_swap.json,swap,euclidean,uniform,20,55.0,0.04736842105263158,10.320683583520024,1.0000000000000002,9
746,30357,30357,446.0,../data/Results/uniform_euclidean/city20_range55_swap.json,swap,euclidean,uniform,20,55.0,0.04736842105263158,10.320782412397902,1.0000000000000002,9
749,33384,33384,446.0,../data/Results/uniform_euclidean/city20_range55_swap.json,swap,euclidean,uniform,20,55.0,0.04736842105263158,10.415832022271418,1.0000000000000002,9
1,934,934,431.0,../data/Results/uniform_euclidean/city30_range30_scramble.json,scramble,euclidean,uniform,30,30.0,0.013793103448275862,6.839476438229913,0.9999999999999999,6
2,55504,55504,428.0,../data/Results/uniform_euclidean/city30_range30_scramble.json,scramble,euclidean,uniform,30,30.0,0.013793103448275862,10.924210369209549,1.0,6
12,110669,110669,428.0,../data/Results/uniform_euclidean/city30_range30_scramble.json,scramble,euclidean,uniform,30,30.0,0.013793103448275862,11.614299043345603,0.9999999999999998,6
38,462006,462006,429.0,../data/Results/uniform_euclidean/city30_range30_scramble.json,scramble,euclidean,uniform,30,30.0,0.013793103448275862,13.043333156992535,1.0,6
53,3564637,3564637,429.0,../data/Results/uniform_euclidean/city30_range30_scramble.json,scramble,euclidean,uniform,30,30.0,0.013793103448275862,15.086572783364284,1.0000000000000002,6
1,57950,57950,764.0,../data/Results/uniform_euclidean/city30_range65_wouter.json,inplace,euclidean,uniform,30,65.0,0.022988505747126436,10.967335848767915,0.9999999999999999,10
3,59374,59374,764.0,../data/Results/uniform_euclidean/city30_range65_wouter.json,inplace,euclidean,uniform,30,65.0,0.02528735632183908,10.991611699089866,0.9999999999999999,11
4,59508,59508,764.0,../data/Results/uniform_euclidean/city30_range65_wouter.json,inplace,euclidean,uniform,30,65.0,0.027586206896551724,10.99386603627715,0.9999999999999999,12
6,60809,60809,764.0,../data/Results/uniform_euclidean/city30_range65_wouter.json,inplace,euclidean,uniform,30,65.0,0.029885057471264367,11.015493083315251,0.9999999999999999,13
7,64382,64382,758.0,../data/Results/uniform_euclidean/city30_range65_wouter.json,inplace,euclidean,uniform,30,65.0,0.03218390804597701,11.072589369918598,1.0000000000000002,14
9,65145,65145,758.0,../data/Results/uniform_euclidean/city30_range65_wouter.json,inplace,euclidean,uniform,30,65.0,0.034482758620689655,11.084370833637047,1.0000000000000002,15
16,65154,65154,758.0,../data/Results/uniform_euclidean/city30_range65_wouter.json,inplace,euclidean,uniform,30,65.0,0.0367816091954023,11.08450897744497,1.0000000000000002,16
22,187742,187742,759.0,../data/Results/uniform_euclidean/city30_range65_wouter.json,inplace,euclidean,uniform,30,65.0,0.03908045977011494,12.142823958865032,1.0000000000000002,17
26,227355,227355,749.0,../data/Results/uniform_euclidean/city30_range65_wouter.json,inplace,euclidean,uniform,30,65.0,0.041379310344827586,12.334267951533871,1.0,18
29,227375,227375,749.0,../data/Results/uniform_euclidean/city30_range65_wouter.json,inplace,euclidean,uniform,30,65.0,0.04367816091954023,12.334355915820428,1.0,19
33,227448,227448,749.0,../data/Results/uniform_euclidean/city30_range65_wouter.json,inplace,euclidean,uniform,30,65.0,0.04597701149425287,12.334676919818145,1.0,20
38,227452,227452,749.0,../data/Results/uniform_euclidean/city30_range65_wouter.json,inplace,euclidean,uniform,30,65.0,0.04827586206896552,12.334694506100846,1.0,21
42,229143,229143,749.0,../data/Results/uniform_euclidean/city30_range65_wouter.json,inplace,euclidean,uniform,30,65.0,0.05057471264367816,12.34210154179449,1.0,22
43,240849,240849,732.0,../data/Results/uniform_euclidean/city30_range65_wouter.json,inplace,euclidean,uniform,30,65.0,0.052873563218390804,12.391925460087949,1.0000000000000002,23
44,240850,240850,732.0,../data/Results/uniform_euclidean/city30_range65_wouter.json,inplace,euclidean,uniform,30,65.0,0.052873563218390804,12.391929612058371,1.0000000000000002,23
52,263317,263317,732.0,../data/Results/uniform_euclidean/city30_range65_wouter.json,inplace,euclidean,uniform,30,65.0,0.052873563218390804,12.481113908534994,1.0000000000000002,23
66,263318,263318,732.0,../data/Results/uniform_euclidean/city30_range65_wouter.json,inplace,euclidean,uniform,30,65.0,0.05517241379310345,12.48111770623169,1.0000000000000002,24
70,263321,263321,732.0,../data/Results/uniform_euclidean/city30_range65_wouter.json,inplace,euclidean,uniform,30,65.0,0.05747126436781609,12.481129099235247,1.0000000000000002,25
93,263326,263326,732.0,../data/Results/uniform_euclidean/city30_range65_wouter.json,inplace,euclidean,uniform,30,65.0,0.05747126436781609,12.481148087286067,1.0000000000000002,25
99,263906,263906,732.0,../data/Results/uniform_euclidean/city30_range65_wouter.json,inplace,euclidean,uniform,30,65.0,0.05747126436781609,12.483348258117768,1.0000000000000002,25
102,347965,347965,732.0,../data/Results/uniform_euclidean/city30_range65_wouter.json,inplace,euclidean,uniform,30,65.0,0.05747126436781609,12.759857178985994,1.0000000000000002,25
103,347968,347968,732.0,../data/Results/uniform_euclidean/city30_range65_wouter.json,inplace,euclidean,uniform,30,65.0,0.05747126436781609,12.759865800505596,1.0000000000000002,25
107,347969,347969,732.0,../data/Results/uniform_euclidean/city30_range65_wouter.json,inplace,euclidean,uniform,30,65.0,0.059770114942528735,12.759868674328944,1.0000000000000002,26
110,347989,347989,732.0,../data/Results/uniform_euclidean/city30_range65_wouter.json,inplace,euclidean,uniform,30,65.0,0.059770114942528735,12.75992614906163,1.0000000000000002,26
112,348012,348012,732.0,../data/Results/uniform_euclidean/city30_range65_wouter.json,inplace,euclidean,uniform,30,65.0,0.059770114942528735,12.759992240920718,1.0000000000000002,26
113,348013,348013,732.0,../data/Results/uniform_euclidean/city30_range65_wouter.json,inplace,euclidean,uniform,30,65.0,0.059770114942528735,12.759995114380724,1.0000000000000002,26
126,350652,350652,732.0,../data/Results/uniform_euclidean/city30_range65_wouter.json,inplace,euclidean,uniform,30,65.0,0.05747126436781609,12.767549557641935,1.0000000000000002,25
127,400067,400067,732.0,../data/Results/uniform_euclidean/city30_range65_wouter.json,inplace,euclidean,uniform,30,65.0,0.05747126436781609,12.899387312063563,1.0000000000000002,25
133,400132,400132,732.0,../data/Results/uniform_euclidean/city30_range65_wouter.json,inplace,euclidean,uniform,30,65.0,0.059770114942528735,12.899549771652097,1.0000000000000002,26
145,400133,400133,732.0,../data/Results/uniform_euclidean/city30_range65_wouter.json,inplace,euclidean,uniform,30,65.0,0.059770114942528735,12.899552270824246,1.0000000000000002,26
150,400135,400135,732.0,../data/Results/uniform_euclidean/city30_range65_wouter.json,inplace,euclidean,uniform,30,65.0,0.059770114942528735,12.899557269149808,1.0000000000000002,26
151,401577,401577,732.0,../data/Results/uniform_euclidean/city30_range65_wouter.json,inplace,euclidean,uniform,30,65.0,0.059770114942528735,12.903154574803283,1.0000000000000002,26
153,401588,401588,732.0,../data/Results/uniform_euclidean/city30_range65_wouter.json,inplace,euclidean,uniform,30,65.0,0.06206896551724138,12.903181966435142,1.0000000000000002,27
155,401591,401591,732.0,../data/Results/uniform_euclidean/city30_range65_wouter.json,inplace,euclidean,uniform,30,65.0,0.06436781609195402,12.903189436749978,1.0000000000000002,28
165,401606,401606,732.0,../data/Results/uniform_euclidean/city30_range65_wouter.json,inplace,euclidean,uniform,30,65.0,0.06666666666666667,12.903226787487098,1.0000000000000002,29
166,401652,401652,732.0,../data/Results/uniform_euclidean/city30_range65_wouter.json,inplace,euclidean,uniform,30,65.0,0.06666666666666667,12.903341321049291,1.0000000000000002,29
168,401772,401772,732.0,../data/Results/uniform_euclidean/city30_range65_wouter.json,inplace,euclidean,uniform,30,65.0,0.06666666666666667,12.903640042523612,1.0000000000000002,29
171,401927,401927,732.0,../data/Results/uniform_euclidean/city30_range65_wouter.json,inplace,euclidean,uniform,30,65.0,0.06666666666666667,12.904025759071528,1.0000000000000002,29
174,401928,401928,732.0,../data/Results/uniform_euclidean/city30_range65_wouter.json,inplace,euclidean,uniform,30,65.0,0.06666666666666667,12.904028247082426,1.0000000000000002,29
204,424562,424562,725.0,../data/Results/uniform_euclidean/city30_range65_wouter.json,inplace,euclidean,uniform,30,65.0,0.06896551724137931,12.958813328250057,1.0,30
205,426245,426245,725.0,../data/Results/uniform_euclidean/city30_range65_wouter.json,inplace,euclidean,uniform,30,65.0,0.06896551724137931,12.962769577305789,1.0,30
208,426409,426409,725.0,../data/Results/uniform_euclidean/city30_range65_wouter.json,inplace,euclidean,uniform,30,65.0,0.07126436781609195,12.963154258552864,1.0,31
211,426410,426410,725.0,../data/Results/uniform_euclidean/city30_range65_wouter.json,inplace,euclidean,uniform,30,65.0,0.07126436781609195,12.963156603716374,1.0,31
212,743388,743388,727.0,../data/Results/uniform_euclidean/city30_range65_wouter.json,inplace,euclidean,uniform,30,65.0,0.07126436781609195,13.518973394664966,1.0,31
225,2168857,2168857,738.0,../data/Results/uniform_euclidean/city30_range65_wouter.json,inplace,euclidean,uniform,30,65.0,0.06896551724137931,14.58971085863606,1.0000000000000004,30
226,2169021,2169021,738.0,../data/Results/uniform_euclidean/city30_range65_wouter.json,inplace,euclidean,uniform,30,65.0,0.06896551724137931,14.589786471643194,1.0000000000000004,30
1,664,664,375.0,../data/Results/uniform_euclidean/city20_range45_swap.json,swap,euclidean,uniform,20,45.0,0.042105263157894736,6.49828214947794,1.0,8
4,2285,2285,374.0,../data/Results/uniform_euclidean/city20_range45_swap.json,swap,euclidean,uniform,20,45.0,0.042105263157894736,7.734121303328743,1.0,8
19,2868,2868,375.0,../data/Results/uniform_euclidean/city20_range45_swap.json,swap,euclidean,uniform,20,45.0,0.042105263157894736,7.96137020171986,1.0,8
20,3128,3128,375.0,../data/Results/uniform_euclidean/city20_range45_swap.json,swap,euclidean,uniform,20,45.0,0.042105263157894736,8.04814910166552,1.0,8
36,3134,3134,375.0,../data/Results/uniform_euclidean/city20_range45_swap.json,swap,euclidean,uniform,20,45.0,0.042105263157894736,8.050065422916285,1.0,8
86,3403,3403,376.0,../data/Results/uniform_euclidean/city20_range45_swap.json,swap,euclidean,uniform,20,45.0,0.042105263157894736,8.1324126745012,1.0,8
87,3407,3407,376.0,../data/Results/uniform_euclidean/city20_range45_swap.json,swap,euclidean,uniform,20,45.0,0.042105263157894736,8.13358741766126,1.0,8
93,3469,3469,376.0,../data/Results/uniform_euclidean/city20_range45_swap.json,swap,euclidean,uniform,20,45.0,0.042105263157894736,8.151621646970037,1.0,8
94,3472,3472,376.0,../data/Results/uniform_euclidean/city20_range45_swap.json,swap,euclidean,uniform,20,45.0,0.042105263157894736,8.152486075780528,1.0,8
95,3679,3679,376.0,../data/Results/uniform_euclidean/city20_range45_swap.json,swap,euclidean,uniform,20,45.0,0.042105263157894736,8.210396255105046,1.0,8
98,4134,4134,376.0,../data/Results/uniform_euclidean/city20_range45_swap.json,swap,euclidean,uniform,20,45.0,0.042105263157894736,8.327000740241955,1.0,8
105,5252,5252,377.0,../data/Results/uniform_euclidean/city20_range45_swap.json,swap,euclidean,uniform,20,45.0,0.042105263157894736,8.566364235422878,1.0,8
113,5551,5551,377.0,../data/Results/uniform_euclidean/city20_range45_swap.json,swap,euclidean,uniform,20,45.0,0.042105263157894736,8.621733370690341,1.0,8
114,5765,5765,377.0,../data/Results/uniform_euclidean/city20_range45_swap.json,swap,euclidean,uniform,20,45.0,0.042105263157894736,8.659560432703334,1.0,8
118,6040,6040,377.0,../data/Results/uniform_euclidean/city20_range45_swap.json,swap,euclidean,uniform,20,45.0,0.042105263157894736,8.706159290929026,1.0,8
119,6238,6238,379.0,../data/Results/uniform_euclidean/city20_range45_swap.json,swap,euclidean,uniform,20,45.0,0.042105263157894736,8.738414897167909,1.0000000000000002,8
124,6928,6928,380.0,../data/Results/uniform_euclidean/city20_range45_swap.json,swap,euclidean,uniform,20,45.0,0.042105263157894736,8.843326450242415,1.0000000000000002,8
130,7001,7001,380.0,../data/Results/uniform_euclidean/city20_range45_swap.json,swap,euclidean,uniform,20,45.0,0.042105263157894736,8.853808274977341,1.0000000000000002,8
136,10941,10941,380.0,../data/Results/uniform_euclidean/city20_range45_swap.json,swap,euclidean,uniform,20,45.0,0.042105263157894736,9.300272479476881,1.0000000000000002,8
149,12560,12560,380.0,../data/Results/uniform_euclidean/city20_range45_swap.json,swap,euclidean,uniform,20,45.0,0.042105263157894736,9.438272440022269,1.0000000000000002,8
151,14073,14073,380.0,../data/Results/uniform_euclidean/city20_range45_swap.json,swap,euclidean,uniform,20,45.0,0.042105263157894736,9.552013346996638,1.0000000000000002,8
162,14224,14224,380.0,../data/Results/uniform_euclidean/city20_range45_swap.json,swap,euclidean,uniform,20,45.0,0.042105263157894736,9.562685957753756,1.0000000000000002,8
169,14451,14451,380.0,../data/Results/uniform_euclidean/city20_range45_swap.json,swap,euclidean,uniform,20,45.0,0.042105263157894736,9.5785188952984,1.0000000000000002,8
173,16312,16312,380.0,../data/Results/uniform_euclidean/city20_range45_swap.json,swap,euclidean,uniform,20,45.0,0.042105263157894736,9.699656312254353,1.0000000000000002,8
1,1025,1025,370.0,../data/Results/uniform_euclidean/city20_range40_wouter.json,inplace,euclidean,uniform,20,40.0,0.03684210526315789,6.932447891573484,1.0000000000000002,7
10,1619,1619,370.0,../data/Results/uniform_euclidean/city20_range40_wouter.json,inplace,euclidean,uniform,20,40.0,0.042105263157894736,7.389563953678253,1.0000000000000002,8
11,1853,1853,370.0,../data/Results/uniform_euclidean/city20_range40_wouter.json,inplace,euclidean,uniform,20,40.0,0.042105263157894736,7.5245612262859,1.0000000000000002,8
18,2035,2035,370.0,../data/Results/uniform_euclidean/city20_range40_wouter.json,inplace,euclidean,uniform,20,40.0,0.04736842105263158,7.618251097877187,1.0000000000000002,9
26,3527,3527,370.0,../data/Results/uniform_euclidean/city20_range40_wouter.json,inplace,euclidean,uniform,20,40.0,0.04736842105263158,8.168202930236335,1.0,9
36,3977,3977,370.0,../data/Results/uniform_euclidean/city20_range40_wouter.json,inplace,euclidean,uniform,20,40.0,0.04736842105263158,8.288283045207942,1.0,9
37,3979,3979,370.0,../data/Results/uniform_euclidean/city20_range40_wouter.json,inplace,euclidean,uniform,20,40.0,0.05263157894736842,8.28878581042718,1.0,10
39,5735,5735,370.0,../data/Results/uniform_euclidean/city20_range40_wouter.json,inplace,euclidean,uniform,20,40.0,0.04736842105263158,8.654343029563645,1.0,9
45,6064,6064,366.0,../data/Results/uniform_euclidean/city20_range40_wouter.json,inplace,euclidean,uniform,20,40.0,0.05263157894736842,8.710124927322372,1.0,10
65,6392,6392,366.0,../data/Results/uniform_euclidean/city20_range40_wouter.json,inplace,euclidean,uniform,20,40.0,0.05263157894736842,8.762802487446267,1.0,10
82,6397,6397,366.0,../data/Results/uniform_euclidean/city20_range40_wouter.json,inplace,euclidean,uniform,20,40.0,0.05263157894736842,8.763584409450294,1.0,10
1,25743,25743,774.0,../data/Results/uniform_euclidean/city30_range65_scramble.json,scramble,euclidean,uniform,30,65.0,0.022988505747126436,10.15591802447527,1.0000000000000002,10
32,38772,38772,771.0,../data/Results/uniform_euclidean/city30_range65_scramble.json,scramble,euclidean,uniform,30,65.0,0.022988505747126436,10.565453615612524,0.9999999999999998,10
64,108216,108216,772.0,../data/Results/uniform_euclidean/city30_range65_scramble.json,scramble,euclidean,uniform,30,65.0,0.022988505747126436,11.59188450876904,1.0000000000000002,10
116,163438,163438,773.0,../data/Results/uniform_euclidean/city30_range65_scramble.json,scramble,euclidean,uniform,30,65.0,0.022988505747126436,12.004188992510128,1.0,10
373,496447,496447,771.0,../data/Results/uniform_euclidean/city30_range65_scramble.json,scramble,euclidean,uniform,30,65.0,0.022988505747126436,13.115232009538861,1.0,10
1,206,206,520.0,../data/Results/uniform_euclidean/city20_range65_wouter.json,inplace,euclidean,uniform,20,65.0,0.042105263157894736,5.327876168794435,1.0,8
3,295,295,500.0,../data/Results/uniform_euclidean/city20_range65_wouter.json,inplace,euclidean,uniform,20,65.0,0.04736842105263158,5.6869753563432095,1.0,9
7,321,321,493.0,../data/Results/uniform_euclidean/city20_range65_wouter.json,inplace,euclidean,uniform,20,65.0,0.04736842105263158,5.7714411231331315,1.0000000000000004,9
9,453,453,493.0,../data/Results/uniform_euclidean/city20_range65_wouter.json,inplace,euclidean,uniform,20,65.0,0.05263157894736842,6.115892125485241,1.0000000000000004,10
11,476,476,493.0,../data/Results/uniform_euclidean/city20_range65_wouter.json,inplace,euclidean,uniform,20,65.0,0.05263157894736842,6.165417854233521,1.0000000000000004,10
24,649,649,494.0,../data/Results/uniform_euclidean/city20_range65_wouter.json,inplace,euclidean,uniform,20,65.0,0.05789473684210526,6.4754327167056305,1.0000000000000004,11
25,676,676,475.0,../data/Results/uniform_euclidean/city20_range65_wouter.json,inplace,euclidean,uniform,20,65.0,0.06315789473684211,6.516193076044443,1.0,12
27,727,727,475.0,../data/Results/uniform_euclidean/city20_range65_wouter.json,inplace,euclidean,uniform,20,65.0,0.06842105263157895,6.588926477534895,1.0000000000000002,13
30,733,733,475.0,../data/Results/uniform_euclidean/city20_range65_wouter.json,inplace,euclidean,uniform,20,65.0,0.07368421052631578,6.5971457018880155,1.0000000000000002,14
32,754,754,475.0,../data/Results/uniform_euclidean/city20_range65_wouter.json,inplace,euclidean,uniform,20,65.0,0.07894736842105263,6.625392368009282,1.0000000000000002,15
41,783,783,456.0,../data/Results/uniform_euclidean/city20_range65_wouter.json,inplace,euclidean,uniform,20,65.0,0.07894736842105263,6.66313269599208,1.0000000000000002,15
48,884,884,451.0,../data/Results/uniform_euclidean/city20_range65_wouter.json,inplace,euclidean,uniform,20,65.0,0.08421052631578947,6.784457062638775,1.0000000000000002,16
52,894,894,451.0,../data/Results/uniform_euclidean/city20_range65_wouter.json,inplace,euclidean,uniform,20,65.0,0.08947368421052632,6.795705775174633,1.0000000000000002,17
61,1644,1644,452.0,../data/Results/uniform_euclidean/city20_range65_wouter.json,inplace,euclidean,uniform,20,65.0,0.09473684210526316,7.404887575616733,1.0000000000000004,18
136,1659,1659,452.0,../data/Results/uniform_euclidean/city20_range65_wouter.json,inplace,euclidean,uniform,20,65.0,0.1,7.413970290191047,1.0000000000000004,19
205,1662,1662,452.0,../data/Results/uniform_euclidean/city20_range65_wouter.json,inplace,euclidean,uniform,20,65.0,0.10526315789473684,7.415776975415995,1.0000000000000004,20
239,1693,1693,452.0,../data/Results/uniform_euclidean/city20_range65_wouter.json,inplace,euclidean,uniform,20,65.0,0.10526315789473684,7.434257382133726,1.0000000000000004,20
466,1711,1711,451.0,../data/Results/uniform_euclidean/city20_range65_wouter.json,inplace,euclidean,uniform,20,65.0,0.10526315789473684,7.444833273892778,1.0000000000000004,20
470,1877,1877,466.0,../data/Results/uniform_euclidean/city20_range65_wouter.json,inplace,euclidean,uniform,20,65.0,0.10526315789473684,7.5374300365870415,1.0000000000000002,20
472,1878,1878,466.0,../data/Results/uniform_euclidean/city20_range65_wouter.json,inplace,euclidean,uniform,20,65.0,0.10526315789473684,7.53796265976874,1.0000000000000002,20
476,2158,2158,466.0,../data/Results/uniform_euclidean/city20_range65_wouter.json,inplace,euclidean,uniform,20,65.0,0.10526315789473684,7.676937145818544,1.0000000000000002,20
544,2160,2160,466.0,../data/Results/uniform_euclidean/city20_range65_wouter.json,inplace,euclidean,uniform,20,65.0,0.11052631578947368,7.677863500678674,1.0000000000000002,21
545,2734,2734,467.0,../data/Results/uniform_euclidean/city20_range65_wouter.json,inplace,euclidean,uniform,20,65.0,0.11052631578947368,7.9135210172842605,1.0000000000000002,21
556,3220,3220,467.0,../data/Results/uniform_euclidean/city20_range65_wouter.json,inplace,euclidean,uniform,20,65.0,0.11052631578947368,8.077136638538764,1.0000000000000002,21
560,3316,3316,467.0,../data/Results/uniform_euclidean/city20_range65_wouter.json,inplace,euclidean,uniform,20,65.0,0.11578947368421053,8.106514516255487,1.0000000000000002,22
573,3508,3508,467.0,../data/Results/uniform_euclidean/city20_range65_wouter.json,inplace,euclidean,uniform,20,65.0,0.11578947368421053,8.162801353492359,1.0000000000000002,22
583,3553,3553,446.0,../data/Results/uniform_euclidean/city20_range65_wouter.json,inplace,euclidean,uniform,20,65.0,0.12105263157894737,8.175547596021309,0.9999999999999998,23
585,3733,3733,451.0,../data/Results/uniform_euclidean/city20_range65_wouter.json,inplace,euclidean,uniform,20,65.0,0.12631578947368421,8.224967478914852,0.9999999999999998,24
617,3776,3776,451.0,../data/Results/uniform_euclidean/city20_range65_wouter.json,inplace,euclidean,uniform,20,65.0,0.13157894736842105,8.236420527265656,1.0,25
630,3785,3785,451.0,../data/Results/uniform_euclidean/city20_range65_wouter.json,inplace,euclidean,uniform,20,65.0,0.12631578947368421,8.238801165871813,1.0,24
631,3786,3786,451.0,../data/Results/uniform_euclidean/city20_range65_wouter.json,inplace,euclidean,uniform,20,65.0,0.13157894736842105,8.239065331769533,1.0,25
649,3842,3842,451.0,../data/Results/uniform_euclidean/city20_range65_wouter.json,inplace,euclidean,uniform,20,65.0,0.13157894736842105,8.253748343328763,1.0,25
654,3843,3843,451.0,../data/Results/uniform_euclidean/city20_range65_wouter.json,inplace,euclidean,uniform,20,65.0,0.1368421052631579,8.254008590565103,1.0,26
656,3861,3861,451.0,../data/Results/uniform_euclidean/city20_range65_wouter.json,inplace,euclidean,uniform,20,65.0,0.14210526315789473,8.258681496264495,1.0,27
664,3862,3862,451.0,../data/Results/uniform_euclidean/city20_range65_wouter.json,inplace,euclidean,uniform,20,65.0,0.14736842105263157,8.258940462988718,1.0,28
675,3873,3873,451.0,../data/Results/uniform_euclidean/city20_range65_wouter.json,inplace,euclidean,uniform,20,65.0,0.15263157894736842,8.26178467951501,1.0,29
680,3892,3892,451.0,../data/Results/uniform_euclidean/city20_range65_wouter.json,inplace,euclidean,uniform,20,65.0,0.15789473684210525,8.266678443306153,1.0,30
687,3894,3894,451.0,../data/Results/uniform_euclidean/city20_range65_wouter.json,inplace,euclidean,uniform,20,65.0,0.15789473684210525,8.267192185932402,1.0,30
693,3897,3897,451.0,../data/Results/uniform_euclidean/city20_range65_wouter.json,inplace,euclidean,uniform,20,65.0,0.15789473684210525,8.267962305338965,1.0,30
702,3948,3948,451.0,../data/Results/uniform_euclidean/city20_range65_wouter.json,inplace,euclidean,uniform,20,65.0,0.1631578947368421,8.280964400553625,1.0,31
705,3949,3949,451.0,../data/Results/uniform_euclidean/city20_range65_wouter.json,inplace,euclidean,uniform,20,65.0,0.1631578947368421,8.281217661286902,1.0,31
714,3956,3956,451.0,../data/Results/uniform_euclidean/city20_range65_wouter.json,inplace,euclidean,uniform,20,65.0,0.1631578947368421,8.282988692742855,1.0,31
725,3991,3991,451.0,../data/Results/uniform_euclidean/city20_range65_wouter.json,inplace,euclidean,uniform,20,65.0,0.1631578947368421,8.291797105048984,1.0,31
729,4000,4000,451.0,../data/Results/uniform_euclidean/city20_range65_wouter.json,inplace,euclidean,uniform,20,65.0,0.1631578947368421,8.294049640102278,1.0,31
732,4004,4004,451.0,../data/Results/uniform_euclidean/city20_range65_wouter.json,inplace,euclidean,uniform,20,65.0,0.1631578947368421,8.295049140435362,1.0,31
740,4005,4005,451.0,../data/Results/uniform_euclidean/city20_range65_wouter.json,inplace,euclidean,uniform,20,65.0,0.16842105263157894,8.29529885950271,1.0,32
753,4067,4067,451.0,../data/Results/uniform_euclidean/city20_range65_wouter.json,inplace,euclidean,uniform,20,65.0,0.1736842105263158,8.31066090590747,1.0,33
755,4069,4069,451.0,../data/Results/uniform_euclidean/city20_range65_wouter.json,inplace,euclidean,uniform,20,65.0,0.1736842105263158,8.311152548001935,1.0,33
758,4070,4070,451.0,../data/Results/uniform_euclidean/city20_range65_wouter.json,inplace,euclidean,uniform,20,65.0,0.17894736842105263,8.311398278436886,1.0,34
760,4073,4073,451.0,../data/Results/uniform_euclidean/city20_range65_wouter.json,inplace,euclidean,uniform,20,65.0,0.17894736842105263,8.312135107648658,1.0,34
767,4078,4078,451.0,../data/Results/uniform_euclidean/city20_range65_wouter.json,inplace,euclidean,uniform,20,65.0,0.18421052631578946,8.313361951134645,1.0,35
770,4088,4088,451.0,../data/Results/uniform_euclidean/city20_range65_wouter.json,inplace,euclidean,uniform,20,65.0,0.18947368421052632,8.315811131883786,1.0,36
784,4096,4096,451.0,../data/Results/uniform_euclidean/city20_range65_wouter.json,inplace,euclidean,uniform,20,65.0,0.18947368421052632,8.317766166719588,1.0,36
799,4103,4103,451.0,../data/Results/uniform_euclidean/city20_range65_wouter.json,inplace,euclidean,uniform,20,65.0,0.19473684210526315,8.319473692442429,1.0,37
802,4104,4104,451.0,../data/Results/uniform_euclidean/city20_range65_wouter.json,inplace,euclidean,uniform,20,65.0,0.19473684210526315,8.319717386850849,1.0,37
812,4120,4120,451.0,../data/Results/uniform_euclidean/city20_range65_wouter.json,inplace,euclidean,uniform,20,65.0,0.2,8.323608442343815,1.0,38
823,4122,4122,451.0,../data/Results/uniform_euclidean/city20_range65_wouter.json,inplace,euclidean,uniform,20,65.0,0.2,8.324093761450648,1.0,38
849,4477,4477,451.0,../data/Results/uniform_euclidean/city20_range65_wouter.json,inplace,euclidean,uniform,20,65.0,0.2,8.406708458241189,1.0,38
850,4478,4478,451.0,../data/Results/uniform_euclidean/city20_range65_wouter.json,inplace,euclidean,uniform,20,65.0,0.2,8.406931797158924,1.0,38
861,4480,4480,451.0,../data/Results/uniform_euclidean/city20_range65_wouter.json,inplace,euclidean,uniform,20,65.0,0.2,8.407378325409255,1.0,38
867,4484,4484,451.0,../data/Results/uniform_euclidean/city20_range65_wouter.json,inplace,euclidean,uniform,20,65.0,0.20526315789473684,8.408270784192274,1.0,39
872,4485,4485,451.0,../data/Results/uniform_euclidean/city20_range65_wouter.json,inplace,euclidean,uniform,20,65.0,0.21052631578947367,8.40849377449312,1.0,40
874,4486,4486,451.0,../data/Results/uniform_euclidean/city20_range65_wouter.json,inplace,euclidean,uniform,20,65.0,0.21052631578947367,8.408716715080377,1.0,40
883,4574,4574,451.0,../data/Results/uniform_euclidean/city20_range65_wouter.json,inplace,euclidean,uniform,20,65.0,0.20526315789473684,8.428143374582945,1.0,39
888,4578,4578,451.0,../data/Results/uniform_euclidean/city20_range65_wouter.json,inplace,euclidean,uniform,20,65.0,0.20526315789473684,8.42901750051273,1.0,39
898,4594,4594,451.0,../data/Results/uniform_euclidean/city20_range65_wouter.json,inplace,euclidean,uniform,20,65.0,0.21052631578947367,8.432506383249262,1.0,40
906,4609,4609,451.0,../data/Results/uniform_euclidean/city20_range65_wouter.json,inplace,euclidean,uniform,20,65.0,0.21052631578947367,8.435766192720726,1.0,40
931,4676,4676,451.0,../data/Results/uniform_euclidean/city20_range65_wouter.json,inplace,euclidean,uniform,20,65.0,0.21052631578947367,8.450198322592174,1.0,40
956,4713,4713,451.0,../data/Results/uniform_euclidean/city20_range65_wouter.json,inplace,euclidean,uniform,20,65.0,0.20526315789473684,8.458079926923944,1.0,39
958,4722,4722,451.0,../data/Results/uniform_euclidean/city20_range65_wouter.json,inplace,euclidean,uniform,20,65.0,0.20526315789473684,8.45998771764567,1.0,39
971,4728,4728,451.0,../data/Results/uniform_euclidean/city20_range65_wouter.json,inplace,euclidean,uniform,20,65.0,0.20526315789473684,8.461257559086146,1.0,39
975,4731,4731,451.0,../data/Results/uniform_euclidean/city20_range65_wouter.json,inplace,euclidean,uniform,20,65.0,0.20526315789473684,8.461891875631359,1.0,39
992,4734,4734,451.0,../data/Results/uniform_euclidean/city20_range65_wouter.json,inplace,euclidean,uniform,20,65.0,0.20526315789473684,8.46252579007414,1.0,39
1,1042,1042,425.0,../data/Results/uniform_euclidean/city30_range35_scramble.json,scramble,euclidean,uniform,30,35.0,0.013793103448275862,6.9488972223142715,1.0,6
2,5338,5338,421.0,../data/Results/uniform_euclidean/city30_range35_scramble.json,scramble,euclidean,uniform,30,35.0,0.013793103448275862,8.582606329964657,1.0,6
3,8019,8019,420.0,../data/Results/uniform_euclidean/city30_range35_scramble.json,scramble,euclidean,uniform,30,35.0,0.013793103448275862,8.989569004807153,0.9999999999999999,6
13,25145,25145,422.0,../data/Results/uniform_euclidean/city30_range35_scramble.json,scramble,euclidean,uniform,30,35.0,0.013793103448275862,10.132414348606105,0.9999999999999998,6
17,245103,245103,422.0,../data/Results/uniform_euclidean/city30_range35_scramble.json,scramble,euclidean,uniform,30,35.0,0.013793103448275862,12.409433809343382,1.0,6
30,379063,379063,423.0,../data/Results/uniform_euclidean/city30_range35_scramble.json,scramble,euclidean,uniform,30,35.0,0.013793103448275862,12.845457697163333,1.0,6
108,506142,506142,422.0,../data/Results/uniform_euclidean/city30_range35_scramble.json,scramble,euclidean,uniform,30,35.0,0.013793103448275862,13.134572541310762,0.9999999999999999,6
164,772659,772659,423.0,../data/Results/uniform_euclidean/city30_range35_scramble.json,scramble,euclidean,uniform,30,35.0,0.013793103448275862,13.557593091817647,1.0,6
171,2947862,2947862,425.0,../data/Results/uniform_euclidean/city30_range35_scramble.json,scramble,euclidean,uniform,30,35.0,0.013793103448275862,14.89659071979812,1.0,6
1,7286,7286,661.0,../data/Results/uniform_euclidean/city30_range55_scramble.json,scramble,euclidean,uniform,30,55.0,0.020689655172413793,8.893709977568646,1.0,9
4,18901,18901,655.0,../data/Results/uniform_euclidean/city30_range55_scramble.json,scramble,euclidean,uniform,30,55.0,0.020689655172413793,9.84697010970101,1.0,9
31,27936,27936,655.0,../data/Results/uniform_euclidean/city30_range55_scramble.json,scramble,euclidean,uniform,30,55.0,0.020689655172413793,10.237671458639365,1.0,9
33,44600,44600,655.0,../data/Results/uniform_euclidean/city30_range55_scramble.json,scramble,euclidean,uniform,30,55.0,0.020689655172413793,10.705489138008177,1.0,9
37,75943,75943,657.0,../data/Results/uniform_euclidean/city30_range55_scramble.json,scramble,euclidean,uniform,30,55.0,0.020689655172413793,11.237738337877778,0.9999999999999999,9
121,85748,85748,654.0,../data/Results/uniform_euclidean/city30_range55_scramble.json,scramble,euclidean,uniform,30,55.0,0.020689655172413793,11.359168041141038,0.9999999999999998,9
151,178558,178558,656.0,../data/Results/uniform_euclidean/city30_range55_scramble.json,scramble,euclidean,uniform,30,55.0,0.020689655172413793,12.092668757395515,1.0,9
419,201507,201507,660.0,../data/Results/uniform_euclidean/city30_range55_scramble.json,scramble,euclidean,uniform,30,55.0,0.020689655172413793,12.213579399219572,1.0000000000000002,9
542,293238,293238,657.0,../data/Results/uniform_euclidean/city30_range55_scramble.json,scramble,euclidean,uniform,30,55.0,0.020689655172413793,12.588739844962337,1.0000000000000002,9
1,29458,29458,995.0,../data/Results/uniform_euclidean/city30_range80_scramble.json,scramble,euclidean,uniform,30,80.0,0.029885057471264367,10.290720799049522,1.0,13
13,58214,58214,986.0,../data/Results/uniform_euclidean/city30_range80_scramble.json,scramble,euclidean,uniform,30,80.0,0.029885057471264367,10.971881154620254,1.0000000000000002,13
52,124694,124694,987.0,../data/Results/uniform_euclidean/city30_range80_scramble.json,scramble,euclidean,uniform,30,80.0,0.029885057471264367,11.733618015033404,1.0000000000000002,13
256,174088,174088,987.0,../data/Results/uniform_euclidean/city30_range80_scramble.json,scramble,euclidean,uniform,30,80.0,0.029885057471264367,12.067316197476135,0.9999999999999999,13
1,17521,17521,775.0,../data/Results/uniform_euclidean/city30_range65_swap.json,swap,euclidean,uniform,30,65.0,0.02528735632183908,9.771155440487144,1.0000000000000002,11
2,17524,17524,775.0,../data/Results/uniform_euclidean/city30_range65_swap.json,swap,euclidean,uniform,30,65.0,0.02528735632183908,9.771326648933846,1.0000000000000002,11
6,40811,40811,773.0,../data/Results/uniform_euclidean/city30_range65_swap.json,swap,euclidean,uniform,30,65.0,0.02528735632183908,10.61670693189775,1.0000000000000002,11
22,49794,49794,773.0,../data/Results/uniform_euclidean/city30_range65_swap.json,swap,euclidean,uniform,30,65.0,0.02528735632183908,10.815649773826523,1.0000000000000002,11
33,55194,55194,773.0,../data/Results/uniform_euclidean/city30_range65_swap.json,swap,euclidean,uniform,30,65.0,0.02528735632183908,10.91860953070523,1.0000000000000002,11
40,63429,63429,773.0,../data/Results/uniform_euclidean/city30_range65_swap.json,swap,euclidean,uniform,30,65.0,0.02528735632183908,11.057676449092995,1.0000000000000002,11
57,113004,113004,774.0,../data/Results/uniform_euclidean/city30_range65_swap.json,swap,euclidean,uniform,30,65.0,0.02528735632183908,11.635178495298073,1.0000000000000002,11
58,150849,150849,774.0,../data/Results/uniform_euclidean/city30_range65_swap.json,swap,euclidean,uniform,30,65.0,0.02528735632183908,11.924034615463484,1.0000000000000002,11
60,150953,150953,774.0,../data/Results/uniform_euclidean/city30_range65_swap.json,swap,euclidean,uniform,30,65.0,0.02528735632183908,11.924723809068011,1.0000000000000002,11
63,370804,370804,774.0,../data/Results/uniform_euclidean/city30_range65_swap.json,swap,euclidean,uniform,30,65.0,0.02528735632183908,12.82342890010217,1.0000000000000002,11
68,372163,372163,774.0,../data/Results/uniform_euclidean/city30_range65_swap.json,swap,euclidean,uniform,30,65.0,0.02528735632183908,12.82708720932896,1.0000000000000002,11
69,372222,372222,774.0,../data/Results/uniform_euclidean/city30_range65_swap.json,swap,euclidean,uniform,30,65.0,0.02528735632183908,12.82724572944993,1.0000000000000002,11
70,438990,438990,774.0,../data/Results/uniform_euclidean/city30_range65_swap.json,swap,euclidean,uniform,30,65.0,0.02528735632183908,12.992231912754583,1.0,11
80,439014,439014,774.0,../data/Results/uniform_euclidean/city30_range65_swap.json,swap,euclidean,uniform,30,65.0,0.02528735632183908,12.992286582209406,1.0,11
82,440428,440428,774.0,../data/Results/uniform_euclidean/city30_range65_swap.json,swap,euclidean,uniform,30,65.0,0.02528735632183908,12.995502260374574,1.0,11
86,441932,441932,774.0,../data/Results/uniform_euclidean/city30_range65_swap.json,swap,euclidean,uniform,30,65.0,0.02528735632183908,12.998911303070457,1.0,11
92,476722,476722,774.0,../data/Results/uniform_euclidean/city30_range65_swap.json,swap,euclidean,uniform,30,65.0,0.02528735632183908,13.07468879074685,1.0,11
94,482752,482752,774.0,../data/Results/uniform_euclidean/city30_range65_swap.json,swap,euclidean,uniform,30,65.0,0.02528735632183908,13.087258343213305,1.0,11
102,484836,484836,774.0,../data/Results/uniform_euclidean/city30_range65_swap.json,swap,euclidean,uniform,30,65.0,0.02528735632183908,13.09156596840604,1.0,11
104,487740,487740,774.0,../data/Results/uniform_euclidean/city30_range65_swap.json,swap,euclidean,uniform,30,65.0,0.02528735632183908,13.097537755968675,1.0,11
105,487806,487806,774.0,../data/Results/uniform_euclidean/city30_range65_swap.json,swap,euclidean,uniform,30,65.0,0.02528735632183908,13.097673064811314,1.0,11
108,488487,488487,774.0,../data/Results/uniform_euclidean/city30_range65_swap.json,swap,euclidean,uniform,30,65.0,0.02528735632183908,13.09906813803308,1.0,11
109,488497,488497,774.0,../data/Results/uniform_euclidean/city30_range65_swap.json,swap,euclidean,uniform,30,65.0,0.02528735632183908,13.099088609197398,1.0,11
112,497738,497738,774.0,../data/Results/uniform_euclidean/city30_range65_swap.json,swap,euclidean,uniform,30,65.0,0.02528735632183908,13.117829113147634,1.0,11
113,512946,512946,774.0,../data/Results/uniform_euclidean/city30_range65_swap.json,swap,euclidean,uniform,30,65.0,0.02528735632183908,13.147925855454458,1.0,11
129,523567,523567,774.0,../data/Results/uniform_euclidean/city30_range65_swap.json,swap,euclidean,uniform,30,65.0,0.02528735632183908,13.168420285821627,1.0,11
131,527272,527272,774.0,../data/Results/uniform_euclidean/city30_range65_swap.json,swap,euclidean,uniform,30,65.0,0.02528735632183908,13.175471823406983,1.0,11
132,545018,545018,774.0,../data/Results/uniform_euclidean/city30_range65_swap.json,swap,euclidean,uniform,30,65.0,0.02528735632183908,13.208574100622922,1.0,11
138,547175,547175,774.0,../data/Results/uniform_euclidean/city30_range65_swap.json,swap,euclidean,uniform,30,65.0,0.02528735632183908,13.212523957112287,1.0,11
141,548280,548280,774.0,../data/Results/uniform_euclidean/city30_range65_swap.json,swap,euclidean,uniform,30,65.0,0.02528735632183908,13.214541384345319,1.0,11
142,555631,555631,774.0,../data/Results/uniform_euclidean/city30_range65_swap.json,swap,euclidean,uniform,30,65.0,0.02528735632183908,13.227859683842171,1.0,11
144,555632,555632,774.0,../data/Results/uniform_euclidean/city30_range65_swap.json,swap,euclidean,uniform,30,65.0,0.02528735632183908,13.227861483596145,1.0,11
146,556579,556579,774.0,../data/Results/uniform_euclidean/city30_range65_swap.json,swap,euclidean,uniform,30,65.0,0.02528735632183908,13.22956439829282,1.0,11
147,664730,664730,774.0,../data/Results/uniform_euclidean/city30_range65_swap.json,swap,euclidean,uniform,30,65.0,0.02528735632183908,13.407136222153976,1.0,11
148,674681,674681,774.0,../data/Results/uniform_euclidean/city30_range65_swap.json,swap,euclidean,uniform,30,65.0,0.02528735632183908,13.421995265555001,1.0,11
153,674734,674734,774.0,../data/Results/uniform_euclidean/city30_range65_swap.json,swap,euclidean,uniform,30,65.0,0.02528735632183908,13.422073818113,1.0,11
161,681376,681376,774.0,../data/Results/uniform_euclidean/city30_range65_swap.json,swap,euclidean,uniform,30,65.0,0.02528735632183908,13.431869561986126,1.0,11
162,724371,724371,774.0,../data/Results/uniform_euclidean/city30_range65_swap.json,swap,euclidean,uniform,30,65.0,0.02528735632183908,13.493058971059183,1.0,11
164,810905,810905,774.0,../data/Results/uniform_euclidean/city30_range65_swap.json,swap,euclidean,uniform,30,65.0,0.02528735632183908,13.605906186902049,1.0,11
176,899872,899872,774.0,../data/Results/uniform_euclidean/city30_range65_swap.json,swap,euclidean,uniform,30,65.0,0.02528735632183908,13.710007809969687,1.0,11
1,1650,1650,319.0,../data/Results/uniform_euclidean/city30_range25_swap.json,swap,euclidean,uniform,30,25.0,0.011494252873563218,7.408530566895232,0.9999999999999998,5
6,1887,1887,319.0,../data/Results/uniform_euclidean/city30_range25_swap.json,swap,euclidean,uniform,30,25.0,0.011494252873563218,7.54274354536908,0.9999999999999998,5
37,1889,1889,319.0,../data/Results/uniform_euclidean/city30_range25_swap.json,swap,euclidean,uniform,30,25.0,0.011494252873563218,7.5438028675020385,0.9999999999999998,5
48,1894,1894,319.0,../data/Results/uniform_euclidean/city30_range25_swap.json,swap,euclidean,uniform,30,25.0,0.011494252873563218,7.546446273746551,0.9999999999999998,5
180,1923,1923,318.0,../data/Results/uniform_euclidean/city30_range25_swap.json,swap,euclidean,uniform,30,25.0,0.011494252873563218,7.5616417455892995,1.0,5
182,1924,1924,318.0,../data/Results/uniform_euclidean/city30_range25_swap.json,swap,euclidean,uniform,30,25.0,0.011494252873563218,7.5621616312261715,1.0,5
184,1925,1925,318.0,../data/Results/uniform_euclidean/city30_range25_swap.json,swap,euclidean,uniform,30,25.0,0.011494252873563218,7.562681246722404,1.0,5
187,1926,1926,318.0,../data/Results/uniform_euclidean/city30_range25_swap.json,swap,euclidean,uniform,30,25.0,0.011494252873563218,7.56320059235859,1.0,5
190,1927,1927,318.0,../data/Results/uniform_euclidean/city30_range25_swap.json,swap,euclidean,uniform,30,25.0,0.011494252873563218,7.563719668414885,1.0,5
193,1935,1935,318.0,../data/Results/uniform_euclidean/city30_range25_swap.json,swap,euclidean,uniform,30,25.0,0.011494252873563218,7.567862605464399,1.0,5
198,1942,1942,318.0,../data/Results/uniform_euclidean/city30_range25_swap.json,swap,euclidean,uniform,30,25.0,0.011494252873563218,7.571473648851785,1.0,5
206,1944,1944,318.0,../data/Results/uniform_euclidean/city30_range25_swap.json,swap,euclidean,uniform,30,25.0,0.011494252873563218,7.572502985020899,1.0,5
207,1946,1946,318.0,../data/Results/uniform_euclidean/city30_range25_swap.json,swap,euclidean,uniform,30,25.0,0.011494252873563218,7.573531262746465,1.0,5
233,2087,2087,318.0,../data/Results/uniform_euclidean/city30_range25_swap.json,swap,euclidean,uniform,30,25.0,0.011494252873563218,7.64348290707768,1.0000000000000002,5
235,3145,3145,318.0,../data/Results/uniform_euclidean/city30_range25_swap.json,swap,euclidean,uniform,30,25.0,0.011494252873563218,8.053569169134859,1.0000000000000002,5
267,3220,3220,318.0,../data/Results/uniform_euclidean/city30_range25_swap.json,swap,euclidean,uniform,30,25.0,0.011494252873563218,8.077136638538764,1.0000000000000002,5
521,3261,3261,318.0,../data/Results/uniform_euclidean/city30_range25_swap.json,swap,euclidean,uniform,30,25.0,0.011494252873563218,8.089789175789626,1.0000000000000002,5
528,3291,3291,318.0,../data/Results/uniform_euclidean/city30_range25_swap.json,swap,euclidean,uniform,30,25.0,0.011494252873563218,8.098946748943645,1.0000000000000002,5
654,3300,3300,318.0,../data/Results/uniform_euclidean/city30_range25_swap.json,swap,euclidean,uniform,30,25.0,0.011494252873563218,8.101677747454875,1.0000000000000002,5
694,3489,3489,318.0,../data/Results/uniform_euclidean/city30_range25_swap.json,swap,euclidean,uniform,30,25.0,0.011494252873563218,8.15737044118706,1.0000000000000002,5
737,3504,3504,318.0,../data/Results/uniform_euclidean/city30_range25_swap.json,swap,euclidean,uniform,30,25.0,0.011494252873563218,8.161660452056568,1.0000000000000002,5
777,3553,3553,317.0,../data/Results/uniform_euclidean/city30_range25_swap.json,swap,euclidean,uniform,30,25.0,0.011494252873563218,8.175547596021309,1.0,5
787,3554,3554,317.0,../data/Results/uniform_euclidean/city30_range25_swap.json,swap,euclidean,uniform,30,25.0,0.011494252873563218,8.175829008714878,1.0,5
798,3563,3563,317.0,../data/Results/uniform_euclidean/city30_range25_swap.json,swap,euclidean,uniform,30,25.0,0.011494252873563218,8.178358165606117,1.0,5
913,4157,4157,317.0,../data/Results/uniform_euclidean/city30_range25_swap.json,swap,euclidean,uniform,30,25.0,0.011494252873563218,8.332548939252877,1.0,5
931,6022,6022,317.0,../data/Results/uniform_euclidean/city30_range25_swap.json,swap,euclidean,uniform,30,25.0,0.011494252873563218,8.703174709041845,1.0,5
1,394,394,592.0,../data/Results/uniform_euclidean/city20_range70_wouter.json,inplace,euclidean,uniform,20,70.0,0.04736842105263158,5.976350909300472,1.0,9
6,786,786,589.0,../data/Results/uniform_euclidean/city20_range70_wouter.json,inplace,euclidean,uniform,20,70.0,0.05263157894736842,6.6669567924304785,1.0,10
7,841,841,587.0,../data/Results/uniform_euclidean/city20_range70_wouter.json,inplace,euclidean,uniform,20,70.0,0.05789473684210526,6.734591659974137,1.0000000000000002,11
8,1169,1169,587.0,../data/Results/uniform_euclidean/city20_range70_wouter.json,inplace,euclidean,uniform,20,70.0,0.05789473684210526,7.063903961472924,1.0000000000000002,11
10,1200,1200,587.0,../data/Results/uniform_euclidean/city20_range70_wouter.json,inplace,euclidean,uniform,20,70.0,0.06315789473684211,7.090076835776925,1.0000000000000002,12
12,1395,1395,565.0,../data/Results/uniform_euclidean/city20_range70_wouter.json,inplace,euclidean,uniform,20,70.0,0.06842105263157895,7.240649694256183,1.0,13
18,1503,1503,554.0,../data/Results/uniform_euclidean/city20_range70_wouter.json,inplace,euclidean,uniform,20,70.0,0.07368421052631578,7.31521838975364,1.0000000000000002,14
24,1564,1564,554.0,../data/Results/uniform_euclidean/city20_range70_wouter.json,inplace,euclidean,uniform,20,70.0,0.07894736842105263,7.355001921105896,1.0000000000000002,15
27,1585,1585,554.0,../data/Results/uniform_euclidean/city20_range70_wouter.json,inplace,euclidean,uniform,20,70.0,0.07894736842105263,7.368339686312012,1.0000000000000002,15
30,1614,1614,554.0,../data/Results/uniform_euclidean/city20_range70_wouter.json,inplace,euclidean,uniform,20,70.0,0.08421052631578947,7.3864708488305135,1.0000000000000002,16
32,1685,1685,554.0,../data/Results/uniform_euclidean/city20_range70_wouter.json,inplace,euclidean,uniform,20,70.0,0.08947368421052632,7.429520842787055,1.0000000000000002,17
41,1921,1921,553.0,../data/Results/uniform_euclidean/city20_range70_wouter.json,inplace,euclidean,uniform,20,70.0,0.08947368421052632,7.5606011627690775,1.0000000000000002,17
59,2292,2292,553.0,../data/Results/uniform_euclidean/city20_range70_wouter.json,inplace,euclidean,uniform,20,70.0,0.09473684210526316,7.737180077835067,1.0000000000000002,18
220,2308,2308,553.0,../data/Results/uniform_euclidean/city20_range70_wouter.json,inplace,euclidean,uniform,20,70.0,0.1,7.744136627628423,1.0000000000000002,19
251,2310,2310,553.0,../data/Results/uniform_euclidean/city20_range70_wouter.json,inplace,euclidean,uniform,20,70.0,0.10526315789473684,7.745002803516272,1.0000000000000002,20
339,2312,2312,553.0,../data/Results/uniform_euclidean/city20_range70_wouter.json,inplace,euclidean,uniform,20,70.0,0.11052631578947368,7.7458682297927,1.0000000000000002,21
450,2669,2669,554.0,../data/Results/uniform_euclidean/city20_range70_wouter.json,inplace,euclidean,uniform,20,70.0,0.11578947368421053,7.889459149404899,1.0000000000000002,22
452,2675,2675,554.0,../data/Results/uniform_euclidean/city20_range70_wouter.json,inplace,euclidean,uniform,20,70.0,0.12105263157894737,7.891704659330481,1.0000000000000002,23
455,2676,2676,554.0,../data/Results/uniform_euclidean/city20_range70_wouter.json,inplace,euclidean,uniform,20,70.0,0.12105263157894737,7.892078421248493,1.0000000000000002,23
461,2678,2678,554.0,../data/Results/uniform_euclidean/city20_range70_wouter.json,inplace,euclidean,uniform,20,70.0,0.12105263157894737,7.8928255262514915,1.0000000000000002,23
462,2680,2680,554.0,../data/Results/uniform_euclidean/city20_range70_wouter.json,inplace,euclidean,uniform,20,70.0,0.12631578947368421,7.8935720735052755,1.0000000000000002,24
473,2686,2686,554.0,../data/Results/uniform_euclidean/city20_range70_wouter.json,inplace,euclidean,uniform,20,70.0,0.12631578947368421,7.895808377083555,1.0000000000000002,24
491,2726,2726,554.0,../data/Results/uniform_euclidean/city20_range70_wouter.json,inplace,euclidean,uniform,20,70.0,0.13157894736842105,7.910590612256844,1.0000000000000002,25
492,3025,3025,554.0,../data/Results/uniform_euclidean/city20_range70_wouter.json,inplace,euclidean,uniform,20,70.0,0.13157894736842105,8.014666370465273,1.0000000000000002,25
508,3026,3026,554.0,../data/Results/uniform_euclidean/city20_range70_wouter.json,inplace,euclidean,uniform,20,70.0,0.13157894736842105,8.014996894348632,1.0000000000000002,25
523,3028,3028,554.0,../data/Results/uniform_euclidean/city20_range70_wouter.json,inplace,euclidean,uniform,20,70.0,0.1368421052631579,8.01565761455767,1.0000000000000002,26
526,3029,3029,554.0,../data/Results/uniform_euclidean/city20_range70_wouter.json,inplace,euclidean,uniform,20,70.0,0.14210526315789473,8.015987811027568,1.0000000000000002,27
532,3030,3030,554.0,../data/Results/uniform_euclidean/city20_range70_wouter.json,inplace,euclidean,uniform,20,70.0,0.14736842105263157,8.016317898503745,1.0000000000000002,28
533,3031,3031,554.0,../data/Results/uniform_euclidean/city20_range70_wouter.json,inplace,euclidean,uniform,20,70.0,0.14736842105263157,8.016647877058134,1.0000000000000002,28
534,3033,3033,554.0,../data/Results/uniform_euclidean/city20_range70_wouter.json,inplace,euclidean,uniform,20,70.0,0.15263157894736842,8.01730750768891,1.0000000000000002,29
536,3035,3035,554.0,../data/Results/uniform_euclidean/city20_range70_wouter.json,inplace,euclidean,uniform,20,70.0,0.15789473684210525,8.017966703493927,1.0000000000000002,30
539,4290,4290,554.0,../data/Results/uniform_euclidean/city20_range70_wouter.json,inplace,euclidean,uniform,20,70.0,0.15789473684210525,8.364042011922296,1.0,30
547,4361,4361,554.0,../data/Results/uniform_euclidean/city20_range70_wouter.json,inplace,euclidean,uniform,20,70.0,0.15789473684210525,8.380456667842996,1.0,30
565,4367,4367,554.0,../data/Results/uniform_euclidean/city20_range70_wouter.json,inplace,euclidean,uniform,20,70.0,0.15789473684210525,8.38183155348579,1.0,30
577,4368,4368,554.0,../data/Results/uniform_euclidean/city20_range70_wouter.json,inplace,euclidean,uniform,20,70.0,0.15789473684210525,8.38206051742497,1.0,30
587,4369,4369,554.0,../data/Results/uniform_euclidean/city20_range70_wouter.json,inplace,euclidean,uniform,20,70.0,0.1631578947368421,8.382289428951665,1.0,31
598,4371,4371,554.0,../data/Results/uniform_euclidean/city20_range70_wouter.json,inplace,euclidean,uniform,20,70.0,0.16842105263157894,8.382747094863543,1.0,32
618,4440,4440,568.0,../data/Results/uniform_euclidean/city20_range70_wouter.json,inplace,euclidean,uniform,20,70.0,0.16842105263157894,8.398409655426496,1.0000000000000002,32
627,4467,4467,568.0,../data/Results/uniform_euclidean/city20_range70_wouter.json,inplace,euclidean,uniform,20,70.0,0.16842105263157894,8.404472321352342,1.0000000000000002,32
662,4471,4471,568.0,../data/Results/uniform_euclidean/city20_range70_wouter.json,inplace,euclidean,uniform,20,70.0,0.1736842105263158,8.405367376234205,1.0000000000000002,33
668,4479,4479,568.0,../data/Results/uniform_euclidean/city20_range70_wouter.json,inplace,euclidean,uniform,20,70.0,0.1736842105263158,8.407155086207524,1.0000000000000002,33
676,4594,4594,568.0,../data/Results/uniform_euclidean/city20_range70_wouter.json,inplace,euclidean,uniform,20,70.0,0.1736842105263158,8.432506383249262,1.0000000000000002,33
680,4595,4595,568.0,../data/Results/uniform_euclidean/city20_range70_wouter.json,inplace,euclidean,uniform,20,70.0,0.1736842105263158,8.432724034790006,1.0000000000000002,33
699,4598,4598,568.0,../data/Results/uniform_euclidean/city20_range70_wouter.json,inplace,euclidean,uniform,20,70.0,0.1736842105263158,8.433376705323344,1.0000000000000002,33
721,4607,4607,568.0,../data/Results/uniform_euclidean/city20_range70_wouter.json,inplace,euclidean,uniform,20,70.0,0.17894736842105263,8.435332164936135,1.0000000000000002,34
723,4608,4608,568.0,../data/Results/uniform_euclidean/city20_range70_wouter.json,inplace,euclidean,uniform,20,70.0,0.17894736842105263,8.435549202375944,1.0000000000000002,34
728,4723,4723,568.0,../data/Results/uniform_euclidean/city20_range70_wouter.json,inplace,euclidean,uniform,20,70.0,0.17894736842105263,8.46019946989633,1.0000000000000002,34
746,4809,4809,568.0,../data/Results/uniform_euclidean/city20_range70_wouter.json,inplace,euclidean,uniform,20,70.0,0.17894736842105263,8.478244441277871,1.0000000000000002,34
748,4823,4823,568.0,../data/Results/uniform_euclidean/city20_range70_wouter.json,inplace,euclidean,uniform,20,70.0,0.17894736842105263,8.48115142006918,1.0000000000000002,34
757,4826,4826,568.0,../data/Results/uniform_euclidean/city20_range70_wouter.json,inplace,euclidean,uniform,20,70.0,0.17894736842105263,8.481773246185185,1.0000000000000002,34
763,4844,4844,568.0,../data/Results/uniform_euclidean/city20_range70_wouter.json,inplace,euclidean,uniform,20,70.0,0.17894736842105263,8.485496104673189,1.0000000000000002,34
771,4847,4847,568.0,../data/Results/uniform_euclidean/city20_range70_wouter.json,inplace,euclidean,uniform,20,70.0,0.17894736842105263,8.486115235845583,1.0000000000000002,34
792,4849,4849,568.0,../data/Results/uniform_euclidean/city20_range70_wouter.json,inplace,euclidean,uniform,20,70.0,0.17894736842105263,8.48652777710556,1.0000000000000002,34
808,4850,4850,568.0,../data/Results/uniform_euclidean/city20_range70_wouter.json,inplace,euclidean,uniform,20,70.0,0.17894736842105263,8.486733983931735,1.0000000000000002,34
815,4899,4899,568.0,../data/Results/uniform_euclidean/city20_range70_wouter.json,inplace,euclidean,uniform,20,70.0,0.17894736842105263,8.49678638163878,1.0000000000000002,34
827,4924,4924,568.0,../data/Results/uniform_euclidean/city20_range70_wouter.json,inplace,euclidean,uniform,20,70.0,0.17894736842105263,8.501876487304548,1.0000000000000002,34
840,5689,5689,568.0,../data/Results/uniform_euclidean/city20_range70_wouter.json,inplace,euclidean,uniform,20,70.0,0.1736842105263158,8.646289764750824,1.0000000000000002,33
849,6068,6068,568.0,../data/Results/uniform_euclidean/city20_range70_wouter.json,inplace,euclidean,uniform,20,70.0,0.17894736842105263,8.710784340468587,1.0,34
869,6080,6080,568.0,../data/Results/uniform_euclidean/city20_range70_wouter.json,inplace,euclidean,uniform,20,70.0,0.17894736842105263,8.712759974960377,1.0,34
904,6082,6082,568.0,../data/Results/uniform_euclidean/city20_range70_wouter.json,inplace,euclidean,uniform,20,70.0,0.18421052631578946,8.713088868237474,1.0,35
918,6083,6083,568.0,../data/Results/uniform_euclidean/city20_range70_wouter.json,inplace,euclidean,uniform,20,70.0,0.18947368421052632,8.71325327432087,1.0,36
932,6084,6084,568.0,../data/Results/uniform_euclidean/city20_range70_wouter.json,inplace,euclidean,uniform,20,70.0,0.19473684210526315,8.713417653379349,1.0,37
959,6085,6085,568.0,../data/Results/uniform_euclidean/city20_range70_wouter.json,inplace,euclidean,uniform,20,70.0,0.2,8.713582005421792,1.0,38
970,6091,6091,568.0,../data/Results/uniform_euclidean/city20_range70_wouter.json,inplace,euclidean,uniform,20,70.0,0.20526315789473684,8.714567550836648,1.0,39
972,6092,6092,568.0,../data/Results/uniform_euclidean/city20_range70_wouter.json,inplace,euclidean,uniform,20,70.0,0.20526315789473684,8.714731714015217,1.0,39
973,6093,6093,568.0,../data/Results/uniform_euclidean/city20_range70_wouter.json,inplace,euclidean,uniform,20,70.0,0.21052631578947367,8.71489585024866,1.0,40
1,95805,95805,308.0,../data/Results/uniform_euclidean/city30_range25_wouter.json,inplace,euclidean,uniform,30,25.0,0.009195402298850575,11.47007015466381,0.9999999999999998,4
7,96325,96325,308.0,../data/Results/uniform_euclidean/city30_range25_wouter.json,inplace,euclidean,uniform,30,25.0,0.009195402298850575,11.47548316949437,0.9999999999999998,4
16,96571,96571,308.0,../data/Results/uniform_euclidean/city30_range25_wouter.json,inplace,euclidean,uniform,30,25.0,0.011494252873563218,11.478033768090128,0.9999999999999998,5
17,96619,96619,308.0,../data/Results/uniform_euclidean/city30_range25_wouter.json,inplace,euclidean,uniform,30,25.0,0.011494252873563218,11.478530688230796,0.9999999999999998,5
28,97684,97684,308.0,../data/Results/uniform_euclidean/city30_range25_wouter.json,inplace,euclidean,uniform,30,25.0,0.013793103448275862,11.489493057987117,0.9999999999999998,6
38,121123,121123,306.0,../data/Results/uniform_euclidean/city30_range25_wouter.json,inplace,euclidean,uniform,30,25.0,0.016091954022988506,11.704561837188848,1.0000000000000002,7
46,264350,264350,299.0,../data/Results/uniform_euclidean/city30_range25_wouter.json,inplace,euclidean,uniform,30,25.0,0.01839080459770115,12.4850292616636,1.0000000000000002,8
52,280659,280659,299.0,../data/Results/uniform_euclidean/city30_range25_wouter.json,inplace,euclidean,uniform,30,25.0,0.01839080459770115,12.544895688268783,1.0000000000000002,8
53,281900,281900,299.0,../data/Results/uniform_euclidean/city30_range25_wouter.json,inplace,euclidean,uniform,30,25.0,0.01839080459770115,12.549307677102208,1.0000000000000002,8
86,281901,281901,299.0,../data/Results/uniform_euclidean/city30_range25_wouter.json,inplace,euclidean,uniform,30,25.0,0.020689655172413793,12.549311224453135,1.0000000000000002,9
181,285508,285508,292.0,../data/Results/uniform_euclidean/city30_range25_wouter.json,inplace,euclidean,uniform,30,25.0,0.020689655172413793,12.562025328701386,0.9999999999999998,9
182,287885,287885,292.0,../data/Results/uniform_euclidean/city30_range25_wouter.json,inplace,euclidean,uniform,30,25.0,0.020689655172413793,12.570316373818839,0.9999999999999998,9
190,391252,391252,292.0,../data/Results/uniform_euclidean/city30_range25_wouter.json,inplace,euclidean,uniform,30,25.0,0.020689655172413793,12.877107132644523,0.9999999999999998,9
191,393318,393318,292.0,../data/Results/uniform_euclidean/city30_range25_wouter.json,inplace,euclidean,uniform,30,25.0,0.022988505747126436,12.882373723963035,1.0,10
199,443295,443295,292.0,../data/Results/uniform_euclidean/city30_range25_wouter.json,inplace,euclidean,uniform,30,25.0,0.022988505747126436,13.001990741626,1.0,10
207,443326,443326,292.0,../data/Results/uniform_euclidean/city30_range25_wouter.json,inplace,euclidean,uniform,30,25.0,0.022988505747126436,13.002060670039636,1.0,10
222,443328,443328,292.0,../data/Results/uniform_euclidean/city30_range25_wouter.json,inplace,euclidean,uniform,30,25.0,0.022988505747126436,13.00206518138228,1.0,10
236,443436,443436,292.0,../data/Results/uniform_euclidean/city30_range25_wouter.json,inplace,euclidean,uniform,30,25.0,0.02528735632183908,13.002308763666932,1.0,11
245,458718,458718,292.0,../data/Results/uniform_euclidean/city30_range25_wouter.json,inplace,euclidean,uniform,30,25.0,0.02528735632183908,13.036190921149549,1.0,11
277,583025,583025,292.0,../data/Results/uniform_euclidean/city30_range25_wouter.json,inplace,euclidean,uniform,30,25.0,0.02528735632183908,13.275985346059896,1.0,11
282,588401,588401,292.0,../data/Results/uniform_euclidean/city30_range25_wouter.json,inplace,euclidean,uniform,30,25.0,0.02528735632183908,13.28516396723211,1.0,11
286,588738,588738,292.0,../data/Results/uniform_euclidean/city30_range25_wouter.json,inplace,euclidean,uniform,30,25.0,0.02528735632183908,13.285736541939443,1.0,11
300,799394,799394,292.0,../data/Results/uniform_euclidean/city30_range25_wouter.json,inplace,euclidean,uniform,30,25.0,0.02528735632183908,13.591609219601972,1.0,11
1,1584,1584,688.0,../data/Results/uniform_euclidean/city20_range80_wouter.json,inplace,euclidean,uniform,20,80.0,0.06842105263157895,7.367708572375003,0.9999999999999998,13
2,1882,1882,663.0,../data/Results/uniform_euclidean/city20_range80_wouter.json,inplace,euclidean,uniform,20,80.0,0.07368421052631578,7.540090320145857,1.0000000000000002,14
11,2190,2190,642.0,../data/Results/uniform_euclidean/city20_range80_wouter.json,inplace,euclidean,uniform,20,80.0,0.07894736842105263,7.691656822811003,0.9999999999999998,15
17,2191,2191,642.0,../data/Results/uniform_euclidean/city20_range80_wouter.json,inplace,euclidean,uniform,20,80.0,0.08421052631578947,7.692113339595923,0.9999999999999998,16
29,2192,2192,642.0,../data/Results/uniform_euclidean/city20_range80_wouter.json,inplace,euclidean,uniform,20,80.0,0.08421052631578947,7.692569648068362,0.9999999999999998,16
34,2197,2197,642.0,../data/Results/uniform_euclidean/city20_range80_wouter.json,inplace,euclidean,uniform,20,80.0,0.08947368421052632,7.694848072385065,0.9999999999999998,17
37,2823,2823,640.0,../data/Results/uniform_euclidean/city20_range80_wouter.json,inplace,euclidean,uniform,20,80.0,0.08947368421052632,7.945555428253844,0.9999999999999998,17
43,2966,2966,640.0,../data/Results/uniform_euclidean/city20_range80_wouter.json,inplace,euclidean,uniform,20,80.0,0.09473684210526316,7.994969522698215,0.9999999999999998,18
53,3045,3045,640.0,../data/Results/uniform_euclidean/city20_range80_wouter.json,inplace,euclidean,uniform,20,80.0,0.1,8.021256180144325,0.9999999999999998,19
54,3334,3334,640.0,../data/Results/uniform_euclidean/city20_range80_wouter.json,inplace,euclidean,uniform,20,80.0,0.10526315789473684,8.111928063311039,0.9999999999999998,20
62,3362,3362,640.0,../data/Results/uniform_euclidean/city20_range80_wouter.json,inplace,euclidean,uniform,20,80.0,0.11052631578947368,8.120291313968858,0.9999999999999998,21
71,3505,3505,640.0,../data/Results/uniform_euclidean/city20_range80_wouter.json,inplace,euclidean,uniform,20,80.0,0.11052631578947368,8.161945799468976,0.9999999999999998,21
81,3532,3532,640.0,../data/Results/uniform_euclidean/city20_range80_wouter.json,inplace,euclidean,uniform,20,80.0,0.11578947368421053,8.169619561724133,0.9999999999999998,22
108,3542,3542,640.0,../data/Results/uniform_euclidean/city20_range80_wouter.json,inplace,euclidean,uniform,20,80.0,0.12105263157894737,8.172446818343062,0.9999999999999998,23
134,6032,6032,640.0,../data/Results/uniform_euclidean/city20_range80_wouter.json,inplace,euclidean,uniform,20,80.0,0.12631578947368421,8.704833909687958,0.9999999999999998,24
135,6167,6167,640.0,../data/Results/uniform_euclidean/city20_range80_wouter.json,inplace,euclidean,uniform,20,80.0,0.13157894736842105,8.726967774991655,0.9999999999999998,25
138,6431,6431,640.0,../data/Results/uniform_euclidean/city20_range80_wouter.json,inplace,euclidean,uniform,20,80.0,0.13157894736842105,8.768885326135019,0.9999999999999998,25
142,6469,6469,640.0,../data/Results/uniform_euclidean/city20_range80_wouter.json,inplace,euclidean,uniform,20,80.0,0.1368421052631579,8.77477681604414,0.9999999999999998,26
145,7078,7078,640.0,../data/Results/uniform_euclidean/city20_range80_wouter.json,inplace,euclidean,uniform,20,80.0,0.1368421052631579,8.86474666090555,0.9999999999999998,26
148,7403,7403,640.0,../data/Results/uniform_euclidean/city20_range80_wouter.json,inplace,euclidean,uniform,20,80.0,0.14210526315789473,8.909640602443233,0.9999999999999998,27
149,7454,7454,640.0,../data/Results/uniform_euclidean/city20_range80_wouter.json,inplace,euclidean,uniform,20,80.0,0.14210526315789473,8.916506080039339,0.9999999999999998,27
172,7593,7593,640.0,../data/Results/uniform_euclidean/city20_range80_wouter.json,inplace,euclidean,uniform,20,80.0,0.14736842105263157,8.934982049213366,0.9999999999999998,28
177,7600,7600,640.0,../data/Results/uniform_euclidean/city20_range80_wouter.json,inplace,euclidean,uniform,20,80.0,0.15263157894736842,8.935903526274554,0.9999999999999998,29
221,7899,7899,634.0,../data/Results/uniform_euclidean/city20_range80_wouter.json,inplace,euclidean,uniform,20,80.0,0.15789473684210525,8.974491448164546,1.0,30
244,8559,8559,623.0,../data/Results/uniform_euclidean/city20_range80_wouter.json,inplace,euclidean,uniform,20,80.0,0.1631578947368421,9.054738639881727,1.0,31
246,8564,8564,623.0,../data/Results/uniform_euclidean/city20_range80_wouter.json,inplace,euclidean,uniform,20,80.0,0.16842105263157894,9.05532264970969,1.0,32
251,8698,8698,623.0,../data/Results/uniform_euclidean/city20_range80_wouter.json,inplace,euclidean,uniform,20,80.0,0.16842105263157894,9.070848393157698,1.0,32
254,8727,8727,623.0,../data/Results/uniform_euclidean/city20_range80_wouter.json,inplace,euclidean,uniform,20,80.0,0.1736842105263158,9.074176947163426,1.0,33
256,8729,8729,623.0,../data/Results/uniform_euclidean/city20_range80_wouter.json,inplace,euclidean,uniform,20,80.0,0.1736842105263158,9.074406094735464,1.0,33
257,9021,9021,623.0,../data/Results/uniform_euclidean/city20_range80_wouter.json,inplace,euclidean,uniform,20,80.0,0.1736842105263158,9.10731047165675,1.0,33
261,9032,9032,623.0,../data/Results/uniform_euclidean/city20_range80_wouter.json,inplace,euclidean,uniform,20,80.0,0.17894736842105263,9.108529105829609,1.0,34
262,9219,9219,623.0,../data/Results/uniform_euclidean/city20_range80_wouter.json,inplace,euclidean,uniform,20,80.0,0.18421052631578946,9.129021850798702,1.0,35
266,9220,9220,623.0,../data/Results/uniform_euclidean/city20_range80_wouter.json,inplace,euclidean,uniform,20,80.0,0.18421052631578946,9.129130316550748,1.0,35
269,9224,9224,623.0,../data/Results/uniform_euclidean/city20_range80_wouter.json,inplace,euclidean,uniform,20,80.0,0.18421052631578946,9.129564061949003,1.0,35
272,9310,9310,623.0,../data/Results/uniform_euclidean/city20_range80_wouter.json,inplace,euclidean,uniform,20,80.0,0.18421052631578946,9.13884437027122,1.0,35
1,402,402,291.0,../data/Results/uniform_euclidean/city20_range30_scramble.json,scramble,euclidean,uniform,20,30.0,0.031578947368421054,5.996452088621509,0.9999999999999998,6
4,1058,1058,290.0,../data/Results/uniform_euclidean/city20_range30_scramble.json,scramble,euclidean,uniform,20,30.0,0.031578947368421054,6.96413561241919,0.9999999999999998,6
12,2129,2129,289.0,../data/Results/uniform_euclidean/city20_range30_scramble.json,scramble,euclidean,uniform,20,30.0,0.031578947368421054,7.663407664893949,1.0000000000000004,6
43,3986,3986,292.0,../data/Results/uniform_euclidean/city20_range30_scramble.json,scramble,euclidean,uniform,20,30.0,0.031578947368421054,8.29054350077299,1.0000000000000002,6
627,6766,6766,289.0,../data/Results/uniform_euclidean/city20_range30_scramble.json,scramble,euclidean,uniform,20,30.0,0.031578947368421054,8.819665349340802,1.0,6
1,496,496,590.0,../data/Results/uniform_euclidean/city20_range75_scramble.json,scramble,euclidean,uniform,20,75.0,0.05263157894736842,6.206575926726944,1.0,10
2,1154,1154,585.0,../data/Results/uniform_euclidean/city20_range75_scramble.json,scramble,euclidean,uniform,20,75.0,0.05263157894736842,7.050989447068911,0.9999999999999998,10
20,1390,1390,584.0,../data/Results/uniform_euclidean/city20_range75_scramble.json,scramble,euclidean,uniform,20,75.0,0.05263157894736842,7.237059026125457,1.0000000000000002,10
27,1697,1697,585.0,../data/Results/uniform_euclidean/city20_range75_scramble.json,scramble,euclidean,uniform,20,75.0,0.05263157894736842,7.4366172652348155,1.0,10
29,2237,2237,585.0,../data/Results/uniform_euclidean/city20_range75_scramble.json,scramble,euclidean,uniform,20,75.0,0.05263157894736842,7.712890961490577,1.0,10
41,3928,3928,587.0,../data/Results/uniform_euclidean/city20_range75_scramble.json,scramble,euclidean,uniform,20,75.0,0.05263157894736842,8.275885669474611,0.9999999999999998,10
1,949,949,735.0,../data/Results/uniform_euclidean/city20_range90_swap.json,swap,euclidean,uniform,20,90.0,0.06842105263157895,6.8554087986109815,1.0,13
9,1029,1029,735.0,../data/Results/uniform_euclidean/city20_range90_swap.json,swap,euclidean,uniform,20,90.0,0.06842105263157895,6.936342735835021,1.0,13
10,1105,1105,735.0,../data/Results/uniform_euclidean/city20_range90_swap.json,swap,euclidean,uniform,20,90.0,0.06842105263157895,7.007600613952758,1.0,13
12,1452,1452,735.0,../data/Results/uniform_euclidean/city20_range90_swap.json,swap,euclidean,uniform,20,90.0,0.06842105263157895,7.2806971953854305,1.0,13
17,1640,1640,735.0,../data/Results/uniform_euclidean/city20_range90_swap.json,swap,euclidean,uniform,20,90.0,0.06842105263157895,7.402451520818854,1.0,13
19,1805,1805,735.0,../data/Results/uniform_euclidean/city20_range90_swap.json,swap,euclidean,uniform,20,90.0,0.06842105263157895,7.498315870767535,1.0,13
26,1902,1902,735.0,../data/Results/uniform_euclidean/city20_range90_swap.json,swap,euclidean,uniform,20,90.0,0.06842105263157895,7.5506612431058615,1.0,13
27,1903,1903,735.0,../data/Results/uniform_euclidean/city20_range90_swap.json,swap,euclidean,uniform,20,90.0,0.06842105263157895,7.551186867296675,1.0,13
28,1998,1998,735.0,../data/Results/uniform_euclidean/city20_range90_swap.json,swap,euclidean,uniform,20,90.0,0.06842105263157895,7.599901959208999,1.0,13
36,2024,2024,735.0,../data/Results/uniform_euclidean/city20_range90_swap.json,swap,euclidean,uniform,20,90.0,0.06842105263157895,7.61283103040785,1.0,13
42,2065,2065,735.0,../data/Results/uniform_euclidean/city20_range90_swap.json,swap,euclidean,uniform,20,90.0,0.06842105263157895,7.632885505395618,1.0,13
47,2229,2229,735.0,../data/Results/uniform_euclidean/city20_range90_swap.json,swap,euclidean,uniform,20,90.0,0.06842105263157895,7.709308333386318,1.0,13
52,2513,2513,735.0,../data/Results/uniform_euclidean/city20_range90_swap.json,swap,euclidean,uniform,20,90.0,0.06842105263157895,7.82923253754399,1.0,13
53,2966,2966,735.0,../data/Results/uniform_euclidean/city20_range90_swap.json,swap,euclidean,uniform,20,90.0,0.06842105263157895,7.994969522698215,1.0,13
56,3795,3795,734.0,../data/Results/uniform_euclidean/city20_range90_swap.json,swap,euclidean,uniform,20,90.0,0.06842105263157895,8.241439689829994,1.0,13
65,3796,3796,734.0,../data/Results/uniform_euclidean/city20_range90_swap.json,swap,euclidean,uniform,20,90.0,0.06842105263157895,8.241703159730083,1.0,13
109,3797,3797,734.0,../data/Results/uniform_euclidean/city20_range90_swap.json,swap,euclidean,uniform,20,90.0,0.06842105263157895,8.241966560232065,1.0,13
110,4690,4690,735.0,../data/Results/uniform_euclidean/city20_range90_swap.json,swap,euclidean,uniform,20,90.0,0.06842105263157895,8.453187861440538,1.0,13
111,4691,4691,735.0,../data/Results/uniform_euclidean/city20_range90_swap.json,swap,euclidean,uniform,20,90.0,0.06842105263157895,8.453401058328671,1.0,13
112,4885,4885,735.0,../data/Results/uniform_euclidean/city20_range90_swap.json,swap,euclidean,uniform,20,90.0,0.06842105263157895,8.493924564477087,1.0,13
116,4952,4952,735.0,../data/Results/uniform_euclidean/city20_range90_swap.json,swap,euclidean,uniform,20,90.0,0.06842105263157895,8.507546814364634,1.0,13
130,4953,4953,735.0,../data/Results/uniform_euclidean/city20_range90_swap.json,swap,euclidean,uniform,20,90.0,0.06842105263157895,8.507748732588439,1.0,13
131,4958,4958,735.0,../data/Results/uniform_euclidean/city20_range90_swap.json,swap,euclidean,uniform,20,90.0,0.06842105263157895,8.508757712595338,1.0,13
133,4959,4959,735.0,../data/Results/uniform_euclidean/city20_range90_swap.json,swap,euclidean,uniform,20,90.0,0.06842105263157895,8.508959386489336,1.0,13
134,5039,5039,735.0,../data/Results/uniform_euclidean/city20_range90_swap.json,swap,euclidean,uniform,20,90.0,0.06842105263157895,8.524962928680797,1.0,13
139,5149,5149,735.0,../data/Results/uniform_euclidean/city20_range90_swap.json,swap,euclidean,uniform,20,90.0,0.06842105263157895,8.546557800046335,1.0,13
141,5173,5173,735.0,../data/Results/uniform_euclidean/city20_range90_swap.json,swap,euclidean,uniform,20,90.0,0.06842105263157895,8.551208070003709,1.0,13
142,5211,5211,735.0,../data/Results/uniform_euclidean/city20_range90_swap.json,swap,euclidean,uniform,20,90.0,0.06842105263157895,8.558527054909407,1.0,13
152,5244,5244,735.0,../data/Results/uniform_euclidean/city20_range90_swap.json,swap,euclidean,uniform,20,90.0,0.06842105263157895,8.564839844883782,1.0,13
153,6803,6803,735.0,../data/Results/uniform_euclidean/city20_range90_swap.json,swap,euclidean,uniform,20,90.0,0.06842105263157895,8.825118970345208,1.0,13
172,6804,6804,735.0,../data/Results/uniform_euclidean/city20_range90_swap.json,swap,euclidean,uniform,20,90.0,0.06842105263157895,8.825265953515899,1.0,13
173,6805,6805,735.0,../data/Results/uniform_euclidean/city20_range90_swap.json,swap,euclidean,uniform,20,90.0,0.06842105263157895,8.825412915085714,1.0,13
175,6806,6806,735.0,../data/Results/uniform_euclidean/city20_range90_swap.json,swap,euclidean,uniform,20,90.0,0.06842105263157895,8.825559855060998,1.0,13
178,7031,7031,735.0,../data/Results/uniform_euclidean/city20_range90_swap.json,swap,euclidean,uniform,20,90.0,0.06842105263157895,8.858084222199304,1.0,13
188,7076,7076,735.0,../data/Results/uniform_euclidean/city20_range90_swap.json,swap,euclidean,uniform,20,90.0,0.06842105263157895,8.864464055279818,1.0,13
1,95,95,0.0,../data/Results/uniform_euclidean/city20_range5_swap.json,swap,euclidean,uniform,20,5.0,0.005263157894736842,4.5538768916110675,,1
1,1272,1272,516.0,../data/Results/uniform_euclidean/city20_range65_swap.json,swap,euclidean,uniform,20,65.0,0.05263157894736842,7.148345743900854,1.0,10
6,1577,1577,516.0,../data/Results/uniform_euclidean/city20_range65_swap.json,swap,euclidean,uniform,20,65.0,0.05263157894736842,7.363279586963673,1.0,10
9,1701,1701,517.0,../data/Results/uniform_euclidean/city20_range65_swap.json,swap,euclidean,uniform,20,65.0,0.05263157894736842,7.43897159239645,1.0,10
11,3041,3041,517.0,../data/Results/uniform_euclidean/city20_range65_swap.json,swap,euclidean,uniform,20,65.0,0.05263157894736842,8.019941687677694,1.0,10
22,3159,3159,517.0,../data/Results/uniform_euclidean/city20_range65_swap.json,swap,euclidean,uniform,20,65.0,0.05263157894736842,8.058010800802402,1.0,10
23,3162,3162,517.0,../data/Results/uniform_euclidean/city20_range65_swap.json,swap,euclidean,uniform,20,65.0,0.05263157894736842,8.058960017769733,1.0,10
24,3410,3410,517.0,../data/Results/uniform_euclidean/city20_range65_swap.json,swap,euclidean,uniform,20,65.0,0.05263157894736842,8.134467570277856,1.0,10
28,3411,3411,517.0,../data/Results/uniform_euclidean/city20_range65_swap.json,swap,euclidean,uniform,20,65.0,0.05263157894736842,8.134760782418939,1.0,10
36,3461,3461,517.0,../data/Results/uniform_euclidean/city20_range65_swap.json,swap,euclidean,uniform,20,65.0,0.05263157894736842,8.149312843635633,1.0,10
37,3469,3469,517.0,../data/Results/uniform_euclidean/city20_range65_swap.json,swap,euclidean,uniform,20,65.0,0.05263157894736842,8.151621646970037,1.0,10
55,3482,3482,517.0,../data/Results/uniform_euclidean/city20_range65_swap.json,swap,euclidean,uniform,20,65.0,0.05263157894736842,8.155362120328421,1.0,10
57,4651,4651,517.0,../data/Results/uniform_euclidean/city20_range65_swap.json,swap,euclidean,uniform,20,65.0,0.05263157894736842,8.444837529224312,1.0,10
60,4679,4679,517.0,../data/Results/uniform_euclidean/city20_range65_swap.json,swap,euclidean,uniform,20,65.0,0.05263157894736842,8.450839690866431,1.0,10
69,4759,4759,517.0,../data/Results/uniform_euclidean/city20_range65_swap.json,swap,euclidean,uniform,20,65.0,0.05263157894736842,8.467792841121321,1.0,10
75,11142,11142,516.0,../data/Results/uniform_euclidean/city20_range65_swap.json,swap,euclidean,uniform,20,65.0,0.05263157894736842,9.318477030580851,1.0,10
79,11172,11172,516.0,../data/Results/uniform_euclidean/city20_range65_swap.json,swap,euclidean,uniform,20,65.0,0.05263157894736842,9.321165927065158,1.0,10
80,11310,11310,516.0,../data/Results/uniform_euclidean/city20_range65_swap.json,swap,euclidean,uniform,20,65.0,0.05263157894736842,9.333442569110254,1.0,10
81,11629,11629,516.0,../data/Results/uniform_euclidean/city20_range65_swap.json,swap,euclidean,uniform,20,65.0,0.05263157894736842,9.36125725729313,1.0,10
109,11639,11639,516.0,../data/Results/uniform_euclidean/city20_range65_swap.json,swap,euclidean,uniform,20,65.0,0.05263157894736842,9.362116806942062,1.0,10
115,11848,11848,516.0,../data/Results/uniform_euclidean/city20_range65_swap.json,swap,euclidean,uniform,20,65.0,0.05263157894736842,9.379914355947719,1.0,10
116,12098,12098,516.0,../data/Results/uniform_euclidean/city20_range65_swap.json,swap,euclidean,uniform,20,65.0,0.05263157894736842,9.400795428666942,1.0,10
117,12863,12863,516.0,../data/Results/uniform_euclidean/city20_range65_swap.json,swap,euclidean,uniform,20,65.0,0.05263157894736842,9.462110252078793,1.0,10
119,13143,13143,516.0,../data/Results/uniform_euclidean/city20_range65_swap.json,swap,euclidean,uniform,20,65.0,0.05263157894736842,9.483644576482085,1.0,10
121,13269,13269,516.0,../data/Results/uniform_euclidean/city20_range65_swap.json,swap,euclidean,uniform,20,65.0,0.05263157894736842,9.493185766536511,1.0,10
129,14178,14178,516.0,../data/Results/uniform_euclidean/city20_range65_swap.json,swap,euclidean,uniform,20,65.0,0.05263157894736842,9.559446746415034,1.0,10
132,14230,14230,516.0,../data/Results/uniform_euclidean/city20_range65_swap.json,swap,euclidean,uniform,20,65.0,0.05263157894736842,9.56310769108397,1.0,10
145,14255,14255,516.0,../data/Results/uniform_euclidean/city20_range65_swap.json,swap,euclidean,uniform,20,65.0,0.05263157894736842,9.564863001346843,1.0,10
149,14352,14352,516.0,../data/Results/uniform_euclidean/city20_range65_swap.json,swap,euclidean,uniform,20,65.0,0.05263157894736842,9.571644584298648,1.0,10
153,16581,16581,516.0,../data/Results/uniform_euclidean/city20_range65_swap.json,swap,euclidean,uniform,20,65.0,0.05263157894736842,9.716012740501434,1.0,10
167,16772,16772,516.0,../data/Results/uniform_euclidean/city20_range65_swap.json,swap,euclidean,uniform,20,65.0,0.05263157894736842,9.727466108290713,1.0,10
170,16775,16775,516.0,../data/Results/uniform_euclidean/city20_range65_swap.json,swap,euclidean,uniform,20,65.0,0.05263157894736842,9.727644961839943,1.0,10
181,16776,16776,516.0,../data/Results/uniform_euclidean/city20_range65_swap.json,swap,euclidean,uniform,20,65.0,0.05263157894736842,9.727704572581816,1.0,10
186,17082,17082,516.0,../data/Results/uniform_euclidean/city20_range65_swap.json,swap,euclidean,uniform,20,65.0,0.05263157894736842,9.745780556506151,1.0,10
191,17505,17505,516.0,../data/Results/uniform_euclidean/city20_range65_swap.json,swap,euclidean,uniform,20,65.0,0.05263157894736842,9.770241833388823,1.0,10
192,22325,22325,516.0,../data/Results/uniform_euclidean/city20_range65_swap.json,swap,euclidean,uniform,20,65.0,0.05263157894736842,10.013462405744745,1.0,10
195,35802,35802,516.0,../data/Results/uniform_euclidean/city20_range65_swap.json,swap,euclidean,uniform,20,65.0,0.05263157894736842,10.485759036750165,1.0,10
198,35908,35908,516.0,../data/Results/uniform_euclidean/city20_range65_swap.json,swap,euclidean,uniform,20,65.0,0.05263157894736842,10.488715390876607,1.0,10
199,39276,39276,516.0,../data/Results/uniform_euclidean/city20_range65_swap.json,swap,euclidean,uniform,20,65.0,0.05263157894736842,10.578368924289206,1.0,10
201,39725,39725,516.0,../data/Results/uniform_euclidean/city20_range65_swap.json,swap,euclidean,uniform,20,65.0,0.05263157894736842,10.589735991404941,1.0,10
211,41397,41397,516.0,../data/Results/uniform_euclidean/city20_range65_swap.json,swap,euclidean,uniform,20,65.0,0.05263157894736842,10.630963693419687,1.0,10
212,41401,41401,516.0,../data/Results/uniform_euclidean/city20_range65_swap.json,swap,euclidean,uniform,20,65.0,0.05263157894736842,10.631060314111084,1.0,10
224,50616,50616,516.0,../data/Results/uniform_euclidean/city20_range65_swap.json,swap,euclidean,uniform,20,65.0,0.05263157894736842,10.83202301082674,1.0,10
226,50644,50644,516.0,../data/Results/uniform_euclidean/city20_range65_swap.json,swap,euclidean,uniform,20,65.0,0.05263157894736842,10.832576042640163,1.0,10
232,51089,51089,516.0,../data/Results/uniform_euclidean/city20_range65_swap.json,swap,euclidean,uniform,20,65.0,0.05263157894736842,10.841324488831287,1.0,10
237,54571,54571,516.0,../data/Results/uniform_euclidean/city20_range65_swap.json,swap,euclidean,uniform,20,65.0,0.05263157894736842,10.907257885099437,1.0,10
1,3110,3110,585.0,../data/Results/uniform_euclidean/city20_range70_swap.json,swap,euclidean,uniform,20,70.0,0.05263157894736842,8.042378005173601,1.0000000000000002,10
3,3113,3113,585.0,../data/Results/uniform_euclidean/city20_range70_swap.json,swap,euclidean,uniform,20,70.0,0.05263157894736842,8.04334217044193,1.0000000000000002,10
4,5451,5451,585.0,../data/Results/uniform_euclidean/city20_range70_swap.json,swap,euclidean,uniform,20,70.0,0.05263157894736842,8.603554357064464,1.0000000000000002,10
9,6880,6880,585.0,../data/Results/uniform_euclidean/city20_range70_swap.json,swap,euclidean,uniform,20,70.0,0.05263157894736842,8.836373930927534,1.0000000000000002,10
17,7251,7251,585.0,../data/Results/uniform_euclidean/city20_range70_swap.json,swap,euclidean,uniform,20,70.0,0.05263157894736842,8.88889466937173,1.0000000000000002,10
24,7263,7263,585.0,../data/Results/uniform_euclidean/city20_range70_swap.json,swap,euclidean,uniform,20,70.0,0.05263157894736842,8.890548245606306,1.0000000000000002,10
26,8288,8288,586.0,../data/Results/uniform_euclidean/city20_range70_swap.json,swap,euclidean,uniform,20,70.0,0.05263157894736842,9.022563964499385,1.0000000000000002,10
29,8358,8358,586.0,../data/Results/uniform_euclidean/city20_range70_swap.json,swap,euclidean,uniform,20,70.0,0.05263157894736842,9.030974443007981,1.0000000000000002,10
32,10275,10275,586.0,../data/Results/uniform_euclidean/city20_range70_swap.json,swap,euclidean,uniform,20,70.0,0.05263157894736842,9.237469039364532,1.0000000000000002,10
34,10382,10382,586.0,../data/Results/uniform_euclidean/city20_range70_swap.json,swap,euclidean,uniform,20,70.0,0.05263157894736842,9.24782881638727,1.0000000000000002,10
45,11115,11115,586.0,../data/Results/uniform_euclidean/city20_range70_swap.json,swap,euclidean,uniform,20,70.0,0.05263157894736842,9.316050826398387,1.0000000000000002,10
49,11211,11211,586.0,../data/Results/uniform_euclidean/city20_range70_swap.json,swap,euclidean,uniform,20,70.0,0.05263157894736842,9.324650718153682,1.0000000000000002,10
55,13710,13710,586.0,../data/Results/uniform_euclidean/city20_range70_swap.json,swap,euclidean,uniform,20,70.0,0.05263157894736842,9.525880772556434,1.0000000000000002,10
58,13712,13712,586.0,../data/Results/uniform_euclidean/city20_range70_swap.json,swap,euclidean,uniform,20,70.0,0.05263157894736842,9.526026640837634,1.0000000000000002,10
59,13851,13851,586.0,../data/Results/uniform_euclidean/city20_range70_swap.json,swap,euclidean,uniform,20,70.0,0.05263157894736842,9.536112711175171,1.0000000000000002,10
60,14393,14393,586.0,../data/Results/uniform_euclidean/city20_range70_swap.json,swap,euclidean,uniform,20,70.0,0.05263157894736842,9.57449725626274,1.0000000000000002,10
62,14514,14514,586.0,../data/Results/uniform_euclidean/city20_range70_swap.json,swap,euclidean,uniform,20,70.0,0.05263157894736842,9.582868979838151,1.0000000000000002,10
63,14728,14728,586.0,../data/Results/uniform_euclidean/city20_range70_swap.json,swap,euclidean,uniform,20,70.0,0.05263157894736842,9.597505722912981,1.0000000000000002,10
66,15022,15022,586.0,../data/Results/uniform_euclidean/city20_range70_swap.json,swap,euclidean,uniform,20,70.0,0.05263157894736842,9.617271072246023,1.0000000000000002,10
67,15030,15030,586.0,../data/Results/uniform_euclidean/city20_range70_swap.json,swap,euclidean,uniform,20,70.0,0.05263157894736842,9.617803482747087,1.0000000000000002,10
74,19295,19295,586.0,../data/Results/uniform_euclidean/city20_range70_swap.json,swap,euclidean,uniform,20,70.0,0.05263157894736842,9.86760127397177,1.0000000000000002,10
81,19553,19553,586.0,../data/Results/uniform_euclidean/city20_range70_swap.json,swap,euclidean,uniform,20,70.0,0.05263157894736842,9.880884006326326,1.0000000000000002,10
93,21577,21577,586.0,../data/Results/uniform_euclidean/city20_range70_swap.json,swap,euclidean,uniform,20,70.0,0.05263157894736842,9.979383211539432,1.0000000000000002,10
94,21581,21581,586.0,../data/Results/uniform_euclidean/city20_range70_swap.json,swap,euclidean,uniform,20,70.0,0.05263157894736842,9.97956857694151,1.0000000000000002,10
95,22111,22111,586.0,../data/Results/uniform_euclidean/city20_range70_swap.json,swap,euclidean,uniform,20,70.0,0.05263157894736842,10.003830501232201,1.0000000000000002,10
96,23962,23962,586.0,../data/Results/uniform_euclidean/city20_range70_swap.json,swap,euclidean,uniform,20,70.0,0.05263157894736842,10.084224521199886,1.0000000000000002,10
101,24075,24075,586.0,../data/Results/uniform_euclidean/city20_range70_swap.json,swap,euclidean,uniform,20,70.0,0.05263157894736842,10.088929236666369,1.0000000000000002,10
104,24469,24469,587.0,../data/Results/uniform_euclidean/city20_range70_swap.json,swap,euclidean,uniform,20,70.0,0.05263157894736842,10.105162289234725,1.0000000000000002,10
110,24520,24520,587.0,../data/Results/uniform_euclidean/city20_range70_swap.json,swap,euclidean,uniform,20,70.0,0.05263157894736842,10.10724439005019,1.0000000000000002,10
114,26451,26451,587.0,../data/Results/uniform_euclidean/city20_range70_swap.json,swap,euclidean,uniform,20,70.0,0.05263157894736842,10.183049243755175,1.0000000000000002,10
115,27665,27665,587.0,../data/Results/uniform_euclidean/city20_range70_swap.json,swap,euclidean,uniform,20,70.0,0.05263157894736842,10.227923355332246,1.0000000000000002,10
122,27754,27754,587.0,../data/Results/uniform_euclidean/city20_range70_swap.json,swap,euclidean,uniform,20,70.0,0.05263157894736842,10.231135252930992,1.0000000000000002,10
124,32869,32869,586.0,../data/Results/uniform_euclidean/city20_range70_swap.json,swap,euclidean,uniform,20,70.0,0.05263157894736842,10.400285243317507,1.0000000000000002,10
133,52762,52762,588.0,../data/Results/uniform_euclidean/city20_range70_swap.json,swap,euclidean,uniform,20,70.0,0.05263157894736842,10.873546513618484,1.0000000000000004,10
135,52974,52974,588.0,../data/Results/uniform_euclidean/city20_range70_swap.json,swap,euclidean,uniform,20,70.0,0.05263157894736842,10.877556506129656,1.0000000000000004,10
1,423,423,743.0,../data/Results/uniform_euclidean/city20_range95_swap.json,swap,euclidean,uniform,20,95.0,0.07368421052631578,6.047372179048642,1.0,14
3,439,439,743.0,../data/Results/uniform_euclidean/city20_range95_swap.json,swap,euclidean,uniform,20,95.0,0.07368421052631578,6.084499413077449,1.0,14
5,570,570,743.0,../data/Results/uniform_euclidean/city20_range95_swap.json,swap,euclidean,uniform,20,95.0,0.07368421052631578,6.34563636083035,1.0,14
18,1290,1290,744.0,../data/Results/uniform_euclidean/city20_range95_swap.json,swap,euclidean,uniform,20,95.0,0.07368421052631578,7.162397497356493,1.0,14
23,1835,1835,744.0,../data/Results/uniform_euclidean/city20_range95_swap.json,swap,euclidean,uniform,20,95.0,0.07368421052631578,7.514799760489216,1.0,14
26,1933,1933,744.0,../data/Results/uniform_euclidean/city20_range95_swap.json,swap,euclidean,uniform,20,95.0,0.07368421052631578,7.566828479208848,1.0,14
28,2819,2819,744.0,../data/Results/uniform_euclidean/city20_range95_swap.json,swap,euclidean,uniform,20,95.0,0.07368421052631578,7.944137491114467,1.0,14
30,3119,3119,744.0,../data/Results/uniform_euclidean/city20_range95_swap.json,swap,euclidean,uniform,20,95.0,0.07368421052631578,8.045267716608123,1.0,14
42,3290,3290,744.0,../data/Results/uniform_euclidean/city20_range95_swap.json,swap,euclidean,uniform,20,95.0,0.07368421052631578,8.098642843759722,1.0,14
43,3296,3296,744.0,../data/Results/uniform_euclidean/city20_range95_swap.json,swap,euclidean,uniform,20,95.0,0.07368421052631578,8.100464891029665,1.0,14
47,3808,3808,744.0,../data/Results/uniform_euclidean/city20_range95_swap.json,swap,euclidean,uniform,20,95.0,0.07368421052631578,8.244859395911519,1.0,14
51,3809,3809,744.0,../data/Results/uniform_euclidean/city20_range95_swap.json,swap,euclidean,uniform,20,95.0,0.07368421052631578,8.245121966478866,1.0,14
52,4071,4071,744.0,../data/Results/uniform_euclidean/city20_range95_swap.json,swap,euclidean,uniform,20,95.0,0.07368421052631578,8.311643948503225,1.0,14
75,6383,6383,745.0,../data/Results/uniform_euclidean/city20_range95_swap.json,swap,euclidean,uniform,20,95.0,0.07368421052631578,8.761393485256214,1.0,14
79,8878,8878,745.0,../data/Results/uniform_euclidean/city20_range95_swap.json,swap,euclidean,uniform,20,95.0,0.07368421052631578,9.091331585394093,1.0,14
83,8880,8880,745.0,../data/Results/uniform_euclidean/city20_range95_swap.json,swap,euclidean,uniform,20,95.0,0.07368421052631578,9.091556835986328,1.0,14
92,8890,8890,745.0,../data/Results/uniform_euclidean/city20_range95_swap.json,swap,euclidean,uniform,20,95.0,0.07368421052631578,9.092682328508063,1.0,14
98,8899,8899,745.0,../data/Results/uniform_euclidean/city20_range95_swap.json,swap,euclidean,uniform,20,95.0,0.07368421052631578,9.093694189856974,1.0,14
100,8912,8912,745.0,../data/Results/uniform_euclidean/city20_range95_swap.json,swap,euclidean,uniform,20,95.0,0.07368421052631578,9.095153962167178,1.0,14
101,8924,8924,745.0,../data/Results/uniform_euclidean/city20_range95_swap.json,swap,euclidean,uniform,20,95.0,0.07368421052631578,9.096499555552535,1.0,14
106,8940,8940,745.0,../data/Results/uniform_euclidean/city20_range95_swap.json,swap,euclidean,uniform,20,95.0,0.07368421052631578,9.098290868167672,1.0,14
112,9875,9875,745.0,../data/Results/uniform_euclidean/city20_range95_swap.json,swap,euclidean,uniform,20,95.0,0.07368421052631578,9.197761589769424,1.0,14
132,9916,9916,744.0,../data/Results/uniform_euclidean/city20_range95_swap.json,swap,euclidean,uniform,20,95.0,0.07368421052631578,9.201904893155183,1.0,14
139,10051,10051,744.0,../data/Results/uniform_euclidean/city20_range95_swap.json,swap,euclidean,uniform,20,95.0,0.07368421052631578,9.215427411024839,1.0,14
142,10160,10160,744.0,../data/Results/uniform_euclidean/city20_range95_swap.json,swap,euclidean,uniform,20,95.0,0.07368421052631578,9.226213721132572,1.0,14
143,10640,10640,744.0,../data/Results/uniform_euclidean/city20_range95_swap.json,swap,euclidean,uniform,20,95.0,0.07368421052631578,9.272375762895729,1.0,14
148,12050,12050,744.0,../data/Results/uniform_euclidean/city20_range95_swap.json,swap,euclidean,uniform,20,95.0,0.07368421052631578,9.396819938918885,1.0,14
152,12118,12118,744.0,../data/Results/uniform_euclidean/city20_range95_swap.json,swap,euclidean,uniform,20,95.0,0.07368421052631578,9.402447229505016,1.0,14
155,12175,12175,744.0,../data/Results/uniform_euclidean/city20_range95_swap.json,swap,euclidean,uniform,20,95.0,0.07368421052631578,9.407139947950872,1.0,14
179,12203,12203,744.0,../data/Results/uniform_euclidean/city20_range95_swap.json,swap,euclidean,uniform,20,95.0,0.07368421052631578,9.409437102131921,1.0,14
182,12308,12308,744.0,../data/Results/uniform_euclidean/city20_range95_swap.json,swap,euclidean,uniform,20,95.0,0.07368421052631578,9.418004736442013,1.0,14
190,12450,12450,744.0,../data/Results/uniform_euclidean/city20_range95_swap.json,swap,euclidean,uniform,20,95.0,0.07368421052631578,9.429475901892934,1.0,14
191,12800,12800,744.0,../data/Results/uniform_euclidean/city20_range95_swap.json,swap,euclidean,uniform,20,95.0,0.07368421052631578,9.457200449907786,1.0,14
196,12880,12880,744.0,../data/Results/uniform_euclidean/city20_range95_swap.json,swap,euclidean,uniform,20,95.0,0.07368421052631578,9.463430999658422,1.0,14
200,12891,12891,744.0,../data/Results/uniform_euclidean/city20_range95_swap.json,swap,euclidean,uniform,20,95.0,0.07368421052631578,9.464284672443183,1.0,14
220,12912,12912,744.0,../data/Results/uniform_euclidean/city20_range95_swap.json,swap,euclidean,uniform,20,95.0,0.07368421052631578,9.465912390509807,1.0,14
221,13627,13627,744.0,../data/Results/uniform_euclidean/city20_range95_swap.json,swap,euclidean,uniform,20,95.0,0.07368421052631578,9.519808397749895,1.0,14
233,13629,13629,744.0,../data/Results/uniform_euclidean/city20_range95_swap.json,swap,euclidean,uniform,20,95.0,0.07368421052631578,9.519955154427587,1.0,14
242,14253,14253,744.0,../data/Results/uniform_euclidean/city20_range95_swap.json,swap,euclidean,uniform,20,95.0,0.07368421052631578,9.5647226898551,1.0,14
246,15985,15985,744.0,../data/Results/uniform_euclidean/city20_range95_swap.json,swap,euclidean,uniform,20,95.0,0.07368421052631578,9.679406061494005,1.0,14
250,15988,15988,744.0,../data/Results/uniform_euclidean/city20_range95_swap.json,swap,euclidean,uniform,20,95.0,0.07368421052631578,9.679593719831276,1.0,14
256,16168,16168,744.0,../data/Results/uniform_euclidean/city20_range95_swap.json,swap,euclidean,uniform,20,95.0,0.07368421052631578,9.69078925908352,1.0,14
269,16351,16351,744.0,../data/Results/uniform_euclidean/city20_range95_swap.json,swap,euclidean,uniform,20,95.0,0.07368421052631578,9.702044336534648,1.0,14
274,19350,19350,744.0,../data/Results/uniform_euclidean/city20_range95_swap.json,swap,euclidean,uniform,20,95.0,0.07368421052631578,9.87044769845798,1.0,14
283,19352,19352,744.0,../data/Results/uniform_euclidean/city20_range95_swap.json,swap,euclidean,uniform,20,95.0,0.07368421052631578,9.870551052289915,1.0,14
284,19440,19440,744.0,../data/Results/uniform_euclidean/city20_range95_swap.json,swap,euclidean,uniform,20,95.0,0.07368421052631578,9.875088078014482,1.0,14
290,19766,19766,744.0,../data/Results/uniform_euclidean/city20_range95_swap.json,swap,euclidean,uniform,20,95.0,0.07368421052631578,9.891718568936179,1.0,14
293,19772,19772,744.0,../data/Results/uniform_euclidean/city20_range95_swap.json,swap,euclidean,uniform,20,95.0,0.07368421052631578,9.892022074426901,1.0,14
295,19784,19784,744.0,../data/Results/uniform_euclidean/city20_range95_swap.json,swap,euclidean,uniform,20,95.0,0.07368421052631578,9.892628809201303,1.0,14
296,20337,20337,744.0,../data/Results/uniform_euclidean/city20_range95_swap.json,swap,euclidean,uniform,20,95.0,0.07368421052631578,9.920197166099124,1.0,14
302,20380,20380,744.0,../data/Results/uniform_euclidean/city20_range95_swap.json,swap,euclidean,uniform,20,95.0,0.07368421052631578,9.922309306776764,1.0,14
303,20473,20473,744.0,../data/Results/uniform_euclidean/city20_range95_swap.json,swap,euclidean,uniform,20,95.0,0.07368421052631578,9.926862223852627,1.0,14
307,20485,20485,744.0,../data/Results/uniform_euclidean/city20_range95_swap.json,swap,euclidean,uniform,20,95.0,0.07368421052631578,9.92744818998102,1.0,14
1,1568,1568,512.0,../data/Results/uniform_euclidean/city20_range60_wouter.json,inplace,euclidean,uniform,20,60.0,0.05263157894736842,7.357556200910991,1.0,10
3,2031,2031,512.0,../data/Results/uniform_euclidean/city20_range60_wouter.json,inplace,euclidean,uniform,20,60.0,0.05789473684210526,7.616283561580877,1.0,11
9,2036,2036,502.0,../data/Results/uniform_euclidean/city20_range60_wouter.json,inplace,euclidean,uniform,20,60.0,0.06315789473684211,7.6187423776709045,0.9999999999999998,12
11,2814,2814,502.0,../data/Results/uniform_euclidean/city20_range60_wouter.json,inplace,euclidean,uniform,20,60.0,0.06842105263157895,7.94236223767469,0.9999999999999998,13
25,3979,3979,489.0,../data/Results/uniform_euclidean/city20_range60_wouter.json,inplace,euclidean,uniform,20,60.0,0.07368421052631578,8.28878581042718,1.0,14
