n_cities,mean_distance,std_distance,cv_distance,distance_range,distance_skewness,distance_kurtosis,mean_nn_distance,std_nn_distance,cv_nn_distance,clustering_coef_3nn,clustering_coef_5nn,hull_ratio,mean_centroid_distance,std_centroid_distance,generation,iteration,city_size,distribution,embedding_method
30,13.312643678160919,3.2580511979812306,0.24473359888133922,16.0,0.6652988918165987,-0.5381351437652193,10.266666666666667,2.4890872936792627,0.24244356756616192,0.6149477736434259,0.5739839447331707,0.16666666666666666,2.6475820876037117,3.461428419736015,0,214908.0,30,lognormal,classical_mds
30,13.560919540229886,3.4271182331998444,0.25272019519273303,16.0,0.4578624014278657,-0.640424250516618,10.3,2.570992026436488,0.24961087635305707,0.4970074696545285,0.5448403633403633,0.2,2.953534437989933,3.4472995613093023,1,390248.0,30,lognormal,classical_mds
30,13.27816091954023,3.402278657908391,0.25623116623790687,16.0,0.3901410560263797,-0.6319157310209178,10.033333333333333,2.5097587312108085,0.2501420662336354,0.45316239316239315,0.565331435239902,0.13333333333333333,2.759987149725432,3.4823091048821038,2,227067.0,30,lognormal,classical_mds
30,13.351724137931035,2.8900090310866133,0.21645212267952424,16.0,0.8103881330596285,0.3429950957478458,10.466666666666667,2.404625172916191,0.22974125855887173,0.43000976148034964,0.5184766159766159,0.2,2.534546913410327,3.539392653829678,7,113146.0,30,lognormal,classical_mds
30,13.062068965517241,2.7026271330931158,0.20690651230121532,14.0,1.088328494184165,1.3877550334941238,10.266666666666667,1.9482185594936612,0.18976154800262932,0.4238518888518889,0.5068489568566968,0.16666666666666666,2.8733503750571145,3.326664840792165,8,30290541.0,30,lognormal,classical_mds
30,13.517241379310345,4.081531347072851,0.30195002312528746,20.0,0.8036473184637652,-0.04820310464965072,10.233333333333333,3.2932591084753042,0.3218168509910721,0.38899951899951896,0.5891617338056967,0.13333333333333333,2.766031134642759,4.340674370568683,10,319843.0,30,lognormal,classical_mds
30,14.071264367816092,6.957471928994995,0.4944453992995953,33.0,1.538951746806904,1.4797819921208268,10.2,5.173006862551025,0.5071575355442182,0.46733405483405477,0.6040850366237362,0.2,3.7857136980425254,6.088516513634784,11,220912.0,30,lognormal,classical_mds
30,13.280459770114943,2.74166821774584,0.20644377267083958,14.0,0.4793112178938895,-0.2568598973643721,10.2,2.11974841274462,0.20781847183770782,0.6060601743935077,0.5718736864557298,0.13333333333333333,3.0962766614538557,2.947088969747435,13,3766500.0,30,lognormal,classical_mds
30,13.485057471264367,5.388504766388047,0.3995907898702354,28.0,2.221036645414034,4.769559423154126,10.166666666666666,4.099457958749615,0.4032253729917654,0.4979618127444214,0.6207198386408912,0.13333333333333333,2.9377557457659926,5.479910784858261,15,245935.0,30,lognormal,classical_mds
30,13.291954022988506,3.465402678192542,0.2607143142535033,19.0,0.7067806498703743,3.9855017028855855e-06,9.933333333333334,2.707192067232927,0.2725361141509658,0.5785208602313865,0.674685253178792,0.2,2.940790842096248,3.8548997793125337,16,142175.0,30,lognormal,classical_mds
20,15.973684210526315,10.509361345975169,0.6579171847562709,45.0,1.481601524830387,1.753504009933517,9.4,8.69712596206356,0.9252261661769744,0.7421230730054259,0.8185234309034618,0.15,5.542786804894744,8.638574354622826,0,737004.0,20,lognormal,classical_mds
20,15.926315789473684,9.433135444873546,0.5922986564857812,39.0,0.5076904843219117,-0.6662505626652822,9.65,8.162566998193645,0.845861865097787,0.738503261444438,0.7669389709018193,0.25,4.781478217521643,7.615009642225366,0,865719.0,20,lognormal,classical_mds
20,16.021052631578947,10.313485242115547,0.6437457936931518,41.0,0.7478515082773487,-0.290920202321971,9.35,8.77083234362623,0.9380569351471905,0.532984792984793,0.723231848560796,0.15,5.464540095844471,7.934832184652819,2,622704.0,20,lognormal,classical_mds
20,15.305263157894737,7.592341964749434,0.49606085739422023,33.0,0.48736624658610694,-0.54948874893108,9.45,6.561059365681734,0.6942919963684375,0.6460234210234209,0.7656594965921592,0.15,4.391613038592484,6.464478736040978,3,479106.0,20,lognormal,classical_mds
20,15.3,7.487498352517172,0.48937897728870405,31.0,0.41952431031429005,-0.8386252517906088,9.4,6.2960304954788775,0.6697904782424338,0.6125740925740926,0.7078223410576353,0.15,5.42833316741232,6.128497235137373,5,133883.0,20,lognormal,classical_mds
20,15.957894736842105,10.797091020975763,0.6765987117366079,42.0,0.5995429229996578,-1.0169749899908194,9.4,8.5463442476886,0.9091855582647447,0.6126470588235294,0.6451610644257704,0.2,6.404689768443232,7.6780621838333545,6,198233.0,20,lognormal,classical_mds
20,17.105263157894736,20.820017535869315,1.2171702559431292,78.0,2.2320313471008393,3.7637775845036674,9.65,15.969580457857994,1.6548788039231082,0.6398060436295728,0.722610203264228,0.25,8.455890686800531,15.108117807996855,7,4824264.0,20,lognormal,classical_mds
20,17.021052631578947,18.126734514388538,1.0649596653475022,70.0,1.3823171112177433,0.6440572152943456,10.0,14.370107863199914,1.4370107863199915,0.6003250915750915,0.6378238866396762,0.2,7.958965064918061,13.411711062907585,10,713134.0,20,lognormal,classical_mds
20,17.405263157894737,30.430576272873456,1.748354850875705,108.0,2.6389375869538925,5.143891595346469,9.65,22.552771448316502,2.337074761483575,0.59252442002442,0.6853355760166906,0.2,10.736493444628234,21.141715106760124,19,622704.0,20,lognormal,classical_mds
20,16.773684210526316,13.649613146832102,0.813751646657703,50.0,0.7433125756203479,-0.6322367926911019,9.6,11.065260954898442,1.1526313494685878,0.8064844568056643,0.7874452731650874,0.15,5.873052405626465,9.721139086862856,20,479106.0,20,lognormal,classical_mds
30,14.26896551724138,5.074962439016828,0.3556643565284872,26.0,1.2554895188767328,1.5482850577064124,10.033333333333333,4.230707847262546,0.4216652339464332,0.2988888888888888,0.5781226939754333,0.13333333333333333,2.9739114958504667,5.059368884308191,0,242778.0,30,lognormal,classical_mds
20,1.3894736842105264,0.6455472886931352,0.4645984274685442,3.0,-0.3526049942260497,-0.4316032604901294,1.1,0.3,0.2727272727272727,0.5721626984126984,0.6234572290454643,0.3,0.6948278192335348,0.3459724903531798,0,13137073.0,20,lognormal,classical_mds
30,41.11724137931034,2.4443322618056333,0.059447866145893466,16.0,0.10748887264563727,0.14068038557947027,36.5,1.1761519176251567,0.0322233402089084,0.17235449735449737,0.25611592111592113,0.2,9.94831669057455,4.9699476408690755,0,125044.0,30,uniform,classical_mds
30,28.363218390804597,1.6571763093049419,0.058426948820525994,10.0,-0.18644448988899492,0.2811078196217558,24.866666666666667,1.0561986345169907,0.04247447591891383,0.20089947089947086,0.2948055648055648,0.3333333333333333,6.989176224642753,2.7612965618851737,0,128668.0,30,uniform,classical_mds
30,32.250574712643676,1.9894476541381911,0.061687200053468755,11.0,0.06230035651774686,-0.09325701055529922,28.566666666666666,0.9893881386437221,0.03463435724540451,0.1607936507936508,0.2893915343915344,0.23333333333333334,7.356494247157084,4.490195423663439,1,157097.0,30,uniform,classical_mds
30,32.42528735632184,1.9665722785145088,0.060649340032173794,11.0,-0.050179617678877055,-0.32963151337522234,28.733333333333334,0.9637888196533975,0.033542534326684366,0.17785714285714285,0.30609076109076117,0.3333333333333333,8.215336498895942,3.2243470554001274,16,121225.0,30,uniform,classical_mds
30,32.44597701149425,1.852913493195144,0.057107649818611855,10.0,0.09360205962215626,-0.19188222534277077,29.233333333333334,0.8439325934114776,0.028868845840757502,0.1592736892736892,0.2981202131202131,0.26666666666666666,7.448990747707617,3.6618673106362616,17,182960.0,30,uniform,classical_mds
20,14.952631578947368,8.848007115554186,0.591735780343293,37.0,2.0522438115666426,3.3614776167990805,10.15,7.275128864838065,0.7167614645160655,0.7196471012647484,0.810018560730635,0.2,4.663789097776258,7.907313739171568,4,250669.0,20,lognormal,classical_mds
20,15.010526315789473,8.92069708963918,0.594296089421965,38.0,1.643815496150055,1.8001985660212152,10.35,6.901267999433147,0.666789178689193,0.615441919191919,0.6782792534263123,0.25,5.061767129604231,7.770874090481977,6,671057.0,20,lognormal,classical_mds
20,15.473684210526315,8.978151380772463,0.5802206674648871,39.0,1.1538172541800522,0.06770461621236024,10.15,6.835751604615253,0.6734730644941136,0.6768109668109668,0.7730377250888087,0.35,5.265195361372291,8.065242004320247,9,543112.0,20,lognormal,classical_mds
20,16.51578947368421,15.08004129402048,0.9130681471841591,58.0,1.468391053459501,1.2034933033028898,9.9,12.01207725582882,1.2133411369524059,0.7531505847953216,0.7141908530066426,0.15,6.622247420529215,11.274371207595458,19,876918.0,20,lognormal,classical_mds
20,17.089473684210525,23.068031986344035,1.3498386441039012,84.0,2.3271684646177415,4.037300135804953,10.15,17.155975635328932,1.6902439049585154,0.8320884932920535,0.8062420757776796,0.2,9.145462187816324,16.621210727931032,20,204333.0,20,lognormal,classical_mds
20,14.826315789473684,6.4290739371818315,0.433625860157809,30.0,1.1418883620641889,0.627993688664437,10.05,5.181457323958193,0.5155678929311635,0.6121133278486218,0.7860238218094255,0.2,4.404148346104196,6.390920680035545,25,407258.0,20,lognormal,classical_mds
20,15.442105263157895,10.131987688269042,0.6561273554093789,43.0,1.1112845233003892,-0.1402469626565659,9.5,6.866585760041158,0.722798501056964,0.7051403743315507,0.7267411600267638,0.15,6.00496937923203,8.418151127594419,40,486049.0,20,lognormal,classical_mds
20,16.173684210526314,17.61806316212107,1.089304263196552,67.0,2.1891078119930647,3.5421465619173707,10.0,13.579396157414365,1.3579396157414365,0.7170051353874883,0.6470320761110234,0.3,7.518780370335271,13.302017592412849,45,117120.0,20,lognormal,classical_mds
20,14.56842105263158,5.714529278544845,0.39225453862843945,26.0,0.5905290771414002,-0.6115286286597814,9.5,4.05585995813465,0.42693262717206837,0.6761471861471862,0.7685074819401446,0.15,4.6856224261748425,5.871878451916267,47,297680.0,20,lognormal,classical_mds
20,15.031578947368422,7.073229935287804,0.4705580139021998,30.0,0.9193181869818335,0.32292315148925166,9.95,5.792020372892347,0.5821126002906882,0.6064213564213563,0.7612337499102205,0.2,4.26216126912348,6.417903773713415,50,4408660.0,20,lognormal,classical_mds
20,14.352631578947369,5.170449275098943,0.3602439905642828,23.0,0.9199131248994636,0.12763688054524813,9.9,4.036087214122113,0.4076855771840518,0.6319246031746031,0.6910652337858221,0.15,4.178389976356791,5.1569394972050695,53,452929.0,20,lognormal,classical_mds
20,15.152631578947368,7.501078408156961,0.4950346986974028,31.0,0.4953200459287759,-0.7395552186807328,9.6,6.135144660071187,0.6390775687574154,0.5220143745143746,0.6986088666235726,0.15,4.611902122762286,6.489187074320081,57,821608.0,20,lognormal,classical_mds
20,16.51578947368421,17.79021798505231,1.0771642502103054,69.0,1.6370092968660717,1.0072974036317945,10.2,12.843675486401857,1.2591838712158685,0.6607142857142857,0.7349145960678468,0.25,8.33367039033365,13.526991653585247,59,209786.0,20,lognormal,classical_mds
20,14.678947368421053,8.160693917048736,0.5559454443310361,34.0,1.8820755707039472,2.7350742817786062,10.35,6.436419812286951,0.6218763103658891,0.7937380103556573,0.7929373176702897,0.15,4.451720811152253,7.456762544447574,61,171540.0,20,lognormal,classical_mds
20,15.01578947368421,7.763935732664319,0.5170514508258747,33.0,0.9309830829012813,-0.1790029759098739,9.75,5.726037023980896,0.5872858486134253,0.6273277947542654,0.7240459793904067,0.2,4.877115607345656,7.016985217539396,62,195728.0,20,lognormal,classical_mds
20,18.521052631578947,38.31637109159489,2.0688009398701417,133.0,2.5987106155795368,4.985636553490545,10.15,28.3183244560832,2.7899827050328274,0.7864285714285713,0.6716031109413462,0.2,13.4377322915193,25.917367569217827,63,119512.0,20,lognormal,classical_mds
20,16.16842105263158,13.296341112524507,0.8223648474543152,53.0,1.5643297827271574,1.4236130484784977,10.15,10.631439225241333,1.0474324359843679,0.6388946347769877,0.7335730351519826,0.25,6.39453225033585,10.685587056483302,65,126758.0,20,lognormal,classical_mds
20,15.189473684210526,8.67033021509453,0.5708117605225089,34.0,1.1769811522459754,0.6215782401772905,9.9,7.05620294492725,0.7127477722148737,0.8096328916181857,0.7934441710680102,0.2,4.66795154402031,7.3532033006306285,73,153666.0,20,lognormal,classical_mds
20,14.757894736842106,6.991296528313931,0.4737326463550809,30.0,1.1092899849005724,0.28402660926223255,10.35,5.497954164959908,0.5312033009623099,0.7621982038429407,0.6795250733099031,0.25,4.334577947325316,6.633221440046635,74,254207.0,20,lognormal,classical_mds
20,15.968421052631578,15.839957889084737,0.9919551743329268,60.0,2.1427557474067926,3.426250019814208,10.05,12.212595956634281,1.2151836772770428,0.5872748330101272,0.685870469399881,0.15,6.874673911056261,12.133575294855387,76,445625.0,20,lognormal,classical_mds
20,14.842105263157896,7.033477524964647,0.47388678359690883,27.0,0.705693870477181,-0.4011468196861223,10.2,5.372150407425317,0.5266814124926782,0.5851345876345876,0.7474464016375781,0.2,4.062133717799666,6.146780620407009,77,225974.0,20,lognormal,classical_mds
20,17.389473684210525,27.903515996844366,1.6046210773003722,99.0,2.500775115180693,4.6343731041271266,10.15,20.96014074380227,2.065038496926332,0.5504184704184704,0.7355604698019559,0.2,10.502788621777992,19.590390593309504,84,929183.0,20,lognormal,classical_mds
20,16.6,18.072602119463074,1.0887109710519922,68.0,2.2598483355089654,3.931738300167105,9.95,13.976677001347637,1.4046911559143356,0.6713612368024132,0.6552404690252988,0.2,7.469645167348635,13.442822572042083,87,796203.0,20,lognormal,classical_mds
20,16.178947368421053,12.803765027989492,0.7913843055686414,51.0,1.2287581048525025,0.6551987790138396,9.25,10.074100456120139,1.0890919412021771,0.7471350463262227,0.7290276235632271,0.25,6.5142845309910555,9.567061404343201,3,174714.0,20,lognormal,classical_mds
20,16.021052631578947,12.461713109713644,0.7778336040885652,51.0,1.1988111680235973,0.06783861756807497,9.8,9.66229786334493,0.9859487615658091,0.494094239094239,0.6037824675324674,0.2,6.2541201916757085,10.127906207417569,8,193230.0,20,lognormal,classical_mds
20,16.763157894736842,16.00926411163617,0.9550267444932096,61.0,1.6715722237650872,2.0989283030253296,9.8,12.687001221722964,1.2945919614003023,0.45471139971139973,0.6733980549034728,0.15,7.0497142706922435,11.752728368820907,9,17996758.0,20,lognormal,classical_mds
20,15.557894736842105,10.49432507242661,0.6745337495808714,45.0,1.0988916141995937,-0.08629972702470079,9.55,7.618890995413966,0.7977896330276404,0.6728742310321257,0.6767392132291514,0.25,6.0116100575499125,8.697046779276194,15,111222.0,20,lognormal,classical_mds
20,16.347368421052632,15.443116961800325,0.9446851972769033,59.0,2.0733421257597695,3.2441818426891484,9.75,11.085463454452412,1.136970610713068,0.8147087080446214,0.7303559160138108,0.2,7.469540272087454,11.848884138412686,19,7032198.0,20,lognormal,classical_mds
20,14.936842105263159,6.181995123899028,0.41387564254433235,24.0,0.10352161661928252,-1.103476366236919,10.1,5.185556864985669,0.5134214717807594,0.520239898989899,0.6938642158495101,0.15,3.9848586757287934,5.389081607241922,23,105056.0,20,lognormal,classical_mds
20,17.00526315789474,17.930420304587646,1.0544041652341851,70.0,1.6597434624468888,1.953587541238075,9.4,13.417898494175606,1.4274360100186814,0.6584451659451659,0.7082951688834043,0.2,7.733540856439949,13.025329051872832,38,143394.0,20,lognormal,classical_mds
20,16.778947368421054,18.320640615878506,1.091882596303926,71.0,2.1222996741172366,3.3562047098786816,10.05,14.005266866432786,1.3935588921823667,0.6698626373626373,0.8047695218438253,0.25,7.790932646779896,13.78291248399273,43,337047.0,20,lognormal,classical_mds
20,15.342105263157896,13.350096226322773,0.8701606459695803,52.0,2.4055145854335565,4.395358082134422,9.75,10.343476204835587,1.0608693543421115,0.6171103896103897,0.7879013813843536,0.25,6.04774141346889,10.647675547435044,44,174113.0,20,lognormal,classical_mds
20,16.08421052631579,9.491451176156515,0.5901098571563278,39.0,0.49044959904488883,-0.9111481757432056,9.55,8.009213444527497,0.8386610936678006,0.598215183509301,0.8086475804896857,0.15,4.704342397061665,7.745484169120108,53,246193.0,20,lognormal,classical_mds
20,15.878947368421052,12.49256953668095,0.7867378892838517,53.0,1.419100812761791,0.5090186409054565,10.2,10.062802790475425,0.9865492931838653,0.4857011289364229,0.6983452495217201,0.25,6.262057935104894,10.406042041619587,58,125603.0,20,lognormal,classical_mds
20,16.842105263157894,24.144222710717134,1.43356322344883,87.0,2.54843200454719,4.836419763602624,9.85,18.025745476956008,1.8300249215183766,0.6492395676219205,0.6758264203117145,0.2,9.120909530096766,17.249663044475373,61,737505.0,20,lognormal,classical_mds
20,15.352631578947369,12.367481487269353,0.8055610156260463,48.0,2.3345054210797223,4.201740837027863,9.8,9.410632284814875,0.9602686004913138,0.6409249084249085,0.6970372927725869,0.25,5.913134657747984,9.89637540706938,66,1299247.0,20,lognormal,classical_mds
20,16.768421052631577,16.038409575685847,0.9564651033836508,61.0,1.2839673537880116,0.4193129695733564,9.95,12.138677852220974,1.2199676233387915,0.696273432449903,0.7407836882759483,0.15,7.133808294591516,11.720397226053194,67,237275.0,20,lognormal,classical_mds
20,15.33157894736842,9.086169514943776,0.5926440809609741,40.0,1.1262607988213063,-0.03479171123093572,9.95,7.242064622743987,0.727845690728039,0.5974900263135556,0.6896342383107089,0.2,5.059357446024538,8.024515315947468,68,113657.0,20,lognormal,classical_mds
20,15.678947368421053,10.466843838741378,0.6675731216384229,44.0,1.050298154520696,0.06261144477392921,9.9,8.407734534343957,0.8492661145801976,0.7279378808326177,0.7505301999342248,0.15,5.391272576183589,8.759785807000044,78,237772.0,20,lognormal,classical_mds
20,14.93157894736842,8.472280040571874,0.5674068409265619,35.0,1.3425420118944997,1.1124470740989394,9.85,6.702797923255631,0.6804870988076783,0.43307359307359317,0.6661419952596423,0.2,5.184892808263339,7.415360297135178,13,446661.0,20,lognormal,classical_mds
20,14.805263157894737,6.156637298516518,0.4158411257440947,26.0,0.6210590609476443,-0.6768480127351895,10.3,5.177837386399847,0.5027026588737715,0.7396784016636958,0.7977315224335348,0.15,3.8236354598607596,5.973439071554867,17,118337.0,20,lognormal,classical_mds
20,15.7,15.075581510997736,0.960228121719601,58.0,2.37881707855444,4.292620570884088,9.85,11.354624608502036,1.1527537673606127,0.6006043956043955,0.751070165214902,0.2,6.698260473496932,11.688737101692018,20,152526.0,20,lognormal,classical_mds
20,16.5,21.255525597384146,1.288213672568736,77.0,2.455190494809831,4.523346912805501,10.2,15.80696049213763,1.549702009033101,0.5099453324453325,0.6734386691739632,0.2,8.291824051525571,15.482572147485863,30,769375.0,20,lognormal,classical_mds
20,15.447368421052632,11.854595751994806,0.7674184643540078,48.0,1.3242171543805394,0.40498506052627326,9.6,8.782938005018593,0.9148893755227702,0.5989789377289376,0.7270698161487636,0.15,6.073480098072066,9.54662481431769,36,211883.0,20,lognormal,classical_mds
20,15.384210526315789,11.196087810993093,0.727764859421378,47.0,1.5248661843314653,0.607726341961607,10.35,8.696407304168773,0.8402325897747607,0.7150541288776584,0.7735171596549307,0.2,5.869535426473927,9.701327389165199,46,201436.0,20,lognormal,classical_mds
20,14.51578947368421,4.849011093744539,0.3340508005117703,24.0,0.6063785356246169,-0.24251224400387272,10.05,3.9430318284284747,0.39234147546551984,0.6913736263736263,0.7568099453006574,0.15,3.450648798266297,5.289051096959014,47,109777.0,20,lognormal,classical_mds
20,15.621052631578948,14.50421277993573,0.9285041873948074,56.0,2.169991084384709,3.4643936794197487,10.2,10.21077861869505,1.0010567273230442,0.38848845598845594,0.567569073083779,0.2,6.84172091562151,11.404106193372087,53,1695661.0,20,lognormal,classical_mds
20,14.821052631578947,6.554193430434114,0.4422218578773017,27.0,0.42969465416257346,-0.9702325664221108,9.85,5.424711973920827,0.550732180093485,0.6910091868915398,0.7837544619123566,0.2,4.134668775939269,5.819182677647622,63,114710.0,20,lognormal,classical_mds
20,14.826315789473684,5.995291319489001,0.40436824661090176,24.0,0.32512776110431163,-0.9830354730685675,10.4,4.973932046178355,0.4782626967479187,0.695011655011655,0.7791393547972496,0.15,3.4822622002284396,5.64532637681112,78,168853.0,20,lognormal,classical_mds
20,15.342105263157896,12.013317863695391,0.7830292947177099,48.0,2.157314850211846,3.543323023358393,10.2,9.195651146058118,0.9015344260841293,0.6410294117647058,0.6718211200564141,0.3,5.73199502444215,9.829390325352676,83,122062.0,20,lognormal,classical_mds
20,14.76842105263158,6.356848990331025,0.4304352488107251,29.0,0.7402860059306272,-0.4454862370178221,9.75,4.773625456610521,0.48960261093441243,0.8249415204678362,0.7798905042326096,0.15,4.392408342317449,6.046989683689116,85,754382.0,20,lognormal,classical_mds
20,6.1421052631578945,0.7224343273548954,0.11761998474501296,4.0,0.2011005970882806,0.29721390939619097,5.1,0.5385164807134504,0.1055914668065589,0.580644078144078,0.563560924369748,0.25,1.7673535752702574,1.1133779423592196,4,6725719.0,20,lognormal,classical_mds
20,5.689473684210526,0.5557306587700133,0.09767698905300881,3.0,-0.5186454466338741,0.1932335979170441,4.8,0.39999999999999997,0.08333333333333333,0.45560606060606057,0.5254996392496392,0.3,1.6525456218793022,0.7318396514699047,5,518924.0,20,lognormal,classical_mds
20,5.973684210526316,0.5566271597881749,0.09317987696894557,2.0,-0.010821914812216438,0.2925330797709438,5.1,0.30000000000000004,0.05882352941176472,0.3368009768009768,0.5323850169438404,0.35,1.6340038774003982,1.0116145256373072,11,768878.0,20,lognormal,classical_mds
20,6.163157894736842,0.8076675490609329,0.13104768088947671,4.0,0.6648639880809782,0.5753079365902902,5.25,0.5361902647381804,0.10213147899774866,0.3340440115440115,0.44323953823953827,0.25,1.720600911327665,1.2401777235291997,20,167061.0,20,lognormal,classical_mds
20,6.1,0.5385164807134504,0.0882813902808935,2.0,0.07806777426302562,0.37835304840174144,5.25,0.4330127018922193,0.08247860988423225,0.39434731934731937,0.5740062143738613,0.35,1.6466359149621095,1.010156659152089,42,1108245.0,20,lognormal,classical_mds
20,5.989473684210527,0.5618528903192639,0.0938067215823024,3.0,-0.1840780497134753,0.8816076067276764,5.15,0.5722761571129799,0.11112158390543297,0.4568578643578644,0.5802224980901449,0.35,1.659827125241905,0.9925780516749464,43,15642435.0,20,lognormal,classical_mds
20,5.831578947368421,0.5554065666641228,0.0952411982546781,3.0,-0.420672767811825,0.9001537813466718,4.9,0.5385164807134504,0.1099013225945817,0.42846320346320343,0.4955914673561733,0.3,1.6342391268619263,0.8983784348896775,44,557750.0,20,lognormal,classical_mds
20,5.8578947368421055,0.5580188541180724,0.09525928327262691,2.0,-0.037931594420825096,0.05288107717707202,5.15,0.3570714214271425,0.06933425658779466,0.2895238095238095,0.5358458208458209,0.35,1.6566951315431244,0.9531929022084464,66,842494.0,20,lognormal,classical_mds
20,6.010526315789473,0.6726966445755981,0.11191975697842702,3.0,0.4090213212654501,0.4981037682622014,5.15,0.3570714214271425,0.06933425658779466,0.6158928571428571,0.6575526760820878,0.15,1.5372894524696803,1.309615458765385,68,7266721.0,20,lognormal,classical_mds
20,14.76842105263158,7.222701975210847,0.4890639256201215,32.0,1.2908564782578413,1.0900262238582274,10.35,6.052065763026703,0.5847406534325317,0.6833749437696806,0.7938322521991255,0.2,4.239978665912051,6.836747537848749,24,224404.0,20,lognormal,classical_mds
20,16.6,23.588534235268227,1.4209960382691702,84.0,2.5568485183616123,4.850328867913278,10.35,17.47934495340143,1.688825599362457,0.6819817927170867,0.7336011374246668,0.15,9.007502875519581,16.96243363761981,33,109738.0,20,lognormal,classical_mds
20,13.726315789473684,2.1809804905768893,0.15889044985031017,11.0,0.28655217878041933,-0.12755186665244622,11.05,1.6874537030686203,0.15271074235915114,0.6532826079149607,0.7812105678978745,0.15,3.309628959272198,3.291149442914554,38,842913.0,20,lognormal,classical_mds
20,9.410526315789474,0.8142770360342617,0.08652832038395399,5.0,0.056468493074449115,0.42847382374842846,8.2,0.6782329983125268,0.08271134125762523,0.6817236684883744,0.653929025051316,0.2,2.624914088017937,1.3864155133586455,24,3835868.0,20,lognormal,classical_mds
20,9.5,1.0399898784932577,0.10947261878876398,5.0,0.6417714279259275,0.19604851102331455,8.1,0.30000000000000004,0.03703703703703704,0.3124531024531024,0.5256204416498534,0.3,2.8071908728172295,1.6836980976897251,67,157258.0,20,lognormal,classical_mds
30,19.889655172413793,1.3448099026246738,0.06761353532613651,8.0,0.04854983995875581,-0.08873084334200598,17.5,0.9574271077563381,0.05471012044321932,0.2142857142857143,0.36390326449149973,0.2,4.769195216970178,2.333150660915403,2,1039238.0,30,uniform,classical_mds
30,19.926436781609194,1.2276938262697692,0.06161130761736844,7.0,-0.008922488383352764,-0.19629770685929104,17.6,0.7118052168020874,0.040443478227391326,0.15328042328042327,0.2699278499278499,0.2,4.7822401005052715,2.365929027466645,10,105213.0,30,uniform,classical_mds
30,20.03448275862069,1.1571693153620082,0.05775888148966994,7.0,-0.2200133183832349,0.05821950076424676,17.733333333333334,0.813770374382247,0.04588930682606655,0.17777777777777776,0.27095959595959596,0.3333333333333333,4.949926911944845,1.9478852671573095,18,429324.0,30,uniform,classical_mds
30,20.20919540229885,1.2091254732631365,0.05983046079734551,7.0,0.10200273886451652,0.12923580456293315,17.9,0.7461009761866463,0.04168161878137689,0.12603174603174605,0.2606517556517557,0.26666666666666666,4.900851160244085,2.2826262650603435,23,146073.0,30,uniform,classical_mds
30,44.770114942528735,2.568156677934662,0.05736319152254572,16.0,-0.0639695590715939,0.1649582182248559,39.666666666666664,1.5347819244295118,0.03869198128813896,0.173994708994709,0.27836589336589335,0.3,10.976792950842386,4.402704275555819,12,235859.0,30,uniform,classical_mds
30,44.41379310344828,2.55222113830346,0.05746460637484498,16.0,0.15674121204841499,0.2896705832775055,39.63333333333333,1.3535960336164639,0.034152969729599594,0.19170514670514666,0.3035085285085285,0.2,10.742978379260299,4.992019292894273,24,190334.0,30,uniform,classical_mds
30,44.9816091954023,2.8055170906844147,0.06237031402093936,16.0,-0.043932450026496116,-0.017800226845020806,39.53333333333333,1.7650936393164973,0.04464823708220483,0.20767195767195765,0.2793848743848743,0.26666666666666666,11.084153313369516,4.604144070453401,25,255137.0,30,uniform,classical_mds
30,43.64597701149425,2.737345160590304,0.0627170096311378,17.0,-0.291495268317025,0.096661354860613,38.46666666666667,1.961858529274955,0.05100152155827439,0.3024891774891775,0.3462629962629963,0.3,10.872634341167334,4.894906784539098,27,238684.0,30,uniform,classical_mds
30,45.14252873563218,2.5547626105571335,0.05659325434599751,14.0,-0.3475070331734282,0.033014205375963,39.86666666666667,1.765093639316497,0.044274924063122834,0.17079365079365078,0.33846749064140375,0.26666666666666666,11.202485510355697,3.8356143692354614,54,122459.0,30,uniform,classical_mds
30,44.747126436781606,2.8081097286932284,0.06275508512620367,17.0,-0.010951025710422327,-0.10221565970748392,39.63333333333333,1.642829537380214,0.04145070321396671,0.34226190476190477,0.36406850459482043,0.23333333333333334,11.204347418466963,4.204435570708241,58,212162.0,30,uniform,classical_mds
30,44.296551724137935,2.6386799327607924,0.05956851786553244,16.0,-0.00641099420914937,-0.05989424559032219,39.2,1.4236104336041746,0.036316592693984046,0.24473137973137973,0.31400155400155405,0.23333333333333334,10.459823805233258,5.264410241371389,71,210319.0,30,uniform,classical_mds
30,44.206896551724135,2.524081401288979,0.05709700517736381,15.0,-0.11775109791979162,0.15461328468606572,39.3,1.4866068747318506,0.03782714693974175,0.2132395382395382,0.3416099369040546,0.26666666666666666,10.552597816199043,4.722841956184483,77,882258.0,30,uniform,classical_mds
30,44.72183908045977,2.612675789052787,0.05842058025279954,15.0,-0.03164026183917841,-0.07777948456807549,39.766666666666666,1.430229196861662,0.03596552883977357,0.28512820512820514,0.31208994708994703,0.23333333333333334,11.153185097682222,4.436556162880389,87,296663.0,30,uniform,classical_mds
30,44.09425287356322,2.361148966457239,0.0535477712532662,13.0,-0.07334551649860226,-0.33585221916918595,39.4,1.0832051206181281,0.027492515751729143,0.15571428571428572,0.2744540644540645,0.3,10.796274896721364,4.156766366556583,93,293395.0,30,uniform,classical_mds
30,44.622988505747124,2.5749322566437867,0.057704164218229215,15.0,0.05225563932297871,0.12327217150661784,39.766666666666666,1.7259457954666155,0.04340182218273132,0.08603174603174604,0.3007984607984608,0.3,10.608971211477739,5.255408020786438,98,170231.0,30,uniform,classical_mds
30,41.11724137931034,2.4443322618056333,0.059447866145893466,16.0,0.10748887264563727,0.14068038557947027,36.5,1.1761519176251567,0.0322233402089084,0.17235449735449737,0.25611592111592113,0.2,9.94831669057455,4.9699476408690755,0,125044.0,30,uniform,classical_mds
30,40.86206896551724,2.5324215560945795,0.061974873524677475,16.0,0.06549357458470433,0.16220908979455073,36.03333333333333,1.5380362660079105,0.042683707659794005,0.21928571428571428,0.2967460317460318,0.3,10.003269594783516,4.574230784274831,3,125045.0,30,uniform,classical_mds
30,40.154022988505744,2.4148394010378547,0.060139413720241994,15.0,0.06267602112138644,0.17172711241932204,35.6,1.451436070471816,0.04077067613684877,0.18433862433862433,0.31089899751664457,0.3,10.01004390655383,4.090395096824002,11,105814.0,30,uniform,classical_mds
30,40.733333333333334,2.230956017262074,0.05476978765782505,15.0,0.03091621114798753,0.15359256449108205,36.5,1.5,0.0410958904109589,0.14567821067821068,0.3203884078884079,0.3,9.663098648321519,4.21846625022136,13,125005.0,30,uniform,classical_mds
30,40.216091954022986,2.3594697223856893,0.058669791313466044,13.0,0.09863142031848582,-0.1619247518899205,35.8,0.791622805802528,0.022112368877165587,0.25379749879749874,0.34681082534023705,0.26666666666666666,9.565084097631347,4.156914244771185,34,125422.0,30,uniform,classical_mds
30,40.03218390804598,2.4819113070963623,0.061997899310148014,16.0,-0.11518162030357564,0.058715878336940364,35.1,1.7000000000000004,0.048433048433048444,0.17319624819624818,0.2683633958633959,0.2,9.889352894222025,4.091746348747978,43,148794.0,30,uniform,classical_mds
30,40.58390804597701,2.218877916861417,0.05467383560862787,11.0,-0.0373449276705703,-0.35638047413970764,36.5,0.9219544457292888,0.02525902591039147,0.13325396825396824,0.3185268435268435,0.23333333333333334,9.72041080644169,4.3300508951958765,49,106499.0,30,uniform,classical_mds
30,41.06436781609195,2.484063088556672,0.06049193548240231,14.0,0.10353014032307539,-0.023024371672009103,36.4,1.451436070471816,0.03987461732065429,0.25995929995929995,0.324272345301757,0.23333333333333334,9.879057117386415,4.472547894445877,57,169338.0,30,uniform,classical_mds
30,40.40689655172414,2.457444383367492,0.06081744932382426,14.0,-0.0747178824111413,-0.18629815131899186,35.46666666666667,1.2840906856172147,0.036205564444094396,0.23313131313131313,0.31843693343693347,0.26666666666666666,9.960994386423076,4.182813559399611,63,118676.0,30,uniform,classical_mds
30,39.99540229885057,2.4059269748416257,0.06015508874905778,15.0,-0.07134998467951716,0.27919021062635263,35.13333333333333,1.6069294390925268,0.04573802957568862,0.15201058201058198,0.23703944203944205,0.16666666666666666,9.506150150858703,4.924933976199701,72,177407.0,30,uniform,classical_mds
30,40.377011494252876,2.3829712521080966,0.0590180195096232,15.0,0.23792110599007382,0.38540305674413444,35.96666666666667,1.27758452644912,0.03552134920618498,0.20805860805860807,0.32908756935072725,0.23333333333333334,9.472598020296385,5.172556845128022,73,174651.0,30,uniform,classical_mds
30,40.90574712643678,2.403606309772214,0.05875962373558015,14.0,-0.2703828680206797,0.24447662094136158,35.766666666666666,1.5423647068345696,0.04312296477636262,0.09904761904761905,0.2600889850889851,0.36666666666666664,10.073201456536628,4.565985823564454,83,258855.0,30,uniform,classical_mds
30,40.3632183908046,2.61323400039323,0.06474295421864991,16.0,-0.1265702515602857,0.03653084884291724,35.266666666666666,1.5260697523012794,0.043272299214592046,0.30399626517273576,0.42953102453102454,0.23333333333333334,9.356976495347014,5.32145996239182,87,352333.0,30,uniform,classical_mds
30,40.829885057471266,2.407560645684815,0.05896564837975871,14.0,-0.09406238320529635,-0.24430673565938532,36.166666666666664,1.2931443160847216,0.03575514238022272,0.23559884559884559,0.2955585155585156,0.2,9.807004307483812,4.511530232265009,89,279928.0,30,uniform,classical_mds
30,40.38620689655173,2.3464902827092615,0.05810127919959749,14.0,-0.10393244597009137,0.24556968148318115,35.4,1.4966629547095764,0.04227861453981854,0.2091269841269841,0.32371239871239876,0.26666666666666666,9.784295073425088,3.7899518334262727,92,238924.0,30,uniform,classical_mds
30,40.65287356321839,2.4925562321080417,0.06131316223518424,14.0,-0.09602305601400245,-0.030020185023514223,35.8,1.5143755588800734,0.04230099326480652,0.18193121693121694,0.3554375254375254,0.26666666666666666,10.1407535170755,4.514102597489676,95,122183.0,30,uniform,classical_mds
30,40.211494252873564,2.3176199289409904,0.05763575743707585,14.0,-0.013873574831537078,0.037308859359900914,35.5,1.2041594578792296,0.03391998472899238,0.25711640211640213,0.26546897546897547,0.23333333333333334,10.112094535703209,4.013004468693033,99,115489.0,30,uniform,classical_mds
30,41.12873563218391,2.4053536096759087,0.058483529160416985,14.0,-0.04572956222426404,0.024488847436127337,36.56666666666667,1.406729856400613,0.038470278661821684,0.19296296296296295,0.28256817256817257,0.23333333333333334,9.784081684689367,4.580513608207534,3,106462.0,30,uniform,classical_mds
30,40.57931034482758,2.5234594905085777,0.062185864399004726,15.0,0.08950534209473736,0.06136349082109804,35.833333333333336,1.2405196043952265,0.03461915175056446,0.27804232804232804,0.28991101491101495,0.26666666666666666,9.837037443313761,4.668062752038714,10,108336.0,30,uniform,classical_mds
30,40.719540229885055,2.5890058927606505,0.06358141271105307,17.0,-0.16234808317929905,0.1802084657226959,35.6,1.4742229591663987,0.04141075727995502,0.3236363636363636,0.2935663410663411,0.26666666666666666,9.220222524269467,5.237334848216828,12,453124.0,30,uniform,classical_mds
30,40.36091954022989,2.3588111325503505,0.0584429482633367,16.0,-0.05186963497949624,0.6290967888743859,35.8,1.5790292376436015,0.044106961945352,0.3952178649237473,0.35740148740148747,0.16666666666666666,9.351181997272091,4.552070908971418,15,133553.0,30,uniform,classical_mds
30,40.81609195402299,2.37093868423838,0.05808833160482654,15.0,-0.27513921491826854,0.2781421750324431,35.766666666666666,1.7065234314893603,0.04771267748805295,0.22109668109668112,0.3445768120768121,0.23333333333333334,9.715383102862734,4.434011189049732,16,258689.0,30,uniform,classical_mds
30,40.48275862068966,2.4309407334984545,0.060048791542977153,16.0,0.02257339060456851,0.18835999778166457,36.06666666666667,1.3148721948877347,0.03645671520021445,0.18236652236652237,0.33516962340491757,0.23333333333333334,9.726973299388684,4.532301295917581,21,99024.0,30,uniform,classical_mds
30,40.632183908045974,2.384407888275847,0.0586827401074961,13.0,0.023331548749176076,0.001541325345689959,36.2,1.4468356276140468,0.03996783501696262,0.2497802197802198,0.3819849497481077,0.26666666666666666,9.751185759539675,3.880658921705625,22,153288.0,30,uniform,classical_mds
30,40.310344827586206,2.373756636799381,0.0588870337614902,14.0,-0.10696375741849244,0.016878738499570556,35.9,1.6802777548171417,0.04680439428460005,0.14035113035113034,0.32402597402597405,0.23333333333333334,10.062280912165146,3.6188158862829893,37,103119.0,30,uniform,classical_mds
30,40.61149425287356,2.4808890363912917,0.06108834658837382,16.0,-0.029864967554558048,0.0009519964987294571,35.833333333333336,1.593389120362282,0.044466673126389265,0.2177248677248677,0.3211754911754911,0.26666666666666666,9.829957323306111,4.658724735007727,42,115987.0,30,uniform,classical_mds
30,40.51494252873563,2.415778056317821,0.05962684149445371,15.0,-0.4572919029122422,0.5532595791104837,35.5,1.9790570145063195,0.05574808491567097,0.1364959114959115,0.3022823472823473,0.26666666666666666,10.038845890531672,3.6701115502915314,43,223728.0,30,uniform,classical_mds
30,40.80919540229885,2.5682245839377207,0.06293249740946984,15.0,-0.018533922145261134,-0.1657726792593306,36.06666666666667,1.5477582354991866,0.04291381429295341,0.21997354497354496,0.32523057552469303,0.23333333333333334,9.221522233604157,5.365917067213071,48,125083.0,30,uniform,classical_mds
30,40.326436781609196,2.5907199447663833,0.06424371086383404,14.0,-0.11453443373197561,-0.1116193267276051,35.166666666666664,1.3682917167849196,0.03890876919767544,0.20599104599104595,0.30409331409331414,0.26666666666666666,9.983925076349722,4.031058330415099,52,179576.0,30,uniform,classical_mds
30,40.99080459770115,2.579300100375091,0.0629238709922699,14.0,-0.09175316379644326,-0.22688289284436136,36.56666666666667,1.7065234314893605,0.04666882674993693,0.3133453583453583,0.35056702556702557,0.3,9.76532738633757,4.196732779519316,53,481497.0,30,uniform,classical_mds
30,40.708045977011494,2.5819541023015615,0.06342613702852831,15.0,-0.1888462870000088,-0.06218009071356434,35.56666666666667,1.4533486237727762,0.040862660462214886,0.23219576719576718,0.4077613610222306,0.23333333333333334,10.220010230718392,4.838976096133964,79,222691.0,30,uniform,classical_mds
30,40.37931034482759,2.641148214733856,0.06540845279870351,15.0,-0.11680810428388563,-0.14962687401438046,35.56666666666667,1.4761059883656353,0.04150251138797475,0.26052669552669555,0.3920610870610871,0.26666666666666666,9.586837430054498,4.751649112357793,84,417708.0,30,uniform,classical_mds
30,40.62528735632184,2.428717952838048,0.05978340366028467,15.0,-0.04518722413536815,0.019259667504563094,36.1,1.5989579940281942,0.04429246520853723,0.2512698412698413,0.3618353478879794,0.23333333333333334,9.92638631344741,3.6467594907681637,89,487288.0,30,uniform,classical_mds
30,39.802298850574715,2.2174841813632806,0.055712464993244025,13.0,-0.12142826144038794,-0.011933478619995164,35.233333333333334,1.3085190950927013,0.03713866873489218,0.24435786435786433,0.3531728347904819,0.2,9.348439610687267,4.455713790526686,96,216402.0,30,uniform,classical_mds
30,40.8183908045977,2.3325053737421775,0.05714349164101415,13.0,-0.1048802915580034,0.052121119716406206,36.166666666666664,1.485111293996364,0.04106298508745707,0.23904761904761906,0.25683501683501686,0.3333333333333333,9.840251253570568,4.643523096091526,99,206364.0,30,uniform,classical_mds
30,28.363218390804597,1.6571763093049419,0.058426948820525994,10.0,-0.18644448988899492,0.2811078196217558,24.866666666666667,1.0561986345169907,0.04247447591891383,0.20089947089947086,0.2948055648055648,0.3333333333333333,6.989176224642753,2.7612965618851737,0,128668.0,30,uniform,classical_mds
30,28.131034482758622,1.6466832107336518,0.05853617689541052,10.0,0.10282521594063855,0.11761096927159453,25.2,1.0132456102380443,0.04020815913643033,0.2132275132275132,0.31744200244200255,0.3,6.43609608236688,3.3657985945782047,25,125970.0,30,uniform,classical_mds
30,27.96551724137931,1.7343604993359245,0.06201782303420692,11.0,-0.13294347685574753,-0.01892472063979289,24.7,1.0692676621563628,0.04329018875126975,0.15642857142857142,0.3181529581529582,0.3,7.207701456992128,2.3713618053392156,27,156653.0,30,uniform,classical_mds
30,28.28965517241379,1.6085285974797052,0.05685925076415341,9.0,-0.2027851276833105,0.11814161671102763,25.133333333333333,1.0561986345169907,0.04202381834948239,0.24896825396825398,0.3462239612239612,0.26666666666666666,6.839252281447583,3.0268762631777406,45,150133.0,30,uniform,classical_mds
30,28.422988505747128,1.7591600104585763,0.06189215501047239,10.0,-0.19778905635181396,0.06066593517010599,24.966666666666665,1.1100550536897809,0.044461484126426476,0.2806204906204906,0.4026232101232102,0.3,6.992635922594469,2.9007439324092417,48,636830.0,30,uniform,classical_mds
30,28.420689655172414,1.7274083924367165,0.06077996042303419,10.0,-0.18033833692362614,0.08333799996547375,24.966666666666665,0.9826268648655784,0.03935755132972944,0.28055555555555556,0.34473563473563473,0.26666666666666666,6.708585868114527,2.997341860718567,53,100573.0,30,uniform,classical_mds
30,28.255172413793105,1.6235875290622175,0.057461604030759464,8.0,-0.08114390574637463,-0.32097424788241913,25.233333333333334,0.8034647195462634,0.0318414023598255,0.2375925925925926,0.32762753586283005,0.23333333333333334,6.774422438099182,3.1345484867999556,59,228232.0,30,uniform,classical_mds
30,28.103448275862068,1.6374530458030456,0.05826520040280776,10.0,-0.24962023385123006,0.15211661780239405,24.733333333333334,1.0306416555826872,0.0416701477998391,0.43050745550745545,0.37307111189464137,0.3,7.0104189842281786,2.7758361549527586,74,126574.0,30,uniform,classical_mds
30,28.022988505747126,1.7809787538617532,0.06355420491631358,10.0,-0.17503619678099627,-0.09805445708730787,24.6,1.1430952132988164,0.046467285093447816,0.27748917748917745,0.3612300771124301,0.3,6.927613605957452,2.873311324817481,76,237895.0,30,uniform,classical_mds
30,28.402298850574713,1.6078812367858124,0.056610954107796714,9.0,-0.07272422650560773,-0.046357291949296275,25.166666666666668,0.8595864638818419,0.03415575353172882,0.1785569985569985,0.33326160767337243,0.23333333333333334,6.560096928493165,3.513741845046459,86,1147699.0,30,uniform,classical_mds
30,28.381609195402298,1.751618544498969,0.06171667478187684,10.0,-0.036232547241496244,-0.3159954502839999,25.066666666666666,0.891939210683977,0.03558268127728632,0.18686868686868685,0.282024642024642,0.3,6.763300827001441,3.577406824159326,89,130332.0,30,uniform,classical_mds
30,15.655172413793103,0.8766129463051557,0.055995100094382196,5.0,-0.06996763809803239,-0.24641464971626226,14.033333333333333,0.4068851871911235,0.028994193861600247,0.2593615643615644,0.30048666475137065,0.2,3.7580058132643446,1.559180863596727,17,228020.0,30,uniform,classical_mds
30,15.719540229885057,1.0191092662994574,0.06483072986842117,6.0,0.03437502948872514,0.149378933340091,13.733333333333333,0.5734883511361751,0.04175886051962441,0.3071164021164021,0.31711640211640213,0.2,4.053309446503277,1.8633826694331244,36,195363.0,30,uniform,classical_mds
30,15.597701149425287,0.9691775173380888,0.06213592041887526,5.0,-0.14122896429427353,-0.051359416878680175,13.833333333333334,0.6368324391514265,0.04603607993865733,0.13642857142857143,0.26982961482961476,0.2,3.5965821419710378,1.9405339435992013,53,529762.0,30,uniform,classical_mds
30,15.744827586206897,0.89014510255734,0.056535716106357554,6.0,0.11185751366908753,0.5338658245101464,14.0,0.5773502691896257,0.041239304942116126,0.16681096681096685,0.3327457727457727,0.2,3.5852189437571877,2.037130282268219,73,101562.0,30,uniform,classical_mds
30,15.726436781609195,0.9713670625162075,0.06176650667951327,5.0,-0.04860646984715334,-0.10493222291424287,13.966666666666667,0.6046119049072352,0.04328963519622209,0.16166666666666665,0.27379509379509387,0.3,3.723019077166056,1.947228946740368,92,165467.0,30,uniform,classical_mds
30,15.820689655172414,0.9517241379310345,0.06015693112467306,5.0,-0.1813588153579167,0.10887605933163869,13.766666666666667,0.5587684871413403,0.0405885099618407,0.19953823953823951,0.29094257594257594,0.3,4.000770896422009,1.556631060920279,94,155054.0,30,uniform,classical_mds
30,36.197701149425285,2.1080021053608022,0.05823580057360276,13.0,-0.3296086936694318,0.456921632902314,31.633333333333333,1.6829207415152447,0.05320086643356938,0.20089947089947086,0.3142550042550043,0.26666666666666666,8.896045015714892,3.6701918171070775,2,100321.0,30,uniform,classical_mds
30,36.673563218390804,2.1332862658303613,0.05816959353326692,14.0,-0.21892346401099172,0.1250288239858035,32.46666666666667,1.384035966135113,0.042629444542149265,0.2144047619047619,0.26890670331846805,0.26666666666666666,8.813527340161707,3.9528259624053694,38,172298.0,30,uniform,classical_mds
30,36.698850574712644,2.3652413185367496,0.06445001087218029,13.0,-0.03298174834585592,-0.044664036851387756,32.3,1.3940349110884322,0.04315897557549326,0.23529341029341028,0.3435359357418181,0.26666666666666666,8.638264896952034,4.589318031598331,60,256639.0,30,uniform,classical_mds
30,36.51264367816092,2.18178481179716,0.059754227358292805,12.0,-0.049963322390860945,-0.11115479509363713,32.3,1.1298967504452193,0.03498132354319565,0.26544973544973544,0.34150386650386644,0.2,8.745885964502584,4.1854550863760425,80,101881.0,30,uniform,classical_mds
30,36.788505747126436,2.096818898080204,0.05699657693338053,13.0,-0.16783075239653453,0.04218896550465345,32.733333333333334,1.3888444437333103,0.042429056325864876,0.19263588263588266,0.32989962651727356,0.23333333333333334,8.80553640353501,3.5079665247277285,85,105492.0,30,uniform,classical_mds
30,36.29425287356322,2.139038151113025,0.05893600175666113,12.0,0.015120598857435701,-0.10384258120056877,32.1,1.1357816691600546,0.03538260651588955,0.2368253968253968,0.28253191253191257,0.23333333333333334,8.059442008726645,4.8600300162230745,86,103386.0,30,uniform,classical_mds
30,36.92183908045977,2.136353391455955,0.05786151082020674,14.0,0.011332901975068926,0.10270676151202895,32.7,1.1,0.03363914373088685,0.1573160173160173,0.28271043771043775,0.26666666666666666,8.93857244597265,4.135541788810536,89,109903.0,30,uniform,classical_mds
30,36.95402298850575,2.194601767750076,0.05938735732325244,12.0,0.02343715600106852,-0.09720090378992063,32.96666666666667,1.168569876197207,0.03544701343368676,0.19707551707551707,0.29022079772079773,0.23333333333333334,9.077578028923329,3.946478361816819,98,277224.0,30,uniform,classical_mds
30,35.97011494252874,2.1294926783738855,0.05920172014396626,11.0,-0.05995910641174517,-0.15513555797671952,31.8,0.7916228058025278,0.02489379892460779,0.12301587301587301,0.3022366522366523,0.3,8.816815075075198,3.752134062599818,3,164954.0,30,uniform,classical_mds
30,36.37241379310345,2.048643490364868,0.056324100512496374,11.0,-0.10773801174297407,-0.09305693866199949,32.3,1.0376254944182255,0.03212462831016178,0.16606060606060602,0.26613682613682615,0.23333333333333334,8.388244477691732,4.204159028449475,10,218655.0,30,uniform,classical_mds
30,36.44827586206897,2.16215420829594,0.05932116560130772,12.0,-0.060231146218639786,-0.054749947399296506,32.266666666666666,1.0306416555826872,0.031941373623430386,0.1928715728715728,0.28768638768638766,0.23333333333333334,8.842718958718848,3.6564339237494003,12,205401.0,30,uniform,classical_mds
30,36.39080459770115,2.1938069668489413,0.060284651331603885,12.0,-0.014576319111875737,-0.08709152779145857,32.266666666666666,1.1813363431112898,0.036611663526176334,0.1332804232804233,0.31637547637547647,0.23333333333333334,8.651799644990271,4.115204672209496,15,127592.0,30,uniform,classical_mds
30,36.57931034482758,2.148516619043655,0.058735842715182875,12.0,-0.2698912738551675,0.048261263084928174,32.13333333333333,1.3597385369580761,0.042315514635624774,0.149047619047619,0.2701134148502569,0.23333333333333334,9.077739916586586,3.749407259142839,54,128512.0,30,uniform,classical_mds
30,36.55402298850575,2.319076540235688,0.06344244355716774,13.0,-0.09044988791575151,-0.15901859948154717,32.13333333333333,1.5216949614017772,0.04735565232578145,0.17182539682539677,0.2985714285714286,0.3,8.998864276786845,4.137400067146114,63,112012.0,30,uniform,classical_mds
30,36.682758620689654,2.187856080525488,0.05964262674867377,12.0,0.0909742325826392,0.05826053033071332,32.666666666666664,1.1055415967851334,0.03384311010566735,0.25767806267806265,0.36709956709956715,0.23333333333333334,8.609493719916205,4.5633943055595125,70,267602.0,30,uniform,classical_mds
30,36.342528735632186,2.285367355661599,0.06288410397323016,14.0,-0.033960838414864795,0.010694980661040798,31.866666666666667,1.0873004286866728,0.03412030633953994,0.1805387205387205,0.31016437266437263,0.2,8.750230658440067,4.390127238877977,85,134210.0,30,uniform,classical_mds
30,35.97011494252874,2.0401777555263503,0.056718688800023155,12.0,-0.09831115994667623,0.12084846269216643,32.166666666666664,1.2931443160847216,0.0402013777021157,0.2551587301587302,0.3037802937802938,0.3,8.896968932689983,4.0695835897111605,91,126812.0,30,uniform,classical_mds
30,36.72183908045977,2.371934817549294,0.06459193975422203,14.0,0.05804499779346298,-0.10258775968714273,32.333333333333336,1.07496769977314,0.033246423704323916,0.2921123321123321,0.43434534963946725,0.3,9.052159502494959,4.151001338568091,94,180247.0,30,uniform,classical_mds
30,32.29425287356322,2.055738048624072,0.06365646719472319,12.0,0.11353521057378207,0.2044416496040764,28.6,1.3063945294843615,0.0456781304015511,0.24328664799253033,0.3692061642061643,0.16666666666666666,7.618344619746773,3.806050664671496,3,122397.0,30,uniform,classical_mds
30,31.611494252873563,1.9834618110047135,0.06274495584226968,12.0,0.10949467645312824,0.07818395878687179,27.966666666666665,1.2242911781471304,0.04377680017212624,0.21394179894179896,0.3391895141895142,0.23333333333333334,7.814359881753243,3.395831318986205,7,125022.0,30,uniform,classical_mds
30,31.850574712643677,2.038304093542314,0.06399583404481463,12.0,0.09255724012904128,0.19181469673548301,27.966666666666665,1.1685698761972068,0.04178438174721836,0.3151037851037851,0.36524354186118896,0.2,7.857867746617884,3.156382278045114,11,316161.0,30,uniform,classical_mds
30,32.305747126436785,2.2795117606824147,0.07056056471193697,13.0,-0.0075643000809271265,-0.15019602124103537,28.033333333333335,1.251221625274897,0.04463335167449098,0.24258852258852256,0.36950207200207197,0.26666666666666666,7.8616419046721315,4.054236836025638,34,231045.0,30,uniform,classical_mds
30,32.60459770114942,1.8519891788602343,0.05680147308779539,11.0,-0.09011955809732392,0.0054191017050913,28.8,1.0132456102380443,0.035182139244376534,0.17129629629629628,0.24323713323713322,0.26666666666666666,8.034948409039567,3.6281432541917646,52,578057.0,30,uniform,classical_mds
30,32.51264367816092,1.8536577445564988,0.05701344261345379,12.0,0.009332691669666687,0.1391447252799889,28.933333333333334,1.1234866364235145,0.038830183286527,0.1082010582010582,0.3251167351167352,0.23333333333333334,7.861052722931613,3.206021133438673,59,395839.0,30,uniform,classical_mds
30,32.44827586206897,1.9426171509498433,0.05986811623543619,12.0,-0.020788005133377196,-0.05125492035753165,28.7,1.2151817422372124,0.042340827255652004,0.1896031746031746,0.29028379028379026,0.23333333333333334,7.699722091581502,3.532344516840337,69,150698.0,30,uniform,classical_mds
20,7.0473684210526315,0.4387403272919458,0.06225590902574287,2.0,0.23949112518922347,2.227205663819579,6.15,0.3570714214271425,0.05806039372799064,0.49190476190476184,0.6404821159232924,0.45,1.9606842819776849,0.9786441748571771,26,99235.0,20,uniform,classical_mds
20,7.052631578947368,0.40700241956170957,0.0577092982960633,2.0,0.39678342186408533,3.0069882749463246,6.25,0.4330127018922193,0.06928203230275509,0.47396520146520144,0.6654728686346334,0.25,1.8312392394224848,1.124851668249143,46,2755286.0,20,uniform,classical_mds
30,15.88735632183908,0.9141046241209727,0.05753660996854625,5.0,0.09835120559314829,0.13740862053629943,14.233333333333333,0.4229525846816507,0.029715638268031665,0.21055555555555555,0.22140692640692636,0.2,3.9613057180397915,1.513662838100636,24,248211.0,30,uniform,classical_mds
30,15.645977011494253,0.9866703088276769,0.0630622368998001,5.0,-0.00706908379095241,0.273836949523528,13.666666666666666,0.6992058987801009,0.05116140722781226,0.2088455988455988,0.2540973840973841,0.2,3.803641845242014,1.9312493331741312,38,103761.0,30,uniform,classical_mds
30,15.67816091954023,0.9333446576517007,0.0595315140877551,5.0,0.06940043445848816,-0.0678783180852438,13.933333333333334,0.5734883511361751,0.04115945103848147,0.1373809523809524,0.24704277204277206,0.23333333333333334,3.8586366237753515,1.5915218584851187,80,245953.0,30,uniform,classical_mds
30,28.324137931034482,1.632497946152895,0.057636280056530265,9.0,-0.034652611363648333,-0.36775363762236823,25.233333333333334,0.7608474807008885,0.030152476117604562,0.18920634920634918,0.31123857623857626,0.2,6.948321943109502,3.0013577756799728,13,191695.0,30,uniform,classical_mds
30,28.19080459770115,1.682337740218286,0.05967682598018058,10.0,0.008382943122856808,-0.06225807237294445,25.0,0.9660917830792959,0.038643671323171834,0.2581216931216931,0.29539386539386536,0.26666666666666666,6.886993837471527,2.743096080316914,19,984902.0,30,uniform,classical_mds
30,28.448275862068964,1.774393991999141,0.06237263729451526,10.0,-0.20884730572061255,0.06930555384427661,25.133333333333333,1.2310790208412927,0.04898192390615223,0.3337044817927171,0.3718446368446368,0.3,7.133496791891543,2.4328403160041843,26,110761.0,30,uniform,classical_mds
30,28.27126436781609,1.6924380866773516,0.059864251724235484,10.0,-0.05379593691760319,-0.18936242338507014,25.1,0.9073771725877467,0.03615048496365525,0.213992673992674,0.29670033670033663,0.3,6.5826641605360345,3.4439936221562832,27,128367.0,30,uniform,classical_mds
30,28.48735632183908,1.6613804395708918,0.05831992343555019,10.0,-0.138225151247908,0.09412301296003411,25.133333333333333,1.1756794725698934,0.04677769784760849,0.1174867724867725,0.265988640988641,0.3333333333333333,7.052304942970271,2.9025097672816136,31,105120.0,30,uniform,classical_mds
30,28.71034482758621,1.733711352419349,0.060386295003796685,11.0,0.06696215574261563,0.15186124435591086,25.466666666666665,1.2036980056845192,0.047265628495465416,0.2442098642098642,0.3048122302534067,0.3333333333333333,6.696772019102481,3.246468374307404,38,429886.0,30,uniform,classical_mds
30,28.02758620689655,1.631351576670799,0.058205211273933535,12.0,-0.21423794433294577,0.6316609510870084,24.8,1.3266499161421599,0.053493948231538704,0.22683261183261186,0.28374181374181373,0.23333333333333334,6.896773104712569,2.969588016304639,40,132123.0,30,uniform,classical_mds
30,27.95632183908046,1.8421440001013116,0.06589364690766142,13.0,-0.019823264638698514,0.3798268583949582,24.666666666666668,1.4220486005134358,0.05765061893973388,0.23755411255411255,0.34426850926850927,0.2,7.00122451718118,2.991895701449611,53,1061169.0,30,uniform,classical_mds
30,28.519540229885056,1.658543820555669,0.058154647907602455,10.0,-0.20499188754747583,0.14075545694953107,25.166666666666668,0.968962790249909,0.038501832725161944,0.16757631257631253,0.3358231474407945,0.26666666666666666,6.722953658731046,3.3343770039985805,69,221395.0,30,uniform,classical_mds
30,28.80919540229885,1.8390172402927067,0.06383438393930158,11.0,-0.12053609215549549,0.46329686852752383,25.266666666666666,1.436043948569201,0.0568355124763536,0.26488455988455983,0.32026048026048026,0.23333333333333334,6.622110130160714,3.588651202139529,77,165506.0,30,uniform,classical_mds
30,28.427586206896553,1.700891561692672,0.05983242999646712,9.0,-0.21936341527090653,0.1066750711698723,25.366666666666667,1.196754871401083,0.047178247230003266,0.18497354497354498,0.3082802382802382,0.23333333333333334,6.821097349791694,3.013710379910146,78,103751.0,30,uniform,classical_mds
30,28.264367816091955,1.6696050198123469,0.05907101940775688,11.0,-0.14759282385806502,0.623671789994722,24.9,1.3253930234714029,0.05322863548077923,0.12940836940836944,0.24888463388463392,0.26666666666666666,6.822445074628021,2.8164362123161726,82,106942.0,30,uniform,classical_mds
30,28.20919540229885,1.6455884727318846,0.05833517933651453,11.0,-0.15804723231596038,0.2406818118940386,24.833333333333332,1.097977939466707,0.04421387675704861,0.20565934065934058,0.33605820105820106,0.26666666666666666,6.796636960907104,3.197478665483621,85,360206.0,30,uniform,classical_mds
30,28.28735632183908,1.7662743826693026,0.062440419054136255,11.0,-0.2315586600199589,0.1782129188434607,24.933333333333334,1.2892719737209146,0.05170876899950192,0.3254737854737854,0.37003310415075125,0.4,6.737248168836969,2.9962132504223993,95,191037.0,30,uniform,classical_mds
30,27.924137931034483,1.765894356275809,0.06323899275376446,10.0,-0.025259280078389228,-0.16723312659003842,24.666666666666668,1.1642832797715317,0.047200673504251285,0.19034391534391534,0.3100406782759724,0.26666666666666666,6.801073510414635,2.9426160977757427,97,100928.0,30,uniform,classical_mds
30,28.213793103448275,1.7882870770202124,0.06338343343141795,10.0,0.1192086872088238,0.10341278919412433,24.866666666666667,1.1469767022723505,0.046125068455992645,0.13949735449735448,0.2872157472157472,0.23333333333333334,6.771693619677544,3.374020888205016,98,187175.0,30,uniform,classical_mds
30,32.250574712643676,1.9894476541381911,0.061687200053468755,11.0,0.06230035651774686,-0.09325701055529922,28.566666666666666,0.9893881386437221,0.03463435724540451,0.1607936507936508,0.2893915343915344,0.23333333333333334,7.356494247157084,4.490195423663439,1,157097.0,30,uniform,classical_mds
30,32.42528735632184,1.9665722785145088,0.060649340032173794,11.0,-0.050179617678877055,-0.32963151337522234,28.733333333333334,0.9637888196533975,0.033542534326684366,0.17785714285714285,0.30609076109076117,0.3333333333333333,8.215336498895942,3.2243470554001274,16,121225.0,30,uniform,classical_mds
30,32.44597701149425,1.852913493195144,0.057107649818611855,10.0,0.09360205962215626,-0.19188222534277077,29.233333333333334,0.8439325934114776,0.028868845840757502,0.1592736892736892,0.2981202131202131,0.26666666666666666,7.448990747707617,3.6618673106362616,17,182960.0,30,uniform,classical_mds
30,32.14712643678161,1.979541284403389,0.06157754996535141,13.0,-0.021412164991506343,0.06260700220946136,28.433333333333334,1.2023125864580952,0.04228531957062469,0.15645502645502643,0.2843290043290044,0.3333333333333333,7.999881175815485,3.373044604246448,22,126696.0,30,uniform,classical_mds
30,32.54712643678161,1.8431506683699492,0.05663021194666817,11.0,0.14090507588895188,0.28776756409740534,28.9,0.9780933834080808,0.033844061709622175,0.12603174603174605,0.2267989417989418,0.3333333333333333,7.968114076340666,3.4343097234908035,26,227482.0,30,uniform,classical_mds
30,32.14712643678161,1.772448081723283,0.05513550597465876,10.0,0.11948884406527463,-0.1355306921064372,28.866666666666667,0.7630348761506397,0.026433078850484053,0.24793650793650798,0.3133633033633034,0.26666666666666666,7.776656801272413,3.453927648328504,32,118965.0,30,uniform,classical_mds
30,32.714942528735634,1.7463609938483464,0.05338114203668264,10.0,0.026334878607357136,0.22570512305313528,29.133333333333333,0.9910712498212336,0.034018463952673925,0.20944444444444443,0.25383838383838386,0.23333333333333334,7.7216622035661695,3.597416498601476,38,236190.0,30,uniform,classical_mds
30,32.701149425287355,1.8773602311336517,0.05740960988000974,11.0,-0.19025729276427492,0.02156192100310017,28.766666666666666,1.0225241100118647,0.03554544994247502,0.15455026455026452,0.2933621933621933,0.26666666666666666,7.922786101118866,3.356084740761456,45,318515.0,30,uniform,classical_mds
30,32.740229885057474,1.8554957059958268,0.056673264436749374,11.0,-0.05009300866303025,-0.2853742035818603,29.333333333333332,1.2202003478482082,0.041597739131188916,0.27510175010175014,0.31665445665445674,0.3,7.807813721914332,3.6259570936110026,49,269451.0,30,uniform,classical_mds
30,32.56091954022988,1.9960510624983867,0.06130204830463134,12.0,0.008377322268978358,-0.023441722222522277,28.8,0.9451631252505216,0.03281816407119867,0.22404761904761902,0.29494949494949496,0.3333333333333333,7.543071126416196,4.0937322089366575,67,128492.0,30,uniform,classical_mds
30,32.52183908045977,1.9229661766743684,0.05912845740109919,12.0,-0.019863058562629363,-0.1036850473221822,29.1,1.1647603473104098,0.0400261287735536,0.21185185185185187,0.27201872201872207,0.26666666666666666,7.530981444321887,4.015385167016202,80,182184.0,30,uniform,classical_mds
30,32.55632183908046,1.894559734100453,0.05819329786285108,11.0,-0.10714715535684959,-0.09929555664968737,28.866666666666667,1.334998959633386,0.046247077123558404,0.19507936507936507,0.26395622895622894,0.23333333333333334,7.45409499700534,3.6863426584522587,98,160029.0,30,uniform,classical_mds
30,24.19770114942529,1.3069203083193441,0.05401010204435822,8.0,-0.004185060725658339,0.16971977878866573,21.633333333333333,0.752034278178565,0.03476275553984122,0.14753968253968255,0.24295278795278802,0.26666666666666666,5.6737881468893425,2.685645361569352,6,126510.0,30,uniform,classical_mds
30,24.04597701149425,1.4801991631837654,0.06155703976911453,9.0,-0.22519192060169851,0.03539991788086905,21.1,0.9780933834080808,0.04635513665441141,0.19571095571095568,0.33635642135642135,0.3333333333333333,5.880798449230273,2.3168986366426947,14,249559.0,30,uniform,classical_mds
30,23.80229885057471,1.4660900390638893,0.06159447237712883,10.0,-0.1601998112111155,0.6784692483469312,20.933333333333334,1.18133634311129,0.05643326479831003,0.3003835978835978,0.3822873325504906,0.2,5.563092216771266,2.817582707539249,42,201825.0,30,uniform,classical_mds
30,23.806896551724137,1.3727891821848472,0.057663508521669425,9.0,0.019719237617943454,0.292532229229725,21.233333333333334,0.8825468196582487,0.041564214426605114,0.13134920634920638,0.3115567765567765,0.3333333333333333,5.517927322436612,2.6983131724466722,58,107246.0,30,uniform,classical_mds
30,24.404597701149424,1.4969630594553849,0.06133938685598083,7.0,-0.006904214179261589,-0.3033796793923984,21.666666666666668,0.7888106377466155,0.03640664481907456,0.22139249639249634,0.26044511044511043,0.26666666666666666,6.027486204300015,2.5531963733863807,69,360369.0,30,uniform,classical_mds
30,24.381609195402298,1.5106159766403116,0.06195718931157228,8.0,-0.0474017159451821,-0.11402378138506508,21.633333333333333,0.8359957469322967,0.03864387119871942,0.2651115551115551,0.333446090946091,0.3,5.902625426435427,2.5553141273004307,71,175237.0,30,uniform,classical_mds
30,23.933333333333334,1.4567059885799714,0.06086515272618265,9.0,0.05372429672010283,-0.1530015924152024,21.3,0.6904105059069325,0.03241363877497336,0.2082900432900433,0.31124338624338627,0.3333333333333333,5.963989384908754,2.5166758346741855,95,144717.0,30,uniform,classical_mds
30,20.03448275862069,1.1208399545544956,0.05594553990031045,7.0,0.0895105933202047,0.11670949706072564,17.866666666666667,0.6182412330330468,0.03460305408767053,0.1505170755170755,0.30543884220354806,0.23333333333333334,4.640153563606707,2.532211934523855,6,178479.0,30,uniform,classical_mds
30,19.92183908045977,1.1319219021185631,0.05681814302118336,6.0,-0.17095125543597603,0.15854981345204555,17.766666666666666,0.6674994798166928,0.037570327194185335,0.3664550264550265,0.3271387599328777,0.3,4.653733590528712,2.050837765031158,12,166453.0,30,uniform,classical_mds
30,20.05977011494253,1.1670238963873305,0.05817733152973742,7.0,0.014091017850462505,0.2626236904730046,17.733333333333334,0.7717224601860152,0.043518183845076046,0.2702380952380952,0.2820370370370371,0.23333333333333334,4.786052820318461,2.137403058431978,28,125782.0,30,uniform,classical_mds
20,7.021052631578947,0.42249752085030484,0.06017580881676006,2.0,0.1316075809451737,2.7373724783510727,6.15,0.3570714214271425,0.05806039372799064,0.4568376068376068,0.6742647058823531,0.3,1.838698390732733,1.0726053710212018,82,3385308.0,20,uniform,classical_mds
30,24.128735632183908,1.5000312675650718,0.06216783549836188,8.0,-0.05276969068055719,0.17053442728863777,21.3,1.0376254944182253,0.048714811944517614,0.25757575757575757,0.29112128612128607,0.3,5.702207123322288,2.678261890228588,19,123009.0,30,uniform,classical_mds
30,24.439080459770114,1.463059015618098,0.05986555091655279,9.0,-0.02095724288201624,0.2686537043216495,21.833333333333332,1.0671873729054748,0.048878810972769846,0.14357142857142857,0.28056869056869055,0.23333333333333334,5.772155023657777,2.8531427787094135,29,117454.0,30,uniform,classical_mds
30,24.193103448275863,1.4477722167514147,0.05984235217473065,8.0,-0.1261179546836567,-0.13707299246558824,21.533333333333335,0.8844332774281066,0.041072752821738695,0.3142039442039442,0.32035353535353533,0.3333333333333333,6.001922520023413,2.5186624660601002,64,120834.0,30,uniform,classical_mds
30,24.404597701149424,1.4612156839211807,0.05987460649074168,9.0,-0.09064348750234488,0.31104543877220436,21.6,1.019803902718557,0.04721314364437764,0.2673626373626374,0.33965608465608466,0.3,5.750750499126779,2.8413339575052343,72,437319.0,30,uniform,classical_mds
30,23.8183908045977,1.437313005179447,0.06034467302896047,9.0,-0.2204508175610921,0.1460359826096287,21.066666666666666,1.0624918300339485,0.05043473876743427,0.3029676314970432,0.42267071093158054,0.26666666666666666,5.866711704272496,1.8694224416219338,86,114755.0,30,uniform,classical_mds
30,24.142528735632183,1.4248720195732563,0.05901917049270296,10.0,0.08250754467570459,0.43726737537640537,21.366666666666667,0.9122621455602672,0.042695576235269914,0.22632275132275131,0.2750939800939801,0.26666666666666666,5.647094741772846,2.9763356849444835,87,109731.0,30,uniform,classical_mds
30,23.75632183908046,1.359656916616234,0.05723347771705649,8.0,-0.1250888161252476,-0.0010360915440710272,21.233333333333334,0.9195409482755816,0.04330648108048265,0.2775457875457875,0.34139117962647375,0.3,5.720918999225607,2.4471685938945864,93,150071.0,30,uniform,classical_mds
20,6.157894736842105,0.6376897360362509,0.10355645286058775,3.0,0.21968871318200323,0.24128173236825567,5.35,0.47696960070847283,0.08915319639410707,0.38595238095238094,0.4454662004662005,0.25,1.7290827801594268,1.1023331315303215,0,104.0,20,lognormal,classical_mds
20,9.421052631578947,1.5395074220324743,0.16341140233864251,8.0,1.3204198432662042,1.4958638475983395,8.05,1.2031209415515967,0.14945601758404925,0.4320238095238095,0.5094234360410831,0.2,2.326749507356663,2.5178710772537447,0,98.0,20,lognormal,classical_mds
20,19.7,1.1329978863732781,0.05751258306463341,6.0,0.06485526366510014,-0.28754578432322386,17.85,0.5722761571129799,0.032060288913892426,0.28880952380952385,0.3791269841269841,0.4,5.479821607297576,2.430404350323947,0,88.0,20,uniform,classical_mds
20,0.0,0.0,0.0,0.0,0.0,0.0,,,,0.8807017543859651,0.8464912280701755,,0.0,0.0,0,95.0,20,uniform,classical_mds
20,11.25263157894737,1.5076536043076068,0.13398231282434298,6.0,0.5985940862077263,-0.10714201476706586,9.65,0.963068014212911,0.0997997942189545,0.3236111111111111,0.5138372738372736,0.3,2.862870477960866,2.547088184372846,10,99.0,20,lognormal,classical_mds
20,11.073684210526316,1.1809194033121453,0.10664196132571653,6.0,0.14725492486618955,0.029679735247998273,9.5,0.9219544457292888,0.09704783639255671,0.42953463203463205,0.5779105616605617,0.25,2.812454777851168,1.9958159589101185,13,97.0,20,lognormal,classical_mds
20,11.263157894736842,1.2541344368111291,0.11134838457668902,6.0,0.3649027325258609,0.23078108019441457,9.75,0.8874119674649424,0.09101661204768641,0.43112914862914853,0.5183716283716284,0.15,2.6205275327592084,2.427798534727891,21,85.0,20,lognormal,classical_mds
20,11.368421052631579,1.7535085525218612,0.15424380786071928,8.0,0.7227931435467122,-0.13394200298156855,9.55,0.8046738469715541,0.08425904156770199,0.423510101010101,0.5613000888000889,0.25,3.10981227160915,2.8783885936767875,32,98.0,20,lognormal,classical_mds
20,11.163157894736843,1.2647906114684462,0.113300431956155,7.0,0.38428348558182873,-0.3389084522564998,9.65,1.0136567466356645,0.10504214991043155,0.46987179487179487,0.5182540743570155,0.25,3.081801665316874,2.050470522835907,45,63.0,20,lognormal,classical_mds
20,11.242105263157894,1.171735460297958,0.10422740517631648,6.0,0.8503635686711731,0.5441151215106639,9.85,0.653834841531101,0.0663791717290458,0.3663919413919413,0.42162642912642917,0.2,3.0375671229273715,2.166336781952397,55,66.0,20,lognormal,classical_mds
20,11.357894736842105,1.4932535264257123,0.13147273865657336,7.0,0.5402584763733602,0.21831751365534746,9.7,1.2288205727444508,0.1266825332726238,0.38443722943722947,0.4898290598290598,0.25,3.0466834498306676,2.245927433986533,71,80.0,20,lognormal,classical_mds
20,11.33157894736842,1.4511529469171263,0.1280627310330952,8.0,0.5040697320115249,0.05629543319619046,9.55,0.9205976319760987,0.09639765779854435,0.4717676767676767,0.593961038961039,0.15,2.8387445018591406,2.449788352952527,76,103.0,20,lognormal,classical_mds
20,11.24736842105263,1.4425373920366233,0.1282555472564148,7.0,0.49649313300813336,-0.009311206681391404,9.55,0.9733961166965893,0.10192629494205123,0.5846375519904932,0.5973190371719783,0.35,2.675452784842144,2.4318760055027537,98,87.0,20,lognormal,classical_mds
20,12.363157894736842,2.397303425082306,0.1939070458772406,12.0,1.3616216063597242,1.2560453290627351,10.55,1.8296174463531985,0.1734234546306349,0.3801190476190476,0.4976483320600968,0.2,2.927934580760899,3.57076051200702,12,93.0,20,lognormal,classical_mds
20,12.66842105263158,2.789180719471683,0.22016798367246354,13.0,0.9680636952657684,0.29657333316104006,10.1,1.5132745950421556,0.149829167825956,0.4031562881562881,0.5726543880955646,0.2,3.491957045294078,3.521903662124314,19,79.0,20,lognormal,classical_mds
20,12.136842105263158,1.5768758340851963,0.12992472180233622,7.0,0.49036188708239165,-0.3892781217230752,10.55,1.0712142642814275,0.10153689708828696,0.34930735930735934,0.5195085470085469,0.25,2.9021625160105127,2.6785296706265935,20,73.0,20,lognormal,classical_mds
20,12.368421052631579,1.858423959216079,0.1502555541493851,9.0,0.4808790828906693,0.1612345984621295,10.4,1.3564659966250536,0.13042942275240899,0.5629749417249416,0.6410362023597318,0.2,3.072360246645439,2.886806972387412,87,73.0,20,lognormal,classical_mds
20,6.157894736842105,0.6376897360362509,0.10355645286058775,3.0,0.21968871318200323,0.24128173236825567,5.35,0.47696960070847283,0.08915319639410707,0.38595238095238094,0.4454662004662005,0.25,1.7290827801594268,1.1023331315303215,0,104.0,20,lognormal,classical_mds
20,5.6947368421052635,0.6660754534550054,0.11696334210392885,3.0,0.3365889763416453,-0.6082584613984552,5.0,0.4472135954999579,0.08944271909999159,0.45687590187590194,0.5774999999999999,0.3,1.5681947443779987,1.050029945271606,17,96.0,20,lognormal,classical_mds
20,5.957894736842105,0.6226562703650632,0.10450944467258129,3.0,0.16212155519874405,0.0929442576054611,5.15,0.3570714214271425,0.06933425658779466,0.3575274725274725,0.5072369297369298,0.3,1.7756825766613198,0.9685496473430035,26,89.0,20,lognormal,classical_mds
20,5.968421052631579,0.6798239954723168,0.11390349130488552,4.0,0.039568004711381284,-0.1902446092486194,5.15,0.5722761571129799,0.11112158390543297,0.47262348762348755,0.5920821498762675,0.3,1.7176313244841306,0.9705882541187196,30,96.0,20,lognormal,classical_mds
20,6.089473684210526,0.693879055775804,0.1139472952440819,4.0,-0.12310160115654988,-0.33055787954337523,5.05,0.49749371855331004,0.09851360763431882,0.39818681318681315,0.5281951381951382,0.3,1.7024580031624184,1.076276422398713,37,100.0,20,lognormal,classical_mds
20,5.7368421052631575,0.5273673705210673,0.09192642238440624,2.0,-0.17572608258876127,-0.3608552200407442,5.05,0.21794494717703367,0.04315741528258093,0.4569771241830066,0.5418466621098199,0.25,1.6605382855083934,0.8157419822583325,38,100.0,20,lognormal,classical_mds
20,6.042105263157895,0.686958046274094,0.1136951470314267,3.0,0.34077871099528023,0.22746289750371984,5.4,0.4898979485566356,0.09072184232530288,0.6985995291258449,0.6329392610313664,0.25,1.7590720650550047,1.193374614407994,39,80.0,20,lognormal,classical_mds
20,5.836842105263158,0.6238340925833182,0.10687869936053243,2.0,0.13254862188512853,-0.48844200252579384,5.05,0.21794494717703367,0.04315741528258093,0.40445665445665446,0.5342271617271617,0.35,1.748195532021145,0.8337988625299306,47,76.0,20,lognormal,classical_mds
20,6.11578947368421,0.6706345446819568,0.10965625085161085,3.0,0.17766780511015998,-0.011929850888440008,5.3,0.45825756949558405,0.08646369235765737,0.46547619047619043,0.5607347636024106,0.3,1.7481940638588,0.9973772608698844,54,96.0,20,lognormal,classical_mds
20,6.089473684210526,0.8191103883206754,0.13451250975015414,4.0,0.18142175250518125,-0.18258485589011064,5.1,0.6244997998398398,0.12245094114506665,0.4876948051948052,0.5902669552669553,0.3,1.6352539356618514,1.1731225869740187,59,83.0,20,lognormal,classical_mds
20,5.78421052631579,0.7039461387101901,0.12170133426290819,3.0,0.5190514689803845,-0.1676974070584345,5.15,0.3570714214271425,0.06933425658779466,0.5333591408591407,0.4951477688977689,0.3,1.7177569954069685,1.0801092806221686,65,63.0,20,lognormal,classical_mds
20,6.026315789473684,0.691559720953606,0.11475663491806562,3.0,0.15880947341503382,-0.33589439406880395,5.3,0.45825756949558405,0.08646369235765737,0.24209595959595961,0.44534451659451657,0.3,1.7993434555371617,0.9495126670391075,70,82.0,20,lognormal,classical_mds
20,6.063157894736842,0.6123385083052205,0.10099333036284018,2.0,-0.036014134488187806,-0.3023958468430794,5.25,0.4330127018922193,0.08247860988423225,0.4019047619047619,0.45755799755799764,0.3,1.8265703183575763,0.7791229924762055,71,73.0,20,lognormal,classical_mds
20,6.005263157894737,0.660919363033141,0.11005668621936616,2.0,-0.005750550755697223,-0.6726213216624237,5.1,0.3,0.058823529411764705,0.704069264069264,0.6065666931108107,0.3,1.8031185785263038,0.9474566705455291,80,70.0,20,lognormal,classical_mds
20,5.647368421052631,0.6214316417101398,0.1100391537044982,3.0,0.15492706736051556,-0.3701366949698621,4.9,0.43588989435406733,0.08895712129674843,0.259491341991342,0.4156773781773781,0.35,1.5927784130996856,0.9453433645169362,81,89.0,20,lognormal,classical_mds
20,5.726315789473684,0.6231009931346838,0.10881359255109369,3.0,0.40808832986206844,0.06748014656097334,5.1,0.3,0.058823529411764705,0.4120346320346321,0.5563578088578089,0.3,1.572645683593029,1.0634915670249916,83,77.0,20,lognormal,classical_mds
20,5.847368421052631,0.6592407283763181,0.11274143869622003,3.0,-0.046927500195777475,-0.21958258615608317,5.05,0.5894913061275798,0.11673095170843166,0.324520202020202,0.5870496170496171,0.35,1.6327309927171985,0.9495846799057152,86,70.0,20,lognormal,classical_mds
20,6.089473684210526,0.6628445374945973,0.10885087478303672,3.0,0.008379989685232932,-0.42220702411450217,5.3,0.45825756949558405,0.08646369235765737,0.439480241980242,0.4418778443778444,0.3,1.7853536739300444,0.9280605777050376,87,98.0,20,lognormal,classical_mds
20,5.821052631578947,0.6566092704737134,0.11279906093128893,3.0,0.09566606823066423,-0.47156132521879357,5.15,0.5722761571129799,0.11112158390543297,0.5305681818181818,0.5019832781597487,0.35,1.616380261269315,1.0595095476129104,91,88.0,20,lognormal,classical_mds
20,5.778947368421052,0.6677369064064719,0.11554645921423466,3.0,-0.03174974067710947,-0.21450107590739975,4.9,0.5385164807134504,0.1099013225945817,0.5624908424908425,0.6078433941359638,0.35,1.602092214083281,1.017135743872704,96,98.0,20,lognormal,classical_mds
20,9.421052631578947,1.5395074220324743,0.16341140233864251,8.0,1.3204198432662042,1.4958638475983395,8.05,1.2031209415515967,0.14945601758404925,0.4320238095238095,0.5094234360410831,0.2,2.326749507356663,2.5178710772537447,0,98.0,20,lognormal,classical_mds
20,9.41578947368421,0.8649692163033055,0.0918636954151079,4.0,0.16547021723985308,-0.34975046139910493,8.35,0.47696960070847283,0.05712210786927818,0.5851724664224663,0.5639269880446351,0.3,2.5459408253279845,1.596478749141444,8,82.0,20,lognormal,classical_mds
20,9.373684210526315,0.8474991726517669,0.09041260123741478,3.0,0.03599252428322134,-0.6044180129977632,8.3,0.5567764362830022,0.06708149834734965,0.535041625041625,0.6113795518207283,0.3,2.492769423954942,1.4792830144728093,11,90.0,20,lognormal,classical_mds
20,9.521052631578947,0.8124549849025944,0.0853324749206705,4.0,0.14036318951865603,0.12763400293137606,8.35,0.47696960070847283,0.05712210786927818,0.5060248085248086,0.48001984126984115,0.3,2.4292487475329367,1.6645381550134914,22,75.0,20,lognormal,classical_mds
20,9.33157894736842,0.951758832554897,0.10199333230988744,4.0,0.06741168012804995,-0.7934550920829664,8.15,0.5722761571129799,0.07021793338809569,0.38643467643467644,0.4377897102897103,0.35,2.4821191000223397,1.4023563015037843,23,104.0,20,lognormal,classical_mds
20,9.189473684210526,0.8434857106343422,0.09178825029812429,4.0,0.42653570349187053,-0.023200814306148843,8.2,0.6782329983125268,0.08271134125762523,0.5480723443223442,0.5840410406586878,0.35,2.478899455008494,1.5021690713637117,29,103.0,20,lognormal,classical_mds
20,9.210526315789474,0.6866353792547552,0.07454898403337341,3.0,-0.00576525817079118,-0.3429791195234073,8.2,0.39999999999999997,0.04878048780487805,0.2637301587301587,0.3518867243867244,0.45,2.558203292466013,1.390098387098397,36,91.0,20,lognormal,classical_mds
20,9.273684210526316,0.7939522093950768,0.08561346185304461,3.0,0.10437462737824763,-0.45844834981760263,8.2,0.39999999999999997,0.04878048780487805,0.23158008658008655,0.4532473082473082,0.35,2.6072642791695584,1.0651400455905127,38,56.0,20,lognormal,classical_mds
20,9.18421052631579,0.9529804537094948,0.10376291473054672,5.0,0.28701713768708725,0.3781448638108098,7.9,0.8888194417315589,0.1125087900926024,0.3931746031746032,0.5590373515373515,0.35,2.640182790162555,1.507141232271924,39,93.0,20,lognormal,classical_mds
20,8.952631578947368,0.7275542454383739,0.08126708208894241,4.0,0.15706758449931796,-0.3623933881519541,8.05,0.49749371855331004,0.0618004619320882,0.3321753246753247,0.4485378510378511,0.3,2.6004291530426604,1.07510520055537,43,84.0,20,lognormal,classical_mds
20,9.405263157894737,0.9397500699153031,0.099917466862847,6.0,0.4532778949825716,0.9748180580405807,8.2,0.6782329983125268,0.08271134125762523,0.25464285714285717,0.40726190476190477,0.25,2.426736066251748,1.7836817640498244,44,99.0,20,lognormal,classical_mds
20,9.447368421052632,0.8854784142827338,0.09372752017477405,4.0,0.046595657428525616,-0.4747438390998724,8.4,0.58309518948453,0.06941609398625356,0.3303571428571429,0.46649766899766903,0.35,2.6134565657564512,1.379270452550271,48,61.0,20,lognormal,classical_mds
20,9.242105263157894,0.8171296292663305,0.08841379815524078,4.0,0.05058184871812503,-0.3563279860505357,8.05,0.4974937185533099,0.061800461932088185,0.36094322344322344,0.49859057609057605,0.35,2.5756379365050837,1.5338244534283971,50,96.0,20,lognormal,classical_mds
20,9.16842105263158,0.8227378117755425,0.08973604146805572,4.0,0.3659233328183661,-0.01712074858178081,8.1,0.5385164807134504,0.066483516137463,0.4490109890109889,0.5413462925962926,0.3,2.381167189590041,1.6422074401823938,63,63.0,20,lognormal,classical_mds
20,9.005263157894737,0.660919363033141,0.07339256515271583,4.0,-0.1168827147175296,0.36146187134223284,7.9,0.43588989435406733,0.055175935994185736,0.40624847374847367,0.5553876515641222,0.35,2.4525866352562593,1.2661553350050996,68,63.0,20,lognormal,classical_mds
20,9.18421052631579,0.8960516655068599,0.09756436472567528,5.0,0.4274200990155473,0.11484399344810958,8.0,0.5477225575051661,0.06846531968814576,0.5699206349206349,0.543611111111111,0.3,2.612183013264972,1.4944140791515412,69,98.0,20,lognormal,classical_mds
20,9.215789473684211,1.0056488651061049,0.10912237828107363,5.0,0.5609810796013761,-0.1923575098498551,8.15,0.6538348415311012,0.08022513393019645,0.31515873015873014,0.481962481962482,0.3,2.4828662055788735,1.7468970120024672,70,80.0,20,lognormal,classical_mds
20,9.142105263157895,0.8245035440692938,0.09018749186710756,4.0,0.2422295503338307,-0.2727980920211963,8.25,0.698212002188447,0.08463175784102388,0.5034432234432232,0.5891276207452679,0.3,2.402375878908731,1.5581102444363282,74,96.0,20,lognormal,classical_mds
20,9.621052631578948,1.0875268646982674,0.11303616208570613,6.0,0.33177801932998924,-0.06738390013663942,8.3,0.7810249675906654,0.09409939368562233,0.5501556776556776,0.597032967032967,0.3,2.4240995688064713,1.8967630686934023,81,71.0,20,lognormal,classical_mds
20,28.66315789473684,1.4224554479438156,0.04962661313061421,8.0,0.05898860145018104,0.3357487363572451,26.0,0.7071067811865476,0.02719641466102106,0.10857142857142857,0.25055555555555553,0.35,7.7442172371760645,3.027377368701804,61,90.0,20,uniform,classical_mds
20,32.23684210526316,1.8755239341850136,0.05817951795839226,8.0,-0.13162827115572168,-0.6455190227477976,28.95,0.5894913061275798,0.020362393994044208,0.15499999999999997,0.3308225108225108,0.35,8.797177647277039,4.0874056600087325,3,41.0,20,uniform,classical_mds
20,11.542105263157895,0.6850399830618296,0.059351389321362344,3.0,0.39460053693848773,-0.27227129871523204,10.7,0.45825756949558394,0.04282781023323215,0.35369047619047617,0.3804329004329004,0.35,3.2956806410611605,1.3355674962010404,23,97.0,20,uniform,classical_mds
20,11.452631578947368,0.7436527352075815,0.0649329134602208,3.0,-0.10789756074382988,-0.3000195440101856,10.3,0.45825756949558405,0.04449102616461981,0.305,0.4447100122100123,0.45,3.2431855137985592,1.235548843540489,25,69.0,20,uniform,classical_mds
20,11.389473684210527,0.764952517853649,0.06716311385960874,4.0,-0.08516298160736026,-0.024767530421659245,10.15,0.5722761571129799,0.05638188740029358,0.3166666666666666,0.3545634920634921,0.3,3.156931344565596,1.538559855577255,44,75.0,20,uniform,classical_mds
20,11.7,0.6403124237432849,0.05472755758489615,3.0,0.12709918101658702,-0.35529364371912964,10.8,0.39999999999999997,0.037037037037037035,0.19123015873015872,0.33420634920634923,0.4,3.355699717933713,1.1617267998226664,51,86.0,20,uniform,classical_mds
20,11.294736842105262,0.7380441323350782,0.06534407509024458,4.0,-0.29762293462620926,-0.2686208988624048,10.0,0.4472135954999579,0.044721359549995794,0.37194444444444447,0.42112914862914863,0.4,3.2730919388496296,1.2032724796919791,54,96.0,20,uniform,classical_mds
20,11.452631578947368,0.5761655656170108,0.050308574203691205,3.0,0.020500837446923742,-0.5125029391049565,10.65,0.47696960070847283,0.044785878000795566,0.3368772893772894,0.4892216117216118,0.45,3.0743945957848973,1.1032109053631212,70,93.0,20,uniform,classical_mds
20,11.626315789473685,0.6588204014218441,0.05666630885928038,3.0,0.025541300985155464,-0.20013234809507896,10.6,0.4898979485566356,0.046216787599682604,0.24285714285714288,0.4014646464646465,0.45,3.2573809580309443,1.3265778387893197,73,81.0,20,uniform,classical_mds
20,11.626315789473685,0.6746087406108724,0.058024291858789386,3.0,0.10189200104612312,-0.26368140148829866,10.65,0.47696960070847283,0.044785878000795566,0.3053174603174603,0.3573376623376624,0.3,3.0480638784881045,1.8238191805849562,88,79.0,20,uniform,classical_mds
20,11.5,0.7015021476502369,0.06100018675219451,3.0,-0.1394085602678098,-0.18676642996000936,10.3,0.45825756949558405,0.04449102616461981,0.17130952380952383,0.3794047619047619,0.3,3.225133366822333,1.322361277197529,90,62.0,20,uniform,classical_mds
20,27.894736842105264,1.6605242305433563,0.05952822713268636,11.0,0.19814494881645253,0.9420018961420538,24.95,1.116915395184434,0.04476614810358453,0.29789682539682544,0.443986568986569,0.25,7.243855307796274,4.197610978982293,63,59.0,20,uniform,classical_mds
20,11.7,0.7394877316515521,0.0632040796283378,3.0,-0.00476040089722732,-0.3647754470754867,10.55,0.49749371855331004,0.04715580270647488,0.3634126984126984,0.5324569874569873,0.3,3.4034316551613566,1.1861367746344624,8,63.0,20,uniform,classical_mds
20,11.478947368421053,0.7086524999257179,0.06173497248321247,3.0,-0.10475850324296232,-0.21044634103059856,10.3,0.45825756949558405,0.04449102616461981,0.2967399267399267,0.39933372183372184,0.45,3.2923889643999744,1.113556969455743,11,52.0,20,uniform,classical_mds
20,11.56842105263158,0.7420119388874572,0.06414115941247354,4.0,0.11408830435787502,0.547020207518266,10.25,0.4330127018922193,0.04224514164802139,0.334484126984127,0.3904761904761904,0.45,3.388588764970166,1.3071507260316364,15,104.0,20,uniform,classical_mds
20,11.610526315789473,0.6773747597135229,0.05834143442682201,3.0,-0.15334957151072717,-0.08047558612374894,10.45,0.49749371855331004,0.04760705440701532,0.3046031746031746,0.47245393495393495,0.35,3.1472353785537166,1.5382519682060753,22,72.0,20,uniform,classical_mds
20,11.394736842105264,0.6859290159764703,0.0601970037115609,4.0,-0.009087708999861336,0.3979488746416955,10.25,0.6224949798994366,0.06073121755116454,0.2902380952380953,0.45152236652236655,0.35,2.9599027168991467,1.763604104041209,25,101.0,20,uniform,classical_mds
20,11.426315789473684,0.8286590977458753,0.07252198460235666,3.0,0.1260788390866225,-0.48172116789201924,10.2,0.39999999999999997,0.0392156862745098,0.16166666666666668,0.4531199356199355,0.35,3.3395812034873913,1.605496907605234,31,100.0,20,uniform,classical_mds
20,11.589473684210526,0.6726966445755982,0.05804376133940221,3.0,0.193848358602249,-0.28014471544807895,10.6,0.4898979485566356,0.046216787599682604,0.20880952380952383,0.3867857142857143,0.3,3.2966587001218253,1.3030828789517412,36,91.0,20,uniform,classical_mds
20,11.66842105263158,0.6962702375998223,0.05967133294721075,4.0,0.1830066190206665,0.14161665246716915,10.6,0.4898979485566356,0.046216787599682604,0.43944444444444447,0.5018462093462094,0.4,3.306249148396413,1.4043143200083545,38,89.0,20,uniform,classical_mds
20,11.68421052631579,0.620070588422027,0.05306910441449781,3.0,0.07157408889771122,-0.2983159604791785,10.85,0.3570714214271425,0.032909808426464744,0.2683333333333334,0.37677128427128426,0.35,3.170967283674522,1.4368062791934744,44,100.0,20,uniform,classical_mds
20,11.463157894736842,0.6853431920277064,0.059786596182398635,4.0,-0.4132433327383519,0.3306292531867454,10.3,0.6403124237432849,0.062166254732357755,0.3093528693528694,0.45294372294372287,0.3,3.1731374912991512,1.2362154400483507,51,94.0,20,uniform,classical_mds
20,11.526315789473685,0.6381239817359022,0.05536235457982713,3.0,0.3321100566012297,-0.2532185435759833,10.65,0.47696960070847283,0.044785878000795566,0.4714069264069264,0.4675335775335775,0.45,3.2156198373386884,1.4152300072224624,55,79.0,20,uniform,classical_mds
20,11.73157894736842,0.6541789804817602,0.05576222803568166,4.0,0.002882531670530063,0.5013781748869865,10.65,0.47696960070847283,0.044785878000795566,0.27480158730158727,0.3080555555555555,0.35,3.257292740581394,1.4185428871796968,61,104.0,20,uniform,classical_mds
20,11.615789473684211,0.7143367611359851,0.06149704785493301,3.0,-0.15364061737957496,-0.13486622175254936,10.4,0.4898979485566356,0.04710557197659958,0.3280555555555555,0.49498015873015877,0.45,3.3879680828280088,1.3175664012338655,66,76.0,20,uniform,classical_mds
20,11.663157894736843,0.6506761878116039,0.05578902332319708,3.0,0.010684976797815682,-0.19831589381269898,10.65,0.47696960070847283,0.044785878000795566,0.3473268398268399,0.4304606504606504,0.4,3.1998819560307177,1.3204740412798073,71,73.0,20,uniform,classical_mds
20,11.66842105263158,0.6886696798740592,0.059019954522359606,3.0,-0.039902266043524565,-0.18228014153870165,10.55,0.49749371855331004,0.04715580270647488,0.23964285714285713,0.3252380952380952,0.3,3.350385909143621,1.337876189940159,76,92.0,20,uniform,classical_mds
20,11.7,0.7104483388011147,0.060722080239411516,3.0,0.06620936280908918,-0.36832883734073985,10.65,0.47696960070847283,0.044785878000795566,0.2938888888888889,0.3500108225108225,0.4,3.3674374841533714,1.3827309547262818,83,66.0,20,uniform,classical_mds
20,11.552631578947368,0.6281706280543038,0.05437467851039532,3.0,-0.2020407811107023,-0.1509312955581863,10.5,0.5,0.047619047619047616,0.343531746031746,0.4383152958152959,0.4,3.0896615683854005,1.4144301835022757,85,104.0,20,uniform,classical_mds
20,11.6,0.6390782836488649,0.05509295548697111,3.0,0.23108984788434955,-0.3408166019198635,10.8,0.39999999999999997,0.037037037037037035,0.3709054834054834,0.46859557109557104,0.4,3.260578250623788,1.3663694955354466,99,92.0,20,uniform,classical_mds
20,24.08421052631579,1.3967116109275108,0.05799283349567899,7.0,0.16533819900025262,0.12612113355941545,21.9,0.7681145747868607,0.035073724876112364,0.19035714285714286,0.4460606060606061,0.35,6.478227574501605,2.8868659679990745,46,75.0,20,uniform,classical_mds
20,23.805263157894736,1.3174831205192672,0.055344194759818874,7.0,-0.12375951956097958,0.11411019747182793,21.4,0.7999999999999999,0.037383177570093455,0.3996969696969696,0.4567216117216118,0.25,6.421715094216507,3.2636991199605005,49,97.0,20,uniform,classical_mds
20,24.13157894736842,1.3759408767817356,0.057018269703059926,8.0,-0.43810430731564937,0.2887536630846377,21.55,0.9733961166965893,0.045169193350189756,0.13500000000000004,0.2928968253968254,0.4,6.870883098974254,2.0058467334280436,72,92.0,20,uniform,classical_mds
20,15.763157894736842,0.8954331655777669,0.056805442891410915,4.0,0.26639172800228755,0.12075588916641511,14.45,0.49749371855331004,0.03442863104175156,0.21027777777777779,0.3431060606060606,0.3,4.537695345226203,1.7345121474711895,5,88.0,20,uniform,classical_mds
20,15.868421052631579,1.0455684082827348,0.06588988310902806,5.0,0.016017246471802544,-0.25517565305340817,14.05,0.49749371855331004,0.03540880559098292,0.3274206349206349,0.36757575757575756,0.4,4.4971030201814886,1.7344391506512222,25,65.0,20,uniform,classical_mds
20,15.736842105263158,0.9370786218297291,0.05954680205606974,4.0,0.1636298522968747,-0.21307901997363832,14.35,0.47696960070847283,0.033238299700938875,0.2522619047619047,0.3875396825396825,0.25,4.449232184046797,1.769359914215659,34,66.0,20,uniform,classical_mds
20,16.05263157894737,0.9773047906050663,0.06088128203769265,5.0,0.27106620792877967,0.04716230895636375,14.5,0.5,0.034482758620689655,0.24392857142857144,0.34670634920634924,0.4,4.64556982826788,1.9201264707640633,42,99.0,20,uniform,classical_mds
20,15.715789473684211,1.0017159792311847,0.06373946284458308,5.0,-0.06959260094161016,-0.37136446053845296,14.0,0.5477225575051661,0.03912303982179758,0.2661904761904762,0.43308857808857815,0.35,4.590437288235287,1.8128528865241906,48,86.0,20,uniform,classical_mds
20,15.58421052631579,0.9628702475273639,0.061784987176696775,4.0,-0.1534362792595323,-0.5955360457844177,14.0,0.5477225575051661,0.03912303982179758,0.28928571428571426,0.3752489177489178,0.35,4.441904692583937,1.6374746692830955,64,66.0,20,uniform,classical_mds
20,15.705263157894738,0.9610705019379643,0.061194167348596916,4.0,0.012282478716230425,-0.4778825051386484,14.2,0.39999999999999997,0.028169014084507043,0.3341666666666666,0.40057387057387056,0.3,4.321437360971464,1.9706211024836962,66,61.0,20,uniform,classical_mds
20,36.42631578947368,2.0215528438002823,0.05549704382633343,11.0,-0.11830848192453235,-0.024607633420604902,32.7,1.0049875621120892,0.030733564590583764,0.17654761904761906,0.38088217338217334,0.4,9.92750545030341,4.5488560221945535,93,62.0,20,uniform,classical_mds
20,7.031578947368421,0.434138750048448,0.061741289303297246,2.0,0.170005190289391,2.40324539211966,6.15,0.3570714214271425,0.05806039372799064,0.334032634032634,0.5259072218631042,0.35,1.9885408056949174,0.9631785068030914,7,92.0,20,uniform,classical_mds
20,7.089473684210526,0.407036448441796,0.057414198369666845,2.0,0.667193351605547,2.6154032089602404,6.5,0.5,0.07692307692307693,0.36443181818181825,0.5741160310277957,0.35,2.0100144070764667,0.8093009559633836,8,57.0,20,uniform,classical_mds
20,7.015789473684211,0.39036171875344544,0.055640455036125004,2.0,0.14633103053064958,3.7385214337011354,6.3,0.45825756949558405,0.0727392967453308,0.31763014763014763,0.6219597069597069,0.3,1.8056596195593961,1.0963841133457273,14,95.0,20,uniform,classical_mds
20,7.052631578947368,0.33618356679308026,0.047667819172153174,2.0,0.9262830993724055,5.61290070941914,6.5,0.5,0.07692307692307693,0.6469444444444444,0.6818423733129616,0.3,1.78928545857808,0.9894215767246689,31,102.0,20,uniform,classical_mds
20,7.015789473684211,0.3623943154758318,0.05165410348117632,2.0,0.20417987585909997,4.82024493861266,6.25,0.4330127018922193,0.06928203230275509,0.5155477855477855,0.5582936507936509,0.3,1.7562087362670726,1.1707906854850445,40,85.0,20,uniform,classical_mds
20,7.0473684210526315,0.4387403272919458,0.06225590902574287,2.0,0.23949112518922347,2.227205663819579,6.3,0.45825756949558405,0.0727392967453308,0.3461904761904762,0.6680433537051185,0.35,1.8500469530810086,1.1896868298273386,44,73.0,20,uniform,classical_mds
20,7.010526315789473,0.43515845491777655,0.06207215197776092,2.0,0.056040868885084624,2.4258600815459084,6.2,0.39999999999999997,0.06451612903225806,0.4845598845598846,0.6585901027077499,0.3,2.0464365606818054,0.8910577254556933,49,91.0,20,uniform,classical_mds
20,7.021052631578947,0.4098509965038271,0.05837457971193939,2.0,0.15398117891433952,3.097043362483166,6.25,0.4330127018922193,0.06928203230275509,0.3424206349206349,0.6579812670989142,0.3,1.8843479280652726,1.0017085293071497,51,87.0,20,uniform,classical_mds
20,7.010526315789473,0.39722025819185697,0.0566605473396793,2.0,0.08984605165263744,3.519133288715087,6.3,0.45825756949558405,0.0727392967453308,0.4412878787878788,0.737316596801891,0.25,1.7908379322526393,1.2158807006360188,74,97.0,20,uniform,classical_mds
20,7.08421052631579,0.4510375849606011,0.06366800976412645,2.0,0.3567509173323395,1.7401546970956416,6.15,0.3570714214271425,0.05806039372799064,0.4862770562770562,0.5888827838827839,0.4,1.977978411488508,1.006828214354492,85,83.0,20,uniform,classical_mds
20,7.0473684210526315,0.3739806089155898,0.05306670328152507,2.0,0.5319686852397693,4.114992330583238,6.4,0.4898979485566356,0.07654655446197431,0.5643223443223443,0.6574137382225617,0.25,1.7236754507450356,1.1919747690742384,93,75.0,20,uniform,classical_mds
20,19.7,1.1329978863732781,0.05751258306463341,6.0,0.06485526366510014,-0.28754578432322386,17.85,0.5722761571129799,0.032060288913892426,0.28880952380952385,0.3791269841269841,0.4,5.479821607297576,2.430404350323947,0,88.0,20,uniform,classical_mds
20,20.068421052631578,1.1610125488142475,0.057852710273985586,6.0,0.17210253806834921,-0.21057050236618213,18.1,0.7681145747868607,0.042437269325240924,0.3311111111111111,0.3923015873015873,0.3,5.475560386096295,2.268879509211623,10,79.0,20,uniform,classical_mds
20,19.98421052631579,1.2585552108813363,0.06297747960691438,6.0,0.2072295060786117,-0.4241261715614173,18.1,0.5385164807134504,0.029752291752124328,0.4414285714285714,0.4237878787878787,0.35,5.554626510773868,2.6427502191510603,14,76.0,20,uniform,classical_mds
20,20.00526315789474,1.3118783978509296,0.06557666287600016,7.0,0.17487456424108835,-0.12481648202188467,18.0,0.7071067811865476,0.03928371006591931,0.3752380952380952,0.38452380952380955,0.3,5.669433103173271,2.5891918349945717,15,66.0,20,uniform,classical_mds
20,19.789473684210527,1.2130408666010892,0.06129727783356568,6.0,0.30661357852652016,-0.17395437633682942,17.9,0.5385164807134504,0.03008471959293019,0.35603174603174603,0.4553113553113553,0.3,5.716451300219093,2.250155785117169,38,103.0,20,uniform,classical_mds
20,19.6,1.104059494964403,0.05632956606961239,6.0,-0.126829242630296,-0.06443691663019901,17.7,0.7810249675906653,0.04412570438365341,0.203452380952381,0.42294982794982794,0.45,5.279861441207297,2.4711779640649545,89,68.0,20,uniform,classical_mds
20,20.25263157894737,1.3647318691934485,0.06738540934167235,8.0,-0.15412519566129598,0.2829843544788555,17.8,0.9273618495495703,0.05209898031177361,0.39595238095238094,0.40136002886002886,0.35,5.837917396993751,2.2963777861725228,92,73.0,20,uniform,classical_mds
20,15.678947368421053,0.8867913463531086,0.05655936750825466,5.0,-0.006145268496893978,0.2508004041177663,14.15,0.5722761571129799,0.0404435446722954,0.306547619047619,0.38742063492063494,0.25,4.222318829907078,1.901444038707514,5,52.0,20,uniform,classical_mds
20,15.74736842105263,1.075746213982418,0.0683127609146589,6.0,0.2650464540215529,-0.13877706645016774,14.1,0.5385164807134504,0.038192658206627685,0.314484126984127,0.4358041958041959,0.3,4.496547134469151,2.0339401928249186,9,100.0,20,uniform,classical_mds
20,16.063157894736843,0.9548824817832926,0.05944550181481834,5.0,-0.27559177108691346,-0.12360057175358641,14.35,0.47696960070847283,0.033238299700938875,0.28158730158730155,0.31835497835497834,0.25,4.438850627490755,1.8366648380955168,19,58.0,20,uniform,classical_mds
20,15.847368421052632,0.8842888436493872,0.05580035878225957,5.0,0.028664169926336292,0.29586357808598107,14.35,0.6538348415311012,0.0455634035910175,0.18809523809523812,0.32146825396825396,0.35,4.3357549644768225,2.0445054197739276,31,98.0,20,uniform,classical_mds
20,15.789473684210526,0.8064834235527559,0.05107728349167454,4.0,0.10013344106693148,0.037859361465065966,14.55,0.5894913061275798,0.040514866400520946,0.2261904761904762,0.33144660894660893,0.35,4.384908449781668,1.4822576963632683,68,77.0,20,uniform,classical_mds
20,15.742105263157894,0.8895982472730298,0.05651075459106509,4.0,-0.05626254660955661,-0.23566964467050022,14.2,0.39999999999999997,0.028169014084507043,0.22523809523809524,0.3341666666666666,0.25,4.186395831453126,2.139459691720466,81,78.0,20,uniform,classical_mds
20,15.91578947368421,0.9477192332924106,0.059545851298134264,5.0,-0.055119723217665235,-0.0031164376174785957,14.2,0.6000000000000001,0.04225352112676057,0.2139285714285714,0.3703571428571429,0.35,4.335272884439074,2.0050724879967285,86,78.0,20,uniform,classical_mds
20,15.836842105263157,0.9892636955229774,0.06246596947469781,5.0,0.13719297985822912,0.016263360874027466,14.2,0.39999999999999997,0.028169014084507043,0.27380952380952384,0.3430772005772006,0.3,4.70398841209259,1.458553062683364,97,79.0,20,uniform,classical_mds
20,16.31578947368421,0.8616160812497315,0.05280872756046742,4.0,-0.06363588463136727,-0.3197252814912992,14.9,0.5385164807134504,0.036142045685466466,0.2566666666666667,0.37194444444444447,0.35,4.549719978795844,1.746454111983289,98,85.0,20,uniform,classical_mds
20,0.0,0.0,0.0,0.0,0.0,0.0,,,,0.8807017543859651,0.8464912280701755,,0.0,0.0,0,95.0,20,uniform,classical_mds
20,0.0,0.0,0.0,0.0,0.0,0.0,,,,0.8807017543859651,0.8464912280701755,,0.0,0.0,1,95.0,20,uniform,classical_mds
20,0.0,0.0,0.0,0.0,0.0,0.0,,,,0.8807017543859651,0.8464912280701755,,0.0,0.0,2,95.0,20,uniform,classical_mds
20,0.0,0.0,0.0,0.0,0.0,0.0,,,,0.8807017543859651,0.8464912280701755,,0.0,0.0,3,95.0,20,uniform,classical_mds
20,0.0,0.0,0.0,0.0,0.0,0.0,,,,0.8807017543859651,0.8464912280701755,,0.0,0.0,4,95.0,20,uniform,classical_mds
20,0.0,0.0,0.0,0.0,0.0,0.0,,,,0.8807017543859651,0.8464912280701755,,0.0,0.0,5,95.0,20,uniform,classical_mds
20,0.0,0.0,0.0,0.0,0.0,0.0,,,,0.8807017543859651,0.8464912280701755,,0.0,0.0,6,95.0,20,uniform,classical_mds
20,0.0,0.0,0.0,0.0,0.0,0.0,,,,0.8807017543859651,0.8464912280701755,,0.0,0.0,7,95.0,20,uniform,classical_mds
20,0.0,0.0,0.0,0.0,0.0,0.0,,,,0.8807017543859651,0.8464912280701755,,0.0,0.0,8,95.0,20,uniform,classical_mds
20,0.0,0.0,0.0,0.0,0.0,0.0,,,,0.8807017543859651,0.8464912280701755,,0.0,0.0,9,95.0,20,uniform,classical_mds
20,0.0,0.0,0.0,0.0,0.0,0.0,,,,0.8807017543859651,0.8464912280701755,,0.0,0.0,10,95.0,20,uniform,classical_mds
20,0.0,0.0,0.0,0.0,0.0,0.0,,,,0.8807017543859651,0.8464912280701755,,0.0,0.0,11,95.0,20,uniform,classical_mds
20,0.0,0.0,0.0,0.0,0.0,0.0,,,,0.8807017543859651,0.8464912280701755,,0.0,0.0,12,95.0,20,uniform,classical_mds
20,0.0,0.0,0.0,0.0,0.0,0.0,,,,0.8807017543859651,0.8464912280701755,,0.0,0.0,13,95.0,20,uniform,classical_mds
20,0.0,0.0,0.0,0.0,0.0,0.0,,,,0.8807017543859651,0.8464912280701755,,0.0,0.0,14,95.0,20,uniform,classical_mds
20,0.0,0.0,0.0,0.0,0.0,0.0,,,,0.8807017543859651,0.8464912280701755,,0.0,0.0,15,95.0,20,uniform,classical_mds
20,0.0,0.0,0.0,0.0,0.0,0.0,,,,0.8807017543859651,0.8464912280701755,,0.0,0.0,16,95.0,20,uniform,classical_mds
20,0.0,0.0,0.0,0.0,0.0,0.0,,,,0.8807017543859651,0.8464912280701755,,0.0,0.0,17,95.0,20,uniform,classical_mds
20,0.0,0.0,0.0,0.0,0.0,0.0,,,,0.8807017543859651,0.8464912280701755,,0.0,0.0,18,95.0,20,uniform,classical_mds
20,0.0,0.0,0.0,0.0,0.0,0.0,,,,0.8807017543859651,0.8464912280701755,,0.0,0.0,19,95.0,20,uniform,classical_mds
20,0.0,0.0,0.0,0.0,0.0,0.0,,,,0.8807017543859651,0.8464912280701755,,0.0,0.0,20,95.0,20,uniform,classical_mds
20,0.0,0.0,0.0,0.0,0.0,0.0,,,,0.8807017543859651,0.8464912280701755,,0.0,0.0,21,95.0,20,uniform,classical_mds
20,0.0,0.0,0.0,0.0,0.0,0.0,,,,0.8807017543859651,0.8464912280701755,,0.0,0.0,22,95.0,20,uniform,classical_mds
20,0.0,0.0,0.0,0.0,0.0,0.0,,,,0.8807017543859651,0.8464912280701755,,0.0,0.0,23,95.0,20,uniform,classical_mds
20,0.0,0.0,0.0,0.0,0.0,0.0,,,,0.8807017543859651,0.8464912280701755,,0.0,0.0,24,95.0,20,uniform,classical_mds
20,0.0,0.0,0.0,0.0,0.0,0.0,,,,0.8807017543859651,0.8464912280701755,,0.0,0.0,25,95.0,20,uniform,classical_mds
20,0.0,0.0,0.0,0.0,0.0,0.0,,,,0.8807017543859651,0.8464912280701755,,0.0,0.0,26,95.0,20,uniform,classical_mds
20,0.0,0.0,0.0,0.0,0.0,0.0,,,,0.8807017543859651,0.8464912280701755,,0.0,0.0,27,95.0,20,uniform,classical_mds
20,0.0,0.0,0.0,0.0,0.0,0.0,,,,0.8807017543859651,0.8464912280701755,,0.0,0.0,28,95.0,20,uniform,classical_mds
20,0.0,0.0,0.0,0.0,0.0,0.0,,,,0.8807017543859651,0.8464912280701755,,0.0,0.0,29,95.0,20,uniform,classical_mds
20,0.0,0.0,0.0,0.0,0.0,0.0,,,,0.8807017543859651,0.8464912280701755,,0.0,0.0,30,95.0,20,uniform,classical_mds
20,0.0,0.0,0.0,0.0,0.0,0.0,,,,0.8807017543859651,0.8464912280701755,,0.0,0.0,31,95.0,20,uniform,classical_mds
20,0.0,0.0,0.0,0.0,0.0,0.0,,,,0.8807017543859651,0.8464912280701755,,0.0,0.0,32,95.0,20,uniform,classical_mds
20,0.0,0.0,0.0,0.0,0.0,0.0,,,,0.8807017543859651,0.8464912280701755,,0.0,0.0,33,95.0,20,uniform,classical_mds
20,0.0,0.0,0.0,0.0,0.0,0.0,,,,0.8807017543859651,0.8464912280701755,,0.0,0.0,34,95.0,20,uniform,classical_mds
20,0.0,0.0,0.0,0.0,0.0,0.0,,,,0.8807017543859651,0.8464912280701755,,0.0,0.0,35,95.0,20,uniform,classical_mds
20,0.0,0.0,0.0,0.0,0.0,0.0,,,,0.8807017543859651,0.8464912280701755,,0.0,0.0,36,95.0,20,uniform,classical_mds
20,0.0,0.0,0.0,0.0,0.0,0.0,,,,0.8807017543859651,0.8464912280701755,,0.0,0.0,37,95.0,20,uniform,classical_mds
20,0.0,0.0,0.0,0.0,0.0,0.0,,,,0.8807017543859651,0.8464912280701755,,0.0,0.0,38,95.0,20,uniform,classical_mds
20,0.0,0.0,0.0,0.0,0.0,0.0,,,,0.8807017543859651,0.8464912280701755,,0.0,0.0,39,95.0,20,uniform,classical_mds
20,0.0,0.0,0.0,0.0,0.0,0.0,,,,0.8807017543859651,0.8464912280701755,,0.0,0.0,40,95.0,20,uniform,classical_mds
20,0.0,0.0,0.0,0.0,0.0,0.0,,,,0.8807017543859651,0.8464912280701755,,0.0,0.0,41,95.0,20,uniform,classical_mds
20,0.0,0.0,0.0,0.0,0.0,0.0,,,,0.8807017543859651,0.8464912280701755,,0.0,0.0,42,95.0,20,uniform,classical_mds
20,0.0,0.0,0.0,0.0,0.0,0.0,,,,0.8807017543859651,0.8464912280701755,,0.0,0.0,43,95.0,20,uniform,classical_mds
20,0.0,0.0,0.0,0.0,0.0,0.0,,,,0.8807017543859651,0.8464912280701755,,0.0,0.0,44,95.0,20,uniform,classical_mds
20,0.0,0.0,0.0,0.0,0.0,0.0,,,,0.8807017543859651,0.8464912280701755,,0.0,0.0,45,95.0,20,uniform,classical_mds
20,0.0,0.0,0.0,0.0,0.0,0.0,,,,0.8807017543859651,0.8464912280701755,,0.0,0.0,46,95.0,20,uniform,classical_mds
20,0.0,0.0,0.0,0.0,0.0,0.0,,,,0.8807017543859651,0.8464912280701755,,0.0,0.0,47,95.0,20,uniform,classical_mds
20,0.0,0.0,0.0,0.0,0.0,0.0,,,,0.8807017543859651,0.8464912280701755,,0.0,0.0,48,95.0,20,uniform,classical_mds
20,0.0,0.0,0.0,0.0,0.0,0.0,,,,0.8807017543859651,0.8464912280701755,,0.0,0.0,49,95.0,20,uniform,classical_mds
20,0.0,0.0,0.0,0.0,0.0,0.0,,,,0.8807017543859651,0.8464912280701755,,0.0,0.0,50,95.0,20,uniform,classical_mds
20,0.0,0.0,0.0,0.0,0.0,0.0,,,,0.8807017543859651,0.8464912280701755,,0.0,0.0,51,95.0,20,uniform,classical_mds
20,0.0,0.0,0.0,0.0,0.0,0.0,,,,0.8807017543859651,0.8464912280701755,,0.0,0.0,52,95.0,20,uniform,classical_mds
20,0.0,0.0,0.0,0.0,0.0,0.0,,,,0.8807017543859651,0.8464912280701755,,0.0,0.0,53,95.0,20,uniform,classical_mds
20,0.0,0.0,0.0,0.0,0.0,0.0,,,,0.8807017543859651,0.8464912280701755,,0.0,0.0,54,95.0,20,uniform,classical_mds
20,0.0,0.0,0.0,0.0,0.0,0.0,,,,0.8807017543859651,0.8464912280701755,,0.0,0.0,55,95.0,20,uniform,classical_mds
20,0.0,0.0,0.0,0.0,0.0,0.0,,,,0.8807017543859651,0.8464912280701755,,0.0,0.0,56,95.0,20,uniform,classical_mds
20,0.0,0.0,0.0,0.0,0.0,0.0,,,,0.8807017543859651,0.8464912280701755,,0.0,0.0,57,95.0,20,uniform,classical_mds
20,0.0,0.0,0.0,0.0,0.0,0.0,,,,0.8807017543859651,0.8464912280701755,,0.0,0.0,58,95.0,20,uniform,classical_mds
20,0.0,0.0,0.0,0.0,0.0,0.0,,,,0.8807017543859651,0.8464912280701755,,0.0,0.0,59,95.0,20,uniform,classical_mds
20,0.0,0.0,0.0,0.0,0.0,0.0,,,,0.8807017543859651,0.8464912280701755,,0.0,0.0,60,95.0,20,uniform,classical_mds
20,0.0,0.0,0.0,0.0,0.0,0.0,,,,0.8807017543859651,0.8464912280701755,,0.0,0.0,61,95.0,20,uniform,classical_mds
20,0.0,0.0,0.0,0.0,0.0,0.0,,,,0.8807017543859651,0.8464912280701755,,0.0,0.0,62,95.0,20,uniform,classical_mds
20,0.0,0.0,0.0,0.0,0.0,0.0,,,,0.8807017543859651,0.8464912280701755,,0.0,0.0,63,95.0,20,uniform,classical_mds
20,0.0,0.0,0.0,0.0,0.0,0.0,,,,0.8807017543859651,0.8464912280701755,,0.0,0.0,64,95.0,20,uniform,classical_mds
20,0.0,0.0,0.0,0.0,0.0,0.0,,,,0.8807017543859651,0.8464912280701755,,0.0,0.0,65,95.0,20,uniform,classical_mds
20,0.0,0.0,0.0,0.0,0.0,0.0,,,,0.8807017543859651,0.8464912280701755,,0.0,0.0,66,95.0,20,uniform,classical_mds
20,0.0,0.0,0.0,0.0,0.0,0.0,,,,0.8807017543859651,0.8464912280701755,,0.0,0.0,67,95.0,20,uniform,classical_mds
20,0.0,0.0,0.0,0.0,0.0,0.0,,,,0.8807017543859651,0.8464912280701755,,0.0,0.0,68,95.0,20,uniform,classical_mds
20,0.0,0.0,0.0,0.0,0.0,0.0,,,,0.8807017543859651,0.8464912280701755,,0.0,0.0,69,95.0,20,uniform,classical_mds
20,0.0,0.0,0.0,0.0,0.0,0.0,,,,0.8807017543859651,0.8464912280701755,,0.0,0.0,70,95.0,20,uniform,classical_mds
20,0.0,0.0,0.0,0.0,0.0,0.0,,,,0.8807017543859651,0.8464912280701755,,0.0,0.0,71,95.0,20,uniform,classical_mds
20,0.0,0.0,0.0,0.0,0.0,0.0,,,,0.8807017543859651,0.8464912280701755,,0.0,0.0,72,95.0,20,uniform,classical_mds
20,0.0,0.0,0.0,0.0,0.0,0.0,,,,0.8807017543859651,0.8464912280701755,,0.0,0.0,73,95.0,20,uniform,classical_mds
20,0.0,0.0,0.0,0.0,0.0,0.0,,,,0.8807017543859651,0.8464912280701755,,0.0,0.0,74,95.0,20,uniform,classical_mds
20,0.0,0.0,0.0,0.0,0.0,0.0,,,,0.8807017543859651,0.8464912280701755,,0.0,0.0,75,95.0,20,uniform,classical_mds
20,0.0,0.0,0.0,0.0,0.0,0.0,,,,0.8807017543859651,0.8464912280701755,,0.0,0.0,76,95.0,20,uniform,classical_mds
20,0.0,0.0,0.0,0.0,0.0,0.0,,,,0.8807017543859651,0.8464912280701755,,0.0,0.0,77,95.0,20,uniform,classical_mds
20,0.0,0.0,0.0,0.0,0.0,0.0,,,,0.8807017543859651,0.8464912280701755,,0.0,0.0,78,95.0,20,uniform,classical_mds
20,0.0,0.0,0.0,0.0,0.0,0.0,,,,0.8807017543859651,0.8464912280701755,,0.0,0.0,79,95.0,20,uniform,classical_mds
20,0.0,0.0,0.0,0.0,0.0,0.0,,,,0.8807017543859651,0.8464912280701755,,0.0,0.0,80,95.0,20,uniform,classical_mds
20,0.0,0.0,0.0,0.0,0.0,0.0,,,,0.8807017543859651,0.8464912280701755,,0.0,0.0,81,95.0,20,uniform,classical_mds
20,0.0,0.0,0.0,0.0,0.0,0.0,,,,0.8807017543859651,0.8464912280701755,,0.0,0.0,82,95.0,20,uniform,classical_mds
20,0.0,0.0,0.0,0.0,0.0,0.0,,,,0.8807017543859651,0.8464912280701755,,0.0,0.0,83,95.0,20,uniform,classical_mds
20,0.0,0.0,0.0,0.0,0.0,0.0,,,,0.8807017543859651,0.8464912280701755,,0.0,0.0,84,95.0,20,uniform,classical_mds
20,0.0,0.0,0.0,0.0,0.0,0.0,,,,0.8807017543859651,0.8464912280701755,,0.0,0.0,85,95.0,20,uniform,classical_mds
20,0.0,0.0,0.0,0.0,0.0,0.0,,,,0.8807017543859651,0.8464912280701755,,0.0,0.0,86,95.0,20,uniform,classical_mds
20,0.0,0.0,0.0,0.0,0.0,0.0,,,,0.8807017543859651,0.8464912280701755,,0.0,0.0,87,95.0,20,uniform,classical_mds
20,0.0,0.0,0.0,0.0,0.0,0.0,,,,0.8807017543859651,0.8464912280701755,,0.0,0.0,88,95.0,20,uniform,classical_mds
20,0.0,0.0,0.0,0.0,0.0,0.0,,,,0.8807017543859651,0.8464912280701755,,0.0,0.0,89,95.0,20,uniform,classical_mds
20,0.0,0.0,0.0,0.0,0.0,0.0,,,,0.8807017543859651,0.8464912280701755,,0.0,0.0,90,95.0,20,uniform,classical_mds
20,0.0,0.0,0.0,0.0,0.0,0.0,,,,0.8807017543859651,0.8464912280701755,,0.0,0.0,91,95.0,20,uniform,classical_mds
20,0.0,0.0,0.0,0.0,0.0,0.0,,,,0.8807017543859651,0.8464912280701755,,0.0,0.0,92,95.0,20,uniform,classical_mds
20,0.0,0.0,0.0,0.0,0.0,0.0,,,,0.8807017543859651,0.8464912280701755,,0.0,0.0,93,95.0,20,uniform,classical_mds
20,0.0,0.0,0.0,0.0,0.0,0.0,,,,0.8807017543859651,0.8464912280701755,,0.0,0.0,94,95.0,20,uniform,classical_mds
20,0.0,0.0,0.0,0.0,0.0,0.0,,,,0.8807017543859651,0.8464912280701755,,0.0,0.0,95,95.0,20,uniform,classical_mds
20,0.0,0.0,0.0,0.0,0.0,0.0,,,,0.8807017543859651,0.8464912280701755,,0.0,0.0,96,95.0,20,uniform,classical_mds
20,0.0,0.0,0.0,0.0,0.0,0.0,,,,0.8807017543859651,0.8464912280701755,,0.0,0.0,97,95.0,20,uniform,classical_mds
20,0.0,0.0,0.0,0.0,0.0,0.0,,,,0.8807017543859651,0.8464912280701755,,0.0,0.0,98,95.0,20,uniform,classical_mds
20,0.0,0.0,0.0,0.0,0.0,0.0,,,,0.8807017543859651,0.8464912280701755,,0.0,0.0,99,95.0,20,uniform,classical_mds
20,40.921052631578945,2.3861616275976343,0.05831134524032804,13.0,-0.07032784105843241,-0.31862102817233007,36.85,1.3883443376914821,0.03767555868904972,0.2967460317460317,0.38183982683982687,0.45,11.392996810049933,5.038436979354712,23,100.0,20,uniform,classical_mds
20,7.0473684210526315,0.3126599313742978,0.04436548690150604,2.0,1.109259317260436,6.980746887268724,6.55,0.4974937185533101,0.0759532394737878,0.6954618665648077,0.7129691876750701,0.25,1.6702822152483325,1.209771046260738,12,104.0,20,uniform,classical_mds
20,7.078947368421052,0.368608974629329,0.052071156267340164,2.0,0.9387197458990649,3.8303588678211127,6.5,0.5,0.07692307692307693,0.4637862137862137,0.6000211879623645,0.25,1.8741887181503842,1.0373055420182973,25,90.0,20,uniform,classical_mds
20,7.078947368421052,0.40920841089316135,0.05780639261687781,2.0,0.5752252814003505,2.6929853737873093,6.45,0.4974937185533101,0.07713080907803258,0.5958034122740005,0.5783667313079079,0.35,2.0182475502611017,1.0197070394505383,49,89.0,20,uniform,classical_mds
20,7.042105263157895,0.36751768947570723,0.05218861061314228,2.0,0.511043755694244,4.414379913913095,6.4,0.4898979485566356,0.07654655446197431,0.5347451159951159,0.5689420301920303,0.3,1.8868216829878182,0.8699221056247437,54,102.0,20,uniform,classical_mds
20,7.0473684210526315,0.3739806089155898,0.05306670328152507,2.0,0.5319686852397689,4.114992330583238,6.5,0.5,0.07692307692307693,0.6474053724053724,0.6939108358961301,0.4,1.8675066470077497,0.9841162063219258,56,73.0,20,uniform,classical_mds
20,7.042105263157895,0.35290641293137287,0.05011376566290048,2.0,0.6079195468401865,5.017433969303646,6.45,0.4974937185533101,0.07713080907803258,0.6102777777777777,0.6971405147140441,0.3,1.816085132696001,0.9676354088425213,58,104.0,20,uniform,classical_mds
20,6.947368421052632,0.47833969547375843,0.06885192586364704,2.0,-0.1518484399345165,1.3982057650218542,6.1,0.3,0.04918032786885246,0.18222222222222223,0.43386446886446883,0.4,2.054790633819012,0.8483995016453815,87,78.0,20,uniform,classical_mds
20,6.994736842105263,0.36269994008463263,0.05185326457191888,2.0,-0.06783838275586108,4.836431153188036,6.4,0.4898979485566356,0.07654655446197431,0.460034965034965,0.6197938989115459,0.25,1.7877461035122857,1.006007415680598,97,85.0,20,uniform,classical_mds
20,19.821052631578947,1.222413035274438,0.06167245796658078,7.0,-0.3702947380975525,0.09417530772198468,17.65,1.0136567466356647,0.057430977146496594,0.30793650793650795,0.4418084693084693,0.45,5.38074191866932,2.4004201841514865,16,100.0,20,uniform,classical_mds
20,24.0,1.4142135623730951,0.05892556509887897,7.0,0.09074656428601414,-0.3665321490728255,21.55,0.739932429347437,0.034335611570646726,0.25222222222222224,0.3533658008658008,0.4,6.5350589995245825,3.1597105176660767,38,86.0,20,uniform,classical_mds
20,24.426315789473684,1.5397683028926132,0.06303727161163468,7.0,0.09689892258132522,-0.2317355803454717,21.9,0.7,0.0319634703196347,0.20861111111111108,0.37662698412698414,0.4,7.115635502979241,3.0236165542888127,78,92.0,20,uniform,classical_mds
