Defaulting to user installation because normal site-packages is not writeable
Requirement already satisfied: numpy in /home/tsijpkens/.local/lib/python3.11/site-packages (from -r requirements.txt (line 1)) (2.2.3)
Requirement already satisfied: icecream in /home/tsijpkens/.local/lib/python3.11/site-packages (from -r requirements.txt (line 2)) (2.1.4)
Requirement already satisfied: pandas in /home/tsijpkens/.local/lib/python3.11/site-packages (from -r requirements.txt (line 3)) (2.2.3)
Requirement already satisfied: scikit-learn in /home/tsijpkens/.local/lib/python3.11/site-packages (from -r requirements.txt (line 4)) (1.6.1)
Requirement already satisfied: statsmodels in /home/tsijpkens/.local/lib/python3.11/site-packages (from -r requirements.txt (line 5)) (0.14.4)
Requirement already satisfied: colorama>=0.3.9 in /home/tsijpkens/.local/lib/python3.11/site-packages (from icecream->-r requirements.txt (line 2)) (0.4.6)
Requirement already satisfied: pygments>=2.2.0 in /home/tsijpkens/.local/lib/python3.11/site-packages (from icecream->-r requirements.txt (line 2)) (2.19.1)
Requirement already satisfied: executing>=2.1.0 in /home/tsijpkens/.local/lib/python3.11/site-packages (from icecream->-r requirements.txt (line 2)) (2.2.0)
Requirement already satisfied: asttokens>=2.0.1 in /home/tsijpkens/.local/lib/python3.11/site-packages (from icecream->-r requirements.txt (line 2)) (3.0.0)
Requirement already satisfied: python-dateutil>=2.8.2 in /home/tsijpkens/.local/lib/python3.11/site-packages (from pandas->-r requirements.txt (line 3)) (2.9.0.post0)
Requirement already satisfied: pytz>=2020.1 in /home/tsijpkens/.local/lib/python3.11/site-packages (from pandas->-r requirements.txt (line 3)) (2025.1)
Requirement already satisfied: tzdata>=2022.7 in /home/tsijpkens/.local/lib/python3.11/site-packages (from pandas->-r requirements.txt (line 3)) (2025.1)
Requirement already satisfied: scipy>=1.6.0 in /home/tsijpkens/.local/lib/python3.11/site-packages (from scikit-learn->-r requirements.txt (line 4)) (1.15.2)
Requirement already satisfied: joblib>=1.2.0 in /home/tsijpkens/.local/lib/python3.11/site-packages (from scikit-learn->-r requirements.txt (line 4)) (1.4.2)
Requirement already satisfied: threadpoolctl>=3.1.0 in /home/tsijpkens/.local/lib/python3.11/site-packages (from scikit-learn->-r requirements.txt (line 4)) (3.6.0)
Requirement already satisfied: patsy>=0.5.6 in /home/tsijpkens/.local/lib/python3.11/site-packages (from statsmodels->-r requirements.txt (line 5)) (1.0.1)
Requirement already satisfied: packaging>=21.3 in /sw/arch/RHEL8/EB_production/2023/software/Python/3.11.3-GCCcore-12.3.0/lib/python3.11/site-packages (from statsmodels->-r requirements.txt (line 5)) (23.1)
Requirement already satisfied: six>=1.5 in /home/tsijpkens/.local/lib/python3.11/site-packages (from python-dateutil>=2.8.2->pandas->-r requirements.txt (line 3)) (1.17.0)

[notice] A new release of pip is available: 23.1.2 -> 25.0.1
[notice] To update, run: pip install --upgrade pip
--- Logging error ---
Traceback (most recent call last):
  File "/gpfs/home3/tsijpkens/TSPHardener/run.py", line 33, in run_experiment
    result = subprocess.run(cmd, check=True, text=True, capture_output=True)
             ^^^^^^^^^^^^^^^^^^^^^^^^^^^^^^^^^^^^^^^^^^^^^^^^^^^^^^^^^^^^^^^
  File "/sw/arch/RHEL8/EB_production/2023/software/Python/3.11.3-GCCcore-12.3.0/lib/python3.11/subprocess.py", line 571, in run
    raise CalledProcessError(retcode, process.args,
subprocess.CalledProcessError: Command '['python3', '-m', 'main', '[30]', '[1.8]', '1000', '', '--tsp_type', 'asymmetric', '--distribution', 'lognormal', '--mutation_strategy', 'wouter']' returned non-zero exit status 1.

During handling of the above exception, another exception occurred:

Traceback (most recent call last):
  File "/sw/arch/RHEL8/EB_production/2023/software/Python/3.11.3-GCCcore-12.3.0/lib/python3.11/logging/__init__.py", line 1110, in emit
    msg = self.format(record)
          ^^^^^^^^^^^^^^^^^^^
  File "/sw/arch/RHEL8/EB_production/2023/software/Python/3.11.3-GCCcore-12.3.0/lib/python3.11/logging/__init__.py", line 953, in format
    return fmt.format(record)
           ^^^^^^^^^^^^^^^^^^
  File "/sw/arch/RHEL8/EB_production/2023/software/Python/3.11.3-GCCcore-12.3.0/lib/python3.11/logging/__init__.py", line 687, in format
    record.message = record.getMessage()
                     ^^^^^^^^^^^^^^^^^^^
  File "/sw/arch/RHEL8/EB_production/2023/software/Python/3.11.3-GCCcore-12.3.0/lib/python3.11/logging/__init__.py", line 377, in getMessage
    msg = msg % self.args
          ~~~~^~~~~~~~~~~
TypeError: not all arguments converted during string formatting
Call stack:
  File "/gpfs/home3/tsijpkens/TSPHardener/run.py", line 46, in <module>
    with Pool(processes=128) as pool:
  File "/sw/arch/RHEL8/EB_production/2023/software/Python/3.11.3-GCCcore-12.3.0/lib/python3.11/multiprocessing/context.py", line 119, in Pool
    return Pool(processes, initializer, initargs, maxtasksperchild,
  File "/sw/arch/RHEL8/EB_production/2023/software/Python/3.11.3-GCCcore-12.3.0/lib/python3.11/multiprocessing/pool.py", line 215, in __init__
    self._repopulate_pool()
  File "/sw/arch/RHEL8/EB_production/2023/software/Python/3.11.3-GCCcore-12.3.0/lib/python3.11/multiprocessing/pool.py", line 306, in _repopulate_pool
    return self._repopulate_pool_static(self._ctx, self.Process,
  File "/sw/arch/RHEL8/EB_production/2023/software/Python/3.11.3-GCCcore-12.3.0/lib/python3.11/multiprocessing/pool.py", line 329, in _repopulate_pool_static
    w.start()
  File "/sw/arch/RHEL8/EB_production/2023/software/Python/3.11.3-GCCcore-12.3.0/lib/python3.11/multiprocessing/process.py", line 121, in start
    self._popen = self._Popen(self)
  File "/sw/arch/RHEL8/EB_production/2023/software/Python/3.11.3-GCCcore-12.3.0/lib/python3.11/multiprocessing/context.py", line 281, in _Popen
    return Popen(process_obj)
  File "/sw/arch/RHEL8/EB_production/2023/software/Python/3.11.3-GCCcore-12.3.0/lib/python3.11/multiprocessing/popen_fork.py", line 19, in __init__
    self._launch(process_obj)
  File "/sw/arch/RHEL8/EB_production/2023/software/Python/3.11.3-GCCcore-12.3.0/lib/python3.11/multiprocessing/popen_fork.py", line 71, in _launch
    code = process_obj._bootstrap(parent_sentinel=child_r)
  File "/sw/arch/RHEL8/EB_production/2023/software/Python/3.11.3-GCCcore-12.3.0/lib/python3.11/multiprocessing/process.py", line 314, in _bootstrap
    self.run()
  File "/sw/arch/RHEL8/EB_production/2023/software/Python/3.11.3-GCCcore-12.3.0/lib/python3.11/multiprocessing/process.py", line 108, in run
    self._target(*self._args, **self._kwargs)
  File "/sw/arch/RHEL8/EB_production/2023/software/Python/3.11.3-GCCcore-12.3.0/lib/python3.11/multiprocessing/pool.py", line 125, in worker
    result = (True, func(*args, **kwds))
  File "/sw/arch/RHEL8/EB_production/2023/software/Python/3.11.3-GCCcore-12.3.0/lib/python3.11/multiprocessing/pool.py", line 48, in mapstar
    return list(map(*args))
  File "/gpfs/home3/tsijpkens/TSPHardener/run.py", line 38, in run_experiment
    logging.error(f"Error in {cmd}:", f"{e.stderr}")
Message: "Error in ['python3', '-m', 'main', '[30]', '[1.8]', '1000', '', '--tsp_type', 'asymmetric', '--distribution', 'lognormal', '--mutation_strategy', 'wouter']:"
Arguments: ('Traceback (most recent call last):\n  File "<frozen runpy>", line 198, in _run_module_as_main\n  File "<frozen runpy>", line 88, in _run_code\n  File "/gpfs/home3/tsijpkens/TSPHardener/main.py", line 67, in <module>\n    main()\n  File "/gpfs/home3/tsijpkens/TSPHardener/main.py", line 58, in main\n    experiment(\n  File "/gpfs/home3/tsijpkens/TSPHardener/core/experiment.py", line 180, in experiment\n    run_single_experiment(config, citysize, rang, _mutations)\n  File "/gpfs/home3/tsijpkens/TSPHardener/core/experiment.py", line 111, in run_single_experiment\n    track_basin_transition(hardest_matrix, matrix, partial_results)\n  File "/gpfs/home3/tsijpkens/TSPHardener/core/experiment.py", line 16, in track_basin_transition\n    partial_results["transitions"][source_hash].append(mutated_hash)\n    ~~~~~~~~~~~~~~~~~~~~~~~~~~~~~~^^^^^^^^^^^^^\nKeyError: -3649147716334960554\n',)
--- Logging error ---
Traceback (most recent call last):
  File "/gpfs/home3/tsijpkens/TSPHardener/run.py", line 33, in run_experiment
    result = subprocess.run(cmd, check=True, text=True, capture_output=True)
             ^^^^^^^^^^^^^^^^^^^^^^^^^^^^^^^^^^^^^^^^^^^^^^^^^^^^^^^^^^^^^^^
  File "/sw/arch/RHEL8/EB_production/2023/software/Python/3.11.3-GCCcore-12.3.0/lib/python3.11/subprocess.py", line 571, in run
    raise CalledProcessError(retcode, process.args,
subprocess.CalledProcessError: Command '['python3', '-m', 'main', '[20]', '[4.8]', '1000', '', '--tsp_type', 'euclidean', '--distribution', 'lognormal', '--mutation_strategy', 'wouter']' returned non-zero exit status 1.

During handling of the above exception, another exception occurred:

Traceback (most recent call last):
  File "/sw/arch/RHEL8/EB_production/2023/software/Python/3.11.3-GCCcore-12.3.0/lib/python3.11/logging/__init__.py", line 1110, in emit
    msg = self.format(record)
          ^^^^^^^^^^^^^^^^^^^
  File "/sw/arch/RHEL8/EB_production/2023/software/Python/3.11.3-GCCcore-12.3.0/lib/python3.11/logging/__init__.py", line 953, in format
    return fmt.format(record)
           ^^^^^^^^^^^^^^^^^^
  File "/sw/arch/RHEL8/EB_production/2023/software/Python/3.11.3-GCCcore-12.3.0/lib/python3.11/logging/__init__.py", line 687, in format
    record.message = record.getMessage()
                     ^^^^^^^^^^^^^^^^^^^
  File "/sw/arch/RHEL8/EB_production/2023/software/Python/3.11.3-GCCcore-12.3.0/lib/python3.11/logging/__init__.py", line 377, in getMessage
    msg = msg % self.args
          ~~~~^~~~~~~~~~~
TypeError: not all arguments converted during string formatting
Call stack:
  File "/gpfs/home3/tsijpkens/TSPHardener/run.py", line 46, in <module>
    with Pool(processes=128) as pool:
  File "/sw/arch/RHEL8/EB_production/2023/software/Python/3.11.3-GCCcore-12.3.0/lib/python3.11/multiprocessing/context.py", line 119, in Pool
    return Pool(processes, initializer, initargs, maxtasksperchild,
  File "/sw/arch/RHEL8/EB_production/2023/software/Python/3.11.3-GCCcore-12.3.0/lib/python3.11/multiprocessing/pool.py", line 215, in __init__
    self._repopulate_pool()
  File "/sw/arch/RHEL8/EB_production/2023/software/Python/3.11.3-GCCcore-12.3.0/lib/python3.11/multiprocessing/pool.py", line 306, in _repopulate_pool
    return self._repopulate_pool_static(self._ctx, self.Process,
  File "/sw/arch/RHEL8/EB_production/2023/software/Python/3.11.3-GCCcore-12.3.0/lib/python3.11/multiprocessing/pool.py", line 329, in _repopulate_pool_static
    w.start()
  File "/sw/arch/RHEL8/EB_production/2023/software/Python/3.11.3-GCCcore-12.3.0/lib/python3.11/multiprocessing/process.py", line 121, in start
    self._popen = self._Popen(self)
  File "/sw/arch/RHEL8/EB_production/2023/software/Python/3.11.3-GCCcore-12.3.0/lib/python3.11/multiprocessing/context.py", line 281, in _Popen
    return Popen(process_obj)
  File "/sw/arch/RHEL8/EB_production/2023/software/Python/3.11.3-GCCcore-12.3.0/lib/python3.11/multiprocessing/popen_fork.py", line 19, in __init__
    self._launch(process_obj)
  File "/sw/arch/RHEL8/EB_production/2023/software/Python/3.11.3-GCCcore-12.3.0/lib/python3.11/multiprocessing/popen_fork.py", line 71, in _launch
    code = process_obj._bootstrap(parent_sentinel=child_r)
  File "/sw/arch/RHEL8/EB_production/2023/software/Python/3.11.3-GCCcore-12.3.0/lib/python3.11/multiprocessing/process.py", line 314, in _bootstrap
    self.run()
  File "/sw/arch/RHEL8/EB_production/2023/software/Python/3.11.3-GCCcore-12.3.0/lib/python3.11/multiprocessing/process.py", line 108, in run
    self._target(*self._args, **self._kwargs)
  File "/sw/arch/RHEL8/EB_production/2023/software/Python/3.11.3-GCCcore-12.3.0/lib/python3.11/multiprocessing/pool.py", line 125, in worker
    result = (True, func(*args, **kwds))
  File "/sw/arch/RHEL8/EB_production/2023/software/Python/3.11.3-GCCcore-12.3.0/lib/python3.11/multiprocessing/pool.py", line 48, in mapstar
    return list(map(*args))
  File "/gpfs/home3/tsijpkens/TSPHardener/run.py", line 38, in run_experiment
    logging.error(f"Error in {cmd}:", f"{e.stderr}")
Message: "Error in ['python3', '-m', 'main', '[20]', '[4.8]', '1000', '', '--tsp_type', 'euclidean', '--distribution', 'lognormal', '--mutation_strategy', 'wouter']:"
Arguments: ('Traceback (most recent call last):\n  File "<frozen runpy>", line 198, in _run_module_as_main\n  File "<frozen runpy>", line 88, in _run_code\n  File "/gpfs/home3/tsijpkens/TSPHardener/main.py", line 67, in <module>\n    main()\n  File "/gpfs/home3/tsijpkens/TSPHardener/main.py", line 58, in main\n    experiment(\n  File "/gpfs/home3/tsijpkens/TSPHardener/core/experiment.py", line 180, in experiment\n    run_single_experiment(config, citysize, rang, _mutations)\n  File "/gpfs/home3/tsijpkens/TSPHardener/core/experiment.py", line 111, in run_single_experiment\n    track_basin_transition(hardest_matrix, matrix, partial_results)\n  File "/gpfs/home3/tsijpkens/TSPHardener/core/experiment.py", line 16, in track_basin_transition\n    partial_results["transitions"][source_hash].append(mutated_hash)\n    ~~~~~~~~~~~~~~~~~~~~~~~~~~~~~~^^^^^^^^^^^^^\nKeyError: -2633628204509888697\n',)
--- Logging error ---
Traceback (most recent call last):
  File "/gpfs/home3/tsijpkens/TSPHardener/run.py", line 33, in run_experiment
    result = subprocess.run(cmd, check=True, text=True, capture_output=True)
             ^^^^^^^^^^^^^^^^^^^^^^^^^^^^^^^^^^^^^^^^^^^^^^^^^^^^^^^^^^^^^^^
  File "/sw/arch/RHEL8/EB_production/2023/software/Python/3.11.3-GCCcore-12.3.0/lib/python3.11/subprocess.py", line 571, in run
    raise CalledProcessError(retcode, process.args,
subprocess.CalledProcessError: Command '['python3', '-m', 'main', '[20]', '[5.0]', '1000', '', '--tsp_type', 'euclidean', '--distribution', 'lognormal', '--mutation_strategy', 'wouter']' returned non-zero exit status 1.

During handling of the above exception, another exception occurred:

Traceback (most recent call last):
  File "/sw/arch/RHEL8/EB_production/2023/software/Python/3.11.3-GCCcore-12.3.0/lib/python3.11/logging/__init__.py", line 1110, in emit
    msg = self.format(record)
          ^^^^^^^^^^^^^^^^^^^
  File "/sw/arch/RHEL8/EB_production/2023/software/Python/3.11.3-GCCcore-12.3.0/lib/python3.11/logging/__init__.py", line 953, in format
    return fmt.format(record)
           ^^^^^^^^^^^^^^^^^^
  File "/sw/arch/RHEL8/EB_production/2023/software/Python/3.11.3-GCCcore-12.3.0/lib/python3.11/logging/__init__.py", line 687, in format
    record.message = record.getMessage()
                     ^^^^^^^^^^^^^^^^^^^
  File "/sw/arch/RHEL8/EB_production/2023/software/Python/3.11.3-GCCcore-12.3.0/lib/python3.11/logging/__init__.py", line 377, in getMessage
    msg = msg % self.args
          ~~~~^~~~~~~~~~~
TypeError: not all arguments converted during string formatting
Call stack:
  File "/gpfs/home3/tsijpkens/TSPHardener/run.py", line 46, in <module>
    with Pool(processes=128) as pool:
  File "/sw/arch/RHEL8/EB_production/2023/software/Python/3.11.3-GCCcore-12.3.0/lib/python3.11/multiprocessing/context.py", line 119, in Pool
    return Pool(processes, initializer, initargs, maxtasksperchild,
  File "/sw/arch/RHEL8/EB_production/2023/software/Python/3.11.3-GCCcore-12.3.0/lib/python3.11/multiprocessing/pool.py", line 215, in __init__
    self._repopulate_pool()
  File "/sw/arch/RHEL8/EB_production/2023/software/Python/3.11.3-GCCcore-12.3.0/lib/python3.11/multiprocessing/pool.py", line 306, in _repopulate_pool
    return self._repopulate_pool_static(self._ctx, self.Process,
  File "/sw/arch/RHEL8/EB_production/2023/software/Python/3.11.3-GCCcore-12.3.0/lib/python3.11/multiprocessing/pool.py", line 329, in _repopulate_pool_static
    w.start()
  File "/sw/arch/RHEL8/EB_production/2023/software/Python/3.11.3-GCCcore-12.3.0/lib/python3.11/multiprocessing/process.py", line 121, in start
    self._popen = self._Popen(self)
  File "/sw/arch/RHEL8/EB_production/2023/software/Python/3.11.3-GCCcore-12.3.0/lib/python3.11/multiprocessing/context.py", line 281, in _Popen
    return Popen(process_obj)
  File "/sw/arch/RHEL8/EB_production/2023/software/Python/3.11.3-GCCcore-12.3.0/lib/python3.11/multiprocessing/popen_fork.py", line 19, in __init__
    self._launch(process_obj)
  File "/sw/arch/RHEL8/EB_production/2023/software/Python/3.11.3-GCCcore-12.3.0/lib/python3.11/multiprocessing/popen_fork.py", line 71, in _launch
    code = process_obj._bootstrap(parent_sentinel=child_r)
  File "/sw/arch/RHEL8/EB_production/2023/software/Python/3.11.3-GCCcore-12.3.0/lib/python3.11/multiprocessing/process.py", line 314, in _bootstrap
    self.run()
  File "/sw/arch/RHEL8/EB_production/2023/software/Python/3.11.3-GCCcore-12.3.0/lib/python3.11/multiprocessing/process.py", line 108, in run
    self._target(*self._args, **self._kwargs)
  File "/sw/arch/RHEL8/EB_production/2023/software/Python/3.11.3-GCCcore-12.3.0/lib/python3.11/multiprocessing/pool.py", line 125, in worker
    result = (True, func(*args, **kwds))
  File "/sw/arch/RHEL8/EB_production/2023/software/Python/3.11.3-GCCcore-12.3.0/lib/python3.11/multiprocessing/pool.py", line 48, in mapstar
    return list(map(*args))
  File "/gpfs/home3/tsijpkens/TSPHardener/run.py", line 38, in run_experiment
    logging.error(f"Error in {cmd}:", f"{e.stderr}")
Message: "Error in ['python3', '-m', 'main', '[20]', '[5.0]', '1000', '', '--tsp_type', 'euclidean', '--distribution', 'lognormal', '--mutation_strategy', 'wouter']:"
Arguments: ('Traceback (most recent call last):\n  File "<frozen runpy>", line 198, in _run_module_as_main\n  File "<frozen runpy>", line 88, in _run_code\n  File "/gpfs/home3/tsijpkens/TSPHardener/main.py", line 67, in <module>\n    main()\n  File "/gpfs/home3/tsijpkens/TSPHardener/main.py", line 58, in main\n    experiment(\n  File "/gpfs/home3/tsijpkens/TSPHardener/core/experiment.py", line 180, in experiment\n    run_single_experiment(config, citysize, rang, _mutations)\n  File "/gpfs/home3/tsijpkens/TSPHardener/core/experiment.py", line 111, in run_single_experiment\n    track_basin_transition(hardest_matrix, matrix, partial_results)\n  File "/gpfs/home3/tsijpkens/TSPHardener/core/experiment.py", line 16, in track_basin_transition\n    partial_results["transitions"][source_hash].append(mutated_hash)\n    ~~~~~~~~~~~~~~~~~~~~~~~~~~~~~~^^^^^^^^^^^^^\nKeyError: 6872613524054447680\n',)
--- Logging error ---
Traceback (most recent call last):
  File "/gpfs/home3/tsijpkens/TSPHardener/run.py", line 33, in run_experiment
    result = subprocess.run(cmd, check=True, text=True, capture_output=True)
             ^^^^^^^^^^^^^^^^^^^^^^^^^^^^^^^^^^^^^^^^^^^^^^^^^^^^^^^^^^^^^^^
  File "/sw/arch/RHEL8/EB_production/2023/software/Python/3.11.3-GCCcore-12.3.0/lib/python3.11/subprocess.py", line 571, in run
    raise CalledProcessError(retcode, process.args,
subprocess.CalledProcessError: Command '['python3', '-m', 'main', '[30]', '[1.6]', '1000', '', '--tsp_type', 'asymmetric', '--distribution', 'lognormal', '--mutation_strategy', 'swap']' returned non-zero exit status 1.

During handling of the above exception, another exception occurred:

Traceback (most recent call last):
  File "/sw/arch/RHEL8/EB_production/2023/software/Python/3.11.3-GCCcore-12.3.0/lib/python3.11/logging/__init__.py", line 1110, in emit
    msg = self.format(record)
          ^^^^^^^^^^^^^^^^^^^
  File "/sw/arch/RHEL8/EB_production/2023/software/Python/3.11.3-GCCcore-12.3.0/lib/python3.11/logging/__init__.py", line 953, in format
    return fmt.format(record)
           ^^^^^^^^^^^^^^^^^^
  File "/sw/arch/RHEL8/EB_production/2023/software/Python/3.11.3-GCCcore-12.3.0/lib/python3.11/logging/__init__.py", line 687, in format
    record.message = record.getMessage()
                     ^^^^^^^^^^^^^^^^^^^
  File "/sw/arch/RHEL8/EB_production/2023/software/Python/3.11.3-GCCcore-12.3.0/lib/python3.11/logging/__init__.py", line 377, in getMessage
    msg = msg % self.args
          ~~~~^~~~~~~~~~~
TypeError: not all arguments converted during string formatting
Call stack:
  File "/gpfs/home3/tsijpkens/TSPHardener/run.py", line 46, in <module>
    with Pool(processes=128) as pool:
  File "/sw/arch/RHEL8/EB_production/2023/software/Python/3.11.3-GCCcore-12.3.0/lib/python3.11/multiprocessing/context.py", line 119, in Pool
    return Pool(processes, initializer, initargs, maxtasksperchild,
  File "/sw/arch/RHEL8/EB_production/2023/software/Python/3.11.3-GCCcore-12.3.0/lib/python3.11/multiprocessing/pool.py", line 215, in __init__
    self._repopulate_pool()
  File "/sw/arch/RHEL8/EB_production/2023/software/Python/3.11.3-GCCcore-12.3.0/lib/python3.11/multiprocessing/pool.py", line 306, in _repopulate_pool
    return self._repopulate_pool_static(self._ctx, self.Process,
  File "/sw/arch/RHEL8/EB_production/2023/software/Python/3.11.3-GCCcore-12.3.0/lib/python3.11/multiprocessing/pool.py", line 329, in _repopulate_pool_static
    w.start()
  File "/sw/arch/RHEL8/EB_production/2023/software/Python/3.11.3-GCCcore-12.3.0/lib/python3.11/multiprocessing/process.py", line 121, in start
    self._popen = self._Popen(self)
  File "/sw/arch/RHEL8/EB_production/2023/software/Python/3.11.3-GCCcore-12.3.0/lib/python3.11/multiprocessing/context.py", line 281, in _Popen
    return Popen(process_obj)
  File "/sw/arch/RHEL8/EB_production/2023/software/Python/3.11.3-GCCcore-12.3.0/lib/python3.11/multiprocessing/popen_fork.py", line 19, in __init__
    self._launch(process_obj)
  File "/sw/arch/RHEL8/EB_production/2023/software/Python/3.11.3-GCCcore-12.3.0/lib/python3.11/multiprocessing/popen_fork.py", line 71, in _launch
    code = process_obj._bootstrap(parent_sentinel=child_r)
  File "/sw/arch/RHEL8/EB_production/2023/software/Python/3.11.3-GCCcore-12.3.0/lib/python3.11/multiprocessing/process.py", line 314, in _bootstrap
    self.run()
  File "/sw/arch/RHEL8/EB_production/2023/software/Python/3.11.3-GCCcore-12.3.0/lib/python3.11/multiprocessing/process.py", line 108, in run
    self._target(*self._args, **self._kwargs)
  File "/sw/arch/RHEL8/EB_production/2023/software/Python/3.11.3-GCCcore-12.3.0/lib/python3.11/multiprocessing/pool.py", line 125, in worker
    result = (True, func(*args, **kwds))
  File "/sw/arch/RHEL8/EB_production/2023/software/Python/3.11.3-GCCcore-12.3.0/lib/python3.11/multiprocessing/pool.py", line 48, in mapstar
    return list(map(*args))
  File "/gpfs/home3/tsijpkens/TSPHardener/run.py", line 38, in run_experiment
    logging.error(f"Error in {cmd}:", f"{e.stderr}")
Message: "Error in ['python3', '-m', 'main', '[30]', '[1.6]', '1000', '', '--tsp_type', 'asymmetric', '--distribution', 'lognormal', '--mutation_strategy', 'swap']:"
Arguments: ('Traceback (most recent call last):\n  File "<frozen runpy>", line 198, in _run_module_as_main\n  File "<frozen runpy>", line 88, in _run_code\n  File "/gpfs/home3/tsijpkens/TSPHardener/main.py", line 67, in <module>\n    main()\n  File "/gpfs/home3/tsijpkens/TSPHardener/main.py", line 58, in main\n    experiment(\n  File "/gpfs/home3/tsijpkens/TSPHardener/core/experiment.py", line 180, in experiment\n    run_single_experiment(config, citysize, rang, _mutations)\n  File "/gpfs/home3/tsijpkens/TSPHardener/core/experiment.py", line 111, in run_single_experiment\n    track_basin_transition(hardest_matrix, matrix, partial_results)\n  File "/gpfs/home3/tsijpkens/TSPHardener/core/experiment.py", line 16, in track_basin_transition\n    partial_results["transitions"][source_hash].append(mutated_hash)\n    ~~~~~~~~~~~~~~~~~~~~~~~~~~~~~~^^^^^^^^^^^^^\nKeyError: 5842121365446004646\n',)
--- Logging error ---
Traceback (most recent call last):
  File "/gpfs/home3/tsijpkens/TSPHardener/run.py", line 33, in run_experiment
    result = subprocess.run(cmd, check=True, text=True, capture_output=True)
             ^^^^^^^^^^^^^^^^^^^^^^^^^^^^^^^^^^^^^^^^^^^^^^^^^^^^^^^^^^^^^^^
  File "/sw/arch/RHEL8/EB_production/2023/software/Python/3.11.3-GCCcore-12.3.0/lib/python3.11/subprocess.py", line 571, in run
    raise CalledProcessError(retcode, process.args,
subprocess.CalledProcessError: Command '['python3', '-m', 'main', '[30]', '[0.6]', '1000', '', '--tsp_type', 'euclidean', '--distribution', 'lognormal', '--mutation_strategy', 'wouter']' returned non-zero exit status 1.

During handling of the above exception, another exception occurred:

Traceback (most recent call last):
  File "/sw/arch/RHEL8/EB_production/2023/software/Python/3.11.3-GCCcore-12.3.0/lib/python3.11/logging/__init__.py", line 1110, in emit
    msg = self.format(record)
          ^^^^^^^^^^^^^^^^^^^
  File "/sw/arch/RHEL8/EB_production/2023/software/Python/3.11.3-GCCcore-12.3.0/lib/python3.11/logging/__init__.py", line 953, in format
    return fmt.format(record)
           ^^^^^^^^^^^^^^^^^^
  File "/sw/arch/RHEL8/EB_production/2023/software/Python/3.11.3-GCCcore-12.3.0/lib/python3.11/logging/__init__.py", line 687, in format
    record.message = record.getMessage()
                     ^^^^^^^^^^^^^^^^^^^
  File "/sw/arch/RHEL8/EB_production/2023/software/Python/3.11.3-GCCcore-12.3.0/lib/python3.11/logging/__init__.py", line 377, in getMessage
    msg = msg % self.args
          ~~~~^~~~~~~~~~~
TypeError: not all arguments converted during string formatting
Call stack:
  File "/gpfs/home3/tsijpkens/TSPHardener/run.py", line 46, in <module>
    with Pool(processes=128) as pool:
  File "/sw/arch/RHEL8/EB_production/2023/software/Python/3.11.3-GCCcore-12.3.0/lib/python3.11/multiprocessing/context.py", line 119, in Pool
    return Pool(processes, initializer, initargs, maxtasksperchild,
  File "/sw/arch/RHEL8/EB_production/2023/software/Python/3.11.3-GCCcore-12.3.0/lib/python3.11/multiprocessing/pool.py", line 215, in __init__
    self._repopulate_pool()
  File "/sw/arch/RHEL8/EB_production/2023/software/Python/3.11.3-GCCcore-12.3.0/lib/python3.11/multiprocessing/pool.py", line 306, in _repopulate_pool
    return self._repopulate_pool_static(self._ctx, self.Process,
  File "/sw/arch/RHEL8/EB_production/2023/software/Python/3.11.3-GCCcore-12.3.0/lib/python3.11/multiprocessing/pool.py", line 329, in _repopulate_pool_static
    w.start()
  File "/sw/arch/RHEL8/EB_production/2023/software/Python/3.11.3-GCCcore-12.3.0/lib/python3.11/multiprocessing/process.py", line 121, in start
    self._popen = self._Popen(self)
  File "/sw/arch/RHEL8/EB_production/2023/software/Python/3.11.3-GCCcore-12.3.0/lib/python3.11/multiprocessing/context.py", line 281, in _Popen
    return Popen(process_obj)
  File "/sw/arch/RHEL8/EB_production/2023/software/Python/3.11.3-GCCcore-12.3.0/lib/python3.11/multiprocessing/popen_fork.py", line 19, in __init__
    self._launch(process_obj)
  File "/sw/arch/RHEL8/EB_production/2023/software/Python/3.11.3-GCCcore-12.3.0/lib/python3.11/multiprocessing/popen_fork.py", line 71, in _launch
    code = process_obj._bootstrap(parent_sentinel=child_r)
  File "/sw/arch/RHEL8/EB_production/2023/software/Python/3.11.3-GCCcore-12.3.0/lib/python3.11/multiprocessing/process.py", line 314, in _bootstrap
    self.run()
  File "/sw/arch/RHEL8/EB_production/2023/software/Python/3.11.3-GCCcore-12.3.0/lib/python3.11/multiprocessing/process.py", line 108, in run
    self._target(*self._args, **self._kwargs)
  File "/sw/arch/RHEL8/EB_production/2023/software/Python/3.11.3-GCCcore-12.3.0/lib/python3.11/multiprocessing/pool.py", line 125, in worker
    result = (True, func(*args, **kwds))
  File "/sw/arch/RHEL8/EB_production/2023/software/Python/3.11.3-GCCcore-12.3.0/lib/python3.11/multiprocessing/pool.py", line 48, in mapstar
    return list(map(*args))
  File "/gpfs/home3/tsijpkens/TSPHardener/run.py", line 38, in run_experiment
    logging.error(f"Error in {cmd}:", f"{e.stderr}")
Message: "Error in ['python3', '-m', 'main', '[30]', '[0.6]', '1000', '', '--tsp_type', 'euclidean', '--distribution', 'lognormal', '--mutation_strategy', 'wouter']:"
Arguments: ('Traceback (most recent call last):\n  File "<frozen runpy>", line 198, in _run_module_as_main\n  File "<frozen runpy>", line 88, in _run_code\n  File "/gpfs/home3/tsijpkens/TSPHardener/main.py", line 67, in <module>\n    main()\n  File "/gpfs/home3/tsijpkens/TSPHardener/main.py", line 58, in main\n    experiment(\n  File "/gpfs/home3/tsijpkens/TSPHardener/core/experiment.py", line 180, in experiment\n    run_single_experiment(config, citysize, rang, _mutations)\n  File "/gpfs/home3/tsijpkens/TSPHardener/core/experiment.py", line 111, in run_single_experiment\n    track_basin_transition(hardest_matrix, matrix, partial_results)\n  File "/gpfs/home3/tsijpkens/TSPHardener/core/experiment.py", line 16, in track_basin_transition\n    partial_results["transitions"][source_hash].append(mutated_hash)\n    ~~~~~~~~~~~~~~~~~~~~~~~~~~~~~~^^^^^^^^^^^^^\nKeyError: -7238686949241253634\n',)
--- Logging error ---
Traceback (most recent call last):
  File "/gpfs/home3/tsijpkens/TSPHardener/run.py", line 33, in run_experiment
    result = subprocess.run(cmd, check=True, text=True, capture_output=True)
             ^^^^^^^^^^^^^^^^^^^^^^^^^^^^^^^^^^^^^^^^^^^^^^^^^^^^^^^^^^^^^^^
  File "/sw/arch/RHEL8/EB_production/2023/software/Python/3.11.3-GCCcore-12.3.0/lib/python3.11/subprocess.py", line 571, in run
    raise CalledProcessError(retcode, process.args,
subprocess.CalledProcessError: Command '['python3', '-m', 'main', '[20]', '[1.2]', '1000', '', '--tsp_type', 'euclidean', '--distribution', 'lognormal', '--mutation_strategy', 'wouter']' returned non-zero exit status 1.

During handling of the above exception, another exception occurred:

Traceback (most recent call last):
  File "/sw/arch/RHEL8/EB_production/2023/software/Python/3.11.3-GCCcore-12.3.0/lib/python3.11/logging/__init__.py", line 1110, in emit
    msg = self.format(record)
          ^^^^^^^^^^^^^^^^^^^
  File "/sw/arch/RHEL8/EB_production/2023/software/Python/3.11.3-GCCcore-12.3.0/lib/python3.11/logging/__init__.py", line 953, in format
    return fmt.format(record)
           ^^^^^^^^^^^^^^^^^^
  File "/sw/arch/RHEL8/EB_production/2023/software/Python/3.11.3-GCCcore-12.3.0/lib/python3.11/logging/__init__.py", line 687, in format
    record.message = record.getMessage()
                     ^^^^^^^^^^^^^^^^^^^
  File "/sw/arch/RHEL8/EB_production/2023/software/Python/3.11.3-GCCcore-12.3.0/lib/python3.11/logging/__init__.py", line 377, in getMessage
    msg = msg % self.args
          ~~~~^~~~~~~~~~~
TypeError: not all arguments converted during string formatting
Call stack:
  File "/gpfs/home3/tsijpkens/TSPHardener/run.py", line 46, in <module>
    with Pool(processes=128) as pool:
  File "/sw/arch/RHEL8/EB_production/2023/software/Python/3.11.3-GCCcore-12.3.0/lib/python3.11/multiprocessing/context.py", line 119, in Pool
    return Pool(processes, initializer, initargs, maxtasksperchild,
  File "/sw/arch/RHEL8/EB_production/2023/software/Python/3.11.3-GCCcore-12.3.0/lib/python3.11/multiprocessing/pool.py", line 215, in __init__
    self._repopulate_pool()
  File "/sw/arch/RHEL8/EB_production/2023/software/Python/3.11.3-GCCcore-12.3.0/lib/python3.11/multiprocessing/pool.py", line 306, in _repopulate_pool
    return self._repopulate_pool_static(self._ctx, self.Process,
  File "/sw/arch/RHEL8/EB_production/2023/software/Python/3.11.3-GCCcore-12.3.0/lib/python3.11/multiprocessing/pool.py", line 329, in _repopulate_pool_static
    w.start()
  File "/sw/arch/RHEL8/EB_production/2023/software/Python/3.11.3-GCCcore-12.3.0/lib/python3.11/multiprocessing/process.py", line 121, in start
    self._popen = self._Popen(self)
  File "/sw/arch/RHEL8/EB_production/2023/software/Python/3.11.3-GCCcore-12.3.0/lib/python3.11/multiprocessing/context.py", line 281, in _Popen
    return Popen(process_obj)
  File "/sw/arch/RHEL8/EB_production/2023/software/Python/3.11.3-GCCcore-12.3.0/lib/python3.11/multiprocessing/popen_fork.py", line 19, in __init__
    self._launch(process_obj)
  File "/sw/arch/RHEL8/EB_production/2023/software/Python/3.11.3-GCCcore-12.3.0/lib/python3.11/multiprocessing/popen_fork.py", line 71, in _launch
    code = process_obj._bootstrap(parent_sentinel=child_r)
  File "/sw/arch/RHEL8/EB_production/2023/software/Python/3.11.3-GCCcore-12.3.0/lib/python3.11/multiprocessing/process.py", line 314, in _bootstrap
    self.run()
  File "/sw/arch/RHEL8/EB_production/2023/software/Python/3.11.3-GCCcore-12.3.0/lib/python3.11/multiprocessing/process.py", line 108, in run
    self._target(*self._args, **self._kwargs)
  File "/sw/arch/RHEL8/EB_production/2023/software/Python/3.11.3-GCCcore-12.3.0/lib/python3.11/multiprocessing/pool.py", line 125, in worker
    result = (True, func(*args, **kwds))
  File "/sw/arch/RHEL8/EB_production/2023/software/Python/3.11.3-GCCcore-12.3.0/lib/python3.11/multiprocessing/pool.py", line 48, in mapstar
    return list(map(*args))
  File "/gpfs/home3/tsijpkens/TSPHardener/run.py", line 38, in run_experiment
    logging.error(f"Error in {cmd}:", f"{e.stderr}")
Message: "Error in ['python3', '-m', 'main', '[20]', '[1.2]', '1000', '', '--tsp_type', 'euclidean', '--distribution', 'lognormal', '--mutation_strategy', 'wouter']:"
Arguments: ('Traceback (most recent call last):\n  File "<frozen runpy>", line 198, in _run_module_as_main\n  File "<frozen runpy>", line 88, in _run_code\n  File "/gpfs/home3/tsijpkens/TSPHardener/main.py", line 67, in <module>\n    main()\n  File "/gpfs/home3/tsijpkens/TSPHardener/main.py", line 58, in main\n    experiment(\n  File "/gpfs/home3/tsijpkens/TSPHardener/core/experiment.py", line 180, in experiment\n    run_single_experiment(config, citysize, rang, _mutations)\n  File "/gpfs/home3/tsijpkens/TSPHardener/core/experiment.py", line 111, in run_single_experiment\n    track_basin_transition(hardest_matrix, matrix, partial_results)\n  File "/gpfs/home3/tsijpkens/TSPHardener/core/experiment.py", line 16, in track_basin_transition\n    partial_results["transitions"][source_hash].append(mutated_hash)\n    ~~~~~~~~~~~~~~~~~~~~~~~~~~~~~~^^^^^^^^^^^^^\nKeyError: 1254026690095866261\n',)
--- Logging error ---
Traceback (most recent call last):
  File "/gpfs/home3/tsijpkens/TSPHardener/run.py", line 33, in run_experiment
    result = subprocess.run(cmd, check=True, text=True, capture_output=True)
             ^^^^^^^^^^^^^^^^^^^^^^^^^^^^^^^^^^^^^^^^^^^^^^^^^^^^^^^^^^^^^^^
  File "/sw/arch/RHEL8/EB_production/2023/software/Python/3.11.3-GCCcore-12.3.0/lib/python3.11/subprocess.py", line 571, in run
    raise CalledProcessError(retcode, process.args,
subprocess.CalledProcessError: Command '['python3', '-m', 'main', '[20]', '[3.2]', '1000', '', '--tsp_type', 'euclidean', '--distribution', 'lognormal', '--mutation_strategy', 'scramble']' returned non-zero exit status 1.

During handling of the above exception, another exception occurred:

Traceback (most recent call last):
  File "/sw/arch/RHEL8/EB_production/2023/software/Python/3.11.3-GCCcore-12.3.0/lib/python3.11/logging/__init__.py", line 1110, in emit
    msg = self.format(record)
          ^^^^^^^^^^^^^^^^^^^
  File "/sw/arch/RHEL8/EB_production/2023/software/Python/3.11.3-GCCcore-12.3.0/lib/python3.11/logging/__init__.py", line 953, in format
    return fmt.format(record)
           ^^^^^^^^^^^^^^^^^^
  File "/sw/arch/RHEL8/EB_production/2023/software/Python/3.11.3-GCCcore-12.3.0/lib/python3.11/logging/__init__.py", line 687, in format
    record.message = record.getMessage()
                     ^^^^^^^^^^^^^^^^^^^
  File "/sw/arch/RHEL8/EB_production/2023/software/Python/3.11.3-GCCcore-12.3.0/lib/python3.11/logging/__init__.py", line 377, in getMessage
    msg = msg % self.args
          ~~~~^~~~~~~~~~~
TypeError: not all arguments converted during string formatting
Call stack:
  File "/gpfs/home3/tsijpkens/TSPHardener/run.py", line 46, in <module>
    with Pool(processes=128) as pool:
  File "/sw/arch/RHEL8/EB_production/2023/software/Python/3.11.3-GCCcore-12.3.0/lib/python3.11/multiprocessing/context.py", line 119, in Pool
    return Pool(processes, initializer, initargs, maxtasksperchild,
  File "/sw/arch/RHEL8/EB_production/2023/software/Python/3.11.3-GCCcore-12.3.0/lib/python3.11/multiprocessing/pool.py", line 215, in __init__
    self._repopulate_pool()
  File "/sw/arch/RHEL8/EB_production/2023/software/Python/3.11.3-GCCcore-12.3.0/lib/python3.11/multiprocessing/pool.py", line 306, in _repopulate_pool
    return self._repopulate_pool_static(self._ctx, self.Process,
  File "/sw/arch/RHEL8/EB_production/2023/software/Python/3.11.3-GCCcore-12.3.0/lib/python3.11/multiprocessing/pool.py", line 329, in _repopulate_pool_static
    w.start()
  File "/sw/arch/RHEL8/EB_production/2023/software/Python/3.11.3-GCCcore-12.3.0/lib/python3.11/multiprocessing/process.py", line 121, in start
    self._popen = self._Popen(self)
  File "/sw/arch/RHEL8/EB_production/2023/software/Python/3.11.3-GCCcore-12.3.0/lib/python3.11/multiprocessing/context.py", line 281, in _Popen
    return Popen(process_obj)
  File "/sw/arch/RHEL8/EB_production/2023/software/Python/3.11.3-GCCcore-12.3.0/lib/python3.11/multiprocessing/popen_fork.py", line 19, in __init__
    self._launch(process_obj)
  File "/sw/arch/RHEL8/EB_production/2023/software/Python/3.11.3-GCCcore-12.3.0/lib/python3.11/multiprocessing/popen_fork.py", line 71, in _launch
    code = process_obj._bootstrap(parent_sentinel=child_r)
  File "/sw/arch/RHEL8/EB_production/2023/software/Python/3.11.3-GCCcore-12.3.0/lib/python3.11/multiprocessing/process.py", line 314, in _bootstrap
    self.run()
  File "/sw/arch/RHEL8/EB_production/2023/software/Python/3.11.3-GCCcore-12.3.0/lib/python3.11/multiprocessing/process.py", line 108, in run
    self._target(*self._args, **self._kwargs)
  File "/sw/arch/RHEL8/EB_production/2023/software/Python/3.11.3-GCCcore-12.3.0/lib/python3.11/multiprocessing/pool.py", line 125, in worker
    result = (True, func(*args, **kwds))
  File "/sw/arch/RHEL8/EB_production/2023/software/Python/3.11.3-GCCcore-12.3.0/lib/python3.11/multiprocessing/pool.py", line 48, in mapstar
    return list(map(*args))
  File "/gpfs/home3/tsijpkens/TSPHardener/run.py", line 38, in run_experiment
    logging.error(f"Error in {cmd}:", f"{e.stderr}")
Message: "Error in ['python3', '-m', 'main', '[20]', '[3.2]', '1000', '', '--tsp_type', 'euclidean', '--distribution', 'lognormal', '--mutation_strategy', 'scramble']:"
Arguments: ('Traceback (most recent call last):\n  File "<frozen runpy>", line 198, in _run_module_as_main\n  File "<frozen runpy>", line 88, in _run_code\n  File "/gpfs/home3/tsijpkens/TSPHardener/main.py", line 67, in <module>\n    main()\n  File "/gpfs/home3/tsijpkens/TSPHardener/main.py", line 58, in main\n    experiment(\n  File "/gpfs/home3/tsijpkens/TSPHardener/core/experiment.py", line 180, in experiment\n    run_single_experiment(config, citysize, rang, _mutations)\n  File "/gpfs/home3/tsijpkens/TSPHardener/core/experiment.py", line 111, in run_single_experiment\n    track_basin_transition(hardest_matrix, matrix, partial_results)\n  File "/gpfs/home3/tsijpkens/TSPHardener/core/experiment.py", line 16, in track_basin_transition\n    partial_results["transitions"][source_hash].append(mutated_hash)\n    ~~~~~~~~~~~~~~~~~~~~~~~~~~~~~~^^^^^^^^^^^^^\nKeyError: 4969919731762235953\n',)
--- Logging error ---
Traceback (most recent call last):
  File "/gpfs/home3/tsijpkens/TSPHardener/run.py", line 33, in run_experiment
    result = subprocess.run(cmd, check=True, text=True, capture_output=True)
             ^^^^^^^^^^^^^^^^^^^^^^^^^^^^^^^^^^^^^^^^^^^^^^^^^^^^^^^^^^^^^^^
  File "/sw/arch/RHEL8/EB_production/2023/software/Python/3.11.3-GCCcore-12.3.0/lib/python3.11/subprocess.py", line 571, in run
    raise CalledProcessError(retcode, process.args,
subprocess.CalledProcessError: Command '['python3', '-m', 'main', '[30]', '[0.4]', '1000', '', '--tsp_type', 'euclidean', '--distribution', 'lognormal', '--mutation_strategy', 'swap']' returned non-zero exit status 1.

During handling of the above exception, another exception occurred:

Traceback (most recent call last):
  File "/sw/arch/RHEL8/EB_production/2023/software/Python/3.11.3-GCCcore-12.3.0/lib/python3.11/logging/__init__.py", line 1110, in emit
    msg = self.format(record)
          ^^^^^^^^^^^^^^^^^^^
  File "/sw/arch/RHEL8/EB_production/2023/software/Python/3.11.3-GCCcore-12.3.0/lib/python3.11/logging/__init__.py", line 953, in format
    return fmt.format(record)
           ^^^^^^^^^^^^^^^^^^
  File "/sw/arch/RHEL8/EB_production/2023/software/Python/3.11.3-GCCcore-12.3.0/lib/python3.11/logging/__init__.py", line 687, in format
    record.message = record.getMessage()
                     ^^^^^^^^^^^^^^^^^^^
  File "/sw/arch/RHEL8/EB_production/2023/software/Python/3.11.3-GCCcore-12.3.0/lib/python3.11/logging/__init__.py", line 377, in getMessage
    msg = msg % self.args
          ~~~~^~~~~~~~~~~
TypeError: not all arguments converted during string formatting
Call stack:
  File "/gpfs/home3/tsijpkens/TSPHardener/run.py", line 46, in <module>
    with Pool(processes=128) as pool:
  File "/sw/arch/RHEL8/EB_production/2023/software/Python/3.11.3-GCCcore-12.3.0/lib/python3.11/multiprocessing/context.py", line 119, in Pool
    return Pool(processes, initializer, initargs, maxtasksperchild,
  File "/sw/arch/RHEL8/EB_production/2023/software/Python/3.11.3-GCCcore-12.3.0/lib/python3.11/multiprocessing/pool.py", line 215, in __init__
    self._repopulate_pool()
  File "/sw/arch/RHEL8/EB_production/2023/software/Python/3.11.3-GCCcore-12.3.0/lib/python3.11/multiprocessing/pool.py", line 306, in _repopulate_pool
    return self._repopulate_pool_static(self._ctx, self.Process,
  File "/sw/arch/RHEL8/EB_production/2023/software/Python/3.11.3-GCCcore-12.3.0/lib/python3.11/multiprocessing/pool.py", line 329, in _repopulate_pool_static
    w.start()
  File "/sw/arch/RHEL8/EB_production/2023/software/Python/3.11.3-GCCcore-12.3.0/lib/python3.11/multiprocessing/process.py", line 121, in start
    self._popen = self._Popen(self)
  File "/sw/arch/RHEL8/EB_production/2023/software/Python/3.11.3-GCCcore-12.3.0/lib/python3.11/multiprocessing/context.py", line 281, in _Popen
    return Popen(process_obj)
  File "/sw/arch/RHEL8/EB_production/2023/software/Python/3.11.3-GCCcore-12.3.0/lib/python3.11/multiprocessing/popen_fork.py", line 19, in __init__
    self._launch(process_obj)
  File "/sw/arch/RHEL8/EB_production/2023/software/Python/3.11.3-GCCcore-12.3.0/lib/python3.11/multiprocessing/popen_fork.py", line 71, in _launch
    code = process_obj._bootstrap(parent_sentinel=child_r)
  File "/sw/arch/RHEL8/EB_production/2023/software/Python/3.11.3-GCCcore-12.3.0/lib/python3.11/multiprocessing/process.py", line 314, in _bootstrap
    self.run()
  File "/sw/arch/RHEL8/EB_production/2023/software/Python/3.11.3-GCCcore-12.3.0/lib/python3.11/multiprocessing/process.py", line 108, in run
    self._target(*self._args, **self._kwargs)
  File "/sw/arch/RHEL8/EB_production/2023/software/Python/3.11.3-GCCcore-12.3.0/lib/python3.11/multiprocessing/pool.py", line 125, in worker
    result = (True, func(*args, **kwds))
  File "/sw/arch/RHEL8/EB_production/2023/software/Python/3.11.3-GCCcore-12.3.0/lib/python3.11/multiprocessing/pool.py", line 48, in mapstar
    return list(map(*args))
  File "/gpfs/home3/tsijpkens/TSPHardener/run.py", line 38, in run_experiment
    logging.error(f"Error in {cmd}:", f"{e.stderr}")
Message: "Error in ['python3', '-m', 'main', '[30]', '[0.4]', '1000', '', '--tsp_type', 'euclidean', '--distribution', 'lognormal', '--mutation_strategy', 'swap']:"
Arguments: ('Traceback (most recent call last):\n  File "<frozen runpy>", line 198, in _run_module_as_main\n  File "<frozen runpy>", line 88, in _run_code\n  File "/gpfs/home3/tsijpkens/TSPHardener/main.py", line 67, in <module>\n    main()\n  File "/gpfs/home3/tsijpkens/TSPHardener/main.py", line 58, in main\n    experiment(\n  File "/gpfs/home3/tsijpkens/TSPHardener/core/experiment.py", line 180, in experiment\n    run_single_experiment(config, citysize, rang, _mutations)\n  File "/gpfs/home3/tsijpkens/TSPHardener/core/experiment.py", line 111, in run_single_experiment\n    track_basin_transition(hardest_matrix, matrix, partial_results)\n  File "/gpfs/home3/tsijpkens/TSPHardener/core/experiment.py", line 16, in track_basin_transition\n    partial_results["transitions"][source_hash].append(mutated_hash)\n    ~~~~~~~~~~~~~~~~~~~~~~~~~~~~~~^^^^^^^^^^^^^\nKeyError: 2784439975112493214\n',)
--- Logging error ---
Traceback (most recent call last):
  File "/gpfs/home3/tsijpkens/TSPHardener/run.py", line 33, in run_experiment
    result = subprocess.run(cmd, check=True, text=True, capture_output=True)
             ^^^^^^^^^^^^^^^^^^^^^^^^^^^^^^^^^^^^^^^^^^^^^^^^^^^^^^^^^^^^^^^
  File "/sw/arch/RHEL8/EB_production/2023/software/Python/3.11.3-GCCcore-12.3.0/lib/python3.11/subprocess.py", line 571, in run
    raise CalledProcessError(retcode, process.args,
subprocess.CalledProcessError: Command '['python3', '-m', 'main', '[30]', '[25]', '1000', '', '--tsp_type', 'euclidean', '--distribution', 'uniform', '--mutation_strategy', 'scramble']' returned non-zero exit status 1.

During handling of the above exception, another exception occurred:

Traceback (most recent call last):
  File "/sw/arch/RHEL8/EB_production/2023/software/Python/3.11.3-GCCcore-12.3.0/lib/python3.11/logging/__init__.py", line 1110, in emit
    msg = self.format(record)
          ^^^^^^^^^^^^^^^^^^^
  File "/sw/arch/RHEL8/EB_production/2023/software/Python/3.11.3-GCCcore-12.3.0/lib/python3.11/logging/__init__.py", line 953, in format
    return fmt.format(record)
           ^^^^^^^^^^^^^^^^^^
  File "/sw/arch/RHEL8/EB_production/2023/software/Python/3.11.3-GCCcore-12.3.0/lib/python3.11/logging/__init__.py", line 687, in format
    record.message = record.getMessage()
                     ^^^^^^^^^^^^^^^^^^^
  File "/sw/arch/RHEL8/EB_production/2023/software/Python/3.11.3-GCCcore-12.3.0/lib/python3.11/logging/__init__.py", line 377, in getMessage
    msg = msg % self.args
          ~~~~^~~~~~~~~~~
TypeError: not all arguments converted during string formatting
Call stack:
  File "/gpfs/home3/tsijpkens/TSPHardener/run.py", line 46, in <module>
    with Pool(processes=128) as pool:
  File "/sw/arch/RHEL8/EB_production/2023/software/Python/3.11.3-GCCcore-12.3.0/lib/python3.11/multiprocessing/context.py", line 119, in Pool
    return Pool(processes, initializer, initargs, maxtasksperchild,
  File "/sw/arch/RHEL8/EB_production/2023/software/Python/3.11.3-GCCcore-12.3.0/lib/python3.11/multiprocessing/pool.py", line 215, in __init__
    self._repopulate_pool()
  File "/sw/arch/RHEL8/EB_production/2023/software/Python/3.11.3-GCCcore-12.3.0/lib/python3.11/multiprocessing/pool.py", line 306, in _repopulate_pool
    return self._repopulate_pool_static(self._ctx, self.Process,
  File "/sw/arch/RHEL8/EB_production/2023/software/Python/3.11.3-GCCcore-12.3.0/lib/python3.11/multiprocessing/pool.py", line 329, in _repopulate_pool_static
    w.start()
  File "/sw/arch/RHEL8/EB_production/2023/software/Python/3.11.3-GCCcore-12.3.0/lib/python3.11/multiprocessing/process.py", line 121, in start
    self._popen = self._Popen(self)
  File "/sw/arch/RHEL8/EB_production/2023/software/Python/3.11.3-GCCcore-12.3.0/lib/python3.11/multiprocessing/context.py", line 281, in _Popen
    return Popen(process_obj)
  File "/sw/arch/RHEL8/EB_production/2023/software/Python/3.11.3-GCCcore-12.3.0/lib/python3.11/multiprocessing/popen_fork.py", line 19, in __init__
    self._launch(process_obj)
  File "/sw/arch/RHEL8/EB_production/2023/software/Python/3.11.3-GCCcore-12.3.0/lib/python3.11/multiprocessing/popen_fork.py", line 71, in _launch
    code = process_obj._bootstrap(parent_sentinel=child_r)
  File "/sw/arch/RHEL8/EB_production/2023/software/Python/3.11.3-GCCcore-12.3.0/lib/python3.11/multiprocessing/process.py", line 314, in _bootstrap
    self.run()
  File "/sw/arch/RHEL8/EB_production/2023/software/Python/3.11.3-GCCcore-12.3.0/lib/python3.11/multiprocessing/process.py", line 108, in run
    self._target(*self._args, **self._kwargs)
  File "/sw/arch/RHEL8/EB_production/2023/software/Python/3.11.3-GCCcore-12.3.0/lib/python3.11/multiprocessing/pool.py", line 125, in worker
    result = (True, func(*args, **kwds))
  File "/sw/arch/RHEL8/EB_production/2023/software/Python/3.11.3-GCCcore-12.3.0/lib/python3.11/multiprocessing/pool.py", line 48, in mapstar
    return list(map(*args))
  File "/gpfs/home3/tsijpkens/TSPHardener/run.py", line 38, in run_experiment
    logging.error(f"Error in {cmd}:", f"{e.stderr}")
Message: "Error in ['python3', '-m', 'main', '[30]', '[25]', '1000', '', '--tsp_type', 'euclidean', '--distribution', 'uniform', '--mutation_strategy', 'scramble']:"
Arguments: ('Traceback (most recent call last):\n  File "<frozen runpy>", line 198, in _run_module_as_main\n  File "<frozen runpy>", line 88, in _run_code\n  File "/gpfs/home3/tsijpkens/TSPHardener/main.py", line 67, in <module>\n    main()\n  File "/gpfs/home3/tsijpkens/TSPHardener/main.py", line 58, in main\n    experiment(\n  File "/gpfs/home3/tsijpkens/TSPHardener/core/experiment.py", line 180, in experiment\n    run_single_experiment(config, citysize, rang, _mutations)\n  File "/gpfs/home3/tsijpkens/TSPHardener/core/experiment.py", line 111, in run_single_experiment\n    track_basin_transition(hardest_matrix, matrix, partial_results)\n  File "/gpfs/home3/tsijpkens/TSPHardener/core/experiment.py", line 16, in track_basin_transition\n    partial_results["transitions"][source_hash].append(mutated_hash)\n    ~~~~~~~~~~~~~~~~~~~~~~~~~~~~~~^^^^^^^^^^^^^\nKeyError: -1689863071176091321\n',)
--- Logging error ---
Traceback (most recent call last):
  File "/gpfs/home3/tsijpkens/TSPHardener/run.py", line 33, in run_experiment
    result = subprocess.run(cmd, check=True, text=True, capture_output=True)
             ^^^^^^^^^^^^^^^^^^^^^^^^^^^^^^^^^^^^^^^^^^^^^^^^^^^^^^^^^^^^^^^
  File "/sw/arch/RHEL8/EB_production/2023/software/Python/3.11.3-GCCcore-12.3.0/lib/python3.11/subprocess.py", line 571, in run
    raise CalledProcessError(retcode, process.args,
subprocess.CalledProcessError: Command '['python3', '-m', 'main', '[30]', '[10]', '1000', '', '--tsp_type', 'euclidean', '--distribution', 'uniform', '--mutation_strategy', 'scramble']' returned non-zero exit status 1.

During handling of the above exception, another exception occurred:

Traceback (most recent call last):
  File "/sw/arch/RHEL8/EB_production/2023/software/Python/3.11.3-GCCcore-12.3.0/lib/python3.11/logging/__init__.py", line 1110, in emit
    msg = self.format(record)
          ^^^^^^^^^^^^^^^^^^^
  File "/sw/arch/RHEL8/EB_production/2023/software/Python/3.11.3-GCCcore-12.3.0/lib/python3.11/logging/__init__.py", line 953, in format
    return fmt.format(record)
           ^^^^^^^^^^^^^^^^^^
  File "/sw/arch/RHEL8/EB_production/2023/software/Python/3.11.3-GCCcore-12.3.0/lib/python3.11/logging/__init__.py", line 687, in format
    record.message = record.getMessage()
                     ^^^^^^^^^^^^^^^^^^^
  File "/sw/arch/RHEL8/EB_production/2023/software/Python/3.11.3-GCCcore-12.3.0/lib/python3.11/logging/__init__.py", line 377, in getMessage
    msg = msg % self.args
          ~~~~^~~~~~~~~~~
TypeError: not all arguments converted during string formatting
Call stack:
  File "/gpfs/home3/tsijpkens/TSPHardener/run.py", line 46, in <module>
    with Pool(processes=128) as pool:
  File "/sw/arch/RHEL8/EB_production/2023/software/Python/3.11.3-GCCcore-12.3.0/lib/python3.11/multiprocessing/context.py", line 119, in Pool
    return Pool(processes, initializer, initargs, maxtasksperchild,
  File "/sw/arch/RHEL8/EB_production/2023/software/Python/3.11.3-GCCcore-12.3.0/lib/python3.11/multiprocessing/pool.py", line 215, in __init__
    self._repopulate_pool()
  File "/sw/arch/RHEL8/EB_production/2023/software/Python/3.11.3-GCCcore-12.3.0/lib/python3.11/multiprocessing/pool.py", line 306, in _repopulate_pool
    return self._repopulate_pool_static(self._ctx, self.Process,
  File "/sw/arch/RHEL8/EB_production/2023/software/Python/3.11.3-GCCcore-12.3.0/lib/python3.11/multiprocessing/pool.py", line 329, in _repopulate_pool_static
    w.start()
  File "/sw/arch/RHEL8/EB_production/2023/software/Python/3.11.3-GCCcore-12.3.0/lib/python3.11/multiprocessing/process.py", line 121, in start
    self._popen = self._Popen(self)
  File "/sw/arch/RHEL8/EB_production/2023/software/Python/3.11.3-GCCcore-12.3.0/lib/python3.11/multiprocessing/context.py", line 281, in _Popen
    return Popen(process_obj)
  File "/sw/arch/RHEL8/EB_production/2023/software/Python/3.11.3-GCCcore-12.3.0/lib/python3.11/multiprocessing/popen_fork.py", line 19, in __init__
    self._launch(process_obj)
  File "/sw/arch/RHEL8/EB_production/2023/software/Python/3.11.3-GCCcore-12.3.0/lib/python3.11/multiprocessing/popen_fork.py", line 71, in _launch
    code = process_obj._bootstrap(parent_sentinel=child_r)
  File "/sw/arch/RHEL8/EB_production/2023/software/Python/3.11.3-GCCcore-12.3.0/lib/python3.11/multiprocessing/process.py", line 314, in _bootstrap
    self.run()
  File "/sw/arch/RHEL8/EB_production/2023/software/Python/3.11.3-GCCcore-12.3.0/lib/python3.11/multiprocessing/process.py", line 108, in run
    self._target(*self._args, **self._kwargs)
  File "/sw/arch/RHEL8/EB_production/2023/software/Python/3.11.3-GCCcore-12.3.0/lib/python3.11/multiprocessing/pool.py", line 125, in worker
    result = (True, func(*args, **kwds))
  File "/sw/arch/RHEL8/EB_production/2023/software/Python/3.11.3-GCCcore-12.3.0/lib/python3.11/multiprocessing/pool.py", line 48, in mapstar
    return list(map(*args))
  File "/gpfs/home3/tsijpkens/TSPHardener/run.py", line 38, in run_experiment
    logging.error(f"Error in {cmd}:", f"{e.stderr}")
Message: "Error in ['python3', '-m', 'main', '[30]', '[10]', '1000', '', '--tsp_type', 'euclidean', '--distribution', 'uniform', '--mutation_strategy', 'scramble']:"
Arguments: ('Traceback (most recent call last):\n  File "<frozen runpy>", line 198, in _run_module_as_main\n  File "<frozen runpy>", line 88, in _run_code\n  File "/gpfs/home3/tsijpkens/TSPHardener/main.py", line 67, in <module>\n    main()\n  File "/gpfs/home3/tsijpkens/TSPHardener/main.py", line 58, in main\n    experiment(\n  File "/gpfs/home3/tsijpkens/TSPHardener/core/experiment.py", line 180, in experiment\n    run_single_experiment(config, citysize, rang, _mutations)\n  File "/gpfs/home3/tsijpkens/TSPHardener/core/experiment.py", line 111, in run_single_experiment\n    track_basin_transition(hardest_matrix, matrix, partial_results)\n  File "/gpfs/home3/tsijpkens/TSPHardener/core/experiment.py", line 16, in track_basin_transition\n    partial_results["transitions"][source_hash].append(mutated_hash)\n    ~~~~~~~~~~~~~~~~~~~~~~~~~~~~~~^^^^^^^^^^^^^\nKeyError: 7102862560329187167\n',)
--- Logging error ---
Traceback (most recent call last):
  File "/gpfs/home3/tsijpkens/TSPHardener/run.py", line 33, in run_experiment
    result = subprocess.run(cmd, check=True, text=True, capture_output=True)
             ^^^^^^^^^^^^^^^^^^^^^^^^^^^^^^^^^^^^^^^^^^^^^^^^^^^^^^^^^^^^^^^
  File "/sw/arch/RHEL8/EB_production/2023/software/Python/3.11.3-GCCcore-12.3.0/lib/python3.11/subprocess.py", line 571, in run
    raise CalledProcessError(retcode, process.args,
subprocess.CalledProcessError: Command '['python3', '-m', 'main', '[20]', '[3.4]', '1000', '', '--tsp_type', 'euclidean', '--distribution', 'lognormal', '--mutation_strategy', 'wouter']' returned non-zero exit status 1.

During handling of the above exception, another exception occurred:

Traceback (most recent call last):
  File "/sw/arch/RHEL8/EB_production/2023/software/Python/3.11.3-GCCcore-12.3.0/lib/python3.11/logging/__init__.py", line 1110, in emit
    msg = self.format(record)
          ^^^^^^^^^^^^^^^^^^^
  File "/sw/arch/RHEL8/EB_production/2023/software/Python/3.11.3-GCCcore-12.3.0/lib/python3.11/logging/__init__.py", line 953, in format
    return fmt.format(record)
           ^^^^^^^^^^^^^^^^^^
  File "/sw/arch/RHEL8/EB_production/2023/software/Python/3.11.3-GCCcore-12.3.0/lib/python3.11/logging/__init__.py", line 687, in format
    record.message = record.getMessage()
                     ^^^^^^^^^^^^^^^^^^^
  File "/sw/arch/RHEL8/EB_production/2023/software/Python/3.11.3-GCCcore-12.3.0/lib/python3.11/logging/__init__.py", line 377, in getMessage
    msg = msg % self.args
          ~~~~^~~~~~~~~~~
TypeError: not all arguments converted during string formatting
Call stack:
  File "/gpfs/home3/tsijpkens/TSPHardener/run.py", line 46, in <module>
    with Pool(processes=128) as pool:
  File "/sw/arch/RHEL8/EB_production/2023/software/Python/3.11.3-GCCcore-12.3.0/lib/python3.11/multiprocessing/context.py", line 119, in Pool
    return Pool(processes, initializer, initargs, maxtasksperchild,
  File "/sw/arch/RHEL8/EB_production/2023/software/Python/3.11.3-GCCcore-12.3.0/lib/python3.11/multiprocessing/pool.py", line 215, in __init__
    self._repopulate_pool()
  File "/sw/arch/RHEL8/EB_production/2023/software/Python/3.11.3-GCCcore-12.3.0/lib/python3.11/multiprocessing/pool.py", line 306, in _repopulate_pool
    return self._repopulate_pool_static(self._ctx, self.Process,
  File "/sw/arch/RHEL8/EB_production/2023/software/Python/3.11.3-GCCcore-12.3.0/lib/python3.11/multiprocessing/pool.py", line 329, in _repopulate_pool_static
    w.start()
  File "/sw/arch/RHEL8/EB_production/2023/software/Python/3.11.3-GCCcore-12.3.0/lib/python3.11/multiprocessing/process.py", line 121, in start
    self._popen = self._Popen(self)
  File "/sw/arch/RHEL8/EB_production/2023/software/Python/3.11.3-GCCcore-12.3.0/lib/python3.11/multiprocessing/context.py", line 281, in _Popen
    return Popen(process_obj)
  File "/sw/arch/RHEL8/EB_production/2023/software/Python/3.11.3-GCCcore-12.3.0/lib/python3.11/multiprocessing/popen_fork.py", line 19, in __init__
    self._launch(process_obj)
  File "/sw/arch/RHEL8/EB_production/2023/software/Python/3.11.3-GCCcore-12.3.0/lib/python3.11/multiprocessing/popen_fork.py", line 71, in _launch
    code = process_obj._bootstrap(parent_sentinel=child_r)
  File "/sw/arch/RHEL8/EB_production/2023/software/Python/3.11.3-GCCcore-12.3.0/lib/python3.11/multiprocessing/process.py", line 314, in _bootstrap
    self.run()
  File "/sw/arch/RHEL8/EB_production/2023/software/Python/3.11.3-GCCcore-12.3.0/lib/python3.11/multiprocessing/process.py", line 108, in run
    self._target(*self._args, **self._kwargs)
  File "/sw/arch/RHEL8/EB_production/2023/software/Python/3.11.3-GCCcore-12.3.0/lib/python3.11/multiprocessing/pool.py", line 125, in worker
    result = (True, func(*args, **kwds))
  File "/sw/arch/RHEL8/EB_production/2023/software/Python/3.11.3-GCCcore-12.3.0/lib/python3.11/multiprocessing/pool.py", line 48, in mapstar
    return list(map(*args))
  File "/gpfs/home3/tsijpkens/TSPHardener/run.py", line 38, in run_experiment
    logging.error(f"Error in {cmd}:", f"{e.stderr}")
Message: "Error in ['python3', '-m', 'main', '[20]', '[3.4]', '1000', '', '--tsp_type', 'euclidean', '--distribution', 'lognormal', '--mutation_strategy', 'wouter']:"
Arguments: ('Traceback (most recent call last):\n  File "<frozen runpy>", line 198, in _run_module_as_main\n  File "<frozen runpy>", line 88, in _run_code\n  File "/gpfs/home3/tsijpkens/TSPHardener/main.py", line 67, in <module>\n    main()\n  File "/gpfs/home3/tsijpkens/TSPHardener/main.py", line 58, in main\n    experiment(\n  File "/gpfs/home3/tsijpkens/TSPHardener/core/experiment.py", line 180, in experiment\n    run_single_experiment(config, citysize, rang, _mutations)\n  File "/gpfs/home3/tsijpkens/TSPHardener/core/experiment.py", line 111, in run_single_experiment\n    track_basin_transition(hardest_matrix, matrix, partial_results)\n  File "/gpfs/home3/tsijpkens/TSPHardener/core/experiment.py", line 16, in track_basin_transition\n    partial_results["transitions"][source_hash].append(mutated_hash)\n    ~~~~~~~~~~~~~~~~~~~~~~~~~~~~~~^^^^^^^^^^^^^\nKeyError: -7867905365335898112\n',)
--- Logging error ---
Traceback (most recent call last):
  File "/gpfs/home3/tsijpkens/TSPHardener/run.py", line 33, in run_experiment
    result = subprocess.run(cmd, check=True, text=True, capture_output=True)
             ^^^^^^^^^^^^^^^^^^^^^^^^^^^^^^^^^^^^^^^^^^^^^^^^^^^^^^^^^^^^^^^
  File "/sw/arch/RHEL8/EB_production/2023/software/Python/3.11.3-GCCcore-12.3.0/lib/python3.11/subprocess.py", line 571, in run
    raise CalledProcessError(retcode, process.args,
subprocess.CalledProcessError: Command '['python3', '-m', 'main', '[20]', '[2.4]', '1000', '', '--tsp_type', 'euclidean', '--distribution', 'lognormal', '--mutation_strategy', 'swap']' returned non-zero exit status 1.

During handling of the above exception, another exception occurred:

Traceback (most recent call last):
  File "/sw/arch/RHEL8/EB_production/2023/software/Python/3.11.3-GCCcore-12.3.0/lib/python3.11/logging/__init__.py", line 1110, in emit
    msg = self.format(record)
          ^^^^^^^^^^^^^^^^^^^
  File "/sw/arch/RHEL8/EB_production/2023/software/Python/3.11.3-GCCcore-12.3.0/lib/python3.11/logging/__init__.py", line 953, in format
    return fmt.format(record)
           ^^^^^^^^^^^^^^^^^^
  File "/sw/arch/RHEL8/EB_production/2023/software/Python/3.11.3-GCCcore-12.3.0/lib/python3.11/logging/__init__.py", line 687, in format
    record.message = record.getMessage()
                     ^^^^^^^^^^^^^^^^^^^
  File "/sw/arch/RHEL8/EB_production/2023/software/Python/3.11.3-GCCcore-12.3.0/lib/python3.11/logging/__init__.py", line 377, in getMessage
    msg = msg % self.args
          ~~~~^~~~~~~~~~~
TypeError: not all arguments converted during string formatting
Call stack:
  File "/gpfs/home3/tsijpkens/TSPHardener/run.py", line 46, in <module>
    with Pool(processes=128) as pool:
  File "/sw/arch/RHEL8/EB_production/2023/software/Python/3.11.3-GCCcore-12.3.0/lib/python3.11/multiprocessing/context.py", line 119, in Pool
    return Pool(processes, initializer, initargs, maxtasksperchild,
  File "/sw/arch/RHEL8/EB_production/2023/software/Python/3.11.3-GCCcore-12.3.0/lib/python3.11/multiprocessing/pool.py", line 215, in __init__
    self._repopulate_pool()
  File "/sw/arch/RHEL8/EB_production/2023/software/Python/3.11.3-GCCcore-12.3.0/lib/python3.11/multiprocessing/pool.py", line 306, in _repopulate_pool
    return self._repopulate_pool_static(self._ctx, self.Process,
  File "/sw/arch/RHEL8/EB_production/2023/software/Python/3.11.3-GCCcore-12.3.0/lib/python3.11/multiprocessing/pool.py", line 329, in _repopulate_pool_static
    w.start()
  File "/sw/arch/RHEL8/EB_production/2023/software/Python/3.11.3-GCCcore-12.3.0/lib/python3.11/multiprocessing/process.py", line 121, in start
    self._popen = self._Popen(self)
  File "/sw/arch/RHEL8/EB_production/2023/software/Python/3.11.3-GCCcore-12.3.0/lib/python3.11/multiprocessing/context.py", line 281, in _Popen
    return Popen(process_obj)
  File "/sw/arch/RHEL8/EB_production/2023/software/Python/3.11.3-GCCcore-12.3.0/lib/python3.11/multiprocessing/popen_fork.py", line 19, in __init__
    self._launch(process_obj)
  File "/sw/arch/RHEL8/EB_production/2023/software/Python/3.11.3-GCCcore-12.3.0/lib/python3.11/multiprocessing/popen_fork.py", line 71, in _launch
    code = process_obj._bootstrap(parent_sentinel=child_r)
  File "/sw/arch/RHEL8/EB_production/2023/software/Python/3.11.3-GCCcore-12.3.0/lib/python3.11/multiprocessing/process.py", line 314, in _bootstrap
    self.run()
  File "/sw/arch/RHEL8/EB_production/2023/software/Python/3.11.3-GCCcore-12.3.0/lib/python3.11/multiprocessing/process.py", line 108, in run
    self._target(*self._args, **self._kwargs)
  File "/sw/arch/RHEL8/EB_production/2023/software/Python/3.11.3-GCCcore-12.3.0/lib/python3.11/multiprocessing/pool.py", line 125, in worker
    result = (True, func(*args, **kwds))
  File "/sw/arch/RHEL8/EB_production/2023/software/Python/3.11.3-GCCcore-12.3.0/lib/python3.11/multiprocessing/pool.py", line 48, in mapstar
    return list(map(*args))
  File "/gpfs/home3/tsijpkens/TSPHardener/run.py", line 38, in run_experiment
    logging.error(f"Error in {cmd}:", f"{e.stderr}")
Message: "Error in ['python3', '-m', 'main', '[20]', '[2.4]', '1000', '', '--tsp_type', 'euclidean', '--distribution', 'lognormal', '--mutation_strategy', 'swap']:"
Arguments: ('Traceback (most recent call last):\n  File "<frozen runpy>", line 198, in _run_module_as_main\n  File "<frozen runpy>", line 88, in _run_code\n  File "/gpfs/home3/tsijpkens/TSPHardener/main.py", line 67, in <module>\n    main()\n  File "/gpfs/home3/tsijpkens/TSPHardener/main.py", line 58, in main\n    experiment(\n  File "/gpfs/home3/tsijpkens/TSPHardener/core/experiment.py", line 180, in experiment\n    run_single_experiment(config, citysize, rang, _mutations)\n  File "/gpfs/home3/tsijpkens/TSPHardener/core/experiment.py", line 111, in run_single_experiment\n    track_basin_transition(hardest_matrix, matrix, partial_results)\n  File "/gpfs/home3/tsijpkens/TSPHardener/core/experiment.py", line 16, in track_basin_transition\n    partial_results["transitions"][source_hash].append(mutated_hash)\n    ~~~~~~~~~~~~~~~~~~~~~~~~~~~~~~^^^^^^^^^^^^^\nKeyError: 5166748344631644801\n',)
--- Logging error ---
Traceback (most recent call last):
  File "/gpfs/home3/tsijpkens/TSPHardener/run.py", line 33, in run_experiment
    result = subprocess.run(cmd, check=True, text=True, capture_output=True)
             ^^^^^^^^^^^^^^^^^^^^^^^^^^^^^^^^^^^^^^^^^^^^^^^^^^^^^^^^^^^^^^^
  File "/sw/arch/RHEL8/EB_production/2023/software/Python/3.11.3-GCCcore-12.3.0/lib/python3.11/subprocess.py", line 571, in run
    raise CalledProcessError(retcode, process.args,
subprocess.CalledProcessError: Command '['python3', '-m', 'main', '[20]', '[4.6]', '1000', '', '--tsp_type', 'euclidean', '--distribution', 'lognormal', '--mutation_strategy', 'scramble']' returned non-zero exit status 1.

During handling of the above exception, another exception occurred:

Traceback (most recent call last):
  File "/sw/arch/RHEL8/EB_production/2023/software/Python/3.11.3-GCCcore-12.3.0/lib/python3.11/logging/__init__.py", line 1110, in emit
    msg = self.format(record)
          ^^^^^^^^^^^^^^^^^^^
  File "/sw/arch/RHEL8/EB_production/2023/software/Python/3.11.3-GCCcore-12.3.0/lib/python3.11/logging/__init__.py", line 953, in format
    return fmt.format(record)
           ^^^^^^^^^^^^^^^^^^
  File "/sw/arch/RHEL8/EB_production/2023/software/Python/3.11.3-GCCcore-12.3.0/lib/python3.11/logging/__init__.py", line 687, in format
    record.message = record.getMessage()
                     ^^^^^^^^^^^^^^^^^^^
  File "/sw/arch/RHEL8/EB_production/2023/software/Python/3.11.3-GCCcore-12.3.0/lib/python3.11/logging/__init__.py", line 377, in getMessage
    msg = msg % self.args
          ~~~~^~~~~~~~~~~
TypeError: not all arguments converted during string formatting
Call stack:
  File "/gpfs/home3/tsijpkens/TSPHardener/run.py", line 46, in <module>
    with Pool(processes=128) as pool:
  File "/sw/arch/RHEL8/EB_production/2023/software/Python/3.11.3-GCCcore-12.3.0/lib/python3.11/multiprocessing/context.py", line 119, in Pool
    return Pool(processes, initializer, initargs, maxtasksperchild,
  File "/sw/arch/RHEL8/EB_production/2023/software/Python/3.11.3-GCCcore-12.3.0/lib/python3.11/multiprocessing/pool.py", line 215, in __init__
    self._repopulate_pool()
  File "/sw/arch/RHEL8/EB_production/2023/software/Python/3.11.3-GCCcore-12.3.0/lib/python3.11/multiprocessing/pool.py", line 306, in _repopulate_pool
    return self._repopulate_pool_static(self._ctx, self.Process,
  File "/sw/arch/RHEL8/EB_production/2023/software/Python/3.11.3-GCCcore-12.3.0/lib/python3.11/multiprocessing/pool.py", line 329, in _repopulate_pool_static
    w.start()
  File "/sw/arch/RHEL8/EB_production/2023/software/Python/3.11.3-GCCcore-12.3.0/lib/python3.11/multiprocessing/process.py", line 121, in start
    self._popen = self._Popen(self)
  File "/sw/arch/RHEL8/EB_production/2023/software/Python/3.11.3-GCCcore-12.3.0/lib/python3.11/multiprocessing/context.py", line 281, in _Popen
    return Popen(process_obj)
  File "/sw/arch/RHEL8/EB_production/2023/software/Python/3.11.3-GCCcore-12.3.0/lib/python3.11/multiprocessing/popen_fork.py", line 19, in __init__
    self._launch(process_obj)
  File "/sw/arch/RHEL8/EB_production/2023/software/Python/3.11.3-GCCcore-12.3.0/lib/python3.11/multiprocessing/popen_fork.py", line 71, in _launch
    code = process_obj._bootstrap(parent_sentinel=child_r)
  File "/sw/arch/RHEL8/EB_production/2023/software/Python/3.11.3-GCCcore-12.3.0/lib/python3.11/multiprocessing/process.py", line 314, in _bootstrap
    self.run()
  File "/sw/arch/RHEL8/EB_production/2023/software/Python/3.11.3-GCCcore-12.3.0/lib/python3.11/multiprocessing/process.py", line 108, in run
    self._target(*self._args, **self._kwargs)
  File "/sw/arch/RHEL8/EB_production/2023/software/Python/3.11.3-GCCcore-12.3.0/lib/python3.11/multiprocessing/pool.py", line 125, in worker
    result = (True, func(*args, **kwds))
  File "/sw/arch/RHEL8/EB_production/2023/software/Python/3.11.3-GCCcore-12.3.0/lib/python3.11/multiprocessing/pool.py", line 48, in mapstar
    return list(map(*args))
  File "/gpfs/home3/tsijpkens/TSPHardener/run.py", line 38, in run_experiment
    logging.error(f"Error in {cmd}:", f"{e.stderr}")
Message: "Error in ['python3', '-m', 'main', '[20]', '[4.6]', '1000', '', '--tsp_type', 'euclidean', '--distribution', 'lognormal', '--mutation_strategy', 'scramble']:"
Arguments: ('Traceback (most recent call last):\n  File "<frozen runpy>", line 198, in _run_module_as_main\n  File "<frozen runpy>", line 88, in _run_code\n  File "/gpfs/home3/tsijpkens/TSPHardener/main.py", line 67, in <module>\n    main()\n  File "/gpfs/home3/tsijpkens/TSPHardener/main.py", line 58, in main\n    experiment(\n  File "/gpfs/home3/tsijpkens/TSPHardener/core/experiment.py", line 180, in experiment\n    run_single_experiment(config, citysize, rang, _mutations)\n  File "/gpfs/home3/tsijpkens/TSPHardener/core/experiment.py", line 111, in run_single_experiment\n    track_basin_transition(hardest_matrix, matrix, partial_results)\n  File "/gpfs/home3/tsijpkens/TSPHardener/core/experiment.py", line 16, in track_basin_transition\n    partial_results["transitions"][source_hash].append(mutated_hash)\n    ~~~~~~~~~~~~~~~~~~~~~~~~~~~~~~^^^^^^^^^^^^^\nKeyError: -7218320771454143060\n',)
--- Logging error ---
Traceback (most recent call last):
  File "/gpfs/home3/tsijpkens/TSPHardener/run.py", line 33, in run_experiment
    result = subprocess.run(cmd, check=True, text=True, capture_output=True)
             ^^^^^^^^^^^^^^^^^^^^^^^^^^^^^^^^^^^^^^^^^^^^^^^^^^^^^^^^^^^^^^^
  File "/sw/arch/RHEL8/EB_production/2023/software/Python/3.11.3-GCCcore-12.3.0/lib/python3.11/subprocess.py", line 571, in run
    raise CalledProcessError(retcode, process.args,
subprocess.CalledProcessError: Command '['python3', '-m', 'main', '[20]', '[4.0]', '1000', '', '--tsp_type', 'euclidean', '--distribution', 'lognormal', '--mutation_strategy', 'wouter']' returned non-zero exit status 1.

During handling of the above exception, another exception occurred:

Traceback (most recent call last):
  File "/sw/arch/RHEL8/EB_production/2023/software/Python/3.11.3-GCCcore-12.3.0/lib/python3.11/logging/__init__.py", line 1110, in emit
    msg = self.format(record)
          ^^^^^^^^^^^^^^^^^^^
  File "/sw/arch/RHEL8/EB_production/2023/software/Python/3.11.3-GCCcore-12.3.0/lib/python3.11/logging/__init__.py", line 953, in format
    return fmt.format(record)
           ^^^^^^^^^^^^^^^^^^
  File "/sw/arch/RHEL8/EB_production/2023/software/Python/3.11.3-GCCcore-12.3.0/lib/python3.11/logging/__init__.py", line 687, in format
    record.message = record.getMessage()
                     ^^^^^^^^^^^^^^^^^^^
  File "/sw/arch/RHEL8/EB_production/2023/software/Python/3.11.3-GCCcore-12.3.0/lib/python3.11/logging/__init__.py", line 377, in getMessage
    msg = msg % self.args
          ~~~~^~~~~~~~~~~
TypeError: not all arguments converted during string formatting
Call stack:
  File "/gpfs/home3/tsijpkens/TSPHardener/run.py", line 46, in <module>
    with Pool(processes=128) as pool:
  File "/sw/arch/RHEL8/EB_production/2023/software/Python/3.11.3-GCCcore-12.3.0/lib/python3.11/multiprocessing/context.py", line 119, in Pool
    return Pool(processes, initializer, initargs, maxtasksperchild,
  File "/sw/arch/RHEL8/EB_production/2023/software/Python/3.11.3-GCCcore-12.3.0/lib/python3.11/multiprocessing/pool.py", line 215, in __init__
    self._repopulate_pool()
  File "/sw/arch/RHEL8/EB_production/2023/software/Python/3.11.3-GCCcore-12.3.0/lib/python3.11/multiprocessing/pool.py", line 306, in _repopulate_pool
    return self._repopulate_pool_static(self._ctx, self.Process,
  File "/sw/arch/RHEL8/EB_production/2023/software/Python/3.11.3-GCCcore-12.3.0/lib/python3.11/multiprocessing/pool.py", line 329, in _repopulate_pool_static
    w.start()
  File "/sw/arch/RHEL8/EB_production/2023/software/Python/3.11.3-GCCcore-12.3.0/lib/python3.11/multiprocessing/process.py", line 121, in start
    self._popen = self._Popen(self)
  File "/sw/arch/RHEL8/EB_production/2023/software/Python/3.11.3-GCCcore-12.3.0/lib/python3.11/multiprocessing/context.py", line 281, in _Popen
    return Popen(process_obj)
  File "/sw/arch/RHEL8/EB_production/2023/software/Python/3.11.3-GCCcore-12.3.0/lib/python3.11/multiprocessing/popen_fork.py", line 19, in __init__
    self._launch(process_obj)
  File "/sw/arch/RHEL8/EB_production/2023/software/Python/3.11.3-GCCcore-12.3.0/lib/python3.11/multiprocessing/popen_fork.py", line 71, in _launch
    code = process_obj._bootstrap(parent_sentinel=child_r)
  File "/sw/arch/RHEL8/EB_production/2023/software/Python/3.11.3-GCCcore-12.3.0/lib/python3.11/multiprocessing/process.py", line 314, in _bootstrap
    self.run()
  File "/sw/arch/RHEL8/EB_production/2023/software/Python/3.11.3-GCCcore-12.3.0/lib/python3.11/multiprocessing/process.py", line 108, in run
    self._target(*self._args, **self._kwargs)
  File "/sw/arch/RHEL8/EB_production/2023/software/Python/3.11.3-GCCcore-12.3.0/lib/python3.11/multiprocessing/pool.py", line 125, in worker
    result = (True, func(*args, **kwds))
  File "/sw/arch/RHEL8/EB_production/2023/software/Python/3.11.3-GCCcore-12.3.0/lib/python3.11/multiprocessing/pool.py", line 48, in mapstar
    return list(map(*args))
  File "/gpfs/home3/tsijpkens/TSPHardener/run.py", line 38, in run_experiment
    logging.error(f"Error in {cmd}:", f"{e.stderr}")
Message: "Error in ['python3', '-m', 'main', '[20]', '[4.0]', '1000', '', '--tsp_type', 'euclidean', '--distribution', 'lognormal', '--mutation_strategy', 'wouter']:"
Arguments: ('Traceback (most recent call last):\n  File "<frozen runpy>", line 198, in _run_module_as_main\n  File "<frozen runpy>", line 88, in _run_code\n  File "/gpfs/home3/tsijpkens/TSPHardener/main.py", line 67, in <module>\n    main()\n  File "/gpfs/home3/tsijpkens/TSPHardener/main.py", line 58, in main\n    experiment(\n  File "/gpfs/home3/tsijpkens/TSPHardener/core/experiment.py", line 180, in experiment\n    run_single_experiment(config, citysize, rang, _mutations)\n  File "/gpfs/home3/tsijpkens/TSPHardener/core/experiment.py", line 111, in run_single_experiment\n    track_basin_transition(hardest_matrix, matrix, partial_results)\n  File "/gpfs/home3/tsijpkens/TSPHardener/core/experiment.py", line 16, in track_basin_transition\n    partial_results["transitions"][source_hash].append(mutated_hash)\n    ~~~~~~~~~~~~~~~~~~~~~~~~~~~~~~^^^^^^^^^^^^^\nKeyError: 7302096936976037598\n',)
--- Logging error ---
Traceback (most recent call last):
  File "/gpfs/home3/tsijpkens/TSPHardener/run.py", line 33, in run_experiment
    result = subprocess.run(cmd, check=True, text=True, capture_output=True)
             ^^^^^^^^^^^^^^^^^^^^^^^^^^^^^^^^^^^^^^^^^^^^^^^^^^^^^^^^^^^^^^^
  File "/sw/arch/RHEL8/EB_production/2023/software/Python/3.11.3-GCCcore-12.3.0/lib/python3.11/subprocess.py", line 571, in run
    raise CalledProcessError(retcode, process.args,
subprocess.CalledProcessError: Command '['python3', '-m', 'main', '[30]', '[1.0]', '1000', '', '--tsp_type', 'euclidean', '--distribution', 'lognormal', '--mutation_strategy', 'scramble']' returned non-zero exit status 1.

During handling of the above exception, another exception occurred:

Traceback (most recent call last):
  File "/sw/arch/RHEL8/EB_production/2023/software/Python/3.11.3-GCCcore-12.3.0/lib/python3.11/logging/__init__.py", line 1110, in emit
    msg = self.format(record)
          ^^^^^^^^^^^^^^^^^^^
  File "/sw/arch/RHEL8/EB_production/2023/software/Python/3.11.3-GCCcore-12.3.0/lib/python3.11/logging/__init__.py", line 953, in format
    return fmt.format(record)
           ^^^^^^^^^^^^^^^^^^
  File "/sw/arch/RHEL8/EB_production/2023/software/Python/3.11.3-GCCcore-12.3.0/lib/python3.11/logging/__init__.py", line 687, in format
    record.message = record.getMessage()
                     ^^^^^^^^^^^^^^^^^^^
  File "/sw/arch/RHEL8/EB_production/2023/software/Python/3.11.3-GCCcore-12.3.0/lib/python3.11/logging/__init__.py", line 377, in getMessage
    msg = msg % self.args
          ~~~~^~~~~~~~~~~
TypeError: not all arguments converted during string formatting
Call stack:
  File "/gpfs/home3/tsijpkens/TSPHardener/run.py", line 46, in <module>
    with Pool(processes=128) as pool:
  File "/sw/arch/RHEL8/EB_production/2023/software/Python/3.11.3-GCCcore-12.3.0/lib/python3.11/multiprocessing/context.py", line 119, in Pool
    return Pool(processes, initializer, initargs, maxtasksperchild,
  File "/sw/arch/RHEL8/EB_production/2023/software/Python/3.11.3-GCCcore-12.3.0/lib/python3.11/multiprocessing/pool.py", line 215, in __init__
    self._repopulate_pool()
  File "/sw/arch/RHEL8/EB_production/2023/software/Python/3.11.3-GCCcore-12.3.0/lib/python3.11/multiprocessing/pool.py", line 306, in _repopulate_pool
    return self._repopulate_pool_static(self._ctx, self.Process,
  File "/sw/arch/RHEL8/EB_production/2023/software/Python/3.11.3-GCCcore-12.3.0/lib/python3.11/multiprocessing/pool.py", line 329, in _repopulate_pool_static
    w.start()
  File "/sw/arch/RHEL8/EB_production/2023/software/Python/3.11.3-GCCcore-12.3.0/lib/python3.11/multiprocessing/process.py", line 121, in start
    self._popen = self._Popen(self)
  File "/sw/arch/RHEL8/EB_production/2023/software/Python/3.11.3-GCCcore-12.3.0/lib/python3.11/multiprocessing/context.py", line 281, in _Popen
    return Popen(process_obj)
  File "/sw/arch/RHEL8/EB_production/2023/software/Python/3.11.3-GCCcore-12.3.0/lib/python3.11/multiprocessing/popen_fork.py", line 19, in __init__
    self._launch(process_obj)
  File "/sw/arch/RHEL8/EB_production/2023/software/Python/3.11.3-GCCcore-12.3.0/lib/python3.11/multiprocessing/popen_fork.py", line 71, in _launch
    code = process_obj._bootstrap(parent_sentinel=child_r)
  File "/sw/arch/RHEL8/EB_production/2023/software/Python/3.11.3-GCCcore-12.3.0/lib/python3.11/multiprocessing/process.py", line 314, in _bootstrap
    self.run()
  File "/sw/arch/RHEL8/EB_production/2023/software/Python/3.11.3-GCCcore-12.3.0/lib/python3.11/multiprocessing/process.py", line 108, in run
    self._target(*self._args, **self._kwargs)
  File "/sw/arch/RHEL8/EB_production/2023/software/Python/3.11.3-GCCcore-12.3.0/lib/python3.11/multiprocessing/pool.py", line 125, in worker
    result = (True, func(*args, **kwds))
  File "/sw/arch/RHEL8/EB_production/2023/software/Python/3.11.3-GCCcore-12.3.0/lib/python3.11/multiprocessing/pool.py", line 48, in mapstar
    return list(map(*args))
  File "/gpfs/home3/tsijpkens/TSPHardener/run.py", line 38, in run_experiment
    logging.error(f"Error in {cmd}:", f"{e.stderr}")
Message: "Error in ['python3', '-m', 'main', '[30]', '[1.0]', '1000', '', '--tsp_type', 'euclidean', '--distribution', 'lognormal', '--mutation_strategy', 'scramble']:"
Arguments: ('Traceback (most recent call last):\n  File "<frozen runpy>", line 198, in _run_module_as_main\n  File "<frozen runpy>", line 88, in _run_code\n  File "/gpfs/home3/tsijpkens/TSPHardener/main.py", line 67, in <module>\n    main()\n  File "/gpfs/home3/tsijpkens/TSPHardener/main.py", line 58, in main\n    experiment(\n  File "/gpfs/home3/tsijpkens/TSPHardener/core/experiment.py", line 180, in experiment\n    run_single_experiment(config, citysize, rang, _mutations)\n  File "/gpfs/home3/tsijpkens/TSPHardener/core/experiment.py", line 111, in run_single_experiment\n    track_basin_transition(hardest_matrix, matrix, partial_results)\n  File "/gpfs/home3/tsijpkens/TSPHardener/core/experiment.py", line 16, in track_basin_transition\n    partial_results["transitions"][source_hash].append(mutated_hash)\n    ~~~~~~~~~~~~~~~~~~~~~~~~~~~~~~^^^^^^^^^^^^^\nKeyError: -2371237822610987694\n',)
--- Logging error ---
Traceback (most recent call last):
  File "/gpfs/home3/tsijpkens/TSPHardener/run.py", line 33, in run_experiment
    result = subprocess.run(cmd, check=True, text=True, capture_output=True)
             ^^^^^^^^^^^^^^^^^^^^^^^^^^^^^^^^^^^^^^^^^^^^^^^^^^^^^^^^^^^^^^^
  File "/sw/arch/RHEL8/EB_production/2023/software/Python/3.11.3-GCCcore-12.3.0/lib/python3.11/subprocess.py", line 571, in run
    raise CalledProcessError(retcode, process.args,
subprocess.CalledProcessError: Command '['python3', '-m', 'main', '[30]', '[0.6]', '1000', '', '--tsp_type', 'euclidean', '--distribution', 'lognormal', '--mutation_strategy', 'swap']' returned non-zero exit status 1.

During handling of the above exception, another exception occurred:

Traceback (most recent call last):
  File "/sw/arch/RHEL8/EB_production/2023/software/Python/3.11.3-GCCcore-12.3.0/lib/python3.11/logging/__init__.py", line 1110, in emit
    msg = self.format(record)
          ^^^^^^^^^^^^^^^^^^^
  File "/sw/arch/RHEL8/EB_production/2023/software/Python/3.11.3-GCCcore-12.3.0/lib/python3.11/logging/__init__.py", line 953, in format
    return fmt.format(record)
           ^^^^^^^^^^^^^^^^^^
  File "/sw/arch/RHEL8/EB_production/2023/software/Python/3.11.3-GCCcore-12.3.0/lib/python3.11/logging/__init__.py", line 687, in format
    record.message = record.getMessage()
                     ^^^^^^^^^^^^^^^^^^^
  File "/sw/arch/RHEL8/EB_production/2023/software/Python/3.11.3-GCCcore-12.3.0/lib/python3.11/logging/__init__.py", line 377, in getMessage
    msg = msg % self.args
          ~~~~^~~~~~~~~~~
TypeError: not all arguments converted during string formatting
Call stack:
  File "/gpfs/home3/tsijpkens/TSPHardener/run.py", line 46, in <module>
    with Pool(processes=128) as pool:
  File "/sw/arch/RHEL8/EB_production/2023/software/Python/3.11.3-GCCcore-12.3.0/lib/python3.11/multiprocessing/context.py", line 119, in Pool
    return Pool(processes, initializer, initargs, maxtasksperchild,
  File "/sw/arch/RHEL8/EB_production/2023/software/Python/3.11.3-GCCcore-12.3.0/lib/python3.11/multiprocessing/pool.py", line 215, in __init__
    self._repopulate_pool()
  File "/sw/arch/RHEL8/EB_production/2023/software/Python/3.11.3-GCCcore-12.3.0/lib/python3.11/multiprocessing/pool.py", line 306, in _repopulate_pool
    return self._repopulate_pool_static(self._ctx, self.Process,
  File "/sw/arch/RHEL8/EB_production/2023/software/Python/3.11.3-GCCcore-12.3.0/lib/python3.11/multiprocessing/pool.py", line 329, in _repopulate_pool_static
    w.start()
  File "/sw/arch/RHEL8/EB_production/2023/software/Python/3.11.3-GCCcore-12.3.0/lib/python3.11/multiprocessing/process.py", line 121, in start
    self._popen = self._Popen(self)
  File "/sw/arch/RHEL8/EB_production/2023/software/Python/3.11.3-GCCcore-12.3.0/lib/python3.11/multiprocessing/context.py", line 281, in _Popen
    return Popen(process_obj)
  File "/sw/arch/RHEL8/EB_production/2023/software/Python/3.11.3-GCCcore-12.3.0/lib/python3.11/multiprocessing/popen_fork.py", line 19, in __init__
    self._launch(process_obj)
  File "/sw/arch/RHEL8/EB_production/2023/software/Python/3.11.3-GCCcore-12.3.0/lib/python3.11/multiprocessing/popen_fork.py", line 71, in _launch
    code = process_obj._bootstrap(parent_sentinel=child_r)
  File "/sw/arch/RHEL8/EB_production/2023/software/Python/3.11.3-GCCcore-12.3.0/lib/python3.11/multiprocessing/process.py", line 314, in _bootstrap
    self.run()
  File "/sw/arch/RHEL8/EB_production/2023/software/Python/3.11.3-GCCcore-12.3.0/lib/python3.11/multiprocessing/process.py", line 108, in run
    self._target(*self._args, **self._kwargs)
  File "/sw/arch/RHEL8/EB_production/2023/software/Python/3.11.3-GCCcore-12.3.0/lib/python3.11/multiprocessing/pool.py", line 125, in worker
    result = (True, func(*args, **kwds))
  File "/sw/arch/RHEL8/EB_production/2023/software/Python/3.11.3-GCCcore-12.3.0/lib/python3.11/multiprocessing/pool.py", line 48, in mapstar
    return list(map(*args))
  File "/gpfs/home3/tsijpkens/TSPHardener/run.py", line 38, in run_experiment
    logging.error(f"Error in {cmd}:", f"{e.stderr}")
Message: "Error in ['python3', '-m', 'main', '[30]', '[0.6]', '1000', '', '--tsp_type', 'euclidean', '--distribution', 'lognormal', '--mutation_strategy', 'swap']:"
Arguments: ('Traceback (most recent call last):\n  File "<frozen runpy>", line 198, in _run_module_as_main\n  File "<frozen runpy>", line 88, in _run_code\n  File "/gpfs/home3/tsijpkens/TSPHardener/main.py", line 67, in <module>\n    main()\n  File "/gpfs/home3/tsijpkens/TSPHardener/main.py", line 58, in main\n    experiment(\n  File "/gpfs/home3/tsijpkens/TSPHardener/core/experiment.py", line 180, in experiment\n    run_single_experiment(config, citysize, rang, _mutations)\n  File "/gpfs/home3/tsijpkens/TSPHardener/core/experiment.py", line 111, in run_single_experiment\n    track_basin_transition(hardest_matrix, matrix, partial_results)\n  File "/gpfs/home3/tsijpkens/TSPHardener/core/experiment.py", line 16, in track_basin_transition\n    partial_results["transitions"][source_hash].append(mutated_hash)\n    ~~~~~~~~~~~~~~~~~~~~~~~~~~~~~~^^^^^^^^^^^^^\nKeyError: -4656399044073236920\n',)
--- Logging error ---
Traceback (most recent call last):
  File "/gpfs/home3/tsijpkens/TSPHardener/run.py", line 33, in run_experiment
    result = subprocess.run(cmd, check=True, text=True, capture_output=True)
             ^^^^^^^^^^^^^^^^^^^^^^^^^^^^^^^^^^^^^^^^^^^^^^^^^^^^^^^^^^^^^^^
  File "/sw/arch/RHEL8/EB_production/2023/software/Python/3.11.3-GCCcore-12.3.0/lib/python3.11/subprocess.py", line 571, in run
    raise CalledProcessError(retcode, process.args,
subprocess.CalledProcessError: Command '['python3', '-m', 'main', '[20]', '[1.6]', '1000', '', '--tsp_type', 'euclidean', '--distribution', 'lognormal', '--mutation_strategy', 'swap']' returned non-zero exit status 1.

During handling of the above exception, another exception occurred:

Traceback (most recent call last):
  File "/sw/arch/RHEL8/EB_production/2023/software/Python/3.11.3-GCCcore-12.3.0/lib/python3.11/logging/__init__.py", line 1110, in emit
    msg = self.format(record)
          ^^^^^^^^^^^^^^^^^^^
  File "/sw/arch/RHEL8/EB_production/2023/software/Python/3.11.3-GCCcore-12.3.0/lib/python3.11/logging/__init__.py", line 953, in format
    return fmt.format(record)
           ^^^^^^^^^^^^^^^^^^
  File "/sw/arch/RHEL8/EB_production/2023/software/Python/3.11.3-GCCcore-12.3.0/lib/python3.11/logging/__init__.py", line 687, in format
    record.message = record.getMessage()
                     ^^^^^^^^^^^^^^^^^^^
  File "/sw/arch/RHEL8/EB_production/2023/software/Python/3.11.3-GCCcore-12.3.0/lib/python3.11/logging/__init__.py", line 377, in getMessage
    msg = msg % self.args
          ~~~~^~~~~~~~~~~
TypeError: not all arguments converted during string formatting
Call stack:
  File "/gpfs/home3/tsijpkens/TSPHardener/run.py", line 46, in <module>
    with Pool(processes=128) as pool:
  File "/sw/arch/RHEL8/EB_production/2023/software/Python/3.11.3-GCCcore-12.3.0/lib/python3.11/multiprocessing/context.py", line 119, in Pool
    return Pool(processes, initializer, initargs, maxtasksperchild,
  File "/sw/arch/RHEL8/EB_production/2023/software/Python/3.11.3-GCCcore-12.3.0/lib/python3.11/multiprocessing/pool.py", line 215, in __init__
    self._repopulate_pool()
  File "/sw/arch/RHEL8/EB_production/2023/software/Python/3.11.3-GCCcore-12.3.0/lib/python3.11/multiprocessing/pool.py", line 306, in _repopulate_pool
    return self._repopulate_pool_static(self._ctx, self.Process,
  File "/sw/arch/RHEL8/EB_production/2023/software/Python/3.11.3-GCCcore-12.3.0/lib/python3.11/multiprocessing/pool.py", line 329, in _repopulate_pool_static
    w.start()
  File "/sw/arch/RHEL8/EB_production/2023/software/Python/3.11.3-GCCcore-12.3.0/lib/python3.11/multiprocessing/process.py", line 121, in start
    self._popen = self._Popen(self)
  File "/sw/arch/RHEL8/EB_production/2023/software/Python/3.11.3-GCCcore-12.3.0/lib/python3.11/multiprocessing/context.py", line 281, in _Popen
    return Popen(process_obj)
  File "/sw/arch/RHEL8/EB_production/2023/software/Python/3.11.3-GCCcore-12.3.0/lib/python3.11/multiprocessing/popen_fork.py", line 19, in __init__
    self._launch(process_obj)
  File "/sw/arch/RHEL8/EB_production/2023/software/Python/3.11.3-GCCcore-12.3.0/lib/python3.11/multiprocessing/popen_fork.py", line 71, in _launch
    code = process_obj._bootstrap(parent_sentinel=child_r)
  File "/sw/arch/RHEL8/EB_production/2023/software/Python/3.11.3-GCCcore-12.3.0/lib/python3.11/multiprocessing/process.py", line 314, in _bootstrap
    self.run()
  File "/sw/arch/RHEL8/EB_production/2023/software/Python/3.11.3-GCCcore-12.3.0/lib/python3.11/multiprocessing/process.py", line 108, in run
    self._target(*self._args, **self._kwargs)
  File "/sw/arch/RHEL8/EB_production/2023/software/Python/3.11.3-GCCcore-12.3.0/lib/python3.11/multiprocessing/pool.py", line 125, in worker
    result = (True, func(*args, **kwds))
  File "/sw/arch/RHEL8/EB_production/2023/software/Python/3.11.3-GCCcore-12.3.0/lib/python3.11/multiprocessing/pool.py", line 48, in mapstar
    return list(map(*args))
  File "/gpfs/home3/tsijpkens/TSPHardener/run.py", line 38, in run_experiment
    logging.error(f"Error in {cmd}:", f"{e.stderr}")
Message: "Error in ['python3', '-m', 'main', '[20]', '[1.6]', '1000', '', '--tsp_type', 'euclidean', '--distribution', 'lognormal', '--mutation_strategy', 'swap']:"
Arguments: ('Traceback (most recent call last):\n  File "<frozen runpy>", line 198, in _run_module_as_main\n  File "<frozen runpy>", line 88, in _run_code\n  File "/gpfs/home3/tsijpkens/TSPHardener/main.py", line 67, in <module>\n    main()\n  File "/gpfs/home3/tsijpkens/TSPHardener/main.py", line 58, in main\n    experiment(\n  File "/gpfs/home3/tsijpkens/TSPHardener/core/experiment.py", line 180, in experiment\n    run_single_experiment(config, citysize, rang, _mutations)\n  File "/gpfs/home3/tsijpkens/TSPHardener/core/experiment.py", line 111, in run_single_experiment\n    track_basin_transition(hardest_matrix, matrix, partial_results)\n  File "/gpfs/home3/tsijpkens/TSPHardener/core/experiment.py", line 16, in track_basin_transition\n    partial_results["transitions"][source_hash].append(mutated_hash)\n    ~~~~~~~~~~~~~~~~~~~~~~~~~~~~~~^^^^^^^^^^^^^\nKeyError: 1302478716628289875\n',)
--- Logging error ---
Traceback (most recent call last):
  File "/gpfs/home3/tsijpkens/TSPHardener/run.py", line 33, in run_experiment
    result = subprocess.run(cmd, check=True, text=True, capture_output=True)
             ^^^^^^^^^^^^^^^^^^^^^^^^^^^^^^^^^^^^^^^^^^^^^^^^^^^^^^^^^^^^^^^
  File "/sw/arch/RHEL8/EB_production/2023/software/Python/3.11.3-GCCcore-12.3.0/lib/python3.11/subprocess.py", line 571, in run
    raise CalledProcessError(retcode, process.args,
subprocess.CalledProcessError: Command '['python3', '-m', 'main', '[30]', '[4.8]', '1000', '', '--tsp_type', 'euclidean', '--distribution', 'lognormal', '--mutation_strategy', 'scramble']' returned non-zero exit status 1.

During handling of the above exception, another exception occurred:

Traceback (most recent call last):
  File "/sw/arch/RHEL8/EB_production/2023/software/Python/3.11.3-GCCcore-12.3.0/lib/python3.11/logging/__init__.py", line 1110, in emit
    msg = self.format(record)
          ^^^^^^^^^^^^^^^^^^^
  File "/sw/arch/RHEL8/EB_production/2023/software/Python/3.11.3-GCCcore-12.3.0/lib/python3.11/logging/__init__.py", line 953, in format
    return fmt.format(record)
           ^^^^^^^^^^^^^^^^^^
  File "/sw/arch/RHEL8/EB_production/2023/software/Python/3.11.3-GCCcore-12.3.0/lib/python3.11/logging/__init__.py", line 687, in format
    record.message = record.getMessage()
                     ^^^^^^^^^^^^^^^^^^^
  File "/sw/arch/RHEL8/EB_production/2023/software/Python/3.11.3-GCCcore-12.3.0/lib/python3.11/logging/__init__.py", line 377, in getMessage
    msg = msg % self.args
          ~~~~^~~~~~~~~~~
TypeError: not all arguments converted during string formatting
Call stack:
  File "/gpfs/home3/tsijpkens/TSPHardener/run.py", line 46, in <module>
    with Pool(processes=128) as pool:
  File "/sw/arch/RHEL8/EB_production/2023/software/Python/3.11.3-GCCcore-12.3.0/lib/python3.11/multiprocessing/context.py", line 119, in Pool
    return Pool(processes, initializer, initargs, maxtasksperchild,
  File "/sw/arch/RHEL8/EB_production/2023/software/Python/3.11.3-GCCcore-12.3.0/lib/python3.11/multiprocessing/pool.py", line 215, in __init__
    self._repopulate_pool()
  File "/sw/arch/RHEL8/EB_production/2023/software/Python/3.11.3-GCCcore-12.3.0/lib/python3.11/multiprocessing/pool.py", line 306, in _repopulate_pool
    return self._repopulate_pool_static(self._ctx, self.Process,
  File "/sw/arch/RHEL8/EB_production/2023/software/Python/3.11.3-GCCcore-12.3.0/lib/python3.11/multiprocessing/pool.py", line 329, in _repopulate_pool_static
    w.start()
  File "/sw/arch/RHEL8/EB_production/2023/software/Python/3.11.3-GCCcore-12.3.0/lib/python3.11/multiprocessing/process.py", line 121, in start
    self._popen = self._Popen(self)
  File "/sw/arch/RHEL8/EB_production/2023/software/Python/3.11.3-GCCcore-12.3.0/lib/python3.11/multiprocessing/context.py", line 281, in _Popen
    return Popen(process_obj)
  File "/sw/arch/RHEL8/EB_production/2023/software/Python/3.11.3-GCCcore-12.3.0/lib/python3.11/multiprocessing/popen_fork.py", line 19, in __init__
    self._launch(process_obj)
  File "/sw/arch/RHEL8/EB_production/2023/software/Python/3.11.3-GCCcore-12.3.0/lib/python3.11/multiprocessing/popen_fork.py", line 71, in _launch
    code = process_obj._bootstrap(parent_sentinel=child_r)
  File "/sw/arch/RHEL8/EB_production/2023/software/Python/3.11.3-GCCcore-12.3.0/lib/python3.11/multiprocessing/process.py", line 314, in _bootstrap
    self.run()
  File "/sw/arch/RHEL8/EB_production/2023/software/Python/3.11.3-GCCcore-12.3.0/lib/python3.11/multiprocessing/process.py", line 108, in run
    self._target(*self._args, **self._kwargs)
  File "/sw/arch/RHEL8/EB_production/2023/software/Python/3.11.3-GCCcore-12.3.0/lib/python3.11/multiprocessing/pool.py", line 125, in worker
    result = (True, func(*args, **kwds))
  File "/sw/arch/RHEL8/EB_production/2023/software/Python/3.11.3-GCCcore-12.3.0/lib/python3.11/multiprocessing/pool.py", line 48, in mapstar
    return list(map(*args))
  File "/gpfs/home3/tsijpkens/TSPHardener/run.py", line 38, in run_experiment
    logging.error(f"Error in {cmd}:", f"{e.stderr}")
Message: "Error in ['python3', '-m', 'main', '[30]', '[4.8]', '1000', '', '--tsp_type', 'euclidean', '--distribution', 'lognormal', '--mutation_strategy', 'scramble']:"
Arguments: ('Traceback (most recent call last):\n  File "<frozen runpy>", line 198, in _run_module_as_main\n  File "<frozen runpy>", line 88, in _run_code\n  File "/gpfs/home3/tsijpkens/TSPHardener/main.py", line 67, in <module>\n    main()\n  File "/gpfs/home3/tsijpkens/TSPHardener/main.py", line 58, in main\n    experiment(\n  File "/gpfs/home3/tsijpkens/TSPHardener/core/experiment.py", line 180, in experiment\n    run_single_experiment(config, citysize, rang, _mutations)\n  File "/gpfs/home3/tsijpkens/TSPHardener/core/experiment.py", line 111, in run_single_experiment\n    track_basin_transition(hardest_matrix, matrix, partial_results)\n  File "/gpfs/home3/tsijpkens/TSPHardener/core/experiment.py", line 16, in track_basin_transition\n    partial_results["transitions"][source_hash].append(mutated_hash)\n    ~~~~~~~~~~~~~~~~~~~~~~~~~~~~~~^^^^^^^^^^^^^\nKeyError: 5110318505719047049\n',)
--- Logging error ---
Traceback (most recent call last):
  File "/gpfs/home3/tsijpkens/TSPHardener/run.py", line 33, in run_experiment
    result = subprocess.run(cmd, check=True, text=True, capture_output=True)
             ^^^^^^^^^^^^^^^^^^^^^^^^^^^^^^^^^^^^^^^^^^^^^^^^^^^^^^^^^^^^^^^
  File "/sw/arch/RHEL8/EB_production/2023/software/Python/3.11.3-GCCcore-12.3.0/lib/python3.11/subprocess.py", line 571, in run
    raise CalledProcessError(retcode, process.args,
subprocess.CalledProcessError: Command '['python3', '-m', 'main', '[20]', '[2.8]', '1000', '', '--tsp_type', 'euclidean', '--distribution', 'lognormal', '--mutation_strategy', 'swap']' returned non-zero exit status 1.

During handling of the above exception, another exception occurred:

Traceback (most recent call last):
  File "/sw/arch/RHEL8/EB_production/2023/software/Python/3.11.3-GCCcore-12.3.0/lib/python3.11/logging/__init__.py", line 1110, in emit
    msg = self.format(record)
          ^^^^^^^^^^^^^^^^^^^
  File "/sw/arch/RHEL8/EB_production/2023/software/Python/3.11.3-GCCcore-12.3.0/lib/python3.11/logging/__init__.py", line 953, in format
    return fmt.format(record)
           ^^^^^^^^^^^^^^^^^^
  File "/sw/arch/RHEL8/EB_production/2023/software/Python/3.11.3-GCCcore-12.3.0/lib/python3.11/logging/__init__.py", line 687, in format
    record.message = record.getMessage()
                     ^^^^^^^^^^^^^^^^^^^
  File "/sw/arch/RHEL8/EB_production/2023/software/Python/3.11.3-GCCcore-12.3.0/lib/python3.11/logging/__init__.py", line 377, in getMessage
    msg = msg % self.args
          ~~~~^~~~~~~~~~~
TypeError: not all arguments converted during string formatting
Call stack:
  File "/gpfs/home3/tsijpkens/TSPHardener/run.py", line 46, in <module>
    with Pool(processes=128) as pool:
  File "/sw/arch/RHEL8/EB_production/2023/software/Python/3.11.3-GCCcore-12.3.0/lib/python3.11/multiprocessing/context.py", line 119, in Pool
    return Pool(processes, initializer, initargs, maxtasksperchild,
  File "/sw/arch/RHEL8/EB_production/2023/software/Python/3.11.3-GCCcore-12.3.0/lib/python3.11/multiprocessing/pool.py", line 215, in __init__
    self._repopulate_pool()
  File "/sw/arch/RHEL8/EB_production/2023/software/Python/3.11.3-GCCcore-12.3.0/lib/python3.11/multiprocessing/pool.py", line 306, in _repopulate_pool
    return self._repopulate_pool_static(self._ctx, self.Process,
  File "/sw/arch/RHEL8/EB_production/2023/software/Python/3.11.3-GCCcore-12.3.0/lib/python3.11/multiprocessing/pool.py", line 329, in _repopulate_pool_static
    w.start()
  File "/sw/arch/RHEL8/EB_production/2023/software/Python/3.11.3-GCCcore-12.3.0/lib/python3.11/multiprocessing/process.py", line 121, in start
    self._popen = self._Popen(self)
  File "/sw/arch/RHEL8/EB_production/2023/software/Python/3.11.3-GCCcore-12.3.0/lib/python3.11/multiprocessing/context.py", line 281, in _Popen
    return Popen(process_obj)
  File "/sw/arch/RHEL8/EB_production/2023/software/Python/3.11.3-GCCcore-12.3.0/lib/python3.11/multiprocessing/popen_fork.py", line 19, in __init__
    self._launch(process_obj)
  File "/sw/arch/RHEL8/EB_production/2023/software/Python/3.11.3-GCCcore-12.3.0/lib/python3.11/multiprocessing/popen_fork.py", line 71, in _launch
    code = process_obj._bootstrap(parent_sentinel=child_r)
  File "/sw/arch/RHEL8/EB_production/2023/software/Python/3.11.3-GCCcore-12.3.0/lib/python3.11/multiprocessing/process.py", line 314, in _bootstrap
    self.run()
  File "/sw/arch/RHEL8/EB_production/2023/software/Python/3.11.3-GCCcore-12.3.0/lib/python3.11/multiprocessing/process.py", line 108, in run
    self._target(*self._args, **self._kwargs)
  File "/sw/arch/RHEL8/EB_production/2023/software/Python/3.11.3-GCCcore-12.3.0/lib/python3.11/multiprocessing/pool.py", line 125, in worker
    result = (True, func(*args, **kwds))
  File "/sw/arch/RHEL8/EB_production/2023/software/Python/3.11.3-GCCcore-12.3.0/lib/python3.11/multiprocessing/pool.py", line 48, in mapstar
    return list(map(*args))
  File "/gpfs/home3/tsijpkens/TSPHardener/run.py", line 38, in run_experiment
    logging.error(f"Error in {cmd}:", f"{e.stderr}")
Message: "Error in ['python3', '-m', 'main', '[20]', '[2.8]', '1000', '', '--tsp_type', 'euclidean', '--distribution', 'lognormal', '--mutation_strategy', 'swap']:"
Arguments: ('Traceback (most recent call last):\n  File "<frozen runpy>", line 198, in _run_module_as_main\n  File "<frozen runpy>", line 88, in _run_code\n  File "/gpfs/home3/tsijpkens/TSPHardener/main.py", line 67, in <module>\n    main()\n  File "/gpfs/home3/tsijpkens/TSPHardener/main.py", line 58, in main\n    experiment(\n  File "/gpfs/home3/tsijpkens/TSPHardener/core/experiment.py", line 180, in experiment\n    run_single_experiment(config, citysize, rang, _mutations)\n  File "/gpfs/home3/tsijpkens/TSPHardener/core/experiment.py", line 111, in run_single_experiment\n    track_basin_transition(hardest_matrix, matrix, partial_results)\n  File "/gpfs/home3/tsijpkens/TSPHardener/core/experiment.py", line 16, in track_basin_transition\n    partial_results["transitions"][source_hash].append(mutated_hash)\n    ~~~~~~~~~~~~~~~~~~~~~~~~~~~~~~^^^^^^^^^^^^^\nKeyError: -1289815615610263411\n',)
--- Logging error ---
Traceback (most recent call last):
  File "/gpfs/home3/tsijpkens/TSPHardener/run.py", line 33, in run_experiment
    result = subprocess.run(cmd, check=True, text=True, capture_output=True)
             ^^^^^^^^^^^^^^^^^^^^^^^^^^^^^^^^^^^^^^^^^^^^^^^^^^^^^^^^^^^^^^^
  File "/sw/arch/RHEL8/EB_production/2023/software/Python/3.11.3-GCCcore-12.3.0/lib/python3.11/subprocess.py", line 571, in run
    raise CalledProcessError(retcode, process.args,
subprocess.CalledProcessError: Command '['python3', '-m', 'main', '[30]', '[1.6]', '1000', '', '--tsp_type', 'euclidean', '--distribution', 'lognormal', '--mutation_strategy', 'scramble']' returned non-zero exit status 1.

During handling of the above exception, another exception occurred:

Traceback (most recent call last):
  File "/sw/arch/RHEL8/EB_production/2023/software/Python/3.11.3-GCCcore-12.3.0/lib/python3.11/logging/__init__.py", line 1110, in emit
    msg = self.format(record)
          ^^^^^^^^^^^^^^^^^^^
  File "/sw/arch/RHEL8/EB_production/2023/software/Python/3.11.3-GCCcore-12.3.0/lib/python3.11/logging/__init__.py", line 953, in format
    return fmt.format(record)
           ^^^^^^^^^^^^^^^^^^
  File "/sw/arch/RHEL8/EB_production/2023/software/Python/3.11.3-GCCcore-12.3.0/lib/python3.11/logging/__init__.py", line 687, in format
    record.message = record.getMessage()
                     ^^^^^^^^^^^^^^^^^^^
  File "/sw/arch/RHEL8/EB_production/2023/software/Python/3.11.3-GCCcore-12.3.0/lib/python3.11/logging/__init__.py", line 377, in getMessage
    msg = msg % self.args
          ~~~~^~~~~~~~~~~
TypeError: not all arguments converted during string formatting
Call stack:
  File "/gpfs/home3/tsijpkens/TSPHardener/run.py", line 46, in <module>
    with Pool(processes=128) as pool:
  File "/sw/arch/RHEL8/EB_production/2023/software/Python/3.11.3-GCCcore-12.3.0/lib/python3.11/multiprocessing/context.py", line 119, in Pool
    return Pool(processes, initializer, initargs, maxtasksperchild,
  File "/sw/arch/RHEL8/EB_production/2023/software/Python/3.11.3-GCCcore-12.3.0/lib/python3.11/multiprocessing/pool.py", line 215, in __init__
    self._repopulate_pool()
  File "/sw/arch/RHEL8/EB_production/2023/software/Python/3.11.3-GCCcore-12.3.0/lib/python3.11/multiprocessing/pool.py", line 306, in _repopulate_pool
    return self._repopulate_pool_static(self._ctx, self.Process,
  File "/sw/arch/RHEL8/EB_production/2023/software/Python/3.11.3-GCCcore-12.3.0/lib/python3.11/multiprocessing/pool.py", line 329, in _repopulate_pool_static
    w.start()
  File "/sw/arch/RHEL8/EB_production/2023/software/Python/3.11.3-GCCcore-12.3.0/lib/python3.11/multiprocessing/process.py", line 121, in start
    self._popen = self._Popen(self)
  File "/sw/arch/RHEL8/EB_production/2023/software/Python/3.11.3-GCCcore-12.3.0/lib/python3.11/multiprocessing/context.py", line 281, in _Popen
    return Popen(process_obj)
  File "/sw/arch/RHEL8/EB_production/2023/software/Python/3.11.3-GCCcore-12.3.0/lib/python3.11/multiprocessing/popen_fork.py", line 19, in __init__
    self._launch(process_obj)
  File "/sw/arch/RHEL8/EB_production/2023/software/Python/3.11.3-GCCcore-12.3.0/lib/python3.11/multiprocessing/popen_fork.py", line 71, in _launch
    code = process_obj._bootstrap(parent_sentinel=child_r)
  File "/sw/arch/RHEL8/EB_production/2023/software/Python/3.11.3-GCCcore-12.3.0/lib/python3.11/multiprocessing/process.py", line 314, in _bootstrap
    self.run()
  File "/sw/arch/RHEL8/EB_production/2023/software/Python/3.11.3-GCCcore-12.3.0/lib/python3.11/multiprocessing/process.py", line 108, in run
    self._target(*self._args, **self._kwargs)
  File "/sw/arch/RHEL8/EB_production/2023/software/Python/3.11.3-GCCcore-12.3.0/lib/python3.11/multiprocessing/pool.py", line 125, in worker
    result = (True, func(*args, **kwds))
  File "/sw/arch/RHEL8/EB_production/2023/software/Python/3.11.3-GCCcore-12.3.0/lib/python3.11/multiprocessing/pool.py", line 48, in mapstar
    return list(map(*args))
  File "/gpfs/home3/tsijpkens/TSPHardener/run.py", line 38, in run_experiment
    logging.error(f"Error in {cmd}:", f"{e.stderr}")
Message: "Error in ['python3', '-m', 'main', '[30]', '[1.6]', '1000', '', '--tsp_type', 'euclidean', '--distribution', 'lognormal', '--mutation_strategy', 'scramble']:"
Arguments: ('Traceback (most recent call last):\n  File "<frozen runpy>", line 198, in _run_module_as_main\n  File "<frozen runpy>", line 88, in _run_code\n  File "/gpfs/home3/tsijpkens/TSPHardener/main.py", line 67, in <module>\n    main()\n  File "/gpfs/home3/tsijpkens/TSPHardener/main.py", line 58, in main\n    experiment(\n  File "/gpfs/home3/tsijpkens/TSPHardener/core/experiment.py", line 180, in experiment\n    run_single_experiment(config, citysize, rang, _mutations)\n  File "/gpfs/home3/tsijpkens/TSPHardener/core/experiment.py", line 111, in run_single_experiment\n    track_basin_transition(hardest_matrix, matrix, partial_results)\n  File "/gpfs/home3/tsijpkens/TSPHardener/core/experiment.py", line 16, in track_basin_transition\n    partial_results["transitions"][source_hash].append(mutated_hash)\n    ~~~~~~~~~~~~~~~~~~~~~~~~~~~~~~^^^^^^^^^^^^^\nKeyError: -6676157562723909690\n',)
--- Logging error ---
Traceback (most recent call last):
  File "/gpfs/home3/tsijpkens/TSPHardener/run.py", line 33, in run_experiment
    result = subprocess.run(cmd, check=True, text=True, capture_output=True)
             ^^^^^^^^^^^^^^^^^^^^^^^^^^^^^^^^^^^^^^^^^^^^^^^^^^^^^^^^^^^^^^^
  File "/sw/arch/RHEL8/EB_production/2023/software/Python/3.11.3-GCCcore-12.3.0/lib/python3.11/subprocess.py", line 571, in run
    raise CalledProcessError(retcode, process.args,
subprocess.CalledProcessError: Command '['python3', '-m', 'main', '[30]', '[0.8]', '1000', '', '--tsp_type', 'euclidean', '--distribution', 'lognormal', '--mutation_strategy', 'swap']' returned non-zero exit status 1.

During handling of the above exception, another exception occurred:

Traceback (most recent call last):
  File "/sw/arch/RHEL8/EB_production/2023/software/Python/3.11.3-GCCcore-12.3.0/lib/python3.11/logging/__init__.py", line 1110, in emit
    msg = self.format(record)
          ^^^^^^^^^^^^^^^^^^^
  File "/sw/arch/RHEL8/EB_production/2023/software/Python/3.11.3-GCCcore-12.3.0/lib/python3.11/logging/__init__.py", line 953, in format
    return fmt.format(record)
           ^^^^^^^^^^^^^^^^^^
  File "/sw/arch/RHEL8/EB_production/2023/software/Python/3.11.3-GCCcore-12.3.0/lib/python3.11/logging/__init__.py", line 687, in format
    record.message = record.getMessage()
                     ^^^^^^^^^^^^^^^^^^^
  File "/sw/arch/RHEL8/EB_production/2023/software/Python/3.11.3-GCCcore-12.3.0/lib/python3.11/logging/__init__.py", line 377, in getMessage
    msg = msg % self.args
          ~~~~^~~~~~~~~~~
TypeError: not all arguments converted during string formatting
Call stack:
  File "/gpfs/home3/tsijpkens/TSPHardener/run.py", line 46, in <module>
    with Pool(processes=128) as pool:
  File "/sw/arch/RHEL8/EB_production/2023/software/Python/3.11.3-GCCcore-12.3.0/lib/python3.11/multiprocessing/context.py", line 119, in Pool
    return Pool(processes, initializer, initargs, maxtasksperchild,
  File "/sw/arch/RHEL8/EB_production/2023/software/Python/3.11.3-GCCcore-12.3.0/lib/python3.11/multiprocessing/pool.py", line 215, in __init__
    self._repopulate_pool()
  File "/sw/arch/RHEL8/EB_production/2023/software/Python/3.11.3-GCCcore-12.3.0/lib/python3.11/multiprocessing/pool.py", line 306, in _repopulate_pool
    return self._repopulate_pool_static(self._ctx, self.Process,
  File "/sw/arch/RHEL8/EB_production/2023/software/Python/3.11.3-GCCcore-12.3.0/lib/python3.11/multiprocessing/pool.py", line 329, in _repopulate_pool_static
    w.start()
  File "/sw/arch/RHEL8/EB_production/2023/software/Python/3.11.3-GCCcore-12.3.0/lib/python3.11/multiprocessing/process.py", line 121, in start
    self._popen = self._Popen(self)
  File "/sw/arch/RHEL8/EB_production/2023/software/Python/3.11.3-GCCcore-12.3.0/lib/python3.11/multiprocessing/context.py", line 281, in _Popen
    return Popen(process_obj)
  File "/sw/arch/RHEL8/EB_production/2023/software/Python/3.11.3-GCCcore-12.3.0/lib/python3.11/multiprocessing/popen_fork.py", line 19, in __init__
    self._launch(process_obj)
  File "/sw/arch/RHEL8/EB_production/2023/software/Python/3.11.3-GCCcore-12.3.0/lib/python3.11/multiprocessing/popen_fork.py", line 71, in _launch
    code = process_obj._bootstrap(parent_sentinel=child_r)
  File "/sw/arch/RHEL8/EB_production/2023/software/Python/3.11.3-GCCcore-12.3.0/lib/python3.11/multiprocessing/process.py", line 314, in _bootstrap
    self.run()
  File "/sw/arch/RHEL8/EB_production/2023/software/Python/3.11.3-GCCcore-12.3.0/lib/python3.11/multiprocessing/process.py", line 108, in run
    self._target(*self._args, **self._kwargs)
  File "/sw/arch/RHEL8/EB_production/2023/software/Python/3.11.3-GCCcore-12.3.0/lib/python3.11/multiprocessing/pool.py", line 125, in worker
    result = (True, func(*args, **kwds))
  File "/sw/arch/RHEL8/EB_production/2023/software/Python/3.11.3-GCCcore-12.3.0/lib/python3.11/multiprocessing/pool.py", line 48, in mapstar
    return list(map(*args))
  File "/gpfs/home3/tsijpkens/TSPHardener/run.py", line 38, in run_experiment
    logging.error(f"Error in {cmd}:", f"{e.stderr}")
Message: "Error in ['python3', '-m', 'main', '[30]', '[0.8]', '1000', '', '--tsp_type', 'euclidean', '--distribution', 'lognormal', '--mutation_strategy', 'swap']:"
Arguments: ('Traceback (most recent call last):\n  File "<frozen runpy>", line 198, in _run_module_as_main\n  File "<frozen runpy>", line 88, in _run_code\n  File "/gpfs/home3/tsijpkens/TSPHardener/main.py", line 67, in <module>\n    main()\n  File "/gpfs/home3/tsijpkens/TSPHardener/main.py", line 58, in main\n    experiment(\n  File "/gpfs/home3/tsijpkens/TSPHardener/core/experiment.py", line 180, in experiment\n    run_single_experiment(config, citysize, rang, _mutations)\n  File "/gpfs/home3/tsijpkens/TSPHardener/core/experiment.py", line 111, in run_single_experiment\n    track_basin_transition(hardest_matrix, matrix, partial_results)\n  File "/gpfs/home3/tsijpkens/TSPHardener/core/experiment.py", line 16, in track_basin_transition\n    partial_results["transitions"][source_hash].append(mutated_hash)\n    ~~~~~~~~~~~~~~~~~~~~~~~~~~~~~~^^^^^^^^^^^^^\nKeyError: 612670870617311209\n',)
--- Logging error ---
Traceback (most recent call last):
  File "/gpfs/home3/tsijpkens/TSPHardener/run.py", line 33, in run_experiment
    result = subprocess.run(cmd, check=True, text=True, capture_output=True)
             ^^^^^^^^^^^^^^^^^^^^^^^^^^^^^^^^^^^^^^^^^^^^^^^^^^^^^^^^^^^^^^^
  File "/sw/arch/RHEL8/EB_production/2023/software/Python/3.11.3-GCCcore-12.3.0/lib/python3.11/subprocess.py", line 571, in run
    raise CalledProcessError(retcode, process.args,
subprocess.CalledProcessError: Command '['python3', '-m', 'main', '[20]', '[1.8]', '1000', '', '--tsp_type', 'euclidean', '--distribution', 'lognormal', '--mutation_strategy', 'wouter']' returned non-zero exit status 1.

During handling of the above exception, another exception occurred:

Traceback (most recent call last):
  File "/sw/arch/RHEL8/EB_production/2023/software/Python/3.11.3-GCCcore-12.3.0/lib/python3.11/logging/__init__.py", line 1110, in emit
    msg = self.format(record)
          ^^^^^^^^^^^^^^^^^^^
  File "/sw/arch/RHEL8/EB_production/2023/software/Python/3.11.3-GCCcore-12.3.0/lib/python3.11/logging/__init__.py", line 953, in format
    return fmt.format(record)
           ^^^^^^^^^^^^^^^^^^
  File "/sw/arch/RHEL8/EB_production/2023/software/Python/3.11.3-GCCcore-12.3.0/lib/python3.11/logging/__init__.py", line 687, in format
    record.message = record.getMessage()
                     ^^^^^^^^^^^^^^^^^^^
  File "/sw/arch/RHEL8/EB_production/2023/software/Python/3.11.3-GCCcore-12.3.0/lib/python3.11/logging/__init__.py", line 377, in getMessage
    msg = msg % self.args
          ~~~~^~~~~~~~~~~
TypeError: not all arguments converted during string formatting
Call stack:
  File "/gpfs/home3/tsijpkens/TSPHardener/run.py", line 46, in <module>
    with Pool(processes=128) as pool:
  File "/sw/arch/RHEL8/EB_production/2023/software/Python/3.11.3-GCCcore-12.3.0/lib/python3.11/multiprocessing/context.py", line 119, in Pool
    return Pool(processes, initializer, initargs, maxtasksperchild,
  File "/sw/arch/RHEL8/EB_production/2023/software/Python/3.11.3-GCCcore-12.3.0/lib/python3.11/multiprocessing/pool.py", line 215, in __init__
    self._repopulate_pool()
  File "/sw/arch/RHEL8/EB_production/2023/software/Python/3.11.3-GCCcore-12.3.0/lib/python3.11/multiprocessing/pool.py", line 306, in _repopulate_pool
    return self._repopulate_pool_static(self._ctx, self.Process,
  File "/sw/arch/RHEL8/EB_production/2023/software/Python/3.11.3-GCCcore-12.3.0/lib/python3.11/multiprocessing/pool.py", line 329, in _repopulate_pool_static
    w.start()
  File "/sw/arch/RHEL8/EB_production/2023/software/Python/3.11.3-GCCcore-12.3.0/lib/python3.11/multiprocessing/process.py", line 121, in start
    self._popen = self._Popen(self)
  File "/sw/arch/RHEL8/EB_production/2023/software/Python/3.11.3-GCCcore-12.3.0/lib/python3.11/multiprocessing/context.py", line 281, in _Popen
    return Popen(process_obj)
  File "/sw/arch/RHEL8/EB_production/2023/software/Python/3.11.3-GCCcore-12.3.0/lib/python3.11/multiprocessing/popen_fork.py", line 19, in __init__
    self._launch(process_obj)
  File "/sw/arch/RHEL8/EB_production/2023/software/Python/3.11.3-GCCcore-12.3.0/lib/python3.11/multiprocessing/popen_fork.py", line 71, in _launch
    code = process_obj._bootstrap(parent_sentinel=child_r)
  File "/sw/arch/RHEL8/EB_production/2023/software/Python/3.11.3-GCCcore-12.3.0/lib/python3.11/multiprocessing/process.py", line 314, in _bootstrap
    self.run()
  File "/sw/arch/RHEL8/EB_production/2023/software/Python/3.11.3-GCCcore-12.3.0/lib/python3.11/multiprocessing/process.py", line 108, in run
    self._target(*self._args, **self._kwargs)
  File "/sw/arch/RHEL8/EB_production/2023/software/Python/3.11.3-GCCcore-12.3.0/lib/python3.11/multiprocessing/pool.py", line 125, in worker
    result = (True, func(*args, **kwds))
  File "/sw/arch/RHEL8/EB_production/2023/software/Python/3.11.3-GCCcore-12.3.0/lib/python3.11/multiprocessing/pool.py", line 48, in mapstar
    return list(map(*args))
  File "/gpfs/home3/tsijpkens/TSPHardener/run.py", line 38, in run_experiment
    logging.error(f"Error in {cmd}:", f"{e.stderr}")
Message: "Error in ['python3', '-m', 'main', '[20]', '[1.8]', '1000', '', '--tsp_type', 'euclidean', '--distribution', 'lognormal', '--mutation_strategy', 'wouter']:"
Arguments: ('Traceback (most recent call last):\n  File "<frozen runpy>", line 198, in _run_module_as_main\n  File "<frozen runpy>", line 88, in _run_code\n  File "/gpfs/home3/tsijpkens/TSPHardener/main.py", line 67, in <module>\n    main()\n  File "/gpfs/home3/tsijpkens/TSPHardener/main.py", line 58, in main\n    experiment(\n  File "/gpfs/home3/tsijpkens/TSPHardener/core/experiment.py", line 180, in experiment\n    run_single_experiment(config, citysize, rang, _mutations)\n  File "/gpfs/home3/tsijpkens/TSPHardener/core/experiment.py", line 111, in run_single_experiment\n    track_basin_transition(hardest_matrix, matrix, partial_results)\n  File "/gpfs/home3/tsijpkens/TSPHardener/core/experiment.py", line 16, in track_basin_transition\n    partial_results["transitions"][source_hash].append(mutated_hash)\n    ~~~~~~~~~~~~~~~~~~~~~~~~~~~~~~^^^^^^^^^^^^^\nKeyError: -4664678141551871756\n',)
--- Logging error ---
Traceback (most recent call last):
  File "/gpfs/home3/tsijpkens/TSPHardener/run.py", line 33, in run_experiment
    result = subprocess.run(cmd, check=True, text=True, capture_output=True)
             ^^^^^^^^^^^^^^^^^^^^^^^^^^^^^^^^^^^^^^^^^^^^^^^^^^^^^^^^^^^^^^^
  File "/sw/arch/RHEL8/EB_production/2023/software/Python/3.11.3-GCCcore-12.3.0/lib/python3.11/subprocess.py", line 571, in run
    raise CalledProcessError(retcode, process.args,
subprocess.CalledProcessError: Command '['python3', '-m', 'main', '[20]', '[4.8]', '1000', '', '--tsp_type', 'euclidean', '--distribution', 'lognormal', '--mutation_strategy', 'swap']' returned non-zero exit status 1.

During handling of the above exception, another exception occurred:

Traceback (most recent call last):
  File "/sw/arch/RHEL8/EB_production/2023/software/Python/3.11.3-GCCcore-12.3.0/lib/python3.11/logging/__init__.py", line 1110, in emit
    msg = self.format(record)
          ^^^^^^^^^^^^^^^^^^^
  File "/sw/arch/RHEL8/EB_production/2023/software/Python/3.11.3-GCCcore-12.3.0/lib/python3.11/logging/__init__.py", line 953, in format
    return fmt.format(record)
           ^^^^^^^^^^^^^^^^^^
  File "/sw/arch/RHEL8/EB_production/2023/software/Python/3.11.3-GCCcore-12.3.0/lib/python3.11/logging/__init__.py", line 687, in format
    record.message = record.getMessage()
                     ^^^^^^^^^^^^^^^^^^^
  File "/sw/arch/RHEL8/EB_production/2023/software/Python/3.11.3-GCCcore-12.3.0/lib/python3.11/logging/__init__.py", line 377, in getMessage
    msg = msg % self.args
          ~~~~^~~~~~~~~~~
TypeError: not all arguments converted during string formatting
Call stack:
  File "/gpfs/home3/tsijpkens/TSPHardener/run.py", line 46, in <module>
    with Pool(processes=128) as pool:
  File "/sw/arch/RHEL8/EB_production/2023/software/Python/3.11.3-GCCcore-12.3.0/lib/python3.11/multiprocessing/context.py", line 119, in Pool
    return Pool(processes, initializer, initargs, maxtasksperchild,
  File "/sw/arch/RHEL8/EB_production/2023/software/Python/3.11.3-GCCcore-12.3.0/lib/python3.11/multiprocessing/pool.py", line 215, in __init__
    self._repopulate_pool()
  File "/sw/arch/RHEL8/EB_production/2023/software/Python/3.11.3-GCCcore-12.3.0/lib/python3.11/multiprocessing/pool.py", line 306, in _repopulate_pool
    return self._repopulate_pool_static(self._ctx, self.Process,
  File "/sw/arch/RHEL8/EB_production/2023/software/Python/3.11.3-GCCcore-12.3.0/lib/python3.11/multiprocessing/pool.py", line 329, in _repopulate_pool_static
    w.start()
  File "/sw/arch/RHEL8/EB_production/2023/software/Python/3.11.3-GCCcore-12.3.0/lib/python3.11/multiprocessing/process.py", line 121, in start
    self._popen = self._Popen(self)
  File "/sw/arch/RHEL8/EB_production/2023/software/Python/3.11.3-GCCcore-12.3.0/lib/python3.11/multiprocessing/context.py", line 281, in _Popen
    return Popen(process_obj)
  File "/sw/arch/RHEL8/EB_production/2023/software/Python/3.11.3-GCCcore-12.3.0/lib/python3.11/multiprocessing/popen_fork.py", line 19, in __init__
    self._launch(process_obj)
  File "/sw/arch/RHEL8/EB_production/2023/software/Python/3.11.3-GCCcore-12.3.0/lib/python3.11/multiprocessing/popen_fork.py", line 71, in _launch
    code = process_obj._bootstrap(parent_sentinel=child_r)
  File "/sw/arch/RHEL8/EB_production/2023/software/Python/3.11.3-GCCcore-12.3.0/lib/python3.11/multiprocessing/process.py", line 314, in _bootstrap
    self.run()
  File "/sw/arch/RHEL8/EB_production/2023/software/Python/3.11.3-GCCcore-12.3.0/lib/python3.11/multiprocessing/process.py", line 108, in run
    self._target(*self._args, **self._kwargs)
  File "/sw/arch/RHEL8/EB_production/2023/software/Python/3.11.3-GCCcore-12.3.0/lib/python3.11/multiprocessing/pool.py", line 125, in worker
    result = (True, func(*args, **kwds))
  File "/sw/arch/RHEL8/EB_production/2023/software/Python/3.11.3-GCCcore-12.3.0/lib/python3.11/multiprocessing/pool.py", line 48, in mapstar
    return list(map(*args))
  File "/gpfs/home3/tsijpkens/TSPHardener/run.py", line 38, in run_experiment
    logging.error(f"Error in {cmd}:", f"{e.stderr}")
Message: "Error in ['python3', '-m', 'main', '[20]', '[4.8]', '1000', '', '--tsp_type', 'euclidean', '--distribution', 'lognormal', '--mutation_strategy', 'swap']:"
Arguments: ('Traceback (most recent call last):\n  File "<frozen runpy>", line 198, in _run_module_as_main\n  File "<frozen runpy>", line 88, in _run_code\n  File "/gpfs/home3/tsijpkens/TSPHardener/main.py", line 67, in <module>\n    main()\n  File "/gpfs/home3/tsijpkens/TSPHardener/main.py", line 58, in main\n    experiment(\n  File "/gpfs/home3/tsijpkens/TSPHardener/core/experiment.py", line 180, in experiment\n    run_single_experiment(config, citysize, rang, _mutations)\n  File "/gpfs/home3/tsijpkens/TSPHardener/core/experiment.py", line 111, in run_single_experiment\n    track_basin_transition(hardest_matrix, matrix, partial_results)\n  File "/gpfs/home3/tsijpkens/TSPHardener/core/experiment.py", line 16, in track_basin_transition\n    partial_results["transitions"][source_hash].append(mutated_hash)\n    ~~~~~~~~~~~~~~~~~~~~~~~~~~~~~~^^^^^^^^^^^^^\nKeyError: 8453544189052766169\n',)
--- Logging error ---
Traceback (most recent call last):
  File "/gpfs/home3/tsijpkens/TSPHardener/run.py", line 33, in run_experiment
    result = subprocess.run(cmd, check=True, text=True, capture_output=True)
             ^^^^^^^^^^^^^^^^^^^^^^^^^^^^^^^^^^^^^^^^^^^^^^^^^^^^^^^^^^^^^^^
  File "/sw/arch/RHEL8/EB_production/2023/software/Python/3.11.3-GCCcore-12.3.0/lib/python3.11/subprocess.py", line 571, in run
    raise CalledProcessError(retcode, process.args,
subprocess.CalledProcessError: Command '['python3', '-m', 'main', '[30]', '[1.2]', '1000', '', '--tsp_type', 'euclidean', '--distribution', 'lognormal', '--mutation_strategy', 'swap']' returned non-zero exit status 1.

During handling of the above exception, another exception occurred:

Traceback (most recent call last):
  File "/sw/arch/RHEL8/EB_production/2023/software/Python/3.11.3-GCCcore-12.3.0/lib/python3.11/logging/__init__.py", line 1110, in emit
    msg = self.format(record)
          ^^^^^^^^^^^^^^^^^^^
  File "/sw/arch/RHEL8/EB_production/2023/software/Python/3.11.3-GCCcore-12.3.0/lib/python3.11/logging/__init__.py", line 953, in format
    return fmt.format(record)
           ^^^^^^^^^^^^^^^^^^
  File "/sw/arch/RHEL8/EB_production/2023/software/Python/3.11.3-GCCcore-12.3.0/lib/python3.11/logging/__init__.py", line 687, in format
    record.message = record.getMessage()
                     ^^^^^^^^^^^^^^^^^^^
  File "/sw/arch/RHEL8/EB_production/2023/software/Python/3.11.3-GCCcore-12.3.0/lib/python3.11/logging/__init__.py", line 377, in getMessage
    msg = msg % self.args
          ~~~~^~~~~~~~~~~
TypeError: not all arguments converted during string formatting
Call stack:
  File "/gpfs/home3/tsijpkens/TSPHardener/run.py", line 46, in <module>
    with Pool(processes=128) as pool:
  File "/sw/arch/RHEL8/EB_production/2023/software/Python/3.11.3-GCCcore-12.3.0/lib/python3.11/multiprocessing/context.py", line 119, in Pool
    return Pool(processes, initializer, initargs, maxtasksperchild,
  File "/sw/arch/RHEL8/EB_production/2023/software/Python/3.11.3-GCCcore-12.3.0/lib/python3.11/multiprocessing/pool.py", line 215, in __init__
    self._repopulate_pool()
  File "/sw/arch/RHEL8/EB_production/2023/software/Python/3.11.3-GCCcore-12.3.0/lib/python3.11/multiprocessing/pool.py", line 306, in _repopulate_pool
    return self._repopulate_pool_static(self._ctx, self.Process,
  File "/sw/arch/RHEL8/EB_production/2023/software/Python/3.11.3-GCCcore-12.3.0/lib/python3.11/multiprocessing/pool.py", line 329, in _repopulate_pool_static
    w.start()
  File "/sw/arch/RHEL8/EB_production/2023/software/Python/3.11.3-GCCcore-12.3.0/lib/python3.11/multiprocessing/process.py", line 121, in start
    self._popen = self._Popen(self)
  File "/sw/arch/RHEL8/EB_production/2023/software/Python/3.11.3-GCCcore-12.3.0/lib/python3.11/multiprocessing/context.py", line 281, in _Popen
    return Popen(process_obj)
  File "/sw/arch/RHEL8/EB_production/2023/software/Python/3.11.3-GCCcore-12.3.0/lib/python3.11/multiprocessing/popen_fork.py", line 19, in __init__
    self._launch(process_obj)
  File "/sw/arch/RHEL8/EB_production/2023/software/Python/3.11.3-GCCcore-12.3.0/lib/python3.11/multiprocessing/popen_fork.py", line 71, in _launch
    code = process_obj._bootstrap(parent_sentinel=child_r)
  File "/sw/arch/RHEL8/EB_production/2023/software/Python/3.11.3-GCCcore-12.3.0/lib/python3.11/multiprocessing/process.py", line 314, in _bootstrap
    self.run()
  File "/sw/arch/RHEL8/EB_production/2023/software/Python/3.11.3-GCCcore-12.3.0/lib/python3.11/multiprocessing/process.py", line 108, in run
    self._target(*self._args, **self._kwargs)
  File "/sw/arch/RHEL8/EB_production/2023/software/Python/3.11.3-GCCcore-12.3.0/lib/python3.11/multiprocessing/pool.py", line 125, in worker
    result = (True, func(*args, **kwds))
  File "/sw/arch/RHEL8/EB_production/2023/software/Python/3.11.3-GCCcore-12.3.0/lib/python3.11/multiprocessing/pool.py", line 48, in mapstar
    return list(map(*args))
  File "/gpfs/home3/tsijpkens/TSPHardener/run.py", line 38, in run_experiment
    logging.error(f"Error in {cmd}:", f"{e.stderr}")
Message: "Error in ['python3', '-m', 'main', '[30]', '[1.2]', '1000', '', '--tsp_type', 'euclidean', '--distribution', 'lognormal', '--mutation_strategy', 'swap']:"
Arguments: ('Traceback (most recent call last):\n  File "<frozen runpy>", line 198, in _run_module_as_main\n  File "<frozen runpy>", line 88, in _run_code\n  File "/gpfs/home3/tsijpkens/TSPHardener/main.py", line 67, in <module>\n    main()\n  File "/gpfs/home3/tsijpkens/TSPHardener/main.py", line 58, in main\n    experiment(\n  File "/gpfs/home3/tsijpkens/TSPHardener/core/experiment.py", line 180, in experiment\n    run_single_experiment(config, citysize, rang, _mutations)\n  File "/gpfs/home3/tsijpkens/TSPHardener/core/experiment.py", line 111, in run_single_experiment\n    track_basin_transition(hardest_matrix, matrix, partial_results)\n  File "/gpfs/home3/tsijpkens/TSPHardener/core/experiment.py", line 16, in track_basin_transition\n    partial_results["transitions"][source_hash].append(mutated_hash)\n    ~~~~~~~~~~~~~~~~~~~~~~~~~~~~~~^^^^^^^^^^^^^\nKeyError: -3017868561974364726\n',)
--- Logging error ---
Traceback (most recent call last):
  File "/gpfs/home3/tsijpkens/TSPHardener/run.py", line 33, in run_experiment
    result = subprocess.run(cmd, check=True, text=True, capture_output=True)
             ^^^^^^^^^^^^^^^^^^^^^^^^^^^^^^^^^^^^^^^^^^^^^^^^^^^^^^^^^^^^^^^
  File "/sw/arch/RHEL8/EB_production/2023/software/Python/3.11.3-GCCcore-12.3.0/lib/python3.11/subprocess.py", line 571, in run
    raise CalledProcessError(retcode, process.args,
subprocess.CalledProcessError: Command '['python3', '-m', 'main', '[20]', '[3.2]', '1000', '', '--tsp_type', 'euclidean', '--distribution', 'lognormal', '--mutation_strategy', 'swap']' returned non-zero exit status 1.

During handling of the above exception, another exception occurred:

Traceback (most recent call last):
  File "/sw/arch/RHEL8/EB_production/2023/software/Python/3.11.3-GCCcore-12.3.0/lib/python3.11/logging/__init__.py", line 1110, in emit
    msg = self.format(record)
          ^^^^^^^^^^^^^^^^^^^
  File "/sw/arch/RHEL8/EB_production/2023/software/Python/3.11.3-GCCcore-12.3.0/lib/python3.11/logging/__init__.py", line 953, in format
    return fmt.format(record)
           ^^^^^^^^^^^^^^^^^^
  File "/sw/arch/RHEL8/EB_production/2023/software/Python/3.11.3-GCCcore-12.3.0/lib/python3.11/logging/__init__.py", line 687, in format
    record.message = record.getMessage()
                     ^^^^^^^^^^^^^^^^^^^
  File "/sw/arch/RHEL8/EB_production/2023/software/Python/3.11.3-GCCcore-12.3.0/lib/python3.11/logging/__init__.py", line 377, in getMessage
    msg = msg % self.args
          ~~~~^~~~~~~~~~~
TypeError: not all arguments converted during string formatting
Call stack:
  File "/gpfs/home3/tsijpkens/TSPHardener/run.py", line 46, in <module>
    with Pool(processes=128) as pool:
  File "/sw/arch/RHEL8/EB_production/2023/software/Python/3.11.3-GCCcore-12.3.0/lib/python3.11/multiprocessing/context.py", line 119, in Pool
    return Pool(processes, initializer, initargs, maxtasksperchild,
  File "/sw/arch/RHEL8/EB_production/2023/software/Python/3.11.3-GCCcore-12.3.0/lib/python3.11/multiprocessing/pool.py", line 215, in __init__
    self._repopulate_pool()
  File "/sw/arch/RHEL8/EB_production/2023/software/Python/3.11.3-GCCcore-12.3.0/lib/python3.11/multiprocessing/pool.py", line 306, in _repopulate_pool
    return self._repopulate_pool_static(self._ctx, self.Process,
  File "/sw/arch/RHEL8/EB_production/2023/software/Python/3.11.3-GCCcore-12.3.0/lib/python3.11/multiprocessing/pool.py", line 329, in _repopulate_pool_static
    w.start()
  File "/sw/arch/RHEL8/EB_production/2023/software/Python/3.11.3-GCCcore-12.3.0/lib/python3.11/multiprocessing/process.py", line 121, in start
    self._popen = self._Popen(self)
  File "/sw/arch/RHEL8/EB_production/2023/software/Python/3.11.3-GCCcore-12.3.0/lib/python3.11/multiprocessing/context.py", line 281, in _Popen
    return Popen(process_obj)
  File "/sw/arch/RHEL8/EB_production/2023/software/Python/3.11.3-GCCcore-12.3.0/lib/python3.11/multiprocessing/popen_fork.py", line 19, in __init__
    self._launch(process_obj)
  File "/sw/arch/RHEL8/EB_production/2023/software/Python/3.11.3-GCCcore-12.3.0/lib/python3.11/multiprocessing/popen_fork.py", line 71, in _launch
    code = process_obj._bootstrap(parent_sentinel=child_r)
  File "/sw/arch/RHEL8/EB_production/2023/software/Python/3.11.3-GCCcore-12.3.0/lib/python3.11/multiprocessing/process.py", line 314, in _bootstrap
    self.run()
  File "/sw/arch/RHEL8/EB_production/2023/software/Python/3.11.3-GCCcore-12.3.0/lib/python3.11/multiprocessing/process.py", line 108, in run
    self._target(*self._args, **self._kwargs)
  File "/sw/arch/RHEL8/EB_production/2023/software/Python/3.11.3-GCCcore-12.3.0/lib/python3.11/multiprocessing/pool.py", line 125, in worker
    result = (True, func(*args, **kwds))
  File "/sw/arch/RHEL8/EB_production/2023/software/Python/3.11.3-GCCcore-12.3.0/lib/python3.11/multiprocessing/pool.py", line 48, in mapstar
    return list(map(*args))
  File "/gpfs/home3/tsijpkens/TSPHardener/run.py", line 38, in run_experiment
    logging.error(f"Error in {cmd}:", f"{e.stderr}")
Message: "Error in ['python3', '-m', 'main', '[20]', '[3.2]', '1000', '', '--tsp_type', 'euclidean', '--distribution', 'lognormal', '--mutation_strategy', 'swap']:"
Arguments: ('Traceback (most recent call last):\n  File "<frozen runpy>", line 198, in _run_module_as_main\n  File "<frozen runpy>", line 88, in _run_code\n  File "/gpfs/home3/tsijpkens/TSPHardener/main.py", line 67, in <module>\n    main()\n  File "/gpfs/home3/tsijpkens/TSPHardener/main.py", line 58, in main\n    experiment(\n  File "/gpfs/home3/tsijpkens/TSPHardener/core/experiment.py", line 180, in experiment\n    run_single_experiment(config, citysize, rang, _mutations)\n  File "/gpfs/home3/tsijpkens/TSPHardener/core/experiment.py", line 111, in run_single_experiment\n    track_basin_transition(hardest_matrix, matrix, partial_results)\n  File "/gpfs/home3/tsijpkens/TSPHardener/core/experiment.py", line 16, in track_basin_transition\n    partial_results["transitions"][source_hash].append(mutated_hash)\n    ~~~~~~~~~~~~~~~~~~~~~~~~~~~~~~^^^^^^^^^^^^^\nKeyError: -7698005164890714027\n',)
--- Logging error ---
Traceback (most recent call last):
  File "/gpfs/home3/tsijpkens/TSPHardener/run.py", line 33, in run_experiment
    result = subprocess.run(cmd, check=True, text=True, capture_output=True)
             ^^^^^^^^^^^^^^^^^^^^^^^^^^^^^^^^^^^^^^^^^^^^^^^^^^^^^^^^^^^^^^^
  File "/sw/arch/RHEL8/EB_production/2023/software/Python/3.11.3-GCCcore-12.3.0/lib/python3.11/subprocess.py", line 571, in run
    raise CalledProcessError(retcode, process.args,
subprocess.CalledProcessError: Command '['python3', '-m', 'main', '[30]', '[20]', '1000', '', '--tsp_type', 'euclidean', '--distribution', 'uniform', '--mutation_strategy', 'scramble']' returned non-zero exit status 1.

During handling of the above exception, another exception occurred:

Traceback (most recent call last):
  File "/sw/arch/RHEL8/EB_production/2023/software/Python/3.11.3-GCCcore-12.3.0/lib/python3.11/logging/__init__.py", line 1110, in emit
    msg = self.format(record)
          ^^^^^^^^^^^^^^^^^^^
  File "/sw/arch/RHEL8/EB_production/2023/software/Python/3.11.3-GCCcore-12.3.0/lib/python3.11/logging/__init__.py", line 953, in format
    return fmt.format(record)
           ^^^^^^^^^^^^^^^^^^
  File "/sw/arch/RHEL8/EB_production/2023/software/Python/3.11.3-GCCcore-12.3.0/lib/python3.11/logging/__init__.py", line 687, in format
    record.message = record.getMessage()
                     ^^^^^^^^^^^^^^^^^^^
  File "/sw/arch/RHEL8/EB_production/2023/software/Python/3.11.3-GCCcore-12.3.0/lib/python3.11/logging/__init__.py", line 377, in getMessage
    msg = msg % self.args
          ~~~~^~~~~~~~~~~
TypeError: not all arguments converted during string formatting
Call stack:
  File "/gpfs/home3/tsijpkens/TSPHardener/run.py", line 46, in <module>
    with Pool(processes=128) as pool:
  File "/sw/arch/RHEL8/EB_production/2023/software/Python/3.11.3-GCCcore-12.3.0/lib/python3.11/multiprocessing/context.py", line 119, in Pool
    return Pool(processes, initializer, initargs, maxtasksperchild,
  File "/sw/arch/RHEL8/EB_production/2023/software/Python/3.11.3-GCCcore-12.3.0/lib/python3.11/multiprocessing/pool.py", line 215, in __init__
    self._repopulate_pool()
  File "/sw/arch/RHEL8/EB_production/2023/software/Python/3.11.3-GCCcore-12.3.0/lib/python3.11/multiprocessing/pool.py", line 306, in _repopulate_pool
    return self._repopulate_pool_static(self._ctx, self.Process,
  File "/sw/arch/RHEL8/EB_production/2023/software/Python/3.11.3-GCCcore-12.3.0/lib/python3.11/multiprocessing/pool.py", line 329, in _repopulate_pool_static
    w.start()
  File "/sw/arch/RHEL8/EB_production/2023/software/Python/3.11.3-GCCcore-12.3.0/lib/python3.11/multiprocessing/process.py", line 121, in start
    self._popen = self._Popen(self)
  File "/sw/arch/RHEL8/EB_production/2023/software/Python/3.11.3-GCCcore-12.3.0/lib/python3.11/multiprocessing/context.py", line 281, in _Popen
    return Popen(process_obj)
  File "/sw/arch/RHEL8/EB_production/2023/software/Python/3.11.3-GCCcore-12.3.0/lib/python3.11/multiprocessing/popen_fork.py", line 19, in __init__
    self._launch(process_obj)
  File "/sw/arch/RHEL8/EB_production/2023/software/Python/3.11.3-GCCcore-12.3.0/lib/python3.11/multiprocessing/popen_fork.py", line 71, in _launch
    code = process_obj._bootstrap(parent_sentinel=child_r)
  File "/sw/arch/RHEL8/EB_production/2023/software/Python/3.11.3-GCCcore-12.3.0/lib/python3.11/multiprocessing/process.py", line 314, in _bootstrap
    self.run()
  File "/sw/arch/RHEL8/EB_production/2023/software/Python/3.11.3-GCCcore-12.3.0/lib/python3.11/multiprocessing/process.py", line 108, in run
    self._target(*self._args, **self._kwargs)
  File "/sw/arch/RHEL8/EB_production/2023/software/Python/3.11.3-GCCcore-12.3.0/lib/python3.11/multiprocessing/pool.py", line 125, in worker
    result = (True, func(*args, **kwds))
  File "/sw/arch/RHEL8/EB_production/2023/software/Python/3.11.3-GCCcore-12.3.0/lib/python3.11/multiprocessing/pool.py", line 48, in mapstar
    return list(map(*args))
  File "/gpfs/home3/tsijpkens/TSPHardener/run.py", line 38, in run_experiment
    logging.error(f"Error in {cmd}:", f"{e.stderr}")
Message: "Error in ['python3', '-m', 'main', '[30]', '[20]', '1000', '', '--tsp_type', 'euclidean', '--distribution', 'uniform', '--mutation_strategy', 'scramble']:"
Arguments: ('Traceback (most recent call last):\n  File "<frozen runpy>", line 198, in _run_module_as_main\n  File "<frozen runpy>", line 88, in _run_code\n  File "/gpfs/home3/tsijpkens/TSPHardener/main.py", line 67, in <module>\n    main()\n  File "/gpfs/home3/tsijpkens/TSPHardener/main.py", line 58, in main\n    experiment(\n  File "/gpfs/home3/tsijpkens/TSPHardener/core/experiment.py", line 180, in experiment\n    run_single_experiment(config, citysize, rang, _mutations)\n  File "/gpfs/home3/tsijpkens/TSPHardener/core/experiment.py", line 111, in run_single_experiment\n    track_basin_transition(hardest_matrix, matrix, partial_results)\n  File "/gpfs/home3/tsijpkens/TSPHardener/core/experiment.py", line 16, in track_basin_transition\n    partial_results["transitions"][source_hash].append(mutated_hash)\n    ~~~~~~~~~~~~~~~~~~~~~~~~~~~~~~^^^^^^^^^^^^^\nKeyError: -9174874064525635012\n',)
--- Logging error ---
Traceback (most recent call last):
  File "/gpfs/home3/tsijpkens/TSPHardener/run.py", line 33, in run_experiment
    result = subprocess.run(cmd, check=True, text=True, capture_output=True)
             ^^^^^^^^^^^^^^^^^^^^^^^^^^^^^^^^^^^^^^^^^^^^^^^^^^^^^^^^^^^^^^^
  File "/sw/arch/RHEL8/EB_production/2023/software/Python/3.11.3-GCCcore-12.3.0/lib/python3.11/subprocess.py", line 571, in run
    raise CalledProcessError(retcode, process.args,
subprocess.CalledProcessError: Command '['python3', '-m', 'main', '[20]', '[4.4]', '1000', '', '--tsp_type', 'euclidean', '--distribution', 'lognormal', '--mutation_strategy', 'wouter']' returned non-zero exit status 1.

During handling of the above exception, another exception occurred:

Traceback (most recent call last):
  File "/sw/arch/RHEL8/EB_production/2023/software/Python/3.11.3-GCCcore-12.3.0/lib/python3.11/logging/__init__.py", line 1110, in emit
    msg = self.format(record)
          ^^^^^^^^^^^^^^^^^^^
  File "/sw/arch/RHEL8/EB_production/2023/software/Python/3.11.3-GCCcore-12.3.0/lib/python3.11/logging/__init__.py", line 953, in format
    return fmt.format(record)
           ^^^^^^^^^^^^^^^^^^
  File "/sw/arch/RHEL8/EB_production/2023/software/Python/3.11.3-GCCcore-12.3.0/lib/python3.11/logging/__init__.py", line 687, in format
    record.message = record.getMessage()
                     ^^^^^^^^^^^^^^^^^^^
  File "/sw/arch/RHEL8/EB_production/2023/software/Python/3.11.3-GCCcore-12.3.0/lib/python3.11/logging/__init__.py", line 377, in getMessage
    msg = msg % self.args
          ~~~~^~~~~~~~~~~
TypeError: not all arguments converted during string formatting
Call stack:
  File "/gpfs/home3/tsijpkens/TSPHardener/run.py", line 46, in <module>
    with Pool(processes=128) as pool:
  File "/sw/arch/RHEL8/EB_production/2023/software/Python/3.11.3-GCCcore-12.3.0/lib/python3.11/multiprocessing/context.py", line 119, in Pool
    return Pool(processes, initializer, initargs, maxtasksperchild,
  File "/sw/arch/RHEL8/EB_production/2023/software/Python/3.11.3-GCCcore-12.3.0/lib/python3.11/multiprocessing/pool.py", line 215, in __init__
    self._repopulate_pool()
  File "/sw/arch/RHEL8/EB_production/2023/software/Python/3.11.3-GCCcore-12.3.0/lib/python3.11/multiprocessing/pool.py", line 306, in _repopulate_pool
    return self._repopulate_pool_static(self._ctx, self.Process,
  File "/sw/arch/RHEL8/EB_production/2023/software/Python/3.11.3-GCCcore-12.3.0/lib/python3.11/multiprocessing/pool.py", line 329, in _repopulate_pool_static
    w.start()
  File "/sw/arch/RHEL8/EB_production/2023/software/Python/3.11.3-GCCcore-12.3.0/lib/python3.11/multiprocessing/process.py", line 121, in start
    self._popen = self._Popen(self)
  File "/sw/arch/RHEL8/EB_production/2023/software/Python/3.11.3-GCCcore-12.3.0/lib/python3.11/multiprocessing/context.py", line 281, in _Popen
    return Popen(process_obj)
  File "/sw/arch/RHEL8/EB_production/2023/software/Python/3.11.3-GCCcore-12.3.0/lib/python3.11/multiprocessing/popen_fork.py", line 19, in __init__
    self._launch(process_obj)
  File "/sw/arch/RHEL8/EB_production/2023/software/Python/3.11.3-GCCcore-12.3.0/lib/python3.11/multiprocessing/popen_fork.py", line 71, in _launch
    code = process_obj._bootstrap(parent_sentinel=child_r)
  File "/sw/arch/RHEL8/EB_production/2023/software/Python/3.11.3-GCCcore-12.3.0/lib/python3.11/multiprocessing/process.py", line 314, in _bootstrap
    self.run()
  File "/sw/arch/RHEL8/EB_production/2023/software/Python/3.11.3-GCCcore-12.3.0/lib/python3.11/multiprocessing/process.py", line 108, in run
    self._target(*self._args, **self._kwargs)
  File "/sw/arch/RHEL8/EB_production/2023/software/Python/3.11.3-GCCcore-12.3.0/lib/python3.11/multiprocessing/pool.py", line 125, in worker
    result = (True, func(*args, **kwds))
  File "/sw/arch/RHEL8/EB_production/2023/software/Python/3.11.3-GCCcore-12.3.0/lib/python3.11/multiprocessing/pool.py", line 48, in mapstar
    return list(map(*args))
  File "/gpfs/home3/tsijpkens/TSPHardener/run.py", line 38, in run_experiment
    logging.error(f"Error in {cmd}:", f"{e.stderr}")
Message: "Error in ['python3', '-m', 'main', '[20]', '[4.4]', '1000', '', '--tsp_type', 'euclidean', '--distribution', 'lognormal', '--mutation_strategy', 'wouter']:"
Arguments: ('Traceback (most recent call last):\n  File "<frozen runpy>", line 198, in _run_module_as_main\n  File "<frozen runpy>", line 88, in _run_code\n  File "/gpfs/home3/tsijpkens/TSPHardener/main.py", line 67, in <module>\n    main()\n  File "/gpfs/home3/tsijpkens/TSPHardener/main.py", line 58, in main\n    experiment(\n  File "/gpfs/home3/tsijpkens/TSPHardener/core/experiment.py", line 180, in experiment\n    run_single_experiment(config, citysize, rang, _mutations)\n  File "/gpfs/home3/tsijpkens/TSPHardener/core/experiment.py", line 111, in run_single_experiment\n    track_basin_transition(hardest_matrix, matrix, partial_results)\n  File "/gpfs/home3/tsijpkens/TSPHardener/core/experiment.py", line 16, in track_basin_transition\n    partial_results["transitions"][source_hash].append(mutated_hash)\n    ~~~~~~~~~~~~~~~~~~~~~~~~~~~~~~^^^^^^^^^^^^^\nKeyError: 5099642296801272584\n',)
--- Logging error ---
Traceback (most recent call last):
  File "/gpfs/home3/tsijpkens/TSPHardener/run.py", line 33, in run_experiment
    result = subprocess.run(cmd, check=True, text=True, capture_output=True)
             ^^^^^^^^^^^^^^^^^^^^^^^^^^^^^^^^^^^^^^^^^^^^^^^^^^^^^^^^^^^^^^^
  File "/sw/arch/RHEL8/EB_production/2023/software/Python/3.11.3-GCCcore-12.3.0/lib/python3.11/subprocess.py", line 571, in run
    raise CalledProcessError(retcode, process.args,
subprocess.CalledProcessError: Command '['python3', '-m', 'main', '[20]', '[1.4]', '1000', '', '--tsp_type', 'euclidean', '--distribution', 'lognormal', '--mutation_strategy', 'swap']' returned non-zero exit status 1.

During handling of the above exception, another exception occurred:

Traceback (most recent call last):
  File "/sw/arch/RHEL8/EB_production/2023/software/Python/3.11.3-GCCcore-12.3.0/lib/python3.11/logging/__init__.py", line 1110, in emit
    msg = self.format(record)
          ^^^^^^^^^^^^^^^^^^^
  File "/sw/arch/RHEL8/EB_production/2023/software/Python/3.11.3-GCCcore-12.3.0/lib/python3.11/logging/__init__.py", line 953, in format
    return fmt.format(record)
           ^^^^^^^^^^^^^^^^^^
  File "/sw/arch/RHEL8/EB_production/2023/software/Python/3.11.3-GCCcore-12.3.0/lib/python3.11/logging/__init__.py", line 687, in format
    record.message = record.getMessage()
                     ^^^^^^^^^^^^^^^^^^^
  File "/sw/arch/RHEL8/EB_production/2023/software/Python/3.11.3-GCCcore-12.3.0/lib/python3.11/logging/__init__.py", line 377, in getMessage
    msg = msg % self.args
          ~~~~^~~~~~~~~~~
TypeError: not all arguments converted during string formatting
Call stack:
  File "/gpfs/home3/tsijpkens/TSPHardener/run.py", line 46, in <module>
    with Pool(processes=128) as pool:
  File "/sw/arch/RHEL8/EB_production/2023/software/Python/3.11.3-GCCcore-12.3.0/lib/python3.11/multiprocessing/context.py", line 119, in Pool
    return Pool(processes, initializer, initargs, maxtasksperchild,
  File "/sw/arch/RHEL8/EB_production/2023/software/Python/3.11.3-GCCcore-12.3.0/lib/python3.11/multiprocessing/pool.py", line 215, in __init__
    self._repopulate_pool()
  File "/sw/arch/RHEL8/EB_production/2023/software/Python/3.11.3-GCCcore-12.3.0/lib/python3.11/multiprocessing/pool.py", line 306, in _repopulate_pool
    return self._repopulate_pool_static(self._ctx, self.Process,
  File "/sw/arch/RHEL8/EB_production/2023/software/Python/3.11.3-GCCcore-12.3.0/lib/python3.11/multiprocessing/pool.py", line 329, in _repopulate_pool_static
    w.start()
  File "/sw/arch/RHEL8/EB_production/2023/software/Python/3.11.3-GCCcore-12.3.0/lib/python3.11/multiprocessing/process.py", line 121, in start
    self._popen = self._Popen(self)
  File "/sw/arch/RHEL8/EB_production/2023/software/Python/3.11.3-GCCcore-12.3.0/lib/python3.11/multiprocessing/context.py", line 281, in _Popen
    return Popen(process_obj)
  File "/sw/arch/RHEL8/EB_production/2023/software/Python/3.11.3-GCCcore-12.3.0/lib/python3.11/multiprocessing/popen_fork.py", line 19, in __init__
    self._launch(process_obj)
  File "/sw/arch/RHEL8/EB_production/2023/software/Python/3.11.3-GCCcore-12.3.0/lib/python3.11/multiprocessing/popen_fork.py", line 71, in _launch
    code = process_obj._bootstrap(parent_sentinel=child_r)
  File "/sw/arch/RHEL8/EB_production/2023/software/Python/3.11.3-GCCcore-12.3.0/lib/python3.11/multiprocessing/process.py", line 314, in _bootstrap
    self.run()
  File "/sw/arch/RHEL8/EB_production/2023/software/Python/3.11.3-GCCcore-12.3.0/lib/python3.11/multiprocessing/process.py", line 108, in run
    self._target(*self._args, **self._kwargs)
  File "/sw/arch/RHEL8/EB_production/2023/software/Python/3.11.3-GCCcore-12.3.0/lib/python3.11/multiprocessing/pool.py", line 125, in worker
    result = (True, func(*args, **kwds))
  File "/sw/arch/RHEL8/EB_production/2023/software/Python/3.11.3-GCCcore-12.3.0/lib/python3.11/multiprocessing/pool.py", line 48, in mapstar
    return list(map(*args))
  File "/gpfs/home3/tsijpkens/TSPHardener/run.py", line 38, in run_experiment
    logging.error(f"Error in {cmd}:", f"{e.stderr}")
Message: "Error in ['python3', '-m', 'main', '[20]', '[1.4]', '1000', '', '--tsp_type', 'euclidean', '--distribution', 'lognormal', '--mutation_strategy', 'swap']:"
Arguments: ('Traceback (most recent call last):\n  File "<frozen runpy>", line 198, in _run_module_as_main\n  File "<frozen runpy>", line 88, in _run_code\n  File "/gpfs/home3/tsijpkens/TSPHardener/main.py", line 67, in <module>\n    main()\n  File "/gpfs/home3/tsijpkens/TSPHardener/main.py", line 58, in main\n    experiment(\n  File "/gpfs/home3/tsijpkens/TSPHardener/core/experiment.py", line 180, in experiment\n    run_single_experiment(config, citysize, rang, _mutations)\n  File "/gpfs/home3/tsijpkens/TSPHardener/core/experiment.py", line 111, in run_single_experiment\n    track_basin_transition(hardest_matrix, matrix, partial_results)\n  File "/gpfs/home3/tsijpkens/TSPHardener/core/experiment.py", line 16, in track_basin_transition\n    partial_results["transitions"][source_hash].append(mutated_hash)\n    ~~~~~~~~~~~~~~~~~~~~~~~~~~~~~~^^^^^^^^^^^^^\nKeyError: 5948310426178253294\n',)
--- Logging error ---
Traceback (most recent call last):
  File "/gpfs/home3/tsijpkens/TSPHardener/run.py", line 33, in run_experiment
    result = subprocess.run(cmd, check=True, text=True, capture_output=True)
             ^^^^^^^^^^^^^^^^^^^^^^^^^^^^^^^^^^^^^^^^^^^^^^^^^^^^^^^^^^^^^^^
  File "/sw/arch/RHEL8/EB_production/2023/software/Python/3.11.3-GCCcore-12.3.0/lib/python3.11/subprocess.py", line 571, in run
    raise CalledProcessError(retcode, process.args,
subprocess.CalledProcessError: Command '['python3', '-m', 'main', '[20]', '[2.6]', '1000', '', '--tsp_type', 'euclidean', '--distribution', 'lognormal', '--mutation_strategy', 'wouter']' returned non-zero exit status 1.

During handling of the above exception, another exception occurred:

Traceback (most recent call last):
  File "/sw/arch/RHEL8/EB_production/2023/software/Python/3.11.3-GCCcore-12.3.0/lib/python3.11/logging/__init__.py", line 1110, in emit
    msg = self.format(record)
          ^^^^^^^^^^^^^^^^^^^
  File "/sw/arch/RHEL8/EB_production/2023/software/Python/3.11.3-GCCcore-12.3.0/lib/python3.11/logging/__init__.py", line 953, in format
    return fmt.format(record)
           ^^^^^^^^^^^^^^^^^^
  File "/sw/arch/RHEL8/EB_production/2023/software/Python/3.11.3-GCCcore-12.3.0/lib/python3.11/logging/__init__.py", line 687, in format
    record.message = record.getMessage()
                     ^^^^^^^^^^^^^^^^^^^
  File "/sw/arch/RHEL8/EB_production/2023/software/Python/3.11.3-GCCcore-12.3.0/lib/python3.11/logging/__init__.py", line 377, in getMessage
    msg = msg % self.args
          ~~~~^~~~~~~~~~~
TypeError: not all arguments converted during string formatting
Call stack:
  File "/gpfs/home3/tsijpkens/TSPHardener/run.py", line 46, in <module>
    with Pool(processes=128) as pool:
  File "/sw/arch/RHEL8/EB_production/2023/software/Python/3.11.3-GCCcore-12.3.0/lib/python3.11/multiprocessing/context.py", line 119, in Pool
    return Pool(processes, initializer, initargs, maxtasksperchild,
  File "/sw/arch/RHEL8/EB_production/2023/software/Python/3.11.3-GCCcore-12.3.0/lib/python3.11/multiprocessing/pool.py", line 215, in __init__
    self._repopulate_pool()
  File "/sw/arch/RHEL8/EB_production/2023/software/Python/3.11.3-GCCcore-12.3.0/lib/python3.11/multiprocessing/pool.py", line 306, in _repopulate_pool
    return self._repopulate_pool_static(self._ctx, self.Process,
  File "/sw/arch/RHEL8/EB_production/2023/software/Python/3.11.3-GCCcore-12.3.0/lib/python3.11/multiprocessing/pool.py", line 329, in _repopulate_pool_static
    w.start()
  File "/sw/arch/RHEL8/EB_production/2023/software/Python/3.11.3-GCCcore-12.3.0/lib/python3.11/multiprocessing/process.py", line 121, in start
    self._popen = self._Popen(self)
  File "/sw/arch/RHEL8/EB_production/2023/software/Python/3.11.3-GCCcore-12.3.0/lib/python3.11/multiprocessing/context.py", line 281, in _Popen
    return Popen(process_obj)
  File "/sw/arch/RHEL8/EB_production/2023/software/Python/3.11.3-GCCcore-12.3.0/lib/python3.11/multiprocessing/popen_fork.py", line 19, in __init__
    self._launch(process_obj)
  File "/sw/arch/RHEL8/EB_production/2023/software/Python/3.11.3-GCCcore-12.3.0/lib/python3.11/multiprocessing/popen_fork.py", line 71, in _launch
    code = process_obj._bootstrap(parent_sentinel=child_r)
  File "/sw/arch/RHEL8/EB_production/2023/software/Python/3.11.3-GCCcore-12.3.0/lib/python3.11/multiprocessing/process.py", line 314, in _bootstrap
    self.run()
  File "/sw/arch/RHEL8/EB_production/2023/software/Python/3.11.3-GCCcore-12.3.0/lib/python3.11/multiprocessing/process.py", line 108, in run
    self._target(*self._args, **self._kwargs)
  File "/sw/arch/RHEL8/EB_production/2023/software/Python/3.11.3-GCCcore-12.3.0/lib/python3.11/multiprocessing/pool.py", line 125, in worker
    result = (True, func(*args, **kwds))
  File "/sw/arch/RHEL8/EB_production/2023/software/Python/3.11.3-GCCcore-12.3.0/lib/python3.11/multiprocessing/pool.py", line 48, in mapstar
    return list(map(*args))
  File "/gpfs/home3/tsijpkens/TSPHardener/run.py", line 38, in run_experiment
    logging.error(f"Error in {cmd}:", f"{e.stderr}")
Message: "Error in ['python3', '-m', 'main', '[20]', '[2.6]', '1000', '', '--tsp_type', 'euclidean', '--distribution', 'lognormal', '--mutation_strategy', 'wouter']:"
Arguments: ('Traceback (most recent call last):\n  File "<frozen runpy>", line 198, in _run_module_as_main\n  File "<frozen runpy>", line 88, in _run_code\n  File "/gpfs/home3/tsijpkens/TSPHardener/main.py", line 67, in <module>\n    main()\n  File "/gpfs/home3/tsijpkens/TSPHardener/main.py", line 58, in main\n    experiment(\n  File "/gpfs/home3/tsijpkens/TSPHardener/core/experiment.py", line 180, in experiment\n    run_single_experiment(config, citysize, rang, _mutations)\n  File "/gpfs/home3/tsijpkens/TSPHardener/core/experiment.py", line 111, in run_single_experiment\n    track_basin_transition(hardest_matrix, matrix, partial_results)\n  File "/gpfs/home3/tsijpkens/TSPHardener/core/experiment.py", line 16, in track_basin_transition\n    partial_results["transitions"][source_hash].append(mutated_hash)\n    ~~~~~~~~~~~~~~~~~~~~~~~~~~~~~~^^^^^^^^^^^^^\nKeyError: 6766562946114597345\n',)
--- Logging error ---
Traceback (most recent call last):
  File "/gpfs/home3/tsijpkens/TSPHardener/run.py", line 33, in run_experiment
    result = subprocess.run(cmd, check=True, text=True, capture_output=True)
             ^^^^^^^^^^^^^^^^^^^^^^^^^^^^^^^^^^^^^^^^^^^^^^^^^^^^^^^^^^^^^^^
  File "/sw/arch/RHEL8/EB_production/2023/software/Python/3.11.3-GCCcore-12.3.0/lib/python3.11/subprocess.py", line 571, in run
    raise CalledProcessError(retcode, process.args,
subprocess.CalledProcessError: Command '['python3', '-m', 'main', '[30]', '[0.8]', '1000', '', '--tsp_type', 'euclidean', '--distribution', 'lognormal', '--mutation_strategy', 'scramble']' returned non-zero exit status 1.

During handling of the above exception, another exception occurred:

Traceback (most recent call last):
  File "/sw/arch/RHEL8/EB_production/2023/software/Python/3.11.3-GCCcore-12.3.0/lib/python3.11/logging/__init__.py", line 1110, in emit
    msg = self.format(record)
          ^^^^^^^^^^^^^^^^^^^
  File "/sw/arch/RHEL8/EB_production/2023/software/Python/3.11.3-GCCcore-12.3.0/lib/python3.11/logging/__init__.py", line 953, in format
    return fmt.format(record)
           ^^^^^^^^^^^^^^^^^^
  File "/sw/arch/RHEL8/EB_production/2023/software/Python/3.11.3-GCCcore-12.3.0/lib/python3.11/logging/__init__.py", line 687, in format
    record.message = record.getMessage()
                     ^^^^^^^^^^^^^^^^^^^
  File "/sw/arch/RHEL8/EB_production/2023/software/Python/3.11.3-GCCcore-12.3.0/lib/python3.11/logging/__init__.py", line 377, in getMessage
    msg = msg % self.args
          ~~~~^~~~~~~~~~~
TypeError: not all arguments converted during string formatting
Call stack:
  File "/gpfs/home3/tsijpkens/TSPHardener/run.py", line 46, in <module>
    with Pool(processes=128) as pool:
  File "/sw/arch/RHEL8/EB_production/2023/software/Python/3.11.3-GCCcore-12.3.0/lib/python3.11/multiprocessing/context.py", line 119, in Pool
    return Pool(processes, initializer, initargs, maxtasksperchild,
  File "/sw/arch/RHEL8/EB_production/2023/software/Python/3.11.3-GCCcore-12.3.0/lib/python3.11/multiprocessing/pool.py", line 215, in __init__
    self._repopulate_pool()
  File "/sw/arch/RHEL8/EB_production/2023/software/Python/3.11.3-GCCcore-12.3.0/lib/python3.11/multiprocessing/pool.py", line 306, in _repopulate_pool
    return self._repopulate_pool_static(self._ctx, self.Process,
  File "/sw/arch/RHEL8/EB_production/2023/software/Python/3.11.3-GCCcore-12.3.0/lib/python3.11/multiprocessing/pool.py", line 329, in _repopulate_pool_static
    w.start()
  File "/sw/arch/RHEL8/EB_production/2023/software/Python/3.11.3-GCCcore-12.3.0/lib/python3.11/multiprocessing/process.py", line 121, in start
    self._popen = self._Popen(self)
  File "/sw/arch/RHEL8/EB_production/2023/software/Python/3.11.3-GCCcore-12.3.0/lib/python3.11/multiprocessing/context.py", line 281, in _Popen
    return Popen(process_obj)
  File "/sw/arch/RHEL8/EB_production/2023/software/Python/3.11.3-GCCcore-12.3.0/lib/python3.11/multiprocessing/popen_fork.py", line 19, in __init__
    self._launch(process_obj)
  File "/sw/arch/RHEL8/EB_production/2023/software/Python/3.11.3-GCCcore-12.3.0/lib/python3.11/multiprocessing/popen_fork.py", line 71, in _launch
    code = process_obj._bootstrap(parent_sentinel=child_r)
  File "/sw/arch/RHEL8/EB_production/2023/software/Python/3.11.3-GCCcore-12.3.0/lib/python3.11/multiprocessing/process.py", line 314, in _bootstrap
    self.run()
  File "/sw/arch/RHEL8/EB_production/2023/software/Python/3.11.3-GCCcore-12.3.0/lib/python3.11/multiprocessing/process.py", line 108, in run
    self._target(*self._args, **self._kwargs)
  File "/sw/arch/RHEL8/EB_production/2023/software/Python/3.11.3-GCCcore-12.3.0/lib/python3.11/multiprocessing/pool.py", line 125, in worker
    result = (True, func(*args, **kwds))
  File "/sw/arch/RHEL8/EB_production/2023/software/Python/3.11.3-GCCcore-12.3.0/lib/python3.11/multiprocessing/pool.py", line 48, in mapstar
    return list(map(*args))
  File "/gpfs/home3/tsijpkens/TSPHardener/run.py", line 38, in run_experiment
    logging.error(f"Error in {cmd}:", f"{e.stderr}")
Message: "Error in ['python3', '-m', 'main', '[30]', '[0.8]', '1000', '', '--tsp_type', 'euclidean', '--distribution', 'lognormal', '--mutation_strategy', 'scramble']:"
Arguments: ('Traceback (most recent call last):\n  File "<frozen runpy>", line 198, in _run_module_as_main\n  File "<frozen runpy>", line 88, in _run_code\n  File "/gpfs/home3/tsijpkens/TSPHardener/main.py", line 67, in <module>\n    main()\n  File "/gpfs/home3/tsijpkens/TSPHardener/main.py", line 58, in main\n    experiment(\n  File "/gpfs/home3/tsijpkens/TSPHardener/core/experiment.py", line 180, in experiment\n    run_single_experiment(config, citysize, rang, _mutations)\n  File "/gpfs/home3/tsijpkens/TSPHardener/core/experiment.py", line 111, in run_single_experiment\n    track_basin_transition(hardest_matrix, matrix, partial_results)\n  File "/gpfs/home3/tsijpkens/TSPHardener/core/experiment.py", line 16, in track_basin_transition\n    partial_results["transitions"][source_hash].append(mutated_hash)\n    ~~~~~~~~~~~~~~~~~~~~~~~~~~~~~~^^^^^^^^^^^^^\nKeyError: 5738354087468096556\n',)
--- Logging error ---
Traceback (most recent call last):
  File "/gpfs/home3/tsijpkens/TSPHardener/run.py", line 33, in run_experiment
    result = subprocess.run(cmd, check=True, text=True, capture_output=True)
             ^^^^^^^^^^^^^^^^^^^^^^^^^^^^^^^^^^^^^^^^^^^^^^^^^^^^^^^^^^^^^^^
  File "/sw/arch/RHEL8/EB_production/2023/software/Python/3.11.3-GCCcore-12.3.0/lib/python3.11/subprocess.py", line 571, in run
    raise CalledProcessError(retcode, process.args,
subprocess.CalledProcessError: Command '['python3', '-m', 'main', '[30]', '[1.8]', '1000', '', '--tsp_type', 'euclidean', '--distribution', 'lognormal', '--mutation_strategy', 'wouter']' returned non-zero exit status 1.

During handling of the above exception, another exception occurred:

Traceback (most recent call last):
  File "/sw/arch/RHEL8/EB_production/2023/software/Python/3.11.3-GCCcore-12.3.0/lib/python3.11/logging/__init__.py", line 1110, in emit
    msg = self.format(record)
          ^^^^^^^^^^^^^^^^^^^
  File "/sw/arch/RHEL8/EB_production/2023/software/Python/3.11.3-GCCcore-12.3.0/lib/python3.11/logging/__init__.py", line 953, in format
    return fmt.format(record)
           ^^^^^^^^^^^^^^^^^^
  File "/sw/arch/RHEL8/EB_production/2023/software/Python/3.11.3-GCCcore-12.3.0/lib/python3.11/logging/__init__.py", line 687, in format
    record.message = record.getMessage()
                     ^^^^^^^^^^^^^^^^^^^
  File "/sw/arch/RHEL8/EB_production/2023/software/Python/3.11.3-GCCcore-12.3.0/lib/python3.11/logging/__init__.py", line 377, in getMessage
    msg = msg % self.args
          ~~~~^~~~~~~~~~~
TypeError: not all arguments converted during string formatting
Call stack:
  File "/gpfs/home3/tsijpkens/TSPHardener/run.py", line 46, in <module>
    with Pool(processes=128) as pool:
  File "/sw/arch/RHEL8/EB_production/2023/software/Python/3.11.3-GCCcore-12.3.0/lib/python3.11/multiprocessing/context.py", line 119, in Pool
    return Pool(processes, initializer, initargs, maxtasksperchild,
  File "/sw/arch/RHEL8/EB_production/2023/software/Python/3.11.3-GCCcore-12.3.0/lib/python3.11/multiprocessing/pool.py", line 215, in __init__
    self._repopulate_pool()
  File "/sw/arch/RHEL8/EB_production/2023/software/Python/3.11.3-GCCcore-12.3.0/lib/python3.11/multiprocessing/pool.py", line 306, in _repopulate_pool
    return self._repopulate_pool_static(self._ctx, self.Process,
  File "/sw/arch/RHEL8/EB_production/2023/software/Python/3.11.3-GCCcore-12.3.0/lib/python3.11/multiprocessing/pool.py", line 329, in _repopulate_pool_static
    w.start()
  File "/sw/arch/RHEL8/EB_production/2023/software/Python/3.11.3-GCCcore-12.3.0/lib/python3.11/multiprocessing/process.py", line 121, in start
    self._popen = self._Popen(self)
  File "/sw/arch/RHEL8/EB_production/2023/software/Python/3.11.3-GCCcore-12.3.0/lib/python3.11/multiprocessing/context.py", line 281, in _Popen
    return Popen(process_obj)
  File "/sw/arch/RHEL8/EB_production/2023/software/Python/3.11.3-GCCcore-12.3.0/lib/python3.11/multiprocessing/popen_fork.py", line 19, in __init__
    self._launch(process_obj)
  File "/sw/arch/RHEL8/EB_production/2023/software/Python/3.11.3-GCCcore-12.3.0/lib/python3.11/multiprocessing/popen_fork.py", line 71, in _launch
    code = process_obj._bootstrap(parent_sentinel=child_r)
  File "/sw/arch/RHEL8/EB_production/2023/software/Python/3.11.3-GCCcore-12.3.0/lib/python3.11/multiprocessing/process.py", line 314, in _bootstrap
    self.run()
  File "/sw/arch/RHEL8/EB_production/2023/software/Python/3.11.3-GCCcore-12.3.0/lib/python3.11/multiprocessing/process.py", line 108, in run
    self._target(*self._args, **self._kwargs)
  File "/sw/arch/RHEL8/EB_production/2023/software/Python/3.11.3-GCCcore-12.3.0/lib/python3.11/multiprocessing/pool.py", line 125, in worker
    result = (True, func(*args, **kwds))
  File "/sw/arch/RHEL8/EB_production/2023/software/Python/3.11.3-GCCcore-12.3.0/lib/python3.11/multiprocessing/pool.py", line 48, in mapstar
    return list(map(*args))
  File "/gpfs/home3/tsijpkens/TSPHardener/run.py", line 38, in run_experiment
    logging.error(f"Error in {cmd}:", f"{e.stderr}")
Message: "Error in ['python3', '-m', 'main', '[30]', '[1.8]', '1000', '', '--tsp_type', 'euclidean', '--distribution', 'lognormal', '--mutation_strategy', 'wouter']:"
Arguments: ('Traceback (most recent call last):\n  File "<frozen runpy>", line 198, in _run_module_as_main\n  File "<frozen runpy>", line 88, in _run_code\n  File "/gpfs/home3/tsijpkens/TSPHardener/main.py", line 67, in <module>\n    main()\n  File "/gpfs/home3/tsijpkens/TSPHardener/main.py", line 58, in main\n    experiment(\n  File "/gpfs/home3/tsijpkens/TSPHardener/core/experiment.py", line 180, in experiment\n    run_single_experiment(config, citysize, rang, _mutations)\n  File "/gpfs/home3/tsijpkens/TSPHardener/core/experiment.py", line 111, in run_single_experiment\n    track_basin_transition(hardest_matrix, matrix, partial_results)\n  File "/gpfs/home3/tsijpkens/TSPHardener/core/experiment.py", line 16, in track_basin_transition\n    partial_results["transitions"][source_hash].append(mutated_hash)\n    ~~~~~~~~~~~~~~~~~~~~~~~~~~~~~~^^^^^^^^^^^^^\nKeyError: -7056076596521342717\n',)
--- Logging error ---
Traceback (most recent call last):
  File "/gpfs/home3/tsijpkens/TSPHardener/run.py", line 33, in run_experiment
    result = subprocess.run(cmd, check=True, text=True, capture_output=True)
             ^^^^^^^^^^^^^^^^^^^^^^^^^^^^^^^^^^^^^^^^^^^^^^^^^^^^^^^^^^^^^^^
  File "/sw/arch/RHEL8/EB_production/2023/software/Python/3.11.3-GCCcore-12.3.0/lib/python3.11/subprocess.py", line 571, in run
    raise CalledProcessError(retcode, process.args,
subprocess.CalledProcessError: Command '['python3', '-m', 'main', '[30]', '[2.2]', '1000', '', '--tsp_type', 'euclidean', '--distribution', 'lognormal', '--mutation_strategy', 'swap']' returned non-zero exit status 1.

During handling of the above exception, another exception occurred:

Traceback (most recent call last):
  File "/sw/arch/RHEL8/EB_production/2023/software/Python/3.11.3-GCCcore-12.3.0/lib/python3.11/logging/__init__.py", line 1110, in emit
    msg = self.format(record)
          ^^^^^^^^^^^^^^^^^^^
  File "/sw/arch/RHEL8/EB_production/2023/software/Python/3.11.3-GCCcore-12.3.0/lib/python3.11/logging/__init__.py", line 953, in format
    return fmt.format(record)
           ^^^^^^^^^^^^^^^^^^
  File "/sw/arch/RHEL8/EB_production/2023/software/Python/3.11.3-GCCcore-12.3.0/lib/python3.11/logging/__init__.py", line 687, in format
    record.message = record.getMessage()
                     ^^^^^^^^^^^^^^^^^^^
  File "/sw/arch/RHEL8/EB_production/2023/software/Python/3.11.3-GCCcore-12.3.0/lib/python3.11/logging/__init__.py", line 377, in getMessage
    msg = msg % self.args
          ~~~~^~~~~~~~~~~
TypeError: not all arguments converted during string formatting
Call stack:
  File "/gpfs/home3/tsijpkens/TSPHardener/run.py", line 46, in <module>
    with Pool(processes=128) as pool:
  File "/sw/arch/RHEL8/EB_production/2023/software/Python/3.11.3-GCCcore-12.3.0/lib/python3.11/multiprocessing/context.py", line 119, in Pool
    return Pool(processes, initializer, initargs, maxtasksperchild,
  File "/sw/arch/RHEL8/EB_production/2023/software/Python/3.11.3-GCCcore-12.3.0/lib/python3.11/multiprocessing/pool.py", line 215, in __init__
    self._repopulate_pool()
  File "/sw/arch/RHEL8/EB_production/2023/software/Python/3.11.3-GCCcore-12.3.0/lib/python3.11/multiprocessing/pool.py", line 306, in _repopulate_pool
    return self._repopulate_pool_static(self._ctx, self.Process,
  File "/sw/arch/RHEL8/EB_production/2023/software/Python/3.11.3-GCCcore-12.3.0/lib/python3.11/multiprocessing/pool.py", line 329, in _repopulate_pool_static
    w.start()
  File "/sw/arch/RHEL8/EB_production/2023/software/Python/3.11.3-GCCcore-12.3.0/lib/python3.11/multiprocessing/process.py", line 121, in start
    self._popen = self._Popen(self)
  File "/sw/arch/RHEL8/EB_production/2023/software/Python/3.11.3-GCCcore-12.3.0/lib/python3.11/multiprocessing/context.py", line 281, in _Popen
    return Popen(process_obj)
  File "/sw/arch/RHEL8/EB_production/2023/software/Python/3.11.3-GCCcore-12.3.0/lib/python3.11/multiprocessing/popen_fork.py", line 19, in __init__
    self._launch(process_obj)
  File "/sw/arch/RHEL8/EB_production/2023/software/Python/3.11.3-GCCcore-12.3.0/lib/python3.11/multiprocessing/popen_fork.py", line 71, in _launch
    code = process_obj._bootstrap(parent_sentinel=child_r)
  File "/sw/arch/RHEL8/EB_production/2023/software/Python/3.11.3-GCCcore-12.3.0/lib/python3.11/multiprocessing/process.py", line 314, in _bootstrap
    self.run()
  File "/sw/arch/RHEL8/EB_production/2023/software/Python/3.11.3-GCCcore-12.3.0/lib/python3.11/multiprocessing/process.py", line 108, in run
    self._target(*self._args, **self._kwargs)
  File "/sw/arch/RHEL8/EB_production/2023/software/Python/3.11.3-GCCcore-12.3.0/lib/python3.11/multiprocessing/pool.py", line 125, in worker
    result = (True, func(*args, **kwds))
  File "/sw/arch/RHEL8/EB_production/2023/software/Python/3.11.3-GCCcore-12.3.0/lib/python3.11/multiprocessing/pool.py", line 48, in mapstar
    return list(map(*args))
  File "/gpfs/home3/tsijpkens/TSPHardener/run.py", line 38, in run_experiment
    logging.error(f"Error in {cmd}:", f"{e.stderr}")
Message: "Error in ['python3', '-m', 'main', '[30]', '[2.2]', '1000', '', '--tsp_type', 'euclidean', '--distribution', 'lognormal', '--mutation_strategy', 'swap']:"
Arguments: ('Traceback (most recent call last):\n  File "<frozen runpy>", line 198, in _run_module_as_main\n  File "<frozen runpy>", line 88, in _run_code\n  File "/gpfs/home3/tsijpkens/TSPHardener/main.py", line 67, in <module>\n    main()\n  File "/gpfs/home3/tsijpkens/TSPHardener/main.py", line 58, in main\n    experiment(\n  File "/gpfs/home3/tsijpkens/TSPHardener/core/experiment.py", line 180, in experiment\n    run_single_experiment(config, citysize, rang, _mutations)\n  File "/gpfs/home3/tsijpkens/TSPHardener/core/experiment.py", line 111, in run_single_experiment\n    track_basin_transition(hardest_matrix, matrix, partial_results)\n  File "/gpfs/home3/tsijpkens/TSPHardener/core/experiment.py", line 16, in track_basin_transition\n    partial_results["transitions"][source_hash].append(mutated_hash)\n    ~~~~~~~~~~~~~~~~~~~~~~~~~~~~~~^^^^^^^^^^^^^\nKeyError: 7286445226803614632\n',)
--- Logging error ---
Traceback (most recent call last):
  File "/gpfs/home3/tsijpkens/TSPHardener/run.py", line 33, in run_experiment
    result = subprocess.run(cmd, check=True, text=True, capture_output=True)
             ^^^^^^^^^^^^^^^^^^^^^^^^^^^^^^^^^^^^^^^^^^^^^^^^^^^^^^^^^^^^^^^
  File "/sw/arch/RHEL8/EB_production/2023/software/Python/3.11.3-GCCcore-12.3.0/lib/python3.11/subprocess.py", line 571, in run
    raise CalledProcessError(retcode, process.args,
subprocess.CalledProcessError: Command '['python3', '-m', 'main', '[30]', '[1.4]', '1000', '', '--tsp_type', 'euclidean', '--distribution', 'lognormal', '--mutation_strategy', 'swap']' returned non-zero exit status 1.

During handling of the above exception, another exception occurred:

Traceback (most recent call last):
  File "/sw/arch/RHEL8/EB_production/2023/software/Python/3.11.3-GCCcore-12.3.0/lib/python3.11/logging/__init__.py", line 1110, in emit
    msg = self.format(record)
          ^^^^^^^^^^^^^^^^^^^
  File "/sw/arch/RHEL8/EB_production/2023/software/Python/3.11.3-GCCcore-12.3.0/lib/python3.11/logging/__init__.py", line 953, in format
    return fmt.format(record)
           ^^^^^^^^^^^^^^^^^^
  File "/sw/arch/RHEL8/EB_production/2023/software/Python/3.11.3-GCCcore-12.3.0/lib/python3.11/logging/__init__.py", line 687, in format
    record.message = record.getMessage()
                     ^^^^^^^^^^^^^^^^^^^
  File "/sw/arch/RHEL8/EB_production/2023/software/Python/3.11.3-GCCcore-12.3.0/lib/python3.11/logging/__init__.py", line 377, in getMessage
    msg = msg % self.args
          ~~~~^~~~~~~~~~~
TypeError: not all arguments converted during string formatting
Call stack:
  File "/gpfs/home3/tsijpkens/TSPHardener/run.py", line 46, in <module>
    with Pool(processes=128) as pool:
  File "/sw/arch/RHEL8/EB_production/2023/software/Python/3.11.3-GCCcore-12.3.0/lib/python3.11/multiprocessing/context.py", line 119, in Pool
    return Pool(processes, initializer, initargs, maxtasksperchild,
  File "/sw/arch/RHEL8/EB_production/2023/software/Python/3.11.3-GCCcore-12.3.0/lib/python3.11/multiprocessing/pool.py", line 215, in __init__
    self._repopulate_pool()
  File "/sw/arch/RHEL8/EB_production/2023/software/Python/3.11.3-GCCcore-12.3.0/lib/python3.11/multiprocessing/pool.py", line 306, in _repopulate_pool
    return self._repopulate_pool_static(self._ctx, self.Process,
  File "/sw/arch/RHEL8/EB_production/2023/software/Python/3.11.3-GCCcore-12.3.0/lib/python3.11/multiprocessing/pool.py", line 329, in _repopulate_pool_static
    w.start()
  File "/sw/arch/RHEL8/EB_production/2023/software/Python/3.11.3-GCCcore-12.3.0/lib/python3.11/multiprocessing/process.py", line 121, in start
    self._popen = self._Popen(self)
  File "/sw/arch/RHEL8/EB_production/2023/software/Python/3.11.3-GCCcore-12.3.0/lib/python3.11/multiprocessing/context.py", line 281, in _Popen
    return Popen(process_obj)
  File "/sw/arch/RHEL8/EB_production/2023/software/Python/3.11.3-GCCcore-12.3.0/lib/python3.11/multiprocessing/popen_fork.py", line 19, in __init__
    self._launch(process_obj)
  File "/sw/arch/RHEL8/EB_production/2023/software/Python/3.11.3-GCCcore-12.3.0/lib/python3.11/multiprocessing/popen_fork.py", line 71, in _launch
    code = process_obj._bootstrap(parent_sentinel=child_r)
  File "/sw/arch/RHEL8/EB_production/2023/software/Python/3.11.3-GCCcore-12.3.0/lib/python3.11/multiprocessing/process.py", line 314, in _bootstrap
    self.run()
  File "/sw/arch/RHEL8/EB_production/2023/software/Python/3.11.3-GCCcore-12.3.0/lib/python3.11/multiprocessing/process.py", line 108, in run
    self._target(*self._args, **self._kwargs)
  File "/sw/arch/RHEL8/EB_production/2023/software/Python/3.11.3-GCCcore-12.3.0/lib/python3.11/multiprocessing/pool.py", line 125, in worker
    result = (True, func(*args, **kwds))
  File "/sw/arch/RHEL8/EB_production/2023/software/Python/3.11.3-GCCcore-12.3.0/lib/python3.11/multiprocessing/pool.py", line 48, in mapstar
    return list(map(*args))
  File "/gpfs/home3/tsijpkens/TSPHardener/run.py", line 38, in run_experiment
    logging.error(f"Error in {cmd}:", f"{e.stderr}")
Message: "Error in ['python3', '-m', 'main', '[30]', '[1.4]', '1000', '', '--tsp_type', 'euclidean', '--distribution', 'lognormal', '--mutation_strategy', 'swap']:"
Arguments: ('Traceback (most recent call last):\n  File "<frozen runpy>", line 198, in _run_module_as_main\n  File "<frozen runpy>", line 88, in _run_code\n  File "/gpfs/home3/tsijpkens/TSPHardener/main.py", line 67, in <module>\n    main()\n  File "/gpfs/home3/tsijpkens/TSPHardener/main.py", line 58, in main\n    experiment(\n  File "/gpfs/home3/tsijpkens/TSPHardener/core/experiment.py", line 180, in experiment\n    run_single_experiment(config, citysize, rang, _mutations)\n  File "/gpfs/home3/tsijpkens/TSPHardener/core/experiment.py", line 111, in run_single_experiment\n    track_basin_transition(hardest_matrix, matrix, partial_results)\n  File "/gpfs/home3/tsijpkens/TSPHardener/core/experiment.py", line 16, in track_basin_transition\n    partial_results["transitions"][source_hash].append(mutated_hash)\n    ~~~~~~~~~~~~~~~~~~~~~~~~~~~~~~^^^^^^^^^^^^^\nKeyError: 3471065552063458\n',)
--- Logging error ---
Traceback (most recent call last):
  File "/gpfs/home3/tsijpkens/TSPHardener/run.py", line 33, in run_experiment
    result = subprocess.run(cmd, check=True, text=True, capture_output=True)
             ^^^^^^^^^^^^^^^^^^^^^^^^^^^^^^^^^^^^^^^^^^^^^^^^^^^^^^^^^^^^^^^
  File "/sw/arch/RHEL8/EB_production/2023/software/Python/3.11.3-GCCcore-12.3.0/lib/python3.11/subprocess.py", line 571, in run
    raise CalledProcessError(retcode, process.args,
subprocess.CalledProcessError: Command '['python3', '-m', 'main', '[20]', '[4.4]', '1000', '', '--tsp_type', 'euclidean', '--distribution', 'lognormal', '--mutation_strategy', 'swap']' returned non-zero exit status 1.

During handling of the above exception, another exception occurred:

Traceback (most recent call last):
  File "/sw/arch/RHEL8/EB_production/2023/software/Python/3.11.3-GCCcore-12.3.0/lib/python3.11/logging/__init__.py", line 1110, in emit
    msg = self.format(record)
          ^^^^^^^^^^^^^^^^^^^
  File "/sw/arch/RHEL8/EB_production/2023/software/Python/3.11.3-GCCcore-12.3.0/lib/python3.11/logging/__init__.py", line 953, in format
    return fmt.format(record)
           ^^^^^^^^^^^^^^^^^^
  File "/sw/arch/RHEL8/EB_production/2023/software/Python/3.11.3-GCCcore-12.3.0/lib/python3.11/logging/__init__.py", line 687, in format
    record.message = record.getMessage()
                     ^^^^^^^^^^^^^^^^^^^
  File "/sw/arch/RHEL8/EB_production/2023/software/Python/3.11.3-GCCcore-12.3.0/lib/python3.11/logging/__init__.py", line 377, in getMessage
    msg = msg % self.args
          ~~~~^~~~~~~~~~~
TypeError: not all arguments converted during string formatting
Call stack:
  File "/gpfs/home3/tsijpkens/TSPHardener/run.py", line 46, in <module>
    with Pool(processes=128) as pool:
  File "/sw/arch/RHEL8/EB_production/2023/software/Python/3.11.3-GCCcore-12.3.0/lib/python3.11/multiprocessing/context.py", line 119, in Pool
    return Pool(processes, initializer, initargs, maxtasksperchild,
  File "/sw/arch/RHEL8/EB_production/2023/software/Python/3.11.3-GCCcore-12.3.0/lib/python3.11/multiprocessing/pool.py", line 215, in __init__
    self._repopulate_pool()
  File "/sw/arch/RHEL8/EB_production/2023/software/Python/3.11.3-GCCcore-12.3.0/lib/python3.11/multiprocessing/pool.py", line 306, in _repopulate_pool
    return self._repopulate_pool_static(self._ctx, self.Process,
  File "/sw/arch/RHEL8/EB_production/2023/software/Python/3.11.3-GCCcore-12.3.0/lib/python3.11/multiprocessing/pool.py", line 329, in _repopulate_pool_static
    w.start()
  File "/sw/arch/RHEL8/EB_production/2023/software/Python/3.11.3-GCCcore-12.3.0/lib/python3.11/multiprocessing/process.py", line 121, in start
    self._popen = self._Popen(self)
  File "/sw/arch/RHEL8/EB_production/2023/software/Python/3.11.3-GCCcore-12.3.0/lib/python3.11/multiprocessing/context.py", line 281, in _Popen
    return Popen(process_obj)
  File "/sw/arch/RHEL8/EB_production/2023/software/Python/3.11.3-GCCcore-12.3.0/lib/python3.11/multiprocessing/popen_fork.py", line 19, in __init__
    self._launch(process_obj)
  File "/sw/arch/RHEL8/EB_production/2023/software/Python/3.11.3-GCCcore-12.3.0/lib/python3.11/multiprocessing/popen_fork.py", line 71, in _launch
    code = process_obj._bootstrap(parent_sentinel=child_r)
  File "/sw/arch/RHEL8/EB_production/2023/software/Python/3.11.3-GCCcore-12.3.0/lib/python3.11/multiprocessing/process.py", line 314, in _bootstrap
    self.run()
  File "/sw/arch/RHEL8/EB_production/2023/software/Python/3.11.3-GCCcore-12.3.0/lib/python3.11/multiprocessing/process.py", line 108, in run
    self._target(*self._args, **self._kwargs)
  File "/sw/arch/RHEL8/EB_production/2023/software/Python/3.11.3-GCCcore-12.3.0/lib/python3.11/multiprocessing/pool.py", line 125, in worker
    result = (True, func(*args, **kwds))
  File "/sw/arch/RHEL8/EB_production/2023/software/Python/3.11.3-GCCcore-12.3.0/lib/python3.11/multiprocessing/pool.py", line 48, in mapstar
    return list(map(*args))
  File "/gpfs/home3/tsijpkens/TSPHardener/run.py", line 38, in run_experiment
    logging.error(f"Error in {cmd}:", f"{e.stderr}")
Message: "Error in ['python3', '-m', 'main', '[20]', '[4.4]', '1000', '', '--tsp_type', 'euclidean', '--distribution', 'lognormal', '--mutation_strategy', 'swap']:"
Arguments: ('Traceback (most recent call last):\n  File "<frozen runpy>", line 198, in _run_module_as_main\n  File "<frozen runpy>", line 88, in _run_code\n  File "/gpfs/home3/tsijpkens/TSPHardener/main.py", line 67, in <module>\n    main()\n  File "/gpfs/home3/tsijpkens/TSPHardener/main.py", line 58, in main\n    experiment(\n  File "/gpfs/home3/tsijpkens/TSPHardener/core/experiment.py", line 180, in experiment\n    run_single_experiment(config, citysize, rang, _mutations)\n  File "/gpfs/home3/tsijpkens/TSPHardener/core/experiment.py", line 111, in run_single_experiment\n    track_basin_transition(hardest_matrix, matrix, partial_results)\n  File "/gpfs/home3/tsijpkens/TSPHardener/core/experiment.py", line 16, in track_basin_transition\n    partial_results["transitions"][source_hash].append(mutated_hash)\n    ~~~~~~~~~~~~~~~~~~~~~~~~~~~~~~^^^^^^^^^^^^^\nKeyError: 5106509677914130478\n',)
--- Logging error ---
Traceback (most recent call last):
  File "/gpfs/home3/tsijpkens/TSPHardener/run.py", line 33, in run_experiment
    result = subprocess.run(cmd, check=True, text=True, capture_output=True)
             ^^^^^^^^^^^^^^^^^^^^^^^^^^^^^^^^^^^^^^^^^^^^^^^^^^^^^^^^^^^^^^^
  File "/sw/arch/RHEL8/EB_production/2023/software/Python/3.11.3-GCCcore-12.3.0/lib/python3.11/subprocess.py", line 571, in run
    raise CalledProcessError(retcode, process.args,
subprocess.CalledProcessError: Command '['python3', '-m', 'main', '[30]', '[4.6]', '1000', '', '--tsp_type', 'euclidean', '--distribution', 'lognormal', '--mutation_strategy', 'wouter']' returned non-zero exit status 1.

During handling of the above exception, another exception occurred:

Traceback (most recent call last):
  File "/sw/arch/RHEL8/EB_production/2023/software/Python/3.11.3-GCCcore-12.3.0/lib/python3.11/logging/__init__.py", line 1110, in emit
    msg = self.format(record)
          ^^^^^^^^^^^^^^^^^^^
  File "/sw/arch/RHEL8/EB_production/2023/software/Python/3.11.3-GCCcore-12.3.0/lib/python3.11/logging/__init__.py", line 953, in format
    return fmt.format(record)
           ^^^^^^^^^^^^^^^^^^
  File "/sw/arch/RHEL8/EB_production/2023/software/Python/3.11.3-GCCcore-12.3.0/lib/python3.11/logging/__init__.py", line 687, in format
    record.message = record.getMessage()
                     ^^^^^^^^^^^^^^^^^^^
  File "/sw/arch/RHEL8/EB_production/2023/software/Python/3.11.3-GCCcore-12.3.0/lib/python3.11/logging/__init__.py", line 377, in getMessage
    msg = msg % self.args
          ~~~~^~~~~~~~~~~
TypeError: not all arguments converted during string formatting
Call stack:
  File "/gpfs/home3/tsijpkens/TSPHardener/run.py", line 46, in <module>
    with Pool(processes=128) as pool:
  File "/sw/arch/RHEL8/EB_production/2023/software/Python/3.11.3-GCCcore-12.3.0/lib/python3.11/multiprocessing/context.py", line 119, in Pool
    return Pool(processes, initializer, initargs, maxtasksperchild,
  File "/sw/arch/RHEL8/EB_production/2023/software/Python/3.11.3-GCCcore-12.3.0/lib/python3.11/multiprocessing/pool.py", line 215, in __init__
    self._repopulate_pool()
  File "/sw/arch/RHEL8/EB_production/2023/software/Python/3.11.3-GCCcore-12.3.0/lib/python3.11/multiprocessing/pool.py", line 306, in _repopulate_pool
    return self._repopulate_pool_static(self._ctx, self.Process,
  File "/sw/arch/RHEL8/EB_production/2023/software/Python/3.11.3-GCCcore-12.3.0/lib/python3.11/multiprocessing/pool.py", line 329, in _repopulate_pool_static
    w.start()
  File "/sw/arch/RHEL8/EB_production/2023/software/Python/3.11.3-GCCcore-12.3.0/lib/python3.11/multiprocessing/process.py", line 121, in start
    self._popen = self._Popen(self)
  File "/sw/arch/RHEL8/EB_production/2023/software/Python/3.11.3-GCCcore-12.3.0/lib/python3.11/multiprocessing/context.py", line 281, in _Popen
    return Popen(process_obj)
  File "/sw/arch/RHEL8/EB_production/2023/software/Python/3.11.3-GCCcore-12.3.0/lib/python3.11/multiprocessing/popen_fork.py", line 19, in __init__
    self._launch(process_obj)
  File "/sw/arch/RHEL8/EB_production/2023/software/Python/3.11.3-GCCcore-12.3.0/lib/python3.11/multiprocessing/popen_fork.py", line 71, in _launch
    code = process_obj._bootstrap(parent_sentinel=child_r)
  File "/sw/arch/RHEL8/EB_production/2023/software/Python/3.11.3-GCCcore-12.3.0/lib/python3.11/multiprocessing/process.py", line 314, in _bootstrap
    self.run()
  File "/sw/arch/RHEL8/EB_production/2023/software/Python/3.11.3-GCCcore-12.3.0/lib/python3.11/multiprocessing/process.py", line 108, in run
    self._target(*self._args, **self._kwargs)
  File "/sw/arch/RHEL8/EB_production/2023/software/Python/3.11.3-GCCcore-12.3.0/lib/python3.11/multiprocessing/pool.py", line 125, in worker
    result = (True, func(*args, **kwds))
  File "/sw/arch/RHEL8/EB_production/2023/software/Python/3.11.3-GCCcore-12.3.0/lib/python3.11/multiprocessing/pool.py", line 48, in mapstar
    return list(map(*args))
  File "/gpfs/home3/tsijpkens/TSPHardener/run.py", line 38, in run_experiment
    logging.error(f"Error in {cmd}:", f"{e.stderr}")
Message: "Error in ['python3', '-m', 'main', '[30]', '[4.6]', '1000', '', '--tsp_type', 'euclidean', '--distribution', 'lognormal', '--mutation_strategy', 'wouter']:"
Arguments: ('Traceback (most recent call last):\n  File "<frozen runpy>", line 198, in _run_module_as_main\n  File "<frozen runpy>", line 88, in _run_code\n  File "/gpfs/home3/tsijpkens/TSPHardener/main.py", line 67, in <module>\n    main()\n  File "/gpfs/home3/tsijpkens/TSPHardener/main.py", line 58, in main\n    experiment(\n  File "/gpfs/home3/tsijpkens/TSPHardener/core/experiment.py", line 180, in experiment\n    run_single_experiment(config, citysize, rang, _mutations)\n  File "/gpfs/home3/tsijpkens/TSPHardener/core/experiment.py", line 111, in run_single_experiment\n    track_basin_transition(hardest_matrix, matrix, partial_results)\n  File "/gpfs/home3/tsijpkens/TSPHardener/core/experiment.py", line 16, in track_basin_transition\n    partial_results["transitions"][source_hash].append(mutated_hash)\n    ~~~~~~~~~~~~~~~~~~~~~~~~~~~~~~^^^^^^^^^^^^^\nKeyError: -3569458198577217954\n',)
--- Logging error ---
Traceback (most recent call last):
  File "/gpfs/home3/tsijpkens/TSPHardener/run.py", line 33, in run_experiment
    result = subprocess.run(cmd, check=True, text=True, capture_output=True)
             ^^^^^^^^^^^^^^^^^^^^^^^^^^^^^^^^^^^^^^^^^^^^^^^^^^^^^^^^^^^^^^^
  File "/sw/arch/RHEL8/EB_production/2023/software/Python/3.11.3-GCCcore-12.3.0/lib/python3.11/subprocess.py", line 571, in run
    raise CalledProcessError(retcode, process.args,
subprocess.CalledProcessError: Command '['python3', '-m', 'main', '[20]', '[0.2]', '1000', '', '--tsp_type', 'euclidean', '--distribution', 'lognormal', '--mutation_strategy', 'wouter']' returned non-zero exit status 1.

During handling of the above exception, another exception occurred:

Traceback (most recent call last):
  File "/sw/arch/RHEL8/EB_production/2023/software/Python/3.11.3-GCCcore-12.3.0/lib/python3.11/logging/__init__.py", line 1110, in emit
    msg = self.format(record)
          ^^^^^^^^^^^^^^^^^^^
  File "/sw/arch/RHEL8/EB_production/2023/software/Python/3.11.3-GCCcore-12.3.0/lib/python3.11/logging/__init__.py", line 953, in format
    return fmt.format(record)
           ^^^^^^^^^^^^^^^^^^
  File "/sw/arch/RHEL8/EB_production/2023/software/Python/3.11.3-GCCcore-12.3.0/lib/python3.11/logging/__init__.py", line 687, in format
    record.message = record.getMessage()
                     ^^^^^^^^^^^^^^^^^^^
  File "/sw/arch/RHEL8/EB_production/2023/software/Python/3.11.3-GCCcore-12.3.0/lib/python3.11/logging/__init__.py", line 377, in getMessage
    msg = msg % self.args
          ~~~~^~~~~~~~~~~
TypeError: not all arguments converted during string formatting
Call stack:
  File "/gpfs/home3/tsijpkens/TSPHardener/run.py", line 46, in <module>
    with Pool(processes=128) as pool:
  File "/sw/arch/RHEL8/EB_production/2023/software/Python/3.11.3-GCCcore-12.3.0/lib/python3.11/multiprocessing/context.py", line 119, in Pool
    return Pool(processes, initializer, initargs, maxtasksperchild,
  File "/sw/arch/RHEL8/EB_production/2023/software/Python/3.11.3-GCCcore-12.3.0/lib/python3.11/multiprocessing/pool.py", line 215, in __init__
    self._repopulate_pool()
  File "/sw/arch/RHEL8/EB_production/2023/software/Python/3.11.3-GCCcore-12.3.0/lib/python3.11/multiprocessing/pool.py", line 306, in _repopulate_pool
    return self._repopulate_pool_static(self._ctx, self.Process,
  File "/sw/arch/RHEL8/EB_production/2023/software/Python/3.11.3-GCCcore-12.3.0/lib/python3.11/multiprocessing/pool.py", line 329, in _repopulate_pool_static
    w.start()
  File "/sw/arch/RHEL8/EB_production/2023/software/Python/3.11.3-GCCcore-12.3.0/lib/python3.11/multiprocessing/process.py", line 121, in start
    self._popen = self._Popen(self)
  File "/sw/arch/RHEL8/EB_production/2023/software/Python/3.11.3-GCCcore-12.3.0/lib/python3.11/multiprocessing/context.py", line 281, in _Popen
    return Popen(process_obj)
  File "/sw/arch/RHEL8/EB_production/2023/software/Python/3.11.3-GCCcore-12.3.0/lib/python3.11/multiprocessing/popen_fork.py", line 19, in __init__
    self._launch(process_obj)
  File "/sw/arch/RHEL8/EB_production/2023/software/Python/3.11.3-GCCcore-12.3.0/lib/python3.11/multiprocessing/popen_fork.py", line 71, in _launch
    code = process_obj._bootstrap(parent_sentinel=child_r)
  File "/sw/arch/RHEL8/EB_production/2023/software/Python/3.11.3-GCCcore-12.3.0/lib/python3.11/multiprocessing/process.py", line 314, in _bootstrap
    self.run()
  File "/sw/arch/RHEL8/EB_production/2023/software/Python/3.11.3-GCCcore-12.3.0/lib/python3.11/multiprocessing/process.py", line 108, in run
    self._target(*self._args, **self._kwargs)
  File "/sw/arch/RHEL8/EB_production/2023/software/Python/3.11.3-GCCcore-12.3.0/lib/python3.11/multiprocessing/pool.py", line 125, in worker
    result = (True, func(*args, **kwds))
  File "/sw/arch/RHEL8/EB_production/2023/software/Python/3.11.3-GCCcore-12.3.0/lib/python3.11/multiprocessing/pool.py", line 48, in mapstar
    return list(map(*args))
  File "/gpfs/home3/tsijpkens/TSPHardener/run.py", line 38, in run_experiment
    logging.error(f"Error in {cmd}:", f"{e.stderr}")
Message: "Error in ['python3', '-m', 'main', '[20]', '[0.2]', '1000', '', '--tsp_type', 'euclidean', '--distribution', 'lognormal', '--mutation_strategy', 'wouter']:"
Arguments: ('Traceback (most recent call last):\n  File "<frozen runpy>", line 198, in _run_module_as_main\n  File "<frozen runpy>", line 88, in _run_code\n  File "/gpfs/home3/tsijpkens/TSPHardener/main.py", line 67, in <module>\n    main()\n  File "/gpfs/home3/tsijpkens/TSPHardener/main.py", line 58, in main\n    experiment(\n  File "/gpfs/home3/tsijpkens/TSPHardener/core/experiment.py", line 180, in experiment\n    run_single_experiment(config, citysize, rang, _mutations)\n  File "/gpfs/home3/tsijpkens/TSPHardener/core/experiment.py", line 111, in run_single_experiment\n    track_basin_transition(hardest_matrix, matrix, partial_results)\n  File "/gpfs/home3/tsijpkens/TSPHardener/core/experiment.py", line 16, in track_basin_transition\n    partial_results["transitions"][source_hash].append(mutated_hash)\n    ~~~~~~~~~~~~~~~~~~~~~~~~~~~~~~^^^^^^^^^^^^^\nKeyError: 1947110136067853940\n',)
--- Logging error ---
Traceback (most recent call last):
  File "/gpfs/home3/tsijpkens/TSPHardener/run.py", line 33, in run_experiment
    result = subprocess.run(cmd, check=True, text=True, capture_output=True)
             ^^^^^^^^^^^^^^^^^^^^^^^^^^^^^^^^^^^^^^^^^^^^^^^^^^^^^^^^^^^^^^^
  File "/sw/arch/RHEL8/EB_production/2023/software/Python/3.11.3-GCCcore-12.3.0/lib/python3.11/subprocess.py", line 571, in run
    raise CalledProcessError(retcode, process.args,
subprocess.CalledProcessError: Command '['python3', '-m', 'main', '[30]', '[2.8]', '1000', '', '--tsp_type', 'euclidean', '--distribution', 'lognormal', '--mutation_strategy', 'scramble']' returned non-zero exit status 1.

During handling of the above exception, another exception occurred:

Traceback (most recent call last):
  File "/sw/arch/RHEL8/EB_production/2023/software/Python/3.11.3-GCCcore-12.3.0/lib/python3.11/logging/__init__.py", line 1110, in emit
    msg = self.format(record)
          ^^^^^^^^^^^^^^^^^^^
  File "/sw/arch/RHEL8/EB_production/2023/software/Python/3.11.3-GCCcore-12.3.0/lib/python3.11/logging/__init__.py", line 953, in format
    return fmt.format(record)
           ^^^^^^^^^^^^^^^^^^
  File "/sw/arch/RHEL8/EB_production/2023/software/Python/3.11.3-GCCcore-12.3.0/lib/python3.11/logging/__init__.py", line 687, in format
    record.message = record.getMessage()
                     ^^^^^^^^^^^^^^^^^^^
  File "/sw/arch/RHEL8/EB_production/2023/software/Python/3.11.3-GCCcore-12.3.0/lib/python3.11/logging/__init__.py", line 377, in getMessage
    msg = msg % self.args
          ~~~~^~~~~~~~~~~
TypeError: not all arguments converted during string formatting
Call stack:
  File "/gpfs/home3/tsijpkens/TSPHardener/run.py", line 46, in <module>
    with Pool(processes=128) as pool:
  File "/sw/arch/RHEL8/EB_production/2023/software/Python/3.11.3-GCCcore-12.3.0/lib/python3.11/multiprocessing/context.py", line 119, in Pool
    return Pool(processes, initializer, initargs, maxtasksperchild,
  File "/sw/arch/RHEL8/EB_production/2023/software/Python/3.11.3-GCCcore-12.3.0/lib/python3.11/multiprocessing/pool.py", line 215, in __init__
    self._repopulate_pool()
  File "/sw/arch/RHEL8/EB_production/2023/software/Python/3.11.3-GCCcore-12.3.0/lib/python3.11/multiprocessing/pool.py", line 306, in _repopulate_pool
    return self._repopulate_pool_static(self._ctx, self.Process,
  File "/sw/arch/RHEL8/EB_production/2023/software/Python/3.11.3-GCCcore-12.3.0/lib/python3.11/multiprocessing/pool.py", line 329, in _repopulate_pool_static
    w.start()
  File "/sw/arch/RHEL8/EB_production/2023/software/Python/3.11.3-GCCcore-12.3.0/lib/python3.11/multiprocessing/process.py", line 121, in start
    self._popen = self._Popen(self)
  File "/sw/arch/RHEL8/EB_production/2023/software/Python/3.11.3-GCCcore-12.3.0/lib/python3.11/multiprocessing/context.py", line 281, in _Popen
    return Popen(process_obj)
  File "/sw/arch/RHEL8/EB_production/2023/software/Python/3.11.3-GCCcore-12.3.0/lib/python3.11/multiprocessing/popen_fork.py", line 19, in __init__
    self._launch(process_obj)
  File "/sw/arch/RHEL8/EB_production/2023/software/Python/3.11.3-GCCcore-12.3.0/lib/python3.11/multiprocessing/popen_fork.py", line 71, in _launch
    code = process_obj._bootstrap(parent_sentinel=child_r)
  File "/sw/arch/RHEL8/EB_production/2023/software/Python/3.11.3-GCCcore-12.3.0/lib/python3.11/multiprocessing/process.py", line 314, in _bootstrap
    self.run()
  File "/sw/arch/RHEL8/EB_production/2023/software/Python/3.11.3-GCCcore-12.3.0/lib/python3.11/multiprocessing/process.py", line 108, in run
    self._target(*self._args, **self._kwargs)
  File "/sw/arch/RHEL8/EB_production/2023/software/Python/3.11.3-GCCcore-12.3.0/lib/python3.11/multiprocessing/pool.py", line 125, in worker
    result = (True, func(*args, **kwds))
  File "/sw/arch/RHEL8/EB_production/2023/software/Python/3.11.3-GCCcore-12.3.0/lib/python3.11/multiprocessing/pool.py", line 48, in mapstar
    return list(map(*args))
  File "/gpfs/home3/tsijpkens/TSPHardener/run.py", line 38, in run_experiment
    logging.error(f"Error in {cmd}:", f"{e.stderr}")
Message: "Error in ['python3', '-m', 'main', '[30]', '[2.8]', '1000', '', '--tsp_type', 'euclidean', '--distribution', 'lognormal', '--mutation_strategy', 'scramble']:"
Arguments: ('Traceback (most recent call last):\n  File "<frozen runpy>", line 198, in _run_module_as_main\n  File "<frozen runpy>", line 88, in _run_code\n  File "/gpfs/home3/tsijpkens/TSPHardener/main.py", line 67, in <module>\n    main()\n  File "/gpfs/home3/tsijpkens/TSPHardener/main.py", line 58, in main\n    experiment(\n  File "/gpfs/home3/tsijpkens/TSPHardener/core/experiment.py", line 180, in experiment\n    run_single_experiment(config, citysize, rang, _mutations)\n  File "/gpfs/home3/tsijpkens/TSPHardener/core/experiment.py", line 111, in run_single_experiment\n    track_basin_transition(hardest_matrix, matrix, partial_results)\n  File "/gpfs/home3/tsijpkens/TSPHardener/core/experiment.py", line 16, in track_basin_transition\n    partial_results["transitions"][source_hash].append(mutated_hash)\n    ~~~~~~~~~~~~~~~~~~~~~~~~~~~~~~^^^^^^^^^^^^^\nKeyError: -8209954570066979285\n',)
--- Logging error ---
Traceback (most recent call last):
  File "/gpfs/home3/tsijpkens/TSPHardener/run.py", line 33, in run_experiment
    result = subprocess.run(cmd, check=True, text=True, capture_output=True)
             ^^^^^^^^^^^^^^^^^^^^^^^^^^^^^^^^^^^^^^^^^^^^^^^^^^^^^^^^^^^^^^^
  File "/sw/arch/RHEL8/EB_production/2023/software/Python/3.11.3-GCCcore-12.3.0/lib/python3.11/subprocess.py", line 571, in run
    raise CalledProcessError(retcode, process.args,
subprocess.CalledProcessError: Command '['python3', '-m', 'main', '[30]', '[1.4]', '1000', '', '--tsp_type', 'euclidean', '--distribution', 'lognormal', '--mutation_strategy', 'wouter']' returned non-zero exit status 1.

During handling of the above exception, another exception occurred:

Traceback (most recent call last):
  File "/sw/arch/RHEL8/EB_production/2023/software/Python/3.11.3-GCCcore-12.3.0/lib/python3.11/logging/__init__.py", line 1110, in emit
    msg = self.format(record)
          ^^^^^^^^^^^^^^^^^^^
  File "/sw/arch/RHEL8/EB_production/2023/software/Python/3.11.3-GCCcore-12.3.0/lib/python3.11/logging/__init__.py", line 953, in format
    return fmt.format(record)
           ^^^^^^^^^^^^^^^^^^
  File "/sw/arch/RHEL8/EB_production/2023/software/Python/3.11.3-GCCcore-12.3.0/lib/python3.11/logging/__init__.py", line 687, in format
    record.message = record.getMessage()
                     ^^^^^^^^^^^^^^^^^^^
  File "/sw/arch/RHEL8/EB_production/2023/software/Python/3.11.3-GCCcore-12.3.0/lib/python3.11/logging/__init__.py", line 377, in getMessage
    msg = msg % self.args
          ~~~~^~~~~~~~~~~
TypeError: not all arguments converted during string formatting
Call stack:
  File "/gpfs/home3/tsijpkens/TSPHardener/run.py", line 46, in <module>
    with Pool(processes=128) as pool:
  File "/sw/arch/RHEL8/EB_production/2023/software/Python/3.11.3-GCCcore-12.3.0/lib/python3.11/multiprocessing/context.py", line 119, in Pool
    return Pool(processes, initializer, initargs, maxtasksperchild,
  File "/sw/arch/RHEL8/EB_production/2023/software/Python/3.11.3-GCCcore-12.3.0/lib/python3.11/multiprocessing/pool.py", line 215, in __init__
    self._repopulate_pool()
  File "/sw/arch/RHEL8/EB_production/2023/software/Python/3.11.3-GCCcore-12.3.0/lib/python3.11/multiprocessing/pool.py", line 306, in _repopulate_pool
    return self._repopulate_pool_static(self._ctx, self.Process,
  File "/sw/arch/RHEL8/EB_production/2023/software/Python/3.11.3-GCCcore-12.3.0/lib/python3.11/multiprocessing/pool.py", line 329, in _repopulate_pool_static
    w.start()
  File "/sw/arch/RHEL8/EB_production/2023/software/Python/3.11.3-GCCcore-12.3.0/lib/python3.11/multiprocessing/process.py", line 121, in start
    self._popen = self._Popen(self)
  File "/sw/arch/RHEL8/EB_production/2023/software/Python/3.11.3-GCCcore-12.3.0/lib/python3.11/multiprocessing/context.py", line 281, in _Popen
    return Popen(process_obj)
  File "/sw/arch/RHEL8/EB_production/2023/software/Python/3.11.3-GCCcore-12.3.0/lib/python3.11/multiprocessing/popen_fork.py", line 19, in __init__
    self._launch(process_obj)
  File "/sw/arch/RHEL8/EB_production/2023/software/Python/3.11.3-GCCcore-12.3.0/lib/python3.11/multiprocessing/popen_fork.py", line 71, in _launch
    code = process_obj._bootstrap(parent_sentinel=child_r)
  File "/sw/arch/RHEL8/EB_production/2023/software/Python/3.11.3-GCCcore-12.3.0/lib/python3.11/multiprocessing/process.py", line 314, in _bootstrap
    self.run()
  File "/sw/arch/RHEL8/EB_production/2023/software/Python/3.11.3-GCCcore-12.3.0/lib/python3.11/multiprocessing/process.py", line 108, in run
    self._target(*self._args, **self._kwargs)
  File "/sw/arch/RHEL8/EB_production/2023/software/Python/3.11.3-GCCcore-12.3.0/lib/python3.11/multiprocessing/pool.py", line 125, in worker
    result = (True, func(*args, **kwds))
  File "/sw/arch/RHEL8/EB_production/2023/software/Python/3.11.3-GCCcore-12.3.0/lib/python3.11/multiprocessing/pool.py", line 48, in mapstar
    return list(map(*args))
  File "/gpfs/home3/tsijpkens/TSPHardener/run.py", line 38, in run_experiment
    logging.error(f"Error in {cmd}:", f"{e.stderr}")
Message: "Error in ['python3', '-m', 'main', '[30]', '[1.4]', '1000', '', '--tsp_type', 'euclidean', '--distribution', 'lognormal', '--mutation_strategy', 'wouter']:"
Arguments: ('Traceback (most recent call last):\n  File "<frozen runpy>", line 198, in _run_module_as_main\n  File "<frozen runpy>", line 88, in _run_code\n  File "/gpfs/home3/tsijpkens/TSPHardener/main.py", line 67, in <module>\n    main()\n  File "/gpfs/home3/tsijpkens/TSPHardener/main.py", line 58, in main\n    experiment(\n  File "/gpfs/home3/tsijpkens/TSPHardener/core/experiment.py", line 180, in experiment\n    run_single_experiment(config, citysize, rang, _mutations)\n  File "/gpfs/home3/tsijpkens/TSPHardener/core/experiment.py", line 111, in run_single_experiment\n    track_basin_transition(hardest_matrix, matrix, partial_results)\n  File "/gpfs/home3/tsijpkens/TSPHardener/core/experiment.py", line 16, in track_basin_transition\n    partial_results["transitions"][source_hash].append(mutated_hash)\n    ~~~~~~~~~~~~~~~~~~~~~~~~~~~~~~^^^^^^^^^^^^^\nKeyError: -3503739740199996337\n',)
--- Logging error ---
Traceback (most recent call last):
  File "/gpfs/home3/tsijpkens/TSPHardener/run.py", line 33, in run_experiment
    result = subprocess.run(cmd, check=True, text=True, capture_output=True)
             ^^^^^^^^^^^^^^^^^^^^^^^^^^^^^^^^^^^^^^^^^^^^^^^^^^^^^^^^^^^^^^^
  File "/sw/arch/RHEL8/EB_production/2023/software/Python/3.11.3-GCCcore-12.3.0/lib/python3.11/subprocess.py", line 571, in run
    raise CalledProcessError(retcode, process.args,
subprocess.CalledProcessError: Command '['python3', '-m', 'main', '[30]', '[2.4]', '1000', '', '--tsp_type', 'euclidean', '--distribution', 'lognormal', '--mutation_strategy', 'scramble']' returned non-zero exit status 1.

During handling of the above exception, another exception occurred:

Traceback (most recent call last):
  File "/sw/arch/RHEL8/EB_production/2023/software/Python/3.11.3-GCCcore-12.3.0/lib/python3.11/logging/__init__.py", line 1110, in emit
    msg = self.format(record)
          ^^^^^^^^^^^^^^^^^^^
  File "/sw/arch/RHEL8/EB_production/2023/software/Python/3.11.3-GCCcore-12.3.0/lib/python3.11/logging/__init__.py", line 953, in format
    return fmt.format(record)
           ^^^^^^^^^^^^^^^^^^
  File "/sw/arch/RHEL8/EB_production/2023/software/Python/3.11.3-GCCcore-12.3.0/lib/python3.11/logging/__init__.py", line 687, in format
    record.message = record.getMessage()
                     ^^^^^^^^^^^^^^^^^^^
  File "/sw/arch/RHEL8/EB_production/2023/software/Python/3.11.3-GCCcore-12.3.0/lib/python3.11/logging/__init__.py", line 377, in getMessage
    msg = msg % self.args
          ~~~~^~~~~~~~~~~
TypeError: not all arguments converted during string formatting
Call stack:
  File "/gpfs/home3/tsijpkens/TSPHardener/run.py", line 46, in <module>
    with Pool(processes=128) as pool:
  File "/sw/arch/RHEL8/EB_production/2023/software/Python/3.11.3-GCCcore-12.3.0/lib/python3.11/multiprocessing/context.py", line 119, in Pool
    return Pool(processes, initializer, initargs, maxtasksperchild,
  File "/sw/arch/RHEL8/EB_production/2023/software/Python/3.11.3-GCCcore-12.3.0/lib/python3.11/multiprocessing/pool.py", line 215, in __init__
    self._repopulate_pool()
  File "/sw/arch/RHEL8/EB_production/2023/software/Python/3.11.3-GCCcore-12.3.0/lib/python3.11/multiprocessing/pool.py", line 306, in _repopulate_pool
    return self._repopulate_pool_static(self._ctx, self.Process,
  File "/sw/arch/RHEL8/EB_production/2023/software/Python/3.11.3-GCCcore-12.3.0/lib/python3.11/multiprocessing/pool.py", line 329, in _repopulate_pool_static
    w.start()
  File "/sw/arch/RHEL8/EB_production/2023/software/Python/3.11.3-GCCcore-12.3.0/lib/python3.11/multiprocessing/process.py", line 121, in start
    self._popen = self._Popen(self)
  File "/sw/arch/RHEL8/EB_production/2023/software/Python/3.11.3-GCCcore-12.3.0/lib/python3.11/multiprocessing/context.py", line 281, in _Popen
    return Popen(process_obj)
  File "/sw/arch/RHEL8/EB_production/2023/software/Python/3.11.3-GCCcore-12.3.0/lib/python3.11/multiprocessing/popen_fork.py", line 19, in __init__
    self._launch(process_obj)
  File "/sw/arch/RHEL8/EB_production/2023/software/Python/3.11.3-GCCcore-12.3.0/lib/python3.11/multiprocessing/popen_fork.py", line 71, in _launch
    code = process_obj._bootstrap(parent_sentinel=child_r)
  File "/sw/arch/RHEL8/EB_production/2023/software/Python/3.11.3-GCCcore-12.3.0/lib/python3.11/multiprocessing/process.py", line 314, in _bootstrap
    self.run()
  File "/sw/arch/RHEL8/EB_production/2023/software/Python/3.11.3-GCCcore-12.3.0/lib/python3.11/multiprocessing/process.py", line 108, in run
    self._target(*self._args, **self._kwargs)
  File "/sw/arch/RHEL8/EB_production/2023/software/Python/3.11.3-GCCcore-12.3.0/lib/python3.11/multiprocessing/pool.py", line 125, in worker
    result = (True, func(*args, **kwds))
  File "/sw/arch/RHEL8/EB_production/2023/software/Python/3.11.3-GCCcore-12.3.0/lib/python3.11/multiprocessing/pool.py", line 48, in mapstar
    return list(map(*args))
  File "/gpfs/home3/tsijpkens/TSPHardener/run.py", line 38, in run_experiment
    logging.error(f"Error in {cmd}:", f"{e.stderr}")
Message: "Error in ['python3', '-m', 'main', '[30]', '[2.4]', '1000', '', '--tsp_type', 'euclidean', '--distribution', 'lognormal', '--mutation_strategy', 'scramble']:"
Arguments: ('Traceback (most recent call last):\n  File "<frozen runpy>", line 198, in _run_module_as_main\n  File "<frozen runpy>", line 88, in _run_code\n  File "/gpfs/home3/tsijpkens/TSPHardener/main.py", line 67, in <module>\n    main()\n  File "/gpfs/home3/tsijpkens/TSPHardener/main.py", line 58, in main\n    experiment(\n  File "/gpfs/home3/tsijpkens/TSPHardener/core/experiment.py", line 180, in experiment\n    run_single_experiment(config, citysize, rang, _mutations)\n  File "/gpfs/home3/tsijpkens/TSPHardener/core/experiment.py", line 111, in run_single_experiment\n    track_basin_transition(hardest_matrix, matrix, partial_results)\n  File "/gpfs/home3/tsijpkens/TSPHardener/core/experiment.py", line 16, in track_basin_transition\n    partial_results["transitions"][source_hash].append(mutated_hash)\n    ~~~~~~~~~~~~~~~~~~~~~~~~~~~~~~^^^^^^^^^^^^^\nKeyError: 6378691902685166760\n',)
--- Logging error ---
Traceback (most recent call last):
  File "/gpfs/home3/tsijpkens/TSPHardener/run.py", line 33, in run_experiment
    result = subprocess.run(cmd, check=True, text=True, capture_output=True)
             ^^^^^^^^^^^^^^^^^^^^^^^^^^^^^^^^^^^^^^^^^^^^^^^^^^^^^^^^^^^^^^^
  File "/sw/arch/RHEL8/EB_production/2023/software/Python/3.11.3-GCCcore-12.3.0/lib/python3.11/subprocess.py", line 571, in run
    raise CalledProcessError(retcode, process.args,
subprocess.CalledProcessError: Command '['python3', '-m', 'main', '[30]', '[2.2]', '1000', '', '--tsp_type', 'euclidean', '--distribution', 'lognormal', '--mutation_strategy', 'scramble']' returned non-zero exit status 1.

During handling of the above exception, another exception occurred:

Traceback (most recent call last):
  File "/sw/arch/RHEL8/EB_production/2023/software/Python/3.11.3-GCCcore-12.3.0/lib/python3.11/logging/__init__.py", line 1110, in emit
    msg = self.format(record)
          ^^^^^^^^^^^^^^^^^^^
  File "/sw/arch/RHEL8/EB_production/2023/software/Python/3.11.3-GCCcore-12.3.0/lib/python3.11/logging/__init__.py", line 953, in format
    return fmt.format(record)
           ^^^^^^^^^^^^^^^^^^
  File "/sw/arch/RHEL8/EB_production/2023/software/Python/3.11.3-GCCcore-12.3.0/lib/python3.11/logging/__init__.py", line 687, in format
    record.message = record.getMessage()
                     ^^^^^^^^^^^^^^^^^^^
  File "/sw/arch/RHEL8/EB_production/2023/software/Python/3.11.3-GCCcore-12.3.0/lib/python3.11/logging/__init__.py", line 377, in getMessage
    msg = msg % self.args
          ~~~~^~~~~~~~~~~
TypeError: not all arguments converted during string formatting
Call stack:
  File "/gpfs/home3/tsijpkens/TSPHardener/run.py", line 46, in <module>
    with Pool(processes=128) as pool:
  File "/sw/arch/RHEL8/EB_production/2023/software/Python/3.11.3-GCCcore-12.3.0/lib/python3.11/multiprocessing/context.py", line 119, in Pool
    return Pool(processes, initializer, initargs, maxtasksperchild,
  File "/sw/arch/RHEL8/EB_production/2023/software/Python/3.11.3-GCCcore-12.3.0/lib/python3.11/multiprocessing/pool.py", line 215, in __init__
    self._repopulate_pool()
  File "/sw/arch/RHEL8/EB_production/2023/software/Python/3.11.3-GCCcore-12.3.0/lib/python3.11/multiprocessing/pool.py", line 306, in _repopulate_pool
    return self._repopulate_pool_static(self._ctx, self.Process,
  File "/sw/arch/RHEL8/EB_production/2023/software/Python/3.11.3-GCCcore-12.3.0/lib/python3.11/multiprocessing/pool.py", line 329, in _repopulate_pool_static
    w.start()
  File "/sw/arch/RHEL8/EB_production/2023/software/Python/3.11.3-GCCcore-12.3.0/lib/python3.11/multiprocessing/process.py", line 121, in start
    self._popen = self._Popen(self)
  File "/sw/arch/RHEL8/EB_production/2023/software/Python/3.11.3-GCCcore-12.3.0/lib/python3.11/multiprocessing/context.py", line 281, in _Popen
    return Popen(process_obj)
  File "/sw/arch/RHEL8/EB_production/2023/software/Python/3.11.3-GCCcore-12.3.0/lib/python3.11/multiprocessing/popen_fork.py", line 19, in __init__
    self._launch(process_obj)
  File "/sw/arch/RHEL8/EB_production/2023/software/Python/3.11.3-GCCcore-12.3.0/lib/python3.11/multiprocessing/popen_fork.py", line 71, in _launch
    code = process_obj._bootstrap(parent_sentinel=child_r)
  File "/sw/arch/RHEL8/EB_production/2023/software/Python/3.11.3-GCCcore-12.3.0/lib/python3.11/multiprocessing/process.py", line 314, in _bootstrap
    self.run()
  File "/sw/arch/RHEL8/EB_production/2023/software/Python/3.11.3-GCCcore-12.3.0/lib/python3.11/multiprocessing/process.py", line 108, in run
    self._target(*self._args, **self._kwargs)
  File "/sw/arch/RHEL8/EB_production/2023/software/Python/3.11.3-GCCcore-12.3.0/lib/python3.11/multiprocessing/pool.py", line 125, in worker
    result = (True, func(*args, **kwds))
  File "/sw/arch/RHEL8/EB_production/2023/software/Python/3.11.3-GCCcore-12.3.0/lib/python3.11/multiprocessing/pool.py", line 48, in mapstar
    return list(map(*args))
  File "/gpfs/home3/tsijpkens/TSPHardener/run.py", line 38, in run_experiment
    logging.error(f"Error in {cmd}:", f"{e.stderr}")
Message: "Error in ['python3', '-m', 'main', '[30]', '[2.2]', '1000', '', '--tsp_type', 'euclidean', '--distribution', 'lognormal', '--mutation_strategy', 'scramble']:"
Arguments: ('Traceback (most recent call last):\n  File "<frozen runpy>", line 198, in _run_module_as_main\n  File "<frozen runpy>", line 88, in _run_code\n  File "/gpfs/home3/tsijpkens/TSPHardener/main.py", line 67, in <module>\n    main()\n  File "/gpfs/home3/tsijpkens/TSPHardener/main.py", line 58, in main\n    experiment(\n  File "/gpfs/home3/tsijpkens/TSPHardener/core/experiment.py", line 180, in experiment\n    run_single_experiment(config, citysize, rang, _mutations)\n  File "/gpfs/home3/tsijpkens/TSPHardener/core/experiment.py", line 111, in run_single_experiment\n    track_basin_transition(hardest_matrix, matrix, partial_results)\n  File "/gpfs/home3/tsijpkens/TSPHardener/core/experiment.py", line 16, in track_basin_transition\n    partial_results["transitions"][source_hash].append(mutated_hash)\n    ~~~~~~~~~~~~~~~~~~~~~~~~~~~~~~^^^^^^^^^^^^^\nKeyError: 7302613773029712534\n',)
--- Logging error ---
Traceback (most recent call last):
  File "/gpfs/home3/tsijpkens/TSPHardener/run.py", line 33, in run_experiment
    result = subprocess.run(cmd, check=True, text=True, capture_output=True)
             ^^^^^^^^^^^^^^^^^^^^^^^^^^^^^^^^^^^^^^^^^^^^^^^^^^^^^^^^^^^^^^^
  File "/sw/arch/RHEL8/EB_production/2023/software/Python/3.11.3-GCCcore-12.3.0/lib/python3.11/subprocess.py", line 571, in run
    raise CalledProcessError(retcode, process.args,
subprocess.CalledProcessError: Command '['python3', '-m', 'main', '[30]', '[2.0]', '1000', '', '--tsp_type', 'euclidean', '--distribution', 'lognormal', '--mutation_strategy', 'wouter']' returned non-zero exit status 1.

During handling of the above exception, another exception occurred:

Traceback (most recent call last):
  File "/sw/arch/RHEL8/EB_production/2023/software/Python/3.11.3-GCCcore-12.3.0/lib/python3.11/logging/__init__.py", line 1110, in emit
    msg = self.format(record)
          ^^^^^^^^^^^^^^^^^^^
  File "/sw/arch/RHEL8/EB_production/2023/software/Python/3.11.3-GCCcore-12.3.0/lib/python3.11/logging/__init__.py", line 953, in format
    return fmt.format(record)
           ^^^^^^^^^^^^^^^^^^
  File "/sw/arch/RHEL8/EB_production/2023/software/Python/3.11.3-GCCcore-12.3.0/lib/python3.11/logging/__init__.py", line 687, in format
    record.message = record.getMessage()
                     ^^^^^^^^^^^^^^^^^^^
  File "/sw/arch/RHEL8/EB_production/2023/software/Python/3.11.3-GCCcore-12.3.0/lib/python3.11/logging/__init__.py", line 377, in getMessage
    msg = msg % self.args
          ~~~~^~~~~~~~~~~
TypeError: not all arguments converted during string formatting
Call stack:
  File "/gpfs/home3/tsijpkens/TSPHardener/run.py", line 46, in <module>
    with Pool(processes=128) as pool:
  File "/sw/arch/RHEL8/EB_production/2023/software/Python/3.11.3-GCCcore-12.3.0/lib/python3.11/multiprocessing/context.py", line 119, in Pool
    return Pool(processes, initializer, initargs, maxtasksperchild,
  File "/sw/arch/RHEL8/EB_production/2023/software/Python/3.11.3-GCCcore-12.3.0/lib/python3.11/multiprocessing/pool.py", line 215, in __init__
    self._repopulate_pool()
  File "/sw/arch/RHEL8/EB_production/2023/software/Python/3.11.3-GCCcore-12.3.0/lib/python3.11/multiprocessing/pool.py", line 306, in _repopulate_pool
    return self._repopulate_pool_static(self._ctx, self.Process,
  File "/sw/arch/RHEL8/EB_production/2023/software/Python/3.11.3-GCCcore-12.3.0/lib/python3.11/multiprocessing/pool.py", line 329, in _repopulate_pool_static
    w.start()
  File "/sw/arch/RHEL8/EB_production/2023/software/Python/3.11.3-GCCcore-12.3.0/lib/python3.11/multiprocessing/process.py", line 121, in start
    self._popen = self._Popen(self)
  File "/sw/arch/RHEL8/EB_production/2023/software/Python/3.11.3-GCCcore-12.3.0/lib/python3.11/multiprocessing/context.py", line 281, in _Popen
    return Popen(process_obj)
  File "/sw/arch/RHEL8/EB_production/2023/software/Python/3.11.3-GCCcore-12.3.0/lib/python3.11/multiprocessing/popen_fork.py", line 19, in __init__
    self._launch(process_obj)
  File "/sw/arch/RHEL8/EB_production/2023/software/Python/3.11.3-GCCcore-12.3.0/lib/python3.11/multiprocessing/popen_fork.py", line 71, in _launch
    code = process_obj._bootstrap(parent_sentinel=child_r)
  File "/sw/arch/RHEL8/EB_production/2023/software/Python/3.11.3-GCCcore-12.3.0/lib/python3.11/multiprocessing/process.py", line 314, in _bootstrap
    self.run()
  File "/sw/arch/RHEL8/EB_production/2023/software/Python/3.11.3-GCCcore-12.3.0/lib/python3.11/multiprocessing/process.py", line 108, in run
    self._target(*self._args, **self._kwargs)
  File "/sw/arch/RHEL8/EB_production/2023/software/Python/3.11.3-GCCcore-12.3.0/lib/python3.11/multiprocessing/pool.py", line 125, in worker
    result = (True, func(*args, **kwds))
  File "/sw/arch/RHEL8/EB_production/2023/software/Python/3.11.3-GCCcore-12.3.0/lib/python3.11/multiprocessing/pool.py", line 48, in mapstar
    return list(map(*args))
  File "/gpfs/home3/tsijpkens/TSPHardener/run.py", line 38, in run_experiment
    logging.error(f"Error in {cmd}:", f"{e.stderr}")
Message: "Error in ['python3', '-m', 'main', '[30]', '[2.0]', '1000', '', '--tsp_type', 'euclidean', '--distribution', 'lognormal', '--mutation_strategy', 'wouter']:"
Arguments: ('Traceback (most recent call last):\n  File "<frozen runpy>", line 198, in _run_module_as_main\n  File "<frozen runpy>", line 88, in _run_code\n  File "/gpfs/home3/tsijpkens/TSPHardener/main.py", line 67, in <module>\n    main()\n  File "/gpfs/home3/tsijpkens/TSPHardener/main.py", line 58, in main\n    experiment(\n  File "/gpfs/home3/tsijpkens/TSPHardener/core/experiment.py", line 180, in experiment\n    run_single_experiment(config, citysize, rang, _mutations)\n  File "/gpfs/home3/tsijpkens/TSPHardener/core/experiment.py", line 111, in run_single_experiment\n    track_basin_transition(hardest_matrix, matrix, partial_results)\n  File "/gpfs/home3/tsijpkens/TSPHardener/core/experiment.py", line 16, in track_basin_transition\n    partial_results["transitions"][source_hash].append(mutated_hash)\n    ~~~~~~~~~~~~~~~~~~~~~~~~~~~~~~^^^^^^^^^^^^^\nKeyError: 6212176927202645214\n',)
--- Logging error ---
Traceback (most recent call last):
  File "/gpfs/home3/tsijpkens/TSPHardener/run.py", line 33, in run_experiment
    result = subprocess.run(cmd, check=True, text=True, capture_output=True)
             ^^^^^^^^^^^^^^^^^^^^^^^^^^^^^^^^^^^^^^^^^^^^^^^^^^^^^^^^^^^^^^^
  File "/sw/arch/RHEL8/EB_production/2023/software/Python/3.11.3-GCCcore-12.3.0/lib/python3.11/subprocess.py", line 571, in run
    raise CalledProcessError(retcode, process.args,
subprocess.CalledProcessError: Command '['python3', '-m', 'main', '[30]', '[1.2]', '1000', '', '--tsp_type', 'euclidean', '--distribution', 'lognormal', '--mutation_strategy', 'wouter']' returned non-zero exit status 1.

During handling of the above exception, another exception occurred:

Traceback (most recent call last):
  File "/sw/arch/RHEL8/EB_production/2023/software/Python/3.11.3-GCCcore-12.3.0/lib/python3.11/logging/__init__.py", line 1110, in emit
    msg = self.format(record)
          ^^^^^^^^^^^^^^^^^^^
  File "/sw/arch/RHEL8/EB_production/2023/software/Python/3.11.3-GCCcore-12.3.0/lib/python3.11/logging/__init__.py", line 953, in format
    return fmt.format(record)
           ^^^^^^^^^^^^^^^^^^
  File "/sw/arch/RHEL8/EB_production/2023/software/Python/3.11.3-GCCcore-12.3.0/lib/python3.11/logging/__init__.py", line 687, in format
    record.message = record.getMessage()
                     ^^^^^^^^^^^^^^^^^^^
  File "/sw/arch/RHEL8/EB_production/2023/software/Python/3.11.3-GCCcore-12.3.0/lib/python3.11/logging/__init__.py", line 377, in getMessage
    msg = msg % self.args
          ~~~~^~~~~~~~~~~
TypeError: not all arguments converted during string formatting
Call stack:
  File "/gpfs/home3/tsijpkens/TSPHardener/run.py", line 46, in <module>
    with Pool(processes=128) as pool:
  File "/sw/arch/RHEL8/EB_production/2023/software/Python/3.11.3-GCCcore-12.3.0/lib/python3.11/multiprocessing/context.py", line 119, in Pool
    return Pool(processes, initializer, initargs, maxtasksperchild,
  File "/sw/arch/RHEL8/EB_production/2023/software/Python/3.11.3-GCCcore-12.3.0/lib/python3.11/multiprocessing/pool.py", line 215, in __init__
    self._repopulate_pool()
  File "/sw/arch/RHEL8/EB_production/2023/software/Python/3.11.3-GCCcore-12.3.0/lib/python3.11/multiprocessing/pool.py", line 306, in _repopulate_pool
    return self._repopulate_pool_static(self._ctx, self.Process,
  File "/sw/arch/RHEL8/EB_production/2023/software/Python/3.11.3-GCCcore-12.3.0/lib/python3.11/multiprocessing/pool.py", line 329, in _repopulate_pool_static
    w.start()
  File "/sw/arch/RHEL8/EB_production/2023/software/Python/3.11.3-GCCcore-12.3.0/lib/python3.11/multiprocessing/process.py", line 121, in start
    self._popen = self._Popen(self)
  File "/sw/arch/RHEL8/EB_production/2023/software/Python/3.11.3-GCCcore-12.3.0/lib/python3.11/multiprocessing/context.py", line 281, in _Popen
    return Popen(process_obj)
  File "/sw/arch/RHEL8/EB_production/2023/software/Python/3.11.3-GCCcore-12.3.0/lib/python3.11/multiprocessing/popen_fork.py", line 19, in __init__
    self._launch(process_obj)
  File "/sw/arch/RHEL8/EB_production/2023/software/Python/3.11.3-GCCcore-12.3.0/lib/python3.11/multiprocessing/popen_fork.py", line 71, in _launch
    code = process_obj._bootstrap(parent_sentinel=child_r)
  File "/sw/arch/RHEL8/EB_production/2023/software/Python/3.11.3-GCCcore-12.3.0/lib/python3.11/multiprocessing/process.py", line 314, in _bootstrap
    self.run()
  File "/sw/arch/RHEL8/EB_production/2023/software/Python/3.11.3-GCCcore-12.3.0/lib/python3.11/multiprocessing/process.py", line 108, in run
    self._target(*self._args, **self._kwargs)
  File "/sw/arch/RHEL8/EB_production/2023/software/Python/3.11.3-GCCcore-12.3.0/lib/python3.11/multiprocessing/pool.py", line 125, in worker
    result = (True, func(*args, **kwds))
  File "/sw/arch/RHEL8/EB_production/2023/software/Python/3.11.3-GCCcore-12.3.0/lib/python3.11/multiprocessing/pool.py", line 48, in mapstar
    return list(map(*args))
  File "/gpfs/home3/tsijpkens/TSPHardener/run.py", line 38, in run_experiment
    logging.error(f"Error in {cmd}:", f"{e.stderr}")
Message: "Error in ['python3', '-m', 'main', '[30]', '[1.2]', '1000', '', '--tsp_type', 'euclidean', '--distribution', 'lognormal', '--mutation_strategy', 'wouter']:"
Arguments: ('Traceback (most recent call last):\n  File "<frozen runpy>", line 198, in _run_module_as_main\n  File "<frozen runpy>", line 88, in _run_code\n  File "/gpfs/home3/tsijpkens/TSPHardener/main.py", line 67, in <module>\n    main()\n  File "/gpfs/home3/tsijpkens/TSPHardener/main.py", line 58, in main\n    experiment(\n  File "/gpfs/home3/tsijpkens/TSPHardener/core/experiment.py", line 180, in experiment\n    run_single_experiment(config, citysize, rang, _mutations)\n  File "/gpfs/home3/tsijpkens/TSPHardener/core/experiment.py", line 111, in run_single_experiment\n    track_basin_transition(hardest_matrix, matrix, partial_results)\n  File "/gpfs/home3/tsijpkens/TSPHardener/core/experiment.py", line 16, in track_basin_transition\n    partial_results["transitions"][source_hash].append(mutated_hash)\n    ~~~~~~~~~~~~~~~~~~~~~~~~~~~~~~^^^^^^^^^^^^^\nKeyError: -7554315659813762293\n',)
--- Logging error ---
Traceback (most recent call last):
  File "/gpfs/home3/tsijpkens/TSPHardener/run.py", line 33, in run_experiment
    result = subprocess.run(cmd, check=True, text=True, capture_output=True)
             ^^^^^^^^^^^^^^^^^^^^^^^^^^^^^^^^^^^^^^^^^^^^^^^^^^^^^^^^^^^^^^^
  File "/sw/arch/RHEL8/EB_production/2023/software/Python/3.11.3-GCCcore-12.3.0/lib/python3.11/subprocess.py", line 571, in run
    raise CalledProcessError(retcode, process.args,
subprocess.CalledProcessError: Command '['python3', '-m', 'main', '[20]', '[4.2]', '1000', '', '--tsp_type', 'euclidean', '--distribution', 'lognormal', '--mutation_strategy', 'wouter']' died with <Signals.SIGKILL: 9>.

During handling of the above exception, another exception occurred:

Traceback (most recent call last):
  File "/sw/arch/RHEL8/EB_production/2023/software/Python/3.11.3-GCCcore-12.3.0/lib/python3.11/logging/__init__.py", line 1110, in emit
    msg = self.format(record)
          ^^^^^^^^^^^^^^^^^^^
  File "/sw/arch/RHEL8/EB_production/2023/software/Python/3.11.3-GCCcore-12.3.0/lib/python3.11/logging/__init__.py", line 953, in format
    return fmt.format(record)
           ^^^^^^^^^^^^^^^^^^
  File "/sw/arch/RHEL8/EB_production/2023/software/Python/3.11.3-GCCcore-12.3.0/lib/python3.11/logging/__init__.py", line 687, in format
    record.message = record.getMessage()
                     ^^^^^^^^^^^^^^^^^^^
  File "/sw/arch/RHEL8/EB_production/2023/software/Python/3.11.3-GCCcore-12.3.0/lib/python3.11/logging/__init__.py", line 377, in getMessage
    msg = msg % self.args
          ~~~~^~~~~~~~~~~
TypeError: not all arguments converted during string formatting
Call stack:
  File "/gpfs/home3/tsijpkens/TSPHardener/run.py", line 46, in <module>
    with Pool(processes=128) as pool:
  File "/sw/arch/RHEL8/EB_production/2023/software/Python/3.11.3-GCCcore-12.3.0/lib/python3.11/multiprocessing/context.py", line 119, in Pool
    return Pool(processes, initializer, initargs, maxtasksperchild,
  File "/sw/arch/RHEL8/EB_production/2023/software/Python/3.11.3-GCCcore-12.3.0/lib/python3.11/multiprocessing/pool.py", line 215, in __init__
    self._repopulate_pool()
  File "/sw/arch/RHEL8/EB_production/2023/software/Python/3.11.3-GCCcore-12.3.0/lib/python3.11/multiprocessing/pool.py", line 306, in _repopulate_pool
    return self._repopulate_pool_static(self._ctx, self.Process,
  File "/sw/arch/RHEL8/EB_production/2023/software/Python/3.11.3-GCCcore-12.3.0/lib/python3.11/multiprocessing/pool.py", line 329, in _repopulate_pool_static
    w.start()
  File "/sw/arch/RHEL8/EB_production/2023/software/Python/3.11.3-GCCcore-12.3.0/lib/python3.11/multiprocessing/process.py", line 121, in start
    self._popen = self._Popen(self)
  File "/sw/arch/RHEL8/EB_production/2023/software/Python/3.11.3-GCCcore-12.3.0/lib/python3.11/multiprocessing/context.py", line 281, in _Popen
    return Popen(process_obj)
  File "/sw/arch/RHEL8/EB_production/2023/software/Python/3.11.3-GCCcore-12.3.0/lib/python3.11/multiprocessing/popen_fork.py", line 19, in __init__
    self._launch(process_obj)
  File "/sw/arch/RHEL8/EB_production/2023/software/Python/3.11.3-GCCcore-12.3.0/lib/python3.11/multiprocessing/popen_fork.py", line 71, in _launch
    code = process_obj._bootstrap(parent_sentinel=child_r)
  File "/sw/arch/RHEL8/EB_production/2023/software/Python/3.11.3-GCCcore-12.3.0/lib/python3.11/multiprocessing/process.py", line 314, in _bootstrap
    self.run()
  File "/sw/arch/RHEL8/EB_production/2023/software/Python/3.11.3-GCCcore-12.3.0/lib/python3.11/multiprocessing/process.py", line 108, in run
    self._target(*self._args, **self._kwargs)
  File "/sw/arch/RHEL8/EB_production/2023/software/Python/3.11.3-GCCcore-12.3.0/lib/python3.11/multiprocessing/pool.py", line 125, in worker
    result = (True, func(*args, **kwds))
  File "/sw/arch/RHEL8/EB_production/2023/software/Python/3.11.3-GCCcore-12.3.0/lib/python3.11/multiprocessing/pool.py", line 48, in mapstar
    return list(map(*args))
  File "/gpfs/home3/tsijpkens/TSPHardener/run.py", line 38, in run_experiment
    logging.error(f"Error in {cmd}:", f"{e.stderr}")
Message: "Error in ['python3', '-m', 'main', '[20]', '[4.2]', '1000', '', '--tsp_type', 'euclidean', '--distribution', 'lognormal', '--mutation_strategy', 'wouter']:"
Arguments: ('',)
--- Logging error ---
Traceback (most recent call last):
  File "/gpfs/home3/tsijpkens/TSPHardener/run.py", line 33, in run_experiment
    result = subprocess.run(cmd, check=True, text=True, capture_output=True)
             ^^^^^^^^^^^^^^^^^^^^^^^^^^^^^^^^^^^^^^^^^^^^^^^^^^^^^^^^^^^^^^^
  File "/sw/arch/RHEL8/EB_production/2023/software/Python/3.11.3-GCCcore-12.3.0/lib/python3.11/subprocess.py", line 571, in run
    raise CalledProcessError(retcode, process.args,
subprocess.CalledProcessError: Command '['python3', '-m', 'main', '[30]', '[2.2]', '1000', '', '--tsp_type', 'euclidean', '--distribution', 'lognormal', '--mutation_strategy', 'wouter']' died with <Signals.SIGKILL: 9>.

During handling of the above exception, another exception occurred:

Traceback (most recent call last):
  File "/sw/arch/RHEL8/EB_production/2023/software/Python/3.11.3-GCCcore-12.3.0/lib/python3.11/logging/__init__.py", line 1110, in emit
    msg = self.format(record)
          ^^^^^^^^^^^^^^^^^^^
  File "/sw/arch/RHEL8/EB_production/2023/software/Python/3.11.3-GCCcore-12.3.0/lib/python3.11/logging/__init__.py", line 953, in format
    return fmt.format(record)
           ^^^^^^^^^^^^^^^^^^
  File "/sw/arch/RHEL8/EB_production/2023/software/Python/3.11.3-GCCcore-12.3.0/lib/python3.11/logging/__init__.py", line 687, in format
    record.message = record.getMessage()
                     ^^^^^^^^^^^^^^^^^^^
  File "/sw/arch/RHEL8/EB_production/2023/software/Python/3.11.3-GCCcore-12.3.0/lib/python3.11/logging/__init__.py", line 377, in getMessage
    msg = msg % self.args
          ~~~~^~~~~~~~~~~
TypeError: not all arguments converted during string formatting
Call stack:
  File "/gpfs/home3/tsijpkens/TSPHardener/run.py", line 46, in <module>
    with Pool(processes=128) as pool:
  File "/sw/arch/RHEL8/EB_production/2023/software/Python/3.11.3-GCCcore-12.3.0/lib/python3.11/multiprocessing/context.py", line 119, in Pool
    return Pool(processes, initializer, initargs, maxtasksperchild,
  File "/sw/arch/RHEL8/EB_production/2023/software/Python/3.11.3-GCCcore-12.3.0/lib/python3.11/multiprocessing/pool.py", line 215, in __init__
    self._repopulate_pool()
  File "/sw/arch/RHEL8/EB_production/2023/software/Python/3.11.3-GCCcore-12.3.0/lib/python3.11/multiprocessing/pool.py", line 306, in _repopulate_pool
    return self._repopulate_pool_static(self._ctx, self.Process,
  File "/sw/arch/RHEL8/EB_production/2023/software/Python/3.11.3-GCCcore-12.3.0/lib/python3.11/multiprocessing/pool.py", line 329, in _repopulate_pool_static
    w.start()
  File "/sw/arch/RHEL8/EB_production/2023/software/Python/3.11.3-GCCcore-12.3.0/lib/python3.11/multiprocessing/process.py", line 121, in start
    self._popen = self._Popen(self)
  File "/sw/arch/RHEL8/EB_production/2023/software/Python/3.11.3-GCCcore-12.3.0/lib/python3.11/multiprocessing/context.py", line 281, in _Popen
    return Popen(process_obj)
  File "/sw/arch/RHEL8/EB_production/2023/software/Python/3.11.3-GCCcore-12.3.0/lib/python3.11/multiprocessing/popen_fork.py", line 19, in __init__
    self._launch(process_obj)
  File "/sw/arch/RHEL8/EB_production/2023/software/Python/3.11.3-GCCcore-12.3.0/lib/python3.11/multiprocessing/popen_fork.py", line 71, in _launch
    code = process_obj._bootstrap(parent_sentinel=child_r)
  File "/sw/arch/RHEL8/EB_production/2023/software/Python/3.11.3-GCCcore-12.3.0/lib/python3.11/multiprocessing/process.py", line 314, in _bootstrap
    self.run()
  File "/sw/arch/RHEL8/EB_production/2023/software/Python/3.11.3-GCCcore-12.3.0/lib/python3.11/multiprocessing/process.py", line 108, in run
    self._target(*self._args, **self._kwargs)
  File "/sw/arch/RHEL8/EB_production/2023/software/Python/3.11.3-GCCcore-12.3.0/lib/python3.11/multiprocessing/pool.py", line 125, in worker
    result = (True, func(*args, **kwds))
  File "/sw/arch/RHEL8/EB_production/2023/software/Python/3.11.3-GCCcore-12.3.0/lib/python3.11/multiprocessing/pool.py", line 48, in mapstar
    return list(map(*args))
  File "/gpfs/home3/tsijpkens/TSPHardener/run.py", line 38, in run_experiment
    logging.error(f"Error in {cmd}:", f"{e.stderr}")
Message: "Error in ['python3', '-m', 'main', '[30]', '[2.2]', '1000', '', '--tsp_type', 'euclidean', '--distribution', 'lognormal', '--mutation_strategy', 'wouter']:"
Arguments: ('',)
--- Logging error ---
Traceback (most recent call last):
  File "/gpfs/home3/tsijpkens/TSPHardener/run.py", line 33, in run_experiment
    result = subprocess.run(cmd, check=True, text=True, capture_output=True)
             ^^^^^^^^^^^^^^^^^^^^^^^^^^^^^^^^^^^^^^^^^^^^^^^^^^^^^^^^^^^^^^^
  File "/sw/arch/RHEL8/EB_production/2023/software/Python/3.11.3-GCCcore-12.3.0/lib/python3.11/subprocess.py", line 571, in run
    raise CalledProcessError(retcode, process.args,
subprocess.CalledProcessError: Command '['python3', '-m', 'main', '[20]', '[3.0]', '1000', '', '--tsp_type', 'euclidean', '--distribution', 'lognormal', '--mutation_strategy', 'wouter']' died with <Signals.SIGKILL: 9>.

During handling of the above exception, another exception occurred:

Traceback (most recent call last):
  File "/sw/arch/RHEL8/EB_production/2023/software/Python/3.11.3-GCCcore-12.3.0/lib/python3.11/logging/__init__.py", line 1110, in emit
    msg = self.format(record)
          ^^^^^^^^^^^^^^^^^^^
  File "/sw/arch/RHEL8/EB_production/2023/software/Python/3.11.3-GCCcore-12.3.0/lib/python3.11/logging/__init__.py", line 953, in format
    return fmt.format(record)
           ^^^^^^^^^^^^^^^^^^
  File "/sw/arch/RHEL8/EB_production/2023/software/Python/3.11.3-GCCcore-12.3.0/lib/python3.11/logging/__init__.py", line 687, in format
    record.message = record.getMessage()
                     ^^^^^^^^^^^^^^^^^^^
  File "/sw/arch/RHEL8/EB_production/2023/software/Python/3.11.3-GCCcore-12.3.0/lib/python3.11/logging/__init__.py", line 377, in getMessage
    msg = msg % self.args
          ~~~~^~~~~~~~~~~
TypeError: not all arguments converted during string formatting
Call stack:
  File "/gpfs/home3/tsijpkens/TSPHardener/run.py", line 46, in <module>
    with Pool(processes=128) as pool:
  File "/sw/arch/RHEL8/EB_production/2023/software/Python/3.11.3-GCCcore-12.3.0/lib/python3.11/multiprocessing/context.py", line 119, in Pool
    return Pool(processes, initializer, initargs, maxtasksperchild,
  File "/sw/arch/RHEL8/EB_production/2023/software/Python/3.11.3-GCCcore-12.3.0/lib/python3.11/multiprocessing/pool.py", line 215, in __init__
    self._repopulate_pool()
  File "/sw/arch/RHEL8/EB_production/2023/software/Python/3.11.3-GCCcore-12.3.0/lib/python3.11/multiprocessing/pool.py", line 306, in _repopulate_pool
    return self._repopulate_pool_static(self._ctx, self.Process,
  File "/sw/arch/RHEL8/EB_production/2023/software/Python/3.11.3-GCCcore-12.3.0/lib/python3.11/multiprocessing/pool.py", line 329, in _repopulate_pool_static
    w.start()
  File "/sw/arch/RHEL8/EB_production/2023/software/Python/3.11.3-GCCcore-12.3.0/lib/python3.11/multiprocessing/process.py", line 121, in start
    self._popen = self._Popen(self)
  File "/sw/arch/RHEL8/EB_production/2023/software/Python/3.11.3-GCCcore-12.3.0/lib/python3.11/multiprocessing/context.py", line 281, in _Popen
    return Popen(process_obj)
  File "/sw/arch/RHEL8/EB_production/2023/software/Python/3.11.3-GCCcore-12.3.0/lib/python3.11/multiprocessing/popen_fork.py", line 19, in __init__
    self._launch(process_obj)
  File "/sw/arch/RHEL8/EB_production/2023/software/Python/3.11.3-GCCcore-12.3.0/lib/python3.11/multiprocessing/popen_fork.py", line 71, in _launch
    code = process_obj._bootstrap(parent_sentinel=child_r)
  File "/sw/arch/RHEL8/EB_production/2023/software/Python/3.11.3-GCCcore-12.3.0/lib/python3.11/multiprocessing/process.py", line 314, in _bootstrap
    self.run()
  File "/sw/arch/RHEL8/EB_production/2023/software/Python/3.11.3-GCCcore-12.3.0/lib/python3.11/multiprocessing/process.py", line 108, in run
    self._target(*self._args, **self._kwargs)
  File "/sw/arch/RHEL8/EB_production/2023/software/Python/3.11.3-GCCcore-12.3.0/lib/python3.11/multiprocessing/pool.py", line 125, in worker
    result = (True, func(*args, **kwds))
  File "/sw/arch/RHEL8/EB_production/2023/software/Python/3.11.3-GCCcore-12.3.0/lib/python3.11/multiprocessing/pool.py", line 48, in mapstar
    return list(map(*args))
  File "/gpfs/home3/tsijpkens/TSPHardener/run.py", line 38, in run_experiment
    logging.error(f"Error in {cmd}:", f"{e.stderr}")
Message: "Error in ['python3', '-m', 'main', '[20]', '[3.0]', '1000', '', '--tsp_type', 'euclidean', '--distribution', 'lognormal', '--mutation_strategy', 'wouter']:"
Arguments: ('',)
--- Logging error ---
Traceback (most recent call last):
  File "/gpfs/home3/tsijpkens/TSPHardener/run.py", line 33, in run_experiment
    result = subprocess.run(cmd, check=True, text=True, capture_output=True)
             ^^^^^^^^^^^^^^^^^^^^^^^^^^^^^^^^^^^^^^^^^^^^^^^^^^^^^^^^^^^^^^^
  File "/sw/arch/RHEL8/EB_production/2023/software/Python/3.11.3-GCCcore-12.3.0/lib/python3.11/subprocess.py", line 571, in run
    raise CalledProcessError(retcode, process.args,
subprocess.CalledProcessError: Command '['python3', '-m', 'main', '[20]', '[0.2]', '1000', '', '--tsp_type', 'euclidean', '--distribution', 'lognormal', '--mutation_strategy', 'scramble']' died with <Signals.SIGKILL: 9>.

During handling of the above exception, another exception occurred:

Traceback (most recent call last):
  File "/sw/arch/RHEL8/EB_production/2023/software/Python/3.11.3-GCCcore-12.3.0/lib/python3.11/logging/__init__.py", line 1110, in emit
    msg = self.format(record)
          ^^^^^^^^^^^^^^^^^^^
  File "/sw/arch/RHEL8/EB_production/2023/software/Python/3.11.3-GCCcore-12.3.0/lib/python3.11/logging/__init__.py", line 953, in format
    return fmt.format(record)
           ^^^^^^^^^^^^^^^^^^
  File "/sw/arch/RHEL8/EB_production/2023/software/Python/3.11.3-GCCcore-12.3.0/lib/python3.11/logging/__init__.py", line 687, in format
    record.message = record.getMessage()
                     ^^^^^^^^^^^^^^^^^^^
  File "/sw/arch/RHEL8/EB_production/2023/software/Python/3.11.3-GCCcore-12.3.0/lib/python3.11/logging/__init__.py", line 377, in getMessage
    msg = msg % self.args
          ~~~~^~~~~~~~~~~
TypeError: not all arguments converted during string formatting
Call stack:
  File "/gpfs/home3/tsijpkens/TSPHardener/run.py", line 46, in <module>
    with Pool(processes=128) as pool:
  File "/sw/arch/RHEL8/EB_production/2023/software/Python/3.11.3-GCCcore-12.3.0/lib/python3.11/multiprocessing/context.py", line 119, in Pool
    return Pool(processes, initializer, initargs, maxtasksperchild,
  File "/sw/arch/RHEL8/EB_production/2023/software/Python/3.11.3-GCCcore-12.3.0/lib/python3.11/multiprocessing/pool.py", line 215, in __init__
    self._repopulate_pool()
  File "/sw/arch/RHEL8/EB_production/2023/software/Python/3.11.3-GCCcore-12.3.0/lib/python3.11/multiprocessing/pool.py", line 306, in _repopulate_pool
    return self._repopulate_pool_static(self._ctx, self.Process,
  File "/sw/arch/RHEL8/EB_production/2023/software/Python/3.11.3-GCCcore-12.3.0/lib/python3.11/multiprocessing/pool.py", line 329, in _repopulate_pool_static
    w.start()
  File "/sw/arch/RHEL8/EB_production/2023/software/Python/3.11.3-GCCcore-12.3.0/lib/python3.11/multiprocessing/process.py", line 121, in start
    self._popen = self._Popen(self)
  File "/sw/arch/RHEL8/EB_production/2023/software/Python/3.11.3-GCCcore-12.3.0/lib/python3.11/multiprocessing/context.py", line 281, in _Popen
    return Popen(process_obj)
  File "/sw/arch/RHEL8/EB_production/2023/software/Python/3.11.3-GCCcore-12.3.0/lib/python3.11/multiprocessing/popen_fork.py", line 19, in __init__
    self._launch(process_obj)
  File "/sw/arch/RHEL8/EB_production/2023/software/Python/3.11.3-GCCcore-12.3.0/lib/python3.11/multiprocessing/popen_fork.py", line 71, in _launch
    code = process_obj._bootstrap(parent_sentinel=child_r)
  File "/sw/arch/RHEL8/EB_production/2023/software/Python/3.11.3-GCCcore-12.3.0/lib/python3.11/multiprocessing/process.py", line 314, in _bootstrap
    self.run()
  File "/sw/arch/RHEL8/EB_production/2023/software/Python/3.11.3-GCCcore-12.3.0/lib/python3.11/multiprocessing/process.py", line 108, in run
    self._target(*self._args, **self._kwargs)
  File "/sw/arch/RHEL8/EB_production/2023/software/Python/3.11.3-GCCcore-12.3.0/lib/python3.11/multiprocessing/pool.py", line 125, in worker
    result = (True, func(*args, **kwds))
  File "/sw/arch/RHEL8/EB_production/2023/software/Python/3.11.3-GCCcore-12.3.0/lib/python3.11/multiprocessing/pool.py", line 48, in mapstar
    return list(map(*args))
  File "/gpfs/home3/tsijpkens/TSPHardener/run.py", line 38, in run_experiment
    logging.error(f"Error in {cmd}:", f"{e.stderr}")
Message: "Error in ['python3', '-m', 'main', '[20]', '[0.2]', '1000', '', '--tsp_type', 'euclidean', '--distribution', 'lognormal', '--mutation_strategy', 'scramble']:"
Arguments: ('',)
--- Logging error ---
Traceback (most recent call last):
  File "/gpfs/home3/tsijpkens/TSPHardener/run.py", line 33, in run_experiment
    result = subprocess.run(cmd, check=True, text=True, capture_output=True)
             ^^^^^^^^^^^^^^^^^^^^^^^^^^^^^^^^^^^^^^^^^^^^^^^^^^^^^^^^^^^^^^^
  File "/sw/arch/RHEL8/EB_production/2023/software/Python/3.11.3-GCCcore-12.3.0/lib/python3.11/subprocess.py", line 571, in run
    raise CalledProcessError(retcode, process.args,
subprocess.CalledProcessError: Command '['python3', '-m', 'main', '[20]', '[4.6]', '1000', '', '--tsp_type', 'euclidean', '--distribution', 'lognormal', '--mutation_strategy', 'wouter']' died with <Signals.SIGKILL: 9>.

During handling of the above exception, another exception occurred:

Traceback (most recent call last):
  File "/sw/arch/RHEL8/EB_production/2023/software/Python/3.11.3-GCCcore-12.3.0/lib/python3.11/logging/__init__.py", line 1110, in emit
    msg = self.format(record)
          ^^^^^^^^^^^^^^^^^^^
  File "/sw/arch/RHEL8/EB_production/2023/software/Python/3.11.3-GCCcore-12.3.0/lib/python3.11/logging/__init__.py", line 953, in format
    return fmt.format(record)
           ^^^^^^^^^^^^^^^^^^
  File "/sw/arch/RHEL8/EB_production/2023/software/Python/3.11.3-GCCcore-12.3.0/lib/python3.11/logging/__init__.py", line 687, in format
    record.message = record.getMessage()
                     ^^^^^^^^^^^^^^^^^^^
  File "/sw/arch/RHEL8/EB_production/2023/software/Python/3.11.3-GCCcore-12.3.0/lib/python3.11/logging/__init__.py", line 377, in getMessage
    msg = msg % self.args
          ~~~~^~~~~~~~~~~
TypeError: not all arguments converted during string formatting
Call stack:
  File "/gpfs/home3/tsijpkens/TSPHardener/run.py", line 46, in <module>
    with Pool(processes=128) as pool:
  File "/sw/arch/RHEL8/EB_production/2023/software/Python/3.11.3-GCCcore-12.3.0/lib/python3.11/multiprocessing/context.py", line 119, in Pool
    return Pool(processes, initializer, initargs, maxtasksperchild,
  File "/sw/arch/RHEL8/EB_production/2023/software/Python/3.11.3-GCCcore-12.3.0/lib/python3.11/multiprocessing/pool.py", line 215, in __init__
    self._repopulate_pool()
  File "/sw/arch/RHEL8/EB_production/2023/software/Python/3.11.3-GCCcore-12.3.0/lib/python3.11/multiprocessing/pool.py", line 306, in _repopulate_pool
    return self._repopulate_pool_static(self._ctx, self.Process,
  File "/sw/arch/RHEL8/EB_production/2023/software/Python/3.11.3-GCCcore-12.3.0/lib/python3.11/multiprocessing/pool.py", line 329, in _repopulate_pool_static
    w.start()
  File "/sw/arch/RHEL8/EB_production/2023/software/Python/3.11.3-GCCcore-12.3.0/lib/python3.11/multiprocessing/process.py", line 121, in start
    self._popen = self._Popen(self)
  File "/sw/arch/RHEL8/EB_production/2023/software/Python/3.11.3-GCCcore-12.3.0/lib/python3.11/multiprocessing/context.py", line 281, in _Popen
    return Popen(process_obj)
  File "/sw/arch/RHEL8/EB_production/2023/software/Python/3.11.3-GCCcore-12.3.0/lib/python3.11/multiprocessing/popen_fork.py", line 19, in __init__
    self._launch(process_obj)
  File "/sw/arch/RHEL8/EB_production/2023/software/Python/3.11.3-GCCcore-12.3.0/lib/python3.11/multiprocessing/popen_fork.py", line 71, in _launch
    code = process_obj._bootstrap(parent_sentinel=child_r)
  File "/sw/arch/RHEL8/EB_production/2023/software/Python/3.11.3-GCCcore-12.3.0/lib/python3.11/multiprocessing/process.py", line 314, in _bootstrap
    self.run()
  File "/sw/arch/RHEL8/EB_production/2023/software/Python/3.11.3-GCCcore-12.3.0/lib/python3.11/multiprocessing/process.py", line 108, in run
    self._target(*self._args, **self._kwargs)
  File "/sw/arch/RHEL8/EB_production/2023/software/Python/3.11.3-GCCcore-12.3.0/lib/python3.11/multiprocessing/pool.py", line 125, in worker
    result = (True, func(*args, **kwds))
  File "/sw/arch/RHEL8/EB_production/2023/software/Python/3.11.3-GCCcore-12.3.0/lib/python3.11/multiprocessing/pool.py", line 48, in mapstar
    return list(map(*args))
  File "/gpfs/home3/tsijpkens/TSPHardener/run.py", line 38, in run_experiment
    logging.error(f"Error in {cmd}:", f"{e.stderr}")
Message: "Error in ['python3', '-m', 'main', '[20]', '[4.6]', '1000', '', '--tsp_type', 'euclidean', '--distribution', 'lognormal', '--mutation_strategy', 'wouter']:"
Arguments: ('',)
--- Logging error ---
Traceback (most recent call last):
  File "/gpfs/home3/tsijpkens/TSPHardener/run.py", line 33, in run_experiment
    result = subprocess.run(cmd, check=True, text=True, capture_output=True)
             ^^^^^^^^^^^^^^^^^^^^^^^^^^^^^^^^^^^^^^^^^^^^^^^^^^^^^^^^^^^^^^^
  File "/sw/arch/RHEL8/EB_production/2023/software/Python/3.11.3-GCCcore-12.3.0/lib/python3.11/subprocess.py", line 571, in run
    raise CalledProcessError(retcode, process.args,
subprocess.CalledProcessError: Command '['python3', '-m', 'main', '[20]', '[0.2]', '1000', '', '--tsp_type', 'euclidean', '--distribution', 'lognormal', '--mutation_strategy', 'swap']' died with <Signals.SIGKILL: 9>.

During handling of the above exception, another exception occurred:

Traceback (most recent call last):
  File "/sw/arch/RHEL8/EB_production/2023/software/Python/3.11.3-GCCcore-12.3.0/lib/python3.11/logging/__init__.py", line 1110, in emit
    msg = self.format(record)
          ^^^^^^^^^^^^^^^^^^^
  File "/sw/arch/RHEL8/EB_production/2023/software/Python/3.11.3-GCCcore-12.3.0/lib/python3.11/logging/__init__.py", line 953, in format
    return fmt.format(record)
           ^^^^^^^^^^^^^^^^^^
  File "/sw/arch/RHEL8/EB_production/2023/software/Python/3.11.3-GCCcore-12.3.0/lib/python3.11/logging/__init__.py", line 687, in format
    record.message = record.getMessage()
                     ^^^^^^^^^^^^^^^^^^^
  File "/sw/arch/RHEL8/EB_production/2023/software/Python/3.11.3-GCCcore-12.3.0/lib/python3.11/logging/__init__.py", line 377, in getMessage
    msg = msg % self.args
          ~~~~^~~~~~~~~~~
TypeError: not all arguments converted during string formatting
Call stack:
  File "/gpfs/home3/tsijpkens/TSPHardener/run.py", line 46, in <module>
    with Pool(processes=128) as pool:
  File "/sw/arch/RHEL8/EB_production/2023/software/Python/3.11.3-GCCcore-12.3.0/lib/python3.11/multiprocessing/context.py", line 119, in Pool
    return Pool(processes, initializer, initargs, maxtasksperchild,
  File "/sw/arch/RHEL8/EB_production/2023/software/Python/3.11.3-GCCcore-12.3.0/lib/python3.11/multiprocessing/pool.py", line 215, in __init__
    self._repopulate_pool()
  File "/sw/arch/RHEL8/EB_production/2023/software/Python/3.11.3-GCCcore-12.3.0/lib/python3.11/multiprocessing/pool.py", line 306, in _repopulate_pool
    return self._repopulate_pool_static(self._ctx, self.Process,
  File "/sw/arch/RHEL8/EB_production/2023/software/Python/3.11.3-GCCcore-12.3.0/lib/python3.11/multiprocessing/pool.py", line 329, in _repopulate_pool_static
    w.start()
  File "/sw/arch/RHEL8/EB_production/2023/software/Python/3.11.3-GCCcore-12.3.0/lib/python3.11/multiprocessing/process.py", line 121, in start
    self._popen = self._Popen(self)
  File "/sw/arch/RHEL8/EB_production/2023/software/Python/3.11.3-GCCcore-12.3.0/lib/python3.11/multiprocessing/context.py", line 281, in _Popen
    return Popen(process_obj)
  File "/sw/arch/RHEL8/EB_production/2023/software/Python/3.11.3-GCCcore-12.3.0/lib/python3.11/multiprocessing/popen_fork.py", line 19, in __init__
    self._launch(process_obj)
  File "/sw/arch/RHEL8/EB_production/2023/software/Python/3.11.3-GCCcore-12.3.0/lib/python3.11/multiprocessing/popen_fork.py", line 71, in _launch
    code = process_obj._bootstrap(parent_sentinel=child_r)
  File "/sw/arch/RHEL8/EB_production/2023/software/Python/3.11.3-GCCcore-12.3.0/lib/python3.11/multiprocessing/process.py", line 314, in _bootstrap
    self.run()
  File "/sw/arch/RHEL8/EB_production/2023/software/Python/3.11.3-GCCcore-12.3.0/lib/python3.11/multiprocessing/process.py", line 108, in run
    self._target(*self._args, **self._kwargs)
  File "/sw/arch/RHEL8/EB_production/2023/software/Python/3.11.3-GCCcore-12.3.0/lib/python3.11/multiprocessing/pool.py", line 125, in worker
    result = (True, func(*args, **kwds))
  File "/sw/arch/RHEL8/EB_production/2023/software/Python/3.11.3-GCCcore-12.3.0/lib/python3.11/multiprocessing/pool.py", line 48, in mapstar
    return list(map(*args))
  File "/gpfs/home3/tsijpkens/TSPHardener/run.py", line 38, in run_experiment
    logging.error(f"Error in {cmd}:", f"{e.stderr}")
Message: "Error in ['python3', '-m', 'main', '[20]', '[0.2]', '1000', '', '--tsp_type', 'euclidean', '--distribution', 'lognormal', '--mutation_strategy', 'swap']:"
Arguments: ('',)
--- Logging error ---
Traceback (most recent call last):
  File "/gpfs/home3/tsijpkens/TSPHardener/run.py", line 33, in run_experiment
    result = subprocess.run(cmd, check=True, text=True, capture_output=True)
             ^^^^^^^^^^^^^^^^^^^^^^^^^^^^^^^^^^^^^^^^^^^^^^^^^^^^^^^^^^^^^^^
  File "/sw/arch/RHEL8/EB_production/2023/software/Python/3.11.3-GCCcore-12.3.0/lib/python3.11/subprocess.py", line 571, in run
    raise CalledProcessError(retcode, process.args,
subprocess.CalledProcessError: Command '['python3', '-m', 'main', '[30]', '[4.2]', '1000', '', '--tsp_type', 'euclidean', '--distribution', 'lognormal', '--mutation_strategy', 'wouter']' died with <Signals.SIGKILL: 9>.

During handling of the above exception, another exception occurred:

Traceback (most recent call last):
  File "/sw/arch/RHEL8/EB_production/2023/software/Python/3.11.3-GCCcore-12.3.0/lib/python3.11/logging/__init__.py", line 1110, in emit
    msg = self.format(record)
          ^^^^^^^^^^^^^^^^^^^
  File "/sw/arch/RHEL8/EB_production/2023/software/Python/3.11.3-GCCcore-12.3.0/lib/python3.11/logging/__init__.py", line 953, in format
    return fmt.format(record)
           ^^^^^^^^^^^^^^^^^^
  File "/sw/arch/RHEL8/EB_production/2023/software/Python/3.11.3-GCCcore-12.3.0/lib/python3.11/logging/__init__.py", line 687, in format
    record.message = record.getMessage()
                     ^^^^^^^^^^^^^^^^^^^
  File "/sw/arch/RHEL8/EB_production/2023/software/Python/3.11.3-GCCcore-12.3.0/lib/python3.11/logging/__init__.py", line 377, in getMessage
    msg = msg % self.args
          ~~~~^~~~~~~~~~~
TypeError: not all arguments converted during string formatting
Call stack:
  File "/gpfs/home3/tsijpkens/TSPHardener/run.py", line 46, in <module>
    with Pool(processes=128) as pool:
  File "/sw/arch/RHEL8/EB_production/2023/software/Python/3.11.3-GCCcore-12.3.0/lib/python3.11/multiprocessing/context.py", line 119, in Pool
    return Pool(processes, initializer, initargs, maxtasksperchild,
  File "/sw/arch/RHEL8/EB_production/2023/software/Python/3.11.3-GCCcore-12.3.0/lib/python3.11/multiprocessing/pool.py", line 215, in __init__
    self._repopulate_pool()
  File "/sw/arch/RHEL8/EB_production/2023/software/Python/3.11.3-GCCcore-12.3.0/lib/python3.11/multiprocessing/pool.py", line 306, in _repopulate_pool
    return self._repopulate_pool_static(self._ctx, self.Process,
  File "/sw/arch/RHEL8/EB_production/2023/software/Python/3.11.3-GCCcore-12.3.0/lib/python3.11/multiprocessing/pool.py", line 329, in _repopulate_pool_static
    w.start()
  File "/sw/arch/RHEL8/EB_production/2023/software/Python/3.11.3-GCCcore-12.3.0/lib/python3.11/multiprocessing/process.py", line 121, in start
    self._popen = self._Popen(self)
  File "/sw/arch/RHEL8/EB_production/2023/software/Python/3.11.3-GCCcore-12.3.0/lib/python3.11/multiprocessing/context.py", line 281, in _Popen
    return Popen(process_obj)
  File "/sw/arch/RHEL8/EB_production/2023/software/Python/3.11.3-GCCcore-12.3.0/lib/python3.11/multiprocessing/popen_fork.py", line 19, in __init__
    self._launch(process_obj)
  File "/sw/arch/RHEL8/EB_production/2023/software/Python/3.11.3-GCCcore-12.3.0/lib/python3.11/multiprocessing/popen_fork.py", line 71, in _launch
    code = process_obj._bootstrap(parent_sentinel=child_r)
  File "/sw/arch/RHEL8/EB_production/2023/software/Python/3.11.3-GCCcore-12.3.0/lib/python3.11/multiprocessing/process.py", line 314, in _bootstrap
    self.run()
  File "/sw/arch/RHEL8/EB_production/2023/software/Python/3.11.3-GCCcore-12.3.0/lib/python3.11/multiprocessing/process.py", line 108, in run
    self._target(*self._args, **self._kwargs)
  File "/sw/arch/RHEL8/EB_production/2023/software/Python/3.11.3-GCCcore-12.3.0/lib/python3.11/multiprocessing/pool.py", line 125, in worker
    result = (True, func(*args, **kwds))
  File "/sw/arch/RHEL8/EB_production/2023/software/Python/3.11.3-GCCcore-12.3.0/lib/python3.11/multiprocessing/pool.py", line 48, in mapstar
    return list(map(*args))
  File "/gpfs/home3/tsijpkens/TSPHardener/run.py", line 38, in run_experiment
    logging.error(f"Error in {cmd}:", f"{e.stderr}")
Message: "Error in ['python3', '-m', 'main', '[30]', '[4.2]', '1000', '', '--tsp_type', 'euclidean', '--distribution', 'lognormal', '--mutation_strategy', 'wouter']:"
Arguments: ('',)
--- Logging error ---
Traceback (most recent call last):
  File "/gpfs/home3/tsijpkens/TSPHardener/run.py", line 33, in run_experiment
    result = subprocess.run(cmd, check=True, text=True, capture_output=True)
             ^^^^^^^^^^^^^^^^^^^^^^^^^^^^^^^^^^^^^^^^^^^^^^^^^^^^^^^^^^^^^^^
  File "/sw/arch/RHEL8/EB_production/2023/software/Python/3.11.3-GCCcore-12.3.0/lib/python3.11/subprocess.py", line 571, in run
    raise CalledProcessError(retcode, process.args,
subprocess.CalledProcessError: Command '['python3', '-m', 'main', '[20]', '[3.8]', '1000', '', '--tsp_type', 'euclidean', '--distribution', 'lognormal', '--mutation_strategy', 'scramble']' died with <Signals.SIGKILL: 9>.

During handling of the above exception, another exception occurred:

Traceback (most recent call last):
  File "/sw/arch/RHEL8/EB_production/2023/software/Python/3.11.3-GCCcore-12.3.0/lib/python3.11/logging/__init__.py", line 1110, in emit
    msg = self.format(record)
          ^^^^^^^^^^^^^^^^^^^
  File "/sw/arch/RHEL8/EB_production/2023/software/Python/3.11.3-GCCcore-12.3.0/lib/python3.11/logging/__init__.py", line 953, in format
    return fmt.format(record)
           ^^^^^^^^^^^^^^^^^^
  File "/sw/arch/RHEL8/EB_production/2023/software/Python/3.11.3-GCCcore-12.3.0/lib/python3.11/logging/__init__.py", line 687, in format
    record.message = record.getMessage()
                     ^^^^^^^^^^^^^^^^^^^
  File "/sw/arch/RHEL8/EB_production/2023/software/Python/3.11.3-GCCcore-12.3.0/lib/python3.11/logging/__init__.py", line 377, in getMessage
    msg = msg % self.args
          ~~~~^~~~~~~~~~~
TypeError: not all arguments converted during string formatting
Call stack:
  File "/gpfs/home3/tsijpkens/TSPHardener/run.py", line 46, in <module>
    with Pool(processes=128) as pool:
  File "/sw/arch/RHEL8/EB_production/2023/software/Python/3.11.3-GCCcore-12.3.0/lib/python3.11/multiprocessing/context.py", line 119, in Pool
    return Pool(processes, initializer, initargs, maxtasksperchild,
  File "/sw/arch/RHEL8/EB_production/2023/software/Python/3.11.3-GCCcore-12.3.0/lib/python3.11/multiprocessing/pool.py", line 215, in __init__
    self._repopulate_pool()
  File "/sw/arch/RHEL8/EB_production/2023/software/Python/3.11.3-GCCcore-12.3.0/lib/python3.11/multiprocessing/pool.py", line 306, in _repopulate_pool
    return self._repopulate_pool_static(self._ctx, self.Process,
  File "/sw/arch/RHEL8/EB_production/2023/software/Python/3.11.3-GCCcore-12.3.0/lib/python3.11/multiprocessing/pool.py", line 329, in _repopulate_pool_static
    w.start()
  File "/sw/arch/RHEL8/EB_production/2023/software/Python/3.11.3-GCCcore-12.3.0/lib/python3.11/multiprocessing/process.py", line 121, in start
    self._popen = self._Popen(self)
  File "/sw/arch/RHEL8/EB_production/2023/software/Python/3.11.3-GCCcore-12.3.0/lib/python3.11/multiprocessing/context.py", line 281, in _Popen
    return Popen(process_obj)
  File "/sw/arch/RHEL8/EB_production/2023/software/Python/3.11.3-GCCcore-12.3.0/lib/python3.11/multiprocessing/popen_fork.py", line 19, in __init__
    self._launch(process_obj)
  File "/sw/arch/RHEL8/EB_production/2023/software/Python/3.11.3-GCCcore-12.3.0/lib/python3.11/multiprocessing/popen_fork.py", line 71, in _launch
    code = process_obj._bootstrap(parent_sentinel=child_r)
  File "/sw/arch/RHEL8/EB_production/2023/software/Python/3.11.3-GCCcore-12.3.0/lib/python3.11/multiprocessing/process.py", line 314, in _bootstrap
    self.run()
  File "/sw/arch/RHEL8/EB_production/2023/software/Python/3.11.3-GCCcore-12.3.0/lib/python3.11/multiprocessing/process.py", line 108, in run
    self._target(*self._args, **self._kwargs)
  File "/sw/arch/RHEL8/EB_production/2023/software/Python/3.11.3-GCCcore-12.3.0/lib/python3.11/multiprocessing/pool.py", line 125, in worker
    result = (True, func(*args, **kwds))
  File "/sw/arch/RHEL8/EB_production/2023/software/Python/3.11.3-GCCcore-12.3.0/lib/python3.11/multiprocessing/pool.py", line 48, in mapstar
    return list(map(*args))
  File "/gpfs/home3/tsijpkens/TSPHardener/run.py", line 38, in run_experiment
    logging.error(f"Error in {cmd}:", f"{e.stderr}")
Message: "Error in ['python3', '-m', 'main', '[20]', '[3.8]', '1000', '', '--tsp_type', 'euclidean', '--distribution', 'lognormal', '--mutation_strategy', 'scramble']:"
Arguments: ('',)
--- Logging error ---
Traceback (most recent call last):
  File "/gpfs/home3/tsijpkens/TSPHardener/run.py", line 33, in run_experiment
    result = subprocess.run(cmd, check=True, text=True, capture_output=True)
             ^^^^^^^^^^^^^^^^^^^^^^^^^^^^^^^^^^^^^^^^^^^^^^^^^^^^^^^^^^^^^^^
  File "/sw/arch/RHEL8/EB_production/2023/software/Python/3.11.3-GCCcore-12.3.0/lib/python3.11/subprocess.py", line 571, in run
    raise CalledProcessError(retcode, process.args,
subprocess.CalledProcessError: Command '['python3', '-m', 'main', '[30]', '[4.2]', '1000', '', '--tsp_type', 'euclidean', '--distribution', 'lognormal', '--mutation_strategy', 'scramble']' died with <Signals.SIGKILL: 9>.

During handling of the above exception, another exception occurred:

Traceback (most recent call last):
  File "/sw/arch/RHEL8/EB_production/2023/software/Python/3.11.3-GCCcore-12.3.0/lib/python3.11/logging/__init__.py", line 1110, in emit
    msg = self.format(record)
          ^^^^^^^^^^^^^^^^^^^
  File "/sw/arch/RHEL8/EB_production/2023/software/Python/3.11.3-GCCcore-12.3.0/lib/python3.11/logging/__init__.py", line 953, in format
    return fmt.format(record)
           ^^^^^^^^^^^^^^^^^^
  File "/sw/arch/RHEL8/EB_production/2023/software/Python/3.11.3-GCCcore-12.3.0/lib/python3.11/logging/__init__.py", line 687, in format
    record.message = record.getMessage()
                     ^^^^^^^^^^^^^^^^^^^
  File "/sw/arch/RHEL8/EB_production/2023/software/Python/3.11.3-GCCcore-12.3.0/lib/python3.11/logging/__init__.py", line 377, in getMessage
    msg = msg % self.args
          ~~~~^~~~~~~~~~~
TypeError: not all arguments converted during string formatting
Call stack:
  File "/gpfs/home3/tsijpkens/TSPHardener/run.py", line 46, in <module>
    with Pool(processes=128) as pool:
  File "/sw/arch/RHEL8/EB_production/2023/software/Python/3.11.3-GCCcore-12.3.0/lib/python3.11/multiprocessing/context.py", line 119, in Pool
    return Pool(processes, initializer, initargs, maxtasksperchild,
  File "/sw/arch/RHEL8/EB_production/2023/software/Python/3.11.3-GCCcore-12.3.0/lib/python3.11/multiprocessing/pool.py", line 215, in __init__
    self._repopulate_pool()
  File "/sw/arch/RHEL8/EB_production/2023/software/Python/3.11.3-GCCcore-12.3.0/lib/python3.11/multiprocessing/pool.py", line 306, in _repopulate_pool
    return self._repopulate_pool_static(self._ctx, self.Process,
  File "/sw/arch/RHEL8/EB_production/2023/software/Python/3.11.3-GCCcore-12.3.0/lib/python3.11/multiprocessing/pool.py", line 329, in _repopulate_pool_static
    w.start()
  File "/sw/arch/RHEL8/EB_production/2023/software/Python/3.11.3-GCCcore-12.3.0/lib/python3.11/multiprocessing/process.py", line 121, in start
    self._popen = self._Popen(self)
  File "/sw/arch/RHEL8/EB_production/2023/software/Python/3.11.3-GCCcore-12.3.0/lib/python3.11/multiprocessing/context.py", line 281, in _Popen
    return Popen(process_obj)
  File "/sw/arch/RHEL8/EB_production/2023/software/Python/3.11.3-GCCcore-12.3.0/lib/python3.11/multiprocessing/popen_fork.py", line 19, in __init__
    self._launch(process_obj)
  File "/sw/arch/RHEL8/EB_production/2023/software/Python/3.11.3-GCCcore-12.3.0/lib/python3.11/multiprocessing/popen_fork.py", line 71, in _launch
    code = process_obj._bootstrap(parent_sentinel=child_r)
  File "/sw/arch/RHEL8/EB_production/2023/software/Python/3.11.3-GCCcore-12.3.0/lib/python3.11/multiprocessing/process.py", line 314, in _bootstrap
    self.run()
  File "/sw/arch/RHEL8/EB_production/2023/software/Python/3.11.3-GCCcore-12.3.0/lib/python3.11/multiprocessing/process.py", line 108, in run
    self._target(*self._args, **self._kwargs)
  File "/sw/arch/RHEL8/EB_production/2023/software/Python/3.11.3-GCCcore-12.3.0/lib/python3.11/multiprocessing/pool.py", line 125, in worker
    result = (True, func(*args, **kwds))
  File "/sw/arch/RHEL8/EB_production/2023/software/Python/3.11.3-GCCcore-12.3.0/lib/python3.11/multiprocessing/pool.py", line 48, in mapstar
    return list(map(*args))
  File "/gpfs/home3/tsijpkens/TSPHardener/run.py", line 38, in run_experiment
    logging.error(f"Error in {cmd}:", f"{e.stderr}")
Message: "Error in ['python3', '-m', 'main', '[30]', '[4.2]', '1000', '', '--tsp_type', 'euclidean', '--distribution', 'lognormal', '--mutation_strategy', 'scramble']:"
Arguments: ('',)
--- Logging error ---
Traceback (most recent call last):
  File "/gpfs/home3/tsijpkens/TSPHardener/run.py", line 33, in run_experiment
    result = subprocess.run(cmd, check=True, text=True, capture_output=True)
             ^^^^^^^^^^^^^^^^^^^^^^^^^^^^^^^^^^^^^^^^^^^^^^^^^^^^^^^^^^^^^^^
  File "/sw/arch/RHEL8/EB_production/2023/software/Python/3.11.3-GCCcore-12.3.0/lib/python3.11/subprocess.py", line 571, in run
    raise CalledProcessError(retcode, process.args,
subprocess.CalledProcessError: Command '['python3', '-m', 'main', '[30]', '[4.8]', '1000', '', '--tsp_type', 'euclidean', '--distribution', 'lognormal', '--mutation_strategy', 'swap']' died with <Signals.SIGKILL: 9>.

During handling of the above exception, another exception occurred:

Traceback (most recent call last):
  File "/sw/arch/RHEL8/EB_production/2023/software/Python/3.11.3-GCCcore-12.3.0/lib/python3.11/logging/__init__.py", line 1110, in emit
    msg = self.format(record)
          ^^^^^^^^^^^^^^^^^^^
  File "/sw/arch/RHEL8/EB_production/2023/software/Python/3.11.3-GCCcore-12.3.0/lib/python3.11/logging/__init__.py", line 953, in format
    return fmt.format(record)
           ^^^^^^^^^^^^^^^^^^
  File "/sw/arch/RHEL8/EB_production/2023/software/Python/3.11.3-GCCcore-12.3.0/lib/python3.11/logging/__init__.py", line 687, in format
    record.message = record.getMessage()
                     ^^^^^^^^^^^^^^^^^^^
  File "/sw/arch/RHEL8/EB_production/2023/software/Python/3.11.3-GCCcore-12.3.0/lib/python3.11/logging/__init__.py", line 377, in getMessage
    msg = msg % self.args
          ~~~~^~~~~~~~~~~
TypeError: not all arguments converted during string formatting
Call stack:
  File "/gpfs/home3/tsijpkens/TSPHardener/run.py", line 46, in <module>
    with Pool(processes=128) as pool:
  File "/sw/arch/RHEL8/EB_production/2023/software/Python/3.11.3-GCCcore-12.3.0/lib/python3.11/multiprocessing/context.py", line 119, in Pool
    return Pool(processes, initializer, initargs, maxtasksperchild,
  File "/sw/arch/RHEL8/EB_production/2023/software/Python/3.11.3-GCCcore-12.3.0/lib/python3.11/multiprocessing/pool.py", line 215, in __init__
    self._repopulate_pool()
  File "/sw/arch/RHEL8/EB_production/2023/software/Python/3.11.3-GCCcore-12.3.0/lib/python3.11/multiprocessing/pool.py", line 306, in _repopulate_pool
    return self._repopulate_pool_static(self._ctx, self.Process,
  File "/sw/arch/RHEL8/EB_production/2023/software/Python/3.11.3-GCCcore-12.3.0/lib/python3.11/multiprocessing/pool.py", line 329, in _repopulate_pool_static
    w.start()
  File "/sw/arch/RHEL8/EB_production/2023/software/Python/3.11.3-GCCcore-12.3.0/lib/python3.11/multiprocessing/process.py", line 121, in start
    self._popen = self._Popen(self)
  File "/sw/arch/RHEL8/EB_production/2023/software/Python/3.11.3-GCCcore-12.3.0/lib/python3.11/multiprocessing/context.py", line 281, in _Popen
    return Popen(process_obj)
  File "/sw/arch/RHEL8/EB_production/2023/software/Python/3.11.3-GCCcore-12.3.0/lib/python3.11/multiprocessing/popen_fork.py", line 19, in __init__
    self._launch(process_obj)
  File "/sw/arch/RHEL8/EB_production/2023/software/Python/3.11.3-GCCcore-12.3.0/lib/python3.11/multiprocessing/popen_fork.py", line 71, in _launch
    code = process_obj._bootstrap(parent_sentinel=child_r)
  File "/sw/arch/RHEL8/EB_production/2023/software/Python/3.11.3-GCCcore-12.3.0/lib/python3.11/multiprocessing/process.py", line 314, in _bootstrap
    self.run()
  File "/sw/arch/RHEL8/EB_production/2023/software/Python/3.11.3-GCCcore-12.3.0/lib/python3.11/multiprocessing/process.py", line 108, in run
    self._target(*self._args, **self._kwargs)
  File "/sw/arch/RHEL8/EB_production/2023/software/Python/3.11.3-GCCcore-12.3.0/lib/python3.11/multiprocessing/pool.py", line 125, in worker
    result = (True, func(*args, **kwds))
  File "/sw/arch/RHEL8/EB_production/2023/software/Python/3.11.3-GCCcore-12.3.0/lib/python3.11/multiprocessing/pool.py", line 48, in mapstar
    return list(map(*args))
  File "/gpfs/home3/tsijpkens/TSPHardener/run.py", line 38, in run_experiment
    logging.error(f"Error in {cmd}:", f"{e.stderr}")
Message: "Error in ['python3', '-m', 'main', '[30]', '[4.8]', '1000', '', '--tsp_type', 'euclidean', '--distribution', 'lognormal', '--mutation_strategy', 'swap']:"
Arguments: ('',)
--- Logging error ---
Traceback (most recent call last):
  File "/gpfs/home3/tsijpkens/TSPHardener/run.py", line 33, in run_experiment
    result = subprocess.run(cmd, check=True, text=True, capture_output=True)
             ^^^^^^^^^^^^^^^^^^^^^^^^^^^^^^^^^^^^^^^^^^^^^^^^^^^^^^^^^^^^^^^
  File "/sw/arch/RHEL8/EB_production/2023/software/Python/3.11.3-GCCcore-12.3.0/lib/python3.11/subprocess.py", line 571, in run
    raise CalledProcessError(retcode, process.args,
subprocess.CalledProcessError: Command '['python3', '-m', 'main', '[30]', '[1.6]', '1000', '', '--tsp_type', 'euclidean', '--distribution', 'lognormal', '--mutation_strategy', 'wouter']' died with <Signals.SIGKILL: 9>.

During handling of the above exception, another exception occurred:

Traceback (most recent call last):
  File "/sw/arch/RHEL8/EB_production/2023/software/Python/3.11.3-GCCcore-12.3.0/lib/python3.11/logging/__init__.py", line 1110, in emit
    msg = self.format(record)
          ^^^^^^^^^^^^^^^^^^^
  File "/sw/arch/RHEL8/EB_production/2023/software/Python/3.11.3-GCCcore-12.3.0/lib/python3.11/logging/__init__.py", line 953, in format
    return fmt.format(record)
           ^^^^^^^^^^^^^^^^^^
  File "/sw/arch/RHEL8/EB_production/2023/software/Python/3.11.3-GCCcore-12.3.0/lib/python3.11/logging/__init__.py", line 687, in format
    record.message = record.getMessage()
                     ^^^^^^^^^^^^^^^^^^^
  File "/sw/arch/RHEL8/EB_production/2023/software/Python/3.11.3-GCCcore-12.3.0/lib/python3.11/logging/__init__.py", line 377, in getMessage
    msg = msg % self.args
          ~~~~^~~~~~~~~~~
TypeError: not all arguments converted during string formatting
Call stack:
  File "/gpfs/home3/tsijpkens/TSPHardener/run.py", line 46, in <module>
    with Pool(processes=128) as pool:
  File "/sw/arch/RHEL8/EB_production/2023/software/Python/3.11.3-GCCcore-12.3.0/lib/python3.11/multiprocessing/context.py", line 119, in Pool
    return Pool(processes, initializer, initargs, maxtasksperchild,
  File "/sw/arch/RHEL8/EB_production/2023/software/Python/3.11.3-GCCcore-12.3.0/lib/python3.11/multiprocessing/pool.py", line 215, in __init__
    self._repopulate_pool()
  File "/sw/arch/RHEL8/EB_production/2023/software/Python/3.11.3-GCCcore-12.3.0/lib/python3.11/multiprocessing/pool.py", line 306, in _repopulate_pool
    return self._repopulate_pool_static(self._ctx, self.Process,
  File "/sw/arch/RHEL8/EB_production/2023/software/Python/3.11.3-GCCcore-12.3.0/lib/python3.11/multiprocessing/pool.py", line 329, in _repopulate_pool_static
    w.start()
  File "/sw/arch/RHEL8/EB_production/2023/software/Python/3.11.3-GCCcore-12.3.0/lib/python3.11/multiprocessing/process.py", line 121, in start
    self._popen = self._Popen(self)
  File "/sw/arch/RHEL8/EB_production/2023/software/Python/3.11.3-GCCcore-12.3.0/lib/python3.11/multiprocessing/context.py", line 281, in _Popen
    return Popen(process_obj)
  File "/sw/arch/RHEL8/EB_production/2023/software/Python/3.11.3-GCCcore-12.3.0/lib/python3.11/multiprocessing/popen_fork.py", line 19, in __init__
    self._launch(process_obj)
  File "/sw/arch/RHEL8/EB_production/2023/software/Python/3.11.3-GCCcore-12.3.0/lib/python3.11/multiprocessing/popen_fork.py", line 71, in _launch
    code = process_obj._bootstrap(parent_sentinel=child_r)
  File "/sw/arch/RHEL8/EB_production/2023/software/Python/3.11.3-GCCcore-12.3.0/lib/python3.11/multiprocessing/process.py", line 314, in _bootstrap
    self.run()
  File "/sw/arch/RHEL8/EB_production/2023/software/Python/3.11.3-GCCcore-12.3.0/lib/python3.11/multiprocessing/process.py", line 108, in run
    self._target(*self._args, **self._kwargs)
  File "/sw/arch/RHEL8/EB_production/2023/software/Python/3.11.3-GCCcore-12.3.0/lib/python3.11/multiprocessing/pool.py", line 125, in worker
    result = (True, func(*args, **kwds))
  File "/sw/arch/RHEL8/EB_production/2023/software/Python/3.11.3-GCCcore-12.3.0/lib/python3.11/multiprocessing/pool.py", line 48, in mapstar
    return list(map(*args))
  File "/gpfs/home3/tsijpkens/TSPHardener/run.py", line 38, in run_experiment
    logging.error(f"Error in {cmd}:", f"{e.stderr}")
Message: "Error in ['python3', '-m', 'main', '[30]', '[1.6]', '1000', '', '--tsp_type', 'euclidean', '--distribution', 'lognormal', '--mutation_strategy', 'wouter']:"
Arguments: ('',)
--- Logging error ---
Traceback (most recent call last):
  File "/gpfs/home3/tsijpkens/TSPHardener/run.py", line 33, in run_experiment
    result = subprocess.run(cmd, check=True, text=True, capture_output=True)
             ^^^^^^^^^^^^^^^^^^^^^^^^^^^^^^^^^^^^^^^^^^^^^^^^^^^^^^^^^^^^^^^
  File "/sw/arch/RHEL8/EB_production/2023/software/Python/3.11.3-GCCcore-12.3.0/lib/python3.11/subprocess.py", line 571, in run
    raise CalledProcessError(retcode, process.args,
subprocess.CalledProcessError: Command '['python3', '-m', 'main', '[30]', '[2.6]', '1000', '', '--tsp_type', 'euclidean', '--distribution', 'lognormal', '--mutation_strategy', 'wouter']' died with <Signals.SIGKILL: 9>.

During handling of the above exception, another exception occurred:

Traceback (most recent call last):
  File "/sw/arch/RHEL8/EB_production/2023/software/Python/3.11.3-GCCcore-12.3.0/lib/python3.11/logging/__init__.py", line 1110, in emit
    msg = self.format(record)
          ^^^^^^^^^^^^^^^^^^^
  File "/sw/arch/RHEL8/EB_production/2023/software/Python/3.11.3-GCCcore-12.3.0/lib/python3.11/logging/__init__.py", line 953, in format
    return fmt.format(record)
           ^^^^^^^^^^^^^^^^^^
  File "/sw/arch/RHEL8/EB_production/2023/software/Python/3.11.3-GCCcore-12.3.0/lib/python3.11/logging/__init__.py", line 687, in format
    record.message = record.getMessage()
                     ^^^^^^^^^^^^^^^^^^^
  File "/sw/arch/RHEL8/EB_production/2023/software/Python/3.11.3-GCCcore-12.3.0/lib/python3.11/logging/__init__.py", line 377, in getMessage
    msg = msg % self.args
          ~~~~^~~~~~~~~~~
TypeError: not all arguments converted during string formatting
Call stack:
  File "/gpfs/home3/tsijpkens/TSPHardener/run.py", line 46, in <module>
    with Pool(processes=128) as pool:
  File "/sw/arch/RHEL8/EB_production/2023/software/Python/3.11.3-GCCcore-12.3.0/lib/python3.11/multiprocessing/context.py", line 119, in Pool
    return Pool(processes, initializer, initargs, maxtasksperchild,
  File "/sw/arch/RHEL8/EB_production/2023/software/Python/3.11.3-GCCcore-12.3.0/lib/python3.11/multiprocessing/pool.py", line 215, in __init__
    self._repopulate_pool()
  File "/sw/arch/RHEL8/EB_production/2023/software/Python/3.11.3-GCCcore-12.3.0/lib/python3.11/multiprocessing/pool.py", line 306, in _repopulate_pool
    return self._repopulate_pool_static(self._ctx, self.Process,
  File "/sw/arch/RHEL8/EB_production/2023/software/Python/3.11.3-GCCcore-12.3.0/lib/python3.11/multiprocessing/pool.py", line 329, in _repopulate_pool_static
    w.start()
  File "/sw/arch/RHEL8/EB_production/2023/software/Python/3.11.3-GCCcore-12.3.0/lib/python3.11/multiprocessing/process.py", line 121, in start
    self._popen = self._Popen(self)
  File "/sw/arch/RHEL8/EB_production/2023/software/Python/3.11.3-GCCcore-12.3.0/lib/python3.11/multiprocessing/context.py", line 281, in _Popen
    return Popen(process_obj)
  File "/sw/arch/RHEL8/EB_production/2023/software/Python/3.11.3-GCCcore-12.3.0/lib/python3.11/multiprocessing/popen_fork.py", line 19, in __init__
    self._launch(process_obj)
  File "/sw/arch/RHEL8/EB_production/2023/software/Python/3.11.3-GCCcore-12.3.0/lib/python3.11/multiprocessing/popen_fork.py", line 71, in _launch
    code = process_obj._bootstrap(parent_sentinel=child_r)
  File "/sw/arch/RHEL8/EB_production/2023/software/Python/3.11.3-GCCcore-12.3.0/lib/python3.11/multiprocessing/process.py", line 314, in _bootstrap
    self.run()
  File "/sw/arch/RHEL8/EB_production/2023/software/Python/3.11.3-GCCcore-12.3.0/lib/python3.11/multiprocessing/process.py", line 108, in run
    self._target(*self._args, **self._kwargs)
  File "/sw/arch/RHEL8/EB_production/2023/software/Python/3.11.3-GCCcore-12.3.0/lib/python3.11/multiprocessing/pool.py", line 125, in worker
    result = (True, func(*args, **kwds))
  File "/sw/arch/RHEL8/EB_production/2023/software/Python/3.11.3-GCCcore-12.3.0/lib/python3.11/multiprocessing/pool.py", line 48, in mapstar
    return list(map(*args))
  File "/gpfs/home3/tsijpkens/TSPHardener/run.py", line 38, in run_experiment
    logging.error(f"Error in {cmd}:", f"{e.stderr}")
Message: "Error in ['python3', '-m', 'main', '[30]', '[2.6]', '1000', '', '--tsp_type', 'euclidean', '--distribution', 'lognormal', '--mutation_strategy', 'wouter']:"
Arguments: ('',)
--- Logging error ---
Traceback (most recent call last):
  File "/gpfs/home3/tsijpkens/TSPHardener/run.py", line 33, in run_experiment
    result = subprocess.run(cmd, check=True, text=True, capture_output=True)
             ^^^^^^^^^^^^^^^^^^^^^^^^^^^^^^^^^^^^^^^^^^^^^^^^^^^^^^^^^^^^^^^
  File "/sw/arch/RHEL8/EB_production/2023/software/Python/3.11.3-GCCcore-12.3.0/lib/python3.11/subprocess.py", line 571, in run
    raise CalledProcessError(retcode, process.args,
subprocess.CalledProcessError: Command '['python3', '-m', 'main', '[30]', '[2.0]', '1000', '', '--tsp_type', 'euclidean', '--distribution', 'lognormal', '--mutation_strategy', 'scramble']' died with <Signals.SIGKILL: 9>.

During handling of the above exception, another exception occurred:

Traceback (most recent call last):
  File "/sw/arch/RHEL8/EB_production/2023/software/Python/3.11.3-GCCcore-12.3.0/lib/python3.11/logging/__init__.py", line 1110, in emit
    msg = self.format(record)
          ^^^^^^^^^^^^^^^^^^^
  File "/sw/arch/RHEL8/EB_production/2023/software/Python/3.11.3-GCCcore-12.3.0/lib/python3.11/logging/__init__.py", line 953, in format
    return fmt.format(record)
           ^^^^^^^^^^^^^^^^^^
  File "/sw/arch/RHEL8/EB_production/2023/software/Python/3.11.3-GCCcore-12.3.0/lib/python3.11/logging/__init__.py", line 687, in format
    record.message = record.getMessage()
                     ^^^^^^^^^^^^^^^^^^^
  File "/sw/arch/RHEL8/EB_production/2023/software/Python/3.11.3-GCCcore-12.3.0/lib/python3.11/logging/__init__.py", line 377, in getMessage
    msg = msg % self.args
          ~~~~^~~~~~~~~~~
TypeError: not all arguments converted during string formatting
Call stack:
  File "/gpfs/home3/tsijpkens/TSPHardener/run.py", line 46, in <module>
    with Pool(processes=128) as pool:
  File "/sw/arch/RHEL8/EB_production/2023/software/Python/3.11.3-GCCcore-12.3.0/lib/python3.11/multiprocessing/context.py", line 119, in Pool
    return Pool(processes, initializer, initargs, maxtasksperchild,
  File "/sw/arch/RHEL8/EB_production/2023/software/Python/3.11.3-GCCcore-12.3.0/lib/python3.11/multiprocessing/pool.py", line 215, in __init__
    self._repopulate_pool()
  File "/sw/arch/RHEL8/EB_production/2023/software/Python/3.11.3-GCCcore-12.3.0/lib/python3.11/multiprocessing/pool.py", line 306, in _repopulate_pool
    return self._repopulate_pool_static(self._ctx, self.Process,
  File "/sw/arch/RHEL8/EB_production/2023/software/Python/3.11.3-GCCcore-12.3.0/lib/python3.11/multiprocessing/pool.py", line 329, in _repopulate_pool_static
    w.start()
  File "/sw/arch/RHEL8/EB_production/2023/software/Python/3.11.3-GCCcore-12.3.0/lib/python3.11/multiprocessing/process.py", line 121, in start
    self._popen = self._Popen(self)
  File "/sw/arch/RHEL8/EB_production/2023/software/Python/3.11.3-GCCcore-12.3.0/lib/python3.11/multiprocessing/context.py", line 281, in _Popen
    return Popen(process_obj)
  File "/sw/arch/RHEL8/EB_production/2023/software/Python/3.11.3-GCCcore-12.3.0/lib/python3.11/multiprocessing/popen_fork.py", line 19, in __init__
    self._launch(process_obj)
  File "/sw/arch/RHEL8/EB_production/2023/software/Python/3.11.3-GCCcore-12.3.0/lib/python3.11/multiprocessing/popen_fork.py", line 71, in _launch
    code = process_obj._bootstrap(parent_sentinel=child_r)
  File "/sw/arch/RHEL8/EB_production/2023/software/Python/3.11.3-GCCcore-12.3.0/lib/python3.11/multiprocessing/process.py", line 314, in _bootstrap
    self.run()
  File "/sw/arch/RHEL8/EB_production/2023/software/Python/3.11.3-GCCcore-12.3.0/lib/python3.11/multiprocessing/process.py", line 108, in run
    self._target(*self._args, **self._kwargs)
  File "/sw/arch/RHEL8/EB_production/2023/software/Python/3.11.3-GCCcore-12.3.0/lib/python3.11/multiprocessing/pool.py", line 125, in worker
    result = (True, func(*args, **kwds))
  File "/sw/arch/RHEL8/EB_production/2023/software/Python/3.11.3-GCCcore-12.3.0/lib/python3.11/multiprocessing/pool.py", line 48, in mapstar
    return list(map(*args))
  File "/gpfs/home3/tsijpkens/TSPHardener/run.py", line 38, in run_experiment
    logging.error(f"Error in {cmd}:", f"{e.stderr}")
Message: "Error in ['python3', '-m', 'main', '[30]', '[2.0]', '1000', '', '--tsp_type', 'euclidean', '--distribution', 'lognormal', '--mutation_strategy', 'scramble']:"
Arguments: ('',)
--- Logging error ---
Traceback (most recent call last):
  File "/gpfs/home3/tsijpkens/TSPHardener/run.py", line 33, in run_experiment
    result = subprocess.run(cmd, check=True, text=True, capture_output=True)
             ^^^^^^^^^^^^^^^^^^^^^^^^^^^^^^^^^^^^^^^^^^^^^^^^^^^^^^^^^^^^^^^
  File "/sw/arch/RHEL8/EB_production/2023/software/Python/3.11.3-GCCcore-12.3.0/lib/python3.11/subprocess.py", line 571, in run
    raise CalledProcessError(retcode, process.args,
subprocess.CalledProcessError: Command '['python3', '-m', 'main', '[30]', '[3.4]', '1000', '', '--tsp_type', 'euclidean', '--distribution', 'lognormal', '--mutation_strategy', 'swap']' died with <Signals.SIGKILL: 9>.

During handling of the above exception, another exception occurred:

Traceback (most recent call last):
  File "/sw/arch/RHEL8/EB_production/2023/software/Python/3.11.3-GCCcore-12.3.0/lib/python3.11/logging/__init__.py", line 1110, in emit
    msg = self.format(record)
          ^^^^^^^^^^^^^^^^^^^
  File "/sw/arch/RHEL8/EB_production/2023/software/Python/3.11.3-GCCcore-12.3.0/lib/python3.11/logging/__init__.py", line 953, in format
    return fmt.format(record)
           ^^^^^^^^^^^^^^^^^^
  File "/sw/arch/RHEL8/EB_production/2023/software/Python/3.11.3-GCCcore-12.3.0/lib/python3.11/logging/__init__.py", line 687, in format
    record.message = record.getMessage()
                     ^^^^^^^^^^^^^^^^^^^
  File "/sw/arch/RHEL8/EB_production/2023/software/Python/3.11.3-GCCcore-12.3.0/lib/python3.11/logging/__init__.py", line 377, in getMessage
    msg = msg % self.args
          ~~~~^~~~~~~~~~~
TypeError: not all arguments converted during string formatting
Call stack:
  File "/gpfs/home3/tsijpkens/TSPHardener/run.py", line 46, in <module>
    with Pool(processes=128) as pool:
  File "/sw/arch/RHEL8/EB_production/2023/software/Python/3.11.3-GCCcore-12.3.0/lib/python3.11/multiprocessing/context.py", line 119, in Pool
    return Pool(processes, initializer, initargs, maxtasksperchild,
  File "/sw/arch/RHEL8/EB_production/2023/software/Python/3.11.3-GCCcore-12.3.0/lib/python3.11/multiprocessing/pool.py", line 215, in __init__
    self._repopulate_pool()
  File "/sw/arch/RHEL8/EB_production/2023/software/Python/3.11.3-GCCcore-12.3.0/lib/python3.11/multiprocessing/pool.py", line 306, in _repopulate_pool
    return self._repopulate_pool_static(self._ctx, self.Process,
  File "/sw/arch/RHEL8/EB_production/2023/software/Python/3.11.3-GCCcore-12.3.0/lib/python3.11/multiprocessing/pool.py", line 329, in _repopulate_pool_static
    w.start()
  File "/sw/arch/RHEL8/EB_production/2023/software/Python/3.11.3-GCCcore-12.3.0/lib/python3.11/multiprocessing/process.py", line 121, in start
    self._popen = self._Popen(self)
  File "/sw/arch/RHEL8/EB_production/2023/software/Python/3.11.3-GCCcore-12.3.0/lib/python3.11/multiprocessing/context.py", line 281, in _Popen
    return Popen(process_obj)
  File "/sw/arch/RHEL8/EB_production/2023/software/Python/3.11.3-GCCcore-12.3.0/lib/python3.11/multiprocessing/popen_fork.py", line 19, in __init__
    self._launch(process_obj)
  File "/sw/arch/RHEL8/EB_production/2023/software/Python/3.11.3-GCCcore-12.3.0/lib/python3.11/multiprocessing/popen_fork.py", line 71, in _launch
    code = process_obj._bootstrap(parent_sentinel=child_r)
  File "/sw/arch/RHEL8/EB_production/2023/software/Python/3.11.3-GCCcore-12.3.0/lib/python3.11/multiprocessing/process.py", line 314, in _bootstrap
    self.run()
  File "/sw/arch/RHEL8/EB_production/2023/software/Python/3.11.3-GCCcore-12.3.0/lib/python3.11/multiprocessing/process.py", line 108, in run
    self._target(*self._args, **self._kwargs)
  File "/sw/arch/RHEL8/EB_production/2023/software/Python/3.11.3-GCCcore-12.3.0/lib/python3.11/multiprocessing/pool.py", line 125, in worker
    result = (True, func(*args, **kwds))
  File "/sw/arch/RHEL8/EB_production/2023/software/Python/3.11.3-GCCcore-12.3.0/lib/python3.11/multiprocessing/pool.py", line 48, in mapstar
    return list(map(*args))
  File "/gpfs/home3/tsijpkens/TSPHardener/run.py", line 38, in run_experiment
    logging.error(f"Error in {cmd}:", f"{e.stderr}")
Message: "Error in ['python3', '-m', 'main', '[30]', '[3.4]', '1000', '', '--tsp_type', 'euclidean', '--distribution', 'lognormal', '--mutation_strategy', 'swap']:"
Arguments: ('',)
--- Logging error ---
Traceback (most recent call last):
  File "/gpfs/home3/tsijpkens/TSPHardener/run.py", line 33, in run_experiment
    result = subprocess.run(cmd, check=True, text=True, capture_output=True)
             ^^^^^^^^^^^^^^^^^^^^^^^^^^^^^^^^^^^^^^^^^^^^^^^^^^^^^^^^^^^^^^^
  File "/sw/arch/RHEL8/EB_production/2023/software/Python/3.11.3-GCCcore-12.3.0/lib/python3.11/subprocess.py", line 571, in run
    raise CalledProcessError(retcode, process.args,
subprocess.CalledProcessError: Command '['python3', '-m', 'main', '[30]', '[3.0]', '1000', '', '--tsp_type', 'euclidean', '--distribution', 'lognormal', '--mutation_strategy', 'swap']' died with <Signals.SIGKILL: 9>.

During handling of the above exception, another exception occurred:

Traceback (most recent call last):
  File "/sw/arch/RHEL8/EB_production/2023/software/Python/3.11.3-GCCcore-12.3.0/lib/python3.11/logging/__init__.py", line 1110, in emit
    msg = self.format(record)
          ^^^^^^^^^^^^^^^^^^^
  File "/sw/arch/RHEL8/EB_production/2023/software/Python/3.11.3-GCCcore-12.3.0/lib/python3.11/logging/__init__.py", line 953, in format
    return fmt.format(record)
           ^^^^^^^^^^^^^^^^^^
  File "/sw/arch/RHEL8/EB_production/2023/software/Python/3.11.3-GCCcore-12.3.0/lib/python3.11/logging/__init__.py", line 687, in format
    record.message = record.getMessage()
                     ^^^^^^^^^^^^^^^^^^^
  File "/sw/arch/RHEL8/EB_production/2023/software/Python/3.11.3-GCCcore-12.3.0/lib/python3.11/logging/__init__.py", line 377, in getMessage
    msg = msg % self.args
          ~~~~^~~~~~~~~~~
TypeError: not all arguments converted during string formatting
Call stack:
  File "/gpfs/home3/tsijpkens/TSPHardener/run.py", line 46, in <module>
    with Pool(processes=128) as pool:
  File "/sw/arch/RHEL8/EB_production/2023/software/Python/3.11.3-GCCcore-12.3.0/lib/python3.11/multiprocessing/context.py", line 119, in Pool
    return Pool(processes, initializer, initargs, maxtasksperchild,
  File "/sw/arch/RHEL8/EB_production/2023/software/Python/3.11.3-GCCcore-12.3.0/lib/python3.11/multiprocessing/pool.py", line 215, in __init__
    self._repopulate_pool()
  File "/sw/arch/RHEL8/EB_production/2023/software/Python/3.11.3-GCCcore-12.3.0/lib/python3.11/multiprocessing/pool.py", line 306, in _repopulate_pool
    return self._repopulate_pool_static(self._ctx, self.Process,
  File "/sw/arch/RHEL8/EB_production/2023/software/Python/3.11.3-GCCcore-12.3.0/lib/python3.11/multiprocessing/pool.py", line 329, in _repopulate_pool_static
    w.start()
  File "/sw/arch/RHEL8/EB_production/2023/software/Python/3.11.3-GCCcore-12.3.0/lib/python3.11/multiprocessing/process.py", line 121, in start
    self._popen = self._Popen(self)
  File "/sw/arch/RHEL8/EB_production/2023/software/Python/3.11.3-GCCcore-12.3.0/lib/python3.11/multiprocessing/context.py", line 281, in _Popen
    return Popen(process_obj)
  File "/sw/arch/RHEL8/EB_production/2023/software/Python/3.11.3-GCCcore-12.3.0/lib/python3.11/multiprocessing/popen_fork.py", line 19, in __init__
    self._launch(process_obj)
  File "/sw/arch/RHEL8/EB_production/2023/software/Python/3.11.3-GCCcore-12.3.0/lib/python3.11/multiprocessing/popen_fork.py", line 71, in _launch
    code = process_obj._bootstrap(parent_sentinel=child_r)
  File "/sw/arch/RHEL8/EB_production/2023/software/Python/3.11.3-GCCcore-12.3.0/lib/python3.11/multiprocessing/process.py", line 314, in _bootstrap
    self.run()
  File "/sw/arch/RHEL8/EB_production/2023/software/Python/3.11.3-GCCcore-12.3.0/lib/python3.11/multiprocessing/process.py", line 108, in run
    self._target(*self._args, **self._kwargs)
  File "/sw/arch/RHEL8/EB_production/2023/software/Python/3.11.3-GCCcore-12.3.0/lib/python3.11/multiprocessing/pool.py", line 125, in worker
    result = (True, func(*args, **kwds))
  File "/sw/arch/RHEL8/EB_production/2023/software/Python/3.11.3-GCCcore-12.3.0/lib/python3.11/multiprocessing/pool.py", line 48, in mapstar
    return list(map(*args))
  File "/gpfs/home3/tsijpkens/TSPHardener/run.py", line 38, in run_experiment
    logging.error(f"Error in {cmd}:", f"{e.stderr}")
Message: "Error in ['python3', '-m', 'main', '[30]', '[3.0]', '1000', '', '--tsp_type', 'euclidean', '--distribution', 'lognormal', '--mutation_strategy', 'swap']:"
Arguments: ('',)
--- Logging error ---
Traceback (most recent call last):
  File "/gpfs/home3/tsijpkens/TSPHardener/run.py", line 33, in run_experiment
    result = subprocess.run(cmd, check=True, text=True, capture_output=True)
             ^^^^^^^^^^^^^^^^^^^^^^^^^^^^^^^^^^^^^^^^^^^^^^^^^^^^^^^^^^^^^^^
  File "/sw/arch/RHEL8/EB_production/2023/software/Python/3.11.3-GCCcore-12.3.0/lib/python3.11/subprocess.py", line 571, in run
    raise CalledProcessError(retcode, process.args,
subprocess.CalledProcessError: Command '['python3', '-m', 'main', '[30]', '[1.8]', '1000', '', '--tsp_type', 'euclidean', '--distribution', 'lognormal', '--mutation_strategy', 'scramble']' died with <Signals.SIGKILL: 9>.

During handling of the above exception, another exception occurred:

Traceback (most recent call last):
  File "/sw/arch/RHEL8/EB_production/2023/software/Python/3.11.3-GCCcore-12.3.0/lib/python3.11/logging/__init__.py", line 1110, in emit
    msg = self.format(record)
          ^^^^^^^^^^^^^^^^^^^
  File "/sw/arch/RHEL8/EB_production/2023/software/Python/3.11.3-GCCcore-12.3.0/lib/python3.11/logging/__init__.py", line 953, in format
    return fmt.format(record)
           ^^^^^^^^^^^^^^^^^^
  File "/sw/arch/RHEL8/EB_production/2023/software/Python/3.11.3-GCCcore-12.3.0/lib/python3.11/logging/__init__.py", line 687, in format
    record.message = record.getMessage()
                     ^^^^^^^^^^^^^^^^^^^
  File "/sw/arch/RHEL8/EB_production/2023/software/Python/3.11.3-GCCcore-12.3.0/lib/python3.11/logging/__init__.py", line 377, in getMessage
    msg = msg % self.args
          ~~~~^~~~~~~~~~~
TypeError: not all arguments converted during string formatting
Call stack:
  File "/gpfs/home3/tsijpkens/TSPHardener/run.py", line 46, in <module>
    with Pool(processes=128) as pool:
  File "/sw/arch/RHEL8/EB_production/2023/software/Python/3.11.3-GCCcore-12.3.0/lib/python3.11/multiprocessing/context.py", line 119, in Pool
    return Pool(processes, initializer, initargs, maxtasksperchild,
  File "/sw/arch/RHEL8/EB_production/2023/software/Python/3.11.3-GCCcore-12.3.0/lib/python3.11/multiprocessing/pool.py", line 215, in __init__
    self._repopulate_pool()
  File "/sw/arch/RHEL8/EB_production/2023/software/Python/3.11.3-GCCcore-12.3.0/lib/python3.11/multiprocessing/pool.py", line 306, in _repopulate_pool
    return self._repopulate_pool_static(self._ctx, self.Process,
  File "/sw/arch/RHEL8/EB_production/2023/software/Python/3.11.3-GCCcore-12.3.0/lib/python3.11/multiprocessing/pool.py", line 329, in _repopulate_pool_static
    w.start()
  File "/sw/arch/RHEL8/EB_production/2023/software/Python/3.11.3-GCCcore-12.3.0/lib/python3.11/multiprocessing/process.py", line 121, in start
    self._popen = self._Popen(self)
  File "/sw/arch/RHEL8/EB_production/2023/software/Python/3.11.3-GCCcore-12.3.0/lib/python3.11/multiprocessing/context.py", line 281, in _Popen
    return Popen(process_obj)
  File "/sw/arch/RHEL8/EB_production/2023/software/Python/3.11.3-GCCcore-12.3.0/lib/python3.11/multiprocessing/popen_fork.py", line 19, in __init__
    self._launch(process_obj)
  File "/sw/arch/RHEL8/EB_production/2023/software/Python/3.11.3-GCCcore-12.3.0/lib/python3.11/multiprocessing/popen_fork.py", line 71, in _launch
    code = process_obj._bootstrap(parent_sentinel=child_r)
  File "/sw/arch/RHEL8/EB_production/2023/software/Python/3.11.3-GCCcore-12.3.0/lib/python3.11/multiprocessing/process.py", line 314, in _bootstrap
    self.run()
  File "/sw/arch/RHEL8/EB_production/2023/software/Python/3.11.3-GCCcore-12.3.0/lib/python3.11/multiprocessing/process.py", line 108, in run
    self._target(*self._args, **self._kwargs)
  File "/sw/arch/RHEL8/EB_production/2023/software/Python/3.11.3-GCCcore-12.3.0/lib/python3.11/multiprocessing/pool.py", line 125, in worker
    result = (True, func(*args, **kwds))
  File "/sw/arch/RHEL8/EB_production/2023/software/Python/3.11.3-GCCcore-12.3.0/lib/python3.11/multiprocessing/pool.py", line 48, in mapstar
    return list(map(*args))
  File "/gpfs/home3/tsijpkens/TSPHardener/run.py", line 38, in run_experiment
    logging.error(f"Error in {cmd}:", f"{e.stderr}")
Message: "Error in ['python3', '-m', 'main', '[30]', '[1.8]', '1000', '', '--tsp_type', 'euclidean', '--distribution', 'lognormal', '--mutation_strategy', 'scramble']:"
Arguments: ('',)
--- Logging error ---
Traceback (most recent call last):
  File "/gpfs/home3/tsijpkens/TSPHardener/run.py", line 33, in run_experiment
    result = subprocess.run(cmd, check=True, text=True, capture_output=True)
             ^^^^^^^^^^^^^^^^^^^^^^^^^^^^^^^^^^^^^^^^^^^^^^^^^^^^^^^^^^^^^^^
  File "/sw/arch/RHEL8/EB_production/2023/software/Python/3.11.3-GCCcore-12.3.0/lib/python3.11/subprocess.py", line 571, in run
    raise CalledProcessError(retcode, process.args,
subprocess.CalledProcessError: Command '['python3', '-m', 'main', '[30]', '[4.4]', '1000', '', '--tsp_type', 'euclidean', '--distribution', 'lognormal', '--mutation_strategy', 'scramble']' died with <Signals.SIGKILL: 9>.

During handling of the above exception, another exception occurred:

Traceback (most recent call last):
  File "/sw/arch/RHEL8/EB_production/2023/software/Python/3.11.3-GCCcore-12.3.0/lib/python3.11/logging/__init__.py", line 1110, in emit
    msg = self.format(record)
          ^^^^^^^^^^^^^^^^^^^
  File "/sw/arch/RHEL8/EB_production/2023/software/Python/3.11.3-GCCcore-12.3.0/lib/python3.11/logging/__init__.py", line 953, in format
    return fmt.format(record)
           ^^^^^^^^^^^^^^^^^^
  File "/sw/arch/RHEL8/EB_production/2023/software/Python/3.11.3-GCCcore-12.3.0/lib/python3.11/logging/__init__.py", line 687, in format
    record.message = record.getMessage()
                     ^^^^^^^^^^^^^^^^^^^
  File "/sw/arch/RHEL8/EB_production/2023/software/Python/3.11.3-GCCcore-12.3.0/lib/python3.11/logging/__init__.py", line 377, in getMessage
    msg = msg % self.args
          ~~~~^~~~~~~~~~~
TypeError: not all arguments converted during string formatting
Call stack:
  File "/gpfs/home3/tsijpkens/TSPHardener/run.py", line 46, in <module>
    with Pool(processes=128) as pool:
  File "/sw/arch/RHEL8/EB_production/2023/software/Python/3.11.3-GCCcore-12.3.0/lib/python3.11/multiprocessing/context.py", line 119, in Pool
    return Pool(processes, initializer, initargs, maxtasksperchild,
  File "/sw/arch/RHEL8/EB_production/2023/software/Python/3.11.3-GCCcore-12.3.0/lib/python3.11/multiprocessing/pool.py", line 215, in __init__
    self._repopulate_pool()
  File "/sw/arch/RHEL8/EB_production/2023/software/Python/3.11.3-GCCcore-12.3.0/lib/python3.11/multiprocessing/pool.py", line 306, in _repopulate_pool
    return self._repopulate_pool_static(self._ctx, self.Process,
  File "/sw/arch/RHEL8/EB_production/2023/software/Python/3.11.3-GCCcore-12.3.0/lib/python3.11/multiprocessing/pool.py", line 329, in _repopulate_pool_static
    w.start()
  File "/sw/arch/RHEL8/EB_production/2023/software/Python/3.11.3-GCCcore-12.3.0/lib/python3.11/multiprocessing/process.py", line 121, in start
    self._popen = self._Popen(self)
  File "/sw/arch/RHEL8/EB_production/2023/software/Python/3.11.3-GCCcore-12.3.0/lib/python3.11/multiprocessing/context.py", line 281, in _Popen
    return Popen(process_obj)
  File "/sw/arch/RHEL8/EB_production/2023/software/Python/3.11.3-GCCcore-12.3.0/lib/python3.11/multiprocessing/popen_fork.py", line 19, in __init__
    self._launch(process_obj)
  File "/sw/arch/RHEL8/EB_production/2023/software/Python/3.11.3-GCCcore-12.3.0/lib/python3.11/multiprocessing/popen_fork.py", line 71, in _launch
    code = process_obj._bootstrap(parent_sentinel=child_r)
  File "/sw/arch/RHEL8/EB_production/2023/software/Python/3.11.3-GCCcore-12.3.0/lib/python3.11/multiprocessing/process.py", line 314, in _bootstrap
    self.run()
  File "/sw/arch/RHEL8/EB_production/2023/software/Python/3.11.3-GCCcore-12.3.0/lib/python3.11/multiprocessing/process.py", line 108, in run
    self._target(*self._args, **self._kwargs)
  File "/sw/arch/RHEL8/EB_production/2023/software/Python/3.11.3-GCCcore-12.3.0/lib/python3.11/multiprocessing/pool.py", line 125, in worker
    result = (True, func(*args, **kwds))
  File "/sw/arch/RHEL8/EB_production/2023/software/Python/3.11.3-GCCcore-12.3.0/lib/python3.11/multiprocessing/pool.py", line 48, in mapstar
    return list(map(*args))
  File "/gpfs/home3/tsijpkens/TSPHardener/run.py", line 38, in run_experiment
    logging.error(f"Error in {cmd}:", f"{e.stderr}")
Message: "Error in ['python3', '-m', 'main', '[30]', '[4.4]', '1000', '', '--tsp_type', 'euclidean', '--distribution', 'lognormal', '--mutation_strategy', 'scramble']:"
Arguments: ('',)
--- Logging error ---
Traceback (most recent call last):
  File "/gpfs/home3/tsijpkens/TSPHardener/run.py", line 33, in run_experiment
    result = subprocess.run(cmd, check=True, text=True, capture_output=True)
             ^^^^^^^^^^^^^^^^^^^^^^^^^^^^^^^^^^^^^^^^^^^^^^^^^^^^^^^^^^^^^^^
  File "/sw/arch/RHEL8/EB_production/2023/software/Python/3.11.3-GCCcore-12.3.0/lib/python3.11/subprocess.py", line 571, in run
    raise CalledProcessError(retcode, process.args,
subprocess.CalledProcessError: Command '['python3', '-m', 'main', '[30]', '[15]', '1000', '', '--tsp_type', 'euclidean', '--distribution', 'uniform', '--mutation_strategy', 'scramble']' died with <Signals.SIGKILL: 9>.

During handling of the above exception, another exception occurred:

Traceback (most recent call last):
  File "/sw/arch/RHEL8/EB_production/2023/software/Python/3.11.3-GCCcore-12.3.0/lib/python3.11/logging/__init__.py", line 1110, in emit
    msg = self.format(record)
          ^^^^^^^^^^^^^^^^^^^
  File "/sw/arch/RHEL8/EB_production/2023/software/Python/3.11.3-GCCcore-12.3.0/lib/python3.11/logging/__init__.py", line 953, in format
    return fmt.format(record)
           ^^^^^^^^^^^^^^^^^^
  File "/sw/arch/RHEL8/EB_production/2023/software/Python/3.11.3-GCCcore-12.3.0/lib/python3.11/logging/__init__.py", line 687, in format
    record.message = record.getMessage()
                     ^^^^^^^^^^^^^^^^^^^
  File "/sw/arch/RHEL8/EB_production/2023/software/Python/3.11.3-GCCcore-12.3.0/lib/python3.11/logging/__init__.py", line 377, in getMessage
    msg = msg % self.args
          ~~~~^~~~~~~~~~~
TypeError: not all arguments converted during string formatting
Call stack:
  File "/gpfs/home3/tsijpkens/TSPHardener/run.py", line 46, in <module>
    with Pool(processes=128) as pool:
  File "/sw/arch/RHEL8/EB_production/2023/software/Python/3.11.3-GCCcore-12.3.0/lib/python3.11/multiprocessing/context.py", line 119, in Pool
    return Pool(processes, initializer, initargs, maxtasksperchild,
  File "/sw/arch/RHEL8/EB_production/2023/software/Python/3.11.3-GCCcore-12.3.0/lib/python3.11/multiprocessing/pool.py", line 215, in __init__
    self._repopulate_pool()
  File "/sw/arch/RHEL8/EB_production/2023/software/Python/3.11.3-GCCcore-12.3.0/lib/python3.11/multiprocessing/pool.py", line 306, in _repopulate_pool
    return self._repopulate_pool_static(self._ctx, self.Process,
  File "/sw/arch/RHEL8/EB_production/2023/software/Python/3.11.3-GCCcore-12.3.0/lib/python3.11/multiprocessing/pool.py", line 329, in _repopulate_pool_static
    w.start()
  File "/sw/arch/RHEL8/EB_production/2023/software/Python/3.11.3-GCCcore-12.3.0/lib/python3.11/multiprocessing/process.py", line 121, in start
    self._popen = self._Popen(self)
  File "/sw/arch/RHEL8/EB_production/2023/software/Python/3.11.3-GCCcore-12.3.0/lib/python3.11/multiprocessing/context.py", line 281, in _Popen
    return Popen(process_obj)
  File "/sw/arch/RHEL8/EB_production/2023/software/Python/3.11.3-GCCcore-12.3.0/lib/python3.11/multiprocessing/popen_fork.py", line 19, in __init__
    self._launch(process_obj)
  File "/sw/arch/RHEL8/EB_production/2023/software/Python/3.11.3-GCCcore-12.3.0/lib/python3.11/multiprocessing/popen_fork.py", line 71, in _launch
    code = process_obj._bootstrap(parent_sentinel=child_r)
  File "/sw/arch/RHEL8/EB_production/2023/software/Python/3.11.3-GCCcore-12.3.0/lib/python3.11/multiprocessing/process.py", line 314, in _bootstrap
    self.run()
  File "/sw/arch/RHEL8/EB_production/2023/software/Python/3.11.3-GCCcore-12.3.0/lib/python3.11/multiprocessing/process.py", line 108, in run
    self._target(*self._args, **self._kwargs)
  File "/sw/arch/RHEL8/EB_production/2023/software/Python/3.11.3-GCCcore-12.3.0/lib/python3.11/multiprocessing/pool.py", line 125, in worker
    result = (True, func(*args, **kwds))
  File "/sw/arch/RHEL8/EB_production/2023/software/Python/3.11.3-GCCcore-12.3.0/lib/python3.11/multiprocessing/pool.py", line 48, in mapstar
    return list(map(*args))
  File "/gpfs/home3/tsijpkens/TSPHardener/run.py", line 38, in run_experiment
    logging.error(f"Error in {cmd}:", f"{e.stderr}")
Message: "Error in ['python3', '-m', 'main', '[30]', '[15]', '1000', '', '--tsp_type', 'euclidean', '--distribution', 'uniform', '--mutation_strategy', 'scramble']:"
Arguments: ('',)
--- Logging error ---
Traceback (most recent call last):
  File "/gpfs/home3/tsijpkens/TSPHardener/run.py", line 33, in run_experiment
    result = subprocess.run(cmd, check=True, text=True, capture_output=True)
             ^^^^^^^^^^^^^^^^^^^^^^^^^^^^^^^^^^^^^^^^^^^^^^^^^^^^^^^^^^^^^^^
  File "/sw/arch/RHEL8/EB_production/2023/software/Python/3.11.3-GCCcore-12.3.0/lib/python3.11/subprocess.py", line 571, in run
    raise CalledProcessError(retcode, process.args,
subprocess.CalledProcessError: Command '['python3', '-m', 'main', '[30]', '[1.6]', '1000', '', '--tsp_type', 'euclidean', '--distribution', 'lognormal', '--mutation_strategy', 'swap']' died with <Signals.SIGKILL: 9>.

During handling of the above exception, another exception occurred:

Traceback (most recent call last):
  File "/sw/arch/RHEL8/EB_production/2023/software/Python/3.11.3-GCCcore-12.3.0/lib/python3.11/logging/__init__.py", line 1110, in emit
    msg = self.format(record)
          ^^^^^^^^^^^^^^^^^^^
  File "/sw/arch/RHEL8/EB_production/2023/software/Python/3.11.3-GCCcore-12.3.0/lib/python3.11/logging/__init__.py", line 953, in format
    return fmt.format(record)
           ^^^^^^^^^^^^^^^^^^
  File "/sw/arch/RHEL8/EB_production/2023/software/Python/3.11.3-GCCcore-12.3.0/lib/python3.11/logging/__init__.py", line 687, in format
    record.message = record.getMessage()
                     ^^^^^^^^^^^^^^^^^^^
  File "/sw/arch/RHEL8/EB_production/2023/software/Python/3.11.3-GCCcore-12.3.0/lib/python3.11/logging/__init__.py", line 377, in getMessage
    msg = msg % self.args
          ~~~~^~~~~~~~~~~
TypeError: not all arguments converted during string formatting
Call stack:
  File "/gpfs/home3/tsijpkens/TSPHardener/run.py", line 46, in <module>
    with Pool(processes=128) as pool:
  File "/sw/arch/RHEL8/EB_production/2023/software/Python/3.11.3-GCCcore-12.3.0/lib/python3.11/multiprocessing/context.py", line 119, in Pool
    return Pool(processes, initializer, initargs, maxtasksperchild,
  File "/sw/arch/RHEL8/EB_production/2023/software/Python/3.11.3-GCCcore-12.3.0/lib/python3.11/multiprocessing/pool.py", line 215, in __init__
    self._repopulate_pool()
  File "/sw/arch/RHEL8/EB_production/2023/software/Python/3.11.3-GCCcore-12.3.0/lib/python3.11/multiprocessing/pool.py", line 306, in _repopulate_pool
    return self._repopulate_pool_static(self._ctx, self.Process,
  File "/sw/arch/RHEL8/EB_production/2023/software/Python/3.11.3-GCCcore-12.3.0/lib/python3.11/multiprocessing/pool.py", line 329, in _repopulate_pool_static
    w.start()
  File "/sw/arch/RHEL8/EB_production/2023/software/Python/3.11.3-GCCcore-12.3.0/lib/python3.11/multiprocessing/process.py", line 121, in start
    self._popen = self._Popen(self)
  File "/sw/arch/RHEL8/EB_production/2023/software/Python/3.11.3-GCCcore-12.3.0/lib/python3.11/multiprocessing/context.py", line 281, in _Popen
    return Popen(process_obj)
  File "/sw/arch/RHEL8/EB_production/2023/software/Python/3.11.3-GCCcore-12.3.0/lib/python3.11/multiprocessing/popen_fork.py", line 19, in __init__
    self._launch(process_obj)
  File "/sw/arch/RHEL8/EB_production/2023/software/Python/3.11.3-GCCcore-12.3.0/lib/python3.11/multiprocessing/popen_fork.py", line 71, in _launch
    code = process_obj._bootstrap(parent_sentinel=child_r)
  File "/sw/arch/RHEL8/EB_production/2023/software/Python/3.11.3-GCCcore-12.3.0/lib/python3.11/multiprocessing/process.py", line 314, in _bootstrap
    self.run()
  File "/sw/arch/RHEL8/EB_production/2023/software/Python/3.11.3-GCCcore-12.3.0/lib/python3.11/multiprocessing/process.py", line 108, in run
    self._target(*self._args, **self._kwargs)
  File "/sw/arch/RHEL8/EB_production/2023/software/Python/3.11.3-GCCcore-12.3.0/lib/python3.11/multiprocessing/pool.py", line 125, in worker
    result = (True, func(*args, **kwds))
  File "/sw/arch/RHEL8/EB_production/2023/software/Python/3.11.3-GCCcore-12.3.0/lib/python3.11/multiprocessing/pool.py", line 48, in mapstar
    return list(map(*args))
  File "/gpfs/home3/tsijpkens/TSPHardener/run.py", line 38, in run_experiment
    logging.error(f"Error in {cmd}:", f"{e.stderr}")
Message: "Error in ['python3', '-m', 'main', '[30]', '[1.6]', '1000', '', '--tsp_type', 'euclidean', '--distribution', 'lognormal', '--mutation_strategy', 'swap']:"
Arguments: ('',)
--- Logging error ---
Traceback (most recent call last):
  File "/gpfs/home3/tsijpkens/TSPHardener/run.py", line 33, in run_experiment
    result = subprocess.run(cmd, check=True, text=True, capture_output=True)
             ^^^^^^^^^^^^^^^^^^^^^^^^^^^^^^^^^^^^^^^^^^^^^^^^^^^^^^^^^^^^^^^
  File "/sw/arch/RHEL8/EB_production/2023/software/Python/3.11.3-GCCcore-12.3.0/lib/python3.11/subprocess.py", line 571, in run
    raise CalledProcessError(retcode, process.args,
subprocess.CalledProcessError: Command '['python3', '-m', 'main', '[30]', '[2.6]', '1000', '', '--tsp_type', 'euclidean', '--distribution', 'lognormal', '--mutation_strategy', 'scramble']' died with <Signals.SIGKILL: 9>.

During handling of the above exception, another exception occurred:

Traceback (most recent call last):
  File "/sw/arch/RHEL8/EB_production/2023/software/Python/3.11.3-GCCcore-12.3.0/lib/python3.11/logging/__init__.py", line 1110, in emit
    msg = self.format(record)
          ^^^^^^^^^^^^^^^^^^^
  File "/sw/arch/RHEL8/EB_production/2023/software/Python/3.11.3-GCCcore-12.3.0/lib/python3.11/logging/__init__.py", line 953, in format
    return fmt.format(record)
           ^^^^^^^^^^^^^^^^^^
  File "/sw/arch/RHEL8/EB_production/2023/software/Python/3.11.3-GCCcore-12.3.0/lib/python3.11/logging/__init__.py", line 687, in format
    record.message = record.getMessage()
                     ^^^^^^^^^^^^^^^^^^^
  File "/sw/arch/RHEL8/EB_production/2023/software/Python/3.11.3-GCCcore-12.3.0/lib/python3.11/logging/__init__.py", line 377, in getMessage
    msg = msg % self.args
          ~~~~^~~~~~~~~~~
TypeError: not all arguments converted during string formatting
Call stack:
  File "/gpfs/home3/tsijpkens/TSPHardener/run.py", line 46, in <module>
    with Pool(processes=128) as pool:
  File "/sw/arch/RHEL8/EB_production/2023/software/Python/3.11.3-GCCcore-12.3.0/lib/python3.11/multiprocessing/context.py", line 119, in Pool
    return Pool(processes, initializer, initargs, maxtasksperchild,
  File "/sw/arch/RHEL8/EB_production/2023/software/Python/3.11.3-GCCcore-12.3.0/lib/python3.11/multiprocessing/pool.py", line 215, in __init__
    self._repopulate_pool()
  File "/sw/arch/RHEL8/EB_production/2023/software/Python/3.11.3-GCCcore-12.3.0/lib/python3.11/multiprocessing/pool.py", line 306, in _repopulate_pool
    return self._repopulate_pool_static(self._ctx, self.Process,
  File "/sw/arch/RHEL8/EB_production/2023/software/Python/3.11.3-GCCcore-12.3.0/lib/python3.11/multiprocessing/pool.py", line 329, in _repopulate_pool_static
    w.start()
  File "/sw/arch/RHEL8/EB_production/2023/software/Python/3.11.3-GCCcore-12.3.0/lib/python3.11/multiprocessing/process.py", line 121, in start
    self._popen = self._Popen(self)
  File "/sw/arch/RHEL8/EB_production/2023/software/Python/3.11.3-GCCcore-12.3.0/lib/python3.11/multiprocessing/context.py", line 281, in _Popen
    return Popen(process_obj)
  File "/sw/arch/RHEL8/EB_production/2023/software/Python/3.11.3-GCCcore-12.3.0/lib/python3.11/multiprocessing/popen_fork.py", line 19, in __init__
    self._launch(process_obj)
  File "/sw/arch/RHEL8/EB_production/2023/software/Python/3.11.3-GCCcore-12.3.0/lib/python3.11/multiprocessing/popen_fork.py", line 71, in _launch
    code = process_obj._bootstrap(parent_sentinel=child_r)
  File "/sw/arch/RHEL8/EB_production/2023/software/Python/3.11.3-GCCcore-12.3.0/lib/python3.11/multiprocessing/process.py", line 314, in _bootstrap
    self.run()
  File "/sw/arch/RHEL8/EB_production/2023/software/Python/3.11.3-GCCcore-12.3.0/lib/python3.11/multiprocessing/process.py", line 108, in run
    self._target(*self._args, **self._kwargs)
  File "/sw/arch/RHEL8/EB_production/2023/software/Python/3.11.3-GCCcore-12.3.0/lib/python3.11/multiprocessing/pool.py", line 125, in worker
    result = (True, func(*args, **kwds))
  File "/sw/arch/RHEL8/EB_production/2023/software/Python/3.11.3-GCCcore-12.3.0/lib/python3.11/multiprocessing/pool.py", line 48, in mapstar
    return list(map(*args))
  File "/gpfs/home3/tsijpkens/TSPHardener/run.py", line 38, in run_experiment
    logging.error(f"Error in {cmd}:", f"{e.stderr}")
Message: "Error in ['python3', '-m', 'main', '[30]', '[2.6]', '1000', '', '--tsp_type', 'euclidean', '--distribution', 'lognormal', '--mutation_strategy', 'scramble']:"
Arguments: ('',)
--- Logging error ---
Traceback (most recent call last):
  File "/gpfs/home3/tsijpkens/TSPHardener/run.py", line 33, in run_experiment
    result = subprocess.run(cmd, check=True, text=True, capture_output=True)
             ^^^^^^^^^^^^^^^^^^^^^^^^^^^^^^^^^^^^^^^^^^^^^^^^^^^^^^^^^^^^^^^
  File "/sw/arch/RHEL8/EB_production/2023/software/Python/3.11.3-GCCcore-12.3.0/lib/python3.11/subprocess.py", line 571, in run
    raise CalledProcessError(retcode, process.args,
subprocess.CalledProcessError: Command '['python3', '-m', 'main', '[30]', '[3.8]', '1000', '', '--tsp_type', 'euclidean', '--distribution', 'lognormal', '--mutation_strategy', 'scramble']' died with <Signals.SIGKILL: 9>.

During handling of the above exception, another exception occurred:

Traceback (most recent call last):
  File "/sw/arch/RHEL8/EB_production/2023/software/Python/3.11.3-GCCcore-12.3.0/lib/python3.11/logging/__init__.py", line 1110, in emit
    msg = self.format(record)
          ^^^^^^^^^^^^^^^^^^^
  File "/sw/arch/RHEL8/EB_production/2023/software/Python/3.11.3-GCCcore-12.3.0/lib/python3.11/logging/__init__.py", line 953, in format
    return fmt.format(record)
           ^^^^^^^^^^^^^^^^^^
  File "/sw/arch/RHEL8/EB_production/2023/software/Python/3.11.3-GCCcore-12.3.0/lib/python3.11/logging/__init__.py", line 687, in format
    record.message = record.getMessage()
                     ^^^^^^^^^^^^^^^^^^^
  File "/sw/arch/RHEL8/EB_production/2023/software/Python/3.11.3-GCCcore-12.3.0/lib/python3.11/logging/__init__.py", line 377, in getMessage
    msg = msg % self.args
          ~~~~^~~~~~~~~~~
TypeError: not all arguments converted during string formatting
Call stack:
  File "/gpfs/home3/tsijpkens/TSPHardener/run.py", line 46, in <module>
    with Pool(processes=128) as pool:
  File "/sw/arch/RHEL8/EB_production/2023/software/Python/3.11.3-GCCcore-12.3.0/lib/python3.11/multiprocessing/context.py", line 119, in Pool
    return Pool(processes, initializer, initargs, maxtasksperchild,
  File "/sw/arch/RHEL8/EB_production/2023/software/Python/3.11.3-GCCcore-12.3.0/lib/python3.11/multiprocessing/pool.py", line 215, in __init__
    self._repopulate_pool()
  File "/sw/arch/RHEL8/EB_production/2023/software/Python/3.11.3-GCCcore-12.3.0/lib/python3.11/multiprocessing/pool.py", line 306, in _repopulate_pool
    return self._repopulate_pool_static(self._ctx, self.Process,
  File "/sw/arch/RHEL8/EB_production/2023/software/Python/3.11.3-GCCcore-12.3.0/lib/python3.11/multiprocessing/pool.py", line 329, in _repopulate_pool_static
    w.start()
  File "/sw/arch/RHEL8/EB_production/2023/software/Python/3.11.3-GCCcore-12.3.0/lib/python3.11/multiprocessing/process.py", line 121, in start
    self._popen = self._Popen(self)
  File "/sw/arch/RHEL8/EB_production/2023/software/Python/3.11.3-GCCcore-12.3.0/lib/python3.11/multiprocessing/context.py", line 281, in _Popen
    return Popen(process_obj)
  File "/sw/arch/RHEL8/EB_production/2023/software/Python/3.11.3-GCCcore-12.3.0/lib/python3.11/multiprocessing/popen_fork.py", line 19, in __init__
    self._launch(process_obj)
  File "/sw/arch/RHEL8/EB_production/2023/software/Python/3.11.3-GCCcore-12.3.0/lib/python3.11/multiprocessing/popen_fork.py", line 71, in _launch
    code = process_obj._bootstrap(parent_sentinel=child_r)
  File "/sw/arch/RHEL8/EB_production/2023/software/Python/3.11.3-GCCcore-12.3.0/lib/python3.11/multiprocessing/process.py", line 314, in _bootstrap
    self.run()
  File "/sw/arch/RHEL8/EB_production/2023/software/Python/3.11.3-GCCcore-12.3.0/lib/python3.11/multiprocessing/process.py", line 108, in run
    self._target(*self._args, **self._kwargs)
  File "/sw/arch/RHEL8/EB_production/2023/software/Python/3.11.3-GCCcore-12.3.0/lib/python3.11/multiprocessing/pool.py", line 125, in worker
    result = (True, func(*args, **kwds))
  File "/sw/arch/RHEL8/EB_production/2023/software/Python/3.11.3-GCCcore-12.3.0/lib/python3.11/multiprocessing/pool.py", line 48, in mapstar
    return list(map(*args))
  File "/gpfs/home3/tsijpkens/TSPHardener/run.py", line 38, in run_experiment
    logging.error(f"Error in {cmd}:", f"{e.stderr}")
Message: "Error in ['python3', '-m', 'main', '[30]', '[3.8]', '1000', '', '--tsp_type', 'euclidean', '--distribution', 'lognormal', '--mutation_strategy', 'scramble']:"
Arguments: ('',)
--- Logging error ---
Traceback (most recent call last):
  File "/gpfs/home3/tsijpkens/TSPHardener/run.py", line 33, in run_experiment
    result = subprocess.run(cmd, check=True, text=True, capture_output=True)
             ^^^^^^^^^^^^^^^^^^^^^^^^^^^^^^^^^^^^^^^^^^^^^^^^^^^^^^^^^^^^^^^
  File "/sw/arch/RHEL8/EB_production/2023/software/Python/3.11.3-GCCcore-12.3.0/lib/python3.11/subprocess.py", line 571, in run
    raise CalledProcessError(retcode, process.args,
subprocess.CalledProcessError: Command '['python3', '-m', 'main', '[30]', '[2.4]', '1000', '', '--tsp_type', 'euclidean', '--distribution', 'lognormal', '--mutation_strategy', 'wouter']' died with <Signals.SIGKILL: 9>.

During handling of the above exception, another exception occurred:

Traceback (most recent call last):
  File "/sw/arch/RHEL8/EB_production/2023/software/Python/3.11.3-GCCcore-12.3.0/lib/python3.11/logging/__init__.py", line 1110, in emit
    msg = self.format(record)
          ^^^^^^^^^^^^^^^^^^^
  File "/sw/arch/RHEL8/EB_production/2023/software/Python/3.11.3-GCCcore-12.3.0/lib/python3.11/logging/__init__.py", line 953, in format
    return fmt.format(record)
           ^^^^^^^^^^^^^^^^^^
  File "/sw/arch/RHEL8/EB_production/2023/software/Python/3.11.3-GCCcore-12.3.0/lib/python3.11/logging/__init__.py", line 687, in format
    record.message = record.getMessage()
                     ^^^^^^^^^^^^^^^^^^^
  File "/sw/arch/RHEL8/EB_production/2023/software/Python/3.11.3-GCCcore-12.3.0/lib/python3.11/logging/__init__.py", line 377, in getMessage
    msg = msg % self.args
          ~~~~^~~~~~~~~~~
TypeError: not all arguments converted during string formatting
Call stack:
  File "/gpfs/home3/tsijpkens/TSPHardener/run.py", line 46, in <module>
    with Pool(processes=128) as pool:
  File "/sw/arch/RHEL8/EB_production/2023/software/Python/3.11.3-GCCcore-12.3.0/lib/python3.11/multiprocessing/context.py", line 119, in Pool
    return Pool(processes, initializer, initargs, maxtasksperchild,
  File "/sw/arch/RHEL8/EB_production/2023/software/Python/3.11.3-GCCcore-12.3.0/lib/python3.11/multiprocessing/pool.py", line 215, in __init__
    self._repopulate_pool()
  File "/sw/arch/RHEL8/EB_production/2023/software/Python/3.11.3-GCCcore-12.3.0/lib/python3.11/multiprocessing/pool.py", line 306, in _repopulate_pool
    return self._repopulate_pool_static(self._ctx, self.Process,
  File "/sw/arch/RHEL8/EB_production/2023/software/Python/3.11.3-GCCcore-12.3.0/lib/python3.11/multiprocessing/pool.py", line 329, in _repopulate_pool_static
    w.start()
  File "/sw/arch/RHEL8/EB_production/2023/software/Python/3.11.3-GCCcore-12.3.0/lib/python3.11/multiprocessing/process.py", line 121, in start
    self._popen = self._Popen(self)
  File "/sw/arch/RHEL8/EB_production/2023/software/Python/3.11.3-GCCcore-12.3.0/lib/python3.11/multiprocessing/context.py", line 281, in _Popen
    return Popen(process_obj)
  File "/sw/arch/RHEL8/EB_production/2023/software/Python/3.11.3-GCCcore-12.3.0/lib/python3.11/multiprocessing/popen_fork.py", line 19, in __init__
    self._launch(process_obj)
  File "/sw/arch/RHEL8/EB_production/2023/software/Python/3.11.3-GCCcore-12.3.0/lib/python3.11/multiprocessing/popen_fork.py", line 71, in _launch
    code = process_obj._bootstrap(parent_sentinel=child_r)
  File "/sw/arch/RHEL8/EB_production/2023/software/Python/3.11.3-GCCcore-12.3.0/lib/python3.11/multiprocessing/process.py", line 314, in _bootstrap
    self.run()
  File "/sw/arch/RHEL8/EB_production/2023/software/Python/3.11.3-GCCcore-12.3.0/lib/python3.11/multiprocessing/process.py", line 108, in run
    self._target(*self._args, **self._kwargs)
  File "/sw/arch/RHEL8/EB_production/2023/software/Python/3.11.3-GCCcore-12.3.0/lib/python3.11/multiprocessing/pool.py", line 125, in worker
    result = (True, func(*args, **kwds))
  File "/sw/arch/RHEL8/EB_production/2023/software/Python/3.11.3-GCCcore-12.3.0/lib/python3.11/multiprocessing/pool.py", line 48, in mapstar
    return list(map(*args))
  File "/gpfs/home3/tsijpkens/TSPHardener/run.py", line 38, in run_experiment
    logging.error(f"Error in {cmd}:", f"{e.stderr}")
Message: "Error in ['python3', '-m', 'main', '[30]', '[2.4]', '1000', '', '--tsp_type', 'euclidean', '--distribution', 'lognormal', '--mutation_strategy', 'wouter']:"
Arguments: ('',)
--- Logging error ---
Traceback (most recent call last):
  File "/gpfs/home3/tsijpkens/TSPHardener/run.py", line 33, in run_experiment
    result = subprocess.run(cmd, check=True, text=True, capture_output=True)
             ^^^^^^^^^^^^^^^^^^^^^^^^^^^^^^^^^^^^^^^^^^^^^^^^^^^^^^^^^^^^^^^
  File "/sw/arch/RHEL8/EB_production/2023/software/Python/3.11.3-GCCcore-12.3.0/lib/python3.11/subprocess.py", line 571, in run
    raise CalledProcessError(retcode, process.args,
subprocess.CalledProcessError: Command '['python3', '-m', 'main', '[30]', '[4.0]', '1000', '', '--tsp_type', 'euclidean', '--distribution', 'lognormal', '--mutation_strategy', 'scramble']' died with <Signals.SIGKILL: 9>.

During handling of the above exception, another exception occurred:

Traceback (most recent call last):
  File "/sw/arch/RHEL8/EB_production/2023/software/Python/3.11.3-GCCcore-12.3.0/lib/python3.11/logging/__init__.py", line 1110, in emit
    msg = self.format(record)
          ^^^^^^^^^^^^^^^^^^^
  File "/sw/arch/RHEL8/EB_production/2023/software/Python/3.11.3-GCCcore-12.3.0/lib/python3.11/logging/__init__.py", line 953, in format
    return fmt.format(record)
           ^^^^^^^^^^^^^^^^^^
  File "/sw/arch/RHEL8/EB_production/2023/software/Python/3.11.3-GCCcore-12.3.0/lib/python3.11/logging/__init__.py", line 687, in format
    record.message = record.getMessage()
                     ^^^^^^^^^^^^^^^^^^^
  File "/sw/arch/RHEL8/EB_production/2023/software/Python/3.11.3-GCCcore-12.3.0/lib/python3.11/logging/__init__.py", line 377, in getMessage
    msg = msg % self.args
          ~~~~^~~~~~~~~~~
TypeError: not all arguments converted during string formatting
Call stack:
  File "/gpfs/home3/tsijpkens/TSPHardener/run.py", line 46, in <module>
    with Pool(processes=128) as pool:
  File "/sw/arch/RHEL8/EB_production/2023/software/Python/3.11.3-GCCcore-12.3.0/lib/python3.11/multiprocessing/context.py", line 119, in Pool
    return Pool(processes, initializer, initargs, maxtasksperchild,
  File "/sw/arch/RHEL8/EB_production/2023/software/Python/3.11.3-GCCcore-12.3.0/lib/python3.11/multiprocessing/pool.py", line 215, in __init__
    self._repopulate_pool()
  File "/sw/arch/RHEL8/EB_production/2023/software/Python/3.11.3-GCCcore-12.3.0/lib/python3.11/multiprocessing/pool.py", line 306, in _repopulate_pool
    return self._repopulate_pool_static(self._ctx, self.Process,
  File "/sw/arch/RHEL8/EB_production/2023/software/Python/3.11.3-GCCcore-12.3.0/lib/python3.11/multiprocessing/pool.py", line 329, in _repopulate_pool_static
    w.start()
  File "/sw/arch/RHEL8/EB_production/2023/software/Python/3.11.3-GCCcore-12.3.0/lib/python3.11/multiprocessing/process.py", line 121, in start
    self._popen = self._Popen(self)
  File "/sw/arch/RHEL8/EB_production/2023/software/Python/3.11.3-GCCcore-12.3.0/lib/python3.11/multiprocessing/context.py", line 281, in _Popen
    return Popen(process_obj)
  File "/sw/arch/RHEL8/EB_production/2023/software/Python/3.11.3-GCCcore-12.3.0/lib/python3.11/multiprocessing/popen_fork.py", line 19, in __init__
    self._launch(process_obj)
  File "/sw/arch/RHEL8/EB_production/2023/software/Python/3.11.3-GCCcore-12.3.0/lib/python3.11/multiprocessing/popen_fork.py", line 71, in _launch
    code = process_obj._bootstrap(parent_sentinel=child_r)
  File "/sw/arch/RHEL8/EB_production/2023/software/Python/3.11.3-GCCcore-12.3.0/lib/python3.11/multiprocessing/process.py", line 314, in _bootstrap
    self.run()
  File "/sw/arch/RHEL8/EB_production/2023/software/Python/3.11.3-GCCcore-12.3.0/lib/python3.11/multiprocessing/process.py", line 108, in run
    self._target(*self._args, **self._kwargs)
  File "/sw/arch/RHEL8/EB_production/2023/software/Python/3.11.3-GCCcore-12.3.0/lib/python3.11/multiprocessing/pool.py", line 125, in worker
    result = (True, func(*args, **kwds))
  File "/sw/arch/RHEL8/EB_production/2023/software/Python/3.11.3-GCCcore-12.3.0/lib/python3.11/multiprocessing/pool.py", line 48, in mapstar
    return list(map(*args))
  File "/gpfs/home3/tsijpkens/TSPHardener/run.py", line 38, in run_experiment
    logging.error(f"Error in {cmd}:", f"{e.stderr}")
Message: "Error in ['python3', '-m', 'main', '[30]', '[4.0]', '1000', '', '--tsp_type', 'euclidean', '--distribution', 'lognormal', '--mutation_strategy', 'scramble']:"
Arguments: ('',)
--- Logging error ---
Traceback (most recent call last):
  File "/gpfs/home3/tsijpkens/TSPHardener/run.py", line 33, in run_experiment
    result = subprocess.run(cmd, check=True, text=True, capture_output=True)
             ^^^^^^^^^^^^^^^^^^^^^^^^^^^^^^^^^^^^^^^^^^^^^^^^^^^^^^^^^^^^^^^
  File "/sw/arch/RHEL8/EB_production/2023/software/Python/3.11.3-GCCcore-12.3.0/lib/python3.11/subprocess.py", line 571, in run
    raise CalledProcessError(retcode, process.args,
subprocess.CalledProcessError: Command '['python3', '-m', 'main', '[30]', '[3.2]', '1000', '', '--tsp_type', 'euclidean', '--distribution', 'lognormal', '--mutation_strategy', 'swap']' died with <Signals.SIGKILL: 9>.

During handling of the above exception, another exception occurred:

Traceback (most recent call last):
  File "/sw/arch/RHEL8/EB_production/2023/software/Python/3.11.3-GCCcore-12.3.0/lib/python3.11/logging/__init__.py", line 1110, in emit
    msg = self.format(record)
          ^^^^^^^^^^^^^^^^^^^
  File "/sw/arch/RHEL8/EB_production/2023/software/Python/3.11.3-GCCcore-12.3.0/lib/python3.11/logging/__init__.py", line 953, in format
    return fmt.format(record)
           ^^^^^^^^^^^^^^^^^^
  File "/sw/arch/RHEL8/EB_production/2023/software/Python/3.11.3-GCCcore-12.3.0/lib/python3.11/logging/__init__.py", line 687, in format
    record.message = record.getMessage()
                     ^^^^^^^^^^^^^^^^^^^
  File "/sw/arch/RHEL8/EB_production/2023/software/Python/3.11.3-GCCcore-12.3.0/lib/python3.11/logging/__init__.py", line 377, in getMessage
    msg = msg % self.args
          ~~~~^~~~~~~~~~~
TypeError: not all arguments converted during string formatting
Call stack:
  File "/gpfs/home3/tsijpkens/TSPHardener/run.py", line 46, in <module>
    with Pool(processes=128) as pool:
  File "/sw/arch/RHEL8/EB_production/2023/software/Python/3.11.3-GCCcore-12.3.0/lib/python3.11/multiprocessing/context.py", line 119, in Pool
    return Pool(processes, initializer, initargs, maxtasksperchild,
  File "/sw/arch/RHEL8/EB_production/2023/software/Python/3.11.3-GCCcore-12.3.0/lib/python3.11/multiprocessing/pool.py", line 215, in __init__
    self._repopulate_pool()
  File "/sw/arch/RHEL8/EB_production/2023/software/Python/3.11.3-GCCcore-12.3.0/lib/python3.11/multiprocessing/pool.py", line 306, in _repopulate_pool
    return self._repopulate_pool_static(self._ctx, self.Process,
  File "/sw/arch/RHEL8/EB_production/2023/software/Python/3.11.3-GCCcore-12.3.0/lib/python3.11/multiprocessing/pool.py", line 329, in _repopulate_pool_static
    w.start()
  File "/sw/arch/RHEL8/EB_production/2023/software/Python/3.11.3-GCCcore-12.3.0/lib/python3.11/multiprocessing/process.py", line 121, in start
    self._popen = self._Popen(self)
  File "/sw/arch/RHEL8/EB_production/2023/software/Python/3.11.3-GCCcore-12.3.0/lib/python3.11/multiprocessing/context.py", line 281, in _Popen
    return Popen(process_obj)
  File "/sw/arch/RHEL8/EB_production/2023/software/Python/3.11.3-GCCcore-12.3.0/lib/python3.11/multiprocessing/popen_fork.py", line 19, in __init__
    self._launch(process_obj)
  File "/sw/arch/RHEL8/EB_production/2023/software/Python/3.11.3-GCCcore-12.3.0/lib/python3.11/multiprocessing/popen_fork.py", line 71, in _launch
    code = process_obj._bootstrap(parent_sentinel=child_r)
  File "/sw/arch/RHEL8/EB_production/2023/software/Python/3.11.3-GCCcore-12.3.0/lib/python3.11/multiprocessing/process.py", line 314, in _bootstrap
    self.run()
  File "/sw/arch/RHEL8/EB_production/2023/software/Python/3.11.3-GCCcore-12.3.0/lib/python3.11/multiprocessing/process.py", line 108, in run
    self._target(*self._args, **self._kwargs)
  File "/sw/arch/RHEL8/EB_production/2023/software/Python/3.11.3-GCCcore-12.3.0/lib/python3.11/multiprocessing/pool.py", line 125, in worker
    result = (True, func(*args, **kwds))
  File "/sw/arch/RHEL8/EB_production/2023/software/Python/3.11.3-GCCcore-12.3.0/lib/python3.11/multiprocessing/pool.py", line 48, in mapstar
    return list(map(*args))
  File "/gpfs/home3/tsijpkens/TSPHardener/run.py", line 38, in run_experiment
    logging.error(f"Error in {cmd}:", f"{e.stderr}")
Message: "Error in ['python3', '-m', 'main', '[30]', '[3.2]', '1000', '', '--tsp_type', 'euclidean', '--distribution', 'lognormal', '--mutation_strategy', 'swap']:"
Arguments: ('',)
--- Logging error ---
Traceback (most recent call last):
  File "/gpfs/home3/tsijpkens/TSPHardener/run.py", line 33, in run_experiment
    result = subprocess.run(cmd, check=True, text=True, capture_output=True)
             ^^^^^^^^^^^^^^^^^^^^^^^^^^^^^^^^^^^^^^^^^^^^^^^^^^^^^^^^^^^^^^^
  File "/sw/arch/RHEL8/EB_production/2023/software/Python/3.11.3-GCCcore-12.3.0/lib/python3.11/subprocess.py", line 571, in run
    raise CalledProcessError(retcode, process.args,
subprocess.CalledProcessError: Command '['python3', '-m', 'main', '[30]', '[3.4]', '1000', '', '--tsp_type', 'euclidean', '--distribution', 'lognormal', '--mutation_strategy', 'scramble']' died with <Signals.SIGKILL: 9>.

During handling of the above exception, another exception occurred:

Traceback (most recent call last):
  File "/sw/arch/RHEL8/EB_production/2023/software/Python/3.11.3-GCCcore-12.3.0/lib/python3.11/logging/__init__.py", line 1110, in emit
    msg = self.format(record)
          ^^^^^^^^^^^^^^^^^^^
  File "/sw/arch/RHEL8/EB_production/2023/software/Python/3.11.3-GCCcore-12.3.0/lib/python3.11/logging/__init__.py", line 953, in format
    return fmt.format(record)
           ^^^^^^^^^^^^^^^^^^
  File "/sw/arch/RHEL8/EB_production/2023/software/Python/3.11.3-GCCcore-12.3.0/lib/python3.11/logging/__init__.py", line 687, in format
    record.message = record.getMessage()
                     ^^^^^^^^^^^^^^^^^^^
  File "/sw/arch/RHEL8/EB_production/2023/software/Python/3.11.3-GCCcore-12.3.0/lib/python3.11/logging/__init__.py", line 377, in getMessage
    msg = msg % self.args
          ~~~~^~~~~~~~~~~
TypeError: not all arguments converted during string formatting
Call stack:
  File "/gpfs/home3/tsijpkens/TSPHardener/run.py", line 46, in <module>
    with Pool(processes=128) as pool:
  File "/sw/arch/RHEL8/EB_production/2023/software/Python/3.11.3-GCCcore-12.3.0/lib/python3.11/multiprocessing/context.py", line 119, in Pool
    return Pool(processes, initializer, initargs, maxtasksperchild,
  File "/sw/arch/RHEL8/EB_production/2023/software/Python/3.11.3-GCCcore-12.3.0/lib/python3.11/multiprocessing/pool.py", line 215, in __init__
    self._repopulate_pool()
  File "/sw/arch/RHEL8/EB_production/2023/software/Python/3.11.3-GCCcore-12.3.0/lib/python3.11/multiprocessing/pool.py", line 306, in _repopulate_pool
    return self._repopulate_pool_static(self._ctx, self.Process,
  File "/sw/arch/RHEL8/EB_production/2023/software/Python/3.11.3-GCCcore-12.3.0/lib/python3.11/multiprocessing/pool.py", line 329, in _repopulate_pool_static
    w.start()
  File "/sw/arch/RHEL8/EB_production/2023/software/Python/3.11.3-GCCcore-12.3.0/lib/python3.11/multiprocessing/process.py", line 121, in start
    self._popen = self._Popen(self)
  File "/sw/arch/RHEL8/EB_production/2023/software/Python/3.11.3-GCCcore-12.3.0/lib/python3.11/multiprocessing/context.py", line 281, in _Popen
    return Popen(process_obj)
  File "/sw/arch/RHEL8/EB_production/2023/software/Python/3.11.3-GCCcore-12.3.0/lib/python3.11/multiprocessing/popen_fork.py", line 19, in __init__
    self._launch(process_obj)
  File "/sw/arch/RHEL8/EB_production/2023/software/Python/3.11.3-GCCcore-12.3.0/lib/python3.11/multiprocessing/popen_fork.py", line 71, in _launch
    code = process_obj._bootstrap(parent_sentinel=child_r)
  File "/sw/arch/RHEL8/EB_production/2023/software/Python/3.11.3-GCCcore-12.3.0/lib/python3.11/multiprocessing/process.py", line 314, in _bootstrap
    self.run()
  File "/sw/arch/RHEL8/EB_production/2023/software/Python/3.11.3-GCCcore-12.3.0/lib/python3.11/multiprocessing/process.py", line 108, in run
    self._target(*self._args, **self._kwargs)
  File "/sw/arch/RHEL8/EB_production/2023/software/Python/3.11.3-GCCcore-12.3.0/lib/python3.11/multiprocessing/pool.py", line 125, in worker
    result = (True, func(*args, **kwds))
  File "/sw/arch/RHEL8/EB_production/2023/software/Python/3.11.3-GCCcore-12.3.0/lib/python3.11/multiprocessing/pool.py", line 48, in mapstar
    return list(map(*args))
  File "/gpfs/home3/tsijpkens/TSPHardener/run.py", line 38, in run_experiment
    logging.error(f"Error in {cmd}:", f"{e.stderr}")
Message: "Error in ['python3', '-m', 'main', '[30]', '[3.4]', '1000', '', '--tsp_type', 'euclidean', '--distribution', 'lognormal', '--mutation_strategy', 'scramble']:"
Arguments: ('',)
--- Logging error ---
Traceback (most recent call last):
  File "/gpfs/home3/tsijpkens/TSPHardener/run.py", line 33, in run_experiment
    result = subprocess.run(cmd, check=True, text=True, capture_output=True)
             ^^^^^^^^^^^^^^^^^^^^^^^^^^^^^^^^^^^^^^^^^^^^^^^^^^^^^^^^^^^^^^^
  File "/sw/arch/RHEL8/EB_production/2023/software/Python/3.11.3-GCCcore-12.3.0/lib/python3.11/subprocess.py", line 571, in run
    raise CalledProcessError(retcode, process.args,
subprocess.CalledProcessError: Command '['python3', '-m', 'main', '[30]', '[3.8]', '1000', '', '--tsp_type', 'euclidean', '--distribution', 'lognormal', '--mutation_strategy', 'swap']' died with <Signals.SIGKILL: 9>.

During handling of the above exception, another exception occurred:

Traceback (most recent call last):
  File "/sw/arch/RHEL8/EB_production/2023/software/Python/3.11.3-GCCcore-12.3.0/lib/python3.11/logging/__init__.py", line 1110, in emit
    msg = self.format(record)
          ^^^^^^^^^^^^^^^^^^^
  File "/sw/arch/RHEL8/EB_production/2023/software/Python/3.11.3-GCCcore-12.3.0/lib/python3.11/logging/__init__.py", line 953, in format
    return fmt.format(record)
           ^^^^^^^^^^^^^^^^^^
  File "/sw/arch/RHEL8/EB_production/2023/software/Python/3.11.3-GCCcore-12.3.0/lib/python3.11/logging/__init__.py", line 687, in format
    record.message = record.getMessage()
                     ^^^^^^^^^^^^^^^^^^^
  File "/sw/arch/RHEL8/EB_production/2023/software/Python/3.11.3-GCCcore-12.3.0/lib/python3.11/logging/__init__.py", line 377, in getMessage
    msg = msg % self.args
          ~~~~^~~~~~~~~~~
TypeError: not all arguments converted during string formatting
Call stack:
  File "/gpfs/home3/tsijpkens/TSPHardener/run.py", line 46, in <module>
    with Pool(processes=128) as pool:
  File "/sw/arch/RHEL8/EB_production/2023/software/Python/3.11.3-GCCcore-12.3.0/lib/python3.11/multiprocessing/context.py", line 119, in Pool
    return Pool(processes, initializer, initargs, maxtasksperchild,
  File "/sw/arch/RHEL8/EB_production/2023/software/Python/3.11.3-GCCcore-12.3.0/lib/python3.11/multiprocessing/pool.py", line 215, in __init__
    self._repopulate_pool()
  File "/sw/arch/RHEL8/EB_production/2023/software/Python/3.11.3-GCCcore-12.3.0/lib/python3.11/multiprocessing/pool.py", line 306, in _repopulate_pool
    return self._repopulate_pool_static(self._ctx, self.Process,
  File "/sw/arch/RHEL8/EB_production/2023/software/Python/3.11.3-GCCcore-12.3.0/lib/python3.11/multiprocessing/pool.py", line 329, in _repopulate_pool_static
    w.start()
  File "/sw/arch/RHEL8/EB_production/2023/software/Python/3.11.3-GCCcore-12.3.0/lib/python3.11/multiprocessing/process.py", line 121, in start
    self._popen = self._Popen(self)
  File "/sw/arch/RHEL8/EB_production/2023/software/Python/3.11.3-GCCcore-12.3.0/lib/python3.11/multiprocessing/context.py", line 281, in _Popen
    return Popen(process_obj)
  File "/sw/arch/RHEL8/EB_production/2023/software/Python/3.11.3-GCCcore-12.3.0/lib/python3.11/multiprocessing/popen_fork.py", line 19, in __init__
    self._launch(process_obj)
  File "/sw/arch/RHEL8/EB_production/2023/software/Python/3.11.3-GCCcore-12.3.0/lib/python3.11/multiprocessing/popen_fork.py", line 71, in _launch
    code = process_obj._bootstrap(parent_sentinel=child_r)
  File "/sw/arch/RHEL8/EB_production/2023/software/Python/3.11.3-GCCcore-12.3.0/lib/python3.11/multiprocessing/process.py", line 314, in _bootstrap
    self.run()
  File "/sw/arch/RHEL8/EB_production/2023/software/Python/3.11.3-GCCcore-12.3.0/lib/python3.11/multiprocessing/process.py", line 108, in run
    self._target(*self._args, **self._kwargs)
  File "/sw/arch/RHEL8/EB_production/2023/software/Python/3.11.3-GCCcore-12.3.0/lib/python3.11/multiprocessing/pool.py", line 125, in worker
    result = (True, func(*args, **kwds))
  File "/sw/arch/RHEL8/EB_production/2023/software/Python/3.11.3-GCCcore-12.3.0/lib/python3.11/multiprocessing/pool.py", line 48, in mapstar
    return list(map(*args))
  File "/gpfs/home3/tsijpkens/TSPHardener/run.py", line 38, in run_experiment
    logging.error(f"Error in {cmd}:", f"{e.stderr}")
Message: "Error in ['python3', '-m', 'main', '[30]', '[3.8]', '1000', '', '--tsp_type', 'euclidean', '--distribution', 'lognormal', '--mutation_strategy', 'swap']:"
Arguments: ('',)
--- Logging error ---
Traceback (most recent call last):
  File "/gpfs/home3/tsijpkens/TSPHardener/run.py", line 33, in run_experiment
    result = subprocess.run(cmd, check=True, text=True, capture_output=True)
             ^^^^^^^^^^^^^^^^^^^^^^^^^^^^^^^^^^^^^^^^^^^^^^^^^^^^^^^^^^^^^^^
  File "/sw/arch/RHEL8/EB_production/2023/software/Python/3.11.3-GCCcore-12.3.0/lib/python3.11/subprocess.py", line 571, in run
    raise CalledProcessError(retcode, process.args,
subprocess.CalledProcessError: Command '['python3', '-m', 'main', '[30]', '[3.6]', '1000', '', '--tsp_type', 'euclidean', '--distribution', 'lognormal', '--mutation_strategy', 'wouter']' died with <Signals.SIGKILL: 9>.

During handling of the above exception, another exception occurred:

Traceback (most recent call last):
  File "/sw/arch/RHEL8/EB_production/2023/software/Python/3.11.3-GCCcore-12.3.0/lib/python3.11/logging/__init__.py", line 1110, in emit
    msg = self.format(record)
          ^^^^^^^^^^^^^^^^^^^
  File "/sw/arch/RHEL8/EB_production/2023/software/Python/3.11.3-GCCcore-12.3.0/lib/python3.11/logging/__init__.py", line 953, in format
    return fmt.format(record)
           ^^^^^^^^^^^^^^^^^^
  File "/sw/arch/RHEL8/EB_production/2023/software/Python/3.11.3-GCCcore-12.3.0/lib/python3.11/logging/__init__.py", line 687, in format
    record.message = record.getMessage()
                     ^^^^^^^^^^^^^^^^^^^
  File "/sw/arch/RHEL8/EB_production/2023/software/Python/3.11.3-GCCcore-12.3.0/lib/python3.11/logging/__init__.py", line 377, in getMessage
    msg = msg % self.args
          ~~~~^~~~~~~~~~~
TypeError: not all arguments converted during string formatting
Call stack:
  File "/gpfs/home3/tsijpkens/TSPHardener/run.py", line 46, in <module>
    with Pool(processes=128) as pool:
  File "/sw/arch/RHEL8/EB_production/2023/software/Python/3.11.3-GCCcore-12.3.0/lib/python3.11/multiprocessing/context.py", line 119, in Pool
    return Pool(processes, initializer, initargs, maxtasksperchild,
  File "/sw/arch/RHEL8/EB_production/2023/software/Python/3.11.3-GCCcore-12.3.0/lib/python3.11/multiprocessing/pool.py", line 215, in __init__
    self._repopulate_pool()
  File "/sw/arch/RHEL8/EB_production/2023/software/Python/3.11.3-GCCcore-12.3.0/lib/python3.11/multiprocessing/pool.py", line 306, in _repopulate_pool
    return self._repopulate_pool_static(self._ctx, self.Process,
  File "/sw/arch/RHEL8/EB_production/2023/software/Python/3.11.3-GCCcore-12.3.0/lib/python3.11/multiprocessing/pool.py", line 329, in _repopulate_pool_static
    w.start()
  File "/sw/arch/RHEL8/EB_production/2023/software/Python/3.11.3-GCCcore-12.3.0/lib/python3.11/multiprocessing/process.py", line 121, in start
    self._popen = self._Popen(self)
  File "/sw/arch/RHEL8/EB_production/2023/software/Python/3.11.3-GCCcore-12.3.0/lib/python3.11/multiprocessing/context.py", line 281, in _Popen
    return Popen(process_obj)
  File "/sw/arch/RHEL8/EB_production/2023/software/Python/3.11.3-GCCcore-12.3.0/lib/python3.11/multiprocessing/popen_fork.py", line 19, in __init__
    self._launch(process_obj)
  File "/sw/arch/RHEL8/EB_production/2023/software/Python/3.11.3-GCCcore-12.3.0/lib/python3.11/multiprocessing/popen_fork.py", line 71, in _launch
    code = process_obj._bootstrap(parent_sentinel=child_r)
  File "/sw/arch/RHEL8/EB_production/2023/software/Python/3.11.3-GCCcore-12.3.0/lib/python3.11/multiprocessing/process.py", line 314, in _bootstrap
    self.run()
  File "/sw/arch/RHEL8/EB_production/2023/software/Python/3.11.3-GCCcore-12.3.0/lib/python3.11/multiprocessing/process.py", line 108, in run
    self._target(*self._args, **self._kwargs)
  File "/sw/arch/RHEL8/EB_production/2023/software/Python/3.11.3-GCCcore-12.3.0/lib/python3.11/multiprocessing/pool.py", line 125, in worker
    result = (True, func(*args, **kwds))
  File "/sw/arch/RHEL8/EB_production/2023/software/Python/3.11.3-GCCcore-12.3.0/lib/python3.11/multiprocessing/pool.py", line 48, in mapstar
    return list(map(*args))
  File "/gpfs/home3/tsijpkens/TSPHardener/run.py", line 38, in run_experiment
    logging.error(f"Error in {cmd}:", f"{e.stderr}")
Message: "Error in ['python3', '-m', 'main', '[30]', '[3.6]', '1000', '', '--tsp_type', 'euclidean', '--distribution', 'lognormal', '--mutation_strategy', 'wouter']:"
Arguments: ('',)
--- Logging error ---
Traceback (most recent call last):
  File "/gpfs/home3/tsijpkens/TSPHardener/run.py", line 33, in run_experiment
    result = subprocess.run(cmd, check=True, text=True, capture_output=True)
             ^^^^^^^^^^^^^^^^^^^^^^^^^^^^^^^^^^^^^^^^^^^^^^^^^^^^^^^^^^^^^^^
  File "/sw/arch/RHEL8/EB_production/2023/software/Python/3.11.3-GCCcore-12.3.0/lib/python3.11/subprocess.py", line 571, in run
    raise CalledProcessError(retcode, process.args,
subprocess.CalledProcessError: Command '['python3', '-m', 'main', '[30]', '[2.8]', '1000', '', '--tsp_type', 'euclidean', '--distribution', 'lognormal', '--mutation_strategy', 'swap']' died with <Signals.SIGKILL: 9>.

During handling of the above exception, another exception occurred:

Traceback (most recent call last):
  File "/sw/arch/RHEL8/EB_production/2023/software/Python/3.11.3-GCCcore-12.3.0/lib/python3.11/logging/__init__.py", line 1110, in emit
    msg = self.format(record)
          ^^^^^^^^^^^^^^^^^^^
  File "/sw/arch/RHEL8/EB_production/2023/software/Python/3.11.3-GCCcore-12.3.0/lib/python3.11/logging/__init__.py", line 953, in format
    return fmt.format(record)
           ^^^^^^^^^^^^^^^^^^
  File "/sw/arch/RHEL8/EB_production/2023/software/Python/3.11.3-GCCcore-12.3.0/lib/python3.11/logging/__init__.py", line 687, in format
    record.message = record.getMessage()
                     ^^^^^^^^^^^^^^^^^^^
  File "/sw/arch/RHEL8/EB_production/2023/software/Python/3.11.3-GCCcore-12.3.0/lib/python3.11/logging/__init__.py", line 377, in getMessage
    msg = msg % self.args
          ~~~~^~~~~~~~~~~
TypeError: not all arguments converted during string formatting
Call stack:
  File "/gpfs/home3/tsijpkens/TSPHardener/run.py", line 46, in <module>
    with Pool(processes=128) as pool:
  File "/sw/arch/RHEL8/EB_production/2023/software/Python/3.11.3-GCCcore-12.3.0/lib/python3.11/multiprocessing/context.py", line 119, in Pool
    return Pool(processes, initializer, initargs, maxtasksperchild,
  File "/sw/arch/RHEL8/EB_production/2023/software/Python/3.11.3-GCCcore-12.3.0/lib/python3.11/multiprocessing/pool.py", line 215, in __init__
    self._repopulate_pool()
  File "/sw/arch/RHEL8/EB_production/2023/software/Python/3.11.3-GCCcore-12.3.0/lib/python3.11/multiprocessing/pool.py", line 306, in _repopulate_pool
    return self._repopulate_pool_static(self._ctx, self.Process,
  File "/sw/arch/RHEL8/EB_production/2023/software/Python/3.11.3-GCCcore-12.3.0/lib/python3.11/multiprocessing/pool.py", line 329, in _repopulate_pool_static
    w.start()
  File "/sw/arch/RHEL8/EB_production/2023/software/Python/3.11.3-GCCcore-12.3.0/lib/python3.11/multiprocessing/process.py", line 121, in start
    self._popen = self._Popen(self)
  File "/sw/arch/RHEL8/EB_production/2023/software/Python/3.11.3-GCCcore-12.3.0/lib/python3.11/multiprocessing/context.py", line 281, in _Popen
    return Popen(process_obj)
  File "/sw/arch/RHEL8/EB_production/2023/software/Python/3.11.3-GCCcore-12.3.0/lib/python3.11/multiprocessing/popen_fork.py", line 19, in __init__
    self._launch(process_obj)
  File "/sw/arch/RHEL8/EB_production/2023/software/Python/3.11.3-GCCcore-12.3.0/lib/python3.11/multiprocessing/popen_fork.py", line 71, in _launch
    code = process_obj._bootstrap(parent_sentinel=child_r)
  File "/sw/arch/RHEL8/EB_production/2023/software/Python/3.11.3-GCCcore-12.3.0/lib/python3.11/multiprocessing/process.py", line 314, in _bootstrap
    self.run()
  File "/sw/arch/RHEL8/EB_production/2023/software/Python/3.11.3-GCCcore-12.3.0/lib/python3.11/multiprocessing/process.py", line 108, in run
    self._target(*self._args, **self._kwargs)
  File "/sw/arch/RHEL8/EB_production/2023/software/Python/3.11.3-GCCcore-12.3.0/lib/python3.11/multiprocessing/pool.py", line 125, in worker
    result = (True, func(*args, **kwds))
  File "/sw/arch/RHEL8/EB_production/2023/software/Python/3.11.3-GCCcore-12.3.0/lib/python3.11/multiprocessing/pool.py", line 48, in mapstar
    return list(map(*args))
  File "/gpfs/home3/tsijpkens/TSPHardener/run.py", line 38, in run_experiment
    logging.error(f"Error in {cmd}:", f"{e.stderr}")
Message: "Error in ['python3', '-m', 'main', '[30]', '[2.8]', '1000', '', '--tsp_type', 'euclidean', '--distribution', 'lognormal', '--mutation_strategy', 'swap']:"
Arguments: ('',)
--- Logging error ---
Traceback (most recent call last):
  File "/gpfs/home3/tsijpkens/TSPHardener/run.py", line 33, in run_experiment
    result = subprocess.run(cmd, check=True, text=True, capture_output=True)
             ^^^^^^^^^^^^^^^^^^^^^^^^^^^^^^^^^^^^^^^^^^^^^^^^^^^^^^^^^^^^^^^
  File "/sw/arch/RHEL8/EB_production/2023/software/Python/3.11.3-GCCcore-12.3.0/lib/python3.11/subprocess.py", line 571, in run
    raise CalledProcessError(retcode, process.args,
subprocess.CalledProcessError: Command '['python3', '-m', 'main', '[30]', '[4.2]', '1000', '', '--tsp_type', 'euclidean', '--distribution', 'lognormal', '--mutation_strategy', 'swap']' died with <Signals.SIGKILL: 9>.

During handling of the above exception, another exception occurred:

Traceback (most recent call last):
  File "/sw/arch/RHEL8/EB_production/2023/software/Python/3.11.3-GCCcore-12.3.0/lib/python3.11/logging/__init__.py", line 1110, in emit
    msg = self.format(record)
          ^^^^^^^^^^^^^^^^^^^
  File "/sw/arch/RHEL8/EB_production/2023/software/Python/3.11.3-GCCcore-12.3.0/lib/python3.11/logging/__init__.py", line 953, in format
    return fmt.format(record)
           ^^^^^^^^^^^^^^^^^^
  File "/sw/arch/RHEL8/EB_production/2023/software/Python/3.11.3-GCCcore-12.3.0/lib/python3.11/logging/__init__.py", line 687, in format
    record.message = record.getMessage()
                     ^^^^^^^^^^^^^^^^^^^
  File "/sw/arch/RHEL8/EB_production/2023/software/Python/3.11.3-GCCcore-12.3.0/lib/python3.11/logging/__init__.py", line 377, in getMessage
    msg = msg % self.args
          ~~~~^~~~~~~~~~~
TypeError: not all arguments converted during string formatting
Call stack:
  File "/gpfs/home3/tsijpkens/TSPHardener/run.py", line 46, in <module>
    with Pool(processes=128) as pool:
  File "/sw/arch/RHEL8/EB_production/2023/software/Python/3.11.3-GCCcore-12.3.0/lib/python3.11/multiprocessing/context.py", line 119, in Pool
    return Pool(processes, initializer, initargs, maxtasksperchild,
  File "/sw/arch/RHEL8/EB_production/2023/software/Python/3.11.3-GCCcore-12.3.0/lib/python3.11/multiprocessing/pool.py", line 215, in __init__
    self._repopulate_pool()
  File "/sw/arch/RHEL8/EB_production/2023/software/Python/3.11.3-GCCcore-12.3.0/lib/python3.11/multiprocessing/pool.py", line 306, in _repopulate_pool
    return self._repopulate_pool_static(self._ctx, self.Process,
  File "/sw/arch/RHEL8/EB_production/2023/software/Python/3.11.3-GCCcore-12.3.0/lib/python3.11/multiprocessing/pool.py", line 329, in _repopulate_pool_static
    w.start()
  File "/sw/arch/RHEL8/EB_production/2023/software/Python/3.11.3-GCCcore-12.3.0/lib/python3.11/multiprocessing/process.py", line 121, in start
    self._popen = self._Popen(self)
  File "/sw/arch/RHEL8/EB_production/2023/software/Python/3.11.3-GCCcore-12.3.0/lib/python3.11/multiprocessing/context.py", line 281, in _Popen
    return Popen(process_obj)
  File "/sw/arch/RHEL8/EB_production/2023/software/Python/3.11.3-GCCcore-12.3.0/lib/python3.11/multiprocessing/popen_fork.py", line 19, in __init__
    self._launch(process_obj)
  File "/sw/arch/RHEL8/EB_production/2023/software/Python/3.11.3-GCCcore-12.3.0/lib/python3.11/multiprocessing/popen_fork.py", line 71, in _launch
    code = process_obj._bootstrap(parent_sentinel=child_r)
  File "/sw/arch/RHEL8/EB_production/2023/software/Python/3.11.3-GCCcore-12.3.0/lib/python3.11/multiprocessing/process.py", line 314, in _bootstrap
    self.run()
  File "/sw/arch/RHEL8/EB_production/2023/software/Python/3.11.3-GCCcore-12.3.0/lib/python3.11/multiprocessing/process.py", line 108, in run
    self._target(*self._args, **self._kwargs)
  File "/sw/arch/RHEL8/EB_production/2023/software/Python/3.11.3-GCCcore-12.3.0/lib/python3.11/multiprocessing/pool.py", line 125, in worker
    result = (True, func(*args, **kwds))
  File "/sw/arch/RHEL8/EB_production/2023/software/Python/3.11.3-GCCcore-12.3.0/lib/python3.11/multiprocessing/pool.py", line 48, in mapstar
    return list(map(*args))
  File "/gpfs/home3/tsijpkens/TSPHardener/run.py", line 38, in run_experiment
    logging.error(f"Error in {cmd}:", f"{e.stderr}")
Message: "Error in ['python3', '-m', 'main', '[30]', '[4.2]', '1000', '', '--tsp_type', 'euclidean', '--distribution', 'lognormal', '--mutation_strategy', 'swap']:"
Arguments: ('',)
--- Logging error ---
Traceback (most recent call last):
  File "/gpfs/home3/tsijpkens/TSPHardener/run.py", line 33, in run_experiment
    result = subprocess.run(cmd, check=True, text=True, capture_output=True)
             ^^^^^^^^^^^^^^^^^^^^^^^^^^^^^^^^^^^^^^^^^^^^^^^^^^^^^^^^^^^^^^^
  File "/sw/arch/RHEL8/EB_production/2023/software/Python/3.11.3-GCCcore-12.3.0/lib/python3.11/subprocess.py", line 571, in run
    raise CalledProcessError(retcode, process.args,
subprocess.CalledProcessError: Command '['python3', '-m', 'main', '[30]', '[1.8]', '1000', '', '--tsp_type', 'euclidean', '--distribution', 'lognormal', '--mutation_strategy', 'swap']' died with <Signals.SIGKILL: 9>.

During handling of the above exception, another exception occurred:

Traceback (most recent call last):
  File "/sw/arch/RHEL8/EB_production/2023/software/Python/3.11.3-GCCcore-12.3.0/lib/python3.11/logging/__init__.py", line 1110, in emit
    msg = self.format(record)
          ^^^^^^^^^^^^^^^^^^^
  File "/sw/arch/RHEL8/EB_production/2023/software/Python/3.11.3-GCCcore-12.3.0/lib/python3.11/logging/__init__.py", line 953, in format
    return fmt.format(record)
           ^^^^^^^^^^^^^^^^^^
  File "/sw/arch/RHEL8/EB_production/2023/software/Python/3.11.3-GCCcore-12.3.0/lib/python3.11/logging/__init__.py", line 687, in format
    record.message = record.getMessage()
                     ^^^^^^^^^^^^^^^^^^^
  File "/sw/arch/RHEL8/EB_production/2023/software/Python/3.11.3-GCCcore-12.3.0/lib/python3.11/logging/__init__.py", line 377, in getMessage
    msg = msg % self.args
          ~~~~^~~~~~~~~~~
TypeError: not all arguments converted during string formatting
Call stack:
  File "/gpfs/home3/tsijpkens/TSPHardener/run.py", line 46, in <module>
    with Pool(processes=128) as pool:
  File "/sw/arch/RHEL8/EB_production/2023/software/Python/3.11.3-GCCcore-12.3.0/lib/python3.11/multiprocessing/context.py", line 119, in Pool
    return Pool(processes, initializer, initargs, maxtasksperchild,
  File "/sw/arch/RHEL8/EB_production/2023/software/Python/3.11.3-GCCcore-12.3.0/lib/python3.11/multiprocessing/pool.py", line 215, in __init__
    self._repopulate_pool()
  File "/sw/arch/RHEL8/EB_production/2023/software/Python/3.11.3-GCCcore-12.3.0/lib/python3.11/multiprocessing/pool.py", line 306, in _repopulate_pool
    return self._repopulate_pool_static(self._ctx, self.Process,
  File "/sw/arch/RHEL8/EB_production/2023/software/Python/3.11.3-GCCcore-12.3.0/lib/python3.11/multiprocessing/pool.py", line 329, in _repopulate_pool_static
    w.start()
  File "/sw/arch/RHEL8/EB_production/2023/software/Python/3.11.3-GCCcore-12.3.0/lib/python3.11/multiprocessing/process.py", line 121, in start
    self._popen = self._Popen(self)
  File "/sw/arch/RHEL8/EB_production/2023/software/Python/3.11.3-GCCcore-12.3.0/lib/python3.11/multiprocessing/context.py", line 281, in _Popen
    return Popen(process_obj)
  File "/sw/arch/RHEL8/EB_production/2023/software/Python/3.11.3-GCCcore-12.3.0/lib/python3.11/multiprocessing/popen_fork.py", line 19, in __init__
    self._launch(process_obj)
  File "/sw/arch/RHEL8/EB_production/2023/software/Python/3.11.3-GCCcore-12.3.0/lib/python3.11/multiprocessing/popen_fork.py", line 71, in _launch
    code = process_obj._bootstrap(parent_sentinel=child_r)
  File "/sw/arch/RHEL8/EB_production/2023/software/Python/3.11.3-GCCcore-12.3.0/lib/python3.11/multiprocessing/process.py", line 314, in _bootstrap
    self.run()
  File "/sw/arch/RHEL8/EB_production/2023/software/Python/3.11.3-GCCcore-12.3.0/lib/python3.11/multiprocessing/process.py", line 108, in run
    self._target(*self._args, **self._kwargs)
  File "/sw/arch/RHEL8/EB_production/2023/software/Python/3.11.3-GCCcore-12.3.0/lib/python3.11/multiprocessing/pool.py", line 125, in worker
    result = (True, func(*args, **kwds))
  File "/sw/arch/RHEL8/EB_production/2023/software/Python/3.11.3-GCCcore-12.3.0/lib/python3.11/multiprocessing/pool.py", line 48, in mapstar
    return list(map(*args))
  File "/gpfs/home3/tsijpkens/TSPHardener/run.py", line 38, in run_experiment
    logging.error(f"Error in {cmd}:", f"{e.stderr}")
Message: "Error in ['python3', '-m', 'main', '[30]', '[1.8]', '1000', '', '--tsp_type', 'euclidean', '--distribution', 'lognormal', '--mutation_strategy', 'swap']:"
Arguments: ('',)
--- Logging error ---
Traceback (most recent call last):
  File "/gpfs/home3/tsijpkens/TSPHardener/run.py", line 33, in run_experiment
    result = subprocess.run(cmd, check=True, text=True, capture_output=True)
             ^^^^^^^^^^^^^^^^^^^^^^^^^^^^^^^^^^^^^^^^^^^^^^^^^^^^^^^^^^^^^^^
  File "/sw/arch/RHEL8/EB_production/2023/software/Python/3.11.3-GCCcore-12.3.0/lib/python3.11/subprocess.py", line 571, in run
    raise CalledProcessError(retcode, process.args,
subprocess.CalledProcessError: Command '['python3', '-m', 'main', '[30]', '[3.0]', '1000', '', '--tsp_type', 'euclidean', '--distribution', 'lognormal', '--mutation_strategy', 'wouter']' died with <Signals.SIGKILL: 9>.

During handling of the above exception, another exception occurred:

Traceback (most recent call last):
  File "/sw/arch/RHEL8/EB_production/2023/software/Python/3.11.3-GCCcore-12.3.0/lib/python3.11/logging/__init__.py", line 1110, in emit
    msg = self.format(record)
          ^^^^^^^^^^^^^^^^^^^
  File "/sw/arch/RHEL8/EB_production/2023/software/Python/3.11.3-GCCcore-12.3.0/lib/python3.11/logging/__init__.py", line 953, in format
    return fmt.format(record)
           ^^^^^^^^^^^^^^^^^^
  File "/sw/arch/RHEL8/EB_production/2023/software/Python/3.11.3-GCCcore-12.3.0/lib/python3.11/logging/__init__.py", line 687, in format
    record.message = record.getMessage()
                     ^^^^^^^^^^^^^^^^^^^
  File "/sw/arch/RHEL8/EB_production/2023/software/Python/3.11.3-GCCcore-12.3.0/lib/python3.11/logging/__init__.py", line 377, in getMessage
    msg = msg % self.args
          ~~~~^~~~~~~~~~~
TypeError: not all arguments converted during string formatting
Call stack:
  File "/gpfs/home3/tsijpkens/TSPHardener/run.py", line 46, in <module>
    with Pool(processes=128) as pool:
  File "/sw/arch/RHEL8/EB_production/2023/software/Python/3.11.3-GCCcore-12.3.0/lib/python3.11/multiprocessing/context.py", line 119, in Pool
    return Pool(processes, initializer, initargs, maxtasksperchild,
  File "/sw/arch/RHEL8/EB_production/2023/software/Python/3.11.3-GCCcore-12.3.0/lib/python3.11/multiprocessing/pool.py", line 215, in __init__
    self._repopulate_pool()
  File "/sw/arch/RHEL8/EB_production/2023/software/Python/3.11.3-GCCcore-12.3.0/lib/python3.11/multiprocessing/pool.py", line 306, in _repopulate_pool
    return self._repopulate_pool_static(self._ctx, self.Process,
  File "/sw/arch/RHEL8/EB_production/2023/software/Python/3.11.3-GCCcore-12.3.0/lib/python3.11/multiprocessing/pool.py", line 329, in _repopulate_pool_static
    w.start()
  File "/sw/arch/RHEL8/EB_production/2023/software/Python/3.11.3-GCCcore-12.3.0/lib/python3.11/multiprocessing/process.py", line 121, in start
    self._popen = self._Popen(self)
  File "/sw/arch/RHEL8/EB_production/2023/software/Python/3.11.3-GCCcore-12.3.0/lib/python3.11/multiprocessing/context.py", line 281, in _Popen
    return Popen(process_obj)
  File "/sw/arch/RHEL8/EB_production/2023/software/Python/3.11.3-GCCcore-12.3.0/lib/python3.11/multiprocessing/popen_fork.py", line 19, in __init__
    self._launch(process_obj)
  File "/sw/arch/RHEL8/EB_production/2023/software/Python/3.11.3-GCCcore-12.3.0/lib/python3.11/multiprocessing/popen_fork.py", line 71, in _launch
    code = process_obj._bootstrap(parent_sentinel=child_r)
  File "/sw/arch/RHEL8/EB_production/2023/software/Python/3.11.3-GCCcore-12.3.0/lib/python3.11/multiprocessing/process.py", line 314, in _bootstrap
    self.run()
  File "/sw/arch/RHEL8/EB_production/2023/software/Python/3.11.3-GCCcore-12.3.0/lib/python3.11/multiprocessing/process.py", line 108, in run
    self._target(*self._args, **self._kwargs)
  File "/sw/arch/RHEL8/EB_production/2023/software/Python/3.11.3-GCCcore-12.3.0/lib/python3.11/multiprocessing/pool.py", line 125, in worker
    result = (True, func(*args, **kwds))
  File "/sw/arch/RHEL8/EB_production/2023/software/Python/3.11.3-GCCcore-12.3.0/lib/python3.11/multiprocessing/pool.py", line 48, in mapstar
    return list(map(*args))
  File "/gpfs/home3/tsijpkens/TSPHardener/run.py", line 38, in run_experiment
    logging.error(f"Error in {cmd}:", f"{e.stderr}")
Message: "Error in ['python3', '-m', 'main', '[30]', '[3.0]', '1000', '', '--tsp_type', 'euclidean', '--distribution', 'lognormal', '--mutation_strategy', 'wouter']:"
Arguments: ('',)
--- Logging error ---
Traceback (most recent call last):
  File "/gpfs/home3/tsijpkens/TSPHardener/run.py", line 33, in run_experiment
    result = subprocess.run(cmd, check=True, text=True, capture_output=True)
             ^^^^^^^^^^^^^^^^^^^^^^^^^^^^^^^^^^^^^^^^^^^^^^^^^^^^^^^^^^^^^^^
  File "/sw/arch/RHEL8/EB_production/2023/software/Python/3.11.3-GCCcore-12.3.0/lib/python3.11/subprocess.py", line 571, in run
    raise CalledProcessError(retcode, process.args,
subprocess.CalledProcessError: Command '['python3', '-m', 'main', '[30]', '[4.6]', '1000', '', '--tsp_type', 'euclidean', '--distribution', 'lognormal', '--mutation_strategy', 'scramble']' died with <Signals.SIGKILL: 9>.

During handling of the above exception, another exception occurred:

Traceback (most recent call last):
  File "/sw/arch/RHEL8/EB_production/2023/software/Python/3.11.3-GCCcore-12.3.0/lib/python3.11/logging/__init__.py", line 1110, in emit
    msg = self.format(record)
          ^^^^^^^^^^^^^^^^^^^
  File "/sw/arch/RHEL8/EB_production/2023/software/Python/3.11.3-GCCcore-12.3.0/lib/python3.11/logging/__init__.py", line 953, in format
    return fmt.format(record)
           ^^^^^^^^^^^^^^^^^^
  File "/sw/arch/RHEL8/EB_production/2023/software/Python/3.11.3-GCCcore-12.3.0/lib/python3.11/logging/__init__.py", line 687, in format
    record.message = record.getMessage()
                     ^^^^^^^^^^^^^^^^^^^
  File "/sw/arch/RHEL8/EB_production/2023/software/Python/3.11.3-GCCcore-12.3.0/lib/python3.11/logging/__init__.py", line 377, in getMessage
    msg = msg % self.args
          ~~~~^~~~~~~~~~~
TypeError: not all arguments converted during string formatting
Call stack:
  File "/gpfs/home3/tsijpkens/TSPHardener/run.py", line 46, in <module>
    with Pool(processes=128) as pool:
  File "/sw/arch/RHEL8/EB_production/2023/software/Python/3.11.3-GCCcore-12.3.0/lib/python3.11/multiprocessing/context.py", line 119, in Pool
    return Pool(processes, initializer, initargs, maxtasksperchild,
  File "/sw/arch/RHEL8/EB_production/2023/software/Python/3.11.3-GCCcore-12.3.0/lib/python3.11/multiprocessing/pool.py", line 215, in __init__
    self._repopulate_pool()
  File "/sw/arch/RHEL8/EB_production/2023/software/Python/3.11.3-GCCcore-12.3.0/lib/python3.11/multiprocessing/pool.py", line 306, in _repopulate_pool
    return self._repopulate_pool_static(self._ctx, self.Process,
  File "/sw/arch/RHEL8/EB_production/2023/software/Python/3.11.3-GCCcore-12.3.0/lib/python3.11/multiprocessing/pool.py", line 329, in _repopulate_pool_static
    w.start()
  File "/sw/arch/RHEL8/EB_production/2023/software/Python/3.11.3-GCCcore-12.3.0/lib/python3.11/multiprocessing/process.py", line 121, in start
    self._popen = self._Popen(self)
  File "/sw/arch/RHEL8/EB_production/2023/software/Python/3.11.3-GCCcore-12.3.0/lib/python3.11/multiprocessing/context.py", line 281, in _Popen
    return Popen(process_obj)
  File "/sw/arch/RHEL8/EB_production/2023/software/Python/3.11.3-GCCcore-12.3.0/lib/python3.11/multiprocessing/popen_fork.py", line 19, in __init__
    self._launch(process_obj)
  File "/sw/arch/RHEL8/EB_production/2023/software/Python/3.11.3-GCCcore-12.3.0/lib/python3.11/multiprocessing/popen_fork.py", line 71, in _launch
    code = process_obj._bootstrap(parent_sentinel=child_r)
  File "/sw/arch/RHEL8/EB_production/2023/software/Python/3.11.3-GCCcore-12.3.0/lib/python3.11/multiprocessing/process.py", line 314, in _bootstrap
    self.run()
  File "/sw/arch/RHEL8/EB_production/2023/software/Python/3.11.3-GCCcore-12.3.0/lib/python3.11/multiprocessing/process.py", line 108, in run
    self._target(*self._args, **self._kwargs)
  File "/sw/arch/RHEL8/EB_production/2023/software/Python/3.11.3-GCCcore-12.3.0/lib/python3.11/multiprocessing/pool.py", line 125, in worker
    result = (True, func(*args, **kwds))
  File "/sw/arch/RHEL8/EB_production/2023/software/Python/3.11.3-GCCcore-12.3.0/lib/python3.11/multiprocessing/pool.py", line 48, in mapstar
    return list(map(*args))
  File "/gpfs/home3/tsijpkens/TSPHardener/run.py", line 38, in run_experiment
    logging.error(f"Error in {cmd}:", f"{e.stderr}")
Message: "Error in ['python3', '-m', 'main', '[30]', '[4.6]', '1000', '', '--tsp_type', 'euclidean', '--distribution', 'lognormal', '--mutation_strategy', 'scramble']:"
Arguments: ('',)
