Defaulting to user installation because normal site-packages is not writeable
Requirement already satisfied: numpy in /home/tsijpkens/.local/lib/python3.11/site-packages (from -r requirements.txt (line 1)) (2.2.3)
Requirement already satisfied: icecream in /home/tsijpkens/.local/lib/python3.11/site-packages (from -r requirements.txt (line 2)) (2.1.4)
Requirement already satisfied: pandas in /home/tsijpkens/.local/lib/python3.11/site-packages (from -r requirements.txt (line 3)) (2.2.3)
Requirement already satisfied: scikit-learn in /home/tsijpkens/.local/lib/python3.11/site-packages (from -r requirements.txt (line 4)) (1.6.1)
Requirement already satisfied: statsmodels in /home/tsijpkens/.local/lib/python3.11/site-packages (from -r requirements.txt (line 5)) (0.14.4)
Requirement already satisfied: colorama>=0.3.9 in /home/tsijpkens/.local/lib/python3.11/site-packages (from icecream->-r requirements.txt (line 2)) (0.4.6)
Requirement already satisfied: pygments>=2.2.0 in /home/tsijpkens/.local/lib/python3.11/site-packages (from icecream->-r requirements.txt (line 2)) (2.19.1)
Requirement already satisfied: executing>=2.1.0 in /home/tsijpkens/.local/lib/python3.11/site-packages (from icecream->-r requirements.txt (line 2)) (2.2.0)
Requirement already satisfied: asttokens>=2.0.1 in /home/tsijpkens/.local/lib/python3.11/site-packages (from icecream->-r requirements.txt (line 2)) (3.0.0)
Requirement already satisfied: python-dateutil>=2.8.2 in /home/tsijpkens/.local/lib/python3.11/site-packages (from pandas->-r requirements.txt (line 3)) (2.9.0.post0)
Requirement already satisfied: pytz>=2020.1 in /home/tsijpkens/.local/lib/python3.11/site-packages (from pandas->-r requirements.txt (line 3)) (2025.1)
Requirement already satisfied: tzdata>=2022.7 in /home/tsijpkens/.local/lib/python3.11/site-packages (from pandas->-r requirements.txt (line 3)) (2025.1)
Requirement already satisfied: scipy>=1.6.0 in /home/tsijpkens/.local/lib/python3.11/site-packages (from scikit-learn->-r requirements.txt (line 4)) (1.15.2)
Requirement already satisfied: joblib>=1.2.0 in /home/tsijpkens/.local/lib/python3.11/site-packages (from scikit-learn->-r requirements.txt (line 4)) (1.4.2)
Requirement already satisfied: threadpoolctl>=3.1.0 in /home/tsijpkens/.local/lib/python3.11/site-packages (from scikit-learn->-r requirements.txt (line 4)) (3.6.0)
Requirement already satisfied: patsy>=0.5.6 in /home/tsijpkens/.local/lib/python3.11/site-packages (from statsmodels->-r requirements.txt (line 5)) (1.0.1)
Requirement already satisfied: packaging>=21.3 in /sw/arch/RHEL8/EB_production/2023/software/Python/3.11.3-GCCcore-12.3.0/lib/python3.11/site-packages (from statsmodels->-r requirements.txt (line 5)) (23.1)
Requirement already satisfied: six>=1.5 in /home/tsijpkens/.local/lib/python3.11/site-packages (from python-dateutil>=2.8.2->pandas->-r requirements.txt (line 3)) (1.17.0)

[notice] A new release of pip is available: 23.1.2 -> 25.1.1
[notice] To update, run: pip install --upgrade pip
--- Logging error ---
Traceback (most recent call last):
  File "/gpfs/home3/tsijpkens/TSPHardener/run.py", line 33, in run_experiment
    result = subprocess.run(cmd, check=True, text=True, capture_output=True)
             ^^^^^^^^^^^^^^^^^^^^^^^^^^^^^^^^^^^^^^^^^^^^^^^^^^^^^^^^^^^^^^^
  File "/sw/arch/RHEL8/EB_production/2023/software/Python/3.11.3-GCCcore-12.3.0/lib/python3.11/subprocess.py", line 571, in run
    raise CalledProcessError(retcode, process.args,
subprocess.CalledProcessError: Command '['python3', '-m', 'main', '[20]', '[3.8]', '97', '', '--tsp_type', 'euclidean', '--distribution', 'lognormal', '--mutation_strategy', 'swap']' died with <Signals.SIGKILL: 9>.

During handling of the above exception, another exception occurred:

Traceback (most recent call last):
  File "/sw/arch/RHEL8/EB_production/2023/software/Python/3.11.3-GCCcore-12.3.0/lib/python3.11/logging/__init__.py", line 1110, in emit
    msg = self.format(record)
          ^^^^^^^^^^^^^^^^^^^
  File "/sw/arch/RHEL8/EB_production/2023/software/Python/3.11.3-GCCcore-12.3.0/lib/python3.11/logging/__init__.py", line 953, in format
    return fmt.format(record)
           ^^^^^^^^^^^^^^^^^^
  File "/sw/arch/RHEL8/EB_production/2023/software/Python/3.11.3-GCCcore-12.3.0/lib/python3.11/logging/__init__.py", line 687, in format
    record.message = record.getMessage()
                     ^^^^^^^^^^^^^^^^^^^
  File "/sw/arch/RHEL8/EB_production/2023/software/Python/3.11.3-GCCcore-12.3.0/lib/python3.11/logging/__init__.py", line 377, in getMessage
    msg = msg % self.args
          ~~~~^~~~~~~~~~~
TypeError: not all arguments converted during string formatting
Call stack:
  File "/gpfs/home3/tsijpkens/TSPHardener/run.py", line 46, in <module>
    with Pool(processes=48) as pool:
  File "/sw/arch/RHEL8/EB_production/2023/software/Python/3.11.3-GCCcore-12.3.0/lib/python3.11/multiprocessing/context.py", line 119, in Pool
    return Pool(processes, initializer, initargs, maxtasksperchild,
  File "/sw/arch/RHEL8/EB_production/2023/software/Python/3.11.3-GCCcore-12.3.0/lib/python3.11/multiprocessing/pool.py", line 215, in __init__
    self._repopulate_pool()
  File "/sw/arch/RHEL8/EB_production/2023/software/Python/3.11.3-GCCcore-12.3.0/lib/python3.11/multiprocessing/pool.py", line 306, in _repopulate_pool
    return self._repopulate_pool_static(self._ctx, self.Process,
  File "/sw/arch/RHEL8/EB_production/2023/software/Python/3.11.3-GCCcore-12.3.0/lib/python3.11/multiprocessing/pool.py", line 329, in _repopulate_pool_static
    w.start()
  File "/sw/arch/RHEL8/EB_production/2023/software/Python/3.11.3-GCCcore-12.3.0/lib/python3.11/multiprocessing/process.py", line 121, in start
    self._popen = self._Popen(self)
  File "/sw/arch/RHEL8/EB_production/2023/software/Python/3.11.3-GCCcore-12.3.0/lib/python3.11/multiprocessing/context.py", line 281, in _Popen
    return Popen(process_obj)
  File "/sw/arch/RHEL8/EB_production/2023/software/Python/3.11.3-GCCcore-12.3.0/lib/python3.11/multiprocessing/popen_fork.py", line 19, in __init__
    self._launch(process_obj)
  File "/sw/arch/RHEL8/EB_production/2023/software/Python/3.11.3-GCCcore-12.3.0/lib/python3.11/multiprocessing/popen_fork.py", line 71, in _launch
    code = process_obj._bootstrap(parent_sentinel=child_r)
  File "/sw/arch/RHEL8/EB_production/2023/software/Python/3.11.3-GCCcore-12.3.0/lib/python3.11/multiprocessing/process.py", line 314, in _bootstrap
    self.run()
  File "/sw/arch/RHEL8/EB_production/2023/software/Python/3.11.3-GCCcore-12.3.0/lib/python3.11/multiprocessing/process.py", line 108, in run
    self._target(*self._args, **self._kwargs)
  File "/sw/arch/RHEL8/EB_production/2023/software/Python/3.11.3-GCCcore-12.3.0/lib/python3.11/multiprocessing/pool.py", line 125, in worker
    result = (True, func(*args, **kwds))
  File "/sw/arch/RHEL8/EB_production/2023/software/Python/3.11.3-GCCcore-12.3.0/lib/python3.11/multiprocessing/pool.py", line 48, in mapstar
    return list(map(*args))
  File "/gpfs/home3/tsijpkens/TSPHardener/run.py", line 38, in run_experiment
    logging.error(f"Error in {cmd}:", f"{e.stderr}")
Message: "Error in ['python3', '-m', 'main', '[20]', '[3.8]', '97', '', '--tsp_type', 'euclidean', '--distribution', 'lognormal', '--mutation_strategy', 'swap']:"
Arguments: ('',)
--- Logging error ---
Traceback (most recent call last):
  File "/gpfs/home3/tsijpkens/TSPHardener/run.py", line 33, in run_experiment
    result = subprocess.run(cmd, check=True, text=True, capture_output=True)
             ^^^^^^^^^^^^^^^^^^^^^^^^^^^^^^^^^^^^^^^^^^^^^^^^^^^^^^^^^^^^^^^
  File "/sw/arch/RHEL8/EB_production/2023/software/Python/3.11.3-GCCcore-12.3.0/lib/python3.11/subprocess.py", line 571, in run
    raise CalledProcessError(retcode, process.args,
subprocess.CalledProcessError: Command '['python3', '-m', 'main', '[20]', '[3.4]', '100', '', '--tsp_type', 'euclidean', '--distribution', 'lognormal', '--mutation_strategy', 'swap']' died with <Signals.SIGKILL: 9>.

During handling of the above exception, another exception occurred:

Traceback (most recent call last):
  File "/sw/arch/RHEL8/EB_production/2023/software/Python/3.11.3-GCCcore-12.3.0/lib/python3.11/logging/__init__.py", line 1110, in emit
    msg = self.format(record)
          ^^^^^^^^^^^^^^^^^^^
  File "/sw/arch/RHEL8/EB_production/2023/software/Python/3.11.3-GCCcore-12.3.0/lib/python3.11/logging/__init__.py", line 953, in format
    return fmt.format(record)
           ^^^^^^^^^^^^^^^^^^
  File "/sw/arch/RHEL8/EB_production/2023/software/Python/3.11.3-GCCcore-12.3.0/lib/python3.11/logging/__init__.py", line 687, in format
    record.message = record.getMessage()
                     ^^^^^^^^^^^^^^^^^^^
  File "/sw/arch/RHEL8/EB_production/2023/software/Python/3.11.3-GCCcore-12.3.0/lib/python3.11/logging/__init__.py", line 377, in getMessage
    msg = msg % self.args
          ~~~~^~~~~~~~~~~
TypeError: not all arguments converted during string formatting
Call stack:
  File "/gpfs/home3/tsijpkens/TSPHardener/run.py", line 46, in <module>
    with Pool(processes=48) as pool:
  File "/sw/arch/RHEL8/EB_production/2023/software/Python/3.11.3-GCCcore-12.3.0/lib/python3.11/multiprocessing/context.py", line 119, in Pool
    return Pool(processes, initializer, initargs, maxtasksperchild,
  File "/sw/arch/RHEL8/EB_production/2023/software/Python/3.11.3-GCCcore-12.3.0/lib/python3.11/multiprocessing/pool.py", line 215, in __init__
    self._repopulate_pool()
  File "/sw/arch/RHEL8/EB_production/2023/software/Python/3.11.3-GCCcore-12.3.0/lib/python3.11/multiprocessing/pool.py", line 306, in _repopulate_pool
    return self._repopulate_pool_static(self._ctx, self.Process,
  File "/sw/arch/RHEL8/EB_production/2023/software/Python/3.11.3-GCCcore-12.3.0/lib/python3.11/multiprocessing/pool.py", line 329, in _repopulate_pool_static
    w.start()
  File "/sw/arch/RHEL8/EB_production/2023/software/Python/3.11.3-GCCcore-12.3.0/lib/python3.11/multiprocessing/process.py", line 121, in start
    self._popen = self._Popen(self)
  File "/sw/arch/RHEL8/EB_production/2023/software/Python/3.11.3-GCCcore-12.3.0/lib/python3.11/multiprocessing/context.py", line 281, in _Popen
    return Popen(process_obj)
  File "/sw/arch/RHEL8/EB_production/2023/software/Python/3.11.3-GCCcore-12.3.0/lib/python3.11/multiprocessing/popen_fork.py", line 19, in __init__
    self._launch(process_obj)
  File "/sw/arch/RHEL8/EB_production/2023/software/Python/3.11.3-GCCcore-12.3.0/lib/python3.11/multiprocessing/popen_fork.py", line 71, in _launch
    code = process_obj._bootstrap(parent_sentinel=child_r)
  File "/sw/arch/RHEL8/EB_production/2023/software/Python/3.11.3-GCCcore-12.3.0/lib/python3.11/multiprocessing/process.py", line 314, in _bootstrap
    self.run()
  File "/sw/arch/RHEL8/EB_production/2023/software/Python/3.11.3-GCCcore-12.3.0/lib/python3.11/multiprocessing/process.py", line 108, in run
    self._target(*self._args, **self._kwargs)
  File "/sw/arch/RHEL8/EB_production/2023/software/Python/3.11.3-GCCcore-12.3.0/lib/python3.11/multiprocessing/pool.py", line 125, in worker
    result = (True, func(*args, **kwds))
  File "/sw/arch/RHEL8/EB_production/2023/software/Python/3.11.3-GCCcore-12.3.0/lib/python3.11/multiprocessing/pool.py", line 48, in mapstar
    return list(map(*args))
  File "/gpfs/home3/tsijpkens/TSPHardener/run.py", line 38, in run_experiment
    logging.error(f"Error in {cmd}:", f"{e.stderr}")
Message: "Error in ['python3', '-m', 'main', '[20]', '[3.4]', '100', '', '--tsp_type', 'euclidean', '--distribution', 'lognormal', '--mutation_strategy', 'swap']:"
Arguments: ('',)
--- Logging error ---
Traceback (most recent call last):
  File "/gpfs/home3/tsijpkens/TSPHardener/run.py", line 33, in run_experiment
    result = subprocess.run(cmd, check=True, text=True, capture_output=True)
             ^^^^^^^^^^^^^^^^^^^^^^^^^^^^^^^^^^^^^^^^^^^^^^^^^^^^^^^^^^^^^^^
  File "/sw/arch/RHEL8/EB_production/2023/software/Python/3.11.3-GCCcore-12.3.0/lib/python3.11/subprocess.py", line 571, in run
    raise CalledProcessError(retcode, process.args,
subprocess.CalledProcessError: Command '['python3', '-m', 'main', '[20]', '[4.8]', '97', '', '--tsp_type', 'euclidean', '--distribution', 'lognormal', '--mutation_strategy', 'swap']' died with <Signals.SIGKILL: 9>.

During handling of the above exception, another exception occurred:

Traceback (most recent call last):
  File "/sw/arch/RHEL8/EB_production/2023/software/Python/3.11.3-GCCcore-12.3.0/lib/python3.11/logging/__init__.py", line 1110, in emit
    msg = self.format(record)
          ^^^^^^^^^^^^^^^^^^^
  File "/sw/arch/RHEL8/EB_production/2023/software/Python/3.11.3-GCCcore-12.3.0/lib/python3.11/logging/__init__.py", line 953, in format
    return fmt.format(record)
           ^^^^^^^^^^^^^^^^^^
  File "/sw/arch/RHEL8/EB_production/2023/software/Python/3.11.3-GCCcore-12.3.0/lib/python3.11/logging/__init__.py", line 687, in format
    record.message = record.getMessage()
                     ^^^^^^^^^^^^^^^^^^^
  File "/sw/arch/RHEL8/EB_production/2023/software/Python/3.11.3-GCCcore-12.3.0/lib/python3.11/logging/__init__.py", line 377, in getMessage
    msg = msg % self.args
          ~~~~^~~~~~~~~~~
TypeError: not all arguments converted during string formatting
Call stack:
  File "/gpfs/home3/tsijpkens/TSPHardener/run.py", line 46, in <module>
    with Pool(processes=48) as pool:
  File "/sw/arch/RHEL8/EB_production/2023/software/Python/3.11.3-GCCcore-12.3.0/lib/python3.11/multiprocessing/context.py", line 119, in Pool
    return Pool(processes, initializer, initargs, maxtasksperchild,
  File "/sw/arch/RHEL8/EB_production/2023/software/Python/3.11.3-GCCcore-12.3.0/lib/python3.11/multiprocessing/pool.py", line 215, in __init__
    self._repopulate_pool()
  File "/sw/arch/RHEL8/EB_production/2023/software/Python/3.11.3-GCCcore-12.3.0/lib/python3.11/multiprocessing/pool.py", line 306, in _repopulate_pool
    return self._repopulate_pool_static(self._ctx, self.Process,
  File "/sw/arch/RHEL8/EB_production/2023/software/Python/3.11.3-GCCcore-12.3.0/lib/python3.11/multiprocessing/pool.py", line 329, in _repopulate_pool_static
    w.start()
  File "/sw/arch/RHEL8/EB_production/2023/software/Python/3.11.3-GCCcore-12.3.0/lib/python3.11/multiprocessing/process.py", line 121, in start
    self._popen = self._Popen(self)
  File "/sw/arch/RHEL8/EB_production/2023/software/Python/3.11.3-GCCcore-12.3.0/lib/python3.11/multiprocessing/context.py", line 281, in _Popen
    return Popen(process_obj)
  File "/sw/arch/RHEL8/EB_production/2023/software/Python/3.11.3-GCCcore-12.3.0/lib/python3.11/multiprocessing/popen_fork.py", line 19, in __init__
    self._launch(process_obj)
  File "/sw/arch/RHEL8/EB_production/2023/software/Python/3.11.3-GCCcore-12.3.0/lib/python3.11/multiprocessing/popen_fork.py", line 71, in _launch
    code = process_obj._bootstrap(parent_sentinel=child_r)
  File "/sw/arch/RHEL8/EB_production/2023/software/Python/3.11.3-GCCcore-12.3.0/lib/python3.11/multiprocessing/process.py", line 314, in _bootstrap
    self.run()
  File "/sw/arch/RHEL8/EB_production/2023/software/Python/3.11.3-GCCcore-12.3.0/lib/python3.11/multiprocessing/process.py", line 108, in run
    self._target(*self._args, **self._kwargs)
  File "/sw/arch/RHEL8/EB_production/2023/software/Python/3.11.3-GCCcore-12.3.0/lib/python3.11/multiprocessing/pool.py", line 125, in worker
    result = (True, func(*args, **kwds))
  File "/sw/arch/RHEL8/EB_production/2023/software/Python/3.11.3-GCCcore-12.3.0/lib/python3.11/multiprocessing/pool.py", line 48, in mapstar
    return list(map(*args))
  File "/gpfs/home3/tsijpkens/TSPHardener/run.py", line 38, in run_experiment
    logging.error(f"Error in {cmd}:", f"{e.stderr}")
Message: "Error in ['python3', '-m', 'main', '[20]', '[4.8]', '97', '', '--tsp_type', 'euclidean', '--distribution', 'lognormal', '--mutation_strategy', 'swap']:"
Arguments: ('',)
--- Logging error ---
Traceback (most recent call last):
  File "/gpfs/home3/tsijpkens/TSPHardener/run.py", line 33, in run_experiment
    result = subprocess.run(cmd, check=True, text=True, capture_output=True)
             ^^^^^^^^^^^^^^^^^^^^^^^^^^^^^^^^^^^^^^^^^^^^^^^^^^^^^^^^^^^^^^^
  File "/sw/arch/RHEL8/EB_production/2023/software/Python/3.11.3-GCCcore-12.3.0/lib/python3.11/subprocess.py", line 571, in run
    raise CalledProcessError(retcode, process.args,
subprocess.CalledProcessError: Command '['python3', '-m', 'main', '[20]', '[4.0]', '93', '', '--tsp_type', 'euclidean', '--distribution', 'lognormal', '--mutation_strategy', 'swap']' died with <Signals.SIGKILL: 9>.

During handling of the above exception, another exception occurred:

Traceback (most recent call last):
  File "/sw/arch/RHEL8/EB_production/2023/software/Python/3.11.3-GCCcore-12.3.0/lib/python3.11/logging/__init__.py", line 1110, in emit
    msg = self.format(record)
          ^^^^^^^^^^^^^^^^^^^
  File "/sw/arch/RHEL8/EB_production/2023/software/Python/3.11.3-GCCcore-12.3.0/lib/python3.11/logging/__init__.py", line 953, in format
    return fmt.format(record)
           ^^^^^^^^^^^^^^^^^^
  File "/sw/arch/RHEL8/EB_production/2023/software/Python/3.11.3-GCCcore-12.3.0/lib/python3.11/logging/__init__.py", line 687, in format
    record.message = record.getMessage()
                     ^^^^^^^^^^^^^^^^^^^
  File "/sw/arch/RHEL8/EB_production/2023/software/Python/3.11.3-GCCcore-12.3.0/lib/python3.11/logging/__init__.py", line 377, in getMessage
    msg = msg % self.args
          ~~~~^~~~~~~~~~~
TypeError: not all arguments converted during string formatting
Call stack:
  File "/gpfs/home3/tsijpkens/TSPHardener/run.py", line 46, in <module>
    with Pool(processes=48) as pool:
  File "/sw/arch/RHEL8/EB_production/2023/software/Python/3.11.3-GCCcore-12.3.0/lib/python3.11/multiprocessing/context.py", line 119, in Pool
    return Pool(processes, initializer, initargs, maxtasksperchild,
  File "/sw/arch/RHEL8/EB_production/2023/software/Python/3.11.3-GCCcore-12.3.0/lib/python3.11/multiprocessing/pool.py", line 215, in __init__
    self._repopulate_pool()
  File "/sw/arch/RHEL8/EB_production/2023/software/Python/3.11.3-GCCcore-12.3.0/lib/python3.11/multiprocessing/pool.py", line 306, in _repopulate_pool
    return self._repopulate_pool_static(self._ctx, self.Process,
  File "/sw/arch/RHEL8/EB_production/2023/software/Python/3.11.3-GCCcore-12.3.0/lib/python3.11/multiprocessing/pool.py", line 329, in _repopulate_pool_static
    w.start()
  File "/sw/arch/RHEL8/EB_production/2023/software/Python/3.11.3-GCCcore-12.3.0/lib/python3.11/multiprocessing/process.py", line 121, in start
    self._popen = self._Popen(self)
  File "/sw/arch/RHEL8/EB_production/2023/software/Python/3.11.3-GCCcore-12.3.0/lib/python3.11/multiprocessing/context.py", line 281, in _Popen
    return Popen(process_obj)
  File "/sw/arch/RHEL8/EB_production/2023/software/Python/3.11.3-GCCcore-12.3.0/lib/python3.11/multiprocessing/popen_fork.py", line 19, in __init__
    self._launch(process_obj)
  File "/sw/arch/RHEL8/EB_production/2023/software/Python/3.11.3-GCCcore-12.3.0/lib/python3.11/multiprocessing/popen_fork.py", line 71, in _launch
    code = process_obj._bootstrap(parent_sentinel=child_r)
  File "/sw/arch/RHEL8/EB_production/2023/software/Python/3.11.3-GCCcore-12.3.0/lib/python3.11/multiprocessing/process.py", line 314, in _bootstrap
    self.run()
  File "/sw/arch/RHEL8/EB_production/2023/software/Python/3.11.3-GCCcore-12.3.0/lib/python3.11/multiprocessing/process.py", line 108, in run
    self._target(*self._args, **self._kwargs)
  File "/sw/arch/RHEL8/EB_production/2023/software/Python/3.11.3-GCCcore-12.3.0/lib/python3.11/multiprocessing/pool.py", line 125, in worker
    result = (True, func(*args, **kwds))
  File "/sw/arch/RHEL8/EB_production/2023/software/Python/3.11.3-GCCcore-12.3.0/lib/python3.11/multiprocessing/pool.py", line 48, in mapstar
    return list(map(*args))
  File "/gpfs/home3/tsijpkens/TSPHardener/run.py", line 38, in run_experiment
    logging.error(f"Error in {cmd}:", f"{e.stderr}")
Message: "Error in ['python3', '-m', 'main', '[20]', '[4.0]', '93', '', '--tsp_type', 'euclidean', '--distribution', 'lognormal', '--mutation_strategy', 'swap']:"
Arguments: ('',)
--- Logging error ---
Traceback (most recent call last):
  File "/gpfs/home3/tsijpkens/TSPHardener/run.py", line 33, in run_experiment
    result = subprocess.run(cmd, check=True, text=True, capture_output=True)
             ^^^^^^^^^^^^^^^^^^^^^^^^^^^^^^^^^^^^^^^^^^^^^^^^^^^^^^^^^^^^^^^
  File "/sw/arch/RHEL8/EB_production/2023/software/Python/3.11.3-GCCcore-12.3.0/lib/python3.11/subprocess.py", line 571, in run
    raise CalledProcessError(retcode, process.args,
subprocess.CalledProcessError: Command '['python3', '-m', 'main', '[30]', '[4.0]', '100', '', '--tsp_type', 'euclidean', '--distribution', 'lognormal', '--mutation_strategy', 'swap']' died with <Signals.SIGKILL: 9>.

During handling of the above exception, another exception occurred:

Traceback (most recent call last):
  File "/sw/arch/RHEL8/EB_production/2023/software/Python/3.11.3-GCCcore-12.3.0/lib/python3.11/logging/__init__.py", line 1110, in emit
    msg = self.format(record)
          ^^^^^^^^^^^^^^^^^^^
  File "/sw/arch/RHEL8/EB_production/2023/software/Python/3.11.3-GCCcore-12.3.0/lib/python3.11/logging/__init__.py", line 953, in format
    return fmt.format(record)
           ^^^^^^^^^^^^^^^^^^
  File "/sw/arch/RHEL8/EB_production/2023/software/Python/3.11.3-GCCcore-12.3.0/lib/python3.11/logging/__init__.py", line 687, in format
    record.message = record.getMessage()
                     ^^^^^^^^^^^^^^^^^^^
  File "/sw/arch/RHEL8/EB_production/2023/software/Python/3.11.3-GCCcore-12.3.0/lib/python3.11/logging/__init__.py", line 377, in getMessage
    msg = msg % self.args
          ~~~~^~~~~~~~~~~
TypeError: not all arguments converted during string formatting
Call stack:
  File "/gpfs/home3/tsijpkens/TSPHardener/run.py", line 46, in <module>
    with Pool(processes=48) as pool:
  File "/sw/arch/RHEL8/EB_production/2023/software/Python/3.11.3-GCCcore-12.3.0/lib/python3.11/multiprocessing/context.py", line 119, in Pool
    return Pool(processes, initializer, initargs, maxtasksperchild,
  File "/sw/arch/RHEL8/EB_production/2023/software/Python/3.11.3-GCCcore-12.3.0/lib/python3.11/multiprocessing/pool.py", line 215, in __init__
    self._repopulate_pool()
  File "/sw/arch/RHEL8/EB_production/2023/software/Python/3.11.3-GCCcore-12.3.0/lib/python3.11/multiprocessing/pool.py", line 306, in _repopulate_pool
    return self._repopulate_pool_static(self._ctx, self.Process,
  File "/sw/arch/RHEL8/EB_production/2023/software/Python/3.11.3-GCCcore-12.3.0/lib/python3.11/multiprocessing/pool.py", line 329, in _repopulate_pool_static
    w.start()
  File "/sw/arch/RHEL8/EB_production/2023/software/Python/3.11.3-GCCcore-12.3.0/lib/python3.11/multiprocessing/process.py", line 121, in start
    self._popen = self._Popen(self)
  File "/sw/arch/RHEL8/EB_production/2023/software/Python/3.11.3-GCCcore-12.3.0/lib/python3.11/multiprocessing/context.py", line 281, in _Popen
    return Popen(process_obj)
  File "/sw/arch/RHEL8/EB_production/2023/software/Python/3.11.3-GCCcore-12.3.0/lib/python3.11/multiprocessing/popen_fork.py", line 19, in __init__
    self._launch(process_obj)
  File "/sw/arch/RHEL8/EB_production/2023/software/Python/3.11.3-GCCcore-12.3.0/lib/python3.11/multiprocessing/popen_fork.py", line 71, in _launch
    code = process_obj._bootstrap(parent_sentinel=child_r)
  File "/sw/arch/RHEL8/EB_production/2023/software/Python/3.11.3-GCCcore-12.3.0/lib/python3.11/multiprocessing/process.py", line 314, in _bootstrap
    self.run()
  File "/sw/arch/RHEL8/EB_production/2023/software/Python/3.11.3-GCCcore-12.3.0/lib/python3.11/multiprocessing/process.py", line 108, in run
    self._target(*self._args, **self._kwargs)
  File "/sw/arch/RHEL8/EB_production/2023/software/Python/3.11.3-GCCcore-12.3.0/lib/python3.11/multiprocessing/pool.py", line 125, in worker
    result = (True, func(*args, **kwds))
  File "/sw/arch/RHEL8/EB_production/2023/software/Python/3.11.3-GCCcore-12.3.0/lib/python3.11/multiprocessing/pool.py", line 48, in mapstar
    return list(map(*args))
  File "/gpfs/home3/tsijpkens/TSPHardener/run.py", line 38, in run_experiment
    logging.error(f"Error in {cmd}:", f"{e.stderr}")
Message: "Error in ['python3', '-m', 'main', '[30]', '[4.0]', '100', '', '--tsp_type', 'euclidean', '--distribution', 'lognormal', '--mutation_strategy', 'swap']:"
Arguments: ('',)
--- Logging error ---
Traceback (most recent call last):
  File "/gpfs/home3/tsijpkens/TSPHardener/run.py", line 33, in run_experiment
    result = subprocess.run(cmd, check=True, text=True, capture_output=True)
             ^^^^^^^^^^^^^^^^^^^^^^^^^^^^^^^^^^^^^^^^^^^^^^^^^^^^^^^^^^^^^^^
  File "/sw/arch/RHEL8/EB_production/2023/software/Python/3.11.3-GCCcore-12.3.0/lib/python3.11/subprocess.py", line 571, in run
    raise CalledProcessError(retcode, process.args,
subprocess.CalledProcessError: Command '['python3', '-m', 'main', '[30]', '[3.4]', '100', '', '--tsp_type', 'euclidean', '--distribution', 'lognormal', '--mutation_strategy', 'swap']' died with <Signals.SIGKILL: 9>.

During handling of the above exception, another exception occurred:

Traceback (most recent call last):
  File "/sw/arch/RHEL8/EB_production/2023/software/Python/3.11.3-GCCcore-12.3.0/lib/python3.11/logging/__init__.py", line 1110, in emit
    msg = self.format(record)
          ^^^^^^^^^^^^^^^^^^^
  File "/sw/arch/RHEL8/EB_production/2023/software/Python/3.11.3-GCCcore-12.3.0/lib/python3.11/logging/__init__.py", line 953, in format
    return fmt.format(record)
           ^^^^^^^^^^^^^^^^^^
  File "/sw/arch/RHEL8/EB_production/2023/software/Python/3.11.3-GCCcore-12.3.0/lib/python3.11/logging/__init__.py", line 687, in format
    record.message = record.getMessage()
                     ^^^^^^^^^^^^^^^^^^^
  File "/sw/arch/RHEL8/EB_production/2023/software/Python/3.11.3-GCCcore-12.3.0/lib/python3.11/logging/__init__.py", line 377, in getMessage
    msg = msg % self.args
          ~~~~^~~~~~~~~~~
TypeError: not all arguments converted during string formatting
Call stack:
  File "/gpfs/home3/tsijpkens/TSPHardener/run.py", line 46, in <module>
    with Pool(processes=48) as pool:
  File "/sw/arch/RHEL8/EB_production/2023/software/Python/3.11.3-GCCcore-12.3.0/lib/python3.11/multiprocessing/context.py", line 119, in Pool
    return Pool(processes, initializer, initargs, maxtasksperchild,
  File "/sw/arch/RHEL8/EB_production/2023/software/Python/3.11.3-GCCcore-12.3.0/lib/python3.11/multiprocessing/pool.py", line 215, in __init__
    self._repopulate_pool()
  File "/sw/arch/RHEL8/EB_production/2023/software/Python/3.11.3-GCCcore-12.3.0/lib/python3.11/multiprocessing/pool.py", line 306, in _repopulate_pool
    return self._repopulate_pool_static(self._ctx, self.Process,
  File "/sw/arch/RHEL8/EB_production/2023/software/Python/3.11.3-GCCcore-12.3.0/lib/python3.11/multiprocessing/pool.py", line 329, in _repopulate_pool_static
    w.start()
  File "/sw/arch/RHEL8/EB_production/2023/software/Python/3.11.3-GCCcore-12.3.0/lib/python3.11/multiprocessing/process.py", line 121, in start
    self._popen = self._Popen(self)
  File "/sw/arch/RHEL8/EB_production/2023/software/Python/3.11.3-GCCcore-12.3.0/lib/python3.11/multiprocessing/context.py", line 281, in _Popen
    return Popen(process_obj)
  File "/sw/arch/RHEL8/EB_production/2023/software/Python/3.11.3-GCCcore-12.3.0/lib/python3.11/multiprocessing/popen_fork.py", line 19, in __init__
    self._launch(process_obj)
  File "/sw/arch/RHEL8/EB_production/2023/software/Python/3.11.3-GCCcore-12.3.0/lib/python3.11/multiprocessing/popen_fork.py", line 71, in _launch
    code = process_obj._bootstrap(parent_sentinel=child_r)
  File "/sw/arch/RHEL8/EB_production/2023/software/Python/3.11.3-GCCcore-12.3.0/lib/python3.11/multiprocessing/process.py", line 314, in _bootstrap
    self.run()
  File "/sw/arch/RHEL8/EB_production/2023/software/Python/3.11.3-GCCcore-12.3.0/lib/python3.11/multiprocessing/process.py", line 108, in run
    self._target(*self._args, **self._kwargs)
  File "/sw/arch/RHEL8/EB_production/2023/software/Python/3.11.3-GCCcore-12.3.0/lib/python3.11/multiprocessing/pool.py", line 125, in worker
    result = (True, func(*args, **kwds))
  File "/sw/arch/RHEL8/EB_production/2023/software/Python/3.11.3-GCCcore-12.3.0/lib/python3.11/multiprocessing/pool.py", line 48, in mapstar
    return list(map(*args))
  File "/gpfs/home3/tsijpkens/TSPHardener/run.py", line 38, in run_experiment
    logging.error(f"Error in {cmd}:", f"{e.stderr}")
Message: "Error in ['python3', '-m', 'main', '[30]', '[3.4]', '100', '', '--tsp_type', 'euclidean', '--distribution', 'lognormal', '--mutation_strategy', 'swap']:"
Arguments: ('',)
--- Logging error ---
Traceback (most recent call last):
  File "/gpfs/home3/tsijpkens/TSPHardener/run.py", line 33, in run_experiment
    result = subprocess.run(cmd, check=True, text=True, capture_output=True)
             ^^^^^^^^^^^^^^^^^^^^^^^^^^^^^^^^^^^^^^^^^^^^^^^^^^^^^^^^^^^^^^^
  File "/sw/arch/RHEL8/EB_production/2023/software/Python/3.11.3-GCCcore-12.3.0/lib/python3.11/subprocess.py", line 571, in run
    raise CalledProcessError(retcode, process.args,
subprocess.CalledProcessError: Command '['python3', '-m', 'main', '[20]', '[2.8]', '93', '', '--tsp_type', 'euclidean', '--distribution', 'lognormal', '--mutation_strategy', 'swap']' died with <Signals.SIGKILL: 9>.

During handling of the above exception, another exception occurred:

Traceback (most recent call last):
  File "/sw/arch/RHEL8/EB_production/2023/software/Python/3.11.3-GCCcore-12.3.0/lib/python3.11/logging/__init__.py", line 1110, in emit
    msg = self.format(record)
          ^^^^^^^^^^^^^^^^^^^
  File "/sw/arch/RHEL8/EB_production/2023/software/Python/3.11.3-GCCcore-12.3.0/lib/python3.11/logging/__init__.py", line 953, in format
    return fmt.format(record)
           ^^^^^^^^^^^^^^^^^^
  File "/sw/arch/RHEL8/EB_production/2023/software/Python/3.11.3-GCCcore-12.3.0/lib/python3.11/logging/__init__.py", line 687, in format
    record.message = record.getMessage()
                     ^^^^^^^^^^^^^^^^^^^
  File "/sw/arch/RHEL8/EB_production/2023/software/Python/3.11.3-GCCcore-12.3.0/lib/python3.11/logging/__init__.py", line 377, in getMessage
    msg = msg % self.args
          ~~~~^~~~~~~~~~~
TypeError: not all arguments converted during string formatting
Call stack:
  File "/gpfs/home3/tsijpkens/TSPHardener/run.py", line 46, in <module>
    with Pool(processes=48) as pool:
  File "/sw/arch/RHEL8/EB_production/2023/software/Python/3.11.3-GCCcore-12.3.0/lib/python3.11/multiprocessing/context.py", line 119, in Pool
    return Pool(processes, initializer, initargs, maxtasksperchild,
  File "/sw/arch/RHEL8/EB_production/2023/software/Python/3.11.3-GCCcore-12.3.0/lib/python3.11/multiprocessing/pool.py", line 215, in __init__
    self._repopulate_pool()
  File "/sw/arch/RHEL8/EB_production/2023/software/Python/3.11.3-GCCcore-12.3.0/lib/python3.11/multiprocessing/pool.py", line 306, in _repopulate_pool
    return self._repopulate_pool_static(self._ctx, self.Process,
  File "/sw/arch/RHEL8/EB_production/2023/software/Python/3.11.3-GCCcore-12.3.0/lib/python3.11/multiprocessing/pool.py", line 329, in _repopulate_pool_static
    w.start()
  File "/sw/arch/RHEL8/EB_production/2023/software/Python/3.11.3-GCCcore-12.3.0/lib/python3.11/multiprocessing/process.py", line 121, in start
    self._popen = self._Popen(self)
  File "/sw/arch/RHEL8/EB_production/2023/software/Python/3.11.3-GCCcore-12.3.0/lib/python3.11/multiprocessing/context.py", line 281, in _Popen
    return Popen(process_obj)
  File "/sw/arch/RHEL8/EB_production/2023/software/Python/3.11.3-GCCcore-12.3.0/lib/python3.11/multiprocessing/popen_fork.py", line 19, in __init__
    self._launch(process_obj)
  File "/sw/arch/RHEL8/EB_production/2023/software/Python/3.11.3-GCCcore-12.3.0/lib/python3.11/multiprocessing/popen_fork.py", line 71, in _launch
    code = process_obj._bootstrap(parent_sentinel=child_r)
  File "/sw/arch/RHEL8/EB_production/2023/software/Python/3.11.3-GCCcore-12.3.0/lib/python3.11/multiprocessing/process.py", line 314, in _bootstrap
    self.run()
  File "/sw/arch/RHEL8/EB_production/2023/software/Python/3.11.3-GCCcore-12.3.0/lib/python3.11/multiprocessing/process.py", line 108, in run
    self._target(*self._args, **self._kwargs)
  File "/sw/arch/RHEL8/EB_production/2023/software/Python/3.11.3-GCCcore-12.3.0/lib/python3.11/multiprocessing/pool.py", line 125, in worker
    result = (True, func(*args, **kwds))
  File "/sw/arch/RHEL8/EB_production/2023/software/Python/3.11.3-GCCcore-12.3.0/lib/python3.11/multiprocessing/pool.py", line 48, in mapstar
    return list(map(*args))
  File "/gpfs/home3/tsijpkens/TSPHardener/run.py", line 38, in run_experiment
    logging.error(f"Error in {cmd}:", f"{e.stderr}")
Message: "Error in ['python3', '-m', 'main', '[20]', '[2.8]', '93', '', '--tsp_type', 'euclidean', '--distribution', 'lognormal', '--mutation_strategy', 'swap']:"
Arguments: ('',)
--- Logging error ---
Traceback (most recent call last):
  File "/gpfs/home3/tsijpkens/TSPHardener/run.py", line 33, in run_experiment
    result = subprocess.run(cmd, check=True, text=True, capture_output=True)
             ^^^^^^^^^^^^^^^^^^^^^^^^^^^^^^^^^^^^^^^^^^^^^^^^^^^^^^^^^^^^^^^
  File "/sw/arch/RHEL8/EB_production/2023/software/Python/3.11.3-GCCcore-12.3.0/lib/python3.11/subprocess.py", line 571, in run
    raise CalledProcessError(retcode, process.args,
subprocess.CalledProcessError: Command '['python3', '-m', 'main', '[20]', '[0.4]', '73', '', '--tsp_type', 'euclidean', '--distribution', 'lognormal', '--mutation_strategy', 'swap']' died with <Signals.SIGKILL: 9>.

During handling of the above exception, another exception occurred:

Traceback (most recent call last):
  File "/sw/arch/RHEL8/EB_production/2023/software/Python/3.11.3-GCCcore-12.3.0/lib/python3.11/logging/__init__.py", line 1110, in emit
    msg = self.format(record)
          ^^^^^^^^^^^^^^^^^^^
  File "/sw/arch/RHEL8/EB_production/2023/software/Python/3.11.3-GCCcore-12.3.0/lib/python3.11/logging/__init__.py", line 953, in format
    return fmt.format(record)
           ^^^^^^^^^^^^^^^^^^
  File "/sw/arch/RHEL8/EB_production/2023/software/Python/3.11.3-GCCcore-12.3.0/lib/python3.11/logging/__init__.py", line 687, in format
    record.message = record.getMessage()
                     ^^^^^^^^^^^^^^^^^^^
  File "/sw/arch/RHEL8/EB_production/2023/software/Python/3.11.3-GCCcore-12.3.0/lib/python3.11/logging/__init__.py", line 377, in getMessage
    msg = msg % self.args
          ~~~~^~~~~~~~~~~
TypeError: not all arguments converted during string formatting
Call stack:
  File "/gpfs/home3/tsijpkens/TSPHardener/run.py", line 46, in <module>
    with Pool(processes=48) as pool:
  File "/sw/arch/RHEL8/EB_production/2023/software/Python/3.11.3-GCCcore-12.3.0/lib/python3.11/multiprocessing/context.py", line 119, in Pool
    return Pool(processes, initializer, initargs, maxtasksperchild,
  File "/sw/arch/RHEL8/EB_production/2023/software/Python/3.11.3-GCCcore-12.3.0/lib/python3.11/multiprocessing/pool.py", line 215, in __init__
    self._repopulate_pool()
  File "/sw/arch/RHEL8/EB_production/2023/software/Python/3.11.3-GCCcore-12.3.0/lib/python3.11/multiprocessing/pool.py", line 306, in _repopulate_pool
    return self._repopulate_pool_static(self._ctx, self.Process,
  File "/sw/arch/RHEL8/EB_production/2023/software/Python/3.11.3-GCCcore-12.3.0/lib/python3.11/multiprocessing/pool.py", line 329, in _repopulate_pool_static
    w.start()
  File "/sw/arch/RHEL8/EB_production/2023/software/Python/3.11.3-GCCcore-12.3.0/lib/python3.11/multiprocessing/process.py", line 121, in start
    self._popen = self._Popen(self)
  File "/sw/arch/RHEL8/EB_production/2023/software/Python/3.11.3-GCCcore-12.3.0/lib/python3.11/multiprocessing/context.py", line 281, in _Popen
    return Popen(process_obj)
  File "/sw/arch/RHEL8/EB_production/2023/software/Python/3.11.3-GCCcore-12.3.0/lib/python3.11/multiprocessing/popen_fork.py", line 19, in __init__
    self._launch(process_obj)
  File "/sw/arch/RHEL8/EB_production/2023/software/Python/3.11.3-GCCcore-12.3.0/lib/python3.11/multiprocessing/popen_fork.py", line 71, in _launch
    code = process_obj._bootstrap(parent_sentinel=child_r)
  File "/sw/arch/RHEL8/EB_production/2023/software/Python/3.11.3-GCCcore-12.3.0/lib/python3.11/multiprocessing/process.py", line 314, in _bootstrap
    self.run()
  File "/sw/arch/RHEL8/EB_production/2023/software/Python/3.11.3-GCCcore-12.3.0/lib/python3.11/multiprocessing/process.py", line 108, in run
    self._target(*self._args, **self._kwargs)
  File "/sw/arch/RHEL8/EB_production/2023/software/Python/3.11.3-GCCcore-12.3.0/lib/python3.11/multiprocessing/pool.py", line 125, in worker
    result = (True, func(*args, **kwds))
  File "/sw/arch/RHEL8/EB_production/2023/software/Python/3.11.3-GCCcore-12.3.0/lib/python3.11/multiprocessing/pool.py", line 48, in mapstar
    return list(map(*args))
  File "/gpfs/home3/tsijpkens/TSPHardener/run.py", line 38, in run_experiment
    logging.error(f"Error in {cmd}:", f"{e.stderr}")
Message: "Error in ['python3', '-m', 'main', '[20]', '[0.4]', '73', '', '--tsp_type', 'euclidean', '--distribution', 'lognormal', '--mutation_strategy', 'swap']:"
Arguments: ('',)
--- Logging error ---
Traceback (most recent call last):
  File "/gpfs/home3/tsijpkens/TSPHardener/run.py", line 33, in run_experiment
    result = subprocess.run(cmd, check=True, text=True, capture_output=True)
             ^^^^^^^^^^^^^^^^^^^^^^^^^^^^^^^^^^^^^^^^^^^^^^^^^^^^^^^^^^^^^^^
  File "/sw/arch/RHEL8/EB_production/2023/software/Python/3.11.3-GCCcore-12.3.0/lib/python3.11/subprocess.py", line 571, in run
    raise CalledProcessError(retcode, process.args,
subprocess.CalledProcessError: Command '['python3', '-m', 'main', '[30]', '[1.8]', '96', '', '--tsp_type', 'euclidean', '--distribution', 'lognormal', '--mutation_strategy', 'swap']' died with <Signals.SIGKILL: 9>.

During handling of the above exception, another exception occurred:

Traceback (most recent call last):
  File "/sw/arch/RHEL8/EB_production/2023/software/Python/3.11.3-GCCcore-12.3.0/lib/python3.11/logging/__init__.py", line 1110, in emit
    msg = self.format(record)
          ^^^^^^^^^^^^^^^^^^^
  File "/sw/arch/RHEL8/EB_production/2023/software/Python/3.11.3-GCCcore-12.3.0/lib/python3.11/logging/__init__.py", line 953, in format
    return fmt.format(record)
           ^^^^^^^^^^^^^^^^^^
  File "/sw/arch/RHEL8/EB_production/2023/software/Python/3.11.3-GCCcore-12.3.0/lib/python3.11/logging/__init__.py", line 687, in format
    record.message = record.getMessage()
                     ^^^^^^^^^^^^^^^^^^^
  File "/sw/arch/RHEL8/EB_production/2023/software/Python/3.11.3-GCCcore-12.3.0/lib/python3.11/logging/__init__.py", line 377, in getMessage
    msg = msg % self.args
          ~~~~^~~~~~~~~~~
TypeError: not all arguments converted during string formatting
Call stack:
  File "/gpfs/home3/tsijpkens/TSPHardener/run.py", line 46, in <module>
    with Pool(processes=48) as pool:
  File "/sw/arch/RHEL8/EB_production/2023/software/Python/3.11.3-GCCcore-12.3.0/lib/python3.11/multiprocessing/context.py", line 119, in Pool
    return Pool(processes, initializer, initargs, maxtasksperchild,
  File "/sw/arch/RHEL8/EB_production/2023/software/Python/3.11.3-GCCcore-12.3.0/lib/python3.11/multiprocessing/pool.py", line 215, in __init__
    self._repopulate_pool()
  File "/sw/arch/RHEL8/EB_production/2023/software/Python/3.11.3-GCCcore-12.3.0/lib/python3.11/multiprocessing/pool.py", line 306, in _repopulate_pool
    return self._repopulate_pool_static(self._ctx, self.Process,
  File "/sw/arch/RHEL8/EB_production/2023/software/Python/3.11.3-GCCcore-12.3.0/lib/python3.11/multiprocessing/pool.py", line 329, in _repopulate_pool_static
    w.start()
  File "/sw/arch/RHEL8/EB_production/2023/software/Python/3.11.3-GCCcore-12.3.0/lib/python3.11/multiprocessing/process.py", line 121, in start
    self._popen = self._Popen(self)
  File "/sw/arch/RHEL8/EB_production/2023/software/Python/3.11.3-GCCcore-12.3.0/lib/python3.11/multiprocessing/context.py", line 281, in _Popen
    return Popen(process_obj)
  File "/sw/arch/RHEL8/EB_production/2023/software/Python/3.11.3-GCCcore-12.3.0/lib/python3.11/multiprocessing/popen_fork.py", line 19, in __init__
    self._launch(process_obj)
  File "/sw/arch/RHEL8/EB_production/2023/software/Python/3.11.3-GCCcore-12.3.0/lib/python3.11/multiprocessing/popen_fork.py", line 71, in _launch
    code = process_obj._bootstrap(parent_sentinel=child_r)
  File "/sw/arch/RHEL8/EB_production/2023/software/Python/3.11.3-GCCcore-12.3.0/lib/python3.11/multiprocessing/process.py", line 314, in _bootstrap
    self.run()
  File "/sw/arch/RHEL8/EB_production/2023/software/Python/3.11.3-GCCcore-12.3.0/lib/python3.11/multiprocessing/process.py", line 108, in run
    self._target(*self._args, **self._kwargs)
  File "/sw/arch/RHEL8/EB_production/2023/software/Python/3.11.3-GCCcore-12.3.0/lib/python3.11/multiprocessing/pool.py", line 125, in worker
    result = (True, func(*args, **kwds))
  File "/sw/arch/RHEL8/EB_production/2023/software/Python/3.11.3-GCCcore-12.3.0/lib/python3.11/multiprocessing/pool.py", line 48, in mapstar
    return list(map(*args))
  File "/gpfs/home3/tsijpkens/TSPHardener/run.py", line 38, in run_experiment
    logging.error(f"Error in {cmd}:", f"{e.stderr}")
Message: "Error in ['python3', '-m', 'main', '[30]', '[1.8]', '96', '', '--tsp_type', 'euclidean', '--distribution', 'lognormal', '--mutation_strategy', 'swap']:"
Arguments: ('',)
--- Logging error ---
Traceback (most recent call last):
  File "/gpfs/home3/tsijpkens/TSPHardener/run.py", line 33, in run_experiment
    result = subprocess.run(cmd, check=True, text=True, capture_output=True)
             ^^^^^^^^^^^^^^^^^^^^^^^^^^^^^^^^^^^^^^^^^^^^^^^^^^^^^^^^^^^^^^^
  File "/sw/arch/RHEL8/EB_production/2023/software/Python/3.11.3-GCCcore-12.3.0/lib/python3.11/subprocess.py", line 571, in run
    raise CalledProcessError(retcode, process.args,
subprocess.CalledProcessError: Command '['python3', '-m', 'main', '[20]', '[3.0]', '100', '', '--tsp_type', 'euclidean', '--distribution', 'lognormal', '--mutation_strategy', 'swap']' died with <Signals.SIGKILL: 9>.

During handling of the above exception, another exception occurred:

Traceback (most recent call last):
  File "/sw/arch/RHEL8/EB_production/2023/software/Python/3.11.3-GCCcore-12.3.0/lib/python3.11/logging/__init__.py", line 1110, in emit
    msg = self.format(record)
          ^^^^^^^^^^^^^^^^^^^
  File "/sw/arch/RHEL8/EB_production/2023/software/Python/3.11.3-GCCcore-12.3.0/lib/python3.11/logging/__init__.py", line 953, in format
    return fmt.format(record)
           ^^^^^^^^^^^^^^^^^^
  File "/sw/arch/RHEL8/EB_production/2023/software/Python/3.11.3-GCCcore-12.3.0/lib/python3.11/logging/__init__.py", line 687, in format
    record.message = record.getMessage()
                     ^^^^^^^^^^^^^^^^^^^
  File "/sw/arch/RHEL8/EB_production/2023/software/Python/3.11.3-GCCcore-12.3.0/lib/python3.11/logging/__init__.py", line 377, in getMessage
    msg = msg % self.args
          ~~~~^~~~~~~~~~~
TypeError: not all arguments converted during string formatting
Call stack:
  File "/gpfs/home3/tsijpkens/TSPHardener/run.py", line 46, in <module>
    with Pool(processes=48) as pool:
  File "/sw/arch/RHEL8/EB_production/2023/software/Python/3.11.3-GCCcore-12.3.0/lib/python3.11/multiprocessing/context.py", line 119, in Pool
    return Pool(processes, initializer, initargs, maxtasksperchild,
  File "/sw/arch/RHEL8/EB_production/2023/software/Python/3.11.3-GCCcore-12.3.0/lib/python3.11/multiprocessing/pool.py", line 215, in __init__
    self._repopulate_pool()
  File "/sw/arch/RHEL8/EB_production/2023/software/Python/3.11.3-GCCcore-12.3.0/lib/python3.11/multiprocessing/pool.py", line 306, in _repopulate_pool
    return self._repopulate_pool_static(self._ctx, self.Process,
  File "/sw/arch/RHEL8/EB_production/2023/software/Python/3.11.3-GCCcore-12.3.0/lib/python3.11/multiprocessing/pool.py", line 329, in _repopulate_pool_static
    w.start()
  File "/sw/arch/RHEL8/EB_production/2023/software/Python/3.11.3-GCCcore-12.3.0/lib/python3.11/multiprocessing/process.py", line 121, in start
    self._popen = self._Popen(self)
  File "/sw/arch/RHEL8/EB_production/2023/software/Python/3.11.3-GCCcore-12.3.0/lib/python3.11/multiprocessing/context.py", line 281, in _Popen
    return Popen(process_obj)
  File "/sw/arch/RHEL8/EB_production/2023/software/Python/3.11.3-GCCcore-12.3.0/lib/python3.11/multiprocessing/popen_fork.py", line 19, in __init__
    self._launch(process_obj)
  File "/sw/arch/RHEL8/EB_production/2023/software/Python/3.11.3-GCCcore-12.3.0/lib/python3.11/multiprocessing/popen_fork.py", line 71, in _launch
    code = process_obj._bootstrap(parent_sentinel=child_r)
  File "/sw/arch/RHEL8/EB_production/2023/software/Python/3.11.3-GCCcore-12.3.0/lib/python3.11/multiprocessing/process.py", line 314, in _bootstrap
    self.run()
  File "/sw/arch/RHEL8/EB_production/2023/software/Python/3.11.3-GCCcore-12.3.0/lib/python3.11/multiprocessing/process.py", line 108, in run
    self._target(*self._args, **self._kwargs)
  File "/sw/arch/RHEL8/EB_production/2023/software/Python/3.11.3-GCCcore-12.3.0/lib/python3.11/multiprocessing/pool.py", line 125, in worker
    result = (True, func(*args, **kwds))
  File "/sw/arch/RHEL8/EB_production/2023/software/Python/3.11.3-GCCcore-12.3.0/lib/python3.11/multiprocessing/pool.py", line 48, in mapstar
    return list(map(*args))
  File "/gpfs/home3/tsijpkens/TSPHardener/run.py", line 38, in run_experiment
    logging.error(f"Error in {cmd}:", f"{e.stderr}")
Message: "Error in ['python3', '-m', 'main', '[20]', '[3.0]', '100', '', '--tsp_type', 'euclidean', '--distribution', 'lognormal', '--mutation_strategy', 'swap']:"
Arguments: ('',)
--- Logging error ---
Traceback (most recent call last):
  File "/gpfs/home3/tsijpkens/TSPHardener/run.py", line 33, in run_experiment
    result = subprocess.run(cmd, check=True, text=True, capture_output=True)
             ^^^^^^^^^^^^^^^^^^^^^^^^^^^^^^^^^^^^^^^^^^^^^^^^^^^^^^^^^^^^^^^
  File "/sw/arch/RHEL8/EB_production/2023/software/Python/3.11.3-GCCcore-12.3.0/lib/python3.11/subprocess.py", line 571, in run
    raise CalledProcessError(retcode, process.args,
subprocess.CalledProcessError: Command '['python3', '-m', 'main', '[20]', '[3.6]', '99', '', '--tsp_type', 'euclidean', '--distribution', 'lognormal', '--mutation_strategy', 'swap']' died with <Signals.SIGKILL: 9>.

During handling of the above exception, another exception occurred:

Traceback (most recent call last):
  File "/sw/arch/RHEL8/EB_production/2023/software/Python/3.11.3-GCCcore-12.3.0/lib/python3.11/logging/__init__.py", line 1110, in emit
    msg = self.format(record)
          ^^^^^^^^^^^^^^^^^^^
  File "/sw/arch/RHEL8/EB_production/2023/software/Python/3.11.3-GCCcore-12.3.0/lib/python3.11/logging/__init__.py", line 953, in format
    return fmt.format(record)
           ^^^^^^^^^^^^^^^^^^
  File "/sw/arch/RHEL8/EB_production/2023/software/Python/3.11.3-GCCcore-12.3.0/lib/python3.11/logging/__init__.py", line 687, in format
    record.message = record.getMessage()
                     ^^^^^^^^^^^^^^^^^^^
  File "/sw/arch/RHEL8/EB_production/2023/software/Python/3.11.3-GCCcore-12.3.0/lib/python3.11/logging/__init__.py", line 377, in getMessage
    msg = msg % self.args
          ~~~~^~~~~~~~~~~
TypeError: not all arguments converted during string formatting
Call stack:
  File "/gpfs/home3/tsijpkens/TSPHardener/run.py", line 46, in <module>
    with Pool(processes=48) as pool:
  File "/sw/arch/RHEL8/EB_production/2023/software/Python/3.11.3-GCCcore-12.3.0/lib/python3.11/multiprocessing/context.py", line 119, in Pool
    return Pool(processes, initializer, initargs, maxtasksperchild,
  File "/sw/arch/RHEL8/EB_production/2023/software/Python/3.11.3-GCCcore-12.3.0/lib/python3.11/multiprocessing/pool.py", line 215, in __init__
    self._repopulate_pool()
  File "/sw/arch/RHEL8/EB_production/2023/software/Python/3.11.3-GCCcore-12.3.0/lib/python3.11/multiprocessing/pool.py", line 306, in _repopulate_pool
    return self._repopulate_pool_static(self._ctx, self.Process,
  File "/sw/arch/RHEL8/EB_production/2023/software/Python/3.11.3-GCCcore-12.3.0/lib/python3.11/multiprocessing/pool.py", line 329, in _repopulate_pool_static
    w.start()
  File "/sw/arch/RHEL8/EB_production/2023/software/Python/3.11.3-GCCcore-12.3.0/lib/python3.11/multiprocessing/process.py", line 121, in start
    self._popen = self._Popen(self)
  File "/sw/arch/RHEL8/EB_production/2023/software/Python/3.11.3-GCCcore-12.3.0/lib/python3.11/multiprocessing/context.py", line 281, in _Popen
    return Popen(process_obj)
  File "/sw/arch/RHEL8/EB_production/2023/software/Python/3.11.3-GCCcore-12.3.0/lib/python3.11/multiprocessing/popen_fork.py", line 19, in __init__
    self._launch(process_obj)
  File "/sw/arch/RHEL8/EB_production/2023/software/Python/3.11.3-GCCcore-12.3.0/lib/python3.11/multiprocessing/popen_fork.py", line 71, in _launch
    code = process_obj._bootstrap(parent_sentinel=child_r)
  File "/sw/arch/RHEL8/EB_production/2023/software/Python/3.11.3-GCCcore-12.3.0/lib/python3.11/multiprocessing/process.py", line 314, in _bootstrap
    self.run()
  File "/sw/arch/RHEL8/EB_production/2023/software/Python/3.11.3-GCCcore-12.3.0/lib/python3.11/multiprocessing/process.py", line 108, in run
    self._target(*self._args, **self._kwargs)
  File "/sw/arch/RHEL8/EB_production/2023/software/Python/3.11.3-GCCcore-12.3.0/lib/python3.11/multiprocessing/pool.py", line 125, in worker
    result = (True, func(*args, **kwds))
  File "/sw/arch/RHEL8/EB_production/2023/software/Python/3.11.3-GCCcore-12.3.0/lib/python3.11/multiprocessing/pool.py", line 48, in mapstar
    return list(map(*args))
  File "/gpfs/home3/tsijpkens/TSPHardener/run.py", line 38, in run_experiment
    logging.error(f"Error in {cmd}:", f"{e.stderr}")
Message: "Error in ['python3', '-m', 'main', '[20]', '[3.6]', '99', '', '--tsp_type', 'euclidean', '--distribution', 'lognormal', '--mutation_strategy', 'swap']:"
Arguments: ('',)
--- Logging error ---
Traceback (most recent call last):
  File "/gpfs/home3/tsijpkens/TSPHardener/run.py", line 33, in run_experiment
    result = subprocess.run(cmd, check=True, text=True, capture_output=True)
             ^^^^^^^^^^^^^^^^^^^^^^^^^^^^^^^^^^^^^^^^^^^^^^^^^^^^^^^^^^^^^^^
  File "/sw/arch/RHEL8/EB_production/2023/software/Python/3.11.3-GCCcore-12.3.0/lib/python3.11/subprocess.py", line 571, in run
    raise CalledProcessError(retcode, process.args,
subprocess.CalledProcessError: Command '['python3', '-m', 'main', '[20]', '[4.6]', '100', '', '--tsp_type', 'euclidean', '--distribution', 'lognormal', '--mutation_strategy', 'swap']' died with <Signals.SIGKILL: 9>.

During handling of the above exception, another exception occurred:

Traceback (most recent call last):
  File "/sw/arch/RHEL8/EB_production/2023/software/Python/3.11.3-GCCcore-12.3.0/lib/python3.11/logging/__init__.py", line 1110, in emit
    msg = self.format(record)
          ^^^^^^^^^^^^^^^^^^^
  File "/sw/arch/RHEL8/EB_production/2023/software/Python/3.11.3-GCCcore-12.3.0/lib/python3.11/logging/__init__.py", line 953, in format
    return fmt.format(record)
           ^^^^^^^^^^^^^^^^^^
  File "/sw/arch/RHEL8/EB_production/2023/software/Python/3.11.3-GCCcore-12.3.0/lib/python3.11/logging/__init__.py", line 687, in format
    record.message = record.getMessage()
                     ^^^^^^^^^^^^^^^^^^^
  File "/sw/arch/RHEL8/EB_production/2023/software/Python/3.11.3-GCCcore-12.3.0/lib/python3.11/logging/__init__.py", line 377, in getMessage
    msg = msg % self.args
          ~~~~^~~~~~~~~~~
TypeError: not all arguments converted during string formatting
Call stack:
  File "/gpfs/home3/tsijpkens/TSPHardener/run.py", line 46, in <module>
    with Pool(processes=48) as pool:
  File "/sw/arch/RHEL8/EB_production/2023/software/Python/3.11.3-GCCcore-12.3.0/lib/python3.11/multiprocessing/context.py", line 119, in Pool
    return Pool(processes, initializer, initargs, maxtasksperchild,
  File "/sw/arch/RHEL8/EB_production/2023/software/Python/3.11.3-GCCcore-12.3.0/lib/python3.11/multiprocessing/pool.py", line 215, in __init__
    self._repopulate_pool()
  File "/sw/arch/RHEL8/EB_production/2023/software/Python/3.11.3-GCCcore-12.3.0/lib/python3.11/multiprocessing/pool.py", line 306, in _repopulate_pool
    return self._repopulate_pool_static(self._ctx, self.Process,
  File "/sw/arch/RHEL8/EB_production/2023/software/Python/3.11.3-GCCcore-12.3.0/lib/python3.11/multiprocessing/pool.py", line 329, in _repopulate_pool_static
    w.start()
  File "/sw/arch/RHEL8/EB_production/2023/software/Python/3.11.3-GCCcore-12.3.0/lib/python3.11/multiprocessing/process.py", line 121, in start
    self._popen = self._Popen(self)
  File "/sw/arch/RHEL8/EB_production/2023/software/Python/3.11.3-GCCcore-12.3.0/lib/python3.11/multiprocessing/context.py", line 281, in _Popen
    return Popen(process_obj)
  File "/sw/arch/RHEL8/EB_production/2023/software/Python/3.11.3-GCCcore-12.3.0/lib/python3.11/multiprocessing/popen_fork.py", line 19, in __init__
    self._launch(process_obj)
  File "/sw/arch/RHEL8/EB_production/2023/software/Python/3.11.3-GCCcore-12.3.0/lib/python3.11/multiprocessing/popen_fork.py", line 71, in _launch
    code = process_obj._bootstrap(parent_sentinel=child_r)
  File "/sw/arch/RHEL8/EB_production/2023/software/Python/3.11.3-GCCcore-12.3.0/lib/python3.11/multiprocessing/process.py", line 314, in _bootstrap
    self.run()
  File "/sw/arch/RHEL8/EB_production/2023/software/Python/3.11.3-GCCcore-12.3.0/lib/python3.11/multiprocessing/process.py", line 108, in run
    self._target(*self._args, **self._kwargs)
  File "/sw/arch/RHEL8/EB_production/2023/software/Python/3.11.3-GCCcore-12.3.0/lib/python3.11/multiprocessing/pool.py", line 125, in worker
    result = (True, func(*args, **kwds))
  File "/sw/arch/RHEL8/EB_production/2023/software/Python/3.11.3-GCCcore-12.3.0/lib/python3.11/multiprocessing/pool.py", line 48, in mapstar
    return list(map(*args))
  File "/gpfs/home3/tsijpkens/TSPHardener/run.py", line 38, in run_experiment
    logging.error(f"Error in {cmd}:", f"{e.stderr}")
Message: "Error in ['python3', '-m', 'main', '[20]', '[4.6]', '100', '', '--tsp_type', 'euclidean', '--distribution', 'lognormal', '--mutation_strategy', 'swap']:"
Arguments: ('',)
--- Logging error ---
Traceback (most recent call last):
  File "/gpfs/home3/tsijpkens/TSPHardener/run.py", line 33, in run_experiment
    result = subprocess.run(cmd, check=True, text=True, capture_output=True)
             ^^^^^^^^^^^^^^^^^^^^^^^^^^^^^^^^^^^^^^^^^^^^^^^^^^^^^^^^^^^^^^^
  File "/sw/arch/RHEL8/EB_production/2023/software/Python/3.11.3-GCCcore-12.3.0/lib/python3.11/subprocess.py", line 571, in run
    raise CalledProcessError(retcode, process.args,
subprocess.CalledProcessError: Command '['python3', '-m', 'main', '[20]', '[0.2]', '95', '', '--tsp_type', 'euclidean', '--distribution', 'lognormal', '--mutation_strategy', 'swap']' died with <Signals.SIGKILL: 9>.

During handling of the above exception, another exception occurred:

Traceback (most recent call last):
  File "/sw/arch/RHEL8/EB_production/2023/software/Python/3.11.3-GCCcore-12.3.0/lib/python3.11/logging/__init__.py", line 1110, in emit
    msg = self.format(record)
          ^^^^^^^^^^^^^^^^^^^
  File "/sw/arch/RHEL8/EB_production/2023/software/Python/3.11.3-GCCcore-12.3.0/lib/python3.11/logging/__init__.py", line 953, in format
    return fmt.format(record)
           ^^^^^^^^^^^^^^^^^^
  File "/sw/arch/RHEL8/EB_production/2023/software/Python/3.11.3-GCCcore-12.3.0/lib/python3.11/logging/__init__.py", line 687, in format
    record.message = record.getMessage()
                     ^^^^^^^^^^^^^^^^^^^
  File "/sw/arch/RHEL8/EB_production/2023/software/Python/3.11.3-GCCcore-12.3.0/lib/python3.11/logging/__init__.py", line 377, in getMessage
    msg = msg % self.args
          ~~~~^~~~~~~~~~~
TypeError: not all arguments converted during string formatting
Call stack:
  File "/gpfs/home3/tsijpkens/TSPHardener/run.py", line 46, in <module>
    with Pool(processes=48) as pool:
  File "/sw/arch/RHEL8/EB_production/2023/software/Python/3.11.3-GCCcore-12.3.0/lib/python3.11/multiprocessing/context.py", line 119, in Pool
    return Pool(processes, initializer, initargs, maxtasksperchild,
  File "/sw/arch/RHEL8/EB_production/2023/software/Python/3.11.3-GCCcore-12.3.0/lib/python3.11/multiprocessing/pool.py", line 215, in __init__
    self._repopulate_pool()
  File "/sw/arch/RHEL8/EB_production/2023/software/Python/3.11.3-GCCcore-12.3.0/lib/python3.11/multiprocessing/pool.py", line 306, in _repopulate_pool
    return self._repopulate_pool_static(self._ctx, self.Process,
  File "/sw/arch/RHEL8/EB_production/2023/software/Python/3.11.3-GCCcore-12.3.0/lib/python3.11/multiprocessing/pool.py", line 329, in _repopulate_pool_static
    w.start()
  File "/sw/arch/RHEL8/EB_production/2023/software/Python/3.11.3-GCCcore-12.3.0/lib/python3.11/multiprocessing/process.py", line 121, in start
    self._popen = self._Popen(self)
  File "/sw/arch/RHEL8/EB_production/2023/software/Python/3.11.3-GCCcore-12.3.0/lib/python3.11/multiprocessing/context.py", line 281, in _Popen
    return Popen(process_obj)
  File "/sw/arch/RHEL8/EB_production/2023/software/Python/3.11.3-GCCcore-12.3.0/lib/python3.11/multiprocessing/popen_fork.py", line 19, in __init__
    self._launch(process_obj)
  File "/sw/arch/RHEL8/EB_production/2023/software/Python/3.11.3-GCCcore-12.3.0/lib/python3.11/multiprocessing/popen_fork.py", line 71, in _launch
    code = process_obj._bootstrap(parent_sentinel=child_r)
  File "/sw/arch/RHEL8/EB_production/2023/software/Python/3.11.3-GCCcore-12.3.0/lib/python3.11/multiprocessing/process.py", line 314, in _bootstrap
    self.run()
  File "/sw/arch/RHEL8/EB_production/2023/software/Python/3.11.3-GCCcore-12.3.0/lib/python3.11/multiprocessing/process.py", line 108, in run
    self._target(*self._args, **self._kwargs)
  File "/sw/arch/RHEL8/EB_production/2023/software/Python/3.11.3-GCCcore-12.3.0/lib/python3.11/multiprocessing/pool.py", line 125, in worker
    result = (True, func(*args, **kwds))
  File "/sw/arch/RHEL8/EB_production/2023/software/Python/3.11.3-GCCcore-12.3.0/lib/python3.11/multiprocessing/pool.py", line 48, in mapstar
    return list(map(*args))
  File "/gpfs/home3/tsijpkens/TSPHardener/run.py", line 38, in run_experiment
    logging.error(f"Error in {cmd}:", f"{e.stderr}")
Message: "Error in ['python3', '-m', 'main', '[20]', '[0.2]', '95', '', '--tsp_type', 'euclidean', '--distribution', 'lognormal', '--mutation_strategy', 'swap']:"
Arguments: ('',)
--- Logging error ---
Traceback (most recent call last):
  File "/gpfs/home3/tsijpkens/TSPHardener/run.py", line 33, in run_experiment
    result = subprocess.run(cmd, check=True, text=True, capture_output=True)
             ^^^^^^^^^^^^^^^^^^^^^^^^^^^^^^^^^^^^^^^^^^^^^^^^^^^^^^^^^^^^^^^
  File "/sw/arch/RHEL8/EB_production/2023/software/Python/3.11.3-GCCcore-12.3.0/lib/python3.11/subprocess.py", line 571, in run
    raise CalledProcessError(retcode, process.args,
subprocess.CalledProcessError: Command '['python3', '-m', 'main', '[20]', '[5.0]', '97', '', '--tsp_type', 'euclidean', '--distribution', 'lognormal', '--mutation_strategy', 'swap']' died with <Signals.SIGKILL: 9>.

During handling of the above exception, another exception occurred:

Traceback (most recent call last):
  File "/sw/arch/RHEL8/EB_production/2023/software/Python/3.11.3-GCCcore-12.3.0/lib/python3.11/logging/__init__.py", line 1110, in emit
    msg = self.format(record)
          ^^^^^^^^^^^^^^^^^^^
  File "/sw/arch/RHEL8/EB_production/2023/software/Python/3.11.3-GCCcore-12.3.0/lib/python3.11/logging/__init__.py", line 953, in format
    return fmt.format(record)
           ^^^^^^^^^^^^^^^^^^
  File "/sw/arch/RHEL8/EB_production/2023/software/Python/3.11.3-GCCcore-12.3.0/lib/python3.11/logging/__init__.py", line 687, in format
    record.message = record.getMessage()
                     ^^^^^^^^^^^^^^^^^^^
  File "/sw/arch/RHEL8/EB_production/2023/software/Python/3.11.3-GCCcore-12.3.0/lib/python3.11/logging/__init__.py", line 377, in getMessage
    msg = msg % self.args
          ~~~~^~~~~~~~~~~
TypeError: not all arguments converted during string formatting
Call stack:
  File "/gpfs/home3/tsijpkens/TSPHardener/run.py", line 46, in <module>
    with Pool(processes=48) as pool:
  File "/sw/arch/RHEL8/EB_production/2023/software/Python/3.11.3-GCCcore-12.3.0/lib/python3.11/multiprocessing/context.py", line 119, in Pool
    return Pool(processes, initializer, initargs, maxtasksperchild,
  File "/sw/arch/RHEL8/EB_production/2023/software/Python/3.11.3-GCCcore-12.3.0/lib/python3.11/multiprocessing/pool.py", line 215, in __init__
    self._repopulate_pool()
  File "/sw/arch/RHEL8/EB_production/2023/software/Python/3.11.3-GCCcore-12.3.0/lib/python3.11/multiprocessing/pool.py", line 306, in _repopulate_pool
    return self._repopulate_pool_static(self._ctx, self.Process,
  File "/sw/arch/RHEL8/EB_production/2023/software/Python/3.11.3-GCCcore-12.3.0/lib/python3.11/multiprocessing/pool.py", line 329, in _repopulate_pool_static
    w.start()
  File "/sw/arch/RHEL8/EB_production/2023/software/Python/3.11.3-GCCcore-12.3.0/lib/python3.11/multiprocessing/process.py", line 121, in start
    self._popen = self._Popen(self)
  File "/sw/arch/RHEL8/EB_production/2023/software/Python/3.11.3-GCCcore-12.3.0/lib/python3.11/multiprocessing/context.py", line 281, in _Popen
    return Popen(process_obj)
  File "/sw/arch/RHEL8/EB_production/2023/software/Python/3.11.3-GCCcore-12.3.0/lib/python3.11/multiprocessing/popen_fork.py", line 19, in __init__
    self._launch(process_obj)
  File "/sw/arch/RHEL8/EB_production/2023/software/Python/3.11.3-GCCcore-12.3.0/lib/python3.11/multiprocessing/popen_fork.py", line 71, in _launch
    code = process_obj._bootstrap(parent_sentinel=child_r)
  File "/sw/arch/RHEL8/EB_production/2023/software/Python/3.11.3-GCCcore-12.3.0/lib/python3.11/multiprocessing/process.py", line 314, in _bootstrap
    self.run()
  File "/sw/arch/RHEL8/EB_production/2023/software/Python/3.11.3-GCCcore-12.3.0/lib/python3.11/multiprocessing/process.py", line 108, in run
    self._target(*self._args, **self._kwargs)
  File "/sw/arch/RHEL8/EB_production/2023/software/Python/3.11.3-GCCcore-12.3.0/lib/python3.11/multiprocessing/pool.py", line 125, in worker
    result = (True, func(*args, **kwds))
  File "/sw/arch/RHEL8/EB_production/2023/software/Python/3.11.3-GCCcore-12.3.0/lib/python3.11/multiprocessing/pool.py", line 48, in mapstar
    return list(map(*args))
  File "/gpfs/home3/tsijpkens/TSPHardener/run.py", line 38, in run_experiment
    logging.error(f"Error in {cmd}:", f"{e.stderr}")
Message: "Error in ['python3', '-m', 'main', '[20]', '[5.0]', '97', '', '--tsp_type', 'euclidean', '--distribution', 'lognormal', '--mutation_strategy', 'swap']:"
Arguments: ('',)
--- Logging error ---
Traceback (most recent call last):
  File "/gpfs/home3/tsijpkens/TSPHardener/run.py", line 33, in run_experiment
    result = subprocess.run(cmd, check=True, text=True, capture_output=True)
             ^^^^^^^^^^^^^^^^^^^^^^^^^^^^^^^^^^^^^^^^^^^^^^^^^^^^^^^^^^^^^^^
  File "/sw/arch/RHEL8/EB_production/2023/software/Python/3.11.3-GCCcore-12.3.0/lib/python3.11/subprocess.py", line 571, in run
    raise CalledProcessError(retcode, process.args,
subprocess.CalledProcessError: Command '['python3', '-m', 'main', '[30]', '[5.0]', '100', '', '--tsp_type', 'euclidean', '--distribution', 'lognormal', '--mutation_strategy', 'swap']' died with <Signals.SIGKILL: 9>.

During handling of the above exception, another exception occurred:

Traceback (most recent call last):
  File "/sw/arch/RHEL8/EB_production/2023/software/Python/3.11.3-GCCcore-12.3.0/lib/python3.11/logging/__init__.py", line 1110, in emit
    msg = self.format(record)
          ^^^^^^^^^^^^^^^^^^^
  File "/sw/arch/RHEL8/EB_production/2023/software/Python/3.11.3-GCCcore-12.3.0/lib/python3.11/logging/__init__.py", line 953, in format
    return fmt.format(record)
           ^^^^^^^^^^^^^^^^^^
  File "/sw/arch/RHEL8/EB_production/2023/software/Python/3.11.3-GCCcore-12.3.0/lib/python3.11/logging/__init__.py", line 687, in format
    record.message = record.getMessage()
                     ^^^^^^^^^^^^^^^^^^^
  File "/sw/arch/RHEL8/EB_production/2023/software/Python/3.11.3-GCCcore-12.3.0/lib/python3.11/logging/__init__.py", line 377, in getMessage
    msg = msg % self.args
          ~~~~^~~~~~~~~~~
TypeError: not all arguments converted during string formatting
Call stack:
  File "/gpfs/home3/tsijpkens/TSPHardener/run.py", line 46, in <module>
    with Pool(processes=48) as pool:
  File "/sw/arch/RHEL8/EB_production/2023/software/Python/3.11.3-GCCcore-12.3.0/lib/python3.11/multiprocessing/context.py", line 119, in Pool
    return Pool(processes, initializer, initargs, maxtasksperchild,
  File "/sw/arch/RHEL8/EB_production/2023/software/Python/3.11.3-GCCcore-12.3.0/lib/python3.11/multiprocessing/pool.py", line 215, in __init__
    self._repopulate_pool()
  File "/sw/arch/RHEL8/EB_production/2023/software/Python/3.11.3-GCCcore-12.3.0/lib/python3.11/multiprocessing/pool.py", line 306, in _repopulate_pool
    return self._repopulate_pool_static(self._ctx, self.Process,
  File "/sw/arch/RHEL8/EB_production/2023/software/Python/3.11.3-GCCcore-12.3.0/lib/python3.11/multiprocessing/pool.py", line 329, in _repopulate_pool_static
    w.start()
  File "/sw/arch/RHEL8/EB_production/2023/software/Python/3.11.3-GCCcore-12.3.0/lib/python3.11/multiprocessing/process.py", line 121, in start
    self._popen = self._Popen(self)
  File "/sw/arch/RHEL8/EB_production/2023/software/Python/3.11.3-GCCcore-12.3.0/lib/python3.11/multiprocessing/context.py", line 281, in _Popen
    return Popen(process_obj)
  File "/sw/arch/RHEL8/EB_production/2023/software/Python/3.11.3-GCCcore-12.3.0/lib/python3.11/multiprocessing/popen_fork.py", line 19, in __init__
    self._launch(process_obj)
  File "/sw/arch/RHEL8/EB_production/2023/software/Python/3.11.3-GCCcore-12.3.0/lib/python3.11/multiprocessing/popen_fork.py", line 71, in _launch
    code = process_obj._bootstrap(parent_sentinel=child_r)
  File "/sw/arch/RHEL8/EB_production/2023/software/Python/3.11.3-GCCcore-12.3.0/lib/python3.11/multiprocessing/process.py", line 314, in _bootstrap
    self.run()
  File "/sw/arch/RHEL8/EB_production/2023/software/Python/3.11.3-GCCcore-12.3.0/lib/python3.11/multiprocessing/process.py", line 108, in run
    self._target(*self._args, **self._kwargs)
  File "/sw/arch/RHEL8/EB_production/2023/software/Python/3.11.3-GCCcore-12.3.0/lib/python3.11/multiprocessing/pool.py", line 125, in worker
    result = (True, func(*args, **kwds))
  File "/sw/arch/RHEL8/EB_production/2023/software/Python/3.11.3-GCCcore-12.3.0/lib/python3.11/multiprocessing/pool.py", line 48, in mapstar
    return list(map(*args))
  File "/gpfs/home3/tsijpkens/TSPHardener/run.py", line 38, in run_experiment
    logging.error(f"Error in {cmd}:", f"{e.stderr}")
Message: "Error in ['python3', '-m', 'main', '[30]', '[5.0]', '100', '', '--tsp_type', 'euclidean', '--distribution', 'lognormal', '--mutation_strategy', 'swap']:"
Arguments: ('',)
--- Logging error ---
Traceback (most recent call last):
  File "/gpfs/home3/tsijpkens/TSPHardener/run.py", line 33, in run_experiment
    result = subprocess.run(cmd, check=True, text=True, capture_output=True)
             ^^^^^^^^^^^^^^^^^^^^^^^^^^^^^^^^^^^^^^^^^^^^^^^^^^^^^^^^^^^^^^^
  File "/sw/arch/RHEL8/EB_production/2023/software/Python/3.11.3-GCCcore-12.3.0/lib/python3.11/subprocess.py", line 571, in run
    raise CalledProcessError(retcode, process.args,
subprocess.CalledProcessError: Command '['python3', '-m', 'main', '[30]', '[4.8]', '100', '', '--tsp_type', 'euclidean', '--distribution', 'lognormal', '--mutation_strategy', 'swap']' died with <Signals.SIGKILL: 9>.

During handling of the above exception, another exception occurred:

Traceback (most recent call last):
  File "/sw/arch/RHEL8/EB_production/2023/software/Python/3.11.3-GCCcore-12.3.0/lib/python3.11/logging/__init__.py", line 1110, in emit
    msg = self.format(record)
          ^^^^^^^^^^^^^^^^^^^
  File "/sw/arch/RHEL8/EB_production/2023/software/Python/3.11.3-GCCcore-12.3.0/lib/python3.11/logging/__init__.py", line 953, in format
    return fmt.format(record)
           ^^^^^^^^^^^^^^^^^^
  File "/sw/arch/RHEL8/EB_production/2023/software/Python/3.11.3-GCCcore-12.3.0/lib/python3.11/logging/__init__.py", line 687, in format
    record.message = record.getMessage()
                     ^^^^^^^^^^^^^^^^^^^
  File "/sw/arch/RHEL8/EB_production/2023/software/Python/3.11.3-GCCcore-12.3.0/lib/python3.11/logging/__init__.py", line 377, in getMessage
    msg = msg % self.args
          ~~~~^~~~~~~~~~~
TypeError: not all arguments converted during string formatting
Call stack:
  File "/gpfs/home3/tsijpkens/TSPHardener/run.py", line 46, in <module>
    with Pool(processes=48) as pool:
  File "/sw/arch/RHEL8/EB_production/2023/software/Python/3.11.3-GCCcore-12.3.0/lib/python3.11/multiprocessing/context.py", line 119, in Pool
    return Pool(processes, initializer, initargs, maxtasksperchild,
  File "/sw/arch/RHEL8/EB_production/2023/software/Python/3.11.3-GCCcore-12.3.0/lib/python3.11/multiprocessing/pool.py", line 215, in __init__
    self._repopulate_pool()
  File "/sw/arch/RHEL8/EB_production/2023/software/Python/3.11.3-GCCcore-12.3.0/lib/python3.11/multiprocessing/pool.py", line 306, in _repopulate_pool
    return self._repopulate_pool_static(self._ctx, self.Process,
  File "/sw/arch/RHEL8/EB_production/2023/software/Python/3.11.3-GCCcore-12.3.0/lib/python3.11/multiprocessing/pool.py", line 329, in _repopulate_pool_static
    w.start()
  File "/sw/arch/RHEL8/EB_production/2023/software/Python/3.11.3-GCCcore-12.3.0/lib/python3.11/multiprocessing/process.py", line 121, in start
    self._popen = self._Popen(self)
  File "/sw/arch/RHEL8/EB_production/2023/software/Python/3.11.3-GCCcore-12.3.0/lib/python3.11/multiprocessing/context.py", line 281, in _Popen
    return Popen(process_obj)
  File "/sw/arch/RHEL8/EB_production/2023/software/Python/3.11.3-GCCcore-12.3.0/lib/python3.11/multiprocessing/popen_fork.py", line 19, in __init__
    self._launch(process_obj)
  File "/sw/arch/RHEL8/EB_production/2023/software/Python/3.11.3-GCCcore-12.3.0/lib/python3.11/multiprocessing/popen_fork.py", line 71, in _launch
    code = process_obj._bootstrap(parent_sentinel=child_r)
  File "/sw/arch/RHEL8/EB_production/2023/software/Python/3.11.3-GCCcore-12.3.0/lib/python3.11/multiprocessing/process.py", line 314, in _bootstrap
    self.run()
  File "/sw/arch/RHEL8/EB_production/2023/software/Python/3.11.3-GCCcore-12.3.0/lib/python3.11/multiprocessing/process.py", line 108, in run
    self._target(*self._args, **self._kwargs)
  File "/sw/arch/RHEL8/EB_production/2023/software/Python/3.11.3-GCCcore-12.3.0/lib/python3.11/multiprocessing/pool.py", line 125, in worker
    result = (True, func(*args, **kwds))
  File "/sw/arch/RHEL8/EB_production/2023/software/Python/3.11.3-GCCcore-12.3.0/lib/python3.11/multiprocessing/pool.py", line 48, in mapstar
    return list(map(*args))
  File "/gpfs/home3/tsijpkens/TSPHardener/run.py", line 38, in run_experiment
    logging.error(f"Error in {cmd}:", f"{e.stderr}")
Message: "Error in ['python3', '-m', 'main', '[30]', '[4.8]', '100', '', '--tsp_type', 'euclidean', '--distribution', 'lognormal', '--mutation_strategy', 'swap']:"
Arguments: ('',)
--- Logging error ---
Traceback (most recent call last):
  File "/gpfs/home3/tsijpkens/TSPHardener/run.py", line 33, in run_experiment
    result = subprocess.run(cmd, check=True, text=True, capture_output=True)
             ^^^^^^^^^^^^^^^^^^^^^^^^^^^^^^^^^^^^^^^^^^^^^^^^^^^^^^^^^^^^^^^
  File "/sw/arch/RHEL8/EB_production/2023/software/Python/3.11.3-GCCcore-12.3.0/lib/python3.11/subprocess.py", line 571, in run
    raise CalledProcessError(retcode, process.args,
subprocess.CalledProcessError: Command '['python3', '-m', 'main', '[30]', '[2.6]', '100', '', '--tsp_type', 'euclidean', '--distribution', 'lognormal', '--mutation_strategy', 'swap']' died with <Signals.SIGKILL: 9>.

During handling of the above exception, another exception occurred:

Traceback (most recent call last):
  File "/sw/arch/RHEL8/EB_production/2023/software/Python/3.11.3-GCCcore-12.3.0/lib/python3.11/logging/__init__.py", line 1110, in emit
    msg = self.format(record)
          ^^^^^^^^^^^^^^^^^^^
  File "/sw/arch/RHEL8/EB_production/2023/software/Python/3.11.3-GCCcore-12.3.0/lib/python3.11/logging/__init__.py", line 953, in format
    return fmt.format(record)
           ^^^^^^^^^^^^^^^^^^
  File "/sw/arch/RHEL8/EB_production/2023/software/Python/3.11.3-GCCcore-12.3.0/lib/python3.11/logging/__init__.py", line 687, in format
    record.message = record.getMessage()
                     ^^^^^^^^^^^^^^^^^^^
  File "/sw/arch/RHEL8/EB_production/2023/software/Python/3.11.3-GCCcore-12.3.0/lib/python3.11/logging/__init__.py", line 377, in getMessage
    msg = msg % self.args
          ~~~~^~~~~~~~~~~
TypeError: not all arguments converted during string formatting
Call stack:
  File "/gpfs/home3/tsijpkens/TSPHardener/run.py", line 46, in <module>
    with Pool(processes=48) as pool:
  File "/sw/arch/RHEL8/EB_production/2023/software/Python/3.11.3-GCCcore-12.3.0/lib/python3.11/multiprocessing/context.py", line 119, in Pool
    return Pool(processes, initializer, initargs, maxtasksperchild,
  File "/sw/arch/RHEL8/EB_production/2023/software/Python/3.11.3-GCCcore-12.3.0/lib/python3.11/multiprocessing/pool.py", line 215, in __init__
    self._repopulate_pool()
  File "/sw/arch/RHEL8/EB_production/2023/software/Python/3.11.3-GCCcore-12.3.0/lib/python3.11/multiprocessing/pool.py", line 306, in _repopulate_pool
    return self._repopulate_pool_static(self._ctx, self.Process,
  File "/sw/arch/RHEL8/EB_production/2023/software/Python/3.11.3-GCCcore-12.3.0/lib/python3.11/multiprocessing/pool.py", line 329, in _repopulate_pool_static
    w.start()
  File "/sw/arch/RHEL8/EB_production/2023/software/Python/3.11.3-GCCcore-12.3.0/lib/python3.11/multiprocessing/process.py", line 121, in start
    self._popen = self._Popen(self)
  File "/sw/arch/RHEL8/EB_production/2023/software/Python/3.11.3-GCCcore-12.3.0/lib/python3.11/multiprocessing/context.py", line 281, in _Popen
    return Popen(process_obj)
  File "/sw/arch/RHEL8/EB_production/2023/software/Python/3.11.3-GCCcore-12.3.0/lib/python3.11/multiprocessing/popen_fork.py", line 19, in __init__
    self._launch(process_obj)
  File "/sw/arch/RHEL8/EB_production/2023/software/Python/3.11.3-GCCcore-12.3.0/lib/python3.11/multiprocessing/popen_fork.py", line 71, in _launch
    code = process_obj._bootstrap(parent_sentinel=child_r)
  File "/sw/arch/RHEL8/EB_production/2023/software/Python/3.11.3-GCCcore-12.3.0/lib/python3.11/multiprocessing/process.py", line 314, in _bootstrap
    self.run()
  File "/sw/arch/RHEL8/EB_production/2023/software/Python/3.11.3-GCCcore-12.3.0/lib/python3.11/multiprocessing/process.py", line 108, in run
    self._target(*self._args, **self._kwargs)
  File "/sw/arch/RHEL8/EB_production/2023/software/Python/3.11.3-GCCcore-12.3.0/lib/python3.11/multiprocessing/pool.py", line 125, in worker
    result = (True, func(*args, **kwds))
  File "/sw/arch/RHEL8/EB_production/2023/software/Python/3.11.3-GCCcore-12.3.0/lib/python3.11/multiprocessing/pool.py", line 48, in mapstar
    return list(map(*args))
  File "/gpfs/home3/tsijpkens/TSPHardener/run.py", line 38, in run_experiment
    logging.error(f"Error in {cmd}:", f"{e.stderr}")
Message: "Error in ['python3', '-m', 'main', '[30]', '[2.6]', '100', '', '--tsp_type', 'euclidean', '--distribution', 'lognormal', '--mutation_strategy', 'swap']:"
Arguments: ('',)
--- Logging error ---
Traceback (most recent call last):
  File "/gpfs/home3/tsijpkens/TSPHardener/run.py", line 33, in run_experiment
    result = subprocess.run(cmd, check=True, text=True, capture_output=True)
             ^^^^^^^^^^^^^^^^^^^^^^^^^^^^^^^^^^^^^^^^^^^^^^^^^^^^^^^^^^^^^^^
  File "/sw/arch/RHEL8/EB_production/2023/software/Python/3.11.3-GCCcore-12.3.0/lib/python3.11/subprocess.py", line 571, in run
    raise CalledProcessError(retcode, process.args,
subprocess.CalledProcessError: Command '['python3', '-m', 'main', '[20]', '[2.6]', '82', '', '--tsp_type', 'euclidean', '--distribution', 'lognormal', '--mutation_strategy', 'swap']' died with <Signals.SIGKILL: 9>.

During handling of the above exception, another exception occurred:

Traceback (most recent call last):
  File "/sw/arch/RHEL8/EB_production/2023/software/Python/3.11.3-GCCcore-12.3.0/lib/python3.11/logging/__init__.py", line 1110, in emit
    msg = self.format(record)
          ^^^^^^^^^^^^^^^^^^^
  File "/sw/arch/RHEL8/EB_production/2023/software/Python/3.11.3-GCCcore-12.3.0/lib/python3.11/logging/__init__.py", line 953, in format
    return fmt.format(record)
           ^^^^^^^^^^^^^^^^^^
  File "/sw/arch/RHEL8/EB_production/2023/software/Python/3.11.3-GCCcore-12.3.0/lib/python3.11/logging/__init__.py", line 687, in format
    record.message = record.getMessage()
                     ^^^^^^^^^^^^^^^^^^^
  File "/sw/arch/RHEL8/EB_production/2023/software/Python/3.11.3-GCCcore-12.3.0/lib/python3.11/logging/__init__.py", line 377, in getMessage
    msg = msg % self.args
          ~~~~^~~~~~~~~~~
TypeError: not all arguments converted during string formatting
Call stack:
  File "/gpfs/home3/tsijpkens/TSPHardener/run.py", line 46, in <module>
    with Pool(processes=48) as pool:
  File "/sw/arch/RHEL8/EB_production/2023/software/Python/3.11.3-GCCcore-12.3.0/lib/python3.11/multiprocessing/context.py", line 119, in Pool
    return Pool(processes, initializer, initargs, maxtasksperchild,
  File "/sw/arch/RHEL8/EB_production/2023/software/Python/3.11.3-GCCcore-12.3.0/lib/python3.11/multiprocessing/pool.py", line 215, in __init__
    self._repopulate_pool()
  File "/sw/arch/RHEL8/EB_production/2023/software/Python/3.11.3-GCCcore-12.3.0/lib/python3.11/multiprocessing/pool.py", line 306, in _repopulate_pool
    return self._repopulate_pool_static(self._ctx, self.Process,
  File "/sw/arch/RHEL8/EB_production/2023/software/Python/3.11.3-GCCcore-12.3.0/lib/python3.11/multiprocessing/pool.py", line 329, in _repopulate_pool_static
    w.start()
  File "/sw/arch/RHEL8/EB_production/2023/software/Python/3.11.3-GCCcore-12.3.0/lib/python3.11/multiprocessing/process.py", line 121, in start
    self._popen = self._Popen(self)
  File "/sw/arch/RHEL8/EB_production/2023/software/Python/3.11.3-GCCcore-12.3.0/lib/python3.11/multiprocessing/context.py", line 281, in _Popen
    return Popen(process_obj)
  File "/sw/arch/RHEL8/EB_production/2023/software/Python/3.11.3-GCCcore-12.3.0/lib/python3.11/multiprocessing/popen_fork.py", line 19, in __init__
    self._launch(process_obj)
  File "/sw/arch/RHEL8/EB_production/2023/software/Python/3.11.3-GCCcore-12.3.0/lib/python3.11/multiprocessing/popen_fork.py", line 71, in _launch
    code = process_obj._bootstrap(parent_sentinel=child_r)
  File "/sw/arch/RHEL8/EB_production/2023/software/Python/3.11.3-GCCcore-12.3.0/lib/python3.11/multiprocessing/process.py", line 314, in _bootstrap
    self.run()
  File "/sw/arch/RHEL8/EB_production/2023/software/Python/3.11.3-GCCcore-12.3.0/lib/python3.11/multiprocessing/process.py", line 108, in run
    self._target(*self._args, **self._kwargs)
  File "/sw/arch/RHEL8/EB_production/2023/software/Python/3.11.3-GCCcore-12.3.0/lib/python3.11/multiprocessing/pool.py", line 125, in worker
    result = (True, func(*args, **kwds))
  File "/sw/arch/RHEL8/EB_production/2023/software/Python/3.11.3-GCCcore-12.3.0/lib/python3.11/multiprocessing/pool.py", line 48, in mapstar
    return list(map(*args))
  File "/gpfs/home3/tsijpkens/TSPHardener/run.py", line 38, in run_experiment
    logging.error(f"Error in {cmd}:", f"{e.stderr}")
Message: "Error in ['python3', '-m', 'main', '[20]', '[2.6]', '82', '', '--tsp_type', 'euclidean', '--distribution', 'lognormal', '--mutation_strategy', 'swap']:"
Arguments: ('',)
--- Logging error ---
Traceback (most recent call last):
  File "/gpfs/home3/tsijpkens/TSPHardener/run.py", line 33, in run_experiment
    result = subprocess.run(cmd, check=True, text=True, capture_output=True)
             ^^^^^^^^^^^^^^^^^^^^^^^^^^^^^^^^^^^^^^^^^^^^^^^^^^^^^^^^^^^^^^^
  File "/sw/arch/RHEL8/EB_production/2023/software/Python/3.11.3-GCCcore-12.3.0/lib/python3.11/subprocess.py", line 571, in run
    raise CalledProcessError(retcode, process.args,
subprocess.CalledProcessError: Command '['python3', '-m', 'main', '[30]', '[1.2]', '100', '', '--tsp_type', 'euclidean', '--distribution', 'lognormal', '--mutation_strategy', 'swap']' died with <Signals.SIGKILL: 9>.

During handling of the above exception, another exception occurred:

Traceback (most recent call last):
  File "/sw/arch/RHEL8/EB_production/2023/software/Python/3.11.3-GCCcore-12.3.0/lib/python3.11/logging/__init__.py", line 1110, in emit
    msg = self.format(record)
          ^^^^^^^^^^^^^^^^^^^
  File "/sw/arch/RHEL8/EB_production/2023/software/Python/3.11.3-GCCcore-12.3.0/lib/python3.11/logging/__init__.py", line 953, in format
    return fmt.format(record)
           ^^^^^^^^^^^^^^^^^^
  File "/sw/arch/RHEL8/EB_production/2023/software/Python/3.11.3-GCCcore-12.3.0/lib/python3.11/logging/__init__.py", line 687, in format
    record.message = record.getMessage()
                     ^^^^^^^^^^^^^^^^^^^
  File "/sw/arch/RHEL8/EB_production/2023/software/Python/3.11.3-GCCcore-12.3.0/lib/python3.11/logging/__init__.py", line 377, in getMessage
    msg = msg % self.args
          ~~~~^~~~~~~~~~~
TypeError: not all arguments converted during string formatting
Call stack:
  File "/gpfs/home3/tsijpkens/TSPHardener/run.py", line 46, in <module>
    with Pool(processes=48) as pool:
  File "/sw/arch/RHEL8/EB_production/2023/software/Python/3.11.3-GCCcore-12.3.0/lib/python3.11/multiprocessing/context.py", line 119, in Pool
    return Pool(processes, initializer, initargs, maxtasksperchild,
  File "/sw/arch/RHEL8/EB_production/2023/software/Python/3.11.3-GCCcore-12.3.0/lib/python3.11/multiprocessing/pool.py", line 215, in __init__
    self._repopulate_pool()
  File "/sw/arch/RHEL8/EB_production/2023/software/Python/3.11.3-GCCcore-12.3.0/lib/python3.11/multiprocessing/pool.py", line 306, in _repopulate_pool
    return self._repopulate_pool_static(self._ctx, self.Process,
  File "/sw/arch/RHEL8/EB_production/2023/software/Python/3.11.3-GCCcore-12.3.0/lib/python3.11/multiprocessing/pool.py", line 329, in _repopulate_pool_static
    w.start()
  File "/sw/arch/RHEL8/EB_production/2023/software/Python/3.11.3-GCCcore-12.3.0/lib/python3.11/multiprocessing/process.py", line 121, in start
    self._popen = self._Popen(self)
  File "/sw/arch/RHEL8/EB_production/2023/software/Python/3.11.3-GCCcore-12.3.0/lib/python3.11/multiprocessing/context.py", line 281, in _Popen
    return Popen(process_obj)
  File "/sw/arch/RHEL8/EB_production/2023/software/Python/3.11.3-GCCcore-12.3.0/lib/python3.11/multiprocessing/popen_fork.py", line 19, in __init__
    self._launch(process_obj)
  File "/sw/arch/RHEL8/EB_production/2023/software/Python/3.11.3-GCCcore-12.3.0/lib/python3.11/multiprocessing/popen_fork.py", line 71, in _launch
    code = process_obj._bootstrap(parent_sentinel=child_r)
  File "/sw/arch/RHEL8/EB_production/2023/software/Python/3.11.3-GCCcore-12.3.0/lib/python3.11/multiprocessing/process.py", line 314, in _bootstrap
    self.run()
  File "/sw/arch/RHEL8/EB_production/2023/software/Python/3.11.3-GCCcore-12.3.0/lib/python3.11/multiprocessing/process.py", line 108, in run
    self._target(*self._args, **self._kwargs)
  File "/sw/arch/RHEL8/EB_production/2023/software/Python/3.11.3-GCCcore-12.3.0/lib/python3.11/multiprocessing/pool.py", line 125, in worker
    result = (True, func(*args, **kwds))
  File "/sw/arch/RHEL8/EB_production/2023/software/Python/3.11.3-GCCcore-12.3.0/lib/python3.11/multiprocessing/pool.py", line 48, in mapstar
    return list(map(*args))
  File "/gpfs/home3/tsijpkens/TSPHardener/run.py", line 38, in run_experiment
    logging.error(f"Error in {cmd}:", f"{e.stderr}")
Message: "Error in ['python3', '-m', 'main', '[30]', '[1.2]', '100', '', '--tsp_type', 'euclidean', '--distribution', 'lognormal', '--mutation_strategy', 'swap']:"
Arguments: ('',)
--- Logging error ---
Traceback (most recent call last):
  File "/gpfs/home3/tsijpkens/TSPHardener/run.py", line 33, in run_experiment
    result = subprocess.run(cmd, check=True, text=True, capture_output=True)
             ^^^^^^^^^^^^^^^^^^^^^^^^^^^^^^^^^^^^^^^^^^^^^^^^^^^^^^^^^^^^^^^
  File "/sw/arch/RHEL8/EB_production/2023/software/Python/3.11.3-GCCcore-12.3.0/lib/python3.11/subprocess.py", line 571, in run
    raise CalledProcessError(retcode, process.args,
subprocess.CalledProcessError: Command '['python3', '-m', 'main', '[20]', '[4.4]', '99', '', '--tsp_type', 'euclidean', '--distribution', 'lognormal', '--mutation_strategy', 'swap']' died with <Signals.SIGKILL: 9>.

During handling of the above exception, another exception occurred:

Traceback (most recent call last):
  File "/sw/arch/RHEL8/EB_production/2023/software/Python/3.11.3-GCCcore-12.3.0/lib/python3.11/logging/__init__.py", line 1110, in emit
    msg = self.format(record)
          ^^^^^^^^^^^^^^^^^^^
  File "/sw/arch/RHEL8/EB_production/2023/software/Python/3.11.3-GCCcore-12.3.0/lib/python3.11/logging/__init__.py", line 953, in format
    return fmt.format(record)
           ^^^^^^^^^^^^^^^^^^
  File "/sw/arch/RHEL8/EB_production/2023/software/Python/3.11.3-GCCcore-12.3.0/lib/python3.11/logging/__init__.py", line 687, in format
    record.message = record.getMessage()
                     ^^^^^^^^^^^^^^^^^^^
  File "/sw/arch/RHEL8/EB_production/2023/software/Python/3.11.3-GCCcore-12.3.0/lib/python3.11/logging/__init__.py", line 377, in getMessage
    msg = msg % self.args
          ~~~~^~~~~~~~~~~
TypeError: not all arguments converted during string formatting
Call stack:
  File "/gpfs/home3/tsijpkens/TSPHardener/run.py", line 46, in <module>
    with Pool(processes=48) as pool:
  File "/sw/arch/RHEL8/EB_production/2023/software/Python/3.11.3-GCCcore-12.3.0/lib/python3.11/multiprocessing/context.py", line 119, in Pool
    return Pool(processes, initializer, initargs, maxtasksperchild,
  File "/sw/arch/RHEL8/EB_production/2023/software/Python/3.11.3-GCCcore-12.3.0/lib/python3.11/multiprocessing/pool.py", line 215, in __init__
    self._repopulate_pool()
  File "/sw/arch/RHEL8/EB_production/2023/software/Python/3.11.3-GCCcore-12.3.0/lib/python3.11/multiprocessing/pool.py", line 306, in _repopulate_pool
    return self._repopulate_pool_static(self._ctx, self.Process,
  File "/sw/arch/RHEL8/EB_production/2023/software/Python/3.11.3-GCCcore-12.3.0/lib/python3.11/multiprocessing/pool.py", line 329, in _repopulate_pool_static
    w.start()
  File "/sw/arch/RHEL8/EB_production/2023/software/Python/3.11.3-GCCcore-12.3.0/lib/python3.11/multiprocessing/process.py", line 121, in start
    self._popen = self._Popen(self)
  File "/sw/arch/RHEL8/EB_production/2023/software/Python/3.11.3-GCCcore-12.3.0/lib/python3.11/multiprocessing/context.py", line 281, in _Popen
    return Popen(process_obj)
  File "/sw/arch/RHEL8/EB_production/2023/software/Python/3.11.3-GCCcore-12.3.0/lib/python3.11/multiprocessing/popen_fork.py", line 19, in __init__
    self._launch(process_obj)
  File "/sw/arch/RHEL8/EB_production/2023/software/Python/3.11.3-GCCcore-12.3.0/lib/python3.11/multiprocessing/popen_fork.py", line 71, in _launch
    code = process_obj._bootstrap(parent_sentinel=child_r)
  File "/sw/arch/RHEL8/EB_production/2023/software/Python/3.11.3-GCCcore-12.3.0/lib/python3.11/multiprocessing/process.py", line 314, in _bootstrap
    self.run()
  File "/sw/arch/RHEL8/EB_production/2023/software/Python/3.11.3-GCCcore-12.3.0/lib/python3.11/multiprocessing/process.py", line 108, in run
    self._target(*self._args, **self._kwargs)
  File "/sw/arch/RHEL8/EB_production/2023/software/Python/3.11.3-GCCcore-12.3.0/lib/python3.11/multiprocessing/pool.py", line 125, in worker
    result = (True, func(*args, **kwds))
  File "/sw/arch/RHEL8/EB_production/2023/software/Python/3.11.3-GCCcore-12.3.0/lib/python3.11/multiprocessing/pool.py", line 48, in mapstar
    return list(map(*args))
  File "/gpfs/home3/tsijpkens/TSPHardener/run.py", line 38, in run_experiment
    logging.error(f"Error in {cmd}:", f"{e.stderr}")
Message: "Error in ['python3', '-m', 'main', '[20]', '[4.4]', '99', '', '--tsp_type', 'euclidean', '--distribution', 'lognormal', '--mutation_strategy', 'swap']:"
Arguments: ('',)
--- Logging error ---
Traceback (most recent call last):
  File "/gpfs/home3/tsijpkens/TSPHardener/run.py", line 33, in run_experiment
    result = subprocess.run(cmd, check=True, text=True, capture_output=True)
             ^^^^^^^^^^^^^^^^^^^^^^^^^^^^^^^^^^^^^^^^^^^^^^^^^^^^^^^^^^^^^^^
  File "/sw/arch/RHEL8/EB_production/2023/software/Python/3.11.3-GCCcore-12.3.0/lib/python3.11/subprocess.py", line 571, in run
    raise CalledProcessError(retcode, process.args,
subprocess.CalledProcessError: Command '['python3', '-m', 'main', '[20]', '[4.2]', '97', '', '--tsp_type', 'euclidean', '--distribution', 'lognormal', '--mutation_strategy', 'swap']' died with <Signals.SIGKILL: 9>.

During handling of the above exception, another exception occurred:

Traceback (most recent call last):
  File "/sw/arch/RHEL8/EB_production/2023/software/Python/3.11.3-GCCcore-12.3.0/lib/python3.11/logging/__init__.py", line 1110, in emit
    msg = self.format(record)
          ^^^^^^^^^^^^^^^^^^^
  File "/sw/arch/RHEL8/EB_production/2023/software/Python/3.11.3-GCCcore-12.3.0/lib/python3.11/logging/__init__.py", line 953, in format
    return fmt.format(record)
           ^^^^^^^^^^^^^^^^^^
  File "/sw/arch/RHEL8/EB_production/2023/software/Python/3.11.3-GCCcore-12.3.0/lib/python3.11/logging/__init__.py", line 687, in format
    record.message = record.getMessage()
                     ^^^^^^^^^^^^^^^^^^^
  File "/sw/arch/RHEL8/EB_production/2023/software/Python/3.11.3-GCCcore-12.3.0/lib/python3.11/logging/__init__.py", line 377, in getMessage
    msg = msg % self.args
          ~~~~^~~~~~~~~~~
TypeError: not all arguments converted during string formatting
Call stack:
  File "/gpfs/home3/tsijpkens/TSPHardener/run.py", line 46, in <module>
    with Pool(processes=48) as pool:
  File "/sw/arch/RHEL8/EB_production/2023/software/Python/3.11.3-GCCcore-12.3.0/lib/python3.11/multiprocessing/context.py", line 119, in Pool
    return Pool(processes, initializer, initargs, maxtasksperchild,
  File "/sw/arch/RHEL8/EB_production/2023/software/Python/3.11.3-GCCcore-12.3.0/lib/python3.11/multiprocessing/pool.py", line 215, in __init__
    self._repopulate_pool()
  File "/sw/arch/RHEL8/EB_production/2023/software/Python/3.11.3-GCCcore-12.3.0/lib/python3.11/multiprocessing/pool.py", line 306, in _repopulate_pool
    return self._repopulate_pool_static(self._ctx, self.Process,
  File "/sw/arch/RHEL8/EB_production/2023/software/Python/3.11.3-GCCcore-12.3.0/lib/python3.11/multiprocessing/pool.py", line 329, in _repopulate_pool_static
    w.start()
  File "/sw/arch/RHEL8/EB_production/2023/software/Python/3.11.3-GCCcore-12.3.0/lib/python3.11/multiprocessing/process.py", line 121, in start
    self._popen = self._Popen(self)
  File "/sw/arch/RHEL8/EB_production/2023/software/Python/3.11.3-GCCcore-12.3.0/lib/python3.11/multiprocessing/context.py", line 281, in _Popen
    return Popen(process_obj)
  File "/sw/arch/RHEL8/EB_production/2023/software/Python/3.11.3-GCCcore-12.3.0/lib/python3.11/multiprocessing/popen_fork.py", line 19, in __init__
    self._launch(process_obj)
  File "/sw/arch/RHEL8/EB_production/2023/software/Python/3.11.3-GCCcore-12.3.0/lib/python3.11/multiprocessing/popen_fork.py", line 71, in _launch
    code = process_obj._bootstrap(parent_sentinel=child_r)
  File "/sw/arch/RHEL8/EB_production/2023/software/Python/3.11.3-GCCcore-12.3.0/lib/python3.11/multiprocessing/process.py", line 314, in _bootstrap
    self.run()
  File "/sw/arch/RHEL8/EB_production/2023/software/Python/3.11.3-GCCcore-12.3.0/lib/python3.11/multiprocessing/process.py", line 108, in run
    self._target(*self._args, **self._kwargs)
  File "/sw/arch/RHEL8/EB_production/2023/software/Python/3.11.3-GCCcore-12.3.0/lib/python3.11/multiprocessing/pool.py", line 125, in worker
    result = (True, func(*args, **kwds))
  File "/sw/arch/RHEL8/EB_production/2023/software/Python/3.11.3-GCCcore-12.3.0/lib/python3.11/multiprocessing/pool.py", line 48, in mapstar
    return list(map(*args))
  File "/gpfs/home3/tsijpkens/TSPHardener/run.py", line 38, in run_experiment
    logging.error(f"Error in {cmd}:", f"{e.stderr}")
Message: "Error in ['python3', '-m', 'main', '[20]', '[4.2]', '97', '', '--tsp_type', 'euclidean', '--distribution', 'lognormal', '--mutation_strategy', 'swap']:"
Arguments: ('',)
--- Logging error ---
Traceback (most recent call last):
  File "/gpfs/home3/tsijpkens/TSPHardener/run.py", line 33, in run_experiment
    result = subprocess.run(cmd, check=True, text=True, capture_output=True)
             ^^^^^^^^^^^^^^^^^^^^^^^^^^^^^^^^^^^^^^^^^^^^^^^^^^^^^^^^^^^^^^^
  File "/sw/arch/RHEL8/EB_production/2023/software/Python/3.11.3-GCCcore-12.3.0/lib/python3.11/subprocess.py", line 571, in run
    raise CalledProcessError(retcode, process.args,
subprocess.CalledProcessError: Command '['python3', '-m', 'main', '[30]', '[2.2]', '100', '', '--tsp_type', 'euclidean', '--distribution', 'lognormal', '--mutation_strategy', 'swap']' died with <Signals.SIGKILL: 9>.

During handling of the above exception, another exception occurred:

Traceback (most recent call last):
  File "/sw/arch/RHEL8/EB_production/2023/software/Python/3.11.3-GCCcore-12.3.0/lib/python3.11/logging/__init__.py", line 1110, in emit
    msg = self.format(record)
          ^^^^^^^^^^^^^^^^^^^
  File "/sw/arch/RHEL8/EB_production/2023/software/Python/3.11.3-GCCcore-12.3.0/lib/python3.11/logging/__init__.py", line 953, in format
    return fmt.format(record)
           ^^^^^^^^^^^^^^^^^^
  File "/sw/arch/RHEL8/EB_production/2023/software/Python/3.11.3-GCCcore-12.3.0/lib/python3.11/logging/__init__.py", line 687, in format
    record.message = record.getMessage()
                     ^^^^^^^^^^^^^^^^^^^
  File "/sw/arch/RHEL8/EB_production/2023/software/Python/3.11.3-GCCcore-12.3.0/lib/python3.11/logging/__init__.py", line 377, in getMessage
    msg = msg % self.args
          ~~~~^~~~~~~~~~~
TypeError: not all arguments converted during string formatting
Call stack:
  File "/gpfs/home3/tsijpkens/TSPHardener/run.py", line 46, in <module>
    with Pool(processes=48) as pool:
  File "/sw/arch/RHEL8/EB_production/2023/software/Python/3.11.3-GCCcore-12.3.0/lib/python3.11/multiprocessing/context.py", line 119, in Pool
    return Pool(processes, initializer, initargs, maxtasksperchild,
  File "/sw/arch/RHEL8/EB_production/2023/software/Python/3.11.3-GCCcore-12.3.0/lib/python3.11/multiprocessing/pool.py", line 215, in __init__
    self._repopulate_pool()
  File "/sw/arch/RHEL8/EB_production/2023/software/Python/3.11.3-GCCcore-12.3.0/lib/python3.11/multiprocessing/pool.py", line 306, in _repopulate_pool
    return self._repopulate_pool_static(self._ctx, self.Process,
  File "/sw/arch/RHEL8/EB_production/2023/software/Python/3.11.3-GCCcore-12.3.0/lib/python3.11/multiprocessing/pool.py", line 329, in _repopulate_pool_static
    w.start()
  File "/sw/arch/RHEL8/EB_production/2023/software/Python/3.11.3-GCCcore-12.3.0/lib/python3.11/multiprocessing/process.py", line 121, in start
    self._popen = self._Popen(self)
  File "/sw/arch/RHEL8/EB_production/2023/software/Python/3.11.3-GCCcore-12.3.0/lib/python3.11/multiprocessing/context.py", line 281, in _Popen
    return Popen(process_obj)
  File "/sw/arch/RHEL8/EB_production/2023/software/Python/3.11.3-GCCcore-12.3.0/lib/python3.11/multiprocessing/popen_fork.py", line 19, in __init__
    self._launch(process_obj)
  File "/sw/arch/RHEL8/EB_production/2023/software/Python/3.11.3-GCCcore-12.3.0/lib/python3.11/multiprocessing/popen_fork.py", line 71, in _launch
    code = process_obj._bootstrap(parent_sentinel=child_r)
  File "/sw/arch/RHEL8/EB_production/2023/software/Python/3.11.3-GCCcore-12.3.0/lib/python3.11/multiprocessing/process.py", line 314, in _bootstrap
    self.run()
  File "/sw/arch/RHEL8/EB_production/2023/software/Python/3.11.3-GCCcore-12.3.0/lib/python3.11/multiprocessing/process.py", line 108, in run
    self._target(*self._args, **self._kwargs)
  File "/sw/arch/RHEL8/EB_production/2023/software/Python/3.11.3-GCCcore-12.3.0/lib/python3.11/multiprocessing/pool.py", line 125, in worker
    result = (True, func(*args, **kwds))
  File "/sw/arch/RHEL8/EB_production/2023/software/Python/3.11.3-GCCcore-12.3.0/lib/python3.11/multiprocessing/pool.py", line 48, in mapstar
    return list(map(*args))
  File "/gpfs/home3/tsijpkens/TSPHardener/run.py", line 38, in run_experiment
    logging.error(f"Error in {cmd}:", f"{e.stderr}")
Message: "Error in ['python3', '-m', 'main', '[30]', '[2.2]', '100', '', '--tsp_type', 'euclidean', '--distribution', 'lognormal', '--mutation_strategy', 'swap']:"
Arguments: ('',)
--- Logging error ---
Traceback (most recent call last):
  File "/gpfs/home3/tsijpkens/TSPHardener/run.py", line 33, in run_experiment
    result = subprocess.run(cmd, check=True, text=True, capture_output=True)
             ^^^^^^^^^^^^^^^^^^^^^^^^^^^^^^^^^^^^^^^^^^^^^^^^^^^^^^^^^^^^^^^
  File "/sw/arch/RHEL8/EB_production/2023/software/Python/3.11.3-GCCcore-12.3.0/lib/python3.11/subprocess.py", line 571, in run
    raise CalledProcessError(retcode, process.args,
subprocess.CalledProcessError: Command '['python3', '-m', 'main', '[30]', '[15]', '90', '', '--tsp_type', 'euclidean', '--distribution', 'uniform', '--mutation_strategy', 'wouter']' died with <Signals.SIGKILL: 9>.

During handling of the above exception, another exception occurred:

Traceback (most recent call last):
  File "/sw/arch/RHEL8/EB_production/2023/software/Python/3.11.3-GCCcore-12.3.0/lib/python3.11/logging/__init__.py", line 1110, in emit
    msg = self.format(record)
          ^^^^^^^^^^^^^^^^^^^
  File "/sw/arch/RHEL8/EB_production/2023/software/Python/3.11.3-GCCcore-12.3.0/lib/python3.11/logging/__init__.py", line 953, in format
    return fmt.format(record)
           ^^^^^^^^^^^^^^^^^^
  File "/sw/arch/RHEL8/EB_production/2023/software/Python/3.11.3-GCCcore-12.3.0/lib/python3.11/logging/__init__.py", line 687, in format
    record.message = record.getMessage()
                     ^^^^^^^^^^^^^^^^^^^
  File "/sw/arch/RHEL8/EB_production/2023/software/Python/3.11.3-GCCcore-12.3.0/lib/python3.11/logging/__init__.py", line 377, in getMessage
    msg = msg % self.args
          ~~~~^~~~~~~~~~~
TypeError: not all arguments converted during string formatting
Call stack:
  File "/gpfs/home3/tsijpkens/TSPHardener/run.py", line 46, in <module>
    with Pool(processes=48) as pool:
  File "/sw/arch/RHEL8/EB_production/2023/software/Python/3.11.3-GCCcore-12.3.0/lib/python3.11/multiprocessing/context.py", line 119, in Pool
    return Pool(processes, initializer, initargs, maxtasksperchild,
  File "/sw/arch/RHEL8/EB_production/2023/software/Python/3.11.3-GCCcore-12.3.0/lib/python3.11/multiprocessing/pool.py", line 215, in __init__
    self._repopulate_pool()
  File "/sw/arch/RHEL8/EB_production/2023/software/Python/3.11.3-GCCcore-12.3.0/lib/python3.11/multiprocessing/pool.py", line 306, in _repopulate_pool
    return self._repopulate_pool_static(self._ctx, self.Process,
  File "/sw/arch/RHEL8/EB_production/2023/software/Python/3.11.3-GCCcore-12.3.0/lib/python3.11/multiprocessing/pool.py", line 329, in _repopulate_pool_static
    w.start()
  File "/sw/arch/RHEL8/EB_production/2023/software/Python/3.11.3-GCCcore-12.3.0/lib/python3.11/multiprocessing/process.py", line 121, in start
    self._popen = self._Popen(self)
  File "/sw/arch/RHEL8/EB_production/2023/software/Python/3.11.3-GCCcore-12.3.0/lib/python3.11/multiprocessing/context.py", line 281, in _Popen
    return Popen(process_obj)
  File "/sw/arch/RHEL8/EB_production/2023/software/Python/3.11.3-GCCcore-12.3.0/lib/python3.11/multiprocessing/popen_fork.py", line 19, in __init__
    self._launch(process_obj)
  File "/sw/arch/RHEL8/EB_production/2023/software/Python/3.11.3-GCCcore-12.3.0/lib/python3.11/multiprocessing/popen_fork.py", line 71, in _launch
    code = process_obj._bootstrap(parent_sentinel=child_r)
  File "/sw/arch/RHEL8/EB_production/2023/software/Python/3.11.3-GCCcore-12.3.0/lib/python3.11/multiprocessing/process.py", line 314, in _bootstrap
    self.run()
  File "/sw/arch/RHEL8/EB_production/2023/software/Python/3.11.3-GCCcore-12.3.0/lib/python3.11/multiprocessing/process.py", line 108, in run
    self._target(*self._args, **self._kwargs)
  File "/sw/arch/RHEL8/EB_production/2023/software/Python/3.11.3-GCCcore-12.3.0/lib/python3.11/multiprocessing/pool.py", line 125, in worker
    result = (True, func(*args, **kwds))
  File "/sw/arch/RHEL8/EB_production/2023/software/Python/3.11.3-GCCcore-12.3.0/lib/python3.11/multiprocessing/pool.py", line 48, in mapstar
    return list(map(*args))
  File "/gpfs/home3/tsijpkens/TSPHardener/run.py", line 38, in run_experiment
    logging.error(f"Error in {cmd}:", f"{e.stderr}")
Message: "Error in ['python3', '-m', 'main', '[30]', '[15]', '90', '', '--tsp_type', 'euclidean', '--distribution', 'uniform', '--mutation_strategy', 'wouter']:"
Arguments: ('',)
--- Logging error ---
Traceback (most recent call last):
  File "/gpfs/home3/tsijpkens/TSPHardener/run.py", line 33, in run_experiment
    result = subprocess.run(cmd, check=True, text=True, capture_output=True)
             ^^^^^^^^^^^^^^^^^^^^^^^^^^^^^^^^^^^^^^^^^^^^^^^^^^^^^^^^^^^^^^^
  File "/sw/arch/RHEL8/EB_production/2023/software/Python/3.11.3-GCCcore-12.3.0/lib/python3.11/subprocess.py", line 571, in run
    raise CalledProcessError(retcode, process.args,
subprocess.CalledProcessError: Command '['python3', '-m', 'main', '[30]', '[2.4]', '100', '', '--tsp_type', 'euclidean', '--distribution', 'lognormal', '--mutation_strategy', 'swap']' died with <Signals.SIGKILL: 9>.

During handling of the above exception, another exception occurred:

Traceback (most recent call last):
  File "/sw/arch/RHEL8/EB_production/2023/software/Python/3.11.3-GCCcore-12.3.0/lib/python3.11/logging/__init__.py", line 1110, in emit
    msg = self.format(record)
          ^^^^^^^^^^^^^^^^^^^
  File "/sw/arch/RHEL8/EB_production/2023/software/Python/3.11.3-GCCcore-12.3.0/lib/python3.11/logging/__init__.py", line 953, in format
    return fmt.format(record)
           ^^^^^^^^^^^^^^^^^^
  File "/sw/arch/RHEL8/EB_production/2023/software/Python/3.11.3-GCCcore-12.3.0/lib/python3.11/logging/__init__.py", line 687, in format
    record.message = record.getMessage()
                     ^^^^^^^^^^^^^^^^^^^
  File "/sw/arch/RHEL8/EB_production/2023/software/Python/3.11.3-GCCcore-12.3.0/lib/python3.11/logging/__init__.py", line 377, in getMessage
    msg = msg % self.args
          ~~~~^~~~~~~~~~~
TypeError: not all arguments converted during string formatting
Call stack:
  File "/gpfs/home3/tsijpkens/TSPHardener/run.py", line 46, in <module>
    with Pool(processes=48) as pool:
  File "/sw/arch/RHEL8/EB_production/2023/software/Python/3.11.3-GCCcore-12.3.0/lib/python3.11/multiprocessing/context.py", line 119, in Pool
    return Pool(processes, initializer, initargs, maxtasksperchild,
  File "/sw/arch/RHEL8/EB_production/2023/software/Python/3.11.3-GCCcore-12.3.0/lib/python3.11/multiprocessing/pool.py", line 215, in __init__
    self._repopulate_pool()
  File "/sw/arch/RHEL8/EB_production/2023/software/Python/3.11.3-GCCcore-12.3.0/lib/python3.11/multiprocessing/pool.py", line 306, in _repopulate_pool
    return self._repopulate_pool_static(self._ctx, self.Process,
  File "/sw/arch/RHEL8/EB_production/2023/software/Python/3.11.3-GCCcore-12.3.0/lib/python3.11/multiprocessing/pool.py", line 329, in _repopulate_pool_static
    w.start()
  File "/sw/arch/RHEL8/EB_production/2023/software/Python/3.11.3-GCCcore-12.3.0/lib/python3.11/multiprocessing/process.py", line 121, in start
    self._popen = self._Popen(self)
  File "/sw/arch/RHEL8/EB_production/2023/software/Python/3.11.3-GCCcore-12.3.0/lib/python3.11/multiprocessing/context.py", line 281, in _Popen
    return Popen(process_obj)
  File "/sw/arch/RHEL8/EB_production/2023/software/Python/3.11.3-GCCcore-12.3.0/lib/python3.11/multiprocessing/popen_fork.py", line 19, in __init__
    self._launch(process_obj)
  File "/sw/arch/RHEL8/EB_production/2023/software/Python/3.11.3-GCCcore-12.3.0/lib/python3.11/multiprocessing/popen_fork.py", line 71, in _launch
    code = process_obj._bootstrap(parent_sentinel=child_r)
  File "/sw/arch/RHEL8/EB_production/2023/software/Python/3.11.3-GCCcore-12.3.0/lib/python3.11/multiprocessing/process.py", line 314, in _bootstrap
    self.run()
  File "/sw/arch/RHEL8/EB_production/2023/software/Python/3.11.3-GCCcore-12.3.0/lib/python3.11/multiprocessing/process.py", line 108, in run
    self._target(*self._args, **self._kwargs)
  File "/sw/arch/RHEL8/EB_production/2023/software/Python/3.11.3-GCCcore-12.3.0/lib/python3.11/multiprocessing/pool.py", line 125, in worker
    result = (True, func(*args, **kwds))
  File "/sw/arch/RHEL8/EB_production/2023/software/Python/3.11.3-GCCcore-12.3.0/lib/python3.11/multiprocessing/pool.py", line 48, in mapstar
    return list(map(*args))
  File "/gpfs/home3/tsijpkens/TSPHardener/run.py", line 38, in run_experiment
    logging.error(f"Error in {cmd}:", f"{e.stderr}")
Message: "Error in ['python3', '-m', 'main', '[30]', '[2.4]', '100', '', '--tsp_type', 'euclidean', '--distribution', 'lognormal', '--mutation_strategy', 'swap']:"
Arguments: ('',)
--- Logging error ---
Traceback (most recent call last):
  File "/gpfs/home3/tsijpkens/TSPHardener/run.py", line 33, in run_experiment
    result = subprocess.run(cmd, check=True, text=True, capture_output=True)
             ^^^^^^^^^^^^^^^^^^^^^^^^^^^^^^^^^^^^^^^^^^^^^^^^^^^^^^^^^^^^^^^
  File "/sw/arch/RHEL8/EB_production/2023/software/Python/3.11.3-GCCcore-12.3.0/lib/python3.11/subprocess.py", line 571, in run
    raise CalledProcessError(retcode, process.args,
subprocess.CalledProcessError: Command '['python3', '-m', 'main', '[30]', '[0.4]', '82', '', '--tsp_type', 'euclidean', '--distribution', 'lognormal', '--mutation_strategy', 'swap']' died with <Signals.SIGKILL: 9>.

During handling of the above exception, another exception occurred:

Traceback (most recent call last):
  File "/sw/arch/RHEL8/EB_production/2023/software/Python/3.11.3-GCCcore-12.3.0/lib/python3.11/logging/__init__.py", line 1110, in emit
    msg = self.format(record)
          ^^^^^^^^^^^^^^^^^^^
  File "/sw/arch/RHEL8/EB_production/2023/software/Python/3.11.3-GCCcore-12.3.0/lib/python3.11/logging/__init__.py", line 953, in format
    return fmt.format(record)
           ^^^^^^^^^^^^^^^^^^
  File "/sw/arch/RHEL8/EB_production/2023/software/Python/3.11.3-GCCcore-12.3.0/lib/python3.11/logging/__init__.py", line 687, in format
    record.message = record.getMessage()
                     ^^^^^^^^^^^^^^^^^^^
  File "/sw/arch/RHEL8/EB_production/2023/software/Python/3.11.3-GCCcore-12.3.0/lib/python3.11/logging/__init__.py", line 377, in getMessage
    msg = msg % self.args
          ~~~~^~~~~~~~~~~
TypeError: not all arguments converted during string formatting
Call stack:
  File "/gpfs/home3/tsijpkens/TSPHardener/run.py", line 46, in <module>
    with Pool(processes=48) as pool:
  File "/sw/arch/RHEL8/EB_production/2023/software/Python/3.11.3-GCCcore-12.3.0/lib/python3.11/multiprocessing/context.py", line 119, in Pool
    return Pool(processes, initializer, initargs, maxtasksperchild,
  File "/sw/arch/RHEL8/EB_production/2023/software/Python/3.11.3-GCCcore-12.3.0/lib/python3.11/multiprocessing/pool.py", line 215, in __init__
    self._repopulate_pool()
  File "/sw/arch/RHEL8/EB_production/2023/software/Python/3.11.3-GCCcore-12.3.0/lib/python3.11/multiprocessing/pool.py", line 306, in _repopulate_pool
    return self._repopulate_pool_static(self._ctx, self.Process,
  File "/sw/arch/RHEL8/EB_production/2023/software/Python/3.11.3-GCCcore-12.3.0/lib/python3.11/multiprocessing/pool.py", line 329, in _repopulate_pool_static
    w.start()
  File "/sw/arch/RHEL8/EB_production/2023/software/Python/3.11.3-GCCcore-12.3.0/lib/python3.11/multiprocessing/process.py", line 121, in start
    self._popen = self._Popen(self)
  File "/sw/arch/RHEL8/EB_production/2023/software/Python/3.11.3-GCCcore-12.3.0/lib/python3.11/multiprocessing/context.py", line 281, in _Popen
    return Popen(process_obj)
  File "/sw/arch/RHEL8/EB_production/2023/software/Python/3.11.3-GCCcore-12.3.0/lib/python3.11/multiprocessing/popen_fork.py", line 19, in __init__
    self._launch(process_obj)
  File "/sw/arch/RHEL8/EB_production/2023/software/Python/3.11.3-GCCcore-12.3.0/lib/python3.11/multiprocessing/popen_fork.py", line 71, in _launch
    code = process_obj._bootstrap(parent_sentinel=child_r)
  File "/sw/arch/RHEL8/EB_production/2023/software/Python/3.11.3-GCCcore-12.3.0/lib/python3.11/multiprocessing/process.py", line 314, in _bootstrap
    self.run()
  File "/sw/arch/RHEL8/EB_production/2023/software/Python/3.11.3-GCCcore-12.3.0/lib/python3.11/multiprocessing/process.py", line 108, in run
    self._target(*self._args, **self._kwargs)
  File "/sw/arch/RHEL8/EB_production/2023/software/Python/3.11.3-GCCcore-12.3.0/lib/python3.11/multiprocessing/pool.py", line 125, in worker
    result = (True, func(*args, **kwds))
  File "/sw/arch/RHEL8/EB_production/2023/software/Python/3.11.3-GCCcore-12.3.0/lib/python3.11/multiprocessing/pool.py", line 48, in mapstar
    return list(map(*args))
  File "/gpfs/home3/tsijpkens/TSPHardener/run.py", line 38, in run_experiment
    logging.error(f"Error in {cmd}:", f"{e.stderr}")
Message: "Error in ['python3', '-m', 'main', '[30]', '[0.4]', '82', '', '--tsp_type', 'euclidean', '--distribution', 'lognormal', '--mutation_strategy', 'swap']:"
Arguments: ('',)
--- Logging error ---
Traceback (most recent call last):
  File "/gpfs/home3/tsijpkens/TSPHardener/run.py", line 33, in run_experiment
    result = subprocess.run(cmd, check=True, text=True, capture_output=True)
             ^^^^^^^^^^^^^^^^^^^^^^^^^^^^^^^^^^^^^^^^^^^^^^^^^^^^^^^^^^^^^^^
  File "/sw/arch/RHEL8/EB_production/2023/software/Python/3.11.3-GCCcore-12.3.0/lib/python3.11/subprocess.py", line 571, in run
    raise CalledProcessError(retcode, process.args,
subprocess.CalledProcessError: Command '['python3', '-m', 'main', '[30]', '[3.6]', '100', '', '--tsp_type', 'euclidean', '--distribution', 'lognormal', '--mutation_strategy', 'swap']' died with <Signals.SIGKILL: 9>.

During handling of the above exception, another exception occurred:

Traceback (most recent call last):
  File "/sw/arch/RHEL8/EB_production/2023/software/Python/3.11.3-GCCcore-12.3.0/lib/python3.11/logging/__init__.py", line 1110, in emit
    msg = self.format(record)
          ^^^^^^^^^^^^^^^^^^^
  File "/sw/arch/RHEL8/EB_production/2023/software/Python/3.11.3-GCCcore-12.3.0/lib/python3.11/logging/__init__.py", line 953, in format
    return fmt.format(record)
           ^^^^^^^^^^^^^^^^^^
  File "/sw/arch/RHEL8/EB_production/2023/software/Python/3.11.3-GCCcore-12.3.0/lib/python3.11/logging/__init__.py", line 687, in format
    record.message = record.getMessage()
                     ^^^^^^^^^^^^^^^^^^^
  File "/sw/arch/RHEL8/EB_production/2023/software/Python/3.11.3-GCCcore-12.3.0/lib/python3.11/logging/__init__.py", line 377, in getMessage
    msg = msg % self.args
          ~~~~^~~~~~~~~~~
TypeError: not all arguments converted during string formatting
Call stack:
  File "/gpfs/home3/tsijpkens/TSPHardener/run.py", line 46, in <module>
    with Pool(processes=48) as pool:
  File "/sw/arch/RHEL8/EB_production/2023/software/Python/3.11.3-GCCcore-12.3.0/lib/python3.11/multiprocessing/context.py", line 119, in Pool
    return Pool(processes, initializer, initargs, maxtasksperchild,
  File "/sw/arch/RHEL8/EB_production/2023/software/Python/3.11.3-GCCcore-12.3.0/lib/python3.11/multiprocessing/pool.py", line 215, in __init__
    self._repopulate_pool()
  File "/sw/arch/RHEL8/EB_production/2023/software/Python/3.11.3-GCCcore-12.3.0/lib/python3.11/multiprocessing/pool.py", line 306, in _repopulate_pool
    return self._repopulate_pool_static(self._ctx, self.Process,
  File "/sw/arch/RHEL8/EB_production/2023/software/Python/3.11.3-GCCcore-12.3.0/lib/python3.11/multiprocessing/pool.py", line 329, in _repopulate_pool_static
    w.start()
  File "/sw/arch/RHEL8/EB_production/2023/software/Python/3.11.3-GCCcore-12.3.0/lib/python3.11/multiprocessing/process.py", line 121, in start
    self._popen = self._Popen(self)
  File "/sw/arch/RHEL8/EB_production/2023/software/Python/3.11.3-GCCcore-12.3.0/lib/python3.11/multiprocessing/context.py", line 281, in _Popen
    return Popen(process_obj)
  File "/sw/arch/RHEL8/EB_production/2023/software/Python/3.11.3-GCCcore-12.3.0/lib/python3.11/multiprocessing/popen_fork.py", line 19, in __init__
    self._launch(process_obj)
  File "/sw/arch/RHEL8/EB_production/2023/software/Python/3.11.3-GCCcore-12.3.0/lib/python3.11/multiprocessing/popen_fork.py", line 71, in _launch
    code = process_obj._bootstrap(parent_sentinel=child_r)
  File "/sw/arch/RHEL8/EB_production/2023/software/Python/3.11.3-GCCcore-12.3.0/lib/python3.11/multiprocessing/process.py", line 314, in _bootstrap
    self.run()
  File "/sw/arch/RHEL8/EB_production/2023/software/Python/3.11.3-GCCcore-12.3.0/lib/python3.11/multiprocessing/process.py", line 108, in run
    self._target(*self._args, **self._kwargs)
  File "/sw/arch/RHEL8/EB_production/2023/software/Python/3.11.3-GCCcore-12.3.0/lib/python3.11/multiprocessing/pool.py", line 125, in worker
    result = (True, func(*args, **kwds))
  File "/sw/arch/RHEL8/EB_production/2023/software/Python/3.11.3-GCCcore-12.3.0/lib/python3.11/multiprocessing/pool.py", line 48, in mapstar
    return list(map(*args))
  File "/gpfs/home3/tsijpkens/TSPHardener/run.py", line 38, in run_experiment
    logging.error(f"Error in {cmd}:", f"{e.stderr}")
Message: "Error in ['python3', '-m', 'main', '[30]', '[3.6]', '100', '', '--tsp_type', 'euclidean', '--distribution', 'lognormal', '--mutation_strategy', 'swap']:"
Arguments: ('',)
--- Logging error ---
Traceback (most recent call last):
  File "/gpfs/home3/tsijpkens/TSPHardener/run.py", line 33, in run_experiment
    result = subprocess.run(cmd, check=True, text=True, capture_output=True)
             ^^^^^^^^^^^^^^^^^^^^^^^^^^^^^^^^^^^^^^^^^^^^^^^^^^^^^^^^^^^^^^^
  File "/sw/arch/RHEL8/EB_production/2023/software/Python/3.11.3-GCCcore-12.3.0/lib/python3.11/subprocess.py", line 571, in run
    raise CalledProcessError(retcode, process.args,
subprocess.CalledProcessError: Command '['python3', '-m', 'main', '[30]', '[0.2]', '100', '', '--tsp_type', 'euclidean', '--distribution', 'lognormal', '--mutation_strategy', 'swap']' died with <Signals.SIGKILL: 9>.

During handling of the above exception, another exception occurred:

Traceback (most recent call last):
  File "/sw/arch/RHEL8/EB_production/2023/software/Python/3.11.3-GCCcore-12.3.0/lib/python3.11/logging/__init__.py", line 1110, in emit
    msg = self.format(record)
          ^^^^^^^^^^^^^^^^^^^
  File "/sw/arch/RHEL8/EB_production/2023/software/Python/3.11.3-GCCcore-12.3.0/lib/python3.11/logging/__init__.py", line 953, in format
    return fmt.format(record)
           ^^^^^^^^^^^^^^^^^^
  File "/sw/arch/RHEL8/EB_production/2023/software/Python/3.11.3-GCCcore-12.3.0/lib/python3.11/logging/__init__.py", line 687, in format
    record.message = record.getMessage()
                     ^^^^^^^^^^^^^^^^^^^
  File "/sw/arch/RHEL8/EB_production/2023/software/Python/3.11.3-GCCcore-12.3.0/lib/python3.11/logging/__init__.py", line 377, in getMessage
    msg = msg % self.args
          ~~~~^~~~~~~~~~~
TypeError: not all arguments converted during string formatting
Call stack:
  File "/gpfs/home3/tsijpkens/TSPHardener/run.py", line 46, in <module>
    with Pool(processes=48) as pool:
  File "/sw/arch/RHEL8/EB_production/2023/software/Python/3.11.3-GCCcore-12.3.0/lib/python3.11/multiprocessing/context.py", line 119, in Pool
    return Pool(processes, initializer, initargs, maxtasksperchild,
  File "/sw/arch/RHEL8/EB_production/2023/software/Python/3.11.3-GCCcore-12.3.0/lib/python3.11/multiprocessing/pool.py", line 215, in __init__
    self._repopulate_pool()
  File "/sw/arch/RHEL8/EB_production/2023/software/Python/3.11.3-GCCcore-12.3.0/lib/python3.11/multiprocessing/pool.py", line 306, in _repopulate_pool
    return self._repopulate_pool_static(self._ctx, self.Process,
  File "/sw/arch/RHEL8/EB_production/2023/software/Python/3.11.3-GCCcore-12.3.0/lib/python3.11/multiprocessing/pool.py", line 329, in _repopulate_pool_static
    w.start()
  File "/sw/arch/RHEL8/EB_production/2023/software/Python/3.11.3-GCCcore-12.3.0/lib/python3.11/multiprocessing/process.py", line 121, in start
    self._popen = self._Popen(self)
  File "/sw/arch/RHEL8/EB_production/2023/software/Python/3.11.3-GCCcore-12.3.0/lib/python3.11/multiprocessing/context.py", line 281, in _Popen
    return Popen(process_obj)
  File "/sw/arch/RHEL8/EB_production/2023/software/Python/3.11.3-GCCcore-12.3.0/lib/python3.11/multiprocessing/popen_fork.py", line 19, in __init__
    self._launch(process_obj)
  File "/sw/arch/RHEL8/EB_production/2023/software/Python/3.11.3-GCCcore-12.3.0/lib/python3.11/multiprocessing/popen_fork.py", line 71, in _launch
    code = process_obj._bootstrap(parent_sentinel=child_r)
  File "/sw/arch/RHEL8/EB_production/2023/software/Python/3.11.3-GCCcore-12.3.0/lib/python3.11/multiprocessing/process.py", line 314, in _bootstrap
    self.run()
  File "/sw/arch/RHEL8/EB_production/2023/software/Python/3.11.3-GCCcore-12.3.0/lib/python3.11/multiprocessing/process.py", line 108, in run
    self._target(*self._args, **self._kwargs)
  File "/sw/arch/RHEL8/EB_production/2023/software/Python/3.11.3-GCCcore-12.3.0/lib/python3.11/multiprocessing/pool.py", line 125, in worker
    result = (True, func(*args, **kwds))
  File "/sw/arch/RHEL8/EB_production/2023/software/Python/3.11.3-GCCcore-12.3.0/lib/python3.11/multiprocessing/pool.py", line 48, in mapstar
    return list(map(*args))
  File "/gpfs/home3/tsijpkens/TSPHardener/run.py", line 38, in run_experiment
    logging.error(f"Error in {cmd}:", f"{e.stderr}")
Message: "Error in ['python3', '-m', 'main', '[30]', '[0.2]', '100', '', '--tsp_type', 'euclidean', '--distribution', 'lognormal', '--mutation_strategy', 'swap']:"
Arguments: ('',)
--- Logging error ---
Traceback (most recent call last):
  File "/gpfs/home3/tsijpkens/TSPHardener/run.py", line 33, in run_experiment
    result = subprocess.run(cmd, check=True, text=True, capture_output=True)
             ^^^^^^^^^^^^^^^^^^^^^^^^^^^^^^^^^^^^^^^^^^^^^^^^^^^^^^^^^^^^^^^
  File "/sw/arch/RHEL8/EB_production/2023/software/Python/3.11.3-GCCcore-12.3.0/lib/python3.11/subprocess.py", line 571, in run
    raise CalledProcessError(retcode, process.args,
subprocess.CalledProcessError: Command '['python3', '-m', 'main', '[30]', '[3.0]', '100', '', '--tsp_type', 'euclidean', '--distribution', 'lognormal', '--mutation_strategy', 'swap']' died with <Signals.SIGKILL: 9>.

During handling of the above exception, another exception occurred:

Traceback (most recent call last):
  File "/sw/arch/RHEL8/EB_production/2023/software/Python/3.11.3-GCCcore-12.3.0/lib/python3.11/logging/__init__.py", line 1110, in emit
    msg = self.format(record)
          ^^^^^^^^^^^^^^^^^^^
  File "/sw/arch/RHEL8/EB_production/2023/software/Python/3.11.3-GCCcore-12.3.0/lib/python3.11/logging/__init__.py", line 953, in format
    return fmt.format(record)
           ^^^^^^^^^^^^^^^^^^
  File "/sw/arch/RHEL8/EB_production/2023/software/Python/3.11.3-GCCcore-12.3.0/lib/python3.11/logging/__init__.py", line 687, in format
    record.message = record.getMessage()
                     ^^^^^^^^^^^^^^^^^^^
  File "/sw/arch/RHEL8/EB_production/2023/software/Python/3.11.3-GCCcore-12.3.0/lib/python3.11/logging/__init__.py", line 377, in getMessage
    msg = msg % self.args
          ~~~~^~~~~~~~~~~
TypeError: not all arguments converted during string formatting
Call stack:
  File "/gpfs/home3/tsijpkens/TSPHardener/run.py", line 46, in <module>
    with Pool(processes=48) as pool:
  File "/sw/arch/RHEL8/EB_production/2023/software/Python/3.11.3-GCCcore-12.3.0/lib/python3.11/multiprocessing/context.py", line 119, in Pool
    return Pool(processes, initializer, initargs, maxtasksperchild,
  File "/sw/arch/RHEL8/EB_production/2023/software/Python/3.11.3-GCCcore-12.3.0/lib/python3.11/multiprocessing/pool.py", line 215, in __init__
    self._repopulate_pool()
  File "/sw/arch/RHEL8/EB_production/2023/software/Python/3.11.3-GCCcore-12.3.0/lib/python3.11/multiprocessing/pool.py", line 306, in _repopulate_pool
    return self._repopulate_pool_static(self._ctx, self.Process,
  File "/sw/arch/RHEL8/EB_production/2023/software/Python/3.11.3-GCCcore-12.3.0/lib/python3.11/multiprocessing/pool.py", line 329, in _repopulate_pool_static
    w.start()
  File "/sw/arch/RHEL8/EB_production/2023/software/Python/3.11.3-GCCcore-12.3.0/lib/python3.11/multiprocessing/process.py", line 121, in start
    self._popen = self._Popen(self)
  File "/sw/arch/RHEL8/EB_production/2023/software/Python/3.11.3-GCCcore-12.3.0/lib/python3.11/multiprocessing/context.py", line 281, in _Popen
    return Popen(process_obj)
  File "/sw/arch/RHEL8/EB_production/2023/software/Python/3.11.3-GCCcore-12.3.0/lib/python3.11/multiprocessing/popen_fork.py", line 19, in __init__
    self._launch(process_obj)
  File "/sw/arch/RHEL8/EB_production/2023/software/Python/3.11.3-GCCcore-12.3.0/lib/python3.11/multiprocessing/popen_fork.py", line 71, in _launch
    code = process_obj._bootstrap(parent_sentinel=child_r)
  File "/sw/arch/RHEL8/EB_production/2023/software/Python/3.11.3-GCCcore-12.3.0/lib/python3.11/multiprocessing/process.py", line 314, in _bootstrap
    self.run()
  File "/sw/arch/RHEL8/EB_production/2023/software/Python/3.11.3-GCCcore-12.3.0/lib/python3.11/multiprocessing/process.py", line 108, in run
    self._target(*self._args, **self._kwargs)
  File "/sw/arch/RHEL8/EB_production/2023/software/Python/3.11.3-GCCcore-12.3.0/lib/python3.11/multiprocessing/pool.py", line 125, in worker
    result = (True, func(*args, **kwds))
  File "/sw/arch/RHEL8/EB_production/2023/software/Python/3.11.3-GCCcore-12.3.0/lib/python3.11/multiprocessing/pool.py", line 48, in mapstar
    return list(map(*args))
  File "/gpfs/home3/tsijpkens/TSPHardener/run.py", line 38, in run_experiment
    logging.error(f"Error in {cmd}:", f"{e.stderr}")
Message: "Error in ['python3', '-m', 'main', '[30]', '[3.0]', '100', '', '--tsp_type', 'euclidean', '--distribution', 'lognormal', '--mutation_strategy', 'swap']:"
Arguments: ('',)
--- Logging error ---
Traceback (most recent call last):
  File "/gpfs/home3/tsijpkens/TSPHardener/run.py", line 33, in run_experiment
    result = subprocess.run(cmd, check=True, text=True, capture_output=True)
             ^^^^^^^^^^^^^^^^^^^^^^^^^^^^^^^^^^^^^^^^^^^^^^^^^^^^^^^^^^^^^^^
  File "/sw/arch/RHEL8/EB_production/2023/software/Python/3.11.3-GCCcore-12.3.0/lib/python3.11/subprocess.py", line 571, in run
    raise CalledProcessError(retcode, process.args,
subprocess.CalledProcessError: Command '['python3', '-m', 'main', '[30]', '[10]', '90', '', '--tsp_type', 'euclidean', '--distribution', 'uniform', '--mutation_strategy', 'wouter']' died with <Signals.SIGKILL: 9>.

During handling of the above exception, another exception occurred:

Traceback (most recent call last):
  File "/sw/arch/RHEL8/EB_production/2023/software/Python/3.11.3-GCCcore-12.3.0/lib/python3.11/logging/__init__.py", line 1110, in emit
    msg = self.format(record)
          ^^^^^^^^^^^^^^^^^^^
  File "/sw/arch/RHEL8/EB_production/2023/software/Python/3.11.3-GCCcore-12.3.0/lib/python3.11/logging/__init__.py", line 953, in format
    return fmt.format(record)
           ^^^^^^^^^^^^^^^^^^
  File "/sw/arch/RHEL8/EB_production/2023/software/Python/3.11.3-GCCcore-12.3.0/lib/python3.11/logging/__init__.py", line 687, in format
    record.message = record.getMessage()
                     ^^^^^^^^^^^^^^^^^^^
  File "/sw/arch/RHEL8/EB_production/2023/software/Python/3.11.3-GCCcore-12.3.0/lib/python3.11/logging/__init__.py", line 377, in getMessage
    msg = msg % self.args
          ~~~~^~~~~~~~~~~
TypeError: not all arguments converted during string formatting
Call stack:
  File "/gpfs/home3/tsijpkens/TSPHardener/run.py", line 46, in <module>
    with Pool(processes=48) as pool:
  File "/sw/arch/RHEL8/EB_production/2023/software/Python/3.11.3-GCCcore-12.3.0/lib/python3.11/multiprocessing/context.py", line 119, in Pool
    return Pool(processes, initializer, initargs, maxtasksperchild,
  File "/sw/arch/RHEL8/EB_production/2023/software/Python/3.11.3-GCCcore-12.3.0/lib/python3.11/multiprocessing/pool.py", line 215, in __init__
    self._repopulate_pool()
  File "/sw/arch/RHEL8/EB_production/2023/software/Python/3.11.3-GCCcore-12.3.0/lib/python3.11/multiprocessing/pool.py", line 306, in _repopulate_pool
    return self._repopulate_pool_static(self._ctx, self.Process,
  File "/sw/arch/RHEL8/EB_production/2023/software/Python/3.11.3-GCCcore-12.3.0/lib/python3.11/multiprocessing/pool.py", line 329, in _repopulate_pool_static
    w.start()
  File "/sw/arch/RHEL8/EB_production/2023/software/Python/3.11.3-GCCcore-12.3.0/lib/python3.11/multiprocessing/process.py", line 121, in start
    self._popen = self._Popen(self)
  File "/sw/arch/RHEL8/EB_production/2023/software/Python/3.11.3-GCCcore-12.3.0/lib/python3.11/multiprocessing/context.py", line 281, in _Popen
    return Popen(process_obj)
  File "/sw/arch/RHEL8/EB_production/2023/software/Python/3.11.3-GCCcore-12.3.0/lib/python3.11/multiprocessing/popen_fork.py", line 19, in __init__
    self._launch(process_obj)
  File "/sw/arch/RHEL8/EB_production/2023/software/Python/3.11.3-GCCcore-12.3.0/lib/python3.11/multiprocessing/popen_fork.py", line 71, in _launch
    code = process_obj._bootstrap(parent_sentinel=child_r)
  File "/sw/arch/RHEL8/EB_production/2023/software/Python/3.11.3-GCCcore-12.3.0/lib/python3.11/multiprocessing/process.py", line 314, in _bootstrap
    self.run()
  File "/sw/arch/RHEL8/EB_production/2023/software/Python/3.11.3-GCCcore-12.3.0/lib/python3.11/multiprocessing/process.py", line 108, in run
    self._target(*self._args, **self._kwargs)
  File "/sw/arch/RHEL8/EB_production/2023/software/Python/3.11.3-GCCcore-12.3.0/lib/python3.11/multiprocessing/pool.py", line 125, in worker
    result = (True, func(*args, **kwds))
  File "/sw/arch/RHEL8/EB_production/2023/software/Python/3.11.3-GCCcore-12.3.0/lib/python3.11/multiprocessing/pool.py", line 48, in mapstar
    return list(map(*args))
  File "/gpfs/home3/tsijpkens/TSPHardener/run.py", line 38, in run_experiment
    logging.error(f"Error in {cmd}:", f"{e.stderr}")
Message: "Error in ['python3', '-m', 'main', '[30]', '[10]', '90', '', '--tsp_type', 'euclidean', '--distribution', 'uniform', '--mutation_strategy', 'wouter']:"
Arguments: ('',)
--- Logging error ---
Traceback (most recent call last):
  File "/gpfs/home3/tsijpkens/TSPHardener/run.py", line 33, in run_experiment
    result = subprocess.run(cmd, check=True, text=True, capture_output=True)
             ^^^^^^^^^^^^^^^^^^^^^^^^^^^^^^^^^^^^^^^^^^^^^^^^^^^^^^^^^^^^^^^
  File "/sw/arch/RHEL8/EB_production/2023/software/Python/3.11.3-GCCcore-12.3.0/lib/python3.11/subprocess.py", line 571, in run
    raise CalledProcessError(retcode, process.args,
subprocess.CalledProcessError: Command '['python3', '-m', 'main', '[30]', '[2.0]', '100', '', '--tsp_type', 'euclidean', '--distribution', 'lognormal', '--mutation_strategy', 'swap']' died with <Signals.SIGKILL: 9>.

During handling of the above exception, another exception occurred:

Traceback (most recent call last):
  File "/sw/arch/RHEL8/EB_production/2023/software/Python/3.11.3-GCCcore-12.3.0/lib/python3.11/logging/__init__.py", line 1110, in emit
    msg = self.format(record)
          ^^^^^^^^^^^^^^^^^^^
  File "/sw/arch/RHEL8/EB_production/2023/software/Python/3.11.3-GCCcore-12.3.0/lib/python3.11/logging/__init__.py", line 953, in format
    return fmt.format(record)
           ^^^^^^^^^^^^^^^^^^
  File "/sw/arch/RHEL8/EB_production/2023/software/Python/3.11.3-GCCcore-12.3.0/lib/python3.11/logging/__init__.py", line 687, in format
    record.message = record.getMessage()
                     ^^^^^^^^^^^^^^^^^^^
  File "/sw/arch/RHEL8/EB_production/2023/software/Python/3.11.3-GCCcore-12.3.0/lib/python3.11/logging/__init__.py", line 377, in getMessage
    msg = msg % self.args
          ~~~~^~~~~~~~~~~
TypeError: not all arguments converted during string formatting
Call stack:
  File "/gpfs/home3/tsijpkens/TSPHardener/run.py", line 46, in <module>
    with Pool(processes=48) as pool:
  File "/sw/arch/RHEL8/EB_production/2023/software/Python/3.11.3-GCCcore-12.3.0/lib/python3.11/multiprocessing/context.py", line 119, in Pool
    return Pool(processes, initializer, initargs, maxtasksperchild,
  File "/sw/arch/RHEL8/EB_production/2023/software/Python/3.11.3-GCCcore-12.3.0/lib/python3.11/multiprocessing/pool.py", line 215, in __init__
    self._repopulate_pool()
  File "/sw/arch/RHEL8/EB_production/2023/software/Python/3.11.3-GCCcore-12.3.0/lib/python3.11/multiprocessing/pool.py", line 306, in _repopulate_pool
    return self._repopulate_pool_static(self._ctx, self.Process,
  File "/sw/arch/RHEL8/EB_production/2023/software/Python/3.11.3-GCCcore-12.3.0/lib/python3.11/multiprocessing/pool.py", line 329, in _repopulate_pool_static
    w.start()
  File "/sw/arch/RHEL8/EB_production/2023/software/Python/3.11.3-GCCcore-12.3.0/lib/python3.11/multiprocessing/process.py", line 121, in start
    self._popen = self._Popen(self)
  File "/sw/arch/RHEL8/EB_production/2023/software/Python/3.11.3-GCCcore-12.3.0/lib/python3.11/multiprocessing/context.py", line 281, in _Popen
    return Popen(process_obj)
  File "/sw/arch/RHEL8/EB_production/2023/software/Python/3.11.3-GCCcore-12.3.0/lib/python3.11/multiprocessing/popen_fork.py", line 19, in __init__
    self._launch(process_obj)
  File "/sw/arch/RHEL8/EB_production/2023/software/Python/3.11.3-GCCcore-12.3.0/lib/python3.11/multiprocessing/popen_fork.py", line 71, in _launch
    code = process_obj._bootstrap(parent_sentinel=child_r)
  File "/sw/arch/RHEL8/EB_production/2023/software/Python/3.11.3-GCCcore-12.3.0/lib/python3.11/multiprocessing/process.py", line 314, in _bootstrap
    self.run()
  File "/sw/arch/RHEL8/EB_production/2023/software/Python/3.11.3-GCCcore-12.3.0/lib/python3.11/multiprocessing/process.py", line 108, in run
    self._target(*self._args, **self._kwargs)
  File "/sw/arch/RHEL8/EB_production/2023/software/Python/3.11.3-GCCcore-12.3.0/lib/python3.11/multiprocessing/pool.py", line 125, in worker
    result = (True, func(*args, **kwds))
  File "/sw/arch/RHEL8/EB_production/2023/software/Python/3.11.3-GCCcore-12.3.0/lib/python3.11/multiprocessing/pool.py", line 48, in mapstar
    return list(map(*args))
  File "/gpfs/home3/tsijpkens/TSPHardener/run.py", line 38, in run_experiment
    logging.error(f"Error in {cmd}:", f"{e.stderr}")
Message: "Error in ['python3', '-m', 'main', '[30]', '[2.0]', '100', '', '--tsp_type', 'euclidean', '--distribution', 'lognormal', '--mutation_strategy', 'swap']:"
Arguments: ('',)
--- Logging error ---
Traceback (most recent call last):
  File "/gpfs/home3/tsijpkens/TSPHardener/run.py", line 33, in run_experiment
    result = subprocess.run(cmd, check=True, text=True, capture_output=True)
             ^^^^^^^^^^^^^^^^^^^^^^^^^^^^^^^^^^^^^^^^^^^^^^^^^^^^^^^^^^^^^^^
  File "/sw/arch/RHEL8/EB_production/2023/software/Python/3.11.3-GCCcore-12.3.0/lib/python3.11/subprocess.py", line 571, in run
    raise CalledProcessError(retcode, process.args,
subprocess.CalledProcessError: Command '['python3', '-m', 'main', '[30]', '[0.6]', '99', '', '--tsp_type', 'euclidean', '--distribution', 'lognormal', '--mutation_strategy', 'swap']' died with <Signals.SIGKILL: 9>.

During handling of the above exception, another exception occurred:

Traceback (most recent call last):
  File "/sw/arch/RHEL8/EB_production/2023/software/Python/3.11.3-GCCcore-12.3.0/lib/python3.11/logging/__init__.py", line 1110, in emit
    msg = self.format(record)
          ^^^^^^^^^^^^^^^^^^^
  File "/sw/arch/RHEL8/EB_production/2023/software/Python/3.11.3-GCCcore-12.3.0/lib/python3.11/logging/__init__.py", line 953, in format
    return fmt.format(record)
           ^^^^^^^^^^^^^^^^^^
  File "/sw/arch/RHEL8/EB_production/2023/software/Python/3.11.3-GCCcore-12.3.0/lib/python3.11/logging/__init__.py", line 687, in format
    record.message = record.getMessage()
                     ^^^^^^^^^^^^^^^^^^^
  File "/sw/arch/RHEL8/EB_production/2023/software/Python/3.11.3-GCCcore-12.3.0/lib/python3.11/logging/__init__.py", line 377, in getMessage
    msg = msg % self.args
          ~~~~^~~~~~~~~~~
TypeError: not all arguments converted during string formatting
Call stack:
  File "/gpfs/home3/tsijpkens/TSPHardener/run.py", line 46, in <module>
    with Pool(processes=48) as pool:
  File "/sw/arch/RHEL8/EB_production/2023/software/Python/3.11.3-GCCcore-12.3.0/lib/python3.11/multiprocessing/context.py", line 119, in Pool
    return Pool(processes, initializer, initargs, maxtasksperchild,
  File "/sw/arch/RHEL8/EB_production/2023/software/Python/3.11.3-GCCcore-12.3.0/lib/python3.11/multiprocessing/pool.py", line 215, in __init__
    self._repopulate_pool()
  File "/sw/arch/RHEL8/EB_production/2023/software/Python/3.11.3-GCCcore-12.3.0/lib/python3.11/multiprocessing/pool.py", line 306, in _repopulate_pool
    return self._repopulate_pool_static(self._ctx, self.Process,
  File "/sw/arch/RHEL8/EB_production/2023/software/Python/3.11.3-GCCcore-12.3.0/lib/python3.11/multiprocessing/pool.py", line 329, in _repopulate_pool_static
    w.start()
  File "/sw/arch/RHEL8/EB_production/2023/software/Python/3.11.3-GCCcore-12.3.0/lib/python3.11/multiprocessing/process.py", line 121, in start
    self._popen = self._Popen(self)
  File "/sw/arch/RHEL8/EB_production/2023/software/Python/3.11.3-GCCcore-12.3.0/lib/python3.11/multiprocessing/context.py", line 281, in _Popen
    return Popen(process_obj)
  File "/sw/arch/RHEL8/EB_production/2023/software/Python/3.11.3-GCCcore-12.3.0/lib/python3.11/multiprocessing/popen_fork.py", line 19, in __init__
    self._launch(process_obj)
  File "/sw/arch/RHEL8/EB_production/2023/software/Python/3.11.3-GCCcore-12.3.0/lib/python3.11/multiprocessing/popen_fork.py", line 71, in _launch
    code = process_obj._bootstrap(parent_sentinel=child_r)
  File "/sw/arch/RHEL8/EB_production/2023/software/Python/3.11.3-GCCcore-12.3.0/lib/python3.11/multiprocessing/process.py", line 314, in _bootstrap
    self.run()
  File "/sw/arch/RHEL8/EB_production/2023/software/Python/3.11.3-GCCcore-12.3.0/lib/python3.11/multiprocessing/process.py", line 108, in run
    self._target(*self._args, **self._kwargs)
  File "/sw/arch/RHEL8/EB_production/2023/software/Python/3.11.3-GCCcore-12.3.0/lib/python3.11/multiprocessing/pool.py", line 125, in worker
    result = (True, func(*args, **kwds))
  File "/sw/arch/RHEL8/EB_production/2023/software/Python/3.11.3-GCCcore-12.3.0/lib/python3.11/multiprocessing/pool.py", line 48, in mapstar
    return list(map(*args))
  File "/gpfs/home3/tsijpkens/TSPHardener/run.py", line 38, in run_experiment
    logging.error(f"Error in {cmd}:", f"{e.stderr}")
Message: "Error in ['python3', '-m', 'main', '[30]', '[0.6]', '99', '', '--tsp_type', 'euclidean', '--distribution', 'lognormal', '--mutation_strategy', 'swap']:"
Arguments: ('',)
--- Logging error ---
Traceback (most recent call last):
  File "/gpfs/home3/tsijpkens/TSPHardener/run.py", line 33, in run_experiment
    result = subprocess.run(cmd, check=True, text=True, capture_output=True)
             ^^^^^^^^^^^^^^^^^^^^^^^^^^^^^^^^^^^^^^^^^^^^^^^^^^^^^^^^^^^^^^^
  File "/sw/arch/RHEL8/EB_production/2023/software/Python/3.11.3-GCCcore-12.3.0/lib/python3.11/subprocess.py", line 571, in run
    raise CalledProcessError(retcode, process.args,
subprocess.CalledProcessError: Command '['python3', '-m', 'main', '[30]', '[25]', '95', '', '--tsp_type', 'euclidean', '--distribution', 'uniform', '--mutation_strategy', 'wouter']' died with <Signals.SIGKILL: 9>.

During handling of the above exception, another exception occurred:

Traceback (most recent call last):
  File "/sw/arch/RHEL8/EB_production/2023/software/Python/3.11.3-GCCcore-12.3.0/lib/python3.11/logging/__init__.py", line 1110, in emit
    msg = self.format(record)
          ^^^^^^^^^^^^^^^^^^^
  File "/sw/arch/RHEL8/EB_production/2023/software/Python/3.11.3-GCCcore-12.3.0/lib/python3.11/logging/__init__.py", line 953, in format
    return fmt.format(record)
           ^^^^^^^^^^^^^^^^^^
  File "/sw/arch/RHEL8/EB_production/2023/software/Python/3.11.3-GCCcore-12.3.0/lib/python3.11/logging/__init__.py", line 687, in format
    record.message = record.getMessage()
                     ^^^^^^^^^^^^^^^^^^^
  File "/sw/arch/RHEL8/EB_production/2023/software/Python/3.11.3-GCCcore-12.3.0/lib/python3.11/logging/__init__.py", line 377, in getMessage
    msg = msg % self.args
          ~~~~^~~~~~~~~~~
TypeError: not all arguments converted during string formatting
Call stack:
  File "/gpfs/home3/tsijpkens/TSPHardener/run.py", line 46, in <module>
    with Pool(processes=48) as pool:
  File "/sw/arch/RHEL8/EB_production/2023/software/Python/3.11.3-GCCcore-12.3.0/lib/python3.11/multiprocessing/context.py", line 119, in Pool
    return Pool(processes, initializer, initargs, maxtasksperchild,
  File "/sw/arch/RHEL8/EB_production/2023/software/Python/3.11.3-GCCcore-12.3.0/lib/python3.11/multiprocessing/pool.py", line 215, in __init__
    self._repopulate_pool()
  File "/sw/arch/RHEL8/EB_production/2023/software/Python/3.11.3-GCCcore-12.3.0/lib/python3.11/multiprocessing/pool.py", line 306, in _repopulate_pool
    return self._repopulate_pool_static(self._ctx, self.Process,
  File "/sw/arch/RHEL8/EB_production/2023/software/Python/3.11.3-GCCcore-12.3.0/lib/python3.11/multiprocessing/pool.py", line 329, in _repopulate_pool_static
    w.start()
  File "/sw/arch/RHEL8/EB_production/2023/software/Python/3.11.3-GCCcore-12.3.0/lib/python3.11/multiprocessing/process.py", line 121, in start
    self._popen = self._Popen(self)
  File "/sw/arch/RHEL8/EB_production/2023/software/Python/3.11.3-GCCcore-12.3.0/lib/python3.11/multiprocessing/context.py", line 281, in _Popen
    return Popen(process_obj)
  File "/sw/arch/RHEL8/EB_production/2023/software/Python/3.11.3-GCCcore-12.3.0/lib/python3.11/multiprocessing/popen_fork.py", line 19, in __init__
    self._launch(process_obj)
  File "/sw/arch/RHEL8/EB_production/2023/software/Python/3.11.3-GCCcore-12.3.0/lib/python3.11/multiprocessing/popen_fork.py", line 71, in _launch
    code = process_obj._bootstrap(parent_sentinel=child_r)
  File "/sw/arch/RHEL8/EB_production/2023/software/Python/3.11.3-GCCcore-12.3.0/lib/python3.11/multiprocessing/process.py", line 314, in _bootstrap
    self.run()
  File "/sw/arch/RHEL8/EB_production/2023/software/Python/3.11.3-GCCcore-12.3.0/lib/python3.11/multiprocessing/process.py", line 108, in run
    self._target(*self._args, **self._kwargs)
  File "/sw/arch/RHEL8/EB_production/2023/software/Python/3.11.3-GCCcore-12.3.0/lib/python3.11/multiprocessing/pool.py", line 125, in worker
    result = (True, func(*args, **kwds))
  File "/sw/arch/RHEL8/EB_production/2023/software/Python/3.11.3-GCCcore-12.3.0/lib/python3.11/multiprocessing/pool.py", line 48, in mapstar
    return list(map(*args))
  File "/gpfs/home3/tsijpkens/TSPHardener/run.py", line 38, in run_experiment
    logging.error(f"Error in {cmd}:", f"{e.stderr}")
Message: "Error in ['python3', '-m', 'main', '[30]', '[25]', '95', '', '--tsp_type', 'euclidean', '--distribution', 'uniform', '--mutation_strategy', 'wouter']:"
Arguments: ('',)
--- Logging error ---
Traceback (most recent call last):
  File "/gpfs/home3/tsijpkens/TSPHardener/run.py", line 33, in run_experiment
    result = subprocess.run(cmd, check=True, text=True, capture_output=True)
             ^^^^^^^^^^^^^^^^^^^^^^^^^^^^^^^^^^^^^^^^^^^^^^^^^^^^^^^^^^^^^^^
  File "/sw/arch/RHEL8/EB_production/2023/software/Python/3.11.3-GCCcore-12.3.0/lib/python3.11/subprocess.py", line 571, in run
    raise CalledProcessError(retcode, process.args,
subprocess.CalledProcessError: Command '['python3', '-m', 'main', '[20]', '[3.2]', '76', '', '--tsp_type', 'euclidean', '--distribution', 'lognormal', '--mutation_strategy', 'swap']' died with <Signals.SIGKILL: 9>.

During handling of the above exception, another exception occurred:

Traceback (most recent call last):
  File "/sw/arch/RHEL8/EB_production/2023/software/Python/3.11.3-GCCcore-12.3.0/lib/python3.11/logging/__init__.py", line 1110, in emit
    msg = self.format(record)
          ^^^^^^^^^^^^^^^^^^^
  File "/sw/arch/RHEL8/EB_production/2023/software/Python/3.11.3-GCCcore-12.3.0/lib/python3.11/logging/__init__.py", line 953, in format
    return fmt.format(record)
           ^^^^^^^^^^^^^^^^^^
  File "/sw/arch/RHEL8/EB_production/2023/software/Python/3.11.3-GCCcore-12.3.0/lib/python3.11/logging/__init__.py", line 687, in format
    record.message = record.getMessage()
                     ^^^^^^^^^^^^^^^^^^^
  File "/sw/arch/RHEL8/EB_production/2023/software/Python/3.11.3-GCCcore-12.3.0/lib/python3.11/logging/__init__.py", line 377, in getMessage
    msg = msg % self.args
          ~~~~^~~~~~~~~~~
TypeError: not all arguments converted during string formatting
Call stack:
  File "/gpfs/home3/tsijpkens/TSPHardener/run.py", line 46, in <module>
    with Pool(processes=48) as pool:
  File "/sw/arch/RHEL8/EB_production/2023/software/Python/3.11.3-GCCcore-12.3.0/lib/python3.11/multiprocessing/context.py", line 119, in Pool
    return Pool(processes, initializer, initargs, maxtasksperchild,
  File "/sw/arch/RHEL8/EB_production/2023/software/Python/3.11.3-GCCcore-12.3.0/lib/python3.11/multiprocessing/pool.py", line 215, in __init__
    self._repopulate_pool()
  File "/sw/arch/RHEL8/EB_production/2023/software/Python/3.11.3-GCCcore-12.3.0/lib/python3.11/multiprocessing/pool.py", line 306, in _repopulate_pool
    return self._repopulate_pool_static(self._ctx, self.Process,
  File "/sw/arch/RHEL8/EB_production/2023/software/Python/3.11.3-GCCcore-12.3.0/lib/python3.11/multiprocessing/pool.py", line 329, in _repopulate_pool_static
    w.start()
  File "/sw/arch/RHEL8/EB_production/2023/software/Python/3.11.3-GCCcore-12.3.0/lib/python3.11/multiprocessing/process.py", line 121, in start
    self._popen = self._Popen(self)
  File "/sw/arch/RHEL8/EB_production/2023/software/Python/3.11.3-GCCcore-12.3.0/lib/python3.11/multiprocessing/context.py", line 281, in _Popen
    return Popen(process_obj)
  File "/sw/arch/RHEL8/EB_production/2023/software/Python/3.11.3-GCCcore-12.3.0/lib/python3.11/multiprocessing/popen_fork.py", line 19, in __init__
    self._launch(process_obj)
  File "/sw/arch/RHEL8/EB_production/2023/software/Python/3.11.3-GCCcore-12.3.0/lib/python3.11/multiprocessing/popen_fork.py", line 71, in _launch
    code = process_obj._bootstrap(parent_sentinel=child_r)
  File "/sw/arch/RHEL8/EB_production/2023/software/Python/3.11.3-GCCcore-12.3.0/lib/python3.11/multiprocessing/process.py", line 314, in _bootstrap
    self.run()
  File "/sw/arch/RHEL8/EB_production/2023/software/Python/3.11.3-GCCcore-12.3.0/lib/python3.11/multiprocessing/process.py", line 108, in run
    self._target(*self._args, **self._kwargs)
  File "/sw/arch/RHEL8/EB_production/2023/software/Python/3.11.3-GCCcore-12.3.0/lib/python3.11/multiprocessing/pool.py", line 125, in worker
    result = (True, func(*args, **kwds))
  File "/sw/arch/RHEL8/EB_production/2023/software/Python/3.11.3-GCCcore-12.3.0/lib/python3.11/multiprocessing/pool.py", line 48, in mapstar
    return list(map(*args))
  File "/gpfs/home3/tsijpkens/TSPHardener/run.py", line 38, in run_experiment
    logging.error(f"Error in {cmd}:", f"{e.stderr}")
Message: "Error in ['python3', '-m', 'main', '[20]', '[3.2]', '76', '', '--tsp_type', 'euclidean', '--distribution', 'lognormal', '--mutation_strategy', 'swap']:"
Arguments: ('',)
--- Logging error ---
Traceback (most recent call last):
  File "/gpfs/home3/tsijpkens/TSPHardener/run.py", line 33, in run_experiment
    result = subprocess.run(cmd, check=True, text=True, capture_output=True)
             ^^^^^^^^^^^^^^^^^^^^^^^^^^^^^^^^^^^^^^^^^^^^^^^^^^^^^^^^^^^^^^^
  File "/sw/arch/RHEL8/EB_production/2023/software/Python/3.11.3-GCCcore-12.3.0/lib/python3.11/subprocess.py", line 571, in run
    raise CalledProcessError(retcode, process.args,
subprocess.CalledProcessError: Command '['python3', '-m', 'main', '[30]', '[1.6]', '99', '', '--tsp_type', 'euclidean', '--distribution', 'lognormal', '--mutation_strategy', 'swap']' died with <Signals.SIGKILL: 9>.

During handling of the above exception, another exception occurred:

Traceback (most recent call last):
  File "/sw/arch/RHEL8/EB_production/2023/software/Python/3.11.3-GCCcore-12.3.0/lib/python3.11/logging/__init__.py", line 1110, in emit
    msg = self.format(record)
          ^^^^^^^^^^^^^^^^^^^
  File "/sw/arch/RHEL8/EB_production/2023/software/Python/3.11.3-GCCcore-12.3.0/lib/python3.11/logging/__init__.py", line 953, in format
    return fmt.format(record)
           ^^^^^^^^^^^^^^^^^^
  File "/sw/arch/RHEL8/EB_production/2023/software/Python/3.11.3-GCCcore-12.3.0/lib/python3.11/logging/__init__.py", line 687, in format
    record.message = record.getMessage()
                     ^^^^^^^^^^^^^^^^^^^
  File "/sw/arch/RHEL8/EB_production/2023/software/Python/3.11.3-GCCcore-12.3.0/lib/python3.11/logging/__init__.py", line 377, in getMessage
    msg = msg % self.args
          ~~~~^~~~~~~~~~~
TypeError: not all arguments converted during string formatting
Call stack:
  File "/gpfs/home3/tsijpkens/TSPHardener/run.py", line 46, in <module>
    with Pool(processes=48) as pool:
  File "/sw/arch/RHEL8/EB_production/2023/software/Python/3.11.3-GCCcore-12.3.0/lib/python3.11/multiprocessing/context.py", line 119, in Pool
    return Pool(processes, initializer, initargs, maxtasksperchild,
  File "/sw/arch/RHEL8/EB_production/2023/software/Python/3.11.3-GCCcore-12.3.0/lib/python3.11/multiprocessing/pool.py", line 215, in __init__
    self._repopulate_pool()
  File "/sw/arch/RHEL8/EB_production/2023/software/Python/3.11.3-GCCcore-12.3.0/lib/python3.11/multiprocessing/pool.py", line 306, in _repopulate_pool
    return self._repopulate_pool_static(self._ctx, self.Process,
  File "/sw/arch/RHEL8/EB_production/2023/software/Python/3.11.3-GCCcore-12.3.0/lib/python3.11/multiprocessing/pool.py", line 329, in _repopulate_pool_static
    w.start()
  File "/sw/arch/RHEL8/EB_production/2023/software/Python/3.11.3-GCCcore-12.3.0/lib/python3.11/multiprocessing/process.py", line 121, in start
    self._popen = self._Popen(self)
  File "/sw/arch/RHEL8/EB_production/2023/software/Python/3.11.3-GCCcore-12.3.0/lib/python3.11/multiprocessing/context.py", line 281, in _Popen
    return Popen(process_obj)
  File "/sw/arch/RHEL8/EB_production/2023/software/Python/3.11.3-GCCcore-12.3.0/lib/python3.11/multiprocessing/popen_fork.py", line 19, in __init__
    self._launch(process_obj)
  File "/sw/arch/RHEL8/EB_production/2023/software/Python/3.11.3-GCCcore-12.3.0/lib/python3.11/multiprocessing/popen_fork.py", line 71, in _launch
    code = process_obj._bootstrap(parent_sentinel=child_r)
  File "/sw/arch/RHEL8/EB_production/2023/software/Python/3.11.3-GCCcore-12.3.0/lib/python3.11/multiprocessing/process.py", line 314, in _bootstrap
    self.run()
  File "/sw/arch/RHEL8/EB_production/2023/software/Python/3.11.3-GCCcore-12.3.0/lib/python3.11/multiprocessing/process.py", line 108, in run
    self._target(*self._args, **self._kwargs)
  File "/sw/arch/RHEL8/EB_production/2023/software/Python/3.11.3-GCCcore-12.3.0/lib/python3.11/multiprocessing/pool.py", line 125, in worker
    result = (True, func(*args, **kwds))
  File "/sw/arch/RHEL8/EB_production/2023/software/Python/3.11.3-GCCcore-12.3.0/lib/python3.11/multiprocessing/pool.py", line 48, in mapstar
    return list(map(*args))
  File "/gpfs/home3/tsijpkens/TSPHardener/run.py", line 38, in run_experiment
    logging.error(f"Error in {cmd}:", f"{e.stderr}")
Message: "Error in ['python3', '-m', 'main', '[30]', '[1.6]', '99', '', '--tsp_type', 'euclidean', '--distribution', 'lognormal', '--mutation_strategy', 'swap']:"
Arguments: ('',)

JOB STATISTICS
==============
Job ID: 12087195
Cluster: snellius
User/Group: tsijpkens/tsijpkens
State: OUT_OF_MEMORY (exit code 0)
Nodes: 1
Cores per node: 48
CPU Utilized: 2-10:31:04
CPU Efficiency: 2.07% of 117-19:52:00 core-walltime
Job Wall-clock time: 2-10:54:50
Memory Utilized: 83.63 GB
Memory Efficiency: 99.56% of 84.00 GB (1.75 GB/core)
