Defaulting to user installation because normal site-packages is not writeable
Requirement already satisfied: numpy in /home/tsijpkens/.local/lib/python3.11/site-packages (from -r requirements.txt (line 1)) (2.2.3)
Requirement already satisfied: icecream in /home/tsijpkens/.local/lib/python3.11/site-packages (from -r requirements.txt (line 2)) (2.1.4)
Requirement already satisfied: colorama>=0.3.9 in /home/tsijpkens/.local/lib/python3.11/site-packages (from icecream->-r requirements.txt (line 2)) (0.4.6)
Requirement already satisfied: pygments>=2.2.0 in /home/tsijpkens/.local/lib/python3.11/site-packages (from icecream->-r requirements.txt (line 2)) (2.19.1)
Requirement already satisfied: executing>=2.1.0 in /home/tsijpkens/.local/lib/python3.11/site-packages (from icecream->-r requirements.txt (line 2)) (2.2.0)
Requirement already satisfied: asttokens>=2.0.1 in /home/tsijpkens/.local/lib/python3.11/site-packages (from icecream->-r requirements.txt (line 2)) (3.0.0)

[notice] A new release of pip is available: 23.1.2 -> 25.0.1
[notice] To update, run: pip install --upgrade pip
--- Logging error ---
Traceback (most recent call last):
  File "/gpfs/home3/tsijpkens/TSPHardener/run.py", line 33, in run_experiment
    result = subprocess.run(cmd, check=True, text=True, capture_output=True)
             ^^^^^^^^^^^^^^^^^^^^^^^^^^^^^^^^^^^^^^^^^^^^^^^^^^^^^^^^^^^^^^^
  File "/sw/arch/RHEL8/EB_production/2023/software/Python/3.11.3-GCCcore-12.3.0/lib/python3.11/subprocess.py", line 571, in run
    raise CalledProcessError(retcode, process.args,
subprocess.CalledProcessError: Command '['python3', '-m', 'main', '[20]', '[85, 90, 95, 100]', '1000', '', '--tsp_type', 'euclidean', '--distribution', 'uniform', '--mutation_strategy', 'swap']' returned non-zero exit status 1.

During handling of the above exception, another exception occurred:

Traceback (most recent call last):
  File "/sw/arch/RHEL8/EB_production/2023/software/Python/3.11.3-GCCcore-12.3.0/lib/python3.11/logging/__init__.py", line 1110, in emit
    msg = self.format(record)
          ^^^^^^^^^^^^^^^^^^^
  File "/sw/arch/RHEL8/EB_production/2023/software/Python/3.11.3-GCCcore-12.3.0/lib/python3.11/logging/__init__.py", line 953, in format
    return fmt.format(record)
           ^^^^^^^^^^^^^^^^^^
  File "/sw/arch/RHEL8/EB_production/2023/software/Python/3.11.3-GCCcore-12.3.0/lib/python3.11/logging/__init__.py", line 687, in format
    record.message = record.getMessage()
                     ^^^^^^^^^^^^^^^^^^^
  File "/sw/arch/RHEL8/EB_production/2023/software/Python/3.11.3-GCCcore-12.3.0/lib/python3.11/logging/__init__.py", line 377, in getMessage
    msg = msg % self.args
          ~~~~^~~~~~~~~~~
TypeError: not all arguments converted during string formatting
Call stack:
--- Logging error ---
Traceback (most recent call last):
  File "/gpfs/home3/tsijpkens/TSPHardener/run.py", line 33, in run_experiment
    result = subprocess.run(cmd, check=True, text=True, capture_output=True)
             ^^^^^^^^^^^^^^^^^^^^^^^^^^^^^^^^^^^^^^^^^^^^^^^^^^^^^^^^^^^^^^^
  File "/sw/arch/RHEL8/EB_production/2023/software/Python/3.11.3-GCCcore-12.3.0/lib/python3.11/subprocess.py", line 571, in run
    raise CalledProcessError(retcode, process.args,
subprocess.CalledProcessError: Command '['python3', '-m', 'main', '[20]', '[85, 90, 95, 100]', '1000', '', '--tsp_type', 'euclidean', '--distribution', 'uniform', '--mutation_strategy', 'wouter']' returned non-zero exit status 1.

During handling of the above exception, another exception occurred:

Traceback (most recent call last):
  File "/sw/arch/RHEL8/EB_production/2023/software/Python/3.11.3-GCCcore-12.3.0/lib/python3.11/logging/__init__.py", line 1110, in emit
    msg = self.format(record)
          ^^^^^^^^^^^^^^^^^^^
  File "/sw/arch/RHEL8/EB_production/2023/software/Python/3.11.3-GCCcore-12.3.0/lib/python3.11/logging/__init__.py", line 953, in format
    return fmt.format(record)
           ^^^^^^^^^^^^^^^^^^
  File "/sw/arch/RHEL8/EB_production/2023/software/Python/3.11.3-GCCcore-12.3.0/lib/python3.11/logging/__init__.py", line 687, in format
    record.message = record.getMessage()
                     ^^^^^^^^^^^^^^^^^^^
  File "/sw/arch/RHEL8/EB_production/2023/software/Python/3.11.3-GCCcore-12.3.0/lib/python3.11/logging/__init__.py", line 377, in getMessage
    msg = msg % self.args
          ~~~~^~~~~~~~~~~
TypeError: not all arguments converted during string formatting
Call stack:
  File "/gpfs/home3/tsijpkens/TSPHardener/run.py", line 46, in <module>
    with Pool(processes=64) as pool:
  File "/sw/arch/RHEL8/EB_production/2023/software/Python/3.11.3-GCCcore-12.3.0/lib/python3.11/multiprocessing/context.py", line 119, in Pool
    return Pool(processes, initializer, initargs, maxtasksperchild,
  File "/sw/arch/RHEL8/EB_production/2023/software/Python/3.11.3-GCCcore-12.3.0/lib/python3.11/multiprocessing/pool.py", line 215, in __init__
    self._repopulate_pool()
  File "/sw/arch/RHEL8/EB_production/2023/software/Python/3.11.3-GCCcore-12.3.0/lib/python3.11/multiprocessing/pool.py", line 306, in _repopulate_pool
    return self._repopulate_pool_static(self._ctx, self.Process,
  File "/sw/arch/RHEL8/EB_production/2023/software/Python/3.11.3-GCCcore-12.3.0/lib/python3.11/multiprocessing/pool.py", line 329, in _repopulate_pool_static
    w.start()
  File "/sw/arch/RHEL8/EB_production/2023/software/Python/3.11.3-GCCcore-12.3.0/lib/python3.11/multiprocessing/process.py", line 121, in start
    self._popen = self._Popen(self)
  File "/sw/arch/RHEL8/EB_production/2023/software/Python/3.11.3-GCCcore-12.3.0/lib/python3.11/multiprocessing/context.py", line 281, in _Popen
    return Popen(process_obj)
  File "/sw/arch/RHEL8/EB_production/2023/software/Python/3.11.3-GCCcore-12.3.0/lib/python3.11/multiprocessing/popen_fork.py", line 19, in __init__
    self._launch(process_obj)
  File "/sw/arch/RHEL8/EB_production/2023/software/Python/3.11.3-GCCcore-12.3.0/lib/python3.11/multiprocessing/popen_fork.py", line 71, in _launch
    code = process_obj._bootstrap(parent_sentinel=child_r)
  File "/sw/arch/RHEL8/EB_production/2023/software/Python/3.11.3-GCCcore-12.3.0/lib/python3.11/multiprocessing/process.py", line 314, in _bootstrap
    self.run()
  File "/sw/arch/RHEL8/EB_production/2023/software/Python/3.11.3-GCCcore-12.3.0/lib/python3.11/multiprocessing/process.py", line 108, in run
    self._target(*self._args, **self._kwargs)
  File "/sw/arch/RHEL8/EB_production/2023/software/Python/3.11.3-GCCcore-12.3.0/lib/python3.11/multiprocessing/pool.py", line 125, in worker
    result = (True, func(*args, **kwds))
  File "/sw/arch/RHEL8/EB_production/2023/software/Python/3.11.3-GCCcore-12.3.0/lib/python3.11/multiprocessing/pool.py", line 48, in mapstar
    return list(map(*args))
  File "/gpfs/home3/tsijpkens/TSPHardener/run.py", line 38, in run_experiment
    logging.error(f"Error in {cmd}:", f"{e.stderr}")
Message: "Error in ['python3', '-m', 'main', '[20]', '[85, 90, 95, 100]', '1000', '', '--tsp_type', 'euclidean', '--distribution', 'uniform', '--mutation_strategy', 'wouter']:"
Arguments: ('Traceback (most recent call last):\n  File "<frozen runpy>", line 198, in _run_module_as_main\n  File "<frozen runpy>", line 88, in _run_code\n  File "/gpfs/home3/tsijpkens/TSPHardener/main.py", line 2, in <module>\n    from core.experiment import experiment\n  File "/gpfs/home3/tsijpkens/TSPHardener/core/experiment.py", line 6, in <module>\n    from .helpers import initialize_matrix_and_hardest, run_litals_algorithm\n  File "/gpfs/home3/tsijpkens/TSPHardener/core/helpers.py", line 5, in <module>\n    from .generate_tsp import generate_tsp\n  File "/gpfs/home3/tsijpkens/TSPHardener/core/generate_tsp.py", line 3, in <module>\n    from scipy.spatial.distance import pdist, squareform\nModuleNotFoundError: No module named \'scipy\'\n',)
  File "/gpfs/home3/tsijpkens/TSPHardener/run.py", line 46, in <module>
    with Pool(processes=64) as pool:
  File "/sw/arch/RHEL8/EB_production/2023/software/Python/3.11.3-GCCcore-12.3.0/lib/python3.11/multiprocessing/context.py", line 119, in Pool
    return Pool(processes, initializer, initargs, maxtasksperchild,
  File "/sw/arch/RHEL8/EB_production/2023/software/Python/3.11.3-GCCcore-12.3.0/lib/python3.11/multiprocessing/pool.py", line 215, in __init__
    self._repopulate_pool()
  File "/sw/arch/RHEL8/EB_production/2023/software/Python/3.11.3-GCCcore-12.3.0/lib/python3.11/multiprocessing/pool.py", line 306, in _repopulate_pool
    return self._repopulate_pool_static(self._ctx, self.Process,
  File "/sw/arch/RHEL8/EB_production/2023/software/Python/3.11.3-GCCcore-12.3.0/lib/python3.11/multiprocessing/pool.py", line 329, in _repopulate_pool_static
    w.start()
  File "/sw/arch/RHEL8/EB_production/2023/software/Python/3.11.3-GCCcore-12.3.0/lib/python3.11/multiprocessing/process.py", line 121, in start
    self._popen = self._Popen(self)
  File "/sw/arch/RHEL8/EB_production/2023/software/Python/3.11.3-GCCcore-12.3.0/lib/python3.11/multiprocessing/context.py", line 281, in _Popen
    return Popen(process_obj)
  File "/sw/arch/RHEL8/EB_production/2023/software/Python/3.11.3-GCCcore-12.3.0/lib/python3.11/multiprocessing/popen_fork.py", line 19, in __init__
    self._launch(process_obj)
  File "/sw/arch/RHEL8/EB_production/2023/software/Python/3.11.3-GCCcore-12.3.0/lib/python3.11/multiprocessing/popen_fork.py", line 71, in _launch
    code = process_obj._bootstrap(parent_sentinel=child_r)
  File "/sw/arch/RHEL8/EB_production/2023/software/Python/3.11.3-GCCcore-12.3.0/lib/python3.11/multiprocessing/process.py", line 314, in _bootstrap
    self.run()
  File "/sw/arch/RHEL8/EB_production/2023/software/Python/3.11.3-GCCcore-12.3.0/lib/python3.11/multiprocessing/process.py", line 108, in run
    self._target(*self._args, **self._kwargs)
  File "/sw/arch/RHEL8/EB_production/2023/software/Python/3.11.3-GCCcore-12.3.0/lib/python3.11/multiprocessing/pool.py", line 125, in worker
    result = (True, func(*args, **kwds))
  File "/sw/arch/RHEL8/EB_production/2023/software/Python/3.11.3-GCCcore-12.3.0/lib/python3.11/multiprocessing/pool.py", line 48, in mapstar
    return list(map(*args))
  File "/gpfs/home3/tsijpkens/TSPHardener/run.py", line 38, in run_experiment
    logging.error(f"Error in {cmd}:", f"{e.stderr}")
Message: "Error in ['python3', '-m', 'main', '[20]', '[85, 90, 95, 100]', '1000', '', '--tsp_type', 'euclidean', '--distribution', 'uniform', '--mutation_strategy', 'swap']:"
Arguments: ('Traceback (most recent call last):\n  File "<frozen runpy>", line 198, in _run_module_as_main\n  File "<frozen runpy>", line 88, in _run_code\n  File "/gpfs/home3/tsijpkens/TSPHardener/main.py", line 2, in <module>\n    from core.experiment import experiment\n  File "/gpfs/home3/tsijpkens/TSPHardener/core/experiment.py", line 6, in <module>\n    from .helpers import initialize_matrix_and_hardest, run_litals_algorithm\n  File "/gpfs/home3/tsijpkens/TSPHardener/core/helpers.py", line 5, in <module>\n    from .generate_tsp import generate_tsp\n  File "/gpfs/home3/tsijpkens/TSPHardener/core/generate_tsp.py", line 3, in <module>\n    from scipy.spatial.distance import pdist, squareform\nModuleNotFoundError: No module named \'scipy\'\n',)
--- Logging error ---
Traceback (most recent call last):
  File "/gpfs/home3/tsijpkens/TSPHardener/run.py", line 33, in run_experiment
    result = subprocess.run(cmd, check=True, text=True, capture_output=True)
             ^^^^^^^^^^^^^^^^^^^^^^^^^^^^^^^^^^^^^^^^^^^^^^^^^^^^^^^^^^^^^^^
  File "/sw/arch/RHEL8/EB_production/2023/software/Python/3.11.3-GCCcore-12.3.0/lib/python3.11/subprocess.py", line 571, in run
    raise CalledProcessError(retcode, process.args,
subprocess.CalledProcessError: Command '['python3', '-m', 'main', '[20]', '[5, 10, 15, 20]', '1000', '', '--tsp_type', 'euclidean', '--distribution', 'uniform', '--mutation_strategy', 'scramble']' returned non-zero exit status 1.

During handling of the above exception, another exception occurred:

Traceback (most recent call last):
  File "/sw/arch/RHEL8/EB_production/2023/software/Python/3.11.3-GCCcore-12.3.0/lib/python3.11/logging/__init__.py", line 1110, in emit
    msg = self.format(record)
          ^^^^^^^^^^^^^^^^^^^
  File "/sw/arch/RHEL8/EB_production/2023/software/Python/3.11.3-GCCcore-12.3.0/lib/python3.11/logging/__init__.py", line 953, in format
    return fmt.format(record)
           ^^^^^^^^^^^^^^^^^^
  File "/sw/arch/RHEL8/EB_production/2023/software/Python/3.11.3-GCCcore-12.3.0/lib/python3.11/logging/__init__.py", line 687, in format
    record.message = record.getMessage()
                     ^^^^^^^^^^^^^^^^^^^
  File "/sw/arch/RHEL8/EB_production/2023/software/Python/3.11.3-GCCcore-12.3.0/lib/python3.11/logging/__init__.py", line 377, in getMessage
    msg = msg % self.args
          ~~~~^~~~~~~~~~~
TypeError: not all arguments converted during string formatting
Call stack:
  File "/gpfs/home3/tsijpkens/TSPHardener/run.py", line 46, in <module>
    with Pool(processes=64) as pool:
  File "/sw/arch/RHEL8/EB_production/2023/software/Python/3.11.3-GCCcore-12.3.0/lib/python3.11/multiprocessing/context.py", line 119, in Pool
    return Pool(processes, initializer, initargs, maxtasksperchild,
  File "/sw/arch/RHEL8/EB_production/2023/software/Python/3.11.3-GCCcore-12.3.0/lib/python3.11/multiprocessing/pool.py", line 215, in __init__
    self._repopulate_pool()
  File "/sw/arch/RHEL8/EB_production/2023/software/Python/3.11.3-GCCcore-12.3.0/lib/python3.11/multiprocessing/pool.py", line 306, in _repopulate_pool
    return self._repopulate_pool_static(self._ctx, self.Process,
  File "/sw/arch/RHEL8/EB_production/2023/software/Python/3.11.3-GCCcore-12.3.0/lib/python3.11/multiprocessing/pool.py", line 329, in _repopulate_pool_static
    w.start()
  File "/sw/arch/RHEL8/EB_production/2023/software/Python/3.11.3-GCCcore-12.3.0/lib/python3.11/multiprocessing/process.py", line 121, in start
    self._popen = self._Popen(self)
  File "/sw/arch/RHEL8/EB_production/2023/software/Python/3.11.3-GCCcore-12.3.0/lib/python3.11/multiprocessing/context.py", line 281, in _Popen
    return Popen(process_obj)
  File "/sw/arch/RHEL8/EB_production/2023/software/Python/3.11.3-GCCcore-12.3.0/lib/python3.11/multiprocessing/popen_fork.py", line 19, in __init__
    self._launch(process_obj)
  File "/sw/arch/RHEL8/EB_production/2023/software/Python/3.11.3-GCCcore-12.3.0/lib/python3.11/multiprocessing/popen_fork.py", line 71, in _launch
    code = process_obj._bootstrap(parent_sentinel=child_r)
  File "/sw/arch/RHEL8/EB_production/2023/software/Python/3.11.3-GCCcore-12.3.0/lib/python3.11/multiprocessing/process.py", line 314, in _bootstrap
    self.run()
  File "/sw/arch/RHEL8/EB_production/2023/software/Python/3.11.3-GCCcore-12.3.0/lib/python3.11/multiprocessing/process.py", line 108, in run
    self._target(*self._args, **self._kwargs)
  File "/sw/arch/RHEL8/EB_production/2023/software/Python/3.11.3-GCCcore-12.3.0/lib/python3.11/multiprocessing/pool.py", line 125, in worker
    result = (True, func(*args, **kwds))
  File "/sw/arch/RHEL8/EB_production/2023/software/Python/3.11.3-GCCcore-12.3.0/lib/python3.11/multiprocessing/pool.py", line 48, in mapstar
    return list(map(*args))
  File "/gpfs/home3/tsijpkens/TSPHardener/run.py", line 38, in run_experiment
    logging.error(f"Error in {cmd}:", f"{e.stderr}")
Message: "Error in ['python3', '-m', 'main', '[20]', '[5, 10, 15, 20]', '1000', '', '--tsp_type', 'euclidean', '--distribution', 'uniform', '--mutation_strategy', 'scramble']:"
Arguments: ('Traceback (most recent call last):\n  File "<frozen runpy>", line 198, in _run_module_as_main\n  File "<frozen runpy>", line 88, in _run_code\n  File "/gpfs/home3/tsijpkens/TSPHardener/main.py", line 2, in <module>\n    from core.experiment import experiment\n  File "/gpfs/home3/tsijpkens/TSPHardener/core/experiment.py", line 6, in <module>\n    from .helpers import initialize_matrix_and_hardest, run_litals_algorithm\n  File "/gpfs/home3/tsijpkens/TSPHardener/core/helpers.py", line 5, in <module>\n    from .generate_tsp import generate_tsp\n  File "/gpfs/home3/tsijpkens/TSPHardener/core/generate_tsp.py", line 3, in <module>\n    from scipy.spatial.distance import pdist, squareform\nModuleNotFoundError: No module named \'scipy\'\n',)
--- Logging error ---
Traceback (most recent call last):
  File "/gpfs/home3/tsijpkens/TSPHardener/run.py", line 33, in run_experiment
    result = subprocess.run(cmd, check=True, text=True, capture_output=True)
             ^^^^^^^^^^^^^^^^^^^^^^^^^^^^^^^^^^^^^^^^^^^^^^^^^^^^^^^^^^^^^^^
  File "/sw/arch/RHEL8/EB_production/2023/software/Python/3.11.3-GCCcore-12.3.0/lib/python3.11/subprocess.py", line 571, in run
    raise CalledProcessError(retcode, process.args,
subprocess.CalledProcessError: Command '['python3', '-m', 'main', '[20]', '[5, 10, 15, 20]', '1000', '', '--tsp_type', 'euclidean', '--distribution', 'uniform', '--mutation_strategy', 'wouter']' returned non-zero exit status 1.

During handling of the above exception, another exception occurred:

Traceback (most recent call last):
  File "/sw/arch/RHEL8/EB_production/2023/software/Python/3.11.3-GCCcore-12.3.0/lib/python3.11/logging/__init__.py", line 1110, in emit
    msg = self.format(record)
          ^^^^^^^^^^^^^^^^^^^
  File "/sw/arch/RHEL8/EB_production/2023/software/Python/3.11.3-GCCcore-12.3.0/lib/python3.11/logging/__init__.py", line 953, in format
    return fmt.format(record)
           ^^^^^^^^^^^^^^^^^^
  File "/sw/arch/RHEL8/EB_production/2023/software/Python/3.11.3-GCCcore-12.3.0/lib/python3.11/logging/__init__.py", line 687, in format
    record.message = record.getMessage()
                     ^^^^^^^^^^^^^^^^^^^
  File "/sw/arch/RHEL8/EB_production/2023/software/Python/3.11.3-GCCcore-12.3.0/lib/python3.11/logging/__init__.py", line 377, in getMessage
    msg = msg % self.args
          ~~~~^~~~~~~~~~~
TypeError: not all arguments converted during string formatting
Call stack:
  File "/gpfs/home3/tsijpkens/TSPHardener/run.py", line 46, in <module>
    with Pool(processes=64) as pool:
  File "/sw/arch/RHEL8/EB_production/2023/software/Python/3.11.3-GCCcore-12.3.0/lib/python3.11/multiprocessing/context.py", line 119, in Pool
    return Pool(processes, initializer, initargs, maxtasksperchild,
  File "/sw/arch/RHEL8/EB_production/2023/software/Python/3.11.3-GCCcore-12.3.0/lib/python3.11/multiprocessing/pool.py", line 215, in __init__
    self._repopulate_pool()
  File "/sw/arch/RHEL8/EB_production/2023/software/Python/3.11.3-GCCcore-12.3.0/lib/python3.11/multiprocessing/pool.py", line 306, in _repopulate_pool
    return self._repopulate_pool_static(self._ctx, self.Process,
  File "/sw/arch/RHEL8/EB_production/2023/software/Python/3.11.3-GCCcore-12.3.0/lib/python3.11/multiprocessing/pool.py", line 329, in _repopulate_pool_static
    w.start()
  File "/sw/arch/RHEL8/EB_production/2023/software/Python/3.11.3-GCCcore-12.3.0/lib/python3.11/multiprocessing/process.py", line 121, in start
    self._popen = self._Popen(self)
  File "/sw/arch/RHEL8/EB_production/2023/software/Python/3.11.3-GCCcore-12.3.0/lib/python3.11/multiprocessing/context.py", line 281, in _Popen
    return Popen(process_obj)
  File "/sw/arch/RHEL8/EB_production/2023/software/Python/3.11.3-GCCcore-12.3.0/lib/python3.11/multiprocessing/popen_fork.py", line 19, in __init__
    self._launch(process_obj)
  File "/sw/arch/RHEL8/EB_production/2023/software/Python/3.11.3-GCCcore-12.3.0/lib/python3.11/multiprocessing/popen_fork.py", line 71, in _launch
    code = process_obj._bootstrap(parent_sentinel=child_r)
  File "/sw/arch/RHEL8/EB_production/2023/software/Python/3.11.3-GCCcore-12.3.0/lib/python3.11/multiprocessing/process.py", line 314, in _bootstrap
    self.run()
  File "/sw/arch/RHEL8/EB_production/2023/software/Python/3.11.3-GCCcore-12.3.0/lib/python3.11/multiprocessing/process.py", line 108, in run
    self._target(*self._args, **self._kwargs)
  File "/sw/arch/RHEL8/EB_production/2023/software/Python/3.11.3-GCCcore-12.3.0/lib/python3.11/multiprocessing/pool.py", line 125, in worker
    result = (True, func(*args, **kwds))
  File "/sw/arch/RHEL8/EB_production/2023/software/Python/3.11.3-GCCcore-12.3.0/lib/python3.11/multiprocessing/pool.py", line 48, in mapstar
    return list(map(*args))
  File "/gpfs/home3/tsijpkens/TSPHardener/run.py", line 38, in run_experiment
    logging.error(f"Error in {cmd}:", f"{e.stderr}")
Message: "Error in ['python3', '-m', 'main', '[20]', '[5, 10, 15, 20]', '1000', '', '--tsp_type', 'euclidean', '--distribution', 'uniform', '--mutation_strategy', 'wouter']:"
Arguments: ('Traceback (most recent call last):\n  File "<frozen runpy>", line 198, in _run_module_as_main\n  File "<frozen runpy>", line 88, in _run_code\n  File "/gpfs/home3/tsijpkens/TSPHardener/main.py", line 2, in <module>\n    from core.experiment import experiment\n  File "/gpfs/home3/tsijpkens/TSPHardener/core/experiment.py", line 6, in <module>\n    from .helpers import initialize_matrix_and_hardest, run_litals_algorithm\n  File "/gpfs/home3/tsijpkens/TSPHardener/core/helpers.py", line 5, in <module>\n    from .generate_tsp import generate_tsp\n  File "/gpfs/home3/tsijpkens/TSPHardener/core/generate_tsp.py", line 3, in <module>\n    from scipy.spatial.distance import pdist, squareform\nModuleNotFoundError: No module named \'scipy\'\n',)
--- Logging error ---
Traceback (most recent call last):
  File "/gpfs/home3/tsijpkens/TSPHardener/run.py", line 33, in run_experiment
    result = subprocess.run(cmd, check=True, text=True, capture_output=True)
             ^^^^^^^^^^^^^^^^^^^^^^^^^^^^^^^^^^^^^^^^^^^^^^^^^^^^^^^^^^^^^^^
  File "/sw/arch/RHEL8/EB_production/2023/software/Python/3.11.3-GCCcore-12.3.0/lib/python3.11/subprocess.py", line 571, in run
    raise CalledProcessError(retcode, process.args,
subprocess.CalledProcessError: Command '['python3', '-m', 'main', '[20]', '[85, 90, 95, 100]', '1000', '', '--tsp_type', 'asymmetric', '--distribution', 'uniform', '--mutation_strategy', 'swap']' returned non-zero exit status 1.

During handling of the above exception, another exception occurred:

Traceback (most recent call last):
  File "/sw/arch/RHEL8/EB_production/2023/software/Python/3.11.3-GCCcore-12.3.0/lib/python3.11/logging/__init__.py", line 1110, in emit
    msg = self.format(record)
          ^^^^^^^^^^^^^^^^^^^
  File "/sw/arch/RHEL8/EB_production/2023/software/Python/3.11.3-GCCcore-12.3.0/lib/python3.11/logging/__init__.py", line 953, in format
    return fmt.format(record)
           ^^^^^^^^^^^^^^^^^^
  File "/sw/arch/RHEL8/EB_production/2023/software/Python/3.11.3-GCCcore-12.3.0/lib/python3.11/logging/__init__.py", line 687, in format
    record.message = record.getMessage()
                     ^^^^^^^^^^^^^^^^^^^
  File "/sw/arch/RHEL8/EB_production/2023/software/Python/3.11.3-GCCcore-12.3.0/lib/python3.11/logging/__init__.py", line 377, in getMessage
    msg = msg % self.args
          ~~~~^~~~~~~~~~~
TypeError: not all arguments converted during string formatting
Call stack:
  File "/gpfs/home3/tsijpkens/TSPHardener/run.py", line 46, in <module>
    with Pool(processes=64) as pool:
  File "/sw/arch/RHEL8/EB_production/2023/software/Python/3.11.3-GCCcore-12.3.0/lib/python3.11/multiprocessing/context.py", line 119, in Pool
    return Pool(processes, initializer, initargs, maxtasksperchild,
  File "/sw/arch/RHEL8/EB_production/2023/software/Python/3.11.3-GCCcore-12.3.0/lib/python3.11/multiprocessing/pool.py", line 215, in __init__
    self._repopulate_pool()
  File "/sw/arch/RHEL8/EB_production/2023/software/Python/3.11.3-GCCcore-12.3.0/lib/python3.11/multiprocessing/pool.py", line 306, in _repopulate_pool
    return self._repopulate_pool_static(self._ctx, self.Process,
  File "/sw/arch/RHEL8/EB_production/2023/software/Python/3.11.3-GCCcore-12.3.0/lib/python3.11/multiprocessing/pool.py", line 329, in _repopulate_pool_static
    w.start()
  File "/sw/arch/RHEL8/EB_production/2023/software/Python/3.11.3-GCCcore-12.3.0/lib/python3.11/multiprocessing/process.py", line 121, in start
    self._popen = self._Popen(self)
  File "/sw/arch/RHEL8/EB_production/2023/software/Python/3.11.3-GCCcore-12.3.0/lib/python3.11/multiprocessing/context.py", line 281, in _Popen
    return Popen(process_obj)
  File "/sw/arch/RHEL8/EB_production/2023/software/Python/3.11.3-GCCcore-12.3.0/lib/python3.11/multiprocessing/popen_fork.py", line 19, in __init__
    self._launch(process_obj)
  File "/sw/arch/RHEL8/EB_production/2023/software/Python/3.11.3-GCCcore-12.3.0/lib/python3.11/multiprocessing/popen_fork.py", line 71, in _launch
    code = process_obj._bootstrap(parent_sentinel=child_r)
  File "/sw/arch/RHEL8/EB_production/2023/software/Python/3.11.3-GCCcore-12.3.0/lib/python3.11/multiprocessing/process.py", line 314, in _bootstrap
    self.run()
  File "/sw/arch/RHEL8/EB_production/2023/software/Python/3.11.3-GCCcore-12.3.0/lib/python3.11/multiprocessing/process.py", line 108, in run
    self._target(*self._args, **self._kwargs)
  File "/sw/arch/RHEL8/EB_production/2023/software/Python/3.11.3-GCCcore-12.3.0/lib/python3.11/multiprocessing/pool.py", line 125, in worker
    result = (True, func(*args, **kwds))
  File "/sw/arch/RHEL8/EB_production/2023/software/Python/3.11.3-GCCcore-12.3.0/lib/python3.11/multiprocessing/pool.py", line 48, in mapstar
    return list(map(*args))
  File "/gpfs/home3/tsijpkens/TSPHardener/run.py", line 38, in run_experiment
    logging.error(f"Error in {cmd}:", f"{e.stderr}")
Message: "Error in ['python3', '-m', 'main', '[20]', '[85, 90, 95, 100]', '1000', '', '--tsp_type', 'asymmetric', '--distribution', 'uniform', '--mutation_strategy', 'swap']:"
Arguments: ('Traceback (most recent call last):\n  File "<frozen runpy>", line 198, in _run_module_as_main\n  File "<frozen runpy>", line 88, in _run_code\n  File "/gpfs/home3/tsijpkens/TSPHardener/main.py", line 2, in <module>\n    from core.experiment import experiment\n  File "/gpfs/home3/tsijpkens/TSPHardener/core/experiment.py", line 6, in <module>\n    from .helpers import initialize_matrix_and_hardest, run_litals_algorithm\n  File "/gpfs/home3/tsijpkens/TSPHardener/core/helpers.py", line 5, in <module>\n    from .generate_tsp import generate_tsp\n  File "/gpfs/home3/tsijpkens/TSPHardener/core/generate_tsp.py", line 3, in <module>\n    from scipy.spatial.distance import pdist, squareform\nModuleNotFoundError: No module named \'scipy\'\n',)
--- Logging error ---
Traceback (most recent call last):
  File "/gpfs/home3/tsijpkens/TSPHardener/run.py", line 33, in run_experiment
    result = subprocess.run(cmd, check=True, text=True, capture_output=True)
             ^^^^^^^^^^^^^^^^^^^^^^^^^^^^^^^^^^^^^^^^^^^^^^^^^^^^^^^^^^^^^^^
  File "/sw/arch/RHEL8/EB_production/2023/software/Python/3.11.3-GCCcore-12.3.0/lib/python3.11/subprocess.py", line 571, in run
    raise CalledProcessError(retcode, process.args,
subprocess.CalledProcessError: Command '['python3', '-m', 'main', '[20]', '[65, 70, 75, 80]', '1000', '', '--tsp_type', 'asymmetric', '--distribution', 'uniform', '--mutation_strategy', 'wouter']' returned non-zero exit status 1.

During handling of the above exception, another exception occurred:

Traceback (most recent call last):
  File "/sw/arch/RHEL8/EB_production/2023/software/Python/3.11.3-GCCcore-12.3.0/lib/python3.11/logging/__init__.py", line 1110, in emit
    msg = self.format(record)
          ^^^^^^^^^^^^^^^^^^^
  File "/sw/arch/RHEL8/EB_production/2023/software/Python/3.11.3-GCCcore-12.3.0/lib/python3.11/logging/__init__.py", line 953, in format
    return fmt.format(record)
           ^^^^^^^^^^^^^^^^^^
  File "/sw/arch/RHEL8/EB_production/2023/software/Python/3.11.3-GCCcore-12.3.0/lib/python3.11/logging/__init__.py", line 687, in format
    record.message = record.getMessage()
                     ^^^^^^^^^^^^^^^^^^^
  File "/sw/arch/RHEL8/EB_production/2023/software/Python/3.11.3-GCCcore-12.3.0/lib/python3.11/logging/__init__.py", line 377, in getMessage
    msg = msg % self.args
          ~~~~^~~~~~~~~~~
TypeError: not all arguments converted during string formatting
Call stack:
  File "/gpfs/home3/tsijpkens/TSPHardener/run.py", line 46, in <module>
    with Pool(processes=64) as pool:
  File "/sw/arch/RHEL8/EB_production/2023/software/Python/3.11.3-GCCcore-12.3.0/lib/python3.11/multiprocessing/context.py", line 119, in Pool
    return Pool(processes, initializer, initargs, maxtasksperchild,
  File "/sw/arch/RHEL8/EB_production/2023/software/Python/3.11.3-GCCcore-12.3.0/lib/python3.11/multiprocessing/pool.py", line 215, in __init__
    self._repopulate_pool()
  File "/sw/arch/RHEL8/EB_production/2023/software/Python/3.11.3-GCCcore-12.3.0/lib/python3.11/multiprocessing/pool.py", line 306, in _repopulate_pool
    return self._repopulate_pool_static(self._ctx, self.Process,
  File "/sw/arch/RHEL8/EB_production/2023/software/Python/3.11.3-GCCcore-12.3.0/lib/python3.11/multiprocessing/pool.py", line 329, in _repopulate_pool_static
    w.start()
  File "/sw/arch/RHEL8/EB_production/2023/software/Python/3.11.3-GCCcore-12.3.0/lib/python3.11/multiprocessing/process.py", line 121, in start
    self._popen = self._Popen(self)
  File "/sw/arch/RHEL8/EB_production/2023/software/Python/3.11.3-GCCcore-12.3.0/lib/python3.11/multiprocessing/context.py", line 281, in _Popen
    return Popen(process_obj)
  File "/sw/arch/RHEL8/EB_production/2023/software/Python/3.11.3-GCCcore-12.3.0/lib/python3.11/multiprocessing/popen_fork.py", line 19, in __init__
    self._launch(process_obj)
  File "/sw/arch/RHEL8/EB_production/2023/software/Python/3.11.3-GCCcore-12.3.0/lib/python3.11/multiprocessing/popen_fork.py", line 71, in _launch
    code = process_obj._bootstrap(parent_sentinel=child_r)
  File "/sw/arch/RHEL8/EB_production/2023/software/Python/3.11.3-GCCcore-12.3.0/lib/python3.11/multiprocessing/process.py", line 314, in _bootstrap
    self.run()
  File "/sw/arch/RHEL8/EB_production/2023/software/Python/3.11.3-GCCcore-12.3.0/lib/python3.11/multiprocessing/process.py", line 108, in run
    self._target(*self._args, **self._kwargs)
  File "/sw/arch/RHEL8/EB_production/2023/software/Python/3.11.3-GCCcore-12.3.0/lib/python3.11/multiprocessing/pool.py", line 125, in worker
    result = (True, func(*args, **kwds))
  File "/sw/arch/RHEL8/EB_production/2023/software/Python/3.11.3-GCCcore-12.3.0/lib/python3.11/multiprocessing/pool.py", line 48, in mapstar
    return list(map(*args))
  File "/gpfs/home3/tsijpkens/TSPHardener/run.py", line 38, in run_experiment
    logging.error(f"Error in {cmd}:", f"{e.stderr}")
Message: "Error in ['python3', '-m', 'main', '[20]', '[65, 70, 75, 80]', '1000', '', '--tsp_type', 'asymmetric', '--distribution', 'uniform', '--mutation_strategy', 'wouter']:"
Arguments: ('Traceback (most recent call last):\n  File "<frozen runpy>", line 198, in _run_module_as_main\n  File "<frozen runpy>", line 88, in _run_code\n  File "/gpfs/home3/tsijpkens/TSPHardener/main.py", line 2, in <module>\n    from core.experiment import experiment\n  File "/gpfs/home3/tsijpkens/TSPHardener/core/experiment.py", line 6, in <module>\n    from .helpers import initialize_matrix_and_hardest, run_litals_algorithm\n  File "/gpfs/home3/tsijpkens/TSPHardener/core/helpers.py", line 5, in <module>\n    from .generate_tsp import generate_tsp\n  File "/gpfs/home3/tsijpkens/TSPHardener/core/generate_tsp.py", line 3, in <module>\n    from scipy.spatial.distance import pdist, squareform\nModuleNotFoundError: No module named \'scipy\'\n',)
--- Logging error ---
Traceback (most recent call last):
  File "/gpfs/home3/tsijpkens/TSPHardener/run.py", line 33, in run_experiment
    result = subprocess.run(cmd, check=True, text=True, capture_output=True)
             ^^^^^^^^^^^^^^^^^^^^^^^^^^^^^^^^^^^^^^^^^^^^^^^^^^^^^^^^^^^^^^^
  File "/sw/arch/RHEL8/EB_production/2023/software/Python/3.11.3-GCCcore-12.3.0/lib/python3.11/subprocess.py", line 571, in run
    raise CalledProcessError(retcode, process.args,
subprocess.CalledProcessError: Command '['python3', '-m', 'main', '[20]', '[25, 30, 35, 40]', '1000', '', '--tsp_type', 'euclidean', '--distribution', 'uniform', '--mutation_strategy', 'wouter']' returned non-zero exit status 1.

During handling of the above exception, another exception occurred:

Traceback (most recent call last):
  File "/sw/arch/RHEL8/EB_production/2023/software/Python/3.11.3-GCCcore-12.3.0/lib/python3.11/logging/__init__.py", line 1110, in emit
    msg = self.format(record)
          ^^^^^^^^^^^^^^^^^^^
  File "/sw/arch/RHEL8/EB_production/2023/software/Python/3.11.3-GCCcore-12.3.0/lib/python3.11/logging/__init__.py", line 953, in format
    return fmt.format(record)
           ^^^^^^^^^^^^^^^^^^
  File "/sw/arch/RHEL8/EB_production/2023/software/Python/3.11.3-GCCcore-12.3.0/lib/python3.11/logging/__init__.py", line 687, in format
    record.message = record.getMessage()
                     ^^^^^^^^^^^^^^^^^^^
  File "/sw/arch/RHEL8/EB_production/2023/software/Python/3.11.3-GCCcore-12.3.0/lib/python3.11/logging/__init__.py", line 377, in getMessage
    msg = msg % self.args
          ~~~~^~~~~~~~~~~
TypeError: not all arguments converted during string formatting
Call stack:
--- Logging error ---
Traceback (most recent call last):
  File "/gpfs/home3/tsijpkens/TSPHardener/run.py", line 33, in run_experiment
    result = subprocess.run(cmd, check=True, text=True, capture_output=True)
             ^^^^^^^^^^^^^^^^^^^^^^^^^^^^^^^^^^^^^^^^^^^^^^^^^^^^^^^^^^^^^^^
  File "/sw/arch/RHEL8/EB_production/2023/software/Python/3.11.3-GCCcore-12.3.0/lib/python3.11/subprocess.py", line 571, in run
    raise CalledProcessError(retcode, process.args,
subprocess.CalledProcessError: Command '['python3', '-m', 'main', '[30]', '[5, 10]', '1000', '', '--tsp_type', 'asymmetric', '--distribution', 'uniform', '--mutation_strategy', 'wouter']' returned non-zero exit status 1.

During handling of the above exception, another exception occurred:

Traceback (most recent call last):
  File "/sw/arch/RHEL8/EB_production/2023/software/Python/3.11.3-GCCcore-12.3.0/lib/python3.11/logging/__init__.py", line 1110, in emit
    msg = self.format(record)
          ^^^^^^^^^^^^^^^^^^^
  File "/sw/arch/RHEL8/EB_production/2023/software/Python/3.11.3-GCCcore-12.3.0/lib/python3.11/logging/__init__.py", line 953, in format
    return fmt.format(record)
           ^^^^^^^^^^^^^^^^^^
  File "/sw/arch/RHEL8/EB_production/2023/software/Python/3.11.3-GCCcore-12.3.0/lib/python3.11/logging/__init__.py", line 687, in format
    record.message = record.getMessage()
                     ^^^^^^^^^^^^^^^^^^^
  File "/sw/arch/RHEL8/EB_production/2023/software/Python/3.11.3-GCCcore-12.3.0/lib/python3.11/logging/__init__.py", line 377, in getMessage
    msg = msg % self.args
          ~~~~^~~~~~~~~~~
TypeError: not all arguments converted during string formatting
Call stack:
  File "/gpfs/home3/tsijpkens/TSPHardener/run.py", line 46, in <module>
    with Pool(processes=64) as pool:
  File "/sw/arch/RHEL8/EB_production/2023/software/Python/3.11.3-GCCcore-12.3.0/lib/python3.11/multiprocessing/context.py", line 119, in Pool
    return Pool(processes, initializer, initargs, maxtasksperchild,
  File "/sw/arch/RHEL8/EB_production/2023/software/Python/3.11.3-GCCcore-12.3.0/lib/python3.11/multiprocessing/pool.py", line 215, in __init__
    self._repopulate_pool()
  File "/sw/arch/RHEL8/EB_production/2023/software/Python/3.11.3-GCCcore-12.3.0/lib/python3.11/multiprocessing/pool.py", line 306, in _repopulate_pool
    return self._repopulate_pool_static(self._ctx, self.Process,
  File "/sw/arch/RHEL8/EB_production/2023/software/Python/3.11.3-GCCcore-12.3.0/lib/python3.11/multiprocessing/pool.py", line 329, in _repopulate_pool_static
    w.start()
  File "/sw/arch/RHEL8/EB_production/2023/software/Python/3.11.3-GCCcore-12.3.0/lib/python3.11/multiprocessing/process.py", line 121, in start
    self._popen = self._Popen(self)
  File "/sw/arch/RHEL8/EB_production/2023/software/Python/3.11.3-GCCcore-12.3.0/lib/python3.11/multiprocessing/context.py", line 281, in _Popen
    return Popen(process_obj)
  File "/sw/arch/RHEL8/EB_production/2023/software/Python/3.11.3-GCCcore-12.3.0/lib/python3.11/multiprocessing/popen_fork.py", line 19, in __init__
    self._launch(process_obj)
  File "/sw/arch/RHEL8/EB_production/2023/software/Python/3.11.3-GCCcore-12.3.0/lib/python3.11/multiprocessing/popen_fork.py", line 71, in _launch
    code = process_obj._bootstrap(parent_sentinel=child_r)
  File "/sw/arch/RHEL8/EB_production/2023/software/Python/3.11.3-GCCcore-12.3.0/lib/python3.11/multiprocessing/process.py", line 314, in _bootstrap
    self.run()
  File "/sw/arch/RHEL8/EB_production/2023/software/Python/3.11.3-GCCcore-12.3.0/lib/python3.11/multiprocessing/process.py", line 108, in run
    self._target(*self._args, **self._kwargs)
  File "/sw/arch/RHEL8/EB_production/2023/software/Python/3.11.3-GCCcore-12.3.0/lib/python3.11/multiprocessing/pool.py", line 125, in worker
    result = (True, func(*args, **kwds))
  File "/sw/arch/RHEL8/EB_production/2023/software/Python/3.11.3-GCCcore-12.3.0/lib/python3.11/multiprocessing/pool.py", line 48, in mapstar
    return list(map(*args))
  File "/gpfs/home3/tsijpkens/TSPHardener/run.py", line 38, in run_experiment
    logging.error(f"Error in {cmd}:", f"{e.stderr}")
Message: "Error in ['python3', '-m', 'main', '[30]', '[5, 10]', '1000', '', '--tsp_type', 'asymmetric', '--distribution', 'uniform', '--mutation_strategy', 'wouter']:"
Arguments: ('Traceback (most recent call last):\n  File "<frozen runpy>", line 198, in _run_module_as_main\n  File "<frozen runpy>", line 88, in _run_code\n  File "/gpfs/home3/tsijpkens/TSPHardener/main.py", line 2, in <module>\n    from core.experiment import experiment\n  File "/gpfs/home3/tsijpkens/TSPHardener/core/experiment.py", line 6, in <module>\n    from .helpers import initialize_matrix_and_hardest, run_litals_algorithm\n  File "/gpfs/home3/tsijpkens/TSPHardener/core/helpers.py", line 5, in <module>\n    from .generate_tsp import generate_tsp\n  File "/gpfs/home3/tsijpkens/TSPHardener/core/generate_tsp.py", line 3, in <module>\n    from scipy.spatial.distance import pdist, squareform\nModuleNotFoundError: No module named \'scipy\'\n',)
  File "/gpfs/home3/tsijpkens/TSPHardener/run.py", line 46, in <module>
    with Pool(processes=64) as pool:
  File "/sw/arch/RHEL8/EB_production/2023/software/Python/3.11.3-GCCcore-12.3.0/lib/python3.11/multiprocessing/context.py", line 119, in Pool
    return Pool(processes, initializer, initargs, maxtasksperchild,
  File "/sw/arch/RHEL8/EB_production/2023/software/Python/3.11.3-GCCcore-12.3.0/lib/python3.11/multiprocessing/pool.py", line 215, in __init__
    self._repopulate_pool()
  File "/sw/arch/RHEL8/EB_production/2023/software/Python/3.11.3-GCCcore-12.3.0/lib/python3.11/multiprocessing/pool.py", line 306, in _repopulate_pool
    return self._repopulate_pool_static(self._ctx, self.Process,
  File "/sw/arch/RHEL8/EB_production/2023/software/Python/3.11.3-GCCcore-12.3.0/lib/python3.11/multiprocessing/pool.py", line 329, in _repopulate_pool_static
    w.start()
  File "/sw/arch/RHEL8/EB_production/2023/software/Python/3.11.3-GCCcore-12.3.0/lib/python3.11/multiprocessing/process.py", line 121, in start
    self._popen = self._Popen(self)
  File "/sw/arch/RHEL8/EB_production/2023/software/Python/3.11.3-GCCcore-12.3.0/lib/python3.11/multiprocessing/context.py", line 281, in _Popen
    return Popen(process_obj)
  File "/sw/arch/RHEL8/EB_production/2023/software/Python/3.11.3-GCCcore-12.3.0/lib/python3.11/multiprocessing/popen_fork.py", line 19, in __init__
    self._launch(process_obj)
  File "/sw/arch/RHEL8/EB_production/2023/software/Python/3.11.3-GCCcore-12.3.0/lib/python3.11/multiprocessing/popen_fork.py", line 71, in _launch
    code = process_obj._bootstrap(parent_sentinel=child_r)
  File "/sw/arch/RHEL8/EB_production/2023/software/Python/3.11.3-GCCcore-12.3.0/lib/python3.11/multiprocessing/process.py", line 314, in _bootstrap
    self.run()
  File "/sw/arch/RHEL8/EB_production/2023/software/Python/3.11.3-GCCcore-12.3.0/lib/python3.11/multiprocessing/process.py", line 108, in run
    self._target(*self._args, **self._kwargs)
  File "/sw/arch/RHEL8/EB_production/2023/software/Python/3.11.3-GCCcore-12.3.0/lib/python3.11/multiprocessing/pool.py", line 125, in worker
    result = (True, func(*args, **kwds))
  File "/sw/arch/RHEL8/EB_production/2023/software/Python/3.11.3-GCCcore-12.3.0/lib/python3.11/multiprocessing/pool.py", line 48, in mapstar
    return list(map(*args))
  File "/gpfs/home3/tsijpkens/TSPHardener/run.py", line 38, in run_experiment
    logging.error(f"Error in {cmd}:", f"{e.stderr}")
Message: "Error in ['python3', '-m', 'main', '[20]', '[25, 30, 35, 40]', '1000', '', '--tsp_type', 'euclidean', '--distribution', 'uniform', '--mutation_strategy', 'wouter']:"
Arguments: ('Traceback (most recent call last):\n  File "<frozen runpy>", line 198, in _run_module_as_main\n  File "<frozen runpy>", line 88, in _run_code\n  File "/gpfs/home3/tsijpkens/TSPHardener/main.py", line 2, in <module>\n    from core.experiment import experiment\n  File "/gpfs/home3/tsijpkens/TSPHardener/core/experiment.py", line 6, in <module>\n    from .helpers import initialize_matrix_and_hardest, run_litals_algorithm\n  File "/gpfs/home3/tsijpkens/TSPHardener/core/helpers.py", line 5, in <module>\n    from .generate_tsp import generate_tsp\n  File "/gpfs/home3/tsijpkens/TSPHardener/core/generate_tsp.py", line 3, in <module>\n    from scipy.spatial.distance import pdist, squareform\nModuleNotFoundError: No module named \'scipy\'\n',)
--- Logging error ---
Traceback (most recent call last):
  File "/gpfs/home3/tsijpkens/TSPHardener/run.py", line 33, in run_experiment
    result = subprocess.run(cmd, check=True, text=True, capture_output=True)
             ^^^^^^^^^^^^^^^^^^^^^^^^^^^^^^^^^^^^^^^^^^^^^^^^^^^^^^^^^^^^^^^
  File "/sw/arch/RHEL8/EB_production/2023/software/Python/3.11.3-GCCcore-12.3.0/lib/python3.11/subprocess.py", line 571, in run
    raise CalledProcessError(retcode, process.args,
subprocess.CalledProcessError: Command '['python3', '-m', 'main', '[20]', '[25, 30, 35, 40]', '1000', '', '--tsp_type', 'asymmetric', '--distribution', 'uniform', '--mutation_strategy', 'scramble']' returned non-zero exit status 1.

During handling of the above exception, another exception occurred:

Traceback (most recent call last):
  File "/sw/arch/RHEL8/EB_production/2023/software/Python/3.11.3-GCCcore-12.3.0/lib/python3.11/logging/__init__.py", line 1110, in emit
    msg = self.format(record)
          ^^^^^^^^^^^^^^^^^^^
  File "/sw/arch/RHEL8/EB_production/2023/software/Python/3.11.3-GCCcore-12.3.0/lib/python3.11/logging/__init__.py", line 953, in format
    return fmt.format(record)
           ^^^^^^^^^^^^^^^^^^
  File "/sw/arch/RHEL8/EB_production/2023/software/Python/3.11.3-GCCcore-12.3.0/lib/python3.11/logging/__init__.py", line 687, in format
    record.message = record.getMessage()
                     ^^^^^^^^^^^^^^^^^^^
  File "/sw/arch/RHEL8/EB_production/2023/software/Python/3.11.3-GCCcore-12.3.0/lib/python3.11/logging/__init__.py", line 377, in getMessage
    msg = msg % self.args
          ~~~~^~~~~~~~~~~
TypeError: not all arguments converted during string formatting
Call stack:
  File "/gpfs/home3/tsijpkens/TSPHardener/run.py", line 46, in <module>
    with Pool(processes=64) as pool:
  File "/sw/arch/RHEL8/EB_production/2023/software/Python/3.11.3-GCCcore-12.3.0/lib/python3.11/multiprocessing/context.py", line 119, in Pool
    return Pool(processes, initializer, initargs, maxtasksperchild,
  File "/sw/arch/RHEL8/EB_production/2023/software/Python/3.11.3-GCCcore-12.3.0/lib/python3.11/multiprocessing/pool.py", line 215, in __init__
    self._repopulate_pool()
  File "/sw/arch/RHEL8/EB_production/2023/software/Python/3.11.3-GCCcore-12.3.0/lib/python3.11/multiprocessing/pool.py", line 306, in _repopulate_pool
    return self._repopulate_pool_static(self._ctx, self.Process,
  File "/sw/arch/RHEL8/EB_production/2023/software/Python/3.11.3-GCCcore-12.3.0/lib/python3.11/multiprocessing/pool.py", line 329, in _repopulate_pool_static
    w.start()
  File "/sw/arch/RHEL8/EB_production/2023/software/Python/3.11.3-GCCcore-12.3.0/lib/python3.11/multiprocessing/process.py", line 121, in start
    self._popen = self._Popen(self)
  File "/sw/arch/RHEL8/EB_production/2023/software/Python/3.11.3-GCCcore-12.3.0/lib/python3.11/multiprocessing/context.py", line 281, in _Popen
    return Popen(process_obj)
  File "/sw/arch/RHEL8/EB_production/2023/software/Python/3.11.3-GCCcore-12.3.0/lib/python3.11/multiprocessing/popen_fork.py", line 19, in __init__
    self._launch(process_obj)
  File "/sw/arch/RHEL8/EB_production/2023/software/Python/3.11.3-GCCcore-12.3.0/lib/python3.11/multiprocessing/popen_fork.py", line 71, in _launch
    code = process_obj._bootstrap(parent_sentinel=child_r)
  File "/sw/arch/RHEL8/EB_production/2023/software/Python/3.11.3-GCCcore-12.3.0/lib/python3.11/multiprocessing/process.py", line 314, in _bootstrap
    self.run()
  File "/sw/arch/RHEL8/EB_production/2023/software/Python/3.11.3-GCCcore-12.3.0/lib/python3.11/multiprocessing/process.py", line 108, in run
    self._target(*self._args, **self._kwargs)
  File "/sw/arch/RHEL8/EB_production/2023/software/Python/3.11.3-GCCcore-12.3.0/lib/python3.11/multiprocessing/pool.py", line 125, in worker
    result = (True, func(*args, **kwds))
  File "/sw/arch/RHEL8/EB_production/2023/software/Python/3.11.3-GCCcore-12.3.0/lib/python3.11/multiprocessing/pool.py", line 48, in mapstar
    return list(map(*args))
  File "/gpfs/home3/tsijpkens/TSPHardener/run.py", line 38, in run_experiment
    logging.error(f"Error in {cmd}:", f"{e.stderr}")
Message: "Error in ['python3', '-m', 'main', '[20]', '[25, 30, 35, 40]', '1000', '', '--tsp_type', 'asymmetric', '--distribution', 'uniform', '--mutation_strategy', 'scramble']:"
Arguments: ('Traceback (most recent call last):\n  File "<frozen runpy>", line 198, in _run_module_as_main\n  File "<frozen runpy>", line 88, in _run_code\n  File "/gpfs/home3/tsijpkens/TSPHardener/main.py", line 2, in <module>\n    from core.experiment import experiment\n  File "/gpfs/home3/tsijpkens/TSPHardener/core/experiment.py", line 6, in <module>\n    from .helpers import initialize_matrix_and_hardest, run_litals_algorithm\n  File "/gpfs/home3/tsijpkens/TSPHardener/core/helpers.py", line 5, in <module>\n    from .generate_tsp import generate_tsp\n  File "/gpfs/home3/tsijpkens/TSPHardener/core/generate_tsp.py", line 3, in <module>\n    from scipy.spatial.distance import pdist, squareform\nModuleNotFoundError: No module named \'scipy\'\n',)
--- Logging error ---
Traceback (most recent call last):
  File "/gpfs/home3/tsijpkens/TSPHardener/run.py", line 33, in run_experiment
    result = subprocess.run(cmd, check=True, text=True, capture_output=True)
             ^^^^^^^^^^^^^^^^^^^^^^^^^^^^^^^^^^^^^^^^^^^^^^^^^^^^^^^^^^^^^^^
  File "/sw/arch/RHEL8/EB_production/2023/software/Python/3.11.3-GCCcore-12.3.0/lib/python3.11/subprocess.py", line 571, in run
    raise CalledProcessError(retcode, process.args,
subprocess.CalledProcessError: Command '['python3', '-m', 'main', '[30]', '[25, 30, 35, 40]', '1000', '', '--tsp_type', 'euclidean', '--distribution', 'uniform', '--mutation_strategy', 'wouter']' returned non-zero exit status 1.

During handling of the above exception, another exception occurred:

Traceback (most recent call last):
  File "/sw/arch/RHEL8/EB_production/2023/software/Python/3.11.3-GCCcore-12.3.0/lib/python3.11/logging/__init__.py", line 1110, in emit
    msg = self.format(record)
          ^^^^^^^^^^^^^^^^^^^
  File "/sw/arch/RHEL8/EB_production/2023/software/Python/3.11.3-GCCcore-12.3.0/lib/python3.11/logging/__init__.py", line 953, in format
    return fmt.format(record)
           ^^^^^^^^^^^^^^^^^^
  File "/sw/arch/RHEL8/EB_production/2023/software/Python/3.11.3-GCCcore-12.3.0/lib/python3.11/logging/__init__.py", line 687, in format
    record.message = record.getMessage()
                     ^^^^^^^^^^^^^^^^^^^
  File "/sw/arch/RHEL8/EB_production/2023/software/Python/3.11.3-GCCcore-12.3.0/lib/python3.11/logging/__init__.py", line 377, in getMessage
    msg = msg % self.args
          ~~~~^~~~~~~~~~~
TypeError: not all arguments converted during string formatting
Call stack:
--- Logging error ---
  File "/gpfs/home3/tsijpkens/TSPHardener/run.py", line 46, in <module>
    with Pool(processes=64) as pool:
  File "/sw/arch/RHEL8/EB_production/2023/software/Python/3.11.3-GCCcore-12.3.0/lib/python3.11/multiprocessing/context.py", line 119, in Pool
    return Pool(processes, initializer, initargs, maxtasksperchild,
  File "/sw/arch/RHEL8/EB_production/2023/software/Python/3.11.3-GCCcore-12.3.0/lib/python3.11/multiprocessing/pool.py", line 215, in __init__
    self._repopulate_pool()
--- Logging error ---
  File "/sw/arch/RHEL8/EB_production/2023/software/Python/3.11.3-GCCcore-12.3.0/lib/python3.11/multiprocessing/pool.py", line 306, in _repopulate_pool
    return self._repopulate_pool_static(self._ctx, self.Process,
  File "/sw/arch/RHEL8/EB_production/2023/software/Python/3.11.3-GCCcore-12.3.0/lib/python3.11/multiprocessing/pool.py", line 329, in _repopulate_pool_static
    w.start()
  File "/sw/arch/RHEL8/EB_production/2023/software/Python/3.11.3-GCCcore-12.3.0/lib/python3.11/multiprocessing/process.py", line 121, in start
    self._popen = self._Popen(self)
  File "/sw/arch/RHEL8/EB_production/2023/software/Python/3.11.3-GCCcore-12.3.0/lib/python3.11/multiprocessing/context.py", line 281, in _Popen
    return Popen(process_obj)
  File "/sw/arch/RHEL8/EB_production/2023/software/Python/3.11.3-GCCcore-12.3.0/lib/python3.11/multiprocessing/popen_fork.py", line 19, in __init__
    self._launch(process_obj)
  File "/sw/arch/RHEL8/EB_production/2023/software/Python/3.11.3-GCCcore-12.3.0/lib/python3.11/multiprocessing/popen_fork.py", line 71, in _launch
    code = process_obj._bootstrap(parent_sentinel=child_r)
  File "/sw/arch/RHEL8/EB_production/2023/software/Python/3.11.3-GCCcore-12.3.0/lib/python3.11/multiprocessing/process.py", line 314, in _bootstrap
    self.run()
  File "/sw/arch/RHEL8/EB_production/2023/software/Python/3.11.3-GCCcore-12.3.0/lib/python3.11/multiprocessing/process.py", line 108, in run
    self._target(*self._args, **self._kwargs)
  File "/sw/arch/RHEL8/EB_production/2023/software/Python/3.11.3-GCCcore-12.3.0/lib/python3.11/multiprocessing/pool.py", line 125, in worker
    result = (True, func(*args, **kwds))
  File "/sw/arch/RHEL8/EB_production/2023/software/Python/3.11.3-GCCcore-12.3.0/lib/python3.11/multiprocessing/pool.py", line 48, in mapstar
    return list(map(*args))
  File "/gpfs/home3/tsijpkens/TSPHardener/run.py", line 38, in run_experiment
    logging.error(f"Error in {cmd}:", f"{e.stderr}")
Message: "Error in ['python3', '-m', 'main', '[30]', '[25, 30, 35, 40]', '1000', '', '--tsp_type', 'euclidean', '--distribution', 'uniform', '--mutation_strategy', 'wouter']:"
Arguments: ('Traceback (most recent call last):\n  File "<frozen runpy>", line 198, in _run_module_as_main\n  File "<frozen runpy>", line 88, in _run_code\n  File "/gpfs/home3/tsijpkens/TSPHardener/main.py", line 2, in <module>\n    from core.experiment import experiment\n  File "/gpfs/home3/tsijpkens/TSPHardener/core/experiment.py", line 6, in <module>\n    from .helpers import initialize_matrix_and_hardest, run_litals_algorithm\n  File "/gpfs/home3/tsijpkens/TSPHardener/core/helpers.py", line 5, in <module>\n    from .generate_tsp import generate_tsp\n  File "/gpfs/home3/tsijpkens/TSPHardener/core/generate_tsp.py", line 3, in <module>\n    from scipy.spatial.distance import pdist, squareform\nModuleNotFoundError: No module named \'scipy\'\n',)
Traceback (most recent call last):
  File "/gpfs/home3/tsijpkens/TSPHardener/run.py", line 33, in run_experiment
    result = subprocess.run(cmd, check=True, text=True, capture_output=True)
             ^^^^^^^^^^^^^^^^^^^^^^^^^^^^^^^^^^^^^^^^^^^^^^^^^^^^^^^^^^^^^^^
  File "/sw/arch/RHEL8/EB_production/2023/software/Python/3.11.3-GCCcore-12.3.0/lib/python3.11/subprocess.py", line 571, in run
    raise CalledProcessError(retcode, process.args,
subprocess.CalledProcessError: Command '['python3', '-m', 'main', '[30]', '[25, 30, 35, 40]', '1000', '', '--tsp_type', 'asymmetric', '--distribution', 'uniform', '--mutation_strategy', 'swap']' returned non-zero exit status 1.

During handling of the above exception, another exception occurred:

Traceback (most recent call last):
  File "/sw/arch/RHEL8/EB_production/2023/software/Python/3.11.3-GCCcore-12.3.0/lib/python3.11/logging/__init__.py", line 1110, in emit
    msg = self.format(record)
          ^^^^^^^^^^^^^^^^^^^
  File "/sw/arch/RHEL8/EB_production/2023/software/Python/3.11.3-GCCcore-12.3.0/lib/python3.11/logging/__init__.py", line 953, in format
    return fmt.format(record)
           ^^^^^^^^^^^^^^^^^^
  File "/sw/arch/RHEL8/EB_production/2023/software/Python/3.11.3-GCCcore-12.3.0/lib/python3.11/logging/__init__.py", line 687, in format
    record.message = record.getMessage()
                     ^^^^^^^^^^^^^^^^^^^
  File "/sw/arch/RHEL8/EB_production/2023/software/Python/3.11.3-GCCcore-12.3.0/lib/python3.11/logging/__init__.py", line 377, in getMessage
    msg = msg % self.args
          ~~~~^~~~~~~~~~~
TypeError: not all arguments converted during string formatting
Call stack:
Traceback (most recent call last):
  File "/gpfs/home3/tsijpkens/TSPHardener/run.py", line 33, in run_experiment
    result = subprocess.run(cmd, check=True, text=True, capture_output=True)
             ^^^^^^^^^^^^^^^^^^^^^^^^^^^^^^^^^^^^^^^^^^^^^^^^^^^^^^^^^^^^^^^
  File "/sw/arch/RHEL8/EB_production/2023/software/Python/3.11.3-GCCcore-12.3.0/lib/python3.11/subprocess.py", line 571, in run
    raise CalledProcessError(retcode, process.args,
subprocess.CalledProcessError: Command '['python3', '-m', 'main', '[20]', '[85, 90, 95, 100]', '1000', '', '--tsp_type', 'asymmetric', '--distribution', 'uniform', '--mutation_strategy', 'wouter']' returned non-zero exit status 1.

During handling of the above exception, another exception occurred:

Traceback (most recent call last):
  File "/sw/arch/RHEL8/EB_production/2023/software/Python/3.11.3-GCCcore-12.3.0/lib/python3.11/logging/__init__.py", line 1110, in emit
    msg = self.format(record)
          ^^^^^^^^^^^^^^^^^^^
  File "/sw/arch/RHEL8/EB_production/2023/software/Python/3.11.3-GCCcore-12.3.0/lib/python3.11/logging/__init__.py", line 953, in format
    return fmt.format(record)
           ^^^^^^^^^^^^^^^^^^
  File "/sw/arch/RHEL8/EB_production/2023/software/Python/3.11.3-GCCcore-12.3.0/lib/python3.11/logging/__init__.py", line 687, in format
    record.message = record.getMessage()
                     ^^^^^^^^^^^^^^^^^^^
  File "/sw/arch/RHEL8/EB_production/2023/software/Python/3.11.3-GCCcore-12.3.0/lib/python3.11/logging/__init__.py", line 377, in getMessage
    msg = msg % self.args
          ~~~~^~~~~~~~~~~
TypeError: not all arguments converted during string formatting
Call stack:
  File "/gpfs/home3/tsijpkens/TSPHardener/run.py", line 46, in <module>
    with Pool(processes=64) as pool:
  File "/sw/arch/RHEL8/EB_production/2023/software/Python/3.11.3-GCCcore-12.3.0/lib/python3.11/multiprocessing/context.py", line 119, in Pool
    return Pool(processes, initializer, initargs, maxtasksperchild,
  File "/sw/arch/RHEL8/EB_production/2023/software/Python/3.11.3-GCCcore-12.3.0/lib/python3.11/multiprocessing/pool.py", line 215, in __init__
    self._repopulate_pool()
  File "/sw/arch/RHEL8/EB_production/2023/software/Python/3.11.3-GCCcore-12.3.0/lib/python3.11/multiprocessing/pool.py", line 306, in _repopulate_pool
    return self._repopulate_pool_static(self._ctx, self.Process,
  File "/sw/arch/RHEL8/EB_production/2023/software/Python/3.11.3-GCCcore-12.3.0/lib/python3.11/multiprocessing/pool.py", line 329, in _repopulate_pool_static
    w.start()
  File "/sw/arch/RHEL8/EB_production/2023/software/Python/3.11.3-GCCcore-12.3.0/lib/python3.11/multiprocessing/process.py", line 121, in start
    self._popen = self._Popen(self)
  File "/sw/arch/RHEL8/EB_production/2023/software/Python/3.11.3-GCCcore-12.3.0/lib/python3.11/multiprocessing/context.py", line 281, in _Popen
    return Popen(process_obj)
  File "/sw/arch/RHEL8/EB_production/2023/software/Python/3.11.3-GCCcore-12.3.0/lib/python3.11/multiprocessing/popen_fork.py", line 19, in __init__
    self._launch(process_obj)
  File "/sw/arch/RHEL8/EB_production/2023/software/Python/3.11.3-GCCcore-12.3.0/lib/python3.11/multiprocessing/popen_fork.py", line 71, in _launch
    code = process_obj._bootstrap(parent_sentinel=child_r)
  File "/sw/arch/RHEL8/EB_production/2023/software/Python/3.11.3-GCCcore-12.3.0/lib/python3.11/multiprocessing/process.py", line 314, in _bootstrap
    self.run()
  File "/sw/arch/RHEL8/EB_production/2023/software/Python/3.11.3-GCCcore-12.3.0/lib/python3.11/multiprocessing/process.py", line 108, in run
    self._target(*self._args, **self._kwargs)
  File "/sw/arch/RHEL8/EB_production/2023/software/Python/3.11.3-GCCcore-12.3.0/lib/python3.11/multiprocessing/pool.py", line 125, in worker
    result = (True, func(*args, **kwds))
  File "/sw/arch/RHEL8/EB_production/2023/software/Python/3.11.3-GCCcore-12.3.0/lib/python3.11/multiprocessing/pool.py", line 48, in mapstar
    return list(map(*args))
  File "/gpfs/home3/tsijpkens/TSPHardener/run.py", line 38, in run_experiment
    logging.error(f"Error in {cmd}:", f"{e.stderr}")
Message: "Error in ['python3', '-m', 'main', '[30]', '[25, 30, 35, 40]', '1000', '', '--tsp_type', 'asymmetric', '--distribution', 'uniform', '--mutation_strategy', 'swap']:"
Arguments: ('Traceback (most recent call last):\n  File "<frozen runpy>", line 198, in _run_module_as_main\n  File "<frozen runpy>", line 88, in _run_code\n  File "/gpfs/home3/tsijpkens/TSPHardener/main.py", line 2, in <module>\n    from core.experiment import experiment\n  File "/gpfs/home3/tsijpkens/TSPHardener/core/experiment.py", line 6, in <module>\n    from .helpers import initialize_matrix_and_hardest, run_litals_algorithm\n  File "/gpfs/home3/tsijpkens/TSPHardener/core/helpers.py", line 5, in <module>\n    from .generate_tsp import generate_tsp\n  File "/gpfs/home3/tsijpkens/TSPHardener/core/generate_tsp.py", line 3, in <module>\n    from scipy.spatial.distance import pdist, squareform\nModuleNotFoundError: No module named \'scipy\'\n',)
  File "/gpfs/home3/tsijpkens/TSPHardener/run.py", line 46, in <module>
    with Pool(processes=64) as pool:
  File "/sw/arch/RHEL8/EB_production/2023/software/Python/3.11.3-GCCcore-12.3.0/lib/python3.11/multiprocessing/context.py", line 119, in Pool
    return Pool(processes, initializer, initargs, maxtasksperchild,
  File "/sw/arch/RHEL8/EB_production/2023/software/Python/3.11.3-GCCcore-12.3.0/lib/python3.11/multiprocessing/pool.py", line 215, in __init__
    self._repopulate_pool()
  File "/sw/arch/RHEL8/EB_production/2023/software/Python/3.11.3-GCCcore-12.3.0/lib/python3.11/multiprocessing/pool.py", line 306, in _repopulate_pool
    return self._repopulate_pool_static(self._ctx, self.Process,
  File "/sw/arch/RHEL8/EB_production/2023/software/Python/3.11.3-GCCcore-12.3.0/lib/python3.11/multiprocessing/pool.py", line 329, in _repopulate_pool_static
    w.start()
  File "/sw/arch/RHEL8/EB_production/2023/software/Python/3.11.3-GCCcore-12.3.0/lib/python3.11/multiprocessing/process.py", line 121, in start
    self._popen = self._Popen(self)
  File "/sw/arch/RHEL8/EB_production/2023/software/Python/3.11.3-GCCcore-12.3.0/lib/python3.11/multiprocessing/context.py", line 281, in _Popen
    return Popen(process_obj)
  File "/sw/arch/RHEL8/EB_production/2023/software/Python/3.11.3-GCCcore-12.3.0/lib/python3.11/multiprocessing/popen_fork.py", line 19, in __init__
    self._launch(process_obj)
  File "/sw/arch/RHEL8/EB_production/2023/software/Python/3.11.3-GCCcore-12.3.0/lib/python3.11/multiprocessing/popen_fork.py", line 71, in _launch
    code = process_obj._bootstrap(parent_sentinel=child_r)
  File "/sw/arch/RHEL8/EB_production/2023/software/Python/3.11.3-GCCcore-12.3.0/lib/python3.11/multiprocessing/process.py", line 314, in _bootstrap
    self.run()
  File "/sw/arch/RHEL8/EB_production/2023/software/Python/3.11.3-GCCcore-12.3.0/lib/python3.11/multiprocessing/process.py", line 108, in run
    self._target(*self._args, **self._kwargs)
  File "/sw/arch/RHEL8/EB_production/2023/software/Python/3.11.3-GCCcore-12.3.0/lib/python3.11/multiprocessing/pool.py", line 125, in worker
    result = (True, func(*args, **kwds))
  File "/sw/arch/RHEL8/EB_production/2023/software/Python/3.11.3-GCCcore-12.3.0/lib/python3.11/multiprocessing/pool.py", line 48, in mapstar
    return list(map(*args))
  File "/gpfs/home3/tsijpkens/TSPHardener/run.py", line 38, in run_experiment
    logging.error(f"Error in {cmd}:", f"{e.stderr}")
Message: "Error in ['python3', '-m', 'main', '[20]', '[85, 90, 95, 100]', '1000', '', '--tsp_type', 'asymmetric', '--distribution', 'uniform', '--mutation_strategy', 'wouter']:"
Arguments: ('Traceback (most recent call last):\n  File "<frozen runpy>", line 198, in _run_module_as_main\n  File "<frozen runpy>", line 88, in _run_code\n  File "/gpfs/home3/tsijpkens/TSPHardener/main.py", line 2, in <module>\n    from core.experiment import experiment\n  File "/gpfs/home3/tsijpkens/TSPHardener/core/experiment.py", line 6, in <module>\n    from .helpers import initialize_matrix_and_hardest, run_litals_algorithm\n  File "/gpfs/home3/tsijpkens/TSPHardener/core/helpers.py", line 5, in <module>\n    from .generate_tsp import generate_tsp\n  File "/gpfs/home3/tsijpkens/TSPHardener/core/generate_tsp.py", line 3, in <module>\n    from scipy.spatial.distance import pdist, squareform\nModuleNotFoundError: No module named \'scipy\'\n',)
--- Logging error ---
Traceback (most recent call last):
  File "/gpfs/home3/tsijpkens/TSPHardener/run.py", line 33, in run_experiment
    result = subprocess.run(cmd, check=True, text=True, capture_output=True)
             ^^^^^^^^^^^^^^^^^^^^^^^^^^^^^^^^^^^^^^^^^^^^^^^^^^^^^^^^^^^^^^^
  File "/sw/arch/RHEL8/EB_production/2023/software/Python/3.11.3-GCCcore-12.3.0/lib/python3.11/subprocess.py", line 571, in run
    raise CalledProcessError(retcode, process.args,
subprocess.CalledProcessError: Command '['python3', '-m', 'main', '[30]', '[85, 90, 95, 100]', '1000', '', '--tsp_type', 'euclidean', '--distribution', 'uniform', '--mutation_strategy', 'scramble']' returned non-zero exit status 1.

During handling of the above exception, another exception occurred:

Traceback (most recent call last):
  File "/sw/arch/RHEL8/EB_production/2023/software/Python/3.11.3-GCCcore-12.3.0/lib/python3.11/logging/__init__.py", line 1110, in emit
    msg = self.format(record)
          ^^^^^^^^^^^^^^^^^^^
  File "/sw/arch/RHEL8/EB_production/2023/software/Python/3.11.3-GCCcore-12.3.0/lib/python3.11/logging/__init__.py", line 953, in format
    return fmt.format(record)
           ^^^^^^^^^^^^^^^^^^
  File "/sw/arch/RHEL8/EB_production/2023/software/Python/3.11.3-GCCcore-12.3.0/lib/python3.11/logging/__init__.py", line 687, in format
    record.message = record.getMessage()
                     ^^^^^^^^^^^^^^^^^^^
  File "/sw/arch/RHEL8/EB_production/2023/software/Python/3.11.3-GCCcore-12.3.0/lib/python3.11/logging/__init__.py", line 377, in getMessage
    msg = msg % self.args
          ~~~~^~~~~~~~~~~
TypeError: not all arguments converted during string formatting
Call stack:
  File "/gpfs/home3/tsijpkens/TSPHardener/run.py", line 46, in <module>
    with Pool(processes=64) as pool:
  File "/sw/arch/RHEL8/EB_production/2023/software/Python/3.11.3-GCCcore-12.3.0/lib/python3.11/multiprocessing/context.py", line 119, in Pool
    return Pool(processes, initializer, initargs, maxtasksperchild,
  File "/sw/arch/RHEL8/EB_production/2023/software/Python/3.11.3-GCCcore-12.3.0/lib/python3.11/multiprocessing/pool.py", line 215, in __init__
    self._repopulate_pool()
  File "/sw/arch/RHEL8/EB_production/2023/software/Python/3.11.3-GCCcore-12.3.0/lib/python3.11/multiprocessing/pool.py", line 306, in _repopulate_pool
    return self._repopulate_pool_static(self._ctx, self.Process,
  File "/sw/arch/RHEL8/EB_production/2023/software/Python/3.11.3-GCCcore-12.3.0/lib/python3.11/multiprocessing/pool.py", line 329, in _repopulate_pool_static
    w.start()
  File "/sw/arch/RHEL8/EB_production/2023/software/Python/3.11.3-GCCcore-12.3.0/lib/python3.11/multiprocessing/process.py", line 121, in start
    self._popen = self._Popen(self)
  File "/sw/arch/RHEL8/EB_production/2023/software/Python/3.11.3-GCCcore-12.3.0/lib/python3.11/multiprocessing/context.py", line 281, in _Popen
    return Popen(process_obj)
  File "/sw/arch/RHEL8/EB_production/2023/software/Python/3.11.3-GCCcore-12.3.0/lib/python3.11/multiprocessing/popen_fork.py", line 19, in __init__
    self._launch(process_obj)
  File "/sw/arch/RHEL8/EB_production/2023/software/Python/3.11.3-GCCcore-12.3.0/lib/python3.11/multiprocessing/popen_fork.py", line 71, in _launch
    code = process_obj._bootstrap(parent_sentinel=child_r)
  File "/sw/arch/RHEL8/EB_production/2023/software/Python/3.11.3-GCCcore-12.3.0/lib/python3.11/multiprocessing/process.py", line 314, in _bootstrap
    self.run()
  File "/sw/arch/RHEL8/EB_production/2023/software/Python/3.11.3-GCCcore-12.3.0/lib/python3.11/multiprocessing/process.py", line 108, in run
    self._target(*self._args, **self._kwargs)
  File "/sw/arch/RHEL8/EB_production/2023/software/Python/3.11.3-GCCcore-12.3.0/lib/python3.11/multiprocessing/pool.py", line 125, in worker
    result = (True, func(*args, **kwds))
  File "/sw/arch/RHEL8/EB_production/2023/software/Python/3.11.3-GCCcore-12.3.0/lib/python3.11/multiprocessing/pool.py", line 48, in mapstar
    return list(map(*args))
  File "/gpfs/home3/tsijpkens/TSPHardener/run.py", line 38, in run_experiment
    logging.error(f"Error in {cmd}:", f"{e.stderr}")
Message: "Error in ['python3', '-m', 'main', '[30]', '[85, 90, 95, 100]', '1000', '', '--tsp_type', 'euclidean', '--distribution', 'uniform', '--mutation_strategy', 'scramble']:"
Arguments: ('Traceback (most recent call last):\n  File "<frozen runpy>", line 198, in _run_module_as_main\n  File "<frozen runpy>", line 88, in _run_code\n  File "/gpfs/home3/tsijpkens/TSPHardener/main.py", line 2, in <module>\n    from core.experiment import experiment\n  File "/gpfs/home3/tsijpkens/TSPHardener/core/experiment.py", line 6, in <module>\n    from .helpers import initialize_matrix_and_hardest, run_litals_algorithm\n  File "/gpfs/home3/tsijpkens/TSPHardener/core/helpers.py", line 5, in <module>\n    from .generate_tsp import generate_tsp\n  File "/gpfs/home3/tsijpkens/TSPHardener/core/generate_tsp.py", line 3, in <module>\n    from scipy.spatial.distance import pdist, squareform\nModuleNotFoundError: No module named \'scipy\'\n',)
--- Logging error ---
Traceback (most recent call last):
  File "/gpfs/home3/tsijpkens/TSPHardener/run.py", line 33, in run_experiment
    result = subprocess.run(cmd, check=True, text=True, capture_output=True)
             ^^^^^^^^^^^^^^^^^^^^^^^^^^^^^^^^^^^^^^^^^^^^^^^^^^^^^^^^^^^^^^^
  File "/sw/arch/RHEL8/EB_production/2023/software/Python/3.11.3-GCCcore-12.3.0/lib/python3.11/subprocess.py", line 571, in run
    raise CalledProcessError(retcode, process.args,
subprocess.CalledProcessError: Command '['python3', '-m', 'main', '[20]', '[5, 10, 15, 20]', '1000', '', '--tsp_type', 'asymmetric', '--distribution', 'uniform', '--mutation_strategy', 'swap']' returned non-zero exit status 1.

During handling of the above exception, another exception occurred:

Traceback (most recent call last):
  File "/sw/arch/RHEL8/EB_production/2023/software/Python/3.11.3-GCCcore-12.3.0/lib/python3.11/logging/__init__.py", line 1110, in emit
    msg = self.format(record)
          ^^^^^^^^^^^^^^^^^^^
  File "/sw/arch/RHEL8/EB_production/2023/software/Python/3.11.3-GCCcore-12.3.0/lib/python3.11/logging/__init__.py", line 953, in format
    return fmt.format(record)
           ^^^^^^^^^^^^^^^^^^
  File "/sw/arch/RHEL8/EB_production/2023/software/Python/3.11.3-GCCcore-12.3.0/lib/python3.11/logging/__init__.py", line 687, in format
    record.message = record.getMessage()
                     ^^^^^^^^^^^^^^^^^^^
  File "/sw/arch/RHEL8/EB_production/2023/software/Python/3.11.3-GCCcore-12.3.0/lib/python3.11/logging/__init__.py", line 377, in getMessage
    msg = msg % self.args
          ~~~~^~~~~~~~~~~
TypeError: not all arguments converted during string formatting
Call stack:
  File "/gpfs/home3/tsijpkens/TSPHardener/run.py", line 46, in <module>
    with Pool(processes=64) as pool:
  File "/sw/arch/RHEL8/EB_production/2023/software/Python/3.11.3-GCCcore-12.3.0/lib/python3.11/multiprocessing/context.py", line 119, in Pool
    return Pool(processes, initializer, initargs, maxtasksperchild,
  File "/sw/arch/RHEL8/EB_production/2023/software/Python/3.11.3-GCCcore-12.3.0/lib/python3.11/multiprocessing/pool.py", line 215, in __init__
    self._repopulate_pool()
  File "/sw/arch/RHEL8/EB_production/2023/software/Python/3.11.3-GCCcore-12.3.0/lib/python3.11/multiprocessing/pool.py", line 306, in _repopulate_pool
    return self._repopulate_pool_static(self._ctx, self.Process,
  File "/sw/arch/RHEL8/EB_production/2023/software/Python/3.11.3-GCCcore-12.3.0/lib/python3.11/multiprocessing/pool.py", line 329, in _repopulate_pool_static
    w.start()
  File "/sw/arch/RHEL8/EB_production/2023/software/Python/3.11.3-GCCcore-12.3.0/lib/python3.11/multiprocessing/process.py", line 121, in start
    self._popen = self._Popen(self)
  File "/sw/arch/RHEL8/EB_production/2023/software/Python/3.11.3-GCCcore-12.3.0/lib/python3.11/multiprocessing/context.py", line 281, in _Popen
    return Popen(process_obj)
  File "/sw/arch/RHEL8/EB_production/2023/software/Python/3.11.3-GCCcore-12.3.0/lib/python3.11/multiprocessing/popen_fork.py", line 19, in __init__
    self._launch(process_obj)
  File "/sw/arch/RHEL8/EB_production/2023/software/Python/3.11.3-GCCcore-12.3.0/lib/python3.11/multiprocessing/popen_fork.py", line 71, in _launch
    code = process_obj._bootstrap(parent_sentinel=child_r)
  File "/sw/arch/RHEL8/EB_production/2023/software/Python/3.11.3-GCCcore-12.3.0/lib/python3.11/multiprocessing/process.py", line 314, in _bootstrap
    self.run()
  File "/sw/arch/RHEL8/EB_production/2023/software/Python/3.11.3-GCCcore-12.3.0/lib/python3.11/multiprocessing/process.py", line 108, in run
    self._target(*self._args, **self._kwargs)
  File "/sw/arch/RHEL8/EB_production/2023/software/Python/3.11.3-GCCcore-12.3.0/lib/python3.11/multiprocessing/pool.py", line 125, in worker
    result = (True, func(*args, **kwds))
  File "/sw/arch/RHEL8/EB_production/2023/software/Python/3.11.3-GCCcore-12.3.0/lib/python3.11/multiprocessing/pool.py", line 48, in mapstar
    return list(map(*args))
  File "/gpfs/home3/tsijpkens/TSPHardener/run.py", line 38, in run_experiment
    logging.error(f"Error in {cmd}:", f"{e.stderr}")
Message: "Error in ['python3', '-m', 'main', '[20]', '[5, 10, 15, 20]', '1000', '', '--tsp_type', 'asymmetric', '--distribution', 'uniform', '--mutation_strategy', 'swap']:"
Arguments: ('Traceback (most recent call last):\n  File "<frozen runpy>", line 198, in _run_module_as_main\n  File "<frozen runpy>", line 88, in _run_code\n  File "/gpfs/home3/tsijpkens/TSPHardener/main.py", line 2, in <module>\n    from core.experiment import experiment\n  File "/gpfs/home3/tsijpkens/TSPHardener/core/experiment.py", line 6, in <module>\n    from .helpers import initialize_matrix_and_hardest, run_litals_algorithm\n  File "/gpfs/home3/tsijpkens/TSPHardener/core/helpers.py", line 5, in <module>\n    from .generate_tsp import generate_tsp\n  File "/gpfs/home3/tsijpkens/TSPHardener/core/generate_tsp.py", line 3, in <module>\n    from scipy.spatial.distance import pdist, squareform\nModuleNotFoundError: No module named \'scipy\'\n',)
--- Logging error ---
Traceback (most recent call last):
  File "/gpfs/home3/tsijpkens/TSPHardener/run.py", line 33, in run_experiment
    result = subprocess.run(cmd, check=True, text=True, capture_output=True)
             ^^^^^^^^^^^^^^^^^^^^^^^^^^^^^^^^^^^^^^^^^^^^^^^^^^^^^^^^^^^^^^^
  File "/sw/arch/RHEL8/EB_production/2023/software/Python/3.11.3-GCCcore-12.3.0/lib/python3.11/subprocess.py", line 571, in run
    raise CalledProcessError(retcode, process.args,
subprocess.CalledProcessError: Command '['python3', '-m', 'main', '[30]', '[25, 30, 35, 40]', '1000', '', '--tsp_type', 'euclidean', '--distribution', 'uniform', '--mutation_strategy', 'swap']' returned non-zero exit status 1.

During handling of the above exception, another exception occurred:

Traceback (most recent call last):
  File "/sw/arch/RHEL8/EB_production/2023/software/Python/3.11.3-GCCcore-12.3.0/lib/python3.11/logging/__init__.py", line 1110, in emit
    msg = self.format(record)
          ^^^^^^^^^^^^^^^^^^^
  File "/sw/arch/RHEL8/EB_production/2023/software/Python/3.11.3-GCCcore-12.3.0/lib/python3.11/logging/__init__.py", line 953, in format
    return fmt.format(record)
           ^^^^^^^^^^^^^^^^^^
  File "/sw/arch/RHEL8/EB_production/2023/software/Python/3.11.3-GCCcore-12.3.0/lib/python3.11/logging/__init__.py", line 687, in format
    record.message = record.getMessage()
                     ^^^^^^^^^^^^^^^^^^^
  File "/sw/arch/RHEL8/EB_production/2023/software/Python/3.11.3-GCCcore-12.3.0/lib/python3.11/logging/__init__.py", line 377, in getMessage
    msg = msg % self.args
          ~~~~^~~~~~~~~~~
TypeError: not all arguments converted during string formatting
Call stack:
  File "/gpfs/home3/tsijpkens/TSPHardener/run.py", line 46, in <module>
    with Pool(processes=64) as pool:
  File "/sw/arch/RHEL8/EB_production/2023/software/Python/3.11.3-GCCcore-12.3.0/lib/python3.11/multiprocessing/context.py", line 119, in Pool
    return Pool(processes, initializer, initargs, maxtasksperchild,
  File "/sw/arch/RHEL8/EB_production/2023/software/Python/3.11.3-GCCcore-12.3.0/lib/python3.11/multiprocessing/pool.py", line 215, in __init__
    self._repopulate_pool()
  File "/sw/arch/RHEL8/EB_production/2023/software/Python/3.11.3-GCCcore-12.3.0/lib/python3.11/multiprocessing/pool.py", line 306, in _repopulate_pool
    return self._repopulate_pool_static(self._ctx, self.Process,
  File "/sw/arch/RHEL8/EB_production/2023/software/Python/3.11.3-GCCcore-12.3.0/lib/python3.11/multiprocessing/pool.py", line 329, in _repopulate_pool_static
    w.start()
  File "/sw/arch/RHEL8/EB_production/2023/software/Python/3.11.3-GCCcore-12.3.0/lib/python3.11/multiprocessing/process.py", line 121, in start
    self._popen = self._Popen(self)
  File "/sw/arch/RHEL8/EB_production/2023/software/Python/3.11.3-GCCcore-12.3.0/lib/python3.11/multiprocessing/context.py", line 281, in _Popen
    return Popen(process_obj)
  File "/sw/arch/RHEL8/EB_production/2023/software/Python/3.11.3-GCCcore-12.3.0/lib/python3.11/multiprocessing/popen_fork.py", line 19, in __init__
    self._launch(process_obj)
  File "/sw/arch/RHEL8/EB_production/2023/software/Python/3.11.3-GCCcore-12.3.0/lib/python3.11/multiprocessing/popen_fork.py", line 71, in _launch
    code = process_obj._bootstrap(parent_sentinel=child_r)
  File "/sw/arch/RHEL8/EB_production/2023/software/Python/3.11.3-GCCcore-12.3.0/lib/python3.11/multiprocessing/process.py", line 314, in _bootstrap
    self.run()
  File "/sw/arch/RHEL8/EB_production/2023/software/Python/3.11.3-GCCcore-12.3.0/lib/python3.11/multiprocessing/process.py", line 108, in run
    self._target(*self._args, **self._kwargs)
  File "/sw/arch/RHEL8/EB_production/2023/software/Python/3.11.3-GCCcore-12.3.0/lib/python3.11/multiprocessing/pool.py", line 125, in worker
    result = (True, func(*args, **kwds))
  File "/sw/arch/RHEL8/EB_production/2023/software/Python/3.11.3-GCCcore-12.3.0/lib/python3.11/multiprocessing/pool.py", line 48, in mapstar
    return list(map(*args))
  File "/gpfs/home3/tsijpkens/TSPHardener/run.py", line 38, in run_experiment
    logging.error(f"Error in {cmd}:", f"{e.stderr}")
Message: "Error in ['python3', '-m', 'main', '[30]', '[25, 30, 35, 40]', '1000', '', '--tsp_type', 'euclidean', '--distribution', 'uniform', '--mutation_strategy', 'swap']:"
Arguments: ('Traceback (most recent call last):\n  File "<frozen runpy>", line 198, in _run_module_as_main\n  File "<frozen runpy>", line 88, in _run_code\n  File "/gpfs/home3/tsijpkens/TSPHardener/main.py", line 2, in <module>\n    from core.experiment import experiment\n  File "/gpfs/home3/tsijpkens/TSPHardener/core/experiment.py", line 6, in <module>\n    from .helpers import initialize_matrix_and_hardest, run_litals_algorithm\n  File "/gpfs/home3/tsijpkens/TSPHardener/core/helpers.py", line 5, in <module>\n    from .generate_tsp import generate_tsp\n  File "/gpfs/home3/tsijpkens/TSPHardener/core/generate_tsp.py", line 3, in <module>\n    from scipy.spatial.distance import pdist, squareform\nModuleNotFoundError: No module named \'scipy\'\n',)
--- Logging error ---
Traceback (most recent call last):
  File "/gpfs/home3/tsijpkens/TSPHardener/run.py", line 33, in run_experiment
    result = subprocess.run(cmd, check=True, text=True, capture_output=True)
             ^^^^^^^^^^^^^^^^^^^^^^^^^^^^^^^^^^^^^^^^^^^^^^^^^^^^^^^^^^^^^^^
  File "/sw/arch/RHEL8/EB_production/2023/software/Python/3.11.3-GCCcore-12.3.0/lib/python3.11/subprocess.py", line 571, in run
    raise CalledProcessError(retcode, process.args,
subprocess.CalledProcessError: Command '['python3', '-m', 'main', '[30]', '[85, 90, 95, 100]', '1000', '', '--tsp_type', 'asymmetric', '--distribution', 'uniform', '--mutation_strategy', 'scramble']' returned non-zero exit status 1.

During handling of the above exception, another exception occurred:

Traceback (most recent call last):
  File "/sw/arch/RHEL8/EB_production/2023/software/Python/3.11.3-GCCcore-12.3.0/lib/python3.11/logging/__init__.py", line 1110, in emit
    msg = self.format(record)
          ^^^^^^^^^^^^^^^^^^^
  File "/sw/arch/RHEL8/EB_production/2023/software/Python/3.11.3-GCCcore-12.3.0/lib/python3.11/logging/__init__.py", line 953, in format
    return fmt.format(record)
           ^^^^^^^^^^^^^^^^^^
  File "/sw/arch/RHEL8/EB_production/2023/software/Python/3.11.3-GCCcore-12.3.0/lib/python3.11/logging/__init__.py", line 687, in format
    record.message = record.getMessage()
                     ^^^^^^^^^^^^^^^^^^^
  File "/sw/arch/RHEL8/EB_production/2023/software/Python/3.11.3-GCCcore-12.3.0/lib/python3.11/logging/__init__.py", line 377, in getMessage
    msg = msg % self.args
          ~~~~^~~~~~~~~~~
TypeError: not all arguments converted during string formatting
Call stack:
  File "/gpfs/home3/tsijpkens/TSPHardener/run.py", line 46, in <module>
    with Pool(processes=64) as pool:
  File "/sw/arch/RHEL8/EB_production/2023/software/Python/3.11.3-GCCcore-12.3.0/lib/python3.11/multiprocessing/context.py", line 119, in Pool
    return Pool(processes, initializer, initargs, maxtasksperchild,
  File "/sw/arch/RHEL8/EB_production/2023/software/Python/3.11.3-GCCcore-12.3.0/lib/python3.11/multiprocessing/pool.py", line 215, in __init__
    self._repopulate_pool()
  File "/sw/arch/RHEL8/EB_production/2023/software/Python/3.11.3-GCCcore-12.3.0/lib/python3.11/multiprocessing/pool.py", line 306, in _repopulate_pool
    return self._repopulate_pool_static(self._ctx, self.Process,
  File "/sw/arch/RHEL8/EB_production/2023/software/Python/3.11.3-GCCcore-12.3.0/lib/python3.11/multiprocessing/pool.py", line 329, in _repopulate_pool_static
    w.start()
  File "/sw/arch/RHEL8/EB_production/2023/software/Python/3.11.3-GCCcore-12.3.0/lib/python3.11/multiprocessing/process.py", line 121, in start
    self._popen = self._Popen(self)
  File "/sw/arch/RHEL8/EB_production/2023/software/Python/3.11.3-GCCcore-12.3.0/lib/python3.11/multiprocessing/context.py", line 281, in _Popen
    return Popen(process_obj)
  File "/sw/arch/RHEL8/EB_production/2023/software/Python/3.11.3-GCCcore-12.3.0/lib/python3.11/multiprocessing/popen_fork.py", line 19, in __init__
    self._launch(process_obj)
  File "/sw/arch/RHEL8/EB_production/2023/software/Python/3.11.3-GCCcore-12.3.0/lib/python3.11/multiprocessing/popen_fork.py", line 71, in _launch
    code = process_obj._bootstrap(parent_sentinel=child_r)
  File "/sw/arch/RHEL8/EB_production/2023/software/Python/3.11.3-GCCcore-12.3.0/lib/python3.11/multiprocessing/process.py", line 314, in _bootstrap
    self.run()
  File "/sw/arch/RHEL8/EB_production/2023/software/Python/3.11.3-GCCcore-12.3.0/lib/python3.11/multiprocessing/process.py", line 108, in run
    self._target(*self._args, **self._kwargs)
  File "/sw/arch/RHEL8/EB_production/2023/software/Python/3.11.3-GCCcore-12.3.0/lib/python3.11/multiprocessing/pool.py", line 125, in worker
    result = (True, func(*args, **kwds))
  File "/sw/arch/RHEL8/EB_production/2023/software/Python/3.11.3-GCCcore-12.3.0/lib/python3.11/multiprocessing/pool.py", line 48, in mapstar
    return list(map(*args))
  File "/gpfs/home3/tsijpkens/TSPHardener/run.py", line 38, in run_experiment
    logging.error(f"Error in {cmd}:", f"{e.stderr}")
Message: "Error in ['python3', '-m', 'main', '[30]', '[85, 90, 95, 100]', '1000', '', '--tsp_type', 'asymmetric', '--distribution', 'uniform', '--mutation_strategy', 'scramble']:"
Arguments: ('Traceback (most recent call last):\n  File "<frozen runpy>", line 198, in _run_module_as_main\n  File "<frozen runpy>", line 88, in _run_code\n  File "/gpfs/home3/tsijpkens/TSPHardener/main.py", line 2, in <module>\n    from core.experiment import experiment\n  File "/gpfs/home3/tsijpkens/TSPHardener/core/experiment.py", line 6, in <module>\n    from .helpers import initialize_matrix_and_hardest, run_litals_algorithm\n  File "/gpfs/home3/tsijpkens/TSPHardener/core/helpers.py", line 5, in <module>\n    from .generate_tsp import generate_tsp\n  File "/gpfs/home3/tsijpkens/TSPHardener/core/generate_tsp.py", line 3, in <module>\n    from scipy.spatial.distance import pdist, squareform\nModuleNotFoundError: No module named \'scipy\'\n',)
--- Logging error ---
Traceback (most recent call last):
  File "/gpfs/home3/tsijpkens/TSPHardener/run.py", line 33, in run_experiment
    result = subprocess.run(cmd, check=True, text=True, capture_output=True)
             ^^^^^^^^^^^^^^^^^^^^^^^^^^^^^^^^^^^^^^^^^^^^^^^^^^^^^^^^^^^^^^^
  File "/sw/arch/RHEL8/EB_production/2023/software/Python/3.11.3-GCCcore-12.3.0/lib/python3.11/subprocess.py", line 571, in run
    raise CalledProcessError(retcode, process.args,
subprocess.CalledProcessError: Command '['python3', '-m', 'main', '[20]', '[65, 70, 75, 80]', '1000', '', '--tsp_type', 'euclidean', '--distribution', 'uniform', '--mutation_strategy', 'swap']' returned non-zero exit status 1.

During handling of the above exception, another exception occurred:

Traceback (most recent call last):
  File "/sw/arch/RHEL8/EB_production/2023/software/Python/3.11.3-GCCcore-12.3.0/lib/python3.11/logging/__init__.py", line 1110, in emit
    msg = self.format(record)
          ^^^^^^^^^^^^^^^^^^^
  File "/sw/arch/RHEL8/EB_production/2023/software/Python/3.11.3-GCCcore-12.3.0/lib/python3.11/logging/__init__.py", line 953, in format
    return fmt.format(record)
           ^^^^^^^^^^^^^^^^^^
  File "/sw/arch/RHEL8/EB_production/2023/software/Python/3.11.3-GCCcore-12.3.0/lib/python3.11/logging/__init__.py", line 687, in format
    record.message = record.getMessage()
                     ^^^^^^^^^^^^^^^^^^^
  File "/sw/arch/RHEL8/EB_production/2023/software/Python/3.11.3-GCCcore-12.3.0/lib/python3.11/logging/__init__.py", line 377, in getMessage
    msg = msg % self.args
          ~~~~^~~~~~~~~~~
TypeError: not all arguments converted during string formatting
Call stack:
  File "/gpfs/home3/tsijpkens/TSPHardener/run.py", line 46, in <module>
    with Pool(processes=64) as pool:
  File "/sw/arch/RHEL8/EB_production/2023/software/Python/3.11.3-GCCcore-12.3.0/lib/python3.11/multiprocessing/context.py", line 119, in Pool
    return Pool(processes, initializer, initargs, maxtasksperchild,
  File "/sw/arch/RHEL8/EB_production/2023/software/Python/3.11.3-GCCcore-12.3.0/lib/python3.11/multiprocessing/pool.py", line 215, in __init__
    self._repopulate_pool()
  File "/sw/arch/RHEL8/EB_production/2023/software/Python/3.11.3-GCCcore-12.3.0/lib/python3.11/multiprocessing/pool.py", line 306, in _repopulate_pool
    return self._repopulate_pool_static(self._ctx, self.Process,
  File "/sw/arch/RHEL8/EB_production/2023/software/Python/3.11.3-GCCcore-12.3.0/lib/python3.11/multiprocessing/pool.py", line 329, in _repopulate_pool_static
    w.start()
  File "/sw/arch/RHEL8/EB_production/2023/software/Python/3.11.3-GCCcore-12.3.0/lib/python3.11/multiprocessing/process.py", line 121, in start
    self._popen = self._Popen(self)
  File "/sw/arch/RHEL8/EB_production/2023/software/Python/3.11.3-GCCcore-12.3.0/lib/python3.11/multiprocessing/context.py", line 281, in _Popen
    return Popen(process_obj)
  File "/sw/arch/RHEL8/EB_production/2023/software/Python/3.11.3-GCCcore-12.3.0/lib/python3.11/multiprocessing/popen_fork.py", line 19, in __init__
    self._launch(process_obj)
  File "/sw/arch/RHEL8/EB_production/2023/software/Python/3.11.3-GCCcore-12.3.0/lib/python3.11/multiprocessing/popen_fork.py", line 71, in _launch
    code = process_obj._bootstrap(parent_sentinel=child_r)
  File "/sw/arch/RHEL8/EB_production/2023/software/Python/3.11.3-GCCcore-12.3.0/lib/python3.11/multiprocessing/process.py", line 314, in _bootstrap
    self.run()
  File "/sw/arch/RHEL8/EB_production/2023/software/Python/3.11.3-GCCcore-12.3.0/lib/python3.11/multiprocessing/process.py", line 108, in run
    self._target(*self._args, **self._kwargs)
  File "/sw/arch/RHEL8/EB_production/2023/software/Python/3.11.3-GCCcore-12.3.0/lib/python3.11/multiprocessing/pool.py", line 125, in worker
    result = (True, func(*args, **kwds))
  File "/sw/arch/RHEL8/EB_production/2023/software/Python/3.11.3-GCCcore-12.3.0/lib/python3.11/multiprocessing/pool.py", line 48, in mapstar
    return list(map(*args))
  File "/gpfs/home3/tsijpkens/TSPHardener/run.py", line 38, in run_experiment
    logging.error(f"Error in {cmd}:", f"{e.stderr}")
Message: "Error in ['python3', '-m', 'main', '[20]', '[65, 70, 75, 80]', '1000', '', '--tsp_type', 'euclidean', '--distribution', 'uniform', '--mutation_strategy', 'swap']:"
Arguments: ('Traceback (most recent call last):\n  File "<frozen runpy>", line 198, in _run_module_as_main\n  File "<frozen runpy>", line 88, in _run_code\n  File "/gpfs/home3/tsijpkens/TSPHardener/main.py", line 2, in <module>\n    from core.experiment import experiment\n  File "/gpfs/home3/tsijpkens/TSPHardener/core/experiment.py", line 6, in <module>\n    from .helpers import initialize_matrix_and_hardest, run_litals_algorithm\n  File "/gpfs/home3/tsijpkens/TSPHardener/core/helpers.py", line 5, in <module>\n    from .generate_tsp import generate_tsp\n  File "/gpfs/home3/tsijpkens/TSPHardener/core/generate_tsp.py", line 3, in <module>\n    from scipy.spatial.distance import pdist, squareform\nModuleNotFoundError: No module named \'scipy\'\n',)
--- Logging error ---
--- Logging error ---
Traceback (most recent call last):
Traceback (most recent call last):
  File "/gpfs/home3/tsijpkens/TSPHardener/run.py", line 33, in run_experiment
    result = subprocess.run(cmd, check=True, text=True, capture_output=True)
             ^^^^^^^^^^^^^^^^^^^^^^^^^^^^^^^^^^^^^^^^^^^^^^^^^^^^^^^^^^^^^^^
  File "/sw/arch/RHEL8/EB_production/2023/software/Python/3.11.3-GCCcore-12.3.0/lib/python3.11/subprocess.py", line 571, in run
    raise CalledProcessError(retcode, process.args,
subprocess.CalledProcessError: Command '['python3', '-m', 'main', '[20]', '[25, 30, 35, 40]', '1000', '', '--tsp_type', 'asymmetric', '--distribution', 'uniform', '--mutation_strategy', 'swap']' returned non-zero exit status 1.
  File "/gpfs/home3/tsijpkens/TSPHardener/run.py", line 33, in run_experiment
    result = subprocess.run(cmd, check=True, text=True, capture_output=True)
             ^^^^^^^^^^^^^^^^^^^^^^^^^^^^^^^^^^^^^^^^^^^^^^^^^^^^^^^^^^^^^^^

During handling of the above exception, another exception occurred:

  File "/sw/arch/RHEL8/EB_production/2023/software/Python/3.11.3-GCCcore-12.3.0/lib/python3.11/subprocess.py", line 571, in run
    raise CalledProcessError(retcode, process.args,
Traceback (most recent call last):
subprocess.CalledProcessError: Command '['python3', '-m', 'main', '[30]', '[65, 70]', '1000', '', '--tsp_type', 'asymmetric', '--distribution', 'uniform', '--mutation_strategy', 'wouter']' returned non-zero exit status 1.

During handling of the above exception, another exception occurred:

Traceback (most recent call last):
  File "/sw/arch/RHEL8/EB_production/2023/software/Python/3.11.3-GCCcore-12.3.0/lib/python3.11/logging/__init__.py", line 1110, in emit
    msg = self.format(record)
          ^^^^^^^^^^^^^^^^^^^
  File "/sw/arch/RHEL8/EB_production/2023/software/Python/3.11.3-GCCcore-12.3.0/lib/python3.11/logging/__init__.py", line 953, in format
    return fmt.format(record)
           ^^^^^^^^^^^^^^^^^^
  File "/sw/arch/RHEL8/EB_production/2023/software/Python/3.11.3-GCCcore-12.3.0/lib/python3.11/logging/__init__.py", line 687, in format
    record.message = record.getMessage()
                     ^^^^^^^^^^^^^^^^^^^
  File "/sw/arch/RHEL8/EB_production/2023/software/Python/3.11.3-GCCcore-12.3.0/lib/python3.11/logging/__init__.py", line 377, in getMessage
    msg = msg % self.args
          ~~~~^~~~~~~~~~~
TypeError: not all arguments converted during string formatting
Call stack:
  File "/sw/arch/RHEL8/EB_production/2023/software/Python/3.11.3-GCCcore-12.3.0/lib/python3.11/logging/__init__.py", line 1110, in emit
    msg = self.format(record)
          ^^^^^^^^^^^^^^^^^^^
  File "/sw/arch/RHEL8/EB_production/2023/software/Python/3.11.3-GCCcore-12.3.0/lib/python3.11/logging/__init__.py", line 953, in format
    return fmt.format(record)
           ^^^^^^^^^^^^^^^^^^
  File "/sw/arch/RHEL8/EB_production/2023/software/Python/3.11.3-GCCcore-12.3.0/lib/python3.11/logging/__init__.py", line 687, in format
    record.message = record.getMessage()
                     ^^^^^^^^^^^^^^^^^^^
  File "/sw/arch/RHEL8/EB_production/2023/software/Python/3.11.3-GCCcore-12.3.0/lib/python3.11/logging/__init__.py", line 377, in getMessage
    msg = msg % self.args
          ~~~~^~~~~~~~~~~
TypeError: not all arguments converted during string formatting
Call stack:
  File "/gpfs/home3/tsijpkens/TSPHardener/run.py", line 46, in <module>
    with Pool(processes=64) as pool:
  File "/sw/arch/RHEL8/EB_production/2023/software/Python/3.11.3-GCCcore-12.3.0/lib/python3.11/multiprocessing/context.py", line 119, in Pool
    return Pool(processes, initializer, initargs, maxtasksperchild,
  File "/sw/arch/RHEL8/EB_production/2023/software/Python/3.11.3-GCCcore-12.3.0/lib/python3.11/multiprocessing/pool.py", line 215, in __init__
    self._repopulate_pool()
  File "/sw/arch/RHEL8/EB_production/2023/software/Python/3.11.3-GCCcore-12.3.0/lib/python3.11/multiprocessing/pool.py", line 306, in _repopulate_pool
    return self._repopulate_pool_static(self._ctx, self.Process,
  File "/sw/arch/RHEL8/EB_production/2023/software/Python/3.11.3-GCCcore-12.3.0/lib/python3.11/multiprocessing/pool.py", line 329, in _repopulate_pool_static
    w.start()
  File "/sw/arch/RHEL8/EB_production/2023/software/Python/3.11.3-GCCcore-12.3.0/lib/python3.11/multiprocessing/process.py", line 121, in start
    self._popen = self._Popen(self)
  File "/sw/arch/RHEL8/EB_production/2023/software/Python/3.11.3-GCCcore-12.3.0/lib/python3.11/multiprocessing/context.py", line 281, in _Popen
    return Popen(process_obj)
  File "/sw/arch/RHEL8/EB_production/2023/software/Python/3.11.3-GCCcore-12.3.0/lib/python3.11/multiprocessing/popen_fork.py", line 19, in __init__
    self._launch(process_obj)
  File "/sw/arch/RHEL8/EB_production/2023/software/Python/3.11.3-GCCcore-12.3.0/lib/python3.11/multiprocessing/popen_fork.py", line 71, in _launch
    code = process_obj._bootstrap(parent_sentinel=child_r)
  File "/sw/arch/RHEL8/EB_production/2023/software/Python/3.11.3-GCCcore-12.3.0/lib/python3.11/multiprocessing/process.py", line 314, in _bootstrap
    self.run()
  File "/sw/arch/RHEL8/EB_production/2023/software/Python/3.11.3-GCCcore-12.3.0/lib/python3.11/multiprocessing/process.py", line 108, in run
    self._target(*self._args, **self._kwargs)
  File "/sw/arch/RHEL8/EB_production/2023/software/Python/3.11.3-GCCcore-12.3.0/lib/python3.11/multiprocessing/pool.py", line 125, in worker
    result = (True, func(*args, **kwds))
  File "/sw/arch/RHEL8/EB_production/2023/software/Python/3.11.3-GCCcore-12.3.0/lib/python3.11/multiprocessing/pool.py", line 48, in mapstar
    return list(map(*args))
  File "/gpfs/home3/tsijpkens/TSPHardener/run.py", line 38, in run_experiment
    logging.error(f"Error in {cmd}:", f"{e.stderr}")
Message: "Error in ['python3', '-m', 'main', '[30]', '[65, 70]', '1000', '', '--tsp_type', 'asymmetric', '--distribution', 'uniform', '--mutation_strategy', 'wouter']:"
Arguments: ('Traceback (most recent call last):\n  File "<frozen runpy>", line 198, in _run_module_as_main\n  File "<frozen runpy>", line 88, in _run_code\n  File "/gpfs/home3/tsijpkens/TSPHardener/main.py", line 2, in <module>\n    from core.experiment import experiment\n  File "/gpfs/home3/tsijpkens/TSPHardener/core/experiment.py", line 6, in <module>\n    from .helpers import initialize_matrix_and_hardest, run_litals_algorithm\n  File "/gpfs/home3/tsijpkens/TSPHardener/core/helpers.py", line 5, in <module>\n    from .generate_tsp import generate_tsp\n  File "/gpfs/home3/tsijpkens/TSPHardener/core/generate_tsp.py", line 3, in <module>\n    from scipy.spatial.distance import pdist, squareform\nModuleNotFoundError: No module named \'scipy\'\n',)
  File "/gpfs/home3/tsijpkens/TSPHardener/run.py", line 46, in <module>
    with Pool(processes=64) as pool:
  File "/sw/arch/RHEL8/EB_production/2023/software/Python/3.11.3-GCCcore-12.3.0/lib/python3.11/multiprocessing/context.py", line 119, in Pool
    return Pool(processes, initializer, initargs, maxtasksperchild,
  File "/sw/arch/RHEL8/EB_production/2023/software/Python/3.11.3-GCCcore-12.3.0/lib/python3.11/multiprocessing/pool.py", line 215, in __init__
    self._repopulate_pool()
  File "/sw/arch/RHEL8/EB_production/2023/software/Python/3.11.3-GCCcore-12.3.0/lib/python3.11/multiprocessing/pool.py", line 306, in _repopulate_pool
    return self._repopulate_pool_static(self._ctx, self.Process,
  File "/sw/arch/RHEL8/EB_production/2023/software/Python/3.11.3-GCCcore-12.3.0/lib/python3.11/multiprocessing/pool.py", line 329, in _repopulate_pool_static
    w.start()
  File "/sw/arch/RHEL8/EB_production/2023/software/Python/3.11.3-GCCcore-12.3.0/lib/python3.11/multiprocessing/process.py", line 121, in start
    self._popen = self._Popen(self)
  File "/sw/arch/RHEL8/EB_production/2023/software/Python/3.11.3-GCCcore-12.3.0/lib/python3.11/multiprocessing/context.py", line 281, in _Popen
    return Popen(process_obj)
  File "/sw/arch/RHEL8/EB_production/2023/software/Python/3.11.3-GCCcore-12.3.0/lib/python3.11/multiprocessing/popen_fork.py", line 19, in __init__
    self._launch(process_obj)
  File "/sw/arch/RHEL8/EB_production/2023/software/Python/3.11.3-GCCcore-12.3.0/lib/python3.11/multiprocessing/popen_fork.py", line 71, in _launch
    code = process_obj._bootstrap(parent_sentinel=child_r)
  File "/sw/arch/RHEL8/EB_production/2023/software/Python/3.11.3-GCCcore-12.3.0/lib/python3.11/multiprocessing/process.py", line 314, in _bootstrap
    self.run()
  File "/sw/arch/RHEL8/EB_production/2023/software/Python/3.11.3-GCCcore-12.3.0/lib/python3.11/multiprocessing/process.py", line 108, in run
    self._target(*self._args, **self._kwargs)
  File "/sw/arch/RHEL8/EB_production/2023/software/Python/3.11.3-GCCcore-12.3.0/lib/python3.11/multiprocessing/pool.py", line 125, in worker
    result = (True, func(*args, **kwds))
  File "/sw/arch/RHEL8/EB_production/2023/software/Python/3.11.3-GCCcore-12.3.0/lib/python3.11/multiprocessing/pool.py", line 48, in mapstar
    return list(map(*args))
  File "/gpfs/home3/tsijpkens/TSPHardener/run.py", line 38, in run_experiment
    logging.error(f"Error in {cmd}:", f"{e.stderr}")
Message: "Error in ['python3', '-m', 'main', '[20]', '[25, 30, 35, 40]', '1000', '', '--tsp_type', 'asymmetric', '--distribution', 'uniform', '--mutation_strategy', 'swap']:"
Arguments: ('Traceback (most recent call last):\n  File "<frozen runpy>", line 198, in _run_module_as_main\n  File "<frozen runpy>", line 88, in _run_code\n  File "/gpfs/home3/tsijpkens/TSPHardener/main.py", line 2, in <module>\n    from core.experiment import experiment\n  File "/gpfs/home3/tsijpkens/TSPHardener/core/experiment.py", line 6, in <module>\n    from .helpers import initialize_matrix_and_hardest, run_litals_algorithm\n  File "/gpfs/home3/tsijpkens/TSPHardener/core/helpers.py", line 5, in <module>\n    from .generate_tsp import generate_tsp\n  File "/gpfs/home3/tsijpkens/TSPHardener/core/generate_tsp.py", line 3, in <module>\n    from scipy.spatial.distance import pdist, squareform\nModuleNotFoundError: No module named \'scipy\'\n',)
--- Logging error ---
Traceback (most recent call last):
  File "/gpfs/home3/tsijpkens/TSPHardener/run.py", line 33, in run_experiment
    result = subprocess.run(cmd, check=True, text=True, capture_output=True)
             ^^^^^^^^^^^^^^^^^^^^^^^^^^^^^^^^^^^^^^^^^^^^^^^^^^^^^^^^^^^^^^^
  File "/sw/arch/RHEL8/EB_production/2023/software/Python/3.11.3-GCCcore-12.3.0/lib/python3.11/subprocess.py", line 571, in run
    raise CalledProcessError(retcode, process.args,
subprocess.CalledProcessError: Command '['python3', '-m', 'main', '[30]', '[5, 10, 15, 20]', '1000', '', '--tsp_type', 'euclidean', '--distribution', 'uniform', '--mutation_strategy', 'swap']' returned non-zero exit status 1.

During handling of the above exception, another exception occurred:

Traceback (most recent call last):
  File "/sw/arch/RHEL8/EB_production/2023/software/Python/3.11.3-GCCcore-12.3.0/lib/python3.11/logging/__init__.py", line 1110, in emit
    msg = self.format(record)
          ^^^^^^^^^^^^^^^^^^^
  File "/sw/arch/RHEL8/EB_production/2023/software/Python/3.11.3-GCCcore-12.3.0/lib/python3.11/logging/__init__.py", line 953, in format
    return fmt.format(record)
           ^^^^^^^^^^^^^^^^^^
  File "/sw/arch/RHEL8/EB_production/2023/software/Python/3.11.3-GCCcore-12.3.0/lib/python3.11/logging/__init__.py", line 687, in format
    record.message = record.getMessage()
                     ^^^^^^^^^^^^^^^^^^^
  File "/sw/arch/RHEL8/EB_production/2023/software/Python/3.11.3-GCCcore-12.3.0/lib/python3.11/logging/__init__.py", line 377, in getMessage
    msg = msg % self.args
          ~~~~^~~~~~~~~~~
TypeError: not all arguments converted during string formatting
Call stack:
--- Logging error ---
  File "/gpfs/home3/tsijpkens/TSPHardener/run.py", line 46, in <module>
    with Pool(processes=64) as pool:
  File "/sw/arch/RHEL8/EB_production/2023/software/Python/3.11.3-GCCcore-12.3.0/lib/python3.11/multiprocessing/context.py", line 119, in Pool
    return Pool(processes, initializer, initargs, maxtasksperchild,
  File "/sw/arch/RHEL8/EB_production/2023/software/Python/3.11.3-GCCcore-12.3.0/lib/python3.11/multiprocessing/pool.py", line 215, in __init__
    self._repopulate_pool()
  File "/sw/arch/RHEL8/EB_production/2023/software/Python/3.11.3-GCCcore-12.3.0/lib/python3.11/multiprocessing/pool.py", line 306, in _repopulate_pool
    return self._repopulate_pool_static(self._ctx, self.Process,
  File "/sw/arch/RHEL8/EB_production/2023/software/Python/3.11.3-GCCcore-12.3.0/lib/python3.11/multiprocessing/pool.py", line 329, in _repopulate_pool_static
    w.start()
  File "/sw/arch/RHEL8/EB_production/2023/software/Python/3.11.3-GCCcore-12.3.0/lib/python3.11/multiprocessing/process.py", line 121, in start
    self._popen = self._Popen(self)
  File "/sw/arch/RHEL8/EB_production/2023/software/Python/3.11.3-GCCcore-12.3.0/lib/python3.11/multiprocessing/context.py", line 281, in _Popen
    return Popen(process_obj)
  File "/sw/arch/RHEL8/EB_production/2023/software/Python/3.11.3-GCCcore-12.3.0/lib/python3.11/multiprocessing/popen_fork.py", line 19, in __init__
    self._launch(process_obj)
  File "/sw/arch/RHEL8/EB_production/2023/software/Python/3.11.3-GCCcore-12.3.0/lib/python3.11/multiprocessing/popen_fork.py", line 71, in _launch
    code = process_obj._bootstrap(parent_sentinel=child_r)
  File "/sw/arch/RHEL8/EB_production/2023/software/Python/3.11.3-GCCcore-12.3.0/lib/python3.11/multiprocessing/process.py", line 314, in _bootstrap
    self.run()
  File "/sw/arch/RHEL8/EB_production/2023/software/Python/3.11.3-GCCcore-12.3.0/lib/python3.11/multiprocessing/process.py", line 108, in run
    self._target(*self._args, **self._kwargs)
  File "/sw/arch/RHEL8/EB_production/2023/software/Python/3.11.3-GCCcore-12.3.0/lib/python3.11/multiprocessing/pool.py", line 125, in worker
    result = (True, func(*args, **kwds))
  File "/sw/arch/RHEL8/EB_production/2023/software/Python/3.11.3-GCCcore-12.3.0/lib/python3.11/multiprocessing/pool.py", line 48, in mapstar
    return list(map(*args))
  File "/gpfs/home3/tsijpkens/TSPHardener/run.py", line 38, in run_experiment
    logging.error(f"Error in {cmd}:", f"{e.stderr}")
Message: "Error in ['python3', '-m', 'main', '[30]', '[5, 10, 15, 20]', '1000', '', '--tsp_type', 'euclidean', '--distribution', 'uniform', '--mutation_strategy', 'swap']:"
Arguments: ('Traceback (most recent call last):\n  File "<frozen runpy>", line 198, in _run_module_as_main\n  File "<frozen runpy>", line 88, in _run_code\n  File "/gpfs/home3/tsijpkens/TSPHardener/main.py", line 2, in <module>\n    from core.experiment import experiment\n  File "/gpfs/home3/tsijpkens/TSPHardener/core/experiment.py", line 6, in <module>\n    from .helpers import initialize_matrix_and_hardest, run_litals_algorithm\n  File "/gpfs/home3/tsijpkens/TSPHardener/core/helpers.py", line 5, in <module>\n    from .generate_tsp import generate_tsp\n  File "/gpfs/home3/tsijpkens/TSPHardener/core/generate_tsp.py", line 3, in <module>\n    from scipy.spatial.distance import pdist, squareform\nModuleNotFoundError: No module named \'scipy\'\n',)
Traceback (most recent call last):
  File "/gpfs/home3/tsijpkens/TSPHardener/run.py", line 33, in run_experiment
    result = subprocess.run(cmd, check=True, text=True, capture_output=True)
             ^^^^^^^^^^^^^^^^^^^^^^^^^^^^^^^^^^^^^^^^^^^^^^^^^^^^^^^^^^^^^^^
  File "/sw/arch/RHEL8/EB_production/2023/software/Python/3.11.3-GCCcore-12.3.0/lib/python3.11/subprocess.py", line 571, in run
    raise CalledProcessError(retcode, process.args,
subprocess.CalledProcessError: Command '['python3', '-m', 'main', '[30]', '[45, 50, 55, 60]', '1000', '', '--tsp_type', 'euclidean', '--distribution', 'uniform', '--mutation_strategy', 'scramble']' returned non-zero exit status 1.

During handling of the above exception, another exception occurred:

Traceback (most recent call last):
  File "/sw/arch/RHEL8/EB_production/2023/software/Python/3.11.3-GCCcore-12.3.0/lib/python3.11/logging/__init__.py", line 1110, in emit
    msg = self.format(record)
          ^^^^^^^^^^^^^^^^^^^
  File "/sw/arch/RHEL8/EB_production/2023/software/Python/3.11.3-GCCcore-12.3.0/lib/python3.11/logging/__init__.py", line 953, in format
    return fmt.format(record)
           ^^^^^^^^^^^^^^^^^^
  File "/sw/arch/RHEL8/EB_production/2023/software/Python/3.11.3-GCCcore-12.3.0/lib/python3.11/logging/__init__.py", line 687, in format
    record.message = record.getMessage()
                     ^^^^^^^^^^^^^^^^^^^
  File "/sw/arch/RHEL8/EB_production/2023/software/Python/3.11.3-GCCcore-12.3.0/lib/python3.11/logging/__init__.py", line 377, in getMessage
    msg = msg % self.args
          ~~~~^~~~~~~~~~~
TypeError: not all arguments converted during string formatting
Call stack:
  File "/gpfs/home3/tsijpkens/TSPHardener/run.py", line 46, in <module>
    with Pool(processes=64) as pool:
  File "/sw/arch/RHEL8/EB_production/2023/software/Python/3.11.3-GCCcore-12.3.0/lib/python3.11/multiprocessing/context.py", line 119, in Pool
    return Pool(processes, initializer, initargs, maxtasksperchild,
  File "/sw/arch/RHEL8/EB_production/2023/software/Python/3.11.3-GCCcore-12.3.0/lib/python3.11/multiprocessing/pool.py", line 215, in __init__
    self._repopulate_pool()
  File "/sw/arch/RHEL8/EB_production/2023/software/Python/3.11.3-GCCcore-12.3.0/lib/python3.11/multiprocessing/pool.py", line 306, in _repopulate_pool
    return self._repopulate_pool_static(self._ctx, self.Process,
  File "/sw/arch/RHEL8/EB_production/2023/software/Python/3.11.3-GCCcore-12.3.0/lib/python3.11/multiprocessing/pool.py", line 329, in _repopulate_pool_static
    w.start()
  File "/sw/arch/RHEL8/EB_production/2023/software/Python/3.11.3-GCCcore-12.3.0/lib/python3.11/multiprocessing/process.py", line 121, in start
    self._popen = self._Popen(self)
  File "/sw/arch/RHEL8/EB_production/2023/software/Python/3.11.3-GCCcore-12.3.0/lib/python3.11/multiprocessing/context.py", line 281, in _Popen
    return Popen(process_obj)
  File "/sw/arch/RHEL8/EB_production/2023/software/Python/3.11.3-GCCcore-12.3.0/lib/python3.11/multiprocessing/popen_fork.py", line 19, in __init__
    self._launch(process_obj)
  File "/sw/arch/RHEL8/EB_production/2023/software/Python/3.11.3-GCCcore-12.3.0/lib/python3.11/multiprocessing/popen_fork.py", line 71, in _launch
    code = process_obj._bootstrap(parent_sentinel=child_r)
  File "/sw/arch/RHEL8/EB_production/2023/software/Python/3.11.3-GCCcore-12.3.0/lib/python3.11/multiprocessing/process.py", line 314, in _bootstrap
    self.run()
  File "/sw/arch/RHEL8/EB_production/2023/software/Python/3.11.3-GCCcore-12.3.0/lib/python3.11/multiprocessing/process.py", line 108, in run
    self._target(*self._args, **self._kwargs)
  File "/sw/arch/RHEL8/EB_production/2023/software/Python/3.11.3-GCCcore-12.3.0/lib/python3.11/multiprocessing/pool.py", line 125, in worker
    result = (True, func(*args, **kwds))
  File "/sw/arch/RHEL8/EB_production/2023/software/Python/3.11.3-GCCcore-12.3.0/lib/python3.11/multiprocessing/pool.py", line 48, in mapstar
    return list(map(*args))
  File "/gpfs/home3/tsijpkens/TSPHardener/run.py", line 38, in run_experiment
    logging.error(f"Error in {cmd}:", f"{e.stderr}")
Message: "Error in ['python3', '-m', 'main', '[30]', '[45, 50, 55, 60]', '1000', '', '--tsp_type', 'euclidean', '--distribution', 'uniform', '--mutation_strategy', 'scramble']:"
Arguments: ('Traceback (most recent call last):\n  File "<frozen runpy>", line 198, in _run_module_as_main\n  File "<frozen runpy>", line 88, in _run_code\n  File "/gpfs/home3/tsijpkens/TSPHardener/main.py", line 2, in <module>\n    from core.experiment import experiment\n  File "/gpfs/home3/tsijpkens/TSPHardener/core/experiment.py", line 6, in <module>\n    from .helpers import initialize_matrix_and_hardest, run_litals_algorithm\n  File "/gpfs/home3/tsijpkens/TSPHardener/core/helpers.py", line 5, in <module>\n    from .generate_tsp import generate_tsp\n  File "/gpfs/home3/tsijpkens/TSPHardener/core/generate_tsp.py", line 3, in <module>\n    from scipy.spatial.distance import pdist, squareform\nModuleNotFoundError: No module named \'scipy\'\n',)
--- Logging error ---
Traceback (most recent call last):
  File "/gpfs/home3/tsijpkens/TSPHardener/run.py", line 33, in run_experiment
    result = subprocess.run(cmd, check=True, text=True, capture_output=True)
             ^^^^^^^^^^^^^^^^^^^^^^^^^^^^^^^^^^^^^^^^^^^^^^^^^^^^^^^^^^^^^^^
  File "/sw/arch/RHEL8/EB_production/2023/software/Python/3.11.3-GCCcore-12.3.0/lib/python3.11/subprocess.py", line 571, in run
    raise CalledProcessError(retcode, process.args,
subprocess.CalledProcessError: Command '['python3', '-m', 'main', '[30]', '[45, 50, 55, 60]', '1000', '', '--tsp_type', 'asymmetric', '--distribution', 'uniform', '--mutation_strategy', 'swap']' returned non-zero exit status 1.

During handling of the above exception, another exception occurred:

Traceback (most recent call last):
  File "/sw/arch/RHEL8/EB_production/2023/software/Python/3.11.3-GCCcore-12.3.0/lib/python3.11/logging/__init__.py", line 1110, in emit
    msg = self.format(record)
          ^^^^^^^^^^^^^^^^^^^
  File "/sw/arch/RHEL8/EB_production/2023/software/Python/3.11.3-GCCcore-12.3.0/lib/python3.11/logging/__init__.py", line 953, in format
    return fmt.format(record)
           ^^^^^^^^^^^^^^^^^^
  File "/sw/arch/RHEL8/EB_production/2023/software/Python/3.11.3-GCCcore-12.3.0/lib/python3.11/logging/__init__.py", line 687, in format
    record.message = record.getMessage()
                     ^^^^^^^^^^^^^^^^^^^
  File "/sw/arch/RHEL8/EB_production/2023/software/Python/3.11.3-GCCcore-12.3.0/lib/python3.11/logging/__init__.py", line 377, in getMessage
    msg = msg % self.args
          ~~~~^~~~~~~~~~~
TypeError: not all arguments converted during string formatting
Call stack:
  File "/gpfs/home3/tsijpkens/TSPHardener/run.py", line 46, in <module>
    with Pool(processes=64) as pool:
  File "/sw/arch/RHEL8/EB_production/2023/software/Python/3.11.3-GCCcore-12.3.0/lib/python3.11/multiprocessing/context.py", line 119, in Pool
    return Pool(processes, initializer, initargs, maxtasksperchild,
  File "/sw/arch/RHEL8/EB_production/2023/software/Python/3.11.3-GCCcore-12.3.0/lib/python3.11/multiprocessing/pool.py", line 215, in __init__
    self._repopulate_pool()
  File "/sw/arch/RHEL8/EB_production/2023/software/Python/3.11.3-GCCcore-12.3.0/lib/python3.11/multiprocessing/pool.py", line 306, in _repopulate_pool
    return self._repopulate_pool_static(self._ctx, self.Process,
  File "/sw/arch/RHEL8/EB_production/2023/software/Python/3.11.3-GCCcore-12.3.0/lib/python3.11/multiprocessing/pool.py", line 329, in _repopulate_pool_static
    w.start()
  File "/sw/arch/RHEL8/EB_production/2023/software/Python/3.11.3-GCCcore-12.3.0/lib/python3.11/multiprocessing/process.py", line 121, in start
    self._popen = self._Popen(self)
  File "/sw/arch/RHEL8/EB_production/2023/software/Python/3.11.3-GCCcore-12.3.0/lib/python3.11/multiprocessing/context.py", line 281, in _Popen
    return Popen(process_obj)
  File "/sw/arch/RHEL8/EB_production/2023/software/Python/3.11.3-GCCcore-12.3.0/lib/python3.11/multiprocessing/popen_fork.py", line 19, in __init__
    self._launch(process_obj)
  File "/sw/arch/RHEL8/EB_production/2023/software/Python/3.11.3-GCCcore-12.3.0/lib/python3.11/multiprocessing/popen_fork.py", line 71, in _launch
    code = process_obj._bootstrap(parent_sentinel=child_r)
  File "/sw/arch/RHEL8/EB_production/2023/software/Python/3.11.3-GCCcore-12.3.0/lib/python3.11/multiprocessing/process.py", line 314, in _bootstrap
    self.run()
  File "/sw/arch/RHEL8/EB_production/2023/software/Python/3.11.3-GCCcore-12.3.0/lib/python3.11/multiprocessing/process.py", line 108, in run
    self._target(*self._args, **self._kwargs)
  File "/sw/arch/RHEL8/EB_production/2023/software/Python/3.11.3-GCCcore-12.3.0/lib/python3.11/multiprocessing/pool.py", line 125, in worker
    result = (True, func(*args, **kwds))
  File "/sw/arch/RHEL8/EB_production/2023/software/Python/3.11.3-GCCcore-12.3.0/lib/python3.11/multiprocessing/pool.py", line 48, in mapstar
    return list(map(*args))
  File "/gpfs/home3/tsijpkens/TSPHardener/run.py", line 38, in run_experiment
    logging.error(f"Error in {cmd}:", f"{e.stderr}")
Message: "Error in ['python3', '-m', 'main', '[30]', '[45, 50, 55, 60]', '1000', '', '--tsp_type', 'asymmetric', '--distribution', 'uniform', '--mutation_strategy', 'swap']:"
Arguments: ('Traceback (most recent call last):\n  File "<frozen runpy>", line 198, in _run_module_as_main\n  File "<frozen runpy>", line 88, in _run_code\n  File "/gpfs/home3/tsijpkens/TSPHardener/main.py", line 2, in <module>\n    from core.experiment import experiment\n  File "/gpfs/home3/tsijpkens/TSPHardener/core/experiment.py", line 6, in <module>\n    from .helpers import initialize_matrix_and_hardest, run_litals_algorithm\n  File "/gpfs/home3/tsijpkens/TSPHardener/core/helpers.py", line 5, in <module>\n    from .generate_tsp import generate_tsp\n  File "/gpfs/home3/tsijpkens/TSPHardener/core/generate_tsp.py", line 3, in <module>\n    from scipy.spatial.distance import pdist, squareform\nModuleNotFoundError: No module named \'scipy\'\n',)
--- Logging error ---
Traceback (most recent call last):
--- Logging error ---
  File "/gpfs/home3/tsijpkens/TSPHardener/run.py", line 33, in run_experiment
    result = subprocess.run(cmd, check=True, text=True, capture_output=True)
             ^^^^^^^^^^^^^^^^^^^^^^^^^^^^^^^^^^^^^^^^^^^^^^^^^^^^^^^^^^^^^^^
  File "/sw/arch/RHEL8/EB_production/2023/software/Python/3.11.3-GCCcore-12.3.0/lib/python3.11/subprocess.py", line 571, in run
    raise CalledProcessError(retcode, process.args,
subprocess.CalledProcessError: Command '['python3', '-m', 'main', '[20]', '[5, 10, 15, 20]', '1000', '', '--tsp_type', 'asymmetric', '--distribution', 'uniform', '--mutation_strategy', 'scramble']' returned non-zero exit status 1.

During handling of the above exception, another exception occurred:

Traceback (most recent call last):
  File "/sw/arch/RHEL8/EB_production/2023/software/Python/3.11.3-GCCcore-12.3.0/lib/python3.11/logging/__init__.py", line 1110, in emit
    msg = self.format(record)
          ^^^^^^^^^^^^^^^^^^^
  File "/sw/arch/RHEL8/EB_production/2023/software/Python/3.11.3-GCCcore-12.3.0/lib/python3.11/logging/__init__.py", line 953, in format
    return fmt.format(record)
           ^^^^^^^^^^^^^^^^^^
  File "/sw/arch/RHEL8/EB_production/2023/software/Python/3.11.3-GCCcore-12.3.0/lib/python3.11/logging/__init__.py", line 687, in format
    record.message = record.getMessage()
                     ^^^^^^^^^^^^^^^^^^^
  File "/sw/arch/RHEL8/EB_production/2023/software/Python/3.11.3-GCCcore-12.3.0/lib/python3.11/logging/__init__.py", line 377, in getMessage
    msg = msg % self.args
          ~~~~^~~~~~~~~~~
TypeError: not all arguments converted during string formatting
Call stack:
Traceback (most recent call last):
  File "/gpfs/home3/tsijpkens/TSPHardener/run.py", line 33, in run_experiment
    result = subprocess.run(cmd, check=True, text=True, capture_output=True)
             ^^^^^^^^^^^^^^^^^^^^^^^^^^^^^^^^^^^^^^^^^^^^^^^^^^^^^^^^^^^^^^^
  File "/sw/arch/RHEL8/EB_production/2023/software/Python/3.11.3-GCCcore-12.3.0/lib/python3.11/subprocess.py", line 571, in run
    raise CalledProcessError(retcode, process.args,
subprocess.CalledProcessError: Command '['python3', '-m', 'main', '[30]', '[75, 80]', '1000', '', '--tsp_type', 'asymmetric', '--distribution', 'uniform', '--mutation_strategy', 'wouter']' returned non-zero exit status 1.

During handling of the above exception, another exception occurred:

Traceback (most recent call last):
  File "/gpfs/home3/tsijpkens/TSPHardener/run.py", line 46, in <module>
    with Pool(processes=64) as pool:
  File "/sw/arch/RHEL8/EB_production/2023/software/Python/3.11.3-GCCcore-12.3.0/lib/python3.11/logging/__init__.py", line 1110, in emit
    msg = self.format(record)
          ^^^^^^^^^^^^^^^^^^^
  File "/sw/arch/RHEL8/EB_production/2023/software/Python/3.11.3-GCCcore-12.3.0/lib/python3.11/multiprocessing/context.py", line 119, in Pool
    return Pool(processes, initializer, initargs, maxtasksperchild,
  File "/sw/arch/RHEL8/EB_production/2023/software/Python/3.11.3-GCCcore-12.3.0/lib/python3.11/logging/__init__.py", line 953, in format
    return fmt.format(record)
           ^^^^^^^^^^^^^^^^^^
  File "/sw/arch/RHEL8/EB_production/2023/software/Python/3.11.3-GCCcore-12.3.0/lib/python3.11/multiprocessing/pool.py", line 215, in __init__
    self._repopulate_pool()
  File "/sw/arch/RHEL8/EB_production/2023/software/Python/3.11.3-GCCcore-12.3.0/lib/python3.11/logging/__init__.py", line 687, in format
    record.message = record.getMessage()
                     ^^^^^^^^^^^^^^^^^^^
  File "/sw/arch/RHEL8/EB_production/2023/software/Python/3.11.3-GCCcore-12.3.0/lib/python3.11/multiprocessing/pool.py", line 306, in _repopulate_pool
    return self._repopulate_pool_static(self._ctx, self.Process,
  File "/sw/arch/RHEL8/EB_production/2023/software/Python/3.11.3-GCCcore-12.3.0/lib/python3.11/logging/__init__.py", line 377, in getMessage
    msg = msg % self.args
          ~~~~^~~~~~~~~~~
  File "/sw/arch/RHEL8/EB_production/2023/software/Python/3.11.3-GCCcore-12.3.0/lib/python3.11/multiprocessing/pool.py", line 329, in _repopulate_pool_static
    w.start()
TypeError: not all arguments converted during string formatting
  File "/sw/arch/RHEL8/EB_production/2023/software/Python/3.11.3-GCCcore-12.3.0/lib/python3.11/multiprocessing/process.py", line 121, in start
    self._popen = self._Popen(self)
Call stack:
  File "/sw/arch/RHEL8/EB_production/2023/software/Python/3.11.3-GCCcore-12.3.0/lib/python3.11/multiprocessing/context.py", line 281, in _Popen
    return Popen(process_obj)
  File "/sw/arch/RHEL8/EB_production/2023/software/Python/3.11.3-GCCcore-12.3.0/lib/python3.11/multiprocessing/popen_fork.py", line 19, in __init__
    self._launch(process_obj)
  File "/sw/arch/RHEL8/EB_production/2023/software/Python/3.11.3-GCCcore-12.3.0/lib/python3.11/multiprocessing/popen_fork.py", line 71, in _launch
    code = process_obj._bootstrap(parent_sentinel=child_r)
  File "/sw/arch/RHEL8/EB_production/2023/software/Python/3.11.3-GCCcore-12.3.0/lib/python3.11/multiprocessing/process.py", line 314, in _bootstrap
    self.run()
  File "/sw/arch/RHEL8/EB_production/2023/software/Python/3.11.3-GCCcore-12.3.0/lib/python3.11/multiprocessing/process.py", line 108, in run
    self._target(*self._args, **self._kwargs)
  File "/sw/arch/RHEL8/EB_production/2023/software/Python/3.11.3-GCCcore-12.3.0/lib/python3.11/multiprocessing/pool.py", line 125, in worker
    result = (True, func(*args, **kwds))
  File "/sw/arch/RHEL8/EB_production/2023/software/Python/3.11.3-GCCcore-12.3.0/lib/python3.11/multiprocessing/pool.py", line 48, in mapstar
    return list(map(*args))
  File "/gpfs/home3/tsijpkens/TSPHardener/run.py", line 38, in run_experiment
    logging.error(f"Error in {cmd}:", f"{e.stderr}")
Message: "Error in ['python3', '-m', 'main', '[20]', '[5, 10, 15, 20]', '1000', '', '--tsp_type', 'asymmetric', '--distribution', 'uniform', '--mutation_strategy', 'scramble']:"
Arguments: ('Traceback (most recent call last):\n  File "<frozen runpy>", line 198, in _run_module_as_main\n  File "<frozen runpy>", line 88, in _run_code\n  File "/gpfs/home3/tsijpkens/TSPHardener/main.py", line 2, in <module>\n    from core.experiment import experiment\n  File "/gpfs/home3/tsijpkens/TSPHardener/core/experiment.py", line 6, in <module>\n    from .helpers import initialize_matrix_and_hardest, run_litals_algorithm\n  File "/gpfs/home3/tsijpkens/TSPHardener/core/helpers.py", line 5, in <module>\n    from .generate_tsp import generate_tsp\n  File "/gpfs/home3/tsijpkens/TSPHardener/core/generate_tsp.py", line 3, in <module>\n    from scipy.spatial.distance import pdist, squareform\nModuleNotFoundError: No module named \'scipy\'\n',)
  File "/gpfs/home3/tsijpkens/TSPHardener/run.py", line 46, in <module>
    with Pool(processes=64) as pool:
  File "/sw/arch/RHEL8/EB_production/2023/software/Python/3.11.3-GCCcore-12.3.0/lib/python3.11/multiprocessing/context.py", line 119, in Pool
    return Pool(processes, initializer, initargs, maxtasksperchild,
  File "/sw/arch/RHEL8/EB_production/2023/software/Python/3.11.3-GCCcore-12.3.0/lib/python3.11/multiprocessing/pool.py", line 215, in __init__
    self._repopulate_pool()
  File "/sw/arch/RHEL8/EB_production/2023/software/Python/3.11.3-GCCcore-12.3.0/lib/python3.11/multiprocessing/pool.py", line 306, in _repopulate_pool
    return self._repopulate_pool_static(self._ctx, self.Process,
  File "/sw/arch/RHEL8/EB_production/2023/software/Python/3.11.3-GCCcore-12.3.0/lib/python3.11/multiprocessing/pool.py", line 329, in _repopulate_pool_static
    w.start()
  File "/sw/arch/RHEL8/EB_production/2023/software/Python/3.11.3-GCCcore-12.3.0/lib/python3.11/multiprocessing/process.py", line 121, in start
    self._popen = self._Popen(self)
  File "/sw/arch/RHEL8/EB_production/2023/software/Python/3.11.3-GCCcore-12.3.0/lib/python3.11/multiprocessing/context.py", line 281, in _Popen
    return Popen(process_obj)
  File "/sw/arch/RHEL8/EB_production/2023/software/Python/3.11.3-GCCcore-12.3.0/lib/python3.11/multiprocessing/popen_fork.py", line 19, in __init__
    self._launch(process_obj)
  File "/sw/arch/RHEL8/EB_production/2023/software/Python/3.11.3-GCCcore-12.3.0/lib/python3.11/multiprocessing/popen_fork.py", line 71, in _launch
    code = process_obj._bootstrap(parent_sentinel=child_r)
  File "/sw/arch/RHEL8/EB_production/2023/software/Python/3.11.3-GCCcore-12.3.0/lib/python3.11/multiprocessing/process.py", line 314, in _bootstrap
    self.run()
  File "/sw/arch/RHEL8/EB_production/2023/software/Python/3.11.3-GCCcore-12.3.0/lib/python3.11/multiprocessing/process.py", line 108, in run
    self._target(*self._args, **self._kwargs)
  File "/sw/arch/RHEL8/EB_production/2023/software/Python/3.11.3-GCCcore-12.3.0/lib/python3.11/multiprocessing/pool.py", line 125, in worker
    result = (True, func(*args, **kwds))
  File "/sw/arch/RHEL8/EB_production/2023/software/Python/3.11.3-GCCcore-12.3.0/lib/python3.11/multiprocessing/pool.py", line 48, in mapstar
    return list(map(*args))
  File "/gpfs/home3/tsijpkens/TSPHardener/run.py", line 38, in run_experiment
    logging.error(f"Error in {cmd}:", f"{e.stderr}")
Message: "Error in ['python3', '-m', 'main', '[30]', '[75, 80]', '1000', '', '--tsp_type', 'asymmetric', '--distribution', 'uniform', '--mutation_strategy', 'wouter']:"
Arguments: ('Traceback (most recent call last):\n  File "<frozen runpy>", line 198, in _run_module_as_main\n  File "<frozen runpy>", line 88, in _run_code\n  File "/gpfs/home3/tsijpkens/TSPHardener/main.py", line 2, in <module>\n    from core.experiment import experiment\n  File "/gpfs/home3/tsijpkens/TSPHardener/core/experiment.py", line 6, in <module>\n    from .helpers import initialize_matrix_and_hardest, run_litals_algorithm\n  File "/gpfs/home3/tsijpkens/TSPHardener/core/helpers.py", line 5, in <module>\n    from .generate_tsp import generate_tsp\n  File "/gpfs/home3/tsijpkens/TSPHardener/core/generate_tsp.py", line 3, in <module>\n    from scipy.spatial.distance import pdist, squareform\nModuleNotFoundError: No module named \'scipy\'\n',)
--- Logging error ---
Traceback (most recent call last):
  File "/gpfs/home3/tsijpkens/TSPHardener/run.py", line 33, in run_experiment
    result = subprocess.run(cmd, check=True, text=True, capture_output=True)
             ^^^^^^^^^^^^^^^^^^^^^^^^^^^^^^^^^^^^^^^^^^^^^^^^^^^^^^^^^^^^^^^
  File "/sw/arch/RHEL8/EB_production/2023/software/Python/3.11.3-GCCcore-12.3.0/lib/python3.11/subprocess.py", line 571, in run
    raise CalledProcessError(retcode, process.args,
subprocess.CalledProcessError: Command '['python3', '-m', 'main', '[20]', '[45, 50, 55, 60]', '1000', '', '--tsp_type', 'asymmetric', '--distribution', 'uniform', '--mutation_strategy', 'scramble']' returned non-zero exit status 1.

During handling of the above exception, another exception occurred:

Traceback (most recent call last):
  File "/sw/arch/RHEL8/EB_production/2023/software/Python/3.11.3-GCCcore-12.3.0/lib/python3.11/logging/__init__.py", line 1110, in emit
    msg = self.format(record)
          ^^^^^^^^^^^^^^^^^^^
  File "/sw/arch/RHEL8/EB_production/2023/software/Python/3.11.3-GCCcore-12.3.0/lib/python3.11/logging/__init__.py", line 953, in format
    return fmt.format(record)
           ^^^^^^^^^^^^^^^^^^
  File "/sw/arch/RHEL8/EB_production/2023/software/Python/3.11.3-GCCcore-12.3.0/lib/python3.11/logging/__init__.py", line 687, in format
    record.message = record.getMessage()
                     ^^^^^^^^^^^^^^^^^^^
  File "/sw/arch/RHEL8/EB_production/2023/software/Python/3.11.3-GCCcore-12.3.0/lib/python3.11/logging/__init__.py", line 377, in getMessage
    msg = msg % self.args
          ~~~~^~~~~~~~~~~
TypeError: not all arguments converted during string formatting
Call stack:
--- Logging error ---
  File "/gpfs/home3/tsijpkens/TSPHardener/run.py", line 46, in <module>
    with Pool(processes=64) as pool:
  File "/sw/arch/RHEL8/EB_production/2023/software/Python/3.11.3-GCCcore-12.3.0/lib/python3.11/multiprocessing/context.py", line 119, in Pool
    return Pool(processes, initializer, initargs, maxtasksperchild,
  File "/sw/arch/RHEL8/EB_production/2023/software/Python/3.11.3-GCCcore-12.3.0/lib/python3.11/multiprocessing/pool.py", line 215, in __init__
    self._repopulate_pool()
  File "/sw/arch/RHEL8/EB_production/2023/software/Python/3.11.3-GCCcore-12.3.0/lib/python3.11/multiprocessing/pool.py", line 306, in _repopulate_pool
    return self._repopulate_pool_static(self._ctx, self.Process,
  File "/sw/arch/RHEL8/EB_production/2023/software/Python/3.11.3-GCCcore-12.3.0/lib/python3.11/multiprocessing/pool.py", line 329, in _repopulate_pool_static
    w.start()
  File "/sw/arch/RHEL8/EB_production/2023/software/Python/3.11.3-GCCcore-12.3.0/lib/python3.11/multiprocessing/process.py", line 121, in start
    self._popen = self._Popen(self)
  File "/sw/arch/RHEL8/EB_production/2023/software/Python/3.11.3-GCCcore-12.3.0/lib/python3.11/multiprocessing/context.py", line 281, in _Popen
    return Popen(process_obj)
  File "/sw/arch/RHEL8/EB_production/2023/software/Python/3.11.3-GCCcore-12.3.0/lib/python3.11/multiprocessing/popen_fork.py", line 19, in __init__
    self._launch(process_obj)
  File "/sw/arch/RHEL8/EB_production/2023/software/Python/3.11.3-GCCcore-12.3.0/lib/python3.11/multiprocessing/popen_fork.py", line 71, in _launch
    code = process_obj._bootstrap(parent_sentinel=child_r)
  File "/sw/arch/RHEL8/EB_production/2023/software/Python/3.11.3-GCCcore-12.3.0/lib/python3.11/multiprocessing/process.py", line 314, in _bootstrap
    self.run()
  File "/sw/arch/RHEL8/EB_production/2023/software/Python/3.11.3-GCCcore-12.3.0/lib/python3.11/multiprocessing/process.py", line 108, in run
    self._target(*self._args, **self._kwargs)
  File "/sw/arch/RHEL8/EB_production/2023/software/Python/3.11.3-GCCcore-12.3.0/lib/python3.11/multiprocessing/pool.py", line 125, in worker
    result = (True, func(*args, **kwds))
  File "/sw/arch/RHEL8/EB_production/2023/software/Python/3.11.3-GCCcore-12.3.0/lib/python3.11/multiprocessing/pool.py", line 48, in mapstar
    return list(map(*args))
  File "/gpfs/home3/tsijpkens/TSPHardener/run.py", line 38, in run_experiment
    logging.error(f"Error in {cmd}:", f"{e.stderr}")
Message: "Error in ['python3', '-m', 'main', '[20]', '[45, 50, 55, 60]', '1000', '', '--tsp_type', 'asymmetric', '--distribution', 'uniform', '--mutation_strategy', 'scramble']:"
Arguments: ('Traceback (most recent call last):\n  File "<frozen runpy>", line 198, in _run_module_as_main\n  File "<frozen runpy>", line 88, in _run_code\n  File "/gpfs/home3/tsijpkens/TSPHardener/main.py", line 2, in <module>\n    from core.experiment import experiment\n  File "/gpfs/home3/tsijpkens/TSPHardener/core/experiment.py", line 6, in <module>\n    from .helpers import initialize_matrix_and_hardest, run_litals_algorithm\n  File "/gpfs/home3/tsijpkens/TSPHardener/core/helpers.py", line 5, in <module>\n    from .generate_tsp import generate_tsp\n  File "/gpfs/home3/tsijpkens/TSPHardener/core/generate_tsp.py", line 3, in <module>\n    from scipy.spatial.distance import pdist, squareform\nModuleNotFoundError: No module named \'scipy\'\n',)
Traceback (most recent call last):
  File "/gpfs/home3/tsijpkens/TSPHardener/run.py", line 33, in run_experiment
    result = subprocess.run(cmd, check=True, text=True, capture_output=True)
             ^^^^^^^^^^^^^^^^^^^^^^^^^^^^^^^^^^^^^^^^^^^^^^^^^^^^^^^^^^^^^^^
  File "/sw/arch/RHEL8/EB_production/2023/software/Python/3.11.3-GCCcore-12.3.0/lib/python3.11/subprocess.py", line 571, in run
    raise CalledProcessError(retcode, process.args,
subprocess.CalledProcessError: Command '['python3', '-m', 'main', '[20]', '[65, 70, 75, 80]', '1000', '', '--tsp_type', 'asymmetric', '--distribution', 'uniform', '--mutation_strategy', 'swap']' returned non-zero exit status 1.

During handling of the above exception, another exception occurred:

Traceback (most recent call last):
  File "/sw/arch/RHEL8/EB_production/2023/software/Python/3.11.3-GCCcore-12.3.0/lib/python3.11/logging/__init__.py", line 1110, in emit
    msg = self.format(record)
          ^^^^^^^^^^^^^^^^^^^
  File "/sw/arch/RHEL8/EB_production/2023/software/Python/3.11.3-GCCcore-12.3.0/lib/python3.11/logging/__init__.py", line 953, in format
    return fmt.format(record)
           ^^^^^^^^^^^^^^^^^^
  File "/sw/arch/RHEL8/EB_production/2023/software/Python/3.11.3-GCCcore-12.3.0/lib/python3.11/logging/__init__.py", line 687, in format
    record.message = record.getMessage()
                     ^^^^^^^^^^^^^^^^^^^
  File "/sw/arch/RHEL8/EB_production/2023/software/Python/3.11.3-GCCcore-12.3.0/lib/python3.11/logging/__init__.py", line 377, in getMessage
    msg = msg % self.args
          ~~~~^~~~~~~~~~~
TypeError: not all arguments converted during string formatting
Call stack:
  File "/gpfs/home3/tsijpkens/TSPHardener/run.py", line 46, in <module>
    with Pool(processes=64) as pool:
  File "/sw/arch/RHEL8/EB_production/2023/software/Python/3.11.3-GCCcore-12.3.0/lib/python3.11/multiprocessing/context.py", line 119, in Pool
    return Pool(processes, initializer, initargs, maxtasksperchild,
  File "/sw/arch/RHEL8/EB_production/2023/software/Python/3.11.3-GCCcore-12.3.0/lib/python3.11/multiprocessing/pool.py", line 215, in __init__
    self._repopulate_pool()
  File "/sw/arch/RHEL8/EB_production/2023/software/Python/3.11.3-GCCcore-12.3.0/lib/python3.11/multiprocessing/pool.py", line 306, in _repopulate_pool
    return self._repopulate_pool_static(self._ctx, self.Process,
  File "/sw/arch/RHEL8/EB_production/2023/software/Python/3.11.3-GCCcore-12.3.0/lib/python3.11/multiprocessing/pool.py", line 329, in _repopulate_pool_static
    w.start()
  File "/sw/arch/RHEL8/EB_production/2023/software/Python/3.11.3-GCCcore-12.3.0/lib/python3.11/multiprocessing/process.py", line 121, in start
    self._popen = self._Popen(self)
  File "/sw/arch/RHEL8/EB_production/2023/software/Python/3.11.3-GCCcore-12.3.0/lib/python3.11/multiprocessing/context.py", line 281, in _Popen
    return Popen(process_obj)
  File "/sw/arch/RHEL8/EB_production/2023/software/Python/3.11.3-GCCcore-12.3.0/lib/python3.11/multiprocessing/popen_fork.py", line 19, in __init__
    self._launch(process_obj)
  File "/sw/arch/RHEL8/EB_production/2023/software/Python/3.11.3-GCCcore-12.3.0/lib/python3.11/multiprocessing/popen_fork.py", line 71, in _launch
    code = process_obj._bootstrap(parent_sentinel=child_r)
  File "/sw/arch/RHEL8/EB_production/2023/software/Python/3.11.3-GCCcore-12.3.0/lib/python3.11/multiprocessing/process.py", line 314, in _bootstrap
    self.run()
  File "/sw/arch/RHEL8/EB_production/2023/software/Python/3.11.3-GCCcore-12.3.0/lib/python3.11/multiprocessing/process.py", line 108, in run
    self._target(*self._args, **self._kwargs)
  File "/sw/arch/RHEL8/EB_production/2023/software/Python/3.11.3-GCCcore-12.3.0/lib/python3.11/multiprocessing/pool.py", line 125, in worker
    result = (True, func(*args, **kwds))
  File "/sw/arch/RHEL8/EB_production/2023/software/Python/3.11.3-GCCcore-12.3.0/lib/python3.11/multiprocessing/pool.py", line 48, in mapstar
    return list(map(*args))
  File "/gpfs/home3/tsijpkens/TSPHardener/run.py", line 38, in run_experiment
    logging.error(f"Error in {cmd}:", f"{e.stderr}")
Message: "Error in ['python3', '-m', 'main', '[20]', '[65, 70, 75, 80]', '1000', '', '--tsp_type', 'asymmetric', '--distribution', 'uniform', '--mutation_strategy', 'swap']:"
Arguments: ('Traceback (most recent call last):\n  File "<frozen runpy>", line 198, in _run_module_as_main\n  File "<frozen runpy>", line 88, in _run_code\n  File "/gpfs/home3/tsijpkens/TSPHardener/main.py", line 2, in <module>\n    from core.experiment import experiment\n  File "/gpfs/home3/tsijpkens/TSPHardener/core/experiment.py", line 6, in <module>\n    from .helpers import initialize_matrix_and_hardest, run_litals_algorithm\n  File "/gpfs/home3/tsijpkens/TSPHardener/core/helpers.py", line 5, in <module>\n    from .generate_tsp import generate_tsp\n  File "/gpfs/home3/tsijpkens/TSPHardener/core/generate_tsp.py", line 3, in <module>\n    from scipy.spatial.distance import pdist, squareform\nModuleNotFoundError: No module named \'scipy\'\n',)
--- Logging error ---
Traceback (most recent call last):
  File "/gpfs/home3/tsijpkens/TSPHardener/run.py", line 33, in run_experiment
    result = subprocess.run(cmd, check=True, text=True, capture_output=True)
             ^^^^^^^^^^^^^^^^^^^^^^^^^^^^^^^^^^^^^^^^^^^^^^^^^^^^^^^^^^^^^^^
  File "/sw/arch/RHEL8/EB_production/2023/software/Python/3.11.3-GCCcore-12.3.0/lib/python3.11/subprocess.py", line 571, in run
    raise CalledProcessError(retcode, process.args,
subprocess.CalledProcessError: Command '['python3', '-m', 'main', '[20]', '[65, 70, 75, 80]', '1000', '', '--tsp_type', 'euclidean', '--distribution', 'uniform', '--mutation_strategy', 'wouter']' returned non-zero exit status 1.

During handling of the above exception, another exception occurred:

Traceback (most recent call last):
  File "/sw/arch/RHEL8/EB_production/2023/software/Python/3.11.3-GCCcore-12.3.0/lib/python3.11/logging/__init__.py", line 1110, in emit
    msg = self.format(record)
          ^^^^^^^^^^^^^^^^^^^
  File "/sw/arch/RHEL8/EB_production/2023/software/Python/3.11.3-GCCcore-12.3.0/lib/python3.11/logging/__init__.py", line 953, in format
    return fmt.format(record)
           ^^^^^^^^^^^^^^^^^^
  File "/sw/arch/RHEL8/EB_production/2023/software/Python/3.11.3-GCCcore-12.3.0/lib/python3.11/logging/__init__.py", line 687, in format
    record.message = record.getMessage()
                     ^^^^^^^^^^^^^^^^^^^
  File "/sw/arch/RHEL8/EB_production/2023/software/Python/3.11.3-GCCcore-12.3.0/lib/python3.11/logging/__init__.py", line 377, in getMessage
    msg = msg % self.args
          ~~~~^~~~~~~~~~~
TypeError: not all arguments converted during string formatting
Call stack:
  File "/gpfs/home3/tsijpkens/TSPHardener/run.py", line 46, in <module>
    with Pool(processes=64) as pool:
  File "/sw/arch/RHEL8/EB_production/2023/software/Python/3.11.3-GCCcore-12.3.0/lib/python3.11/multiprocessing/context.py", line 119, in Pool
    return Pool(processes, initializer, initargs, maxtasksperchild,
  File "/sw/arch/RHEL8/EB_production/2023/software/Python/3.11.3-GCCcore-12.3.0/lib/python3.11/multiprocessing/pool.py", line 215, in __init__
    self._repopulate_pool()
  File "/sw/arch/RHEL8/EB_production/2023/software/Python/3.11.3-GCCcore-12.3.0/lib/python3.11/multiprocessing/pool.py", line 306, in _repopulate_pool
    return self._repopulate_pool_static(self._ctx, self.Process,
  File "/sw/arch/RHEL8/EB_production/2023/software/Python/3.11.3-GCCcore-12.3.0/lib/python3.11/multiprocessing/pool.py", line 329, in _repopulate_pool_static
    w.start()
  File "/sw/arch/RHEL8/EB_production/2023/software/Python/3.11.3-GCCcore-12.3.0/lib/python3.11/multiprocessing/process.py", line 121, in start
    self._popen = self._Popen(self)
  File "/sw/arch/RHEL8/EB_production/2023/software/Python/3.11.3-GCCcore-12.3.0/lib/python3.11/multiprocessing/context.py", line 281, in _Popen
    return Popen(process_obj)
  File "/sw/arch/RHEL8/EB_production/2023/software/Python/3.11.3-GCCcore-12.3.0/lib/python3.11/multiprocessing/popen_fork.py", line 19, in __init__
    self._launch(process_obj)
  File "/sw/arch/RHEL8/EB_production/2023/software/Python/3.11.3-GCCcore-12.3.0/lib/python3.11/multiprocessing/popen_fork.py", line 71, in _launch
    code = process_obj._bootstrap(parent_sentinel=child_r)
  File "/sw/arch/RHEL8/EB_production/2023/software/Python/3.11.3-GCCcore-12.3.0/lib/python3.11/multiprocessing/process.py", line 314, in _bootstrap
    self.run()
  File "/sw/arch/RHEL8/EB_production/2023/software/Python/3.11.3-GCCcore-12.3.0/lib/python3.11/multiprocessing/process.py", line 108, in run
    self._target(*self._args, **self._kwargs)
  File "/sw/arch/RHEL8/EB_production/2023/software/Python/3.11.3-GCCcore-12.3.0/lib/python3.11/multiprocessing/pool.py", line 125, in worker
    result = (True, func(*args, **kwds))
  File "/sw/arch/RHEL8/EB_production/2023/software/Python/3.11.3-GCCcore-12.3.0/lib/python3.11/multiprocessing/pool.py", line 48, in mapstar
    return list(map(*args))
  File "/gpfs/home3/tsijpkens/TSPHardener/run.py", line 38, in run_experiment
    logging.error(f"Error in {cmd}:", f"{e.stderr}")
Message: "Error in ['python3', '-m', 'main', '[20]', '[65, 70, 75, 80]', '1000', '', '--tsp_type', 'euclidean', '--distribution', 'uniform', '--mutation_strategy', 'wouter']:"
Arguments: ('Traceback (most recent call last):\n  File "<frozen runpy>", line 198, in _run_module_as_main\n  File "<frozen runpy>", line 88, in _run_code\n  File "/gpfs/home3/tsijpkens/TSPHardener/main.py", line 2, in <module>\n    from core.experiment import experiment\n  File "/gpfs/home3/tsijpkens/TSPHardener/core/experiment.py", line 6, in <module>\n    from .helpers import initialize_matrix_and_hardest, run_litals_algorithm\n  File "/gpfs/home3/tsijpkens/TSPHardener/core/helpers.py", line 5, in <module>\n    from .generate_tsp import generate_tsp\n  File "/gpfs/home3/tsijpkens/TSPHardener/core/generate_tsp.py", line 3, in <module>\n    from scipy.spatial.distance import pdist, squareform\nModuleNotFoundError: No module named \'scipy\'\n',)
--- Logging error ---
Traceback (most recent call last):
  File "/gpfs/home3/tsijpkens/TSPHardener/run.py", line 33, in run_experiment
    result = subprocess.run(cmd, check=True, text=True, capture_output=True)
             ^^^^^^^^^^^^^^^^^^^^^^^^^^^^^^^^^^^^^^^^^^^^^^^^^^^^^^^^^^^^^^^
  File "/sw/arch/RHEL8/EB_production/2023/software/Python/3.11.3-GCCcore-12.3.0/lib/python3.11/subprocess.py", line 571, in run
    raise CalledProcessError(retcode, process.args,
subprocess.CalledProcessError: Command '['python3', '-m', 'main', '[20]', '[45, 50, 55, 60]', '1000', '', '--tsp_type', 'euclidean', '--distribution', 'uniform', '--mutation_strategy', 'wouter']' returned non-zero exit status 1.

During handling of the above exception, another exception occurred:

Traceback (most recent call last):
  File "/sw/arch/RHEL8/EB_production/2023/software/Python/3.11.3-GCCcore-12.3.0/lib/python3.11/logging/__init__.py", line 1110, in emit
    msg = self.format(record)
          ^^^^^^^^^^^^^^^^^^^
  File "/sw/arch/RHEL8/EB_production/2023/software/Python/3.11.3-GCCcore-12.3.0/lib/python3.11/logging/__init__.py", line 953, in format
    return fmt.format(record)
           ^^^^^^^^^^^^^^^^^^
  File "/sw/arch/RHEL8/EB_production/2023/software/Python/3.11.3-GCCcore-12.3.0/lib/python3.11/logging/__init__.py", line 687, in format
    record.message = record.getMessage()
                     ^^^^^^^^^^^^^^^^^^^
  File "/sw/arch/RHEL8/EB_production/2023/software/Python/3.11.3-GCCcore-12.3.0/lib/python3.11/logging/__init__.py", line 377, in getMessage
    msg = msg % self.args
          ~~~~^~~~~~~~~~~
TypeError: not all arguments converted during string formatting
Call stack:
  File "/gpfs/home3/tsijpkens/TSPHardener/run.py", line 46, in <module>
    with Pool(processes=64) as pool:
  File "/sw/arch/RHEL8/EB_production/2023/software/Python/3.11.3-GCCcore-12.3.0/lib/python3.11/multiprocessing/context.py", line 119, in Pool
    return Pool(processes, initializer, initargs, maxtasksperchild,
  File "/sw/arch/RHEL8/EB_production/2023/software/Python/3.11.3-GCCcore-12.3.0/lib/python3.11/multiprocessing/pool.py", line 215, in __init__
    self._repopulate_pool()
  File "/sw/arch/RHEL8/EB_production/2023/software/Python/3.11.3-GCCcore-12.3.0/lib/python3.11/multiprocessing/pool.py", line 306, in _repopulate_pool
    return self._repopulate_pool_static(self._ctx, self.Process,
  File "/sw/arch/RHEL8/EB_production/2023/software/Python/3.11.3-GCCcore-12.3.0/lib/python3.11/multiprocessing/pool.py", line 329, in _repopulate_pool_static
    w.start()
  File "/sw/arch/RHEL8/EB_production/2023/software/Python/3.11.3-GCCcore-12.3.0/lib/python3.11/multiprocessing/process.py", line 121, in start
    self._popen = self._Popen(self)
  File "/sw/arch/RHEL8/EB_production/2023/software/Python/3.11.3-GCCcore-12.3.0/lib/python3.11/multiprocessing/context.py", line 281, in _Popen
    return Popen(process_obj)
  File "/sw/arch/RHEL8/EB_production/2023/software/Python/3.11.3-GCCcore-12.3.0/lib/python3.11/multiprocessing/popen_fork.py", line 19, in __init__
    self._launch(process_obj)
  File "/sw/arch/RHEL8/EB_production/2023/software/Python/3.11.3-GCCcore-12.3.0/lib/python3.11/multiprocessing/popen_fork.py", line 71, in _launch
    code = process_obj._bootstrap(parent_sentinel=child_r)
  File "/sw/arch/RHEL8/EB_production/2023/software/Python/3.11.3-GCCcore-12.3.0/lib/python3.11/multiprocessing/process.py", line 314, in _bootstrap
    self.run()
  File "/sw/arch/RHEL8/EB_production/2023/software/Python/3.11.3-GCCcore-12.3.0/lib/python3.11/multiprocessing/process.py", line 108, in run
    self._target(*self._args, **self._kwargs)
  File "/sw/arch/RHEL8/EB_production/2023/software/Python/3.11.3-GCCcore-12.3.0/lib/python3.11/multiprocessing/pool.py", line 125, in worker
    result = (True, func(*args, **kwds))
  File "/sw/arch/RHEL8/EB_production/2023/software/Python/3.11.3-GCCcore-12.3.0/lib/python3.11/multiprocessing/pool.py", line 48, in mapstar
    return list(map(*args))
  File "/gpfs/home3/tsijpkens/TSPHardener/run.py", line 38, in run_experiment
    logging.error(f"Error in {cmd}:", f"{e.stderr}")
Message: "Error in ['python3', '-m', 'main', '[20]', '[45, 50, 55, 60]', '1000', '', '--tsp_type', 'euclidean', '--distribution', 'uniform', '--mutation_strategy', 'wouter']:"
Arguments: ('Traceback (most recent call last):\n  File "<frozen runpy>", line 198, in _run_module_as_main\n  File "<frozen runpy>", line 88, in _run_code\n  File "/gpfs/home3/tsijpkens/TSPHardener/main.py", line 2, in <module>\n    from core.experiment import experiment\n  File "/gpfs/home3/tsijpkens/TSPHardener/core/experiment.py", line 6, in <module>\n    from .helpers import initialize_matrix_and_hardest, run_litals_algorithm\n  File "/gpfs/home3/tsijpkens/TSPHardener/core/helpers.py", line 5, in <module>\n    from .generate_tsp import generate_tsp\n  File "/gpfs/home3/tsijpkens/TSPHardener/core/generate_tsp.py", line 3, in <module>\n    from scipy.spatial.distance import pdist, squareform\nModuleNotFoundError: No module named \'scipy\'\n',)
--- Logging error ---
Traceback (most recent call last):
  File "/gpfs/home3/tsijpkens/TSPHardener/run.py", line 33, in run_experiment
    result = subprocess.run(cmd, check=True, text=True, capture_output=True)
             ^^^^^^^^^^^^^^^^^^^^^^^^^^^^^^^^^^^^^^^^^^^^^^^^^^^^^^^^^^^^^^^
  File "/sw/arch/RHEL8/EB_production/2023/software/Python/3.11.3-GCCcore-12.3.0/lib/python3.11/subprocess.py", line 571, in run
    raise CalledProcessError(retcode, process.args,
subprocess.CalledProcessError: Command '['python3', '-m', 'main', '[20]', '[85, 90, 95, 100]', '1000', '', '--tsp_type', 'asymmetric', '--distribution', 'uniform', '--mutation_strategy', 'scramble']' returned non-zero exit status 1.

During handling of the above exception, another exception occurred:

Traceback (most recent call last):
  File "/sw/arch/RHEL8/EB_production/2023/software/Python/3.11.3-GCCcore-12.3.0/lib/python3.11/logging/__init__.py", line 1110, in emit
    msg = self.format(record)
          ^^^^^^^^^^^^^^^^^^^
  File "/sw/arch/RHEL8/EB_production/2023/software/Python/3.11.3-GCCcore-12.3.0/lib/python3.11/logging/__init__.py", line 953, in format
    return fmt.format(record)
           ^^^^^^^^^^^^^^^^^^
  File "/sw/arch/RHEL8/EB_production/2023/software/Python/3.11.3-GCCcore-12.3.0/lib/python3.11/logging/__init__.py", line 687, in format
    record.message = record.getMessage()
                     ^^^^^^^^^^^^^^^^^^^
  File "/sw/arch/RHEL8/EB_production/2023/software/Python/3.11.3-GCCcore-12.3.0/lib/python3.11/logging/__init__.py", line 377, in getMessage
    msg = msg % self.args
          ~~~~^~~~~~~~~~~
TypeError: not all arguments converted during string formatting
Call stack:
  File "/gpfs/home3/tsijpkens/TSPHardener/run.py", line 46, in <module>
    with Pool(processes=64) as pool:
  File "/sw/arch/RHEL8/EB_production/2023/software/Python/3.11.3-GCCcore-12.3.0/lib/python3.11/multiprocessing/context.py", line 119, in Pool
    return Pool(processes, initializer, initargs, maxtasksperchild,
  File "/sw/arch/RHEL8/EB_production/2023/software/Python/3.11.3-GCCcore-12.3.0/lib/python3.11/multiprocessing/pool.py", line 215, in __init__
    self._repopulate_pool()
  File "/sw/arch/RHEL8/EB_production/2023/software/Python/3.11.3-GCCcore-12.3.0/lib/python3.11/multiprocessing/pool.py", line 306, in _repopulate_pool
    return self._repopulate_pool_static(self._ctx, self.Process,
  File "/sw/arch/RHEL8/EB_production/2023/software/Python/3.11.3-GCCcore-12.3.0/lib/python3.11/multiprocessing/pool.py", line 329, in _repopulate_pool_static
    w.start()
  File "/sw/arch/RHEL8/EB_production/2023/software/Python/3.11.3-GCCcore-12.3.0/lib/python3.11/multiprocessing/process.py", line 121, in start
    self._popen = self._Popen(self)
  File "/sw/arch/RHEL8/EB_production/2023/software/Python/3.11.3-GCCcore-12.3.0/lib/python3.11/multiprocessing/context.py", line 281, in _Popen
    return Popen(process_obj)
  File "/sw/arch/RHEL8/EB_production/2023/software/Python/3.11.3-GCCcore-12.3.0/lib/python3.11/multiprocessing/popen_fork.py", line 19, in __init__
    self._launch(process_obj)
  File "/sw/arch/RHEL8/EB_production/2023/software/Python/3.11.3-GCCcore-12.3.0/lib/python3.11/multiprocessing/popen_fork.py", line 71, in _launch
    code = process_obj._bootstrap(parent_sentinel=child_r)
  File "/sw/arch/RHEL8/EB_production/2023/software/Python/3.11.3-GCCcore-12.3.0/lib/python3.11/multiprocessing/process.py", line 314, in _bootstrap
    self.run()
  File "/sw/arch/RHEL8/EB_production/2023/software/Python/3.11.3-GCCcore-12.3.0/lib/python3.11/multiprocessing/process.py", line 108, in run
    self._target(*self._args, **self._kwargs)
  File "/sw/arch/RHEL8/EB_production/2023/software/Python/3.11.3-GCCcore-12.3.0/lib/python3.11/multiprocessing/pool.py", line 125, in worker
    result = (True, func(*args, **kwds))
  File "/sw/arch/RHEL8/EB_production/2023/software/Python/3.11.3-GCCcore-12.3.0/lib/python3.11/multiprocessing/pool.py", line 48, in mapstar
    return list(map(*args))
  File "/gpfs/home3/tsijpkens/TSPHardener/run.py", line 38, in run_experiment
    logging.error(f"Error in {cmd}:", f"{e.stderr}")
Message: "Error in ['python3', '-m', 'main', '[20]', '[85, 90, 95, 100]', '1000', '', '--tsp_type', 'asymmetric', '--distribution', 'uniform', '--mutation_strategy', 'scramble']:"
Arguments: ('Traceback (most recent call last):\n  File "<frozen runpy>", line 198, in _run_module_as_main\n  File "<frozen runpy>", line 88, in _run_code\n  File "/gpfs/home3/tsijpkens/TSPHardener/main.py", line 2, in <module>\n    from core.experiment import experiment\n  File "/gpfs/home3/tsijpkens/TSPHardener/core/experiment.py", line 6, in <module>\n    from .helpers import initialize_matrix_and_hardest, run_litals_algorithm\n  File "/gpfs/home3/tsijpkens/TSPHardener/core/helpers.py", line 5, in <module>\n    from .generate_tsp import generate_tsp\n  File "/gpfs/home3/tsijpkens/TSPHardener/core/generate_tsp.py", line 3, in <module>\n    from scipy.spatial.distance import pdist, squareform\nModuleNotFoundError: No module named \'scipy\'\n',)
--- Logging error ---
Traceback (most recent call last):
  File "/gpfs/home3/tsijpkens/TSPHardener/run.py", line 33, in run_experiment
    result = subprocess.run(cmd, check=True, text=True, capture_output=True)
             ^^^^^^^^^^^^^^^^^^^^^^^^^^^^^^^^^^^^^^^^^^^^^^^^^^^^^^^^^^^^^^^
  File "/sw/arch/RHEL8/EB_production/2023/software/Python/3.11.3-GCCcore-12.3.0/lib/python3.11/subprocess.py", line 571, in run
    raise CalledProcessError(retcode, process.args,
subprocess.CalledProcessError: Command '['python3', '-m', 'main', '[30]', '[45, 50]', '1000', '', '--tsp_type', 'asymmetric', '--distribution', 'uniform', '--mutation_strategy', 'wouter']' returned non-zero exit status 1.

During handling of the above exception, another exception occurred:

Traceback (most recent call last):
  File "/sw/arch/RHEL8/EB_production/2023/software/Python/3.11.3-GCCcore-12.3.0/lib/python3.11/logging/__init__.py", line 1110, in emit
    msg = self.format(record)
          ^^^^^^^^^^^^^^^^^^^
  File "/sw/arch/RHEL8/EB_production/2023/software/Python/3.11.3-GCCcore-12.3.0/lib/python3.11/logging/__init__.py", line 953, in format
    return fmt.format(record)
           ^^^^^^^^^^^^^^^^^^
  File "/sw/arch/RHEL8/EB_production/2023/software/Python/3.11.3-GCCcore-12.3.0/lib/python3.11/logging/__init__.py", line 687, in format
    record.message = record.getMessage()
                     ^^^^^^^^^^^^^^^^^^^
  File "/sw/arch/RHEL8/EB_production/2023/software/Python/3.11.3-GCCcore-12.3.0/lib/python3.11/logging/__init__.py", line 377, in getMessage
    msg = msg % self.args
          ~~~~^~~~~~~~~~~
TypeError: not all arguments converted during string formatting
Call stack:
--- Logging error ---
  File "/gpfs/home3/tsijpkens/TSPHardener/run.py", line 46, in <module>
    with Pool(processes=64) as pool:
  File "/sw/arch/RHEL8/EB_production/2023/software/Python/3.11.3-GCCcore-12.3.0/lib/python3.11/multiprocessing/context.py", line 119, in Pool
    return Pool(processes, initializer, initargs, maxtasksperchild,
  File "/sw/arch/RHEL8/EB_production/2023/software/Python/3.11.3-GCCcore-12.3.0/lib/python3.11/multiprocessing/pool.py", line 215, in __init__
    self._repopulate_pool()
  File "/sw/arch/RHEL8/EB_production/2023/software/Python/3.11.3-GCCcore-12.3.0/lib/python3.11/multiprocessing/pool.py", line 306, in _repopulate_pool
    return self._repopulate_pool_static(self._ctx, self.Process,
  File "/sw/arch/RHEL8/EB_production/2023/software/Python/3.11.3-GCCcore-12.3.0/lib/python3.11/multiprocessing/pool.py", line 329, in _repopulate_pool_static
    w.start()
  File "/sw/arch/RHEL8/EB_production/2023/software/Python/3.11.3-GCCcore-12.3.0/lib/python3.11/multiprocessing/process.py", line 121, in start
    self._popen = self._Popen(self)
  File "/sw/arch/RHEL8/EB_production/2023/software/Python/3.11.3-GCCcore-12.3.0/lib/python3.11/multiprocessing/context.py", line 281, in _Popen
    return Popen(process_obj)
  File "/sw/arch/RHEL8/EB_production/2023/software/Python/3.11.3-GCCcore-12.3.0/lib/python3.11/multiprocessing/popen_fork.py", line 19, in __init__
    self._launch(process_obj)
  File "/sw/arch/RHEL8/EB_production/2023/software/Python/3.11.3-GCCcore-12.3.0/lib/python3.11/multiprocessing/popen_fork.py", line 71, in _launch
    code = process_obj._bootstrap(parent_sentinel=child_r)
  File "/sw/arch/RHEL8/EB_production/2023/software/Python/3.11.3-GCCcore-12.3.0/lib/python3.11/multiprocessing/process.py", line 314, in _bootstrap
    self.run()
  File "/sw/arch/RHEL8/EB_production/2023/software/Python/3.11.3-GCCcore-12.3.0/lib/python3.11/multiprocessing/process.py", line 108, in run
    self._target(*self._args, **self._kwargs)
  File "/sw/arch/RHEL8/EB_production/2023/software/Python/3.11.3-GCCcore-12.3.0/lib/python3.11/multiprocessing/pool.py", line 125, in worker
    result = (True, func(*args, **kwds))
  File "/sw/arch/RHEL8/EB_production/2023/software/Python/3.11.3-GCCcore-12.3.0/lib/python3.11/multiprocessing/pool.py", line 48, in mapstar
    return list(map(*args))
  File "/gpfs/home3/tsijpkens/TSPHardener/run.py", line 38, in run_experiment
    logging.error(f"Error in {cmd}:", f"{e.stderr}")
Message: "Error in ['python3', '-m', 'main', '[30]', '[45, 50]', '1000', '', '--tsp_type', 'asymmetric', '--distribution', 'uniform', '--mutation_strategy', 'wouter']:"
Arguments: ('Traceback (most recent call last):\n  File "<frozen runpy>", line 198, in _run_module_as_main\n  File "<frozen runpy>", line 88, in _run_code\n  File "/gpfs/home3/tsijpkens/TSPHardener/main.py", line 2, in <module>\n    from core.experiment import experiment\n  File "/gpfs/home3/tsijpkens/TSPHardener/core/experiment.py", line 6, in <module>\n    from .helpers import initialize_matrix_and_hardest, run_litals_algorithm\n  File "/gpfs/home3/tsijpkens/TSPHardener/core/helpers.py", line 5, in <module>\n    from .generate_tsp import generate_tsp\n  File "/gpfs/home3/tsijpkens/TSPHardener/core/generate_tsp.py", line 3, in <module>\n    from scipy.spatial.distance import pdist, squareform\nModuleNotFoundError: No module named \'scipy\'\n',)
Traceback (most recent call last):
  File "/gpfs/home3/tsijpkens/TSPHardener/run.py", line 33, in run_experiment
    result = subprocess.run(cmd, check=True, text=True, capture_output=True)
             ^^^^^^^^^^^^^^^^^^^^^^^^^^^^^^^^^^^^^^^^^^^^^^^^^^^^^^^^^^^^^^^
  File "/sw/arch/RHEL8/EB_production/2023/software/Python/3.11.3-GCCcore-12.3.0/lib/python3.11/subprocess.py", line 571, in run
    raise CalledProcessError(retcode, process.args,
subprocess.CalledProcessError: Command '['python3', '-m', 'main', '[20]', '[65, 70, 75, 80]', '1000', '', '--tsp_type', 'euclidean', '--distribution', 'uniform', '--mutation_strategy', 'scramble']' returned non-zero exit status 1.

During handling of the above exception, another exception occurred:

Traceback (most recent call last):
  File "/sw/arch/RHEL8/EB_production/2023/software/Python/3.11.3-GCCcore-12.3.0/lib/python3.11/logging/__init__.py", line 1110, in emit
    msg = self.format(record)
          ^^^^^^^^^^^^^^^^^^^
  File "/sw/arch/RHEL8/EB_production/2023/software/Python/3.11.3-GCCcore-12.3.0/lib/python3.11/logging/__init__.py", line 953, in format
    return fmt.format(record)
           ^^^^^^^^^^^^^^^^^^
  File "/sw/arch/RHEL8/EB_production/2023/software/Python/3.11.3-GCCcore-12.3.0/lib/python3.11/logging/__init__.py", line 687, in format
    record.message = record.getMessage()
                     ^^^^^^^^^^^^^^^^^^^
  File "/sw/arch/RHEL8/EB_production/2023/software/Python/3.11.3-GCCcore-12.3.0/lib/python3.11/logging/__init__.py", line 377, in getMessage
    msg = msg % self.args
          ~~~~^~~~~~~~~~~
TypeError: not all arguments converted during string formatting
Call stack:
--- Logging error ---
  File "/gpfs/home3/tsijpkens/TSPHardener/run.py", line 46, in <module>
    with Pool(processes=64) as pool:
  File "/sw/arch/RHEL8/EB_production/2023/software/Python/3.11.3-GCCcore-12.3.0/lib/python3.11/multiprocessing/context.py", line 119, in Pool
    return Pool(processes, initializer, initargs, maxtasksperchild,
  File "/sw/arch/RHEL8/EB_production/2023/software/Python/3.11.3-GCCcore-12.3.0/lib/python3.11/multiprocessing/pool.py", line 215, in __init__
    self._repopulate_pool()
  File "/sw/arch/RHEL8/EB_production/2023/software/Python/3.11.3-GCCcore-12.3.0/lib/python3.11/multiprocessing/pool.py", line 306, in _repopulate_pool
    return self._repopulate_pool_static(self._ctx, self.Process,
  File "/sw/arch/RHEL8/EB_production/2023/software/Python/3.11.3-GCCcore-12.3.0/lib/python3.11/multiprocessing/pool.py", line 329, in _repopulate_pool_static
    w.start()
  File "/sw/arch/RHEL8/EB_production/2023/software/Python/3.11.3-GCCcore-12.3.0/lib/python3.11/multiprocessing/process.py", line 121, in start
    self._popen = self._Popen(self)
  File "/sw/arch/RHEL8/EB_production/2023/software/Python/3.11.3-GCCcore-12.3.0/lib/python3.11/multiprocessing/context.py", line 281, in _Popen
    return Popen(process_obj)
  File "/sw/arch/RHEL8/EB_production/2023/software/Python/3.11.3-GCCcore-12.3.0/lib/python3.11/multiprocessing/popen_fork.py", line 19, in __init__
    self._launch(process_obj)
  File "/sw/arch/RHEL8/EB_production/2023/software/Python/3.11.3-GCCcore-12.3.0/lib/python3.11/multiprocessing/popen_fork.py", line 71, in _launch
    code = process_obj._bootstrap(parent_sentinel=child_r)
  File "/sw/arch/RHEL8/EB_production/2023/software/Python/3.11.3-GCCcore-12.3.0/lib/python3.11/multiprocessing/process.py", line 314, in _bootstrap
    self.run()
  File "/sw/arch/RHEL8/EB_production/2023/software/Python/3.11.3-GCCcore-12.3.0/lib/python3.11/multiprocessing/process.py", line 108, in run
    self._target(*self._args, **self._kwargs)
  File "/sw/arch/RHEL8/EB_production/2023/software/Python/3.11.3-GCCcore-12.3.0/lib/python3.11/multiprocessing/pool.py", line 125, in worker
    result = (True, func(*args, **kwds))
  File "/sw/arch/RHEL8/EB_production/2023/software/Python/3.11.3-GCCcore-12.3.0/lib/python3.11/multiprocessing/pool.py", line 48, in mapstar
    return list(map(*args))
  File "/gpfs/home3/tsijpkens/TSPHardener/run.py", line 38, in run_experiment
    logging.error(f"Error in {cmd}:", f"{e.stderr}")
Message: "Error in ['python3', '-m', 'main', '[20]', '[65, 70, 75, 80]', '1000', '', '--tsp_type', 'euclidean', '--distribution', 'uniform', '--mutation_strategy', 'scramble']:"
Arguments: ('Traceback (most recent call last):\n  File "<frozen runpy>", line 198, in _run_module_as_main\n  File "<frozen runpy>", line 88, in _run_code\n  File "/gpfs/home3/tsijpkens/TSPHardener/main.py", line 2, in <module>\n    from core.experiment import experiment\n  File "/gpfs/home3/tsijpkens/TSPHardener/core/experiment.py", line 6, in <module>\n    from .helpers import initialize_matrix_and_hardest, run_litals_algorithm\n  File "/gpfs/home3/tsijpkens/TSPHardener/core/helpers.py", line 5, in <module>\n    from .generate_tsp import generate_tsp\n  File "/gpfs/home3/tsijpkens/TSPHardener/core/generate_tsp.py", line 3, in <module>\n    from scipy.spatial.distance import pdist, squareform\nModuleNotFoundError: No module named \'scipy\'\n',)
--- Logging error ---
Traceback (most recent call last):
  File "/gpfs/home3/tsijpkens/TSPHardener/run.py", line 33, in run_experiment
    result = subprocess.run(cmd, check=True, text=True, capture_output=True)
             ^^^^^^^^^^^^^^^^^^^^^^^^^^^^^^^^^^^^^^^^^^^^^^^^^^^^^^^^^^^^^^^
  File "/sw/arch/RHEL8/EB_production/2023/software/Python/3.11.3-GCCcore-12.3.0/lib/python3.11/subprocess.py", line 571, in run
    raise CalledProcessError(retcode, process.args,
subprocess.CalledProcessError: Command '['python3', '-m', 'main', '[30]', '[45, 50, 55, 60]', '1000', '', '--tsp_type', 'asymmetric', '--distribution', 'uniform', '--mutation_strategy', 'scramble']' returned non-zero exit status 1.

During handling of the above exception, another exception occurred:

Traceback (most recent call last):
  File "/sw/arch/RHEL8/EB_production/2023/software/Python/3.11.3-GCCcore-12.3.0/lib/python3.11/logging/__init__.py", line 1110, in emit
    msg = self.format(record)
          ^^^^^^^^^^^^^^^^^^^
  File "/sw/arch/RHEL8/EB_production/2023/software/Python/3.11.3-GCCcore-12.3.0/lib/python3.11/logging/__init__.py", line 953, in format
    return fmt.format(record)
           ^^^^^^^^^^^^^^^^^^
  File "/sw/arch/RHEL8/EB_production/2023/software/Python/3.11.3-GCCcore-12.3.0/lib/python3.11/logging/__init__.py", line 687, in format
    record.message = record.getMessage()
                     ^^^^^^^^^^^^^^^^^^^
  File "/sw/arch/RHEL8/EB_production/2023/software/Python/3.11.3-GCCcore-12.3.0/lib/python3.11/logging/__init__.py", line 377, in getMessage
    msg = msg % self.args
          ~~~~^~~~~~~~~~~
TypeError: not all arguments converted during string formatting
Call stack:
Traceback (most recent call last):
  File "/gpfs/home3/tsijpkens/TSPHardener/run.py", line 33, in run_experiment
    result = subprocess.run(cmd, check=True, text=True, capture_output=True)
             ^^^^^^^^^^^^^^^^^^^^^^^^^^^^^^^^^^^^^^^^^^^^^^^^^^^^^^^^^^^^^^^
  File "/sw/arch/RHEL8/EB_production/2023/software/Python/3.11.3-GCCcore-12.3.0/lib/python3.11/subprocess.py", line 571, in run
    raise CalledProcessError(retcode, process.args,
subprocess.CalledProcessError: Command '['python3', '-m', 'main', '[30]', '[65, 70, 75, 80]', '1000', '', '--tsp_type', 'euclidean', '--distribution', 'uniform', '--mutation_strategy', 'scramble']' returned non-zero exit status 1.

During handling of the above exception, another exception occurred:

Traceback (most recent call last):
  File "/sw/arch/RHEL8/EB_production/2023/software/Python/3.11.3-GCCcore-12.3.0/lib/python3.11/logging/__init__.py", line 1110, in emit
    msg = self.format(record)
          ^^^^^^^^^^^^^^^^^^^
  File "/sw/arch/RHEL8/EB_production/2023/software/Python/3.11.3-GCCcore-12.3.0/lib/python3.11/logging/__init__.py", line 953, in format
    return fmt.format(record)
           ^^^^^^^^^^^^^^^^^^
  File "/sw/arch/RHEL8/EB_production/2023/software/Python/3.11.3-GCCcore-12.3.0/lib/python3.11/logging/__init__.py", line 687, in format
    record.message = record.getMessage()
                     ^^^^^^^^^^^^^^^^^^^
  File "/sw/arch/RHEL8/EB_production/2023/software/Python/3.11.3-GCCcore-12.3.0/lib/python3.11/logging/__init__.py", line 377, in getMessage
    msg = msg % self.args
          ~~~~^~~~~~~~~~~
TypeError: not all arguments converted during string formatting
Call stack:
  File "/gpfs/home3/tsijpkens/TSPHardener/run.py", line 46, in <module>
    with Pool(processes=64) as pool:
  File "/sw/arch/RHEL8/EB_production/2023/software/Python/3.11.3-GCCcore-12.3.0/lib/python3.11/multiprocessing/context.py", line 119, in Pool
    return Pool(processes, initializer, initargs, maxtasksperchild,
  File "/sw/arch/RHEL8/EB_production/2023/software/Python/3.11.3-GCCcore-12.3.0/lib/python3.11/multiprocessing/pool.py", line 215, in __init__
    self._repopulate_pool()
  File "/sw/arch/RHEL8/EB_production/2023/software/Python/3.11.3-GCCcore-12.3.0/lib/python3.11/multiprocessing/pool.py", line 306, in _repopulate_pool
    return self._repopulate_pool_static(self._ctx, self.Process,
  File "/sw/arch/RHEL8/EB_production/2023/software/Python/3.11.3-GCCcore-12.3.0/lib/python3.11/multiprocessing/pool.py", line 329, in _repopulate_pool_static
    w.start()
  File "/sw/arch/RHEL8/EB_production/2023/software/Python/3.11.3-GCCcore-12.3.0/lib/python3.11/multiprocessing/process.py", line 121, in start
    self._popen = self._Popen(self)
  File "/sw/arch/RHEL8/EB_production/2023/software/Python/3.11.3-GCCcore-12.3.0/lib/python3.11/multiprocessing/context.py", line 281, in _Popen
    return Popen(process_obj)
  File "/sw/arch/RHEL8/EB_production/2023/software/Python/3.11.3-GCCcore-12.3.0/lib/python3.11/multiprocessing/popen_fork.py", line 19, in __init__
    self._launch(process_obj)
  File "/sw/arch/RHEL8/EB_production/2023/software/Python/3.11.3-GCCcore-12.3.0/lib/python3.11/multiprocessing/popen_fork.py", line 71, in _launch
    code = process_obj._bootstrap(parent_sentinel=child_r)
  File "/sw/arch/RHEL8/EB_production/2023/software/Python/3.11.3-GCCcore-12.3.0/lib/python3.11/multiprocessing/process.py", line 314, in _bootstrap
    self.run()
  File "/sw/arch/RHEL8/EB_production/2023/software/Python/3.11.3-GCCcore-12.3.0/lib/python3.11/multiprocessing/process.py", line 108, in run
    self._target(*self._args, **self._kwargs)
  File "/sw/arch/RHEL8/EB_production/2023/software/Python/3.11.3-GCCcore-12.3.0/lib/python3.11/multiprocessing/pool.py", line 125, in worker
    result = (True, func(*args, **kwds))
  File "/sw/arch/RHEL8/EB_production/2023/software/Python/3.11.3-GCCcore-12.3.0/lib/python3.11/multiprocessing/pool.py", line 48, in mapstar
    return list(map(*args))
  File "/gpfs/home3/tsijpkens/TSPHardener/run.py", line 38, in run_experiment
    logging.error(f"Error in {cmd}:", f"{e.stderr}")
Message: "Error in ['python3', '-m', 'main', '[30]', '[45, 50, 55, 60]', '1000', '', '--tsp_type', 'asymmetric', '--distribution', 'uniform', '--mutation_strategy', 'scramble']:"
Arguments: ('Traceback (most recent call last):\n  File "<frozen runpy>", line 198, in _run_module_as_main\n  File "<frozen runpy>", line 88, in _run_code\n  File "/gpfs/home3/tsijpkens/TSPHardener/main.py", line 2, in <module>\n    from core.experiment import experiment\n  File "/gpfs/home3/tsijpkens/TSPHardener/core/experiment.py", line 6, in <module>\n    from .helpers import initialize_matrix_and_hardest, run_litals_algorithm\n  File "/gpfs/home3/tsijpkens/TSPHardener/core/helpers.py", line 5, in <module>\n    from .generate_tsp import generate_tsp\n  File "/gpfs/home3/tsijpkens/TSPHardener/core/generate_tsp.py", line 3, in <module>\n    from scipy.spatial.distance import pdist, squareform\nModuleNotFoundError: No module named \'scipy\'\n',)
--- Logging error ---
  File "/gpfs/home3/tsijpkens/TSPHardener/run.py", line 46, in <module>
    with Pool(processes=64) as pool:
  File "/sw/arch/RHEL8/EB_production/2023/software/Python/3.11.3-GCCcore-12.3.0/lib/python3.11/multiprocessing/context.py", line 119, in Pool
    return Pool(processes, initializer, initargs, maxtasksperchild,
  File "/sw/arch/RHEL8/EB_production/2023/software/Python/3.11.3-GCCcore-12.3.0/lib/python3.11/multiprocessing/pool.py", line 215, in __init__
    self._repopulate_pool()
  File "/sw/arch/RHEL8/EB_production/2023/software/Python/3.11.3-GCCcore-12.3.0/lib/python3.11/multiprocessing/pool.py", line 306, in _repopulate_pool
    return self._repopulate_pool_static(self._ctx, self.Process,
  File "/sw/arch/RHEL8/EB_production/2023/software/Python/3.11.3-GCCcore-12.3.0/lib/python3.11/multiprocessing/pool.py", line 329, in _repopulate_pool_static
    w.start()
  File "/sw/arch/RHEL8/EB_production/2023/software/Python/3.11.3-GCCcore-12.3.0/lib/python3.11/multiprocessing/process.py", line 121, in start
    self._popen = self._Popen(self)
  File "/sw/arch/RHEL8/EB_production/2023/software/Python/3.11.3-GCCcore-12.3.0/lib/python3.11/multiprocessing/context.py", line 281, in _Popen
    return Popen(process_obj)
  File "/sw/arch/RHEL8/EB_production/2023/software/Python/3.11.3-GCCcore-12.3.0/lib/python3.11/multiprocessing/popen_fork.py", line 19, in __init__
    self._launch(process_obj)
  File "/sw/arch/RHEL8/EB_production/2023/software/Python/3.11.3-GCCcore-12.3.0/lib/python3.11/multiprocessing/popen_fork.py", line 71, in _launch
    code = process_obj._bootstrap(parent_sentinel=child_r)
  File "/sw/arch/RHEL8/EB_production/2023/software/Python/3.11.3-GCCcore-12.3.0/lib/python3.11/multiprocessing/process.py", line 314, in _bootstrap
    self.run()
  File "/sw/arch/RHEL8/EB_production/2023/software/Python/3.11.3-GCCcore-12.3.0/lib/python3.11/multiprocessing/process.py", line 108, in run
    self._target(*self._args, **self._kwargs)
  File "/sw/arch/RHEL8/EB_production/2023/software/Python/3.11.3-GCCcore-12.3.0/lib/python3.11/multiprocessing/pool.py", line 125, in worker
    result = (True, func(*args, **kwds))
  File "/sw/arch/RHEL8/EB_production/2023/software/Python/3.11.3-GCCcore-12.3.0/lib/python3.11/multiprocessing/pool.py", line 48, in mapstar
    return list(map(*args))
  File "/gpfs/home3/tsijpkens/TSPHardener/run.py", line 38, in run_experiment
    logging.error(f"Error in {cmd}:", f"{e.stderr}")
Message: "Error in ['python3', '-m', 'main', '[30]', '[65, 70, 75, 80]', '1000', '', '--tsp_type', 'euclidean', '--distribution', 'uniform', '--mutation_strategy', 'scramble']:"
Arguments: ('Traceback (most recent call last):\n  File "<frozen runpy>", line 198, in _run_module_as_main\n  File "<frozen runpy>", line 88, in _run_code\n  File "/gpfs/home3/tsijpkens/TSPHardener/main.py", line 2, in <module>\n    from core.experiment import experiment\n  File "/gpfs/home3/tsijpkens/TSPHardener/core/experiment.py", line 6, in <module>\n    from .helpers import initialize_matrix_and_hardest, run_litals_algorithm\n  File "/gpfs/home3/tsijpkens/TSPHardener/core/helpers.py", line 5, in <module>\n    from .generate_tsp import generate_tsp\n  File "/gpfs/home3/tsijpkens/TSPHardener/core/generate_tsp.py", line 3, in <module>\n    from scipy.spatial.distance import pdist, squareform\nModuleNotFoundError: No module named \'scipy\'\n',)
Traceback (most recent call last):
  File "/gpfs/home3/tsijpkens/TSPHardener/run.py", line 33, in run_experiment
    result = subprocess.run(cmd, check=True, text=True, capture_output=True)
             ^^^^^^^^^^^^^^^^^^^^^^^^^^^^^^^^^^^^^^^^^^^^^^^^^^^^^^^^^^^^^^^
  File "/sw/arch/RHEL8/EB_production/2023/software/Python/3.11.3-GCCcore-12.3.0/lib/python3.11/subprocess.py", line 571, in run
    raise CalledProcessError(retcode, process.args,
subprocess.CalledProcessError: Command '['python3', '-m', 'main', '[30]', '[85, 90, 95, 100]', '1000', '', '--tsp_type', 'euclidean', '--distribution', 'uniform', '--mutation_strategy', 'swap']' returned non-zero exit status 1.

During handling of the above exception, another exception occurred:

Traceback (most recent call last):
  File "/sw/arch/RHEL8/EB_production/2023/software/Python/3.11.3-GCCcore-12.3.0/lib/python3.11/logging/__init__.py", line 1110, in emit
    msg = self.format(record)
          ^^^^^^^^^^^^^^^^^^^
  File "/sw/arch/RHEL8/EB_production/2023/software/Python/3.11.3-GCCcore-12.3.0/lib/python3.11/logging/__init__.py", line 953, in format
    return fmt.format(record)
           ^^^^^^^^^^^^^^^^^^
  File "/sw/arch/RHEL8/EB_production/2023/software/Python/3.11.3-GCCcore-12.3.0/lib/python3.11/logging/__init__.py", line 687, in format
    record.message = record.getMessage()
                     ^^^^^^^^^^^^^^^^^^^
  File "/sw/arch/RHEL8/EB_production/2023/software/Python/3.11.3-GCCcore-12.3.0/lib/python3.11/logging/__init__.py", line 377, in getMessage
    msg = msg % self.args
          ~~~~^~~~~~~~~~~
TypeError: not all arguments converted during string formatting
Call stack:
  File "/gpfs/home3/tsijpkens/TSPHardener/run.py", line 46, in <module>
    with Pool(processes=64) as pool:
  File "/sw/arch/RHEL8/EB_production/2023/software/Python/3.11.3-GCCcore-12.3.0/lib/python3.11/multiprocessing/context.py", line 119, in Pool
    return Pool(processes, initializer, initargs, maxtasksperchild,
  File "/sw/arch/RHEL8/EB_production/2023/software/Python/3.11.3-GCCcore-12.3.0/lib/python3.11/multiprocessing/pool.py", line 215, in __init__
    self._repopulate_pool()
  File "/sw/arch/RHEL8/EB_production/2023/software/Python/3.11.3-GCCcore-12.3.0/lib/python3.11/multiprocessing/pool.py", line 306, in _repopulate_pool
    return self._repopulate_pool_static(self._ctx, self.Process,
  File "/sw/arch/RHEL8/EB_production/2023/software/Python/3.11.3-GCCcore-12.3.0/lib/python3.11/multiprocessing/pool.py", line 329, in _repopulate_pool_static
    w.start()
  File "/sw/arch/RHEL8/EB_production/2023/software/Python/3.11.3-GCCcore-12.3.0/lib/python3.11/multiprocessing/process.py", line 121, in start
    self._popen = self._Popen(self)
  File "/sw/arch/RHEL8/EB_production/2023/software/Python/3.11.3-GCCcore-12.3.0/lib/python3.11/multiprocessing/context.py", line 281, in _Popen
    return Popen(process_obj)
  File "/sw/arch/RHEL8/EB_production/2023/software/Python/3.11.3-GCCcore-12.3.0/lib/python3.11/multiprocessing/popen_fork.py", line 19, in __init__
    self._launch(process_obj)
  File "/sw/arch/RHEL8/EB_production/2023/software/Python/3.11.3-GCCcore-12.3.0/lib/python3.11/multiprocessing/popen_fork.py", line 71, in _launch
    code = process_obj._bootstrap(parent_sentinel=child_r)
  File "/sw/arch/RHEL8/EB_production/2023/software/Python/3.11.3-GCCcore-12.3.0/lib/python3.11/multiprocessing/process.py", line 314, in _bootstrap
    self.run()
  File "/sw/arch/RHEL8/EB_production/2023/software/Python/3.11.3-GCCcore-12.3.0/lib/python3.11/multiprocessing/process.py", line 108, in run
    self._target(*self._args, **self._kwargs)
  File "/sw/arch/RHEL8/EB_production/2023/software/Python/3.11.3-GCCcore-12.3.0/lib/python3.11/multiprocessing/pool.py", line 125, in worker
    result = (True, func(*args, **kwds))
  File "/sw/arch/RHEL8/EB_production/2023/software/Python/3.11.3-GCCcore-12.3.0/lib/python3.11/multiprocessing/pool.py", line 48, in mapstar
    return list(map(*args))
  File "/gpfs/home3/tsijpkens/TSPHardener/run.py", line 38, in run_experiment
    logging.error(f"Error in {cmd}:", f"{e.stderr}")
Message: "Error in ['python3', '-m', 'main', '[30]', '[85, 90, 95, 100]', '1000', '', '--tsp_type', 'euclidean', '--distribution', 'uniform', '--mutation_strategy', 'swap']:"
Arguments: ('Traceback (most recent call last):\n  File "<frozen runpy>", line 198, in _run_module_as_main\n  File "<frozen runpy>", line 88, in _run_code\n  File "/gpfs/home3/tsijpkens/TSPHardener/main.py", line 2, in <module>\n    from core.experiment import experiment\n  File "/gpfs/home3/tsijpkens/TSPHardener/core/experiment.py", line 6, in <module>\n    from .helpers import initialize_matrix_and_hardest, run_litals_algorithm\n  File "/gpfs/home3/tsijpkens/TSPHardener/core/helpers.py", line 5, in <module>\n    from .generate_tsp import generate_tsp\n  File "/gpfs/home3/tsijpkens/TSPHardener/core/generate_tsp.py", line 3, in <module>\n    from scipy.spatial.distance import pdist, squareform\nModuleNotFoundError: No module named \'scipy\'\n',)
--- Logging error ---
--- Logging error ---
Traceback (most recent call last):
  File "/gpfs/home3/tsijpkens/TSPHardener/run.py", line 33, in run_experiment
    result = subprocess.run(cmd, check=True, text=True, capture_output=True)
             ^^^^^^^^^^^^^^^^^^^^^^^^^^^^^^^^^^^^^^^^^^^^^^^^^^^^^^^^^^^^^^^
  File "/sw/arch/RHEL8/EB_production/2023/software/Python/3.11.3-GCCcore-12.3.0/lib/python3.11/subprocess.py", line 571, in run
    raise CalledProcessError(retcode, process.args,
subprocess.CalledProcessError: Command '['python3', '-m', 'main', '[20]', '[25, 30, 35, 40]', '1000', '', '--tsp_type', 'euclidean', '--distribution', 'uniform', '--mutation_strategy', 'scramble']' returned non-zero exit status 1.

During handling of the above exception, another exception occurred:

Traceback (most recent call last):
Traceback (most recent call last):
  File "/sw/arch/RHEL8/EB_production/2023/software/Python/3.11.3-GCCcore-12.3.0/lib/python3.11/logging/__init__.py", line 1110, in emit
    msg = self.format(record)
          ^^^^^^^^^^^^^^^^^^^
  File "/sw/arch/RHEL8/EB_production/2023/software/Python/3.11.3-GCCcore-12.3.0/lib/python3.11/logging/__init__.py", line 953, in format
    return fmt.format(record)
           ^^^^^^^^^^^^^^^^^^
  File "/sw/arch/RHEL8/EB_production/2023/software/Python/3.11.3-GCCcore-12.3.0/lib/python3.11/logging/__init__.py", line 687, in format
    record.message = record.getMessage()
                     ^^^^^^^^^^^^^^^^^^^
  File "/sw/arch/RHEL8/EB_production/2023/software/Python/3.11.3-GCCcore-12.3.0/lib/python3.11/logging/__init__.py", line 377, in getMessage
    msg = msg % self.args
          ~~~~^~~~~~~~~~~
TypeError: not all arguments converted during string formatting
Call stack:
  File "/gpfs/home3/tsijpkens/TSPHardener/run.py", line 33, in run_experiment
    result = subprocess.run(cmd, check=True, text=True, capture_output=True)
             ^^^^^^^^^^^^^^^^^^^^^^^^^^^^^^^^^^^^^^^^^^^^^^^^^^^^^^^^^^^^^^^
  File "/sw/arch/RHEL8/EB_production/2023/software/Python/3.11.3-GCCcore-12.3.0/lib/python3.11/subprocess.py", line 571, in run
    raise CalledProcessError(retcode, process.args,
subprocess.CalledProcessError: Command '['python3', '-m', 'main', '[30]', '[25, 30]', '1000', '', '--tsp_type', 'asymmetric', '--distribution', 'uniform', '--mutation_strategy', 'wouter']' returned non-zero exit status 1.

During handling of the above exception, another exception occurred:

Traceback (most recent call last):
  File "/sw/arch/RHEL8/EB_production/2023/software/Python/3.11.3-GCCcore-12.3.0/lib/python3.11/logging/__init__.py", line 1110, in emit
    msg = self.format(record)
          ^^^^^^^^^^^^^^^^^^^
  File "/sw/arch/RHEL8/EB_production/2023/software/Python/3.11.3-GCCcore-12.3.0/lib/python3.11/logging/__init__.py", line 953, in format
    return fmt.format(record)
           ^^^^^^^^^^^^^^^^^^
  File "/sw/arch/RHEL8/EB_production/2023/software/Python/3.11.3-GCCcore-12.3.0/lib/python3.11/logging/__init__.py", line 687, in format
    record.message = record.getMessage()
                     ^^^^^^^^^^^^^^^^^^^
  File "/sw/arch/RHEL8/EB_production/2023/software/Python/3.11.3-GCCcore-12.3.0/lib/python3.11/logging/__init__.py", line 377, in getMessage
    msg = msg % self.args
          ~~~~^~~~~~~~~~~
TypeError: not all arguments converted during string formatting
Call stack:
--- Logging error ---
  File "/gpfs/home3/tsijpkens/TSPHardener/run.py", line 46, in <module>
    with Pool(processes=64) as pool:
  File "/sw/arch/RHEL8/EB_production/2023/software/Python/3.11.3-GCCcore-12.3.0/lib/python3.11/multiprocessing/context.py", line 119, in Pool
    return Pool(processes, initializer, initargs, maxtasksperchild,
  File "/sw/arch/RHEL8/EB_production/2023/software/Python/3.11.3-GCCcore-12.3.0/lib/python3.11/multiprocessing/pool.py", line 215, in __init__
    self._repopulate_pool()
  File "/sw/arch/RHEL8/EB_production/2023/software/Python/3.11.3-GCCcore-12.3.0/lib/python3.11/multiprocessing/pool.py", line 306, in _repopulate_pool
    return self._repopulate_pool_static(self._ctx, self.Process,
  File "/sw/arch/RHEL8/EB_production/2023/software/Python/3.11.3-GCCcore-12.3.0/lib/python3.11/multiprocessing/pool.py", line 329, in _repopulate_pool_static
    w.start()
  File "/sw/arch/RHEL8/EB_production/2023/software/Python/3.11.3-GCCcore-12.3.0/lib/python3.11/multiprocessing/process.py", line 121, in start
    self._popen = self._Popen(self)
  File "/sw/arch/RHEL8/EB_production/2023/software/Python/3.11.3-GCCcore-12.3.0/lib/python3.11/multiprocessing/context.py", line 281, in _Popen
    return Popen(process_obj)
  File "/sw/arch/RHEL8/EB_production/2023/software/Python/3.11.3-GCCcore-12.3.0/lib/python3.11/multiprocessing/popen_fork.py", line 19, in __init__
    self._launch(process_obj)
  File "/sw/arch/RHEL8/EB_production/2023/software/Python/3.11.3-GCCcore-12.3.0/lib/python3.11/multiprocessing/popen_fork.py", line 71, in _launch
    code = process_obj._bootstrap(parent_sentinel=child_r)
  File "/sw/arch/RHEL8/EB_production/2023/software/Python/3.11.3-GCCcore-12.3.0/lib/python3.11/multiprocessing/process.py", line 314, in _bootstrap
    self.run()
  File "/sw/arch/RHEL8/EB_production/2023/software/Python/3.11.3-GCCcore-12.3.0/lib/python3.11/multiprocessing/process.py", line 108, in run
    self._target(*self._args, **self._kwargs)
  File "/sw/arch/RHEL8/EB_production/2023/software/Python/3.11.3-GCCcore-12.3.0/lib/python3.11/multiprocessing/pool.py", line 125, in worker
    result = (True, func(*args, **kwds))
  File "/sw/arch/RHEL8/EB_production/2023/software/Python/3.11.3-GCCcore-12.3.0/lib/python3.11/multiprocessing/pool.py", line 48, in mapstar
    return list(map(*args))
  File "/gpfs/home3/tsijpkens/TSPHardener/run.py", line 38, in run_experiment
    logging.error(f"Error in {cmd}:", f"{e.stderr}")
Message: "Error in ['python3', '-m', 'main', '[20]', '[25, 30, 35, 40]', '1000', '', '--tsp_type', 'euclidean', '--distribution', 'uniform', '--mutation_strategy', 'scramble']:"
Arguments: ('Traceback (most recent call last):\n  File "<frozen runpy>", line 198, in _run_module_as_main\n  File "<frozen runpy>", line 88, in _run_code\n  File "/gpfs/home3/tsijpkens/TSPHardener/main.py", line 2, in <module>\n    from core.experiment import experiment\n  File "/gpfs/home3/tsijpkens/TSPHardener/core/experiment.py", line 6, in <module>\n    from .helpers import initialize_matrix_and_hardest, run_litals_algorithm\n  File "/gpfs/home3/tsijpkens/TSPHardener/core/helpers.py", line 5, in <module>\n    from .generate_tsp import generate_tsp\n  File "/gpfs/home3/tsijpkens/TSPHardener/core/generate_tsp.py", line 3, in <module>\n    from scipy.spatial.distance import pdist, squareform\nModuleNotFoundError: No module named \'scipy\'\n',)
  File "/gpfs/home3/tsijpkens/TSPHardener/run.py", line 46, in <module>
    with Pool(processes=64) as pool:
  File "/sw/arch/RHEL8/EB_production/2023/software/Python/3.11.3-GCCcore-12.3.0/lib/python3.11/multiprocessing/context.py", line 119, in Pool
    return Pool(processes, initializer, initargs, maxtasksperchild,
  File "/sw/arch/RHEL8/EB_production/2023/software/Python/3.11.3-GCCcore-12.3.0/lib/python3.11/multiprocessing/pool.py", line 215, in __init__
    self._repopulate_pool()
  File "/sw/arch/RHEL8/EB_production/2023/software/Python/3.11.3-GCCcore-12.3.0/lib/python3.11/multiprocessing/pool.py", line 306, in _repopulate_pool
    return self._repopulate_pool_static(self._ctx, self.Process,
  File "/sw/arch/RHEL8/EB_production/2023/software/Python/3.11.3-GCCcore-12.3.0/lib/python3.11/multiprocessing/pool.py", line 329, in _repopulate_pool_static
    w.start()
  File "/sw/arch/RHEL8/EB_production/2023/software/Python/3.11.3-GCCcore-12.3.0/lib/python3.11/multiprocessing/process.py", line 121, in start
    self._popen = self._Popen(self)
  File "/sw/arch/RHEL8/EB_production/2023/software/Python/3.11.3-GCCcore-12.3.0/lib/python3.11/multiprocessing/context.py", line 281, in _Popen
    return Popen(process_obj)
  File "/sw/arch/RHEL8/EB_production/2023/software/Python/3.11.3-GCCcore-12.3.0/lib/python3.11/multiprocessing/popen_fork.py", line 19, in __init__
    self._launch(process_obj)
  File "/sw/arch/RHEL8/EB_production/2023/software/Python/3.11.3-GCCcore-12.3.0/lib/python3.11/multiprocessing/popen_fork.py", line 71, in _launch
    code = process_obj._bootstrap(parent_sentinel=child_r)
  File "/sw/arch/RHEL8/EB_production/2023/software/Python/3.11.3-GCCcore-12.3.0/lib/python3.11/multiprocessing/process.py", line 314, in _bootstrap
    self.run()
  File "/sw/arch/RHEL8/EB_production/2023/software/Python/3.11.3-GCCcore-12.3.0/lib/python3.11/multiprocessing/process.py", line 108, in run
    self._target(*self._args, **self._kwargs)
  File "/sw/arch/RHEL8/EB_production/2023/software/Python/3.11.3-GCCcore-12.3.0/lib/python3.11/multiprocessing/pool.py", line 125, in worker
    result = (True, func(*args, **kwds))
  File "/sw/arch/RHEL8/EB_production/2023/software/Python/3.11.3-GCCcore-12.3.0/lib/python3.11/multiprocessing/pool.py", line 48, in mapstar
    return list(map(*args))
  File "/gpfs/home3/tsijpkens/TSPHardener/run.py", line 38, in run_experiment
    logging.error(f"Error in {cmd}:", f"{e.stderr}")
Message: "Error in ['python3', '-m', 'main', '[30]', '[25, 30]', '1000', '', '--tsp_type', 'asymmetric', '--distribution', 'uniform', '--mutation_strategy', 'wouter']:"
Arguments: ('Traceback (most recent call last):\n  File "<frozen runpy>", line 198, in _run_module_as_main\n  File "<frozen runpy>", line 88, in _run_code\n  File "/gpfs/home3/tsijpkens/TSPHardener/main.py", line 2, in <module>\n    from core.experiment import experiment\n  File "/gpfs/home3/tsijpkens/TSPHardener/core/experiment.py", line 6, in <module>\n    from .helpers import initialize_matrix_and_hardest, run_litals_algorithm\n  File "/gpfs/home3/tsijpkens/TSPHardener/core/helpers.py", line 5, in <module>\n    from .generate_tsp import generate_tsp\n  File "/gpfs/home3/tsijpkens/TSPHardener/core/generate_tsp.py", line 3, in <module>\n    from scipy.spatial.distance import pdist, squareform\nModuleNotFoundError: No module named \'scipy\'\n',)
Traceback (most recent call last):
--- Logging error ---
  File "/gpfs/home3/tsijpkens/TSPHardener/run.py", line 33, in run_experiment
    result = subprocess.run(cmd, check=True, text=True, capture_output=True)
             ^^^^^^^^^^^^^^^^^^^^^^^^^^^^^^^^^^^^^^^^^^^^^^^^^^^^^^^^^^^^^^^
  File "/sw/arch/RHEL8/EB_production/2023/software/Python/3.11.3-GCCcore-12.3.0/lib/python3.11/subprocess.py", line 571, in run
    raise CalledProcessError(retcode, process.args,
subprocess.CalledProcessError: Command '['python3', '-m', 'main', '[30]', '[15, 20]', '1000', '', '--tsp_type', 'asymmetric', '--distribution', 'uniform', '--mutation_strategy', 'wouter']' returned non-zero exit status 1.

During handling of the above exception, another exception occurred:

Traceback (most recent call last):
  File "/sw/arch/RHEL8/EB_production/2023/software/Python/3.11.3-GCCcore-12.3.0/lib/python3.11/logging/__init__.py", line 1110, in emit
    msg = self.format(record)
          ^^^^^^^^^^^^^^^^^^^
  File "/sw/arch/RHEL8/EB_production/2023/software/Python/3.11.3-GCCcore-12.3.0/lib/python3.11/logging/__init__.py", line 953, in format
    return fmt.format(record)
           ^^^^^^^^^^^^^^^^^^
  File "/sw/arch/RHEL8/EB_production/2023/software/Python/3.11.3-GCCcore-12.3.0/lib/python3.11/logging/__init__.py", line 687, in format
    record.message = record.getMessage()
                     ^^^^^^^^^^^^^^^^^^^
  File "/sw/arch/RHEL8/EB_production/2023/software/Python/3.11.3-GCCcore-12.3.0/lib/python3.11/logging/__init__.py", line 377, in getMessage
    msg = msg % self.args
          ~~~~^~~~~~~~~~~
TypeError: not all arguments converted during string formatting
Call stack:
  File "/gpfs/home3/tsijpkens/TSPHardener/run.py", line 46, in <module>
    with Pool(processes=64) as pool:
  File "/sw/arch/RHEL8/EB_production/2023/software/Python/3.11.3-GCCcore-12.3.0/lib/python3.11/multiprocessing/context.py", line 119, in Pool
    return Pool(processes, initializer, initargs, maxtasksperchild,
  File "/sw/arch/RHEL8/EB_production/2023/software/Python/3.11.3-GCCcore-12.3.0/lib/python3.11/multiprocessing/pool.py", line 215, in __init__
    self._repopulate_pool()
  File "/sw/arch/RHEL8/EB_production/2023/software/Python/3.11.3-GCCcore-12.3.0/lib/python3.11/multiprocessing/pool.py", line 306, in _repopulate_pool
    return self._repopulate_pool_static(self._ctx, self.Process,
  File "/sw/arch/RHEL8/EB_production/2023/software/Python/3.11.3-GCCcore-12.3.0/lib/python3.11/multiprocessing/pool.py", line 329, in _repopulate_pool_static
    w.start()
  File "/sw/arch/RHEL8/EB_production/2023/software/Python/3.11.3-GCCcore-12.3.0/lib/python3.11/multiprocessing/process.py", line 121, in start
    self._popen = self._Popen(self)
  File "/sw/arch/RHEL8/EB_production/2023/software/Python/3.11.3-GCCcore-12.3.0/lib/python3.11/multiprocessing/context.py", line 281, in _Popen
    return Popen(process_obj)
Traceback (most recent call last):
  File "/sw/arch/RHEL8/EB_production/2023/software/Python/3.11.3-GCCcore-12.3.0/lib/python3.11/multiprocessing/popen_fork.py", line 19, in __init__
    self._launch(process_obj)
  File "/sw/arch/RHEL8/EB_production/2023/software/Python/3.11.3-GCCcore-12.3.0/lib/python3.11/multiprocessing/popen_fork.py", line 71, in _launch
    code = process_obj._bootstrap(parent_sentinel=child_r)
  File "/sw/arch/RHEL8/EB_production/2023/software/Python/3.11.3-GCCcore-12.3.0/lib/python3.11/multiprocessing/process.py", line 314, in _bootstrap
    self.run()
  File "/sw/arch/RHEL8/EB_production/2023/software/Python/3.11.3-GCCcore-12.3.0/lib/python3.11/multiprocessing/process.py", line 108, in run
    self._target(*self._args, **self._kwargs)
  File "/sw/arch/RHEL8/EB_production/2023/software/Python/3.11.3-GCCcore-12.3.0/lib/python3.11/multiprocessing/pool.py", line 125, in worker
    result = (True, func(*args, **kwds))
  File "/sw/arch/RHEL8/EB_production/2023/software/Python/3.11.3-GCCcore-12.3.0/lib/python3.11/multiprocessing/pool.py", line 48, in mapstar
    return list(map(*args))
  File "/gpfs/home3/tsijpkens/TSPHardener/run.py", line 38, in run_experiment
    logging.error(f"Error in {cmd}:", f"{e.stderr}")
Message: "Error in ['python3', '-m', 'main', '[30]', '[15, 20]', '1000', '', '--tsp_type', 'asymmetric', '--distribution', 'uniform', '--mutation_strategy', 'wouter']:"
Arguments: ('Traceback (most recent call last):\n  File "<frozen runpy>", line 198, in _run_module_as_main\n  File "<frozen runpy>", line 88, in _run_code\n  File "/gpfs/home3/tsijpkens/TSPHardener/main.py", line 2, in <module>\n    from core.experiment import experiment\n  File "/gpfs/home3/tsijpkens/TSPHardener/core/experiment.py", line 6, in <module>\n    from .helpers import initialize_matrix_and_hardest, run_litals_algorithm\n  File "/gpfs/home3/tsijpkens/TSPHardener/core/helpers.py", line 5, in <module>\n    from .generate_tsp import generate_tsp\n  File "/gpfs/home3/tsijpkens/TSPHardener/core/generate_tsp.py", line 3, in <module>\n    from scipy.spatial.distance import pdist, squareform\nModuleNotFoundError: No module named \'scipy\'\n',)
  File "/gpfs/home3/tsijpkens/TSPHardener/run.py", line 33, in run_experiment
    result = subprocess.run(cmd, check=True, text=True, capture_output=True)
             ^^^^^^^^^^^^^^^^^^^^^^^^^^^^^^^^^^^^^^^^^^^^^^^^^^^^^^^^^^^^^^^
  File "/sw/arch/RHEL8/EB_production/2023/software/Python/3.11.3-GCCcore-12.3.0/lib/python3.11/subprocess.py", line 571, in run
    raise CalledProcessError(retcode, process.args,
subprocess.CalledProcessError: Command '['python3', '-m', 'main', '[30]', '[65, 70, 75, 80]', '1000', '', '--tsp_type', 'asymmetric', '--distribution', 'uniform', '--mutation_strategy', 'scramble']' returned non-zero exit status 1.

During handling of the above exception, another exception occurred:

Traceback (most recent call last):
  File "/sw/arch/RHEL8/EB_production/2023/software/Python/3.11.3-GCCcore-12.3.0/lib/python3.11/logging/__init__.py", line 1110, in emit
    msg = self.format(record)
          ^^^^^^^^^^^^^^^^^^^
  File "/sw/arch/RHEL8/EB_production/2023/software/Python/3.11.3-GCCcore-12.3.0/lib/python3.11/logging/__init__.py", line 953, in format
    return fmt.format(record)
           ^^^^^^^^^^^^^^^^^^
  File "/sw/arch/RHEL8/EB_production/2023/software/Python/3.11.3-GCCcore-12.3.0/lib/python3.11/logging/__init__.py", line 687, in format
    record.message = record.getMessage()
                     ^^^^^^^^^^^^^^^^^^^
  File "/sw/arch/RHEL8/EB_production/2023/software/Python/3.11.3-GCCcore-12.3.0/lib/python3.11/logging/__init__.py", line 377, in getMessage
    msg = msg % self.args
          ~~~~^~~~~~~~~~~
TypeError: not all arguments converted during string formatting
Call stack:
  File "/gpfs/home3/tsijpkens/TSPHardener/run.py", line 46, in <module>
    with Pool(processes=64) as pool:
  File "/sw/arch/RHEL8/EB_production/2023/software/Python/3.11.3-GCCcore-12.3.0/lib/python3.11/multiprocessing/context.py", line 119, in Pool
    return Pool(processes, initializer, initargs, maxtasksperchild,
  File "/sw/arch/RHEL8/EB_production/2023/software/Python/3.11.3-GCCcore-12.3.0/lib/python3.11/multiprocessing/pool.py", line 215, in __init__
    self._repopulate_pool()
  File "/sw/arch/RHEL8/EB_production/2023/software/Python/3.11.3-GCCcore-12.3.0/lib/python3.11/multiprocessing/pool.py", line 306, in _repopulate_pool
    return self._repopulate_pool_static(self._ctx, self.Process,
  File "/sw/arch/RHEL8/EB_production/2023/software/Python/3.11.3-GCCcore-12.3.0/lib/python3.11/multiprocessing/pool.py", line 329, in _repopulate_pool_static
    w.start()
  File "/sw/arch/RHEL8/EB_production/2023/software/Python/3.11.3-GCCcore-12.3.0/lib/python3.11/multiprocessing/process.py", line 121, in start
    self._popen = self._Popen(self)
  File "/sw/arch/RHEL8/EB_production/2023/software/Python/3.11.3-GCCcore-12.3.0/lib/python3.11/multiprocessing/context.py", line 281, in _Popen
    return Popen(process_obj)
  File "/sw/arch/RHEL8/EB_production/2023/software/Python/3.11.3-GCCcore-12.3.0/lib/python3.11/multiprocessing/popen_fork.py", line 19, in __init__
    self._launch(process_obj)
  File "/sw/arch/RHEL8/EB_production/2023/software/Python/3.11.3-GCCcore-12.3.0/lib/python3.11/multiprocessing/popen_fork.py", line 71, in _launch
    code = process_obj._bootstrap(parent_sentinel=child_r)
  File "/sw/arch/RHEL8/EB_production/2023/software/Python/3.11.3-GCCcore-12.3.0/lib/python3.11/multiprocessing/process.py", line 314, in _bootstrap
    self.run()
  File "/sw/arch/RHEL8/EB_production/2023/software/Python/3.11.3-GCCcore-12.3.0/lib/python3.11/multiprocessing/process.py", line 108, in run
    self._target(*self._args, **self._kwargs)
  File "/sw/arch/RHEL8/EB_production/2023/software/Python/3.11.3-GCCcore-12.3.0/lib/python3.11/multiprocessing/pool.py", line 125, in worker
    result = (True, func(*args, **kwds))
  File "/sw/arch/RHEL8/EB_production/2023/software/Python/3.11.3-GCCcore-12.3.0/lib/python3.11/multiprocessing/pool.py", line 48, in mapstar
    return list(map(*args))
  File "/gpfs/home3/tsijpkens/TSPHardener/run.py", line 38, in run_experiment
    logging.error(f"Error in {cmd}:", f"{e.stderr}")
Message: "Error in ['python3', '-m', 'main', '[30]', '[65, 70, 75, 80]', '1000', '', '--tsp_type', 'asymmetric', '--distribution', 'uniform', '--mutation_strategy', 'scramble']:"
Arguments: ('Traceback (most recent call last):\n  File "<frozen runpy>", line 198, in _run_module_as_main\n  File "<frozen runpy>", line 88, in _run_code\n  File "/gpfs/home3/tsijpkens/TSPHardener/main.py", line 2, in <module>\n    from core.experiment import experiment\n  File "/gpfs/home3/tsijpkens/TSPHardener/core/experiment.py", line 6, in <module>\n    from .helpers import initialize_matrix_and_hardest, run_litals_algorithm\n  File "/gpfs/home3/tsijpkens/TSPHardener/core/helpers.py", line 5, in <module>\n    from .generate_tsp import generate_tsp\n  File "/gpfs/home3/tsijpkens/TSPHardener/core/generate_tsp.py", line 3, in <module>\n    from scipy.spatial.distance import pdist, squareform\nModuleNotFoundError: No module named \'scipy\'\n',)
--- Logging error ---
Traceback (most recent call last):
  File "/gpfs/home3/tsijpkens/TSPHardener/run.py", line 33, in run_experiment
    result = subprocess.run(cmd, check=True, text=True, capture_output=True)
             ^^^^^^^^^^^^^^^^^^^^^^^^^^^^^^^^^^^^^^^^^^^^^^^^^^^^^^^^^^^^^^^
  File "/sw/arch/RHEL8/EB_production/2023/software/Python/3.11.3-GCCcore-12.3.0/lib/python3.11/subprocess.py", line 571, in run
    raise CalledProcessError(retcode, process.args,
subprocess.CalledProcessError: Command '['python3', '-m', 'main', '[20]', '[45, 50, 55, 60]', '1000', '', '--tsp_type', 'euclidean', '--distribution', 'uniform', '--mutation_strategy', 'swap']' returned non-zero exit status 1.

During handling of the above exception, another exception occurred:

Traceback (most recent call last):
  File "/sw/arch/RHEL8/EB_production/2023/software/Python/3.11.3-GCCcore-12.3.0/lib/python3.11/logging/__init__.py", line 1110, in emit
    msg = self.format(record)
          ^^^^^^^^^^^^^^^^^^^
  File "/sw/arch/RHEL8/EB_production/2023/software/Python/3.11.3-GCCcore-12.3.0/lib/python3.11/logging/__init__.py", line 953, in format
    return fmt.format(record)
           ^^^^^^^^^^^^^^^^^^
  File "/sw/arch/RHEL8/EB_production/2023/software/Python/3.11.3-GCCcore-12.3.0/lib/python3.11/logging/__init__.py", line 687, in format
    record.message = record.getMessage()
                     ^^^^^^^^^^^^^^^^^^^
  File "/sw/arch/RHEL8/EB_production/2023/software/Python/3.11.3-GCCcore-12.3.0/lib/python3.11/logging/__init__.py", line 377, in getMessage
    msg = msg % self.args
          ~~~~^~~~~~~~~~~
TypeError: not all arguments converted during string formatting
Call stack:
  File "/gpfs/home3/tsijpkens/TSPHardener/run.py", line 46, in <module>
    with Pool(processes=64) as pool:
  File "/sw/arch/RHEL8/EB_production/2023/software/Python/3.11.3-GCCcore-12.3.0/lib/python3.11/multiprocessing/context.py", line 119, in Pool
    return Pool(processes, initializer, initargs, maxtasksperchild,
  File "/sw/arch/RHEL8/EB_production/2023/software/Python/3.11.3-GCCcore-12.3.0/lib/python3.11/multiprocessing/pool.py", line 215, in __init__
    self._repopulate_pool()
  File "/sw/arch/RHEL8/EB_production/2023/software/Python/3.11.3-GCCcore-12.3.0/lib/python3.11/multiprocessing/pool.py", line 306, in _repopulate_pool
    return self._repopulate_pool_static(self._ctx, self.Process,
  File "/sw/arch/RHEL8/EB_production/2023/software/Python/3.11.3-GCCcore-12.3.0/lib/python3.11/multiprocessing/pool.py", line 329, in _repopulate_pool_static
    w.start()
  File "/sw/arch/RHEL8/EB_production/2023/software/Python/3.11.3-GCCcore-12.3.0/lib/python3.11/multiprocessing/process.py", line 121, in start
    self._popen = self._Popen(self)
--- Logging error ---
  File "/sw/arch/RHEL8/EB_production/2023/software/Python/3.11.3-GCCcore-12.3.0/lib/python3.11/multiprocessing/context.py", line 281, in _Popen
    return Popen(process_obj)
  File "/sw/arch/RHEL8/EB_production/2023/software/Python/3.11.3-GCCcore-12.3.0/lib/python3.11/multiprocessing/popen_fork.py", line 19, in __init__
    self._launch(process_obj)
  File "/sw/arch/RHEL8/EB_production/2023/software/Python/3.11.3-GCCcore-12.3.0/lib/python3.11/multiprocessing/popen_fork.py", line 71, in _launch
    code = process_obj._bootstrap(parent_sentinel=child_r)
  File "/sw/arch/RHEL8/EB_production/2023/software/Python/3.11.3-GCCcore-12.3.0/lib/python3.11/multiprocessing/process.py", line 314, in _bootstrap
    self.run()
  File "/sw/arch/RHEL8/EB_production/2023/software/Python/3.11.3-GCCcore-12.3.0/lib/python3.11/multiprocessing/process.py", line 108, in run
    self._target(*self._args, **self._kwargs)
  File "/sw/arch/RHEL8/EB_production/2023/software/Python/3.11.3-GCCcore-12.3.0/lib/python3.11/multiprocessing/pool.py", line 125, in worker
    result = (True, func(*args, **kwds))
  File "/sw/arch/RHEL8/EB_production/2023/software/Python/3.11.3-GCCcore-12.3.0/lib/python3.11/multiprocessing/pool.py", line 48, in mapstar
    return list(map(*args))
  File "/gpfs/home3/tsijpkens/TSPHardener/run.py", line 38, in run_experiment
    logging.error(f"Error in {cmd}:", f"{e.stderr}")
Message: "Error in ['python3', '-m', 'main', '[20]', '[45, 50, 55, 60]', '1000', '', '--tsp_type', 'euclidean', '--distribution', 'uniform', '--mutation_strategy', 'swap']:"
Arguments: ('Traceback (most recent call last):\n  File "<frozen runpy>", line 198, in _run_module_as_main\n  File "<frozen runpy>", line 88, in _run_code\n  File "/gpfs/home3/tsijpkens/TSPHardener/main.py", line 2, in <module>\n    from core.experiment import experiment\n  File "/gpfs/home3/tsijpkens/TSPHardener/core/experiment.py", line 6, in <module>\n    from .helpers import initialize_matrix_and_hardest, run_litals_algorithm\n  File "/gpfs/home3/tsijpkens/TSPHardener/core/helpers.py", line 5, in <module>\n    from .generate_tsp import generate_tsp\n  File "/gpfs/home3/tsijpkens/TSPHardener/core/generate_tsp.py", line 3, in <module>\n    from scipy.spatial.distance import pdist, squareform\nModuleNotFoundError: No module named \'scipy\'\n',)
--- Logging error ---
Traceback (most recent call last):
  File "/gpfs/home3/tsijpkens/TSPHardener/run.py", line 33, in run_experiment
    result = subprocess.run(cmd, check=True, text=True, capture_output=True)
             ^^^^^^^^^^^^^^^^^^^^^^^^^^^^^^^^^^^^^^^^^^^^^^^^^^^^^^^^^^^^^^^
  File "/sw/arch/RHEL8/EB_production/2023/software/Python/3.11.3-GCCcore-12.3.0/lib/python3.11/subprocess.py", line 571, in run
    raise CalledProcessError(retcode, process.args,
subprocess.CalledProcessError: Command '['python3', '-m', 'main', '[20]', '[65, 70, 75, 80]', '1000', '', '--tsp_type', 'asymmetric', '--distribution', 'uniform', '--mutation_strategy', 'scramble']' returned non-zero exit status 1.
Traceback (most recent call last):
  File "/gpfs/home3/tsijpkens/TSPHardener/run.py", line 33, in run_experiment
    result = subprocess.run(cmd, check=True, text=True, capture_output=True)
             ^^^^^^^^^^^^^^^^^^^^^^^^^^^^^^^^^^^^^^^^^^^^^^^^^^^^^^^^^^^^^^^
--- Logging error ---
  File "/sw/arch/RHEL8/EB_production/2023/software/Python/3.11.3-GCCcore-12.3.0/lib/python3.11/subprocess.py", line 571, in run
    raise CalledProcessError(retcode, process.args,
subprocess.CalledProcessError: Command '['python3', '-m', 'main', '[30]', '[25, 30, 35, 40]', '1000', '', '--tsp_type', 'euclidean', '--distribution', 'uniform', '--mutation_strategy', 'scramble']' returned non-zero exit status 1.

During handling of the above exception, another exception occurred:

Traceback (most recent call last):

During handling of the above exception, another exception occurred:

Traceback (most recent call last):
  File "/sw/arch/RHEL8/EB_production/2023/software/Python/3.11.3-GCCcore-12.3.0/lib/python3.11/logging/__init__.py", line 1110, in emit
    msg = self.format(record)
          ^^^^^^^^^^^^^^^^^^^
  File "/sw/arch/RHEL8/EB_production/2023/software/Python/3.11.3-GCCcore-12.3.0/lib/python3.11/logging/__init__.py", line 953, in format
    return fmt.format(record)
           ^^^^^^^^^^^^^^^^^^
  File "/sw/arch/RHEL8/EB_production/2023/software/Python/3.11.3-GCCcore-12.3.0/lib/python3.11/logging/__init__.py", line 687, in format
    record.message = record.getMessage()
                     ^^^^^^^^^^^^^^^^^^^
  File "/sw/arch/RHEL8/EB_production/2023/software/Python/3.11.3-GCCcore-12.3.0/lib/python3.11/logging/__init__.py", line 377, in getMessage
    msg = msg % self.args
          ~~~~^~~~~~~~~~~
  File "/sw/arch/RHEL8/EB_production/2023/software/Python/3.11.3-GCCcore-12.3.0/lib/python3.11/logging/__init__.py", line 1110, in emit
    msg = self.format(record)
          ^^^^^^^^^^^^^^^^^^^
TypeError: not all arguments converted during string formatting
  File "/sw/arch/RHEL8/EB_production/2023/software/Python/3.11.3-GCCcore-12.3.0/lib/python3.11/logging/__init__.py", line 953, in format
    return fmt.format(record)
           ^^^^^^^^^^^^^^^^^^
Call stack:
  File "/sw/arch/RHEL8/EB_production/2023/software/Python/3.11.3-GCCcore-12.3.0/lib/python3.11/logging/__init__.py", line 687, in format
    record.message = record.getMessage()
                     ^^^^^^^^^^^^^^^^^^^
  File "/sw/arch/RHEL8/EB_production/2023/software/Python/3.11.3-GCCcore-12.3.0/lib/python3.11/logging/__init__.py", line 377, in getMessage
    msg = msg % self.args
          ~~~~^~~~~~~~~~~
TypeError: not all arguments converted during string formatting
Call stack:
  File "/gpfs/home3/tsijpkens/TSPHardener/run.py", line 46, in <module>
    with Pool(processes=64) as pool:
  File "/sw/arch/RHEL8/EB_production/2023/software/Python/3.11.3-GCCcore-12.3.0/lib/python3.11/multiprocessing/context.py", line 119, in Pool
    return Pool(processes, initializer, initargs, maxtasksperchild,
  File "/sw/arch/RHEL8/EB_production/2023/software/Python/3.11.3-GCCcore-12.3.0/lib/python3.11/multiprocessing/pool.py", line 215, in __init__
    self._repopulate_pool()
  File "/sw/arch/RHEL8/EB_production/2023/software/Python/3.11.3-GCCcore-12.3.0/lib/python3.11/multiprocessing/pool.py", line 306, in _repopulate_pool
    return self._repopulate_pool_static(self._ctx, self.Process,
  File "/sw/arch/RHEL8/EB_production/2023/software/Python/3.11.3-GCCcore-12.3.0/lib/python3.11/multiprocessing/pool.py", line 329, in _repopulate_pool_static
    w.start()
  File "/sw/arch/RHEL8/EB_production/2023/software/Python/3.11.3-GCCcore-12.3.0/lib/python3.11/multiprocessing/process.py", line 121, in start
    self._popen = self._Popen(self)
  File "/sw/arch/RHEL8/EB_production/2023/software/Python/3.11.3-GCCcore-12.3.0/lib/python3.11/multiprocessing/context.py", line 281, in _Popen
    return Popen(process_obj)
  File "/sw/arch/RHEL8/EB_production/2023/software/Python/3.11.3-GCCcore-12.3.0/lib/python3.11/multiprocessing/popen_fork.py", line 19, in __init__
    self._launch(process_obj)
  File "/sw/arch/RHEL8/EB_production/2023/software/Python/3.11.3-GCCcore-12.3.0/lib/python3.11/multiprocessing/popen_fork.py", line 71, in _launch
    code = process_obj._bootstrap(parent_sentinel=child_r)
  File "/sw/arch/RHEL8/EB_production/2023/software/Python/3.11.3-GCCcore-12.3.0/lib/python3.11/multiprocessing/process.py", line 314, in _bootstrap
    self.run()
  File "/sw/arch/RHEL8/EB_production/2023/software/Python/3.11.3-GCCcore-12.3.0/lib/python3.11/multiprocessing/process.py", line 108, in run
    self._target(*self._args, **self._kwargs)
  File "/sw/arch/RHEL8/EB_production/2023/software/Python/3.11.3-GCCcore-12.3.0/lib/python3.11/multiprocessing/pool.py", line 125, in worker
    result = (True, func(*args, **kwds))
  File "/sw/arch/RHEL8/EB_production/2023/software/Python/3.11.3-GCCcore-12.3.0/lib/python3.11/multiprocessing/pool.py", line 48, in mapstar
    return list(map(*args))
  File "/gpfs/home3/tsijpkens/TSPHardener/run.py", line 38, in run_experiment
    logging.error(f"Error in {cmd}:", f"{e.stderr}")
Traceback (most recent call last):
Message: "Error in ['python3', '-m', 'main', '[20]', '[65, 70, 75, 80]', '1000', '', '--tsp_type', 'asymmetric', '--distribution', 'uniform', '--mutation_strategy', 'scramble']:"
Arguments: ('Traceback (most recent call last):\n  File "<frozen runpy>", line 198, in _run_module_as_main\n  File "<frozen runpy>", line 88, in _run_code\n  File "/gpfs/home3/tsijpkens/TSPHardener/main.py", line 2, in <module>\n    from core.experiment import experiment\n  File "/gpfs/home3/tsijpkens/TSPHardener/core/experiment.py", line 6, in <module>\n    from .helpers import initialize_matrix_and_hardest, run_litals_algorithm\n  File "/gpfs/home3/tsijpkens/TSPHardener/core/helpers.py", line 5, in <module>\n    from .generate_tsp import generate_tsp\n  File "/gpfs/home3/tsijpkens/TSPHardener/core/generate_tsp.py", line 3, in <module>\n    from scipy.spatial.distance import pdist, squareform\nModuleNotFoundError: No module named \'scipy\'\n',)
  File "/gpfs/home3/tsijpkens/TSPHardener/run.py", line 46, in <module>
    with Pool(processes=64) as pool:
  File "/sw/arch/RHEL8/EB_production/2023/software/Python/3.11.3-GCCcore-12.3.0/lib/python3.11/multiprocessing/context.py", line 119, in Pool
    return Pool(processes, initializer, initargs, maxtasksperchild,
  File "/sw/arch/RHEL8/EB_production/2023/software/Python/3.11.3-GCCcore-12.3.0/lib/python3.11/multiprocessing/pool.py", line 215, in __init__
    self._repopulate_pool()
  File "/sw/arch/RHEL8/EB_production/2023/software/Python/3.11.3-GCCcore-12.3.0/lib/python3.11/multiprocessing/pool.py", line 306, in _repopulate_pool
    return self._repopulate_pool_static(self._ctx, self.Process,
  File "/sw/arch/RHEL8/EB_production/2023/software/Python/3.11.3-GCCcore-12.3.0/lib/python3.11/multiprocessing/pool.py", line 329, in _repopulate_pool_static
    w.start()
  File "/gpfs/home3/tsijpkens/TSPHardener/run.py", line 33, in run_experiment
    result = subprocess.run(cmd, check=True, text=True, capture_output=True)
             ^^^^^^^^^^^^^^^^^^^^^^^^^^^^^^^^^^^^^^^^^^^^^^^^^^^^^^^^^^^^^^^
  File "/sw/arch/RHEL8/EB_production/2023/software/Python/3.11.3-GCCcore-12.3.0/lib/python3.11/multiprocessing/process.py", line 121, in start
    self._popen = self._Popen(self)
  File "/sw/arch/RHEL8/EB_production/2023/software/Python/3.11.3-GCCcore-12.3.0/lib/python3.11/subprocess.py", line 571, in run
    raise CalledProcessError(retcode, process.args,
  File "/sw/arch/RHEL8/EB_production/2023/software/Python/3.11.3-GCCcore-12.3.0/lib/python3.11/multiprocessing/context.py", line 281, in _Popen
    return Popen(process_obj)
  File "/sw/arch/RHEL8/EB_production/2023/software/Python/3.11.3-GCCcore-12.3.0/lib/python3.11/multiprocessing/popen_fork.py", line 19, in __init__
    self._launch(process_obj)
subprocess.CalledProcessError: Command '['python3', '-m', 'main', '[30]', '[5, 10, 15, 20]', '1000', '', '--tsp_type', 'euclidean', '--distribution', 'uniform', '--mutation_strategy', 'scramble']' returned non-zero exit status 1.
  File "/sw/arch/RHEL8/EB_production/2023/software/Python/3.11.3-GCCcore-12.3.0/lib/python3.11/multiprocessing/popen_fork.py", line 71, in _launch
    code = process_obj._bootstrap(parent_sentinel=child_r)
  File "/sw/arch/RHEL8/EB_production/2023/software/Python/3.11.3-GCCcore-12.3.0/lib/python3.11/multiprocessing/process.py", line 314, in _bootstrap
    self.run()
  File "/sw/arch/RHEL8/EB_production/2023/software/Python/3.11.3-GCCcore-12.3.0/lib/python3.11/multiprocessing/process.py", line 108, in run
    self._target(*self._args, **self._kwargs)
  File "/sw/arch/RHEL8/EB_production/2023/software/Python/3.11.3-GCCcore-12.3.0/lib/python3.11/multiprocessing/pool.py", line 125, in worker
    result = (True, func(*args, **kwds))
  File "/sw/arch/RHEL8/EB_production/2023/software/Python/3.11.3-GCCcore-12.3.0/lib/python3.11/multiprocessing/pool.py", line 48, in mapstar
    return list(map(*args))
  File "/gpfs/home3/tsijpkens/TSPHardener/run.py", line 38, in run_experiment
    logging.error(f"Error in {cmd}:", f"{e.stderr}")
Message: "Error in ['python3', '-m', 'main', '[30]', '[25, 30, 35, 40]', '1000', '', '--tsp_type', 'euclidean', '--distribution', 'uniform', '--mutation_strategy', 'scramble']:"
Arguments: ('Traceback (most recent call last):\n  File "<frozen runpy>", line 198, in _run_module_as_main\n  File "<frozen runpy>", line 88, in _run_code\n  File "/gpfs/home3/tsijpkens/TSPHardener/main.py", line 2, in <module>\n    from core.experiment import experiment\n  File "/gpfs/home3/tsijpkens/TSPHardener/core/experiment.py", line 6, in <module>\n    from .helpers import initialize_matrix_and_hardest, run_litals_algorithm\n  File "/gpfs/home3/tsijpkens/TSPHardener/core/helpers.py", line 5, in <module>\n    from .generate_tsp import generate_tsp\n  File "/gpfs/home3/tsijpkens/TSPHardener/core/generate_tsp.py", line 3, in <module>\n    from scipy.spatial.distance import pdist, squareform\nModuleNotFoundError: No module named \'scipy\'\n',)

During handling of the above exception, another exception occurred:

Traceback (most recent call last):
--- Logging error ---
  File "/sw/arch/RHEL8/EB_production/2023/software/Python/3.11.3-GCCcore-12.3.0/lib/python3.11/logging/__init__.py", line 1110, in emit
    msg = self.format(record)
          ^^^^^^^^^^^^^^^^^^^
  File "/sw/arch/RHEL8/EB_production/2023/software/Python/3.11.3-GCCcore-12.3.0/lib/python3.11/logging/__init__.py", line 953, in format
    return fmt.format(record)
           ^^^^^^^^^^^^^^^^^^
  File "/sw/arch/RHEL8/EB_production/2023/software/Python/3.11.3-GCCcore-12.3.0/lib/python3.11/logging/__init__.py", line 687, in format
    record.message = record.getMessage()
                     ^^^^^^^^^^^^^^^^^^^
  File "/sw/arch/RHEL8/EB_production/2023/software/Python/3.11.3-GCCcore-12.3.0/lib/python3.11/logging/__init__.py", line 377, in getMessage
    msg = msg % self.args
          ~~~~^~~~~~~~~~~
TypeError: not all arguments converted during string formatting
Call stack:
  File "/gpfs/home3/tsijpkens/TSPHardener/run.py", line 46, in <module>
    with Pool(processes=64) as pool:
  File "/sw/arch/RHEL8/EB_production/2023/software/Python/3.11.3-GCCcore-12.3.0/lib/python3.11/multiprocessing/context.py", line 119, in Pool
    return Pool(processes, initializer, initargs, maxtasksperchild,
  File "/sw/arch/RHEL8/EB_production/2023/software/Python/3.11.3-GCCcore-12.3.0/lib/python3.11/multiprocessing/pool.py", line 215, in __init__
    self._repopulate_pool()
  File "/sw/arch/RHEL8/EB_production/2023/software/Python/3.11.3-GCCcore-12.3.0/lib/python3.11/multiprocessing/pool.py", line 306, in _repopulate_pool
    return self._repopulate_pool_static(self._ctx, self.Process,
  File "/sw/arch/RHEL8/EB_production/2023/software/Python/3.11.3-GCCcore-12.3.0/lib/python3.11/multiprocessing/pool.py", line 329, in _repopulate_pool_static
    w.start()
  File "/sw/arch/RHEL8/EB_production/2023/software/Python/3.11.3-GCCcore-12.3.0/lib/python3.11/multiprocessing/process.py", line 121, in start
    self._popen = self._Popen(self)
  File "/sw/arch/RHEL8/EB_production/2023/software/Python/3.11.3-GCCcore-12.3.0/lib/python3.11/multiprocessing/context.py", line 281, in _Popen
    return Popen(process_obj)
  File "/sw/arch/RHEL8/EB_production/2023/software/Python/3.11.3-GCCcore-12.3.0/lib/python3.11/multiprocessing/popen_fork.py", line 19, in __init__
    self._launch(process_obj)
  File "/sw/arch/RHEL8/EB_production/2023/software/Python/3.11.3-GCCcore-12.3.0/lib/python3.11/multiprocessing/popen_fork.py", line 71, in _launch
    code = process_obj._bootstrap(parent_sentinel=child_r)
  File "/sw/arch/RHEL8/EB_production/2023/software/Python/3.11.3-GCCcore-12.3.0/lib/python3.11/multiprocessing/process.py", line 314, in _bootstrap
    self.run()
  File "/sw/arch/RHEL8/EB_production/2023/software/Python/3.11.3-GCCcore-12.3.0/lib/python3.11/multiprocessing/process.py", line 108, in run
    self._target(*self._args, **self._kwargs)
  File "/sw/arch/RHEL8/EB_production/2023/software/Python/3.11.3-GCCcore-12.3.0/lib/python3.11/multiprocessing/pool.py", line 125, in worker
    result = (True, func(*args, **kwds))
  File "/sw/arch/RHEL8/EB_production/2023/software/Python/3.11.3-GCCcore-12.3.0/lib/python3.11/multiprocessing/pool.py", line 48, in mapstar
    return list(map(*args))
  File "/gpfs/home3/tsijpkens/TSPHardener/run.py", line 38, in run_experiment
    logging.error(f"Error in {cmd}:", f"{e.stderr}")
Message: "Error in ['python3', '-m', 'main', '[30]', '[5, 10, 15, 20]', '1000', '', '--tsp_type', 'euclidean', '--distribution', 'uniform', '--mutation_strategy', 'scramble']:"
Arguments: ('Traceback (most recent call last):\n  File "<frozen runpy>", line 198, in _run_module_as_main\n  File "<frozen runpy>", line 88, in _run_code\n  File "/gpfs/home3/tsijpkens/TSPHardener/main.py", line 2, in <module>\n    from core.experiment import experiment\n  File "/gpfs/home3/tsijpkens/TSPHardener/core/experiment.py", line 6, in <module>\n    from .helpers import initialize_matrix_and_hardest, run_litals_algorithm\n  File "/gpfs/home3/tsijpkens/TSPHardener/core/helpers.py", line 5, in <module>\n    from .generate_tsp import generate_tsp\n  File "/gpfs/home3/tsijpkens/TSPHardener/core/generate_tsp.py", line 3, in <module>\n    from scipy.spatial.distance import pdist, squareform\nModuleNotFoundError: No module named \'scipy\'\n',)
Traceback (most recent call last):
  File "/gpfs/home3/tsijpkens/TSPHardener/run.py", line 33, in run_experiment
    result = subprocess.run(cmd, check=True, text=True, capture_output=True)
             ^^^^^^^^^^^^^^^^^^^^^^^^^^^^^^^^^^^^^^^^^^^^^^^^^^^^^^^^^^^^^^^
  File "/sw/arch/RHEL8/EB_production/2023/software/Python/3.11.3-GCCcore-12.3.0/lib/python3.11/subprocess.py", line 571, in run
    raise CalledProcessError(retcode, process.args,
subprocess.CalledProcessError: Command '['python3', '-m', 'main', '[30]', '[45, 50, 55, 60]', '1000', '', '--tsp_type', 'euclidean', '--distribution', 'uniform', '--mutation_strategy', 'wouter']' returned non-zero exit status 1.

During handling of the above exception, another exception occurred:

Traceback (most recent call last):
--- Logging error ---
  File "/sw/arch/RHEL8/EB_production/2023/software/Python/3.11.3-GCCcore-12.3.0/lib/python3.11/logging/__init__.py", line 1110, in emit
    msg = self.format(record)
          ^^^^^^^^^^^^^^^^^^^
  File "/sw/arch/RHEL8/EB_production/2023/software/Python/3.11.3-GCCcore-12.3.0/lib/python3.11/logging/__init__.py", line 953, in format
    return fmt.format(record)
           ^^^^^^^^^^^^^^^^^^
  File "/sw/arch/RHEL8/EB_production/2023/software/Python/3.11.3-GCCcore-12.3.0/lib/python3.11/logging/__init__.py", line 687, in format
    record.message = record.getMessage()
                     ^^^^^^^^^^^^^^^^^^^
  File "/sw/arch/RHEL8/EB_production/2023/software/Python/3.11.3-GCCcore-12.3.0/lib/python3.11/logging/__init__.py", line 377, in getMessage
    msg = msg % self.args
          ~~~~^~~~~~~~~~~
TypeError: not all arguments converted during string formatting
Call stack:
  File "/gpfs/home3/tsijpkens/TSPHardener/run.py", line 46, in <module>
    with Pool(processes=64) as pool:
  File "/sw/arch/RHEL8/EB_production/2023/software/Python/3.11.3-GCCcore-12.3.0/lib/python3.11/multiprocessing/context.py", line 119, in Pool
    return Pool(processes, initializer, initargs, maxtasksperchild,
  File "/sw/arch/RHEL8/EB_production/2023/software/Python/3.11.3-GCCcore-12.3.0/lib/python3.11/multiprocessing/pool.py", line 215, in __init__
    self._repopulate_pool()
  File "/sw/arch/RHEL8/EB_production/2023/software/Python/3.11.3-GCCcore-12.3.0/lib/python3.11/multiprocessing/pool.py", line 306, in _repopulate_pool
    return self._repopulate_pool_static(self._ctx, self.Process,
  File "/sw/arch/RHEL8/EB_production/2023/software/Python/3.11.3-GCCcore-12.3.0/lib/python3.11/multiprocessing/pool.py", line 329, in _repopulate_pool_static
    w.start()
  File "/sw/arch/RHEL8/EB_production/2023/software/Python/3.11.3-GCCcore-12.3.0/lib/python3.11/multiprocessing/process.py", line 121, in start
    self._popen = self._Popen(self)
  File "/sw/arch/RHEL8/EB_production/2023/software/Python/3.11.3-GCCcore-12.3.0/lib/python3.11/multiprocessing/context.py", line 281, in _Popen
    return Popen(process_obj)
  File "/sw/arch/RHEL8/EB_production/2023/software/Python/3.11.3-GCCcore-12.3.0/lib/python3.11/multiprocessing/popen_fork.py", line 19, in __init__
    self._launch(process_obj)
Traceback (most recent call last):
  File "/sw/arch/RHEL8/EB_production/2023/software/Python/3.11.3-GCCcore-12.3.0/lib/python3.11/multiprocessing/popen_fork.py", line 71, in _launch
    code = process_obj._bootstrap(parent_sentinel=child_r)
  File "/sw/arch/RHEL8/EB_production/2023/software/Python/3.11.3-GCCcore-12.3.0/lib/python3.11/multiprocessing/process.py", line 314, in _bootstrap
    self.run()
  File "/sw/arch/RHEL8/EB_production/2023/software/Python/3.11.3-GCCcore-12.3.0/lib/python3.11/multiprocessing/process.py", line 108, in run
    self._target(*self._args, **self._kwargs)
  File "/sw/arch/RHEL8/EB_production/2023/software/Python/3.11.3-GCCcore-12.3.0/lib/python3.11/multiprocessing/pool.py", line 125, in worker
    result = (True, func(*args, **kwds))
  File "/sw/arch/RHEL8/EB_production/2023/software/Python/3.11.3-GCCcore-12.3.0/lib/python3.11/multiprocessing/pool.py", line 48, in mapstar
    return list(map(*args))
  File "/gpfs/home3/tsijpkens/TSPHardener/run.py", line 38, in run_experiment
    logging.error(f"Error in {cmd}:", f"{e.stderr}")
Message: "Error in ['python3', '-m', 'main', '[30]', '[45, 50, 55, 60]', '1000', '', '--tsp_type', 'euclidean', '--distribution', 'uniform', '--mutation_strategy', 'wouter']:"
Arguments: ('Traceback (most recent call last):\n  File "<frozen runpy>", line 198, in _run_module_as_main\n  File "<frozen runpy>", line 88, in _run_code\n  File "/gpfs/home3/tsijpkens/TSPHardener/main.py", line 2, in <module>\n    from core.experiment import experiment\n  File "/gpfs/home3/tsijpkens/TSPHardener/core/experiment.py", line 6, in <module>\n    from .helpers import initialize_matrix_and_hardest, run_litals_algorithm\n  File "/gpfs/home3/tsijpkens/TSPHardener/core/helpers.py", line 5, in <module>\n    from .generate_tsp import generate_tsp\n  File "/gpfs/home3/tsijpkens/TSPHardener/core/generate_tsp.py", line 3, in <module>\n    from scipy.spatial.distance import pdist, squareform\nModuleNotFoundError: No module named \'scipy\'\n',)
  File "/gpfs/home3/tsijpkens/TSPHardener/run.py", line 33, in run_experiment
    result = subprocess.run(cmd, check=True, text=True, capture_output=True)
             ^^^^^^^^^^^^^^^^^^^^^^^^^^^^^^^^^^^^^^^^^^^^^^^^^^^^^^^^^^^^^^^
  File "/sw/arch/RHEL8/EB_production/2023/software/Python/3.11.3-GCCcore-12.3.0/lib/python3.11/subprocess.py", line 571, in run
    raise CalledProcessError(retcode, process.args,
subprocess.CalledProcessError: Command '['python3', '-m', 'main', '[20]', '[45, 50, 55, 60]', '1000', '', '--tsp_type', 'euclidean', '--distribution', 'uniform', '--mutation_strategy', 'scramble']' returned non-zero exit status 1.

During handling of the above exception, another exception occurred:

Traceback (most recent call last):
  File "/sw/arch/RHEL8/EB_production/2023/software/Python/3.11.3-GCCcore-12.3.0/lib/python3.11/logging/__init__.py", line 1110, in emit
    msg = self.format(record)
          ^^^^^^^^^^^^^^^^^^^
  File "/sw/arch/RHEL8/EB_production/2023/software/Python/3.11.3-GCCcore-12.3.0/lib/python3.11/logging/__init__.py", line 953, in format
    return fmt.format(record)
           ^^^^^^^^^^^^^^^^^^
  File "/sw/arch/RHEL8/EB_production/2023/software/Python/3.11.3-GCCcore-12.3.0/lib/python3.11/logging/__init__.py", line 687, in format
    record.message = record.getMessage()
                     ^^^^^^^^^^^^^^^^^^^
  File "/sw/arch/RHEL8/EB_production/2023/software/Python/3.11.3-GCCcore-12.3.0/lib/python3.11/logging/__init__.py", line 377, in getMessage
    msg = msg % self.args
          ~~~~^~~~~~~~~~~
--- Logging error ---
TypeError: not all arguments converted during string formatting
Call stack:
--- Logging error ---
  File "/gpfs/home3/tsijpkens/TSPHardener/run.py", line 46, in <module>
    with Pool(processes=64) as pool:
  File "/sw/arch/RHEL8/EB_production/2023/software/Python/3.11.3-GCCcore-12.3.0/lib/python3.11/multiprocessing/context.py", line 119, in Pool
    return Pool(processes, initializer, initargs, maxtasksperchild,
  File "/sw/arch/RHEL8/EB_production/2023/software/Python/3.11.3-GCCcore-12.3.0/lib/python3.11/multiprocessing/pool.py", line 215, in __init__
    self._repopulate_pool()
  File "/sw/arch/RHEL8/EB_production/2023/software/Python/3.11.3-GCCcore-12.3.0/lib/python3.11/multiprocessing/pool.py", line 306, in _repopulate_pool
    return self._repopulate_pool_static(self._ctx, self.Process,
  File "/sw/arch/RHEL8/EB_production/2023/software/Python/3.11.3-GCCcore-12.3.0/lib/python3.11/multiprocessing/pool.py", line 329, in _repopulate_pool_static
    w.start()
  File "/sw/arch/RHEL8/EB_production/2023/software/Python/3.11.3-GCCcore-12.3.0/lib/python3.11/multiprocessing/process.py", line 121, in start
    self._popen = self._Popen(self)
  File "/sw/arch/RHEL8/EB_production/2023/software/Python/3.11.3-GCCcore-12.3.0/lib/python3.11/multiprocessing/context.py", line 281, in _Popen
    return Popen(process_obj)
  File "/sw/arch/RHEL8/EB_production/2023/software/Python/3.11.3-GCCcore-12.3.0/lib/python3.11/multiprocessing/popen_fork.py", line 19, in __init__
    self._launch(process_obj)
  File "/sw/arch/RHEL8/EB_production/2023/software/Python/3.11.3-GCCcore-12.3.0/lib/python3.11/multiprocessing/popen_fork.py", line 71, in _launch
    code = process_obj._bootstrap(parent_sentinel=child_r)
  File "/sw/arch/RHEL8/EB_production/2023/software/Python/3.11.3-GCCcore-12.3.0/lib/python3.11/multiprocessing/process.py", line 314, in _bootstrap
    self.run()
  File "/sw/arch/RHEL8/EB_production/2023/software/Python/3.11.3-GCCcore-12.3.0/lib/python3.11/multiprocessing/process.py", line 108, in run
    self._target(*self._args, **self._kwargs)
  File "/sw/arch/RHEL8/EB_production/2023/software/Python/3.11.3-GCCcore-12.3.0/lib/python3.11/multiprocessing/pool.py", line 125, in worker
    result = (True, func(*args, **kwds))
  File "/sw/arch/RHEL8/EB_production/2023/software/Python/3.11.3-GCCcore-12.3.0/lib/python3.11/multiprocessing/pool.py", line 48, in mapstar
    return list(map(*args))
  File "/gpfs/home3/tsijpkens/TSPHardener/run.py", line 38, in run_experiment
    logging.error(f"Error in {cmd}:", f"{e.stderr}")
Message: "Error in ['python3', '-m', 'main', '[20]', '[45, 50, 55, 60]', '1000', '', '--tsp_type', 'euclidean', '--distribution', 'uniform', '--mutation_strategy', 'scramble']:"
Arguments: ('Traceback (most recent call last):\n  File "<frozen runpy>", line 198, in _run_module_as_main\n  File "<frozen runpy>", line 88, in _run_code\n  File "/gpfs/home3/tsijpkens/TSPHardener/main.py", line 2, in <module>\n    from core.experiment import experiment\n  File "/gpfs/home3/tsijpkens/TSPHardener/core/experiment.py", line 6, in <module>\n    from .helpers import initialize_matrix_and_hardest, run_litals_algorithm\n  File "/gpfs/home3/tsijpkens/TSPHardener/core/helpers.py", line 5, in <module>\n    from .generate_tsp import generate_tsp\n  File "/gpfs/home3/tsijpkens/TSPHardener/core/generate_tsp.py", line 3, in <module>\n    from scipy.spatial.distance import pdist, squareform\nModuleNotFoundError: No module named \'scipy\'\n',)
--- Logging error ---
Traceback (most recent call last):
Traceback (most recent call last):
  File "/gpfs/home3/tsijpkens/TSPHardener/run.py", line 33, in run_experiment
    result = subprocess.run(cmd, check=True, text=True, capture_output=True)
             ^^^^^^^^^^^^^^^^^^^^^^^^^^^^^^^^^^^^^^^^^^^^^^^^^^^^^^^^^^^^^^^
  File "/sw/arch/RHEL8/EB_production/2023/software/Python/3.11.3-GCCcore-12.3.0/lib/python3.11/subprocess.py", line 571, in run
    raise CalledProcessError(retcode, process.args,
subprocess.CalledProcessError: Command '['python3', '-m', 'main', '[30]', '[55, 60]', '1000', '', '--tsp_type', 'asymmetric', '--distribution', 'uniform', '--mutation_strategy', 'wouter']' returned non-zero exit status 1.

During handling of the above exception, another exception occurred:

Traceback (most recent call last):
  File "/gpfs/home3/tsijpkens/TSPHardener/run.py", line 33, in run_experiment
    result = subprocess.run(cmd, check=True, text=True, capture_output=True)
             ^^^^^^^^^^^^^^^^^^^^^^^^^^^^^^^^^^^^^^^^^^^^^^^^^^^^^^^^^^^^^^^
  File "/sw/arch/RHEL8/EB_production/2023/software/Python/3.11.3-GCCcore-12.3.0/lib/python3.11/subprocess.py", line 571, in run
    raise CalledProcessError(retcode, process.args,
subprocess.CalledProcessError: Command '['python3', '-m', 'main', '[30]', '[85, 90, 95, 100]', '1000', '', '--tsp_type', 'euclidean', '--distribution', 'uniform', '--mutation_strategy', 'wouter']' returned non-zero exit status 1.

During handling of the above exception, another exception occurred:

Traceback (most recent call last):
  File "/sw/arch/RHEL8/EB_production/2023/software/Python/3.11.3-GCCcore-12.3.0/lib/python3.11/logging/__init__.py", line 1110, in emit
    msg = self.format(record)
          ^^^^^^^^^^^^^^^^^^^
  File "/sw/arch/RHEL8/EB_production/2023/software/Python/3.11.3-GCCcore-12.3.0/lib/python3.11/logging/__init__.py", line 953, in format
    return fmt.format(record)
           ^^^^^^^^^^^^^^^^^^
  File "/sw/arch/RHEL8/EB_production/2023/software/Python/3.11.3-GCCcore-12.3.0/lib/python3.11/logging/__init__.py", line 687, in format
    record.message = record.getMessage()
                     ^^^^^^^^^^^^^^^^^^^
  File "/sw/arch/RHEL8/EB_production/2023/software/Python/3.11.3-GCCcore-12.3.0/lib/python3.11/logging/__init__.py", line 377, in getMessage
    msg = msg % self.args
          ~~~~^~~~~~~~~~~
TypeError: not all arguments converted during string formatting
Call stack:
  File "/sw/arch/RHEL8/EB_production/2023/software/Python/3.11.3-GCCcore-12.3.0/lib/python3.11/logging/__init__.py", line 1110, in emit
    msg = self.format(record)
          ^^^^^^^^^^^^^^^^^^^
  File "/sw/arch/RHEL8/EB_production/2023/software/Python/3.11.3-GCCcore-12.3.0/lib/python3.11/logging/__init__.py", line 953, in format
    return fmt.format(record)
           ^^^^^^^^^^^^^^^^^^
  File "/sw/arch/RHEL8/EB_production/2023/software/Python/3.11.3-GCCcore-12.3.0/lib/python3.11/logging/__init__.py", line 687, in format
    record.message = record.getMessage()
                     ^^^^^^^^^^^^^^^^^^^
  File "/sw/arch/RHEL8/EB_production/2023/software/Python/3.11.3-GCCcore-12.3.0/lib/python3.11/logging/__init__.py", line 377, in getMessage
    msg = msg % self.args
          ~~~~^~~~~~~~~~~
TypeError: not all arguments converted during string formatting
Call stack:
Traceback (most recent call last):
  File "/gpfs/home3/tsijpkens/TSPHardener/run.py", line 33, in run_experiment
    result = subprocess.run(cmd, check=True, text=True, capture_output=True)
             ^^^^^^^^^^^^^^^^^^^^^^^^^^^^^^^^^^^^^^^^^^^^^^^^^^^^^^^^^^^^^^^
  File "/sw/arch/RHEL8/EB_production/2023/software/Python/3.11.3-GCCcore-12.3.0/lib/python3.11/subprocess.py", line 571, in run
    raise CalledProcessError(retcode, process.args,
subprocess.CalledProcessError: Command '['python3', '-m', 'main', '[30]', '[5, 10, 15, 20]', '1000', '', '--tsp_type', 'euclidean', '--distribution', 'uniform', '--mutation_strategy', 'wouter']' returned non-zero exit status 1.

During handling of the above exception, another exception occurred:

Traceback (most recent call last):
  File "/sw/arch/RHEL8/EB_production/2023/software/Python/3.11.3-GCCcore-12.3.0/lib/python3.11/logging/__init__.py", line 1110, in emit
    msg = self.format(record)
          ^^^^^^^^^^^^^^^^^^^
  File "/sw/arch/RHEL8/EB_production/2023/software/Python/3.11.3-GCCcore-12.3.0/lib/python3.11/logging/__init__.py", line 953, in format
    return fmt.format(record)
           ^^^^^^^^^^^^^^^^^^
  File "/sw/arch/RHEL8/EB_production/2023/software/Python/3.11.3-GCCcore-12.3.0/lib/python3.11/logging/__init__.py", line 687, in format
    record.message = record.getMessage()
                     ^^^^^^^^^^^^^^^^^^^
  File "/sw/arch/RHEL8/EB_production/2023/software/Python/3.11.3-GCCcore-12.3.0/lib/python3.11/logging/__init__.py", line 377, in getMessage
    msg = msg % self.args
          ~~~~^~~~~~~~~~~
TypeError: not all arguments converted during string formatting
Call stack:
  File "/gpfs/home3/tsijpkens/TSPHardener/run.py", line 46, in <module>
    with Pool(processes=64) as pool:
  File "/sw/arch/RHEL8/EB_production/2023/software/Python/3.11.3-GCCcore-12.3.0/lib/python3.11/multiprocessing/context.py", line 119, in Pool
    return Pool(processes, initializer, initargs, maxtasksperchild,
  File "/sw/arch/RHEL8/EB_production/2023/software/Python/3.11.3-GCCcore-12.3.0/lib/python3.11/multiprocessing/pool.py", line 215, in __init__
    self._repopulate_pool()
  File "/sw/arch/RHEL8/EB_production/2023/software/Python/3.11.3-GCCcore-12.3.0/lib/python3.11/multiprocessing/pool.py", line 306, in _repopulate_pool
    return self._repopulate_pool_static(self._ctx, self.Process,
  File "/sw/arch/RHEL8/EB_production/2023/software/Python/3.11.3-GCCcore-12.3.0/lib/python3.11/multiprocessing/pool.py", line 329, in _repopulate_pool_static
    w.start()
  File "/gpfs/home3/tsijpkens/TSPHardener/run.py", line 46, in <module>
    with Pool(processes=64) as pool:
  File "/sw/arch/RHEL8/EB_production/2023/software/Python/3.11.3-GCCcore-12.3.0/lib/python3.11/multiprocessing/process.py", line 121, in start
    self._popen = self._Popen(self)
  File "/sw/arch/RHEL8/EB_production/2023/software/Python/3.11.3-GCCcore-12.3.0/lib/python3.11/multiprocessing/context.py", line 119, in Pool
    return Pool(processes, initializer, initargs, maxtasksperchild,
  File "/sw/arch/RHEL8/EB_production/2023/software/Python/3.11.3-GCCcore-12.3.0/lib/python3.11/multiprocessing/context.py", line 281, in _Popen
    return Popen(process_obj)
  File "/sw/arch/RHEL8/EB_production/2023/software/Python/3.11.3-GCCcore-12.3.0/lib/python3.11/multiprocessing/pool.py", line 215, in __init__
    self._repopulate_pool()
  File "/sw/arch/RHEL8/EB_production/2023/software/Python/3.11.3-GCCcore-12.3.0/lib/python3.11/multiprocessing/popen_fork.py", line 19, in __init__
    self._launch(process_obj)
  File "/sw/arch/RHEL8/EB_production/2023/software/Python/3.11.3-GCCcore-12.3.0/lib/python3.11/multiprocessing/pool.py", line 306, in _repopulate_pool
    return self._repopulate_pool_static(self._ctx, self.Process,
  File "/sw/arch/RHEL8/EB_production/2023/software/Python/3.11.3-GCCcore-12.3.0/lib/python3.11/multiprocessing/popen_fork.py", line 71, in _launch
    code = process_obj._bootstrap(parent_sentinel=child_r)
  File "/sw/arch/RHEL8/EB_production/2023/software/Python/3.11.3-GCCcore-12.3.0/lib/python3.11/multiprocessing/pool.py", line 329, in _repopulate_pool_static
    w.start()
  File "/sw/arch/RHEL8/EB_production/2023/software/Python/3.11.3-GCCcore-12.3.0/lib/python3.11/multiprocessing/process.py", line 314, in _bootstrap
    self.run()
  File "/sw/arch/RHEL8/EB_production/2023/software/Python/3.11.3-GCCcore-12.3.0/lib/python3.11/multiprocessing/process.py", line 121, in start
    self._popen = self._Popen(self)
  File "/sw/arch/RHEL8/EB_production/2023/software/Python/3.11.3-GCCcore-12.3.0/lib/python3.11/multiprocessing/process.py", line 108, in run
    self._target(*self._args, **self._kwargs)
  File "/sw/arch/RHEL8/EB_production/2023/software/Python/3.11.3-GCCcore-12.3.0/lib/python3.11/multiprocessing/context.py", line 281, in _Popen
    return Popen(process_obj)
  File "/sw/arch/RHEL8/EB_production/2023/software/Python/3.11.3-GCCcore-12.3.0/lib/python3.11/multiprocessing/pool.py", line 125, in worker
    result = (True, func(*args, **kwds))
  File "/sw/arch/RHEL8/EB_production/2023/software/Python/3.11.3-GCCcore-12.3.0/lib/python3.11/multiprocessing/popen_fork.py", line 19, in __init__
    self._launch(process_obj)
  File "/sw/arch/RHEL8/EB_production/2023/software/Python/3.11.3-GCCcore-12.3.0/lib/python3.11/multiprocessing/pool.py", line 48, in mapstar
    return list(map(*args))
  File "/sw/arch/RHEL8/EB_production/2023/software/Python/3.11.3-GCCcore-12.3.0/lib/python3.11/multiprocessing/popen_fork.py", line 71, in _launch
    code = process_obj._bootstrap(parent_sentinel=child_r)
  File "/gpfs/home3/tsijpkens/TSPHardener/run.py", line 38, in run_experiment
    logging.error(f"Error in {cmd}:", f"{e.stderr}")
  File "/sw/arch/RHEL8/EB_production/2023/software/Python/3.11.3-GCCcore-12.3.0/lib/python3.11/multiprocessing/process.py", line 314, in _bootstrap
    self.run()
  File "/sw/arch/RHEL8/EB_production/2023/software/Python/3.11.3-GCCcore-12.3.0/lib/python3.11/multiprocessing/process.py", line 108, in run
    self._target(*self._args, **self._kwargs)
  File "/sw/arch/RHEL8/EB_production/2023/software/Python/3.11.3-GCCcore-12.3.0/lib/python3.11/multiprocessing/pool.py", line 125, in worker
    result = (True, func(*args, **kwds))
Message: "Error in ['python3', '-m', 'main', '[30]', '[85, 90, 95, 100]', '1000', '', '--tsp_type', 'euclidean', '--distribution', 'uniform', '--mutation_strategy', 'wouter']:"
Arguments: ('Traceback (most recent call last):\n  File "<frozen runpy>", line 198, in _run_module_as_main\n  File "<frozen runpy>", line 88, in _run_code\n  File "/gpfs/home3/tsijpkens/TSPHardener/main.py", line 2, in <module>\n    from core.experiment import experiment\n  File "/gpfs/home3/tsijpkens/TSPHardener/core/experiment.py", line 6, in <module>\n    from .helpers import initialize_matrix_and_hardest, run_litals_algorithm\n  File "/gpfs/home3/tsijpkens/TSPHardener/core/helpers.py", line 5, in <module>\n    from .generate_tsp import generate_tsp\n  File "/gpfs/home3/tsijpkens/TSPHardener/core/generate_tsp.py", line 3, in <module>\n    from scipy.spatial.distance import pdist, squareform\nModuleNotFoundError: No module named \'scipy\'\n',)
  File "/sw/arch/RHEL8/EB_production/2023/software/Python/3.11.3-GCCcore-12.3.0/lib/python3.11/multiprocessing/pool.py", line 48, in mapstar
    return list(map(*args))
  File "/gpfs/home3/tsijpkens/TSPHardener/run.py", line 38, in run_experiment
    logging.error(f"Error in {cmd}:", f"{e.stderr}")
Message: "Error in ['python3', '-m', 'main', '[30]', '[55, 60]', '1000', '', '--tsp_type', 'asymmetric', '--distribution', 'uniform', '--mutation_strategy', 'wouter']:"
Arguments: ('Traceback (most recent call last):\n  File "<frozen runpy>", line 198, in _run_module_as_main\n  File "<frozen runpy>", line 88, in _run_code\n  File "/gpfs/home3/tsijpkens/TSPHardener/main.py", line 2, in <module>\n    from core.experiment import experiment\n  File "/gpfs/home3/tsijpkens/TSPHardener/core/experiment.py", line 6, in <module>\n    from .helpers import initialize_matrix_and_hardest, run_litals_algorithm\n  File "/gpfs/home3/tsijpkens/TSPHardener/core/helpers.py", line 5, in <module>\n    from .generate_tsp import generate_tsp\n  File "/gpfs/home3/tsijpkens/TSPHardener/core/generate_tsp.py", line 3, in <module>\n    from scipy.spatial.distance import pdist, squareform\nModuleNotFoundError: No module named \'scipy\'\n',)
  File "/gpfs/home3/tsijpkens/TSPHardener/run.py", line 46, in <module>
    with Pool(processes=64) as pool:
  File "/sw/arch/RHEL8/EB_production/2023/software/Python/3.11.3-GCCcore-12.3.0/lib/python3.11/multiprocessing/context.py", line 119, in Pool
    return Pool(processes, initializer, initargs, maxtasksperchild,
  File "/sw/arch/RHEL8/EB_production/2023/software/Python/3.11.3-GCCcore-12.3.0/lib/python3.11/multiprocessing/pool.py", line 215, in __init__
    self._repopulate_pool()
  File "/sw/arch/RHEL8/EB_production/2023/software/Python/3.11.3-GCCcore-12.3.0/lib/python3.11/multiprocessing/pool.py", line 306, in _repopulate_pool
    return self._repopulate_pool_static(self._ctx, self.Process,
  File "/sw/arch/RHEL8/EB_production/2023/software/Python/3.11.3-GCCcore-12.3.0/lib/python3.11/multiprocessing/pool.py", line 329, in _repopulate_pool_static
    w.start()
  File "/sw/arch/RHEL8/EB_production/2023/software/Python/3.11.3-GCCcore-12.3.0/lib/python3.11/multiprocessing/process.py", line 121, in start
    self._popen = self._Popen(self)
  File "/sw/arch/RHEL8/EB_production/2023/software/Python/3.11.3-GCCcore-12.3.0/lib/python3.11/multiprocessing/context.py", line 281, in _Popen
    return Popen(process_obj)
  File "/sw/arch/RHEL8/EB_production/2023/software/Python/3.11.3-GCCcore-12.3.0/lib/python3.11/multiprocessing/popen_fork.py", line 19, in __init__
    self._launch(process_obj)
  File "/sw/arch/RHEL8/EB_production/2023/software/Python/3.11.3-GCCcore-12.3.0/lib/python3.11/multiprocessing/popen_fork.py", line 71, in _launch
    code = process_obj._bootstrap(parent_sentinel=child_r)
  File "/sw/arch/RHEL8/EB_production/2023/software/Python/3.11.3-GCCcore-12.3.0/lib/python3.11/multiprocessing/process.py", line 314, in _bootstrap
    self.run()
  File "/sw/arch/RHEL8/EB_production/2023/software/Python/3.11.3-GCCcore-12.3.0/lib/python3.11/multiprocessing/process.py", line 108, in run
    self._target(*self._args, **self._kwargs)
  File "/sw/arch/RHEL8/EB_production/2023/software/Python/3.11.3-GCCcore-12.3.0/lib/python3.11/multiprocessing/pool.py", line 125, in worker
    result = (True, func(*args, **kwds))
  File "/sw/arch/RHEL8/EB_production/2023/software/Python/3.11.3-GCCcore-12.3.0/lib/python3.11/multiprocessing/pool.py", line 48, in mapstar
    return list(map(*args))
  File "/gpfs/home3/tsijpkens/TSPHardener/run.py", line 38, in run_experiment
    logging.error(f"Error in {cmd}:", f"{e.stderr}")
Message: "Error in ['python3', '-m', 'main', '[30]', '[5, 10, 15, 20]', '1000', '', '--tsp_type', 'euclidean', '--distribution', 'uniform', '--mutation_strategy', 'wouter']:"
Arguments: ('Traceback (most recent call last):\n  File "<frozen runpy>", line 198, in _run_module_as_main\n  File "<frozen runpy>", line 88, in _run_code\n  File "/gpfs/home3/tsijpkens/TSPHardener/main.py", line 2, in <module>\n    from core.experiment import experiment\n  File "/gpfs/home3/tsijpkens/TSPHardener/core/experiment.py", line 6, in <module>\n    from .helpers import initialize_matrix_and_hardest, run_litals_algorithm\n  File "/gpfs/home3/tsijpkens/TSPHardener/core/helpers.py", line 5, in <module>\n    from .generate_tsp import generate_tsp\n  File "/gpfs/home3/tsijpkens/TSPHardener/core/generate_tsp.py", line 3, in <module>\n    from scipy.spatial.distance import pdist, squareform\nModuleNotFoundError: No module named \'scipy\'\n',)
--- Logging error ---
--- Logging error ---
Traceback (most recent call last):
  File "/gpfs/home3/tsijpkens/TSPHardener/run.py", line 33, in run_experiment
    result = subprocess.run(cmd, check=True, text=True, capture_output=True)
             ^^^^^^^^^^^^^^^^^^^^^^^^^^^^^^^^^^^^^^^^^^^^^^^^^^^^^^^^^^^^^^^
  File "/sw/arch/RHEL8/EB_production/2023/software/Python/3.11.3-GCCcore-12.3.0/lib/python3.11/subprocess.py", line 571, in run
    raise CalledProcessError(retcode, process.args,
subprocess.CalledProcessError: Command '['python3', '-m', 'main', '[30]', '[85, 90, 95, 100]', '1000', '', '--tsp_type', 'asymmetric', '--distribution', 'uniform', '--mutation_strategy', 'wouter']' returned non-zero exit status 1.

During handling of the above exception, another exception occurred:

Traceback (most recent call last):
  File "/sw/arch/RHEL8/EB_production/2023/software/Python/3.11.3-GCCcore-12.3.0/lib/python3.11/logging/__init__.py", line 1110, in emit
    msg = self.format(record)
          ^^^^^^^^^^^^^^^^^^^
  File "/sw/arch/RHEL8/EB_production/2023/software/Python/3.11.3-GCCcore-12.3.0/lib/python3.11/logging/__init__.py", line 953, in format
    return fmt.format(record)
           ^^^^^^^^^^^^^^^^^^
  File "/sw/arch/RHEL8/EB_production/2023/software/Python/3.11.3-GCCcore-12.3.0/lib/python3.11/logging/__init__.py", line 687, in format
    record.message = record.getMessage()
                     ^^^^^^^^^^^^^^^^^^^
  File "/sw/arch/RHEL8/EB_production/2023/software/Python/3.11.3-GCCcore-12.3.0/lib/python3.11/logging/__init__.py", line 377, in getMessage
    msg = msg % self.args
          ~~~~^~~~~~~~~~~
TypeError: not all arguments converted during string formatting
Traceback (most recent call last):
Call stack:
  File "/gpfs/home3/tsijpkens/TSPHardener/run.py", line 33, in run_experiment
    result = subprocess.run(cmd, check=True, text=True, capture_output=True)
             ^^^^^^^^^^^^^^^^^^^^^^^^^^^^^^^^^^^^^^^^^^^^^^^^^^^^^^^^^^^^^^^
  File "/sw/arch/RHEL8/EB_production/2023/software/Python/3.11.3-GCCcore-12.3.0/lib/python3.11/subprocess.py", line 571, in run
    raise CalledProcessError(retcode, process.args,
subprocess.CalledProcessError: Command '['python3', '-m', 'main', '[30]', '[35, 40]', '1000', '', '--tsp_type', 'asymmetric', '--distribution', 'uniform', '--mutation_strategy', 'wouter']' returned non-zero exit status 1.

During handling of the above exception, another exception occurred:

Traceback (most recent call last):
  File "/sw/arch/RHEL8/EB_production/2023/software/Python/3.11.3-GCCcore-12.3.0/lib/python3.11/logging/__init__.py", line 1110, in emit
    msg = self.format(record)
          ^^^^^^^^^^^^^^^^^^^
  File "/sw/arch/RHEL8/EB_production/2023/software/Python/3.11.3-GCCcore-12.3.0/lib/python3.11/logging/__init__.py", line 953, in format
    return fmt.format(record)
           ^^^^^^^^^^^^^^^^^^
  File "/sw/arch/RHEL8/EB_production/2023/software/Python/3.11.3-GCCcore-12.3.0/lib/python3.11/logging/__init__.py", line 687, in format
    record.message = record.getMessage()
                     ^^^^^^^^^^^^^^^^^^^
  File "/sw/arch/RHEL8/EB_production/2023/software/Python/3.11.3-GCCcore-12.3.0/lib/python3.11/logging/__init__.py", line 377, in getMessage
    msg = msg % self.args
          ~~~~^~~~~~~~~~~
TypeError: not all arguments converted during string formatting
Call stack:
  File "/gpfs/home3/tsijpkens/TSPHardener/run.py", line 46, in <module>
    with Pool(processes=64) as pool:
  File "/sw/arch/RHEL8/EB_production/2023/software/Python/3.11.3-GCCcore-12.3.0/lib/python3.11/multiprocessing/context.py", line 119, in Pool
    return Pool(processes, initializer, initargs, maxtasksperchild,
  File "/sw/arch/RHEL8/EB_production/2023/software/Python/3.11.3-GCCcore-12.3.0/lib/python3.11/multiprocessing/pool.py", line 215, in __init__
    self._repopulate_pool()
  File "/sw/arch/RHEL8/EB_production/2023/software/Python/3.11.3-GCCcore-12.3.0/lib/python3.11/multiprocessing/pool.py", line 306, in _repopulate_pool
    return self._repopulate_pool_static(self._ctx, self.Process,
  File "/sw/arch/RHEL8/EB_production/2023/software/Python/3.11.3-GCCcore-12.3.0/lib/python3.11/multiprocessing/pool.py", line 329, in _repopulate_pool_static
    w.start()
  File "/sw/arch/RHEL8/EB_production/2023/software/Python/3.11.3-GCCcore-12.3.0/lib/python3.11/multiprocessing/process.py", line 121, in start
    self._popen = self._Popen(self)
  File "/sw/arch/RHEL8/EB_production/2023/software/Python/3.11.3-GCCcore-12.3.0/lib/python3.11/multiprocessing/context.py", line 281, in _Popen
    return Popen(process_obj)
  File "/sw/arch/RHEL8/EB_production/2023/software/Python/3.11.3-GCCcore-12.3.0/lib/python3.11/multiprocessing/popen_fork.py", line 19, in __init__
    self._launch(process_obj)
  File "/sw/arch/RHEL8/EB_production/2023/software/Python/3.11.3-GCCcore-12.3.0/lib/python3.11/multiprocessing/popen_fork.py", line 71, in _launch
    code = process_obj._bootstrap(parent_sentinel=child_r)
  File "/sw/arch/RHEL8/EB_production/2023/software/Python/3.11.3-GCCcore-12.3.0/lib/python3.11/multiprocessing/process.py", line 314, in _bootstrap
    self.run()
--- Logging error ---
  File "/sw/arch/RHEL8/EB_production/2023/software/Python/3.11.3-GCCcore-12.3.0/lib/python3.11/multiprocessing/process.py", line 108, in run
    self._target(*self._args, **self._kwargs)
  File "/sw/arch/RHEL8/EB_production/2023/software/Python/3.11.3-GCCcore-12.3.0/lib/python3.11/multiprocessing/pool.py", line 125, in worker
    result = (True, func(*args, **kwds))
  File "/sw/arch/RHEL8/EB_production/2023/software/Python/3.11.3-GCCcore-12.3.0/lib/python3.11/multiprocessing/pool.py", line 48, in mapstar
    return list(map(*args))
  File "/gpfs/home3/tsijpkens/TSPHardener/run.py", line 38, in run_experiment
    logging.error(f"Error in {cmd}:", f"{e.stderr}")
Message: "Error in ['python3', '-m', 'main', '[30]', '[85, 90, 95, 100]', '1000', '', '--tsp_type', 'asymmetric', '--distribution', 'uniform', '--mutation_strategy', 'wouter']:"
Arguments: ('Traceback (most recent call last):\n  File "<frozen runpy>", line 198, in _run_module_as_main\n  File "<frozen runpy>", line 88, in _run_code\n  File "/gpfs/home3/tsijpkens/TSPHardener/main.py", line 2, in <module>\n    from core.experiment import experiment\n  File "/gpfs/home3/tsijpkens/TSPHardener/core/experiment.py", line 6, in <module>\n    from .helpers import initialize_matrix_and_hardest, run_litals_algorithm\n  File "/gpfs/home3/tsijpkens/TSPHardener/core/helpers.py", line 5, in <module>\n    from .generate_tsp import generate_tsp\n  File "/gpfs/home3/tsijpkens/TSPHardener/core/generate_tsp.py", line 3, in <module>\n    from scipy.spatial.distance import pdist, squareform\nModuleNotFoundError: No module named \'scipy\'\n',)
  File "/gpfs/home3/tsijpkens/TSPHardener/run.py", line 46, in <module>
    with Pool(processes=64) as pool:
  File "/sw/arch/RHEL8/EB_production/2023/software/Python/3.11.3-GCCcore-12.3.0/lib/python3.11/multiprocessing/context.py", line 119, in Pool
    return Pool(processes, initializer, initargs, maxtasksperchild,
  File "/sw/arch/RHEL8/EB_production/2023/software/Python/3.11.3-GCCcore-12.3.0/lib/python3.11/multiprocessing/pool.py", line 215, in __init__
    self._repopulate_pool()
  File "/sw/arch/RHEL8/EB_production/2023/software/Python/3.11.3-GCCcore-12.3.0/lib/python3.11/multiprocessing/pool.py", line 306, in _repopulate_pool
    return self._repopulate_pool_static(self._ctx, self.Process,
  File "/sw/arch/RHEL8/EB_production/2023/software/Python/3.11.3-GCCcore-12.3.0/lib/python3.11/multiprocessing/pool.py", line 329, in _repopulate_pool_static
    w.start()
  File "/sw/arch/RHEL8/EB_production/2023/software/Python/3.11.3-GCCcore-12.3.0/lib/python3.11/multiprocessing/process.py", line 121, in start
    self._popen = self._Popen(self)
  File "/sw/arch/RHEL8/EB_production/2023/software/Python/3.11.3-GCCcore-12.3.0/lib/python3.11/multiprocessing/context.py", line 281, in _Popen
    return Popen(process_obj)
  File "/sw/arch/RHEL8/EB_production/2023/software/Python/3.11.3-GCCcore-12.3.0/lib/python3.11/multiprocessing/popen_fork.py", line 19, in __init__
    self._launch(process_obj)
  File "/sw/arch/RHEL8/EB_production/2023/software/Python/3.11.3-GCCcore-12.3.0/lib/python3.11/multiprocessing/popen_fork.py", line 71, in _launch
    code = process_obj._bootstrap(parent_sentinel=child_r)
  File "/sw/arch/RHEL8/EB_production/2023/software/Python/3.11.3-GCCcore-12.3.0/lib/python3.11/multiprocessing/process.py", line 314, in _bootstrap
    self.run()
  File "/sw/arch/RHEL8/EB_production/2023/software/Python/3.11.3-GCCcore-12.3.0/lib/python3.11/multiprocessing/process.py", line 108, in run
    self._target(*self._args, **self._kwargs)
  File "/sw/arch/RHEL8/EB_production/2023/software/Python/3.11.3-GCCcore-12.3.0/lib/python3.11/multiprocessing/pool.py", line 125, in worker
    result = (True, func(*args, **kwds))
  File "/sw/arch/RHEL8/EB_production/2023/software/Python/3.11.3-GCCcore-12.3.0/lib/python3.11/multiprocessing/pool.py", line 48, in mapstar
    return list(map(*args))
  File "/gpfs/home3/tsijpkens/TSPHardener/run.py", line 38, in run_experiment
    logging.error(f"Error in {cmd}:", f"{e.stderr}")
Message: "Error in ['python3', '-m', 'main', '[30]', '[35, 40]', '1000', '', '--tsp_type', 'asymmetric', '--distribution', 'uniform', '--mutation_strategy', 'wouter']:"
Arguments: ('Traceback (most recent call last):\n  File "<frozen runpy>", line 198, in _run_module_as_main\n  File "<frozen runpy>", line 88, in _run_code\n  File "/gpfs/home3/tsijpkens/TSPHardener/main.py", line 2, in <module>\n    from core.experiment import experiment\n  File "/gpfs/home3/tsijpkens/TSPHardener/core/experiment.py", line 6, in <module>\n    from .helpers import initialize_matrix_and_hardest, run_litals_algorithm\n  File "/gpfs/home3/tsijpkens/TSPHardener/core/helpers.py", line 5, in <module>\n    from .generate_tsp import generate_tsp\n  File "/gpfs/home3/tsijpkens/TSPHardener/core/generate_tsp.py", line 3, in <module>\n    from scipy.spatial.distance import pdist, squareform\nModuleNotFoundError: No module named \'scipy\'\n',)
--- Logging error ---
Traceback (most recent call last):
  File "/gpfs/home3/tsijpkens/TSPHardener/run.py", line 33, in run_experiment
    result = subprocess.run(cmd, check=True, text=True, capture_output=True)
             ^^^^^^^^^^^^^^^^^^^^^^^^^^^^^^^^^^^^^^^^^^^^^^^^^^^^^^^^^^^^^^^
  File "/sw/arch/RHEL8/EB_production/2023/software/Python/3.11.3-GCCcore-12.3.0/lib/python3.11/subprocess.py", line 571, in run
    raise CalledProcessError(retcode, process.args,
subprocess.CalledProcessError: Command '['python3', '-m', 'main', '[30]', '[5, 10, 15, 20]', '1000', '', '--tsp_type', 'asymmetric', '--distribution', 'uniform', '--mutation_strategy', 'scramble']' returned non-zero exit status 1.

During handling of the above exception, another exception occurred:

Traceback (most recent call last):
  File "/sw/arch/RHEL8/EB_production/2023/software/Python/3.11.3-GCCcore-12.3.0/lib/python3.11/logging/__init__.py", line 1110, in emit
    msg = self.format(record)
          ^^^^^^^^^^^^^^^^^^^
  File "/sw/arch/RHEL8/EB_production/2023/software/Python/3.11.3-GCCcore-12.3.0/lib/python3.11/logging/__init__.py", line 953, in format
    return fmt.format(record)
           ^^^^^^^^^^^^^^^^^^
  File "/sw/arch/RHEL8/EB_production/2023/software/Python/3.11.3-GCCcore-12.3.0/lib/python3.11/logging/__init__.py", line 687, in format
    record.message = record.getMessage()
                     ^^^^^^^^^^^^^^^^^^^
  File "/sw/arch/RHEL8/EB_production/2023/software/Python/3.11.3-GCCcore-12.3.0/lib/python3.11/logging/__init__.py", line 377, in getMessage
    msg = msg % self.args
          ~~~~^~~~~~~~~~~
TypeError: not all arguments converted during string formatting
Call stack:
Traceback (most recent call last):
  File "/gpfs/home3/tsijpkens/TSPHardener/run.py", line 33, in run_experiment
    result = subprocess.run(cmd, check=True, text=True, capture_output=True)
             ^^^^^^^^^^^^^^^^^^^^^^^^^^^^^^^^^^^^^^^^^^^^^^^^^^^^^^^^^^^^^^^
  File "/sw/arch/RHEL8/EB_production/2023/software/Python/3.11.3-GCCcore-12.3.0/lib/python3.11/subprocess.py", line 571, in run
    raise CalledProcessError(retcode, process.args,
subprocess.CalledProcessError: Command '['python3', '-m', 'main', '[30]', '[5, 10, 15, 20]', '1000', '', '--tsp_type', 'asymmetric', '--distribution', 'uniform', '--mutation_strategy', 'swap']' returned non-zero exit status 1.

During handling of the above exception, another exception occurred:

Traceback (most recent call last):
  File "/sw/arch/RHEL8/EB_production/2023/software/Python/3.11.3-GCCcore-12.3.0/lib/python3.11/logging/__init__.py", line 1110, in emit
    msg = self.format(record)
          ^^^^^^^^^^^^^^^^^^^
  File "/sw/arch/RHEL8/EB_production/2023/software/Python/3.11.3-GCCcore-12.3.0/lib/python3.11/logging/__init__.py", line 953, in format
    return fmt.format(record)
           ^^^^^^^^^^^^^^^^^^
  File "/sw/arch/RHEL8/EB_production/2023/software/Python/3.11.3-GCCcore-12.3.0/lib/python3.11/logging/__init__.py", line 687, in format
    record.message = record.getMessage()
                     ^^^^^^^^^^^^^^^^^^^
  File "/sw/arch/RHEL8/EB_production/2023/software/Python/3.11.3-GCCcore-12.3.0/lib/python3.11/logging/__init__.py", line 377, in getMessage
    msg = msg % self.args
          ~~~~^~~~~~~~~~~
TypeError: not all arguments converted during string formatting
Call stack:
  File "/gpfs/home3/tsijpkens/TSPHardener/run.py", line 46, in <module>
    with Pool(processes=64) as pool:
  File "/sw/arch/RHEL8/EB_production/2023/software/Python/3.11.3-GCCcore-12.3.0/lib/python3.11/multiprocessing/context.py", line 119, in Pool
    return Pool(processes, initializer, initargs, maxtasksperchild,
  File "/sw/arch/RHEL8/EB_production/2023/software/Python/3.11.3-GCCcore-12.3.0/lib/python3.11/multiprocessing/pool.py", line 215, in __init__
    self._repopulate_pool()
  File "/sw/arch/RHEL8/EB_production/2023/software/Python/3.11.3-GCCcore-12.3.0/lib/python3.11/multiprocessing/pool.py", line 306, in _repopulate_pool
    return self._repopulate_pool_static(self._ctx, self.Process,
  File "/sw/arch/RHEL8/EB_production/2023/software/Python/3.11.3-GCCcore-12.3.0/lib/python3.11/multiprocessing/pool.py", line 329, in _repopulate_pool_static
    w.start()
  File "/sw/arch/RHEL8/EB_production/2023/software/Python/3.11.3-GCCcore-12.3.0/lib/python3.11/multiprocessing/process.py", line 121, in start
    self._popen = self._Popen(self)
  File "/sw/arch/RHEL8/EB_production/2023/software/Python/3.11.3-GCCcore-12.3.0/lib/python3.11/multiprocessing/context.py", line 281, in _Popen
    return Popen(process_obj)
  File "/sw/arch/RHEL8/EB_production/2023/software/Python/3.11.3-GCCcore-12.3.0/lib/python3.11/multiprocessing/popen_fork.py", line 19, in __init__
    self._launch(process_obj)
  File "/sw/arch/RHEL8/EB_production/2023/software/Python/3.11.3-GCCcore-12.3.0/lib/python3.11/multiprocessing/popen_fork.py", line 71, in _launch
    code = process_obj._bootstrap(parent_sentinel=child_r)
  File "/sw/arch/RHEL8/EB_production/2023/software/Python/3.11.3-GCCcore-12.3.0/lib/python3.11/multiprocessing/process.py", line 314, in _bootstrap
    self.run()
  File "/sw/arch/RHEL8/EB_production/2023/software/Python/3.11.3-GCCcore-12.3.0/lib/python3.11/multiprocessing/process.py", line 108, in run
    self._target(*self._args, **self._kwargs)
  File "/sw/arch/RHEL8/EB_production/2023/software/Python/3.11.3-GCCcore-12.3.0/lib/python3.11/multiprocessing/pool.py", line 125, in worker
    result = (True, func(*args, **kwds))
  File "/sw/arch/RHEL8/EB_production/2023/software/Python/3.11.3-GCCcore-12.3.0/lib/python3.11/multiprocessing/pool.py", line 48, in mapstar
    return list(map(*args))
  File "/gpfs/home3/tsijpkens/TSPHardener/run.py", line 38, in run_experiment
    logging.error(f"Error in {cmd}:", f"{e.stderr}")
Message: "Error in ['python3', '-m', 'main', '[30]', '[5, 10, 15, 20]', '1000', '', '--tsp_type', 'asymmetric', '--distribution', 'uniform', '--mutation_strategy', 'scramble']:"
Arguments: ('Traceback (most recent call last):\n  File "<frozen runpy>", line 198, in _run_module_as_main\n  File "<frozen runpy>", line 88, in _run_code\n  File "/gpfs/home3/tsijpkens/TSPHardener/main.py", line 2, in <module>\n    from core.experiment import experiment\n  File "/gpfs/home3/tsijpkens/TSPHardener/core/experiment.py", line 6, in <module>\n    from .helpers import initialize_matrix_and_hardest, run_litals_algorithm\n  File "/gpfs/home3/tsijpkens/TSPHardener/core/helpers.py", line 5, in <module>\n    from .generate_tsp import generate_tsp\n  File "/gpfs/home3/tsijpkens/TSPHardener/core/generate_tsp.py", line 3, in <module>\n    from scipy.spatial.distance import pdist, squareform\nModuleNotFoundError: No module named \'scipy\'\n',)
--- Logging error ---
--- Logging error ---
  File "/gpfs/home3/tsijpkens/TSPHardener/run.py", line 46, in <module>
    with Pool(processes=64) as pool:
  File "/sw/arch/RHEL8/EB_production/2023/software/Python/3.11.3-GCCcore-12.3.0/lib/python3.11/multiprocessing/context.py", line 119, in Pool
    return Pool(processes, initializer, initargs, maxtasksperchild,
  File "/sw/arch/RHEL8/EB_production/2023/software/Python/3.11.3-GCCcore-12.3.0/lib/python3.11/multiprocessing/pool.py", line 215, in __init__
    self._repopulate_pool()
  File "/sw/arch/RHEL8/EB_production/2023/software/Python/3.11.3-GCCcore-12.3.0/lib/python3.11/multiprocessing/pool.py", line 306, in _repopulate_pool
    return self._repopulate_pool_static(self._ctx, self.Process,
  File "/sw/arch/RHEL8/EB_production/2023/software/Python/3.11.3-GCCcore-12.3.0/lib/python3.11/multiprocessing/pool.py", line 329, in _repopulate_pool_static
    w.start()
  File "/sw/arch/RHEL8/EB_production/2023/software/Python/3.11.3-GCCcore-12.3.0/lib/python3.11/multiprocessing/process.py", line 121, in start
    self._popen = self._Popen(self)
  File "/sw/arch/RHEL8/EB_production/2023/software/Python/3.11.3-GCCcore-12.3.0/lib/python3.11/multiprocessing/context.py", line 281, in _Popen
    return Popen(process_obj)
  File "/sw/arch/RHEL8/EB_production/2023/software/Python/3.11.3-GCCcore-12.3.0/lib/python3.11/multiprocessing/popen_fork.py", line 19, in __init__
    self._launch(process_obj)
  File "/sw/arch/RHEL8/EB_production/2023/software/Python/3.11.3-GCCcore-12.3.0/lib/python3.11/multiprocessing/popen_fork.py", line 71, in _launch
    code = process_obj._bootstrap(parent_sentinel=child_r)
  File "/sw/arch/RHEL8/EB_production/2023/software/Python/3.11.3-GCCcore-12.3.0/lib/python3.11/multiprocessing/process.py", line 314, in _bootstrap
    self.run()
  File "/sw/arch/RHEL8/EB_production/2023/software/Python/3.11.3-GCCcore-12.3.0/lib/python3.11/multiprocessing/process.py", line 108, in run
    self._target(*self._args, **self._kwargs)
  File "/sw/arch/RHEL8/EB_production/2023/software/Python/3.11.3-GCCcore-12.3.0/lib/python3.11/multiprocessing/pool.py", line 125, in worker
    result = (True, func(*args, **kwds))
  File "/sw/arch/RHEL8/EB_production/2023/software/Python/3.11.3-GCCcore-12.3.0/lib/python3.11/multiprocessing/pool.py", line 48, in mapstar
    return list(map(*args))
  File "/gpfs/home3/tsijpkens/TSPHardener/run.py", line 38, in run_experiment
    logging.error(f"Error in {cmd}:", f"{e.stderr}")
Message: "Error in ['python3', '-m', 'main', '[30]', '[5, 10, 15, 20]', '1000', '', '--tsp_type', 'asymmetric', '--distribution', 'uniform', '--mutation_strategy', 'swap']:"
Arguments: ('Traceback (most recent call last):\n  File "<frozen runpy>", line 198, in _run_module_as_main\n  File "<frozen runpy>", line 88, in _run_code\n  File "/gpfs/home3/tsijpkens/TSPHardener/main.py", line 2, in <module>\n    from core.experiment import experiment\n  File "/gpfs/home3/tsijpkens/TSPHardener/core/experiment.py", line 6, in <module>\n    from .helpers import initialize_matrix_and_hardest, run_litals_algorithm\n  File "/gpfs/home3/tsijpkens/TSPHardener/core/helpers.py", line 5, in <module>\n    from .generate_tsp import generate_tsp\n  File "/gpfs/home3/tsijpkens/TSPHardener/core/generate_tsp.py", line 3, in <module>\n    from scipy.spatial.distance import pdist, squareform\nModuleNotFoundError: No module named \'scipy\'\n',)
Traceback (most recent call last):
Traceback (most recent call last):
  File "/gpfs/home3/tsijpkens/TSPHardener/run.py", line 33, in run_experiment
    result = subprocess.run(cmd, check=True, text=True, capture_output=True)
             ^^^^^^^^^^^^^^^^^^^^^^^^^^^^^^^^^^^^^^^^^^^^^^^^^^^^^^^^^^^^^^^
  File "/gpfs/home3/tsijpkens/TSPHardener/run.py", line 33, in run_experiment
    result = subprocess.run(cmd, check=True, text=True, capture_output=True)
             ^^^^^^^^^^^^^^^^^^^^^^^^^^^^^^^^^^^^^^^^^^^^^^^^^^^^^^^^^^^^^^^
  File "/sw/arch/RHEL8/EB_production/2023/software/Python/3.11.3-GCCcore-12.3.0/lib/python3.11/subprocess.py", line 571, in run
    raise CalledProcessError(retcode, process.args,
  File "/sw/arch/RHEL8/EB_production/2023/software/Python/3.11.3-GCCcore-12.3.0/lib/python3.11/subprocess.py", line 571, in run
    raise CalledProcessError(retcode, process.args,
subprocess.CalledProcessError: Command '['python3', '-m', 'main', '[20]', '[5, 10, 15, 20]', '1000', '', '--tsp_type', 'asymmetric', '--distribution', 'uniform', '--mutation_strategy', 'wouter']' returned non-zero exit status 1.
subprocess.CalledProcessError: Command '['python3', '-m', 'main', '[20]', '[45, 50, 55, 60]', '1000', '', '--tsp_type', 'asymmetric', '--distribution', 'uniform', '--mutation_strategy', 'wouter']' returned non-zero exit status 1.

During handling of the above exception, another exception occurred:


During handling of the above exception, another exception occurred:

Traceback (most recent call last):
Traceback (most recent call last):
  File "/sw/arch/RHEL8/EB_production/2023/software/Python/3.11.3-GCCcore-12.3.0/lib/python3.11/logging/__init__.py", line 1110, in emit
    msg = self.format(record)
          ^^^^^^^^^^^^^^^^^^^
  File "/sw/arch/RHEL8/EB_production/2023/software/Python/3.11.3-GCCcore-12.3.0/lib/python3.11/logging/__init__.py", line 1110, in emit
    msg = self.format(record)
          ^^^^^^^^^^^^^^^^^^^
  File "/sw/arch/RHEL8/EB_production/2023/software/Python/3.11.3-GCCcore-12.3.0/lib/python3.11/logging/__init__.py", line 953, in format
    return fmt.format(record)
           ^^^^^^^^^^^^^^^^^^
  File "/sw/arch/RHEL8/EB_production/2023/software/Python/3.11.3-GCCcore-12.3.0/lib/python3.11/logging/__init__.py", line 953, in format
    return fmt.format(record)
           ^^^^^^^^^^^^^^^^^^
  File "/sw/arch/RHEL8/EB_production/2023/software/Python/3.11.3-GCCcore-12.3.0/lib/python3.11/logging/__init__.py", line 687, in format
    record.message = record.getMessage()
                     ^^^^^^^^^^^^^^^^^^^
  File "/sw/arch/RHEL8/EB_production/2023/software/Python/3.11.3-GCCcore-12.3.0/lib/python3.11/logging/__init__.py", line 687, in format
    record.message = record.getMessage()
                     ^^^^^^^^^^^^^^^^^^^
  File "/sw/arch/RHEL8/EB_production/2023/software/Python/3.11.3-GCCcore-12.3.0/lib/python3.11/logging/__init__.py", line 377, in getMessage
    msg = msg % self.args
          ~~~~^~~~~~~~~~~
  File "/sw/arch/RHEL8/EB_production/2023/software/Python/3.11.3-GCCcore-12.3.0/lib/python3.11/logging/__init__.py", line 377, in getMessage
    msg = msg % self.args
          ~~~~^~~~~~~~~~~
TypeError: not all arguments converted during string formatting
TypeError: not all arguments converted during string formatting
Call stack:
Call stack:
--- Logging error ---
--- Logging error ---
  File "/gpfs/home3/tsijpkens/TSPHardener/run.py", line 46, in <module>
    with Pool(processes=64) as pool:
  File "/sw/arch/RHEL8/EB_production/2023/software/Python/3.11.3-GCCcore-12.3.0/lib/python3.11/multiprocessing/context.py", line 119, in Pool
    return Pool(processes, initializer, initargs, maxtasksperchild,
  File "/sw/arch/RHEL8/EB_production/2023/software/Python/3.11.3-GCCcore-12.3.0/lib/python3.11/multiprocessing/pool.py", line 215, in __init__
    self._repopulate_pool()
  File "/sw/arch/RHEL8/EB_production/2023/software/Python/3.11.3-GCCcore-12.3.0/lib/python3.11/multiprocessing/pool.py", line 306, in _repopulate_pool
    return self._repopulate_pool_static(self._ctx, self.Process,
  File "/sw/arch/RHEL8/EB_production/2023/software/Python/3.11.3-GCCcore-12.3.0/lib/python3.11/multiprocessing/pool.py", line 329, in _repopulate_pool_static
    w.start()
  File "/sw/arch/RHEL8/EB_production/2023/software/Python/3.11.3-GCCcore-12.3.0/lib/python3.11/multiprocessing/process.py", line 121, in start
    self._popen = self._Popen(self)
  File "/sw/arch/RHEL8/EB_production/2023/software/Python/3.11.3-GCCcore-12.3.0/lib/python3.11/multiprocessing/context.py", line 281, in _Popen
    return Popen(process_obj)
  File "/sw/arch/RHEL8/EB_production/2023/software/Python/3.11.3-GCCcore-12.3.0/lib/python3.11/multiprocessing/popen_fork.py", line 19, in __init__
    self._launch(process_obj)
  File "/sw/arch/RHEL8/EB_production/2023/software/Python/3.11.3-GCCcore-12.3.0/lib/python3.11/multiprocessing/popen_fork.py", line 71, in _launch
    code = process_obj._bootstrap(parent_sentinel=child_r)
  File "/sw/arch/RHEL8/EB_production/2023/software/Python/3.11.3-GCCcore-12.3.0/lib/python3.11/multiprocessing/process.py", line 314, in _bootstrap
    self.run()
  File "/sw/arch/RHEL8/EB_production/2023/software/Python/3.11.3-GCCcore-12.3.0/lib/python3.11/multiprocessing/process.py", line 108, in run
    self._target(*self._args, **self._kwargs)
  File "/sw/arch/RHEL8/EB_production/2023/software/Python/3.11.3-GCCcore-12.3.0/lib/python3.11/multiprocessing/pool.py", line 125, in worker
    result = (True, func(*args, **kwds))
  File "/sw/arch/RHEL8/EB_production/2023/software/Python/3.11.3-GCCcore-12.3.0/lib/python3.11/multiprocessing/pool.py", line 48, in mapstar
    return list(map(*args))
  File "/gpfs/home3/tsijpkens/TSPHardener/run.py", line 38, in run_experiment
    logging.error(f"Error in {cmd}:", f"{e.stderr}")
Message: "Error in ['python3', '-m', 'main', '[20]', '[5, 10, 15, 20]', '1000', '', '--tsp_type', 'asymmetric', '--distribution', 'uniform', '--mutation_strategy', 'wouter']:"
Arguments: ('Traceback (most recent call last):\n  File "<frozen runpy>", line 198, in _run_module_as_main\n  File "<frozen runpy>", line 88, in _run_code\n  File "/gpfs/home3/tsijpkens/TSPHardener/main.py", line 2, in <module>\n    from core.experiment import experiment\n  File "/gpfs/home3/tsijpkens/TSPHardener/core/experiment.py", line 6, in <module>\n    from .helpers import initialize_matrix_and_hardest, run_litals_algorithm\n  File "/gpfs/home3/tsijpkens/TSPHardener/core/helpers.py", line 5, in <module>\n    from .generate_tsp import generate_tsp\n  File "/gpfs/home3/tsijpkens/TSPHardener/core/generate_tsp.py", line 3, in <module>\n    from scipy.spatial.distance import pdist, squareform\nModuleNotFoundError: No module named \'scipy\'\n',)
  File "/gpfs/home3/tsijpkens/TSPHardener/run.py", line 46, in <module>
    with Pool(processes=64) as pool:
  File "/sw/arch/RHEL8/EB_production/2023/software/Python/3.11.3-GCCcore-12.3.0/lib/python3.11/multiprocessing/context.py", line 119, in Pool
    return Pool(processes, initializer, initargs, maxtasksperchild,
--- Logging error ---
  File "/sw/arch/RHEL8/EB_production/2023/software/Python/3.11.3-GCCcore-12.3.0/lib/python3.11/multiprocessing/pool.py", line 215, in __init__
    self._repopulate_pool()
  File "/sw/arch/RHEL8/EB_production/2023/software/Python/3.11.3-GCCcore-12.3.0/lib/python3.11/multiprocessing/pool.py", line 306, in _repopulate_pool
    return self._repopulate_pool_static(self._ctx, self.Process,
  File "/sw/arch/RHEL8/EB_production/2023/software/Python/3.11.3-GCCcore-12.3.0/lib/python3.11/multiprocessing/pool.py", line 329, in _repopulate_pool_static
    w.start()
  File "/sw/arch/RHEL8/EB_production/2023/software/Python/3.11.3-GCCcore-12.3.0/lib/python3.11/multiprocessing/process.py", line 121, in start
    self._popen = self._Popen(self)
  File "/sw/arch/RHEL8/EB_production/2023/software/Python/3.11.3-GCCcore-12.3.0/lib/python3.11/multiprocessing/context.py", line 281, in _Popen
    return Popen(process_obj)
  File "/sw/arch/RHEL8/EB_production/2023/software/Python/3.11.3-GCCcore-12.3.0/lib/python3.11/multiprocessing/popen_fork.py", line 19, in __init__
    self._launch(process_obj)
  File "/sw/arch/RHEL8/EB_production/2023/software/Python/3.11.3-GCCcore-12.3.0/lib/python3.11/multiprocessing/popen_fork.py", line 71, in _launch
    code = process_obj._bootstrap(parent_sentinel=child_r)
  File "/sw/arch/RHEL8/EB_production/2023/software/Python/3.11.3-GCCcore-12.3.0/lib/python3.11/multiprocessing/process.py", line 314, in _bootstrap
    self.run()
  File "/sw/arch/RHEL8/EB_production/2023/software/Python/3.11.3-GCCcore-12.3.0/lib/python3.11/multiprocessing/process.py", line 108, in run
    self._target(*self._args, **self._kwargs)
  File "/sw/arch/RHEL8/EB_production/2023/software/Python/3.11.3-GCCcore-12.3.0/lib/python3.11/multiprocessing/pool.py", line 125, in worker
    result = (True, func(*args, **kwds))
  File "/sw/arch/RHEL8/EB_production/2023/software/Python/3.11.3-GCCcore-12.3.0/lib/python3.11/multiprocessing/pool.py", line 48, in mapstar
    return list(map(*args))
  File "/gpfs/home3/tsijpkens/TSPHardener/run.py", line 38, in run_experiment
    logging.error(f"Error in {cmd}:", f"{e.stderr}")
Message: "Error in ['python3', '-m', 'main', '[20]', '[45, 50, 55, 60]', '1000', '', '--tsp_type', 'asymmetric', '--distribution', 'uniform', '--mutation_strategy', 'wouter']:"
Arguments: ('Traceback (most recent call last):\n  File "<frozen runpy>", line 198, in _run_module_as_main\n  File "<frozen runpy>", line 88, in _run_code\n  File "/gpfs/home3/tsijpkens/TSPHardener/main.py", line 2, in <module>\n    from core.experiment import experiment\n  File "/gpfs/home3/tsijpkens/TSPHardener/core/experiment.py", line 6, in <module>\n    from .helpers import initialize_matrix_and_hardest, run_litals_algorithm\n  File "/gpfs/home3/tsijpkens/TSPHardener/core/helpers.py", line 5, in <module>\n    from .generate_tsp import generate_tsp\n  File "/gpfs/home3/tsijpkens/TSPHardener/core/generate_tsp.py", line 3, in <module>\n    from scipy.spatial.distance import pdist, squareform\nModuleNotFoundError: No module named \'scipy\'\n',)
Traceback (most recent call last):
Traceback (most recent call last):
Traceback (most recent call last):
  File "/gpfs/home3/tsijpkens/TSPHardener/run.py", line 33, in run_experiment
    result = subprocess.run(cmd, check=True, text=True, capture_output=True)
             ^^^^^^^^^^^^^^^^^^^^^^^^^^^^^^^^^^^^^^^^^^^^^^^^^^^^^^^^^^^^^^^
  File "/sw/arch/RHEL8/EB_production/2023/software/Python/3.11.3-GCCcore-12.3.0/lib/python3.11/subprocess.py", line 571, in run
    raise CalledProcessError(retcode, process.args,
subprocess.CalledProcessError: Command '['python3', '-m', 'main', '[30]', '[85, 90, 95, 100]', '1000', '', '--tsp_type', 'asymmetric', '--distribution', 'uniform', '--mutation_strategy', 'swap']' returned non-zero exit status 1.
  File "/gpfs/home3/tsijpkens/TSPHardener/run.py", line 33, in run_experiment
    result = subprocess.run(cmd, check=True, text=True, capture_output=True)
             ^^^^^^^^^^^^^^^^^^^^^^^^^^^^^^^^^^^^^^^^^^^^^^^^^^^^^^^^^^^^^^^
  File "/sw/arch/RHEL8/EB_production/2023/software/Python/3.11.3-GCCcore-12.3.0/lib/python3.11/subprocess.py", line 571, in run
    raise CalledProcessError(retcode, process.args,

During handling of the above exception, another exception occurred:

subprocess.CalledProcessError: Command '['python3', '-m', 'main', '[30]', '[25, 30, 35, 40]', '1000', '', '--tsp_type', 'asymmetric', '--distribution', 'uniform', '--mutation_strategy', 'scramble']' returned non-zero exit status 1.
Traceback (most recent call last):
  File "/gpfs/home3/tsijpkens/TSPHardener/run.py", line 33, in run_experiment
    result = subprocess.run(cmd, check=True, text=True, capture_output=True)
             ^^^^^^^^^^^^^^^^^^^^^^^^^^^^^^^^^^^^^^^^^^^^^^^^^^^^^^^^^^^^^^^
  File "/sw/arch/RHEL8/EB_production/2023/software/Python/3.11.3-GCCcore-12.3.0/lib/python3.11/subprocess.py", line 571, in run
    raise CalledProcessError(retcode, process.args,
subprocess.CalledProcessError: Command '['python3', '-m', 'main', '[20]', '[85, 90, 95, 100]', '1000', '', '--tsp_type', 'euclidean', '--distribution', 'uniform', '--mutation_strategy', 'scramble']' returned non-zero exit status 1.

During handling of the above exception, another exception occurred:

Traceback (most recent call last):

During handling of the above exception, another exception occurred:

Traceback (most recent call last):
  File "/sw/arch/RHEL8/EB_production/2023/software/Python/3.11.3-GCCcore-12.3.0/lib/python3.11/logging/__init__.py", line 1110, in emit
    msg = self.format(record)
          ^^^^^^^^^^^^^^^^^^^
  File "/sw/arch/RHEL8/EB_production/2023/software/Python/3.11.3-GCCcore-12.3.0/lib/python3.11/logging/__init__.py", line 953, in format
    return fmt.format(record)
           ^^^^^^^^^^^^^^^^^^
  File "/sw/arch/RHEL8/EB_production/2023/software/Python/3.11.3-GCCcore-12.3.0/lib/python3.11/logging/__init__.py", line 687, in format
    record.message = record.getMessage()
                     ^^^^^^^^^^^^^^^^^^^
  File "/sw/arch/RHEL8/EB_production/2023/software/Python/3.11.3-GCCcore-12.3.0/lib/python3.11/logging/__init__.py", line 377, in getMessage
    msg = msg % self.args
          ~~~~^~~~~~~~~~~
TypeError: not all arguments converted during string formatting
Call stack:
  File "/sw/arch/RHEL8/EB_production/2023/software/Python/3.11.3-GCCcore-12.3.0/lib/python3.11/logging/__init__.py", line 1110, in emit
    msg = self.format(record)
          ^^^^^^^^^^^^^^^^^^^
  File "/sw/arch/RHEL8/EB_production/2023/software/Python/3.11.3-GCCcore-12.3.0/lib/python3.11/logging/__init__.py", line 953, in format
    return fmt.format(record)
           ^^^^^^^^^^^^^^^^^^
  File "/sw/arch/RHEL8/EB_production/2023/software/Python/3.11.3-GCCcore-12.3.0/lib/python3.11/logging/__init__.py", line 687, in format
    record.message = record.getMessage()
                     ^^^^^^^^^^^^^^^^^^^
  File "/sw/arch/RHEL8/EB_production/2023/software/Python/3.11.3-GCCcore-12.3.0/lib/python3.11/logging/__init__.py", line 377, in getMessage
    msg = msg % self.args
          ~~~~^~~~~~~~~~~
  File "/sw/arch/RHEL8/EB_production/2023/software/Python/3.11.3-GCCcore-12.3.0/lib/python3.11/logging/__init__.py", line 1110, in emit
    msg = self.format(record)
          ^^^^^^^^^^^^^^^^^^^
TypeError: not all arguments converted during string formatting
  File "/sw/arch/RHEL8/EB_production/2023/software/Python/3.11.3-GCCcore-12.3.0/lib/python3.11/logging/__init__.py", line 953, in format
    return fmt.format(record)
           ^^^^^^^^^^^^^^^^^^
Call stack:
  File "/sw/arch/RHEL8/EB_production/2023/software/Python/3.11.3-GCCcore-12.3.0/lib/python3.11/logging/__init__.py", line 687, in format
    record.message = record.getMessage()
                     ^^^^^^^^^^^^^^^^^^^
  File "/sw/arch/RHEL8/EB_production/2023/software/Python/3.11.3-GCCcore-12.3.0/lib/python3.11/logging/__init__.py", line 377, in getMessage
    msg = msg % self.args
          ~~~~^~~~~~~~~~~
TypeError: not all arguments converted during string formatting
Call stack:
--- Logging error ---
--- Logging error ---
  File "/gpfs/home3/tsijpkens/TSPHardener/run.py", line 46, in <module>
    with Pool(processes=64) as pool:
  File "/sw/arch/RHEL8/EB_production/2023/software/Python/3.11.3-GCCcore-12.3.0/lib/python3.11/multiprocessing/context.py", line 119, in Pool
    return Pool(processes, initializer, initargs, maxtasksperchild,
  File "/sw/arch/RHEL8/EB_production/2023/software/Python/3.11.3-GCCcore-12.3.0/lib/python3.11/multiprocessing/pool.py", line 215, in __init__
    self._repopulate_pool()
  File "/sw/arch/RHEL8/EB_production/2023/software/Python/3.11.3-GCCcore-12.3.0/lib/python3.11/multiprocessing/pool.py", line 306, in _repopulate_pool
    return self._repopulate_pool_static(self._ctx, self.Process,
  File "/sw/arch/RHEL8/EB_production/2023/software/Python/3.11.3-GCCcore-12.3.0/lib/python3.11/multiprocessing/pool.py", line 329, in _repopulate_pool_static
    w.start()
  File "/sw/arch/RHEL8/EB_production/2023/software/Python/3.11.3-GCCcore-12.3.0/lib/python3.11/multiprocessing/process.py", line 121, in start
    self._popen = self._Popen(self)
  File "/sw/arch/RHEL8/EB_production/2023/software/Python/3.11.3-GCCcore-12.3.0/lib/python3.11/multiprocessing/context.py", line 281, in _Popen
    return Popen(process_obj)
  File "/sw/arch/RHEL8/EB_production/2023/software/Python/3.11.3-GCCcore-12.3.0/lib/python3.11/multiprocessing/popen_fork.py", line 19, in __init__
    self._launch(process_obj)
  File "/sw/arch/RHEL8/EB_production/2023/software/Python/3.11.3-GCCcore-12.3.0/lib/python3.11/multiprocessing/popen_fork.py", line 71, in _launch
    code = process_obj._bootstrap(parent_sentinel=child_r)
  File "/sw/arch/RHEL8/EB_production/2023/software/Python/3.11.3-GCCcore-12.3.0/lib/python3.11/multiprocessing/process.py", line 314, in _bootstrap
    self.run()
  File "/sw/arch/RHEL8/EB_production/2023/software/Python/3.11.3-GCCcore-12.3.0/lib/python3.11/multiprocessing/process.py", line 108, in run
    self._target(*self._args, **self._kwargs)
  File "/sw/arch/RHEL8/EB_production/2023/software/Python/3.11.3-GCCcore-12.3.0/lib/python3.11/multiprocessing/pool.py", line 125, in worker
    result = (True, func(*args, **kwds))
  File "/sw/arch/RHEL8/EB_production/2023/software/Python/3.11.3-GCCcore-12.3.0/lib/python3.11/multiprocessing/pool.py", line 48, in mapstar
    return list(map(*args))
  File "/gpfs/home3/tsijpkens/TSPHardener/run.py", line 38, in run_experiment
    logging.error(f"Error in {cmd}:", f"{e.stderr}")
Message: "Error in ['python3', '-m', 'main', '[30]', '[85, 90, 95, 100]', '1000', '', '--tsp_type', 'asymmetric', '--distribution', 'uniform', '--mutation_strategy', 'swap']:"
Arguments: ('Traceback (most recent call last):\n  File "<frozen runpy>", line 198, in _run_module_as_main\n  File "<frozen runpy>", line 88, in _run_code\n  File "/gpfs/home3/tsijpkens/TSPHardener/main.py", line 2, in <module>\n    from core.experiment import experiment\n  File "/gpfs/home3/tsijpkens/TSPHardener/core/experiment.py", line 6, in <module>\n    from .helpers import initialize_matrix_and_hardest, run_litals_algorithm\n  File "/gpfs/home3/tsijpkens/TSPHardener/core/helpers.py", line 5, in <module>\n    from .generate_tsp import generate_tsp\n  File "/gpfs/home3/tsijpkens/TSPHardener/core/generate_tsp.py", line 3, in <module>\n    from scipy.spatial.distance import pdist, squareform\nModuleNotFoundError: No module named \'scipy\'\n',)
  File "/gpfs/home3/tsijpkens/TSPHardener/run.py", line 46, in <module>
    with Pool(processes=64) as pool:
  File "/sw/arch/RHEL8/EB_production/2023/software/Python/3.11.3-GCCcore-12.3.0/lib/python3.11/multiprocessing/context.py", line 119, in Pool
    return Pool(processes, initializer, initargs, maxtasksperchild,
  File "/sw/arch/RHEL8/EB_production/2023/software/Python/3.11.3-GCCcore-12.3.0/lib/python3.11/multiprocessing/pool.py", line 215, in __init__
    self._repopulate_pool()
  File "/sw/arch/RHEL8/EB_production/2023/software/Python/3.11.3-GCCcore-12.3.0/lib/python3.11/multiprocessing/pool.py", line 306, in _repopulate_pool
    return self._repopulate_pool_static(self._ctx, self.Process,
  File "/sw/arch/RHEL8/EB_production/2023/software/Python/3.11.3-GCCcore-12.3.0/lib/python3.11/multiprocessing/pool.py", line 329, in _repopulate_pool_static
    w.start()
  File "/sw/arch/RHEL8/EB_production/2023/software/Python/3.11.3-GCCcore-12.3.0/lib/python3.11/multiprocessing/process.py", line 121, in start
    self._popen = self._Popen(self)
  File "/sw/arch/RHEL8/EB_production/2023/software/Python/3.11.3-GCCcore-12.3.0/lib/python3.11/multiprocessing/context.py", line 281, in _Popen
    return Popen(process_obj)
  File "/sw/arch/RHEL8/EB_production/2023/software/Python/3.11.3-GCCcore-12.3.0/lib/python3.11/multiprocessing/popen_fork.py", line 19, in __init__
    self._launch(process_obj)
  File "/sw/arch/RHEL8/EB_production/2023/software/Python/3.11.3-GCCcore-12.3.0/lib/python3.11/multiprocessing/popen_fork.py", line 71, in _launch
    code = process_obj._bootstrap(parent_sentinel=child_r)
  File "/sw/arch/RHEL8/EB_production/2023/software/Python/3.11.3-GCCcore-12.3.0/lib/python3.11/multiprocessing/process.py", line 314, in _bootstrap
    self.run()
  File "/sw/arch/RHEL8/EB_production/2023/software/Python/3.11.3-GCCcore-12.3.0/lib/python3.11/multiprocessing/process.py", line 108, in run
    self._target(*self._args, **self._kwargs)
  File "/gpfs/home3/tsijpkens/TSPHardener/run.py", line 46, in <module>
    with Pool(processes=64) as pool:
  File "/sw/arch/RHEL8/EB_production/2023/software/Python/3.11.3-GCCcore-12.3.0/lib/python3.11/multiprocessing/pool.py", line 125, in worker
    result = (True, func(*args, **kwds))
  File "/sw/arch/RHEL8/EB_production/2023/software/Python/3.11.3-GCCcore-12.3.0/lib/python3.11/multiprocessing/context.py", line 119, in Pool
    return Pool(processes, initializer, initargs, maxtasksperchild,
  File "/sw/arch/RHEL8/EB_production/2023/software/Python/3.11.3-GCCcore-12.3.0/lib/python3.11/multiprocessing/pool.py", line 48, in mapstar
    return list(map(*args))
  File "/sw/arch/RHEL8/EB_production/2023/software/Python/3.11.3-GCCcore-12.3.0/lib/python3.11/multiprocessing/pool.py", line 215, in __init__
    self._repopulate_pool()
  File "/gpfs/home3/tsijpkens/TSPHardener/run.py", line 38, in run_experiment
    logging.error(f"Error in {cmd}:", f"{e.stderr}")
  File "/sw/arch/RHEL8/EB_production/2023/software/Python/3.11.3-GCCcore-12.3.0/lib/python3.11/multiprocessing/pool.py", line 306, in _repopulate_pool
    return self._repopulate_pool_static(self._ctx, self.Process,
  File "/sw/arch/RHEL8/EB_production/2023/software/Python/3.11.3-GCCcore-12.3.0/lib/python3.11/multiprocessing/pool.py", line 329, in _repopulate_pool_static
    w.start()
  File "/sw/arch/RHEL8/EB_production/2023/software/Python/3.11.3-GCCcore-12.3.0/lib/python3.11/multiprocessing/process.py", line 121, in start
    self._popen = self._Popen(self)
Message: "Error in ['python3', '-m', 'main', '[20]', '[85, 90, 95, 100]', '1000', '', '--tsp_type', 'euclidean', '--distribution', 'uniform', '--mutation_strategy', 'scramble']:"
Arguments: ('Traceback (most recent call last):\n  File "<frozen runpy>", line 198, in _run_module_as_main\n  File "<frozen runpy>", line 88, in _run_code\n  File "/gpfs/home3/tsijpkens/TSPHardener/main.py", line 2, in <module>\n    from core.experiment import experiment\n  File "/gpfs/home3/tsijpkens/TSPHardener/core/experiment.py", line 6, in <module>\n    from .helpers import initialize_matrix_and_hardest, run_litals_algorithm\n  File "/gpfs/home3/tsijpkens/TSPHardener/core/helpers.py", line 5, in <module>\n    from .generate_tsp import generate_tsp\n  File "/gpfs/home3/tsijpkens/TSPHardener/core/generate_tsp.py", line 3, in <module>\n    from scipy.spatial.distance import pdist, squareform\nModuleNotFoundError: No module named \'scipy\'\n',)
  File "/sw/arch/RHEL8/EB_production/2023/software/Python/3.11.3-GCCcore-12.3.0/lib/python3.11/multiprocessing/context.py", line 281, in _Popen
    return Popen(process_obj)
  File "/sw/arch/RHEL8/EB_production/2023/software/Python/3.11.3-GCCcore-12.3.0/lib/python3.11/multiprocessing/popen_fork.py", line 19, in __init__
    self._launch(process_obj)
  File "/sw/arch/RHEL8/EB_production/2023/software/Python/3.11.3-GCCcore-12.3.0/lib/python3.11/multiprocessing/popen_fork.py", line 71, in _launch
    code = process_obj._bootstrap(parent_sentinel=child_r)
  File "/sw/arch/RHEL8/EB_production/2023/software/Python/3.11.3-GCCcore-12.3.0/lib/python3.11/multiprocessing/process.py", line 314, in _bootstrap
    self.run()
  File "/sw/arch/RHEL8/EB_production/2023/software/Python/3.11.3-GCCcore-12.3.0/lib/python3.11/multiprocessing/process.py", line 108, in run
    self._target(*self._args, **self._kwargs)
  File "/sw/arch/RHEL8/EB_production/2023/software/Python/3.11.3-GCCcore-12.3.0/lib/python3.11/multiprocessing/pool.py", line 125, in worker
    result = (True, func(*args, **kwds))
  File "/sw/arch/RHEL8/EB_production/2023/software/Python/3.11.3-GCCcore-12.3.0/lib/python3.11/multiprocessing/pool.py", line 48, in mapstar
    return list(map(*args))
  File "/gpfs/home3/tsijpkens/TSPHardener/run.py", line 38, in run_experiment
    logging.error(f"Error in {cmd}:", f"{e.stderr}")
Message: "Error in ['python3', '-m', 'main', '[30]', '[25, 30, 35, 40]', '1000', '', '--tsp_type', 'asymmetric', '--distribution', 'uniform', '--mutation_strategy', 'scramble']:"
Arguments: ('Traceback (most recent call last):\n  File "<frozen runpy>", line 198, in _run_module_as_main\n  File "<frozen runpy>", line 88, in _run_code\n  File "/gpfs/home3/tsijpkens/TSPHardener/main.py", line 2, in <module>\n    from core.experiment import experiment\n  File "/gpfs/home3/tsijpkens/TSPHardener/core/experiment.py", line 6, in <module>\n    from .helpers import initialize_matrix_and_hardest, run_litals_algorithm\n  File "/gpfs/home3/tsijpkens/TSPHardener/core/helpers.py", line 5, in <module>\n    from .generate_tsp import generate_tsp\n  File "/gpfs/home3/tsijpkens/TSPHardener/core/generate_tsp.py", line 3, in <module>\n    from scipy.spatial.distance import pdist, squareform\nModuleNotFoundError: No module named \'scipy\'\n',)
--- Logging error ---
Traceback (most recent call last):
Traceback (most recent call last):
  File "/gpfs/home3/tsijpkens/TSPHardener/run.py", line 33, in run_experiment
    result = subprocess.run(cmd, check=True, text=True, capture_output=True)
             ^^^^^^^^^^^^^^^^^^^^^^^^^^^^^^^^^^^^^^^^^^^^^^^^^^^^^^^^^^^^^^^
  File "/sw/arch/RHEL8/EB_production/2023/software/Python/3.11.3-GCCcore-12.3.0/lib/python3.11/subprocess.py", line 571, in run
    raise CalledProcessError(retcode, process.args,
subprocess.CalledProcessError: Command '['python3', '-m', 'main', '[20]', '[25, 30, 35, 40]', '1000', '', '--tsp_type', 'asymmetric', '--distribution', 'uniform', '--mutation_strategy', 'wouter']' returned non-zero exit status 1.
  File "/gpfs/home3/tsijpkens/TSPHardener/run.py", line 33, in run_experiment
    result = subprocess.run(cmd, check=True, text=True, capture_output=True)
             ^^^^^^^^^^^^^^^^^^^^^^^^^^^^^^^^^^^^^^^^^^^^^^^^^^^^^^^^^^^^^^^
  File "/sw/arch/RHEL8/EB_production/2023/software/Python/3.11.3-GCCcore-12.3.0/lib/python3.11/subprocess.py", line 571, in run
    raise CalledProcessError(retcode, process.args,

During handling of the above exception, another exception occurred:

Traceback (most recent call last):
subprocess.CalledProcessError: Command '['python3', '-m', 'main', '[30]', '[65, 70, 75, 80]', '1000', '', '--tsp_type', 'euclidean', '--distribution', 'uniform', '--mutation_strategy', 'swap']' returned non-zero exit status 1.

During handling of the above exception, another exception occurred:

Traceback (most recent call last):
  File "/sw/arch/RHEL8/EB_production/2023/software/Python/3.11.3-GCCcore-12.3.0/lib/python3.11/logging/__init__.py", line 1110, in emit
    msg = self.format(record)
          ^^^^^^^^^^^^^^^^^^^
  File "/sw/arch/RHEL8/EB_production/2023/software/Python/3.11.3-GCCcore-12.3.0/lib/python3.11/logging/__init__.py", line 953, in format
    return fmt.format(record)
           ^^^^^^^^^^^^^^^^^^
  File "/sw/arch/RHEL8/EB_production/2023/software/Python/3.11.3-GCCcore-12.3.0/lib/python3.11/logging/__init__.py", line 687, in format
    record.message = record.getMessage()
                     ^^^^^^^^^^^^^^^^^^^
  File "/sw/arch/RHEL8/EB_production/2023/software/Python/3.11.3-GCCcore-12.3.0/lib/python3.11/logging/__init__.py", line 377, in getMessage
    msg = msg % self.args
          ~~~~^~~~~~~~~~~
--- Logging error ---
TypeError: not all arguments converted during string formatting
  File "/sw/arch/RHEL8/EB_production/2023/software/Python/3.11.3-GCCcore-12.3.0/lib/python3.11/logging/__init__.py", line 1110, in emit
    msg = self.format(record)
          ^^^^^^^^^^^^^^^^^^^
Call stack:
  File "/sw/arch/RHEL8/EB_production/2023/software/Python/3.11.3-GCCcore-12.3.0/lib/python3.11/logging/__init__.py", line 953, in format
    return fmt.format(record)
           ^^^^^^^^^^^^^^^^^^
  File "/sw/arch/RHEL8/EB_production/2023/software/Python/3.11.3-GCCcore-12.3.0/lib/python3.11/logging/__init__.py", line 687, in format
    record.message = record.getMessage()
                     ^^^^^^^^^^^^^^^^^^^
  File "/sw/arch/RHEL8/EB_production/2023/software/Python/3.11.3-GCCcore-12.3.0/lib/python3.11/logging/__init__.py", line 377, in getMessage
    msg = msg % self.args
          ~~~~^~~~~~~~~~~
TypeError: not all arguments converted during string formatting
Call stack:
Traceback (most recent call last):
--- Logging error ---
  File "/gpfs/home3/tsijpkens/TSPHardener/run.py", line 33, in run_experiment
    result = subprocess.run(cmd, check=True, text=True, capture_output=True)
             ^^^^^^^^^^^^^^^^^^^^^^^^^^^^^^^^^^^^^^^^^^^^^^^^^^^^^^^^^^^^^^^
  File "/sw/arch/RHEL8/EB_production/2023/software/Python/3.11.3-GCCcore-12.3.0/lib/python3.11/subprocess.py", line 571, in run
    raise CalledProcessError(retcode, process.args,
subprocess.CalledProcessError: Command '['python3', '-m', 'main', '[20]', '[5, 10, 15, 20]', '1000', '', '--tsp_type', 'euclidean', '--distribution', 'uniform', '--mutation_strategy', 'swap']' returned non-zero exit status 1.

During handling of the above exception, another exception occurred:

Traceback (most recent call last):
  File "/sw/arch/RHEL8/EB_production/2023/software/Python/3.11.3-GCCcore-12.3.0/lib/python3.11/logging/__init__.py", line 1110, in emit
    msg = self.format(record)
          ^^^^^^^^^^^^^^^^^^^
  File "/sw/arch/RHEL8/EB_production/2023/software/Python/3.11.3-GCCcore-12.3.0/lib/python3.11/logging/__init__.py", line 953, in format
    return fmt.format(record)
           ^^^^^^^^^^^^^^^^^^
  File "/sw/arch/RHEL8/EB_production/2023/software/Python/3.11.3-GCCcore-12.3.0/lib/python3.11/logging/__init__.py", line 687, in format
    record.message = record.getMessage()
                     ^^^^^^^^^^^^^^^^^^^
  File "/sw/arch/RHEL8/EB_production/2023/software/Python/3.11.3-GCCcore-12.3.0/lib/python3.11/logging/__init__.py", line 377, in getMessage
    msg = msg % self.args
          ~~~~^~~~~~~~~~~
TypeError: not all arguments converted during string formatting
Call stack:
  File "/gpfs/home3/tsijpkens/TSPHardener/run.py", line 46, in <module>
    with Pool(processes=64) as pool:
  File "/sw/arch/RHEL8/EB_production/2023/software/Python/3.11.3-GCCcore-12.3.0/lib/python3.11/multiprocessing/context.py", line 119, in Pool
    return Pool(processes, initializer, initargs, maxtasksperchild,
  File "/sw/arch/RHEL8/EB_production/2023/software/Python/3.11.3-GCCcore-12.3.0/lib/python3.11/multiprocessing/pool.py", line 215, in __init__
    self._repopulate_pool()
  File "/sw/arch/RHEL8/EB_production/2023/software/Python/3.11.3-GCCcore-12.3.0/lib/python3.11/multiprocessing/pool.py", line 306, in _repopulate_pool
    return self._repopulate_pool_static(self._ctx, self.Process,
  File "/sw/arch/RHEL8/EB_production/2023/software/Python/3.11.3-GCCcore-12.3.0/lib/python3.11/multiprocessing/pool.py", line 329, in _repopulate_pool_static
    w.start()
  File "/sw/arch/RHEL8/EB_production/2023/software/Python/3.11.3-GCCcore-12.3.0/lib/python3.11/multiprocessing/process.py", line 121, in start
    self._popen = self._Popen(self)
  File "/sw/arch/RHEL8/EB_production/2023/software/Python/3.11.3-GCCcore-12.3.0/lib/python3.11/multiprocessing/context.py", line 281, in _Popen
    return Popen(process_obj)
  File "/sw/arch/RHEL8/EB_production/2023/software/Python/3.11.3-GCCcore-12.3.0/lib/python3.11/multiprocessing/popen_fork.py", line 19, in __init__
    self._launch(process_obj)
  File "/sw/arch/RHEL8/EB_production/2023/software/Python/3.11.3-GCCcore-12.3.0/lib/python3.11/multiprocessing/popen_fork.py", line 71, in _launch
    code = process_obj._bootstrap(parent_sentinel=child_r)
  File "/sw/arch/RHEL8/EB_production/2023/software/Python/3.11.3-GCCcore-12.3.0/lib/python3.11/multiprocessing/process.py", line 314, in _bootstrap
    self.run()
  File "/sw/arch/RHEL8/EB_production/2023/software/Python/3.11.3-GCCcore-12.3.0/lib/python3.11/multiprocessing/process.py", line 108, in run
    self._target(*self._args, **self._kwargs)
  File "/sw/arch/RHEL8/EB_production/2023/software/Python/3.11.3-GCCcore-12.3.0/lib/python3.11/multiprocessing/pool.py", line 125, in worker
    result = (True, func(*args, **kwds))
  File "/sw/arch/RHEL8/EB_production/2023/software/Python/3.11.3-GCCcore-12.3.0/lib/python3.11/multiprocessing/pool.py", line 48, in mapstar
    return list(map(*args))
  File "/gpfs/home3/tsijpkens/TSPHardener/run.py", line 38, in run_experiment
    logging.error(f"Error in {cmd}:", f"{e.stderr}")
Message: "Error in ['python3', '-m', 'main', '[20]', '[25, 30, 35, 40]', '1000', '', '--tsp_type', 'asymmetric', '--distribution', 'uniform', '--mutation_strategy', 'wouter']:"
Arguments: ('Traceback (most recent call last):\n  File "<frozen runpy>", line 198, in _run_module_as_main\n  File "<frozen runpy>", line 88, in _run_code\n  File "/gpfs/home3/tsijpkens/TSPHardener/main.py", line 2, in <module>\n    from core.experiment import experiment\n  File "/gpfs/home3/tsijpkens/TSPHardener/core/experiment.py", line 6, in <module>\n    from .helpers import initialize_matrix_and_hardest, run_litals_algorithm\n  File "/gpfs/home3/tsijpkens/TSPHardener/core/helpers.py", line 5, in <module>\n    from .generate_tsp import generate_tsp\n  File "/gpfs/home3/tsijpkens/TSPHardener/core/generate_tsp.py", line 3, in <module>\n    from scipy.spatial.distance import pdist, squareform\nModuleNotFoundError: No module named \'scipy\'\n',)
  File "/gpfs/home3/tsijpkens/TSPHardener/run.py", line 46, in <module>
    with Pool(processes=64) as pool:
  File "/sw/arch/RHEL8/EB_production/2023/software/Python/3.11.3-GCCcore-12.3.0/lib/python3.11/multiprocessing/context.py", line 119, in Pool
    return Pool(processes, initializer, initargs, maxtasksperchild,
  File "/sw/arch/RHEL8/EB_production/2023/software/Python/3.11.3-GCCcore-12.3.0/lib/python3.11/multiprocessing/pool.py", line 215, in __init__
    self._repopulate_pool()
  File "/sw/arch/RHEL8/EB_production/2023/software/Python/3.11.3-GCCcore-12.3.0/lib/python3.11/multiprocessing/pool.py", line 306, in _repopulate_pool
    return self._repopulate_pool_static(self._ctx, self.Process,
  File "/sw/arch/RHEL8/EB_production/2023/software/Python/3.11.3-GCCcore-12.3.0/lib/python3.11/multiprocessing/pool.py", line 329, in _repopulate_pool_static
    w.start()
  File "/sw/arch/RHEL8/EB_production/2023/software/Python/3.11.3-GCCcore-12.3.0/lib/python3.11/multiprocessing/process.py", line 121, in start
    self._popen = self._Popen(self)
  File "/sw/arch/RHEL8/EB_production/2023/software/Python/3.11.3-GCCcore-12.3.0/lib/python3.11/multiprocessing/context.py", line 281, in _Popen
    return Popen(process_obj)
  File "/sw/arch/RHEL8/EB_production/2023/software/Python/3.11.3-GCCcore-12.3.0/lib/python3.11/multiprocessing/popen_fork.py", line 19, in __init__
    self._launch(process_obj)
  File "/sw/arch/RHEL8/EB_production/2023/software/Python/3.11.3-GCCcore-12.3.0/lib/python3.11/multiprocessing/popen_fork.py", line 71, in _launch
    code = process_obj._bootstrap(parent_sentinel=child_r)
  File "/sw/arch/RHEL8/EB_production/2023/software/Python/3.11.3-GCCcore-12.3.0/lib/python3.11/multiprocessing/process.py", line 314, in _bootstrap
    self.run()
  File "/sw/arch/RHEL8/EB_production/2023/software/Python/3.11.3-GCCcore-12.3.0/lib/python3.11/multiprocessing/process.py", line 108, in run
    self._target(*self._args, **self._kwargs)
  File "/sw/arch/RHEL8/EB_production/2023/software/Python/3.11.3-GCCcore-12.3.0/lib/python3.11/multiprocessing/pool.py", line 125, in worker
    result = (True, func(*args, **kwds))
  File "/sw/arch/RHEL8/EB_production/2023/software/Python/3.11.3-GCCcore-12.3.0/lib/python3.11/multiprocessing/pool.py", line 48, in mapstar
    return list(map(*args))
  File "/gpfs/home3/tsijpkens/TSPHardener/run.py", line 38, in run_experiment
    logging.error(f"Error in {cmd}:", f"{e.stderr}")
Message: "Error in ['python3', '-m', 'main', '[30]', '[65, 70, 75, 80]', '1000', '', '--tsp_type', 'euclidean', '--distribution', 'uniform', '--mutation_strategy', 'swap']:"
Arguments: ('Traceback (most recent call last):\n  File "<frozen runpy>", line 198, in _run_module_as_main\n  File "<frozen runpy>", line 88, in _run_code\n  File "/gpfs/home3/tsijpkens/TSPHardener/main.py", line 2, in <module>\n    from core.experiment import experiment\n  File "/gpfs/home3/tsijpkens/TSPHardener/core/experiment.py", line 6, in <module>\n    from .helpers import initialize_matrix_and_hardest, run_litals_algorithm\n  File "/gpfs/home3/tsijpkens/TSPHardener/core/helpers.py", line 5, in <module>\n    from .generate_tsp import generate_tsp\n  File "/gpfs/home3/tsijpkens/TSPHardener/core/generate_tsp.py", line 3, in <module>\n    from scipy.spatial.distance import pdist, squareform\nModuleNotFoundError: No module named \'scipy\'\n',)
Traceback (most recent call last):
  File "/gpfs/home3/tsijpkens/TSPHardener/run.py", line 46, in <module>
    with Pool(processes=64) as pool:
  File "/sw/arch/RHEL8/EB_production/2023/software/Python/3.11.3-GCCcore-12.3.0/lib/python3.11/multiprocessing/context.py", line 119, in Pool
    return Pool(processes, initializer, initargs, maxtasksperchild,
  File "/sw/arch/RHEL8/EB_production/2023/software/Python/3.11.3-GCCcore-12.3.0/lib/python3.11/multiprocessing/pool.py", line 215, in __init__
    self._repopulate_pool()
  File "/sw/arch/RHEL8/EB_production/2023/software/Python/3.11.3-GCCcore-12.3.0/lib/python3.11/multiprocessing/pool.py", line 306, in _repopulate_pool
    return self._repopulate_pool_static(self._ctx, self.Process,
  File "/sw/arch/RHEL8/EB_production/2023/software/Python/3.11.3-GCCcore-12.3.0/lib/python3.11/multiprocessing/pool.py", line 329, in _repopulate_pool_static
    w.start()
  File "/sw/arch/RHEL8/EB_production/2023/software/Python/3.11.3-GCCcore-12.3.0/lib/python3.11/multiprocessing/process.py", line 121, in start
    self._popen = self._Popen(self)
  File "/sw/arch/RHEL8/EB_production/2023/software/Python/3.11.3-GCCcore-12.3.0/lib/python3.11/multiprocessing/context.py", line 281, in _Popen
    return Popen(process_obj)
  File "/sw/arch/RHEL8/EB_production/2023/software/Python/3.11.3-GCCcore-12.3.0/lib/python3.11/multiprocessing/popen_fork.py", line 19, in __init__
    self._launch(process_obj)
  File "/sw/arch/RHEL8/EB_production/2023/software/Python/3.11.3-GCCcore-12.3.0/lib/python3.11/multiprocessing/popen_fork.py", line 71, in _launch
    code = process_obj._bootstrap(parent_sentinel=child_r)
Traceback (most recent call last):
  File "/sw/arch/RHEL8/EB_production/2023/software/Python/3.11.3-GCCcore-12.3.0/lib/python3.11/multiprocessing/process.py", line 314, in _bootstrap
    self.run()
  File "/sw/arch/RHEL8/EB_production/2023/software/Python/3.11.3-GCCcore-12.3.0/lib/python3.11/multiprocessing/process.py", line 108, in run
    self._target(*self._args, **self._kwargs)
  File "/sw/arch/RHEL8/EB_production/2023/software/Python/3.11.3-GCCcore-12.3.0/lib/python3.11/multiprocessing/pool.py", line 125, in worker
    result = (True, func(*args, **kwds))
  File "/sw/arch/RHEL8/EB_production/2023/software/Python/3.11.3-GCCcore-12.3.0/lib/python3.11/multiprocessing/pool.py", line 48, in mapstar
    return list(map(*args))
  File "/gpfs/home3/tsijpkens/TSPHardener/run.py", line 38, in run_experiment
    logging.error(f"Error in {cmd}:", f"{e.stderr}")
Message: "Error in ['python3', '-m', 'main', '[20]', '[5, 10, 15, 20]', '1000', '', '--tsp_type', 'euclidean', '--distribution', 'uniform', '--mutation_strategy', 'swap']:"
Arguments: ('Traceback (most recent call last):\n  File "<frozen runpy>", line 198, in _run_module_as_main\n  File "<frozen runpy>", line 88, in _run_code\n  File "/gpfs/home3/tsijpkens/TSPHardener/main.py", line 2, in <module>\n    from core.experiment import experiment\n  File "/gpfs/home3/tsijpkens/TSPHardener/core/experiment.py", line 6, in <module>\n    from .helpers import initialize_matrix_and_hardest, run_litals_algorithm\n  File "/gpfs/home3/tsijpkens/TSPHardener/core/helpers.py", line 5, in <module>\n    from .generate_tsp import generate_tsp\n  File "/gpfs/home3/tsijpkens/TSPHardener/core/generate_tsp.py", line 3, in <module>\n    from scipy.spatial.distance import pdist, squareform\nModuleNotFoundError: No module named \'scipy\'\n',)
  File "/gpfs/home3/tsijpkens/TSPHardener/run.py", line 33, in run_experiment
    result = subprocess.run(cmd, check=True, text=True, capture_output=True)
             ^^^^^^^^^^^^^^^^^^^^^^^^^^^^^^^^^^^^^^^^^^^^^^^^^^^^^^^^^^^^^^^
  File "/sw/arch/RHEL8/EB_production/2023/software/Python/3.11.3-GCCcore-12.3.0/lib/python3.11/subprocess.py", line 571, in run
    raise CalledProcessError(retcode, process.args,
subprocess.CalledProcessError: Command '['python3', '-m', 'main', '[30]', '[65, 70, 75, 80]', '1000', '', '--tsp_type', 'asymmetric', '--distribution', 'uniform', '--mutation_strategy', 'swap']' returned non-zero exit status 1.
  File "/gpfs/home3/tsijpkens/TSPHardener/run.py", line 33, in run_experiment
    result = subprocess.run(cmd, check=True, text=True, capture_output=True)
             ^^^^^^^^^^^^^^^^^^^^^^^^^^^^^^^^^^^^^^^^^^^^^^^^^^^^^^^^^^^^^^^

During handling of the above exception, another exception occurred:

  File "/sw/arch/RHEL8/EB_production/2023/software/Python/3.11.3-GCCcore-12.3.0/lib/python3.11/subprocess.py", line 571, in run
    raise CalledProcessError(retcode, process.args,
Traceback (most recent call last):
subprocess.CalledProcessError: Command '['python3', '-m', 'main', '[20]', '[25, 30, 35, 40]', '1000', '', '--tsp_type', 'euclidean', '--distribution', 'uniform', '--mutation_strategy', 'swap']' returned non-zero exit status 1.

During handling of the above exception, another exception occurred:

Traceback (most recent call last):
  File "/sw/arch/RHEL8/EB_production/2023/software/Python/3.11.3-GCCcore-12.3.0/lib/python3.11/logging/__init__.py", line 1110, in emit
    msg = self.format(record)
          ^^^^^^^^^^^^^^^^^^^
  File "/sw/arch/RHEL8/EB_production/2023/software/Python/3.11.3-GCCcore-12.3.0/lib/python3.11/logging/__init__.py", line 953, in format
    return fmt.format(record)
           ^^^^^^^^^^^^^^^^^^
  File "/sw/arch/RHEL8/EB_production/2023/software/Python/3.11.3-GCCcore-12.3.0/lib/python3.11/logging/__init__.py", line 687, in format
    record.message = record.getMessage()
                     ^^^^^^^^^^^^^^^^^^^
  File "/sw/arch/RHEL8/EB_production/2023/software/Python/3.11.3-GCCcore-12.3.0/lib/python3.11/logging/__init__.py", line 377, in getMessage
    msg = msg % self.args
          ~~~~^~~~~~~~~~~
TypeError: not all arguments converted during string formatting
Call stack:
  File "/sw/arch/RHEL8/EB_production/2023/software/Python/3.11.3-GCCcore-12.3.0/lib/python3.11/logging/__init__.py", line 1110, in emit
    msg = self.format(record)
          ^^^^^^^^^^^^^^^^^^^
  File "/sw/arch/RHEL8/EB_production/2023/software/Python/3.11.3-GCCcore-12.3.0/lib/python3.11/logging/__init__.py", line 953, in format
    return fmt.format(record)
           ^^^^^^^^^^^^^^^^^^
  File "/sw/arch/RHEL8/EB_production/2023/software/Python/3.11.3-GCCcore-12.3.0/lib/python3.11/logging/__init__.py", line 687, in format
    record.message = record.getMessage()
                     ^^^^^^^^^^^^^^^^^^^
  File "/sw/arch/RHEL8/EB_production/2023/software/Python/3.11.3-GCCcore-12.3.0/lib/python3.11/logging/__init__.py", line 377, in getMessage
    msg = msg % self.args
          ~~~~^~~~~~~~~~~
TypeError: not all arguments converted during string formatting
Call stack:
--- Logging error ---
  File "/gpfs/home3/tsijpkens/TSPHardener/run.py", line 46, in <module>
    with Pool(processes=64) as pool:
  File "/sw/arch/RHEL8/EB_production/2023/software/Python/3.11.3-GCCcore-12.3.0/lib/python3.11/multiprocessing/context.py", line 119, in Pool
    return Pool(processes, initializer, initargs, maxtasksperchild,
  File "/sw/arch/RHEL8/EB_production/2023/software/Python/3.11.3-GCCcore-12.3.0/lib/python3.11/multiprocessing/pool.py", line 215, in __init__
    self._repopulate_pool()
  File "/sw/arch/RHEL8/EB_production/2023/software/Python/3.11.3-GCCcore-12.3.0/lib/python3.11/multiprocessing/pool.py", line 306, in _repopulate_pool
    return self._repopulate_pool_static(self._ctx, self.Process,
  File "/sw/arch/RHEL8/EB_production/2023/software/Python/3.11.3-GCCcore-12.3.0/lib/python3.11/multiprocessing/pool.py", line 329, in _repopulate_pool_static
    w.start()
  File "/sw/arch/RHEL8/EB_production/2023/software/Python/3.11.3-GCCcore-12.3.0/lib/python3.11/multiprocessing/process.py", line 121, in start
    self._popen = self._Popen(self)
  File "/sw/arch/RHEL8/EB_production/2023/software/Python/3.11.3-GCCcore-12.3.0/lib/python3.11/multiprocessing/context.py", line 281, in _Popen
    return Popen(process_obj)
  File "/sw/arch/RHEL8/EB_production/2023/software/Python/3.11.3-GCCcore-12.3.0/lib/python3.11/multiprocessing/popen_fork.py", line 19, in __init__
    self._launch(process_obj)
  File "/sw/arch/RHEL8/EB_production/2023/software/Python/3.11.3-GCCcore-12.3.0/lib/python3.11/multiprocessing/popen_fork.py", line 71, in _launch
    code = process_obj._bootstrap(parent_sentinel=child_r)
  File "/sw/arch/RHEL8/EB_production/2023/software/Python/3.11.3-GCCcore-12.3.0/lib/python3.11/multiprocessing/process.py", line 314, in _bootstrap
    self.run()
  File "/sw/arch/RHEL8/EB_production/2023/software/Python/3.11.3-GCCcore-12.3.0/lib/python3.11/multiprocessing/process.py", line 108, in run
    self._target(*self._args, **self._kwargs)
  File "/sw/arch/RHEL8/EB_production/2023/software/Python/3.11.3-GCCcore-12.3.0/lib/python3.11/multiprocessing/pool.py", line 125, in worker
    result = (True, func(*args, **kwds))
  File "/sw/arch/RHEL8/EB_production/2023/software/Python/3.11.3-GCCcore-12.3.0/lib/python3.11/multiprocessing/pool.py", line 48, in mapstar
    return list(map(*args))
  File "/gpfs/home3/tsijpkens/TSPHardener/run.py", line 38, in run_experiment
    logging.error(f"Error in {cmd}:", f"{e.stderr}")
Message: "Error in ['python3', '-m', 'main', '[20]', '[25, 30, 35, 40]', '1000', '', '--tsp_type', 'euclidean', '--distribution', 'uniform', '--mutation_strategy', 'swap']:"
Arguments: ('Traceback (most recent call last):\n  File "<frozen runpy>", line 198, in _run_module_as_main\n  File "<frozen runpy>", line 88, in _run_code\n  File "/gpfs/home3/tsijpkens/TSPHardener/main.py", line 2, in <module>\n    from core.experiment import experiment\n  File "/gpfs/home3/tsijpkens/TSPHardener/core/experiment.py", line 6, in <module>\n    from .helpers import initialize_matrix_and_hardest, run_litals_algorithm\n  File "/gpfs/home3/tsijpkens/TSPHardener/core/helpers.py", line 5, in <module>\n    from .generate_tsp import generate_tsp\n  File "/gpfs/home3/tsijpkens/TSPHardener/core/generate_tsp.py", line 3, in <module>\n    from scipy.spatial.distance import pdist, squareform\nModuleNotFoundError: No module named \'scipy\'\n',)
  File "/gpfs/home3/tsijpkens/TSPHardener/run.py", line 46, in <module>
    with Pool(processes=64) as pool:
  File "/sw/arch/RHEL8/EB_production/2023/software/Python/3.11.3-GCCcore-12.3.0/lib/python3.11/multiprocessing/context.py", line 119, in Pool
    return Pool(processes, initializer, initargs, maxtasksperchild,
  File "/sw/arch/RHEL8/EB_production/2023/software/Python/3.11.3-GCCcore-12.3.0/lib/python3.11/multiprocessing/pool.py", line 215, in __init__
    self._repopulate_pool()
  File "/sw/arch/RHEL8/EB_production/2023/software/Python/3.11.3-GCCcore-12.3.0/lib/python3.11/multiprocessing/pool.py", line 306, in _repopulate_pool
    return self._repopulate_pool_static(self._ctx, self.Process,
  File "/sw/arch/RHEL8/EB_production/2023/software/Python/3.11.3-GCCcore-12.3.0/lib/python3.11/multiprocessing/pool.py", line 329, in _repopulate_pool_static
    w.start()
  File "/sw/arch/RHEL8/EB_production/2023/software/Python/3.11.3-GCCcore-12.3.0/lib/python3.11/multiprocessing/process.py", line 121, in start
    self._popen = self._Popen(self)
  File "/sw/arch/RHEL8/EB_production/2023/software/Python/3.11.3-GCCcore-12.3.0/lib/python3.11/multiprocessing/context.py", line 281, in _Popen
    return Popen(process_obj)
  File "/sw/arch/RHEL8/EB_production/2023/software/Python/3.11.3-GCCcore-12.3.0/lib/python3.11/multiprocessing/popen_fork.py", line 19, in __init__
    self._launch(process_obj)
  File "/sw/arch/RHEL8/EB_production/2023/software/Python/3.11.3-GCCcore-12.3.0/lib/python3.11/multiprocessing/popen_fork.py", line 71, in _launch
    code = process_obj._bootstrap(parent_sentinel=child_r)
  File "/sw/arch/RHEL8/EB_production/2023/software/Python/3.11.3-GCCcore-12.3.0/lib/python3.11/multiprocessing/process.py", line 314, in _bootstrap
    self.run()
  File "/sw/arch/RHEL8/EB_production/2023/software/Python/3.11.3-GCCcore-12.3.0/lib/python3.11/multiprocessing/process.py", line 108, in run
    self._target(*self._args, **self._kwargs)
  File "/sw/arch/RHEL8/EB_production/2023/software/Python/3.11.3-GCCcore-12.3.0/lib/python3.11/multiprocessing/pool.py", line 125, in worker
    result = (True, func(*args, **kwds))
  File "/sw/arch/RHEL8/EB_production/2023/software/Python/3.11.3-GCCcore-12.3.0/lib/python3.11/multiprocessing/pool.py", line 48, in mapstar
    return list(map(*args))
  File "/gpfs/home3/tsijpkens/TSPHardener/run.py", line 38, in run_experiment
    logging.error(f"Error in {cmd}:", f"{e.stderr}")
Message: "Error in ['python3', '-m', 'main', '[30]', '[65, 70, 75, 80]', '1000', '', '--tsp_type', 'asymmetric', '--distribution', 'uniform', '--mutation_strategy', 'swap']:"
Arguments: ('Traceback (most recent call last):\n  File "<frozen runpy>", line 198, in _run_module_as_main\n  File "<frozen runpy>", line 88, in _run_code\n  File "/gpfs/home3/tsijpkens/TSPHardener/main.py", line 2, in <module>\n    from core.experiment import experiment\n  File "/gpfs/home3/tsijpkens/TSPHardener/core/experiment.py", line 6, in <module>\n    from .helpers import initialize_matrix_and_hardest, run_litals_algorithm\n  File "/gpfs/home3/tsijpkens/TSPHardener/core/helpers.py", line 5, in <module>\n    from .generate_tsp import generate_tsp\n  File "/gpfs/home3/tsijpkens/TSPHardener/core/generate_tsp.py", line 3, in <module>\n    from scipy.spatial.distance import pdist, squareform\nModuleNotFoundError: No module named \'scipy\'\n',)
--- Logging error ---
Traceback (most recent call last):
  File "/gpfs/home3/tsijpkens/TSPHardener/run.py", line 33, in run_experiment
    result = subprocess.run(cmd, check=True, text=True, capture_output=True)
             ^^^^^^^^^^^^^^^^^^^^^^^^^^^^^^^^^^^^^^^^^^^^^^^^^^^^^^^^^^^^^^^
  File "/sw/arch/RHEL8/EB_production/2023/software/Python/3.11.3-GCCcore-12.3.0/lib/python3.11/subprocess.py", line 571, in run
    raise CalledProcessError(retcode, process.args,
subprocess.CalledProcessError: Command '['python3', '-m', 'main', '[20]', '[45, 50, 55, 60]', '1000', '', '--tsp_type', 'asymmetric', '--distribution', 'uniform', '--mutation_strategy', 'swap']' returned non-zero exit status 1.

During handling of the above exception, another exception occurred:

Traceback (most recent call last):
  File "/sw/arch/RHEL8/EB_production/2023/software/Python/3.11.3-GCCcore-12.3.0/lib/python3.11/logging/__init__.py", line 1110, in emit
    msg = self.format(record)
          ^^^^^^^^^^^^^^^^^^^
  File "/sw/arch/RHEL8/EB_production/2023/software/Python/3.11.3-GCCcore-12.3.0/lib/python3.11/logging/__init__.py", line 953, in format
    return fmt.format(record)
           ^^^^^^^^^^^^^^^^^^
  File "/sw/arch/RHEL8/EB_production/2023/software/Python/3.11.3-GCCcore-12.3.0/lib/python3.11/logging/__init__.py", line 687, in format
    record.message = record.getMessage()
                     ^^^^^^^^^^^^^^^^^^^
  File "/sw/arch/RHEL8/EB_production/2023/software/Python/3.11.3-GCCcore-12.3.0/lib/python3.11/logging/__init__.py", line 377, in getMessage
    msg = msg % self.args
          ~~~~^~~~~~~~~~~
TypeError: not all arguments converted during string formatting
Call stack:
Traceback (most recent call last):
  File "/gpfs/home3/tsijpkens/TSPHardener/run.py", line 33, in run_experiment
    result = subprocess.run(cmd, check=True, text=True, capture_output=True)
             ^^^^^^^^^^^^^^^^^^^^^^^^^^^^^^^^^^^^^^^^^^^^^^^^^^^^^^^^^^^^^^^
  File "/sw/arch/RHEL8/EB_production/2023/software/Python/3.11.3-GCCcore-12.3.0/lib/python3.11/subprocess.py", line 571, in run
    raise CalledProcessError(retcode, process.args,
subprocess.CalledProcessError: Command '['python3', '-m', 'main', '[30]', '[65, 70, 75, 80]', '1000', '', '--tsp_type', 'euclidean', '--distribution', 'uniform', '--mutation_strategy', 'wouter']' returned non-zero exit status 1.

During handling of the above exception, another exception occurred:

Traceback (most recent call last):
  File "/gpfs/home3/tsijpkens/TSPHardener/run.py", line 46, in <module>
    with Pool(processes=64) as pool:
  File "/sw/arch/RHEL8/EB_production/2023/software/Python/3.11.3-GCCcore-12.3.0/lib/python3.11/multiprocessing/context.py", line 119, in Pool
    return Pool(processes, initializer, initargs, maxtasksperchild,
  File "/sw/arch/RHEL8/EB_production/2023/software/Python/3.11.3-GCCcore-12.3.0/lib/python3.11/multiprocessing/pool.py", line 215, in __init__
    self._repopulate_pool()
  File "/sw/arch/RHEL8/EB_production/2023/software/Python/3.11.3-GCCcore-12.3.0/lib/python3.11/multiprocessing/pool.py", line 306, in _repopulate_pool
    return self._repopulate_pool_static(self._ctx, self.Process,
  File "/sw/arch/RHEL8/EB_production/2023/software/Python/3.11.3-GCCcore-12.3.0/lib/python3.11/multiprocessing/pool.py", line 329, in _repopulate_pool_static
    w.start()
  File "/sw/arch/RHEL8/EB_production/2023/software/Python/3.11.3-GCCcore-12.3.0/lib/python3.11/logging/__init__.py", line 1110, in emit
    msg = self.format(record)
          ^^^^^^^^^^^^^^^^^^^
  File "/sw/arch/RHEL8/EB_production/2023/software/Python/3.11.3-GCCcore-12.3.0/lib/python3.11/multiprocessing/process.py", line 121, in start
    self._popen = self._Popen(self)
  File "/sw/arch/RHEL8/EB_production/2023/software/Python/3.11.3-GCCcore-12.3.0/lib/python3.11/logging/__init__.py", line 953, in format
    return fmt.format(record)
           ^^^^^^^^^^^^^^^^^^
  File "/sw/arch/RHEL8/EB_production/2023/software/Python/3.11.3-GCCcore-12.3.0/lib/python3.11/multiprocessing/context.py", line 281, in _Popen
    return Popen(process_obj)
  File "/sw/arch/RHEL8/EB_production/2023/software/Python/3.11.3-GCCcore-12.3.0/lib/python3.11/logging/__init__.py", line 687, in format
    record.message = record.getMessage()
                     ^^^^^^^^^^^^^^^^^^^
  File "/sw/arch/RHEL8/EB_production/2023/software/Python/3.11.3-GCCcore-12.3.0/lib/python3.11/multiprocessing/popen_fork.py", line 19, in __init__
    self._launch(process_obj)
  File "/sw/arch/RHEL8/EB_production/2023/software/Python/3.11.3-GCCcore-12.3.0/lib/python3.11/logging/__init__.py", line 377, in getMessage
    msg = msg % self.args
          ~~~~^~~~~~~~~~~
  File "/sw/arch/RHEL8/EB_production/2023/software/Python/3.11.3-GCCcore-12.3.0/lib/python3.11/multiprocessing/popen_fork.py", line 71, in _launch
    code = process_obj._bootstrap(parent_sentinel=child_r)
  File "/sw/arch/RHEL8/EB_production/2023/software/Python/3.11.3-GCCcore-12.3.0/lib/python3.11/multiprocessing/process.py", line 314, in _bootstrap
    self.run()
TypeError: not all arguments converted during string formatting
  File "/sw/arch/RHEL8/EB_production/2023/software/Python/3.11.3-GCCcore-12.3.0/lib/python3.11/multiprocessing/process.py", line 108, in run
    self._target(*self._args, **self._kwargs)
Call stack:
  File "/sw/arch/RHEL8/EB_production/2023/software/Python/3.11.3-GCCcore-12.3.0/lib/python3.11/multiprocessing/pool.py", line 125, in worker
    result = (True, func(*args, **kwds))
  File "/sw/arch/RHEL8/EB_production/2023/software/Python/3.11.3-GCCcore-12.3.0/lib/python3.11/multiprocessing/pool.py", line 48, in mapstar
    return list(map(*args))
  File "/gpfs/home3/tsijpkens/TSPHardener/run.py", line 38, in run_experiment
    logging.error(f"Error in {cmd}:", f"{e.stderr}")
Message: "Error in ['python3', '-m', 'main', '[20]', '[45, 50, 55, 60]', '1000', '', '--tsp_type', 'asymmetric', '--distribution', 'uniform', '--mutation_strategy', 'swap']:"
Arguments: ('Traceback (most recent call last):\n  File "<frozen runpy>", line 198, in _run_module_as_main\n  File "<frozen runpy>", line 88, in _run_code\n  File "/gpfs/home3/tsijpkens/TSPHardener/main.py", line 2, in <module>\n    from core.experiment import experiment\n  File "/gpfs/home3/tsijpkens/TSPHardener/core/experiment.py", line 6, in <module>\n    from .helpers import initialize_matrix_and_hardest, run_litals_algorithm\n  File "/gpfs/home3/tsijpkens/TSPHardener/core/helpers.py", line 5, in <module>\n    from .generate_tsp import generate_tsp\n  File "/gpfs/home3/tsijpkens/TSPHardener/core/generate_tsp.py", line 3, in <module>\n    from scipy.spatial.distance import pdist, squareform\nModuleNotFoundError: No module named \'scipy\'\n',)
--- Logging error ---
  File "/gpfs/home3/tsijpkens/TSPHardener/run.py", line 46, in <module>
    with Pool(processes=64) as pool:
  File "/sw/arch/RHEL8/EB_production/2023/software/Python/3.11.3-GCCcore-12.3.0/lib/python3.11/multiprocessing/context.py", line 119, in Pool
    return Pool(processes, initializer, initargs, maxtasksperchild,
  File "/sw/arch/RHEL8/EB_production/2023/software/Python/3.11.3-GCCcore-12.3.0/lib/python3.11/multiprocessing/pool.py", line 215, in __init__
    self._repopulate_pool()
  File "/sw/arch/RHEL8/EB_production/2023/software/Python/3.11.3-GCCcore-12.3.0/lib/python3.11/multiprocessing/pool.py", line 306, in _repopulate_pool
    return self._repopulate_pool_static(self._ctx, self.Process,
  File "/sw/arch/RHEL8/EB_production/2023/software/Python/3.11.3-GCCcore-12.3.0/lib/python3.11/multiprocessing/pool.py", line 329, in _repopulate_pool_static
    w.start()
  File "/sw/arch/RHEL8/EB_production/2023/software/Python/3.11.3-GCCcore-12.3.0/lib/python3.11/multiprocessing/process.py", line 121, in start
    self._popen = self._Popen(self)
  File "/sw/arch/RHEL8/EB_production/2023/software/Python/3.11.3-GCCcore-12.3.0/lib/python3.11/multiprocessing/context.py", line 281, in _Popen
    return Popen(process_obj)
  File "/sw/arch/RHEL8/EB_production/2023/software/Python/3.11.3-GCCcore-12.3.0/lib/python3.11/multiprocessing/popen_fork.py", line 19, in __init__
    self._launch(process_obj)
  File "/sw/arch/RHEL8/EB_production/2023/software/Python/3.11.3-GCCcore-12.3.0/lib/python3.11/multiprocessing/popen_fork.py", line 71, in _launch
    code = process_obj._bootstrap(parent_sentinel=child_r)
  File "/sw/arch/RHEL8/EB_production/2023/software/Python/3.11.3-GCCcore-12.3.0/lib/python3.11/multiprocessing/process.py", line 314, in _bootstrap
    self.run()
  File "/sw/arch/RHEL8/EB_production/2023/software/Python/3.11.3-GCCcore-12.3.0/lib/python3.11/multiprocessing/process.py", line 108, in run
    self._target(*self._args, **self._kwargs)
  File "/sw/arch/RHEL8/EB_production/2023/software/Python/3.11.3-GCCcore-12.3.0/lib/python3.11/multiprocessing/pool.py", line 125, in worker
    result = (True, func(*args, **kwds))
  File "/sw/arch/RHEL8/EB_production/2023/software/Python/3.11.3-GCCcore-12.3.0/lib/python3.11/multiprocessing/pool.py", line 48, in mapstar
    return list(map(*args))
  File "/gpfs/home3/tsijpkens/TSPHardener/run.py", line 38, in run_experiment
    logging.error(f"Error in {cmd}:", f"{e.stderr}")
Message: "Error in ['python3', '-m', 'main', '[30]', '[65, 70, 75, 80]', '1000', '', '--tsp_type', 'euclidean', '--distribution', 'uniform', '--mutation_strategy', 'wouter']:"
Arguments: ('Traceback (most recent call last):\n  File "<frozen runpy>", line 198, in _run_module_as_main\n  File "<frozen runpy>", line 88, in _run_code\n  File "/gpfs/home3/tsijpkens/TSPHardener/main.py", line 2, in <module>\n    from core.experiment import experiment\n  File "/gpfs/home3/tsijpkens/TSPHardener/core/experiment.py", line 6, in <module>\n    from .helpers import initialize_matrix_and_hardest, run_litals_algorithm\n  File "/gpfs/home3/tsijpkens/TSPHardener/core/helpers.py", line 5, in <module>\n    from .generate_tsp import generate_tsp\n  File "/gpfs/home3/tsijpkens/TSPHardener/core/generate_tsp.py", line 3, in <module>\n    from scipy.spatial.distance import pdist, squareform\nModuleNotFoundError: No module named \'scipy\'\n',)
Traceback (most recent call last):
  File "/gpfs/home3/tsijpkens/TSPHardener/run.py", line 33, in run_experiment
    result = subprocess.run(cmd, check=True, text=True, capture_output=True)
             ^^^^^^^^^^^^^^^^^^^^^^^^^^^^^^^^^^^^^^^^^^^^^^^^^^^^^^^^^^^^^^^
  File "/sw/arch/RHEL8/EB_production/2023/software/Python/3.11.3-GCCcore-12.3.0/lib/python3.11/subprocess.py", line 571, in run
    raise CalledProcessError(retcode, process.args,
subprocess.CalledProcessError: Command '['python3', '-m', 'main', '[30]', '[45, 50, 55, 60]', '1000', '', '--tsp_type', 'euclidean', '--distribution', 'uniform', '--mutation_strategy', 'swap']' returned non-zero exit status 1.

During handling of the above exception, another exception occurred:

Traceback (most recent call last):
  File "/sw/arch/RHEL8/EB_production/2023/software/Python/3.11.3-GCCcore-12.3.0/lib/python3.11/logging/__init__.py", line 1110, in emit
    msg = self.format(record)
          ^^^^^^^^^^^^^^^^^^^
  File "/sw/arch/RHEL8/EB_production/2023/software/Python/3.11.3-GCCcore-12.3.0/lib/python3.11/logging/__init__.py", line 953, in format
    return fmt.format(record)
           ^^^^^^^^^^^^^^^^^^
  File "/sw/arch/RHEL8/EB_production/2023/software/Python/3.11.3-GCCcore-12.3.0/lib/python3.11/logging/__init__.py", line 687, in format
    record.message = record.getMessage()
                     ^^^^^^^^^^^^^^^^^^^
  File "/sw/arch/RHEL8/EB_production/2023/software/Python/3.11.3-GCCcore-12.3.0/lib/python3.11/logging/__init__.py", line 377, in getMessage
    msg = msg % self.args
          ~~~~^~~~~~~~~~~
TypeError: not all arguments converted during string formatting
Call stack:
  File "/gpfs/home3/tsijpkens/TSPHardener/run.py", line 46, in <module>
    with Pool(processes=64) as pool:
  File "/sw/arch/RHEL8/EB_production/2023/software/Python/3.11.3-GCCcore-12.3.0/lib/python3.11/multiprocessing/context.py", line 119, in Pool
    return Pool(processes, initializer, initargs, maxtasksperchild,
  File "/sw/arch/RHEL8/EB_production/2023/software/Python/3.11.3-GCCcore-12.3.0/lib/python3.11/multiprocessing/pool.py", line 215, in __init__
    self._repopulate_pool()
  File "/sw/arch/RHEL8/EB_production/2023/software/Python/3.11.3-GCCcore-12.3.0/lib/python3.11/multiprocessing/pool.py", line 306, in _repopulate_pool
    return self._repopulate_pool_static(self._ctx, self.Process,
  File "/sw/arch/RHEL8/EB_production/2023/software/Python/3.11.3-GCCcore-12.3.0/lib/python3.11/multiprocessing/pool.py", line 329, in _repopulate_pool_static
    w.start()
  File "/sw/arch/RHEL8/EB_production/2023/software/Python/3.11.3-GCCcore-12.3.0/lib/python3.11/multiprocessing/process.py", line 121, in start
    self._popen = self._Popen(self)
  File "/sw/arch/RHEL8/EB_production/2023/software/Python/3.11.3-GCCcore-12.3.0/lib/python3.11/multiprocessing/context.py", line 281, in _Popen
    return Popen(process_obj)
  File "/sw/arch/RHEL8/EB_production/2023/software/Python/3.11.3-GCCcore-12.3.0/lib/python3.11/multiprocessing/popen_fork.py", line 19, in __init__
    self._launch(process_obj)
  File "/sw/arch/RHEL8/EB_production/2023/software/Python/3.11.3-GCCcore-12.3.0/lib/python3.11/multiprocessing/popen_fork.py", line 71, in _launch
    code = process_obj._bootstrap(parent_sentinel=child_r)
  File "/sw/arch/RHEL8/EB_production/2023/software/Python/3.11.3-GCCcore-12.3.0/lib/python3.11/multiprocessing/process.py", line 314, in _bootstrap
    self.run()
  File "/sw/arch/RHEL8/EB_production/2023/software/Python/3.11.3-GCCcore-12.3.0/lib/python3.11/multiprocessing/process.py", line 108, in run
    self._target(*self._args, **self._kwargs)
  File "/sw/arch/RHEL8/EB_production/2023/software/Python/3.11.3-GCCcore-12.3.0/lib/python3.11/multiprocessing/pool.py", line 125, in worker
    result = (True, func(*args, **kwds))
  File "/sw/arch/RHEL8/EB_production/2023/software/Python/3.11.3-GCCcore-12.3.0/lib/python3.11/multiprocessing/pool.py", line 48, in mapstar
    return list(map(*args))
  File "/gpfs/home3/tsijpkens/TSPHardener/run.py", line 38, in run_experiment
    logging.error(f"Error in {cmd}:", f"{e.stderr}")
Message: "Error in ['python3', '-m', 'main', '[30]', '[45, 50, 55, 60]', '1000', '', '--tsp_type', 'euclidean', '--distribution', 'uniform', '--mutation_strategy', 'swap']:"
Arguments: ('Traceback (most recent call last):\n  File "<frozen runpy>", line 198, in _run_module_as_main\n  File "<frozen runpy>", line 88, in _run_code\n  File "/gpfs/home3/tsijpkens/TSPHardener/main.py", line 2, in <module>\n    from core.experiment import experiment\n  File "/gpfs/home3/tsijpkens/TSPHardener/core/experiment.py", line 6, in <module>\n    from .helpers import initialize_matrix_and_hardest, run_litals_algorithm\n  File "/gpfs/home3/tsijpkens/TSPHardener/core/helpers.py", line 5, in <module>\n    from .generate_tsp import generate_tsp\n  File "/gpfs/home3/tsijpkens/TSPHardener/core/generate_tsp.py", line 3, in <module>\n    from scipy.spatial.distance import pdist, squareform\nModuleNotFoundError: No module named \'scipy\'\n',)

JOB STATISTICS
==============
Job ID: 10492906
Cluster: snellius
User/Group: tsijpkens/tsijpkens
State: RUNNING
Nodes: 1
Cores per node: 64
CPU Utilized: 00:00:00
CPU Efficiency: 0.00% of 00:19:12 core-walltime
Job Wall-clock time: 00:00:18
Memory Utilized: 0.00 MB (estimated maximum)
Memory Efficiency: 0.00% of 112.00 GB (1.75 GB/core)
WARNING: Efficiency statistics may be misleading for RUNNING jobs.
