{"time": 0.09782958030700684, "configuration": {"city_size": 6, "range": 3.0, "mutation_type": "wouter", "generation_type": "asymmetric", "distribution": "uniform"}, "results": {"initial_matrix": {"iterations": 0, "hardest": 0, "optimal_tour": null, "optimal_cost": null, "matrix": [[Infinity, 1.3936483806685338, 1.9949783322890973, 1.9466533794808925, 1.085772462133495, 2.2518876407768764], [0.5905131385156833, Infinity, 1.860056995169393, 0.8806643828535258, 1.1111136978951914, 2.6150912918383953], [1.980772295676106, 2.2607072791517, Infinity, 0.761968042079127, 1.3198587777683124, 2.93569577803388], [0.6387754316917201, 0.405725133616888, 1.231268715078465, Infinity, 0.2450131150871503, 2.916159852972342], [1.8883768967443637, 2.404969698177518, 0.9681176502251174, 2.876379014562685, Infinity, 0.17898244091312643], [2.3024015546167558, 0.8414625080152991, 2.616844369076353, 0.2618830435936774, 2.5064909777207878, Infinity]], "is_hardest": true}, "iteration_0": {"iterations": 4, "hardest": 0, "optimal_tour": [[5, 1], [2, 3], [1, 0], [4, 5], [0, 2], [3, 4]], "optimal_cost": 4.612917576899483, "matrix": [[Infinity, 1.3936483806685338, 1.9949783322890973, 1.9466533794808925, 1.085772462133495, 2.2518876407768764], [0.5905131385156833, Infinity, 1.860056995169393, 0.8806643828535258, 1.1111136978951914, 2.6150912918383953], [1.980772295676106, 2.2607072791517, Infinity, 0.761968042079127, 1.3198587777683124, 2.93569577803388], [0.6387754316917201, 0.405725133616888, 1.231268715078465, Infinity, 0.2450131150871503, 2.916159852972342], [1.8883768967443637, 2.404969698177518, 0.9681176502251174, 2.876379014562685, Infinity, 0.17898244091312643], [2.3024015546167558, 0.8414625080152991, 2.616844369076353, 0.2618830435936774, 2.5064909777207878, Infinity]], "is_hardest": true}, "iteration_1": {"iterations": 4, "hardest": 4, "optimal_tour": [[2, 3], [0, 2], [1, 0], [4, 5], [3, 4], [5, 1]], "optimal_cost": 4.612917576899484, "matrix": [[Infinity, 1.3936483806685338, 1.9949783322890973, 1.9466533794808925, 1.085772462133495, 2.2518876407768764], [0.5905131385156833, Infinity, 1.860056995169393, 0.8806643828535258, 1.1111136978951914, 2.6150912918383953], [1.980772295676106, 2.2607072791517, Infinity, 0.761968042079127, 1.3198587777683124, 2.93569577803388], [0.6387754316917201, 0.405725133616888, 2.0, Infinity, 0.2450131150871503, 2.916159852972342], [1.8883768967443637, 2.404969698177518, 0.9681176502251174, 2.876379014562685, Infinity, 0.17898244091312643], [2.3024015546167558, 0.8414625080152991, 2.616844369076353, 0.2618830435936774, 2.5064909777207878, Infinity]], "is_hardest": false}, "iteration_2": {"iterations": 4, "hardest": 4, "optimal_tour": [[3, 1], [0, 2], [1, 0], [4, 5], [2, 4], [5, 3]], "optimal_cost": 4.751940866696785, "matrix": [[Infinity, 1.3936483806685338, 1.9949783322890973, 1.9466533794808925, 1.085772462133495, 2.2518876407768764], [0.5905131385156833, Infinity, 1.860056995169393, 0.8806643828535258, 1.1111136978951914, 2.6150912918383953], [1.980772295676106, 2.2607072791517, Infinity, 1.0, 1.3198587777683124, 2.93569577803388], [0.6387754316917201, 0.405725133616888, 2.0, Infinity, 0.2450131150871503, 2.916159852972342], [1.8883768967443637, 2.404969698177518, 0.9681176502251174, 2.876379014562685, Infinity, 0.17898244091312643], [2.3024015546167558, 0.8414625080152991, 2.616844369076353, 0.2618830435936774, 2.5064909777207878, Infinity]], "is_hardest": false}, "iteration_3": {"iterations": 4, "hardest": 4, "optimal_tour": [[3, 1], [0, 2], [4, 5], [1, 0], [2, 4], [5, 3]], "optimal_cost": 4.751940866696785, "matrix": [[Infinity, 1.3936483806685338, 1.9949783322890973, 1.9466533794808925, 1.085772462133495, 2.2518876407768764], [0.5905131385156833, Infinity, 1.860056995169393, 0.8806643828535258, 1.1111136978951914, 2.6150912918383953], [1.980772295676106, 2.2607072791517, Infinity, 1.0, 1.3198587777683124, 2.93569577803388], [2.0, 0.405725133616888, 2.0, Infinity, 0.2450131150871503, 2.916159852972342], [1.8883768967443637, 2.404969698177518, 0.9681176502251174, 2.876379014562685, Infinity, 0.17898244091312643], [2.3024015546167558, 0.8414625080152991, 2.616844369076353, 0.2618830435936774, 2.5064909777207878, Infinity]], "is_hardest": false}, "iteration_4": {"iterations": 5, "hardest": 4, "optimal_tour": [[0, 2], [3, 1], [4, 5], [1, 0], [2, 4], [5, 3]], "optimal_cost": 4.751940866696785, "matrix": [[Infinity, 1.3936483806685338, 1.9949783322890973, 1.9466533794808925, 1.085772462133495, 2.2518876407768764], [0.5905131385156833, Infinity, 1.860056995169393, 0.8806643828535258, 1.1111136978951914, 2.6150912918383953], [1.980772295676106, 2.2607072791517, Infinity, 1.0, 1.3198587777683124, 2.93569577803388], [2.0, 0.405725133616888, 1.0, Infinity, 0.2450131150871503, 2.916159852972342], [1.8883768967443637, 2.404969698177518, 0.9681176502251174, 2.876379014562685, Infinity, 0.17898244091312643], [2.3024015546167558, 0.8414625080152991, 2.616844369076353, 0.2618830435936774, 2.5064909777207878, Infinity]], "is_hardest": true}, "iteration_5": {"iterations": 5, "hardest": 5, "optimal_tour": [[0, 2], [3, 1], [1, 0], [4, 5], [2, 4], [5, 3]], "optimal_cost": 4.751940866696785, "matrix": [[Infinity, 1.3936483806685338, 1.9949783322890973, 1.9466533794808925, 1.085772462133495, 2.2518876407768764], [0.5905131385156833, Infinity, 1.860056995169393, 0.8806643828535258, 1.1111136978951914, 2.6150912918383953], [1.980772295676106, 2.2607072791517, Infinity, 1.0, 1.3198587777683124, 2.93569577803388], [2.0, 0.405725133616888, 1.0, Infinity, 0.2450131150871503, 2.916159852972342], [1.0, 2.404969698177518, 0.9681176502251174, 2.876379014562685, Infinity, 0.17898244091312643], [2.3024015546167558, 0.8414625080152991, 2.616844369076353, 0.2618830435936774, 2.5064909777207878, Infinity]], "is_hardest": false}, "iteration_6": {"iterations": 5, "hardest": 5, "optimal_tour": [[0, 2], [3, 1], [1, 0], [4, 5], [2, 4], [5, 3]], "optimal_cost": 4.751940866696785, "matrix": [[Infinity, 1.3936483806685338, 1.9949783322890973, 1.9466533794808925, 1.085772462133495, 2.2518876407768764], [0.5905131385156833, Infinity, 1.860056995169393, 0.8806643828535258, 1.1111136978951914, 2.6150912918383953], [1.980772295676106, 2.2607072791517, Infinity, 1.0, 1.3198587777683124, 2.93569577803388], [2.0, 0.405725133616888, 1.0, Infinity, 0.2450131150871503, 2.916159852972342], [1.0, 2.404969698177518, 0.9681176502251174, 2.876379014562685, Infinity, 0.17898244091312643], [2.3024015546167558, 0.8414625080152991, 2.0, 0.2618830435936774, 2.5064909777207878, Infinity]], "is_hardest": false}, "iteration_7": {"iterations": 4, "hardest": 5, "optimal_tour": [[0, 2], [3, 1], [1, 0], [4, 5], [2, 4], [5, 3]], "optimal_cost": 4.751940866696785, "matrix": [[Infinity, 1.3936483806685338, 1.9949783322890973, 1.9466533794808925, 1.085772462133495, 2.2518876407768764], [0.5905131385156833, Infinity, 1.860056995169393, 0.8806643828535258, 1.1111136978951914, 2.6150912918383953], [1.980772295676106, 2.2607072791517, Infinity, 1.0, 1.3198587777683124, 2.93569577803388], [2.0, 0.405725133616888, 1.0, Infinity, 0.2450131150871503, 2.916159852972342], [1.0, 2.404969698177518, 0.9681176502251174, 2.876379014562685, Infinity, 0.17898244091312643], [2.3024015546167558, 1.0, 2.0, 0.2618830435936774, 2.5064909777207878, Infinity]], "is_hardest": false}, "iteration_8": {"iterations": 4, "hardest": 5, "optimal_tour": [[3, 1], [0, 2], [1, 0], [4, 5], [2, 4], [5, 3]], "optimal_cost": 4.751940866696785,