config,final_hardness,hardness_improvement,trajectory_length,plateau_ratio,improvement_rate,volatility
"{'mutation_type': 'inplace', 'generation_type': 'asymmetric', 'distribution': 'lognormal', 'city_size': 20, 'range': 0.2}",1776,1758,70,0.0,"{'slope': 3.719014497854086, 'r_squared': 0.9865363789056285}",34.808215212084455
"{'mutation_type': 'inplace', 'generation_type': 'asymmetric', 'distribution': 'lognormal', 'city_size': 20, 'range': 0.4}",2841,2787,103,0.0,"{'slope': 2.3550219351158144, 'r_squared': 0.8959318042853779}",55.537862330568096
"{'mutation_type': 'inplace', 'generation_type': 'asymmetric', 'distribution': 'lognormal', 'city_size': 20, 'range': 0.6}",1292,1154,66,0.0,"{'slope': 2.6070584827173104, 'r_squared': 0.9195111412379368}",29.386564574900433
"{'mutation_type': 'inplace', 'generation_type': 'asymmetric', 'distribution': 'lognormal', 'city_size': 20, 'range': 0.8}",1973,1903,110,0.0,"{'slope': 1.9811144684710926, 'r_squared': 0.9733715501050468}",28.69406233054508
"{'mutation_type': 'inplace', 'generation_type': 'asymmetric', 'distribution': 'lognormal', 'city_size': 20, 'range': 1.0}",5240,5173,109,0.0,"{'slope': 4.852271701636883, 'r_squared': 0.9527261677360779}",109.64360951593011
"{'mutation_type': 'inplace', 'generation_type': 'asymmetric', 'distribution': 'lognormal', 'city_size': 20, 'range': 1.2}",16417,16396,153,0.0,"{'slope': 14.918050685253098, 'r_squared': 0.8952830913506512}",234.92030239307607
"{'mutation_type': 'inplace', 'generation_type': 'asymmetric', 'distribution': 'lognormal', 'city_size': 20, 'range': 1.4}",12870,12640,127,0.0,"{'slope': 12.849447816114726, 'r_squared': 0.9403666512250951}",323.91106095566266
"{'mutation_type': 'inplace', 'generation_type': 'asymmetric', 'distribution': 'lognormal', 'city_size': 20, 'range': 1.6}",6018,5962,152,0.0,"{'slope': 5.714248860312961, 'r_squared': 0.9860431461591177}",73.78973656666595
"{'mutation_type': 'inplace', 'generation_type': 'asymmetric', 'distribution': 'lognormal', 'city_size': 20, 'range': 1.8}",1124,1028,78,0.0,"{'slope': 0.8941458720523227, 'r_squared': 0.9656403692598702}",19.6103380062966
"{'mutation_type': 'inplace', 'generation_type': 'asymmetric', 'distribution': 'lognormal', 'city_size': 20, 'range': 2.0}",2852,2820,109,0.0,"{'slope': 3.306872968527436, 'r_squared': 0.9779504209455904}",52.026049980209045
"{'mutation_type': 'inplace', 'generation_type': 'asymmetric', 'distribution': 'lognormal', 'city_size': 20, 'range': 2.2}",908,877,70,0.0,"{'slope': 0.9342337108585074, 'r_squared': 0.7533470446976935}",21.525920639993217
"{'mutation_type': 'inplace', 'generation_type': 'asymmetric', 'distribution': 'lognormal', 'city_size': 20, 'range': 2.4}",4197,4168,97,0.0,"{'slope': 3.8853636862686036, 'r_squared': 0.8498225790117282}",87.8770052718887
"{'mutation_type': 'inplace', 'generation_type': 'asymmetric', 'distribution': 'lognormal', 'city_size': 20, 'range': 2.6}",4847,4805,104,0.0,"{'slope': 5.152654965886131, 'r_squared': 0.9789625032184679}",75.50550789886339
"{'mutation_type': 'inplace', 'generation_type': 'asymmetric', 'distribution': 'lognormal', 'city_size': 20, 'range': 2.8}",1406,1374,91,0.0,"{'slope': 1.6652202162310337, 'r_squared': 0.9783538598977135}",22.54171441769434
"{'mutation_type': 'inplace', 'generation_type': 'asymmetric', 'distribution': 'lognormal', 'city_size': 20, 'range': 3.0}",642,614,73,0.0,"{'slope': 0.6297468119946568, 'r_squared': 0.9765083764810196}",14.316824040871772
"{'mutation_type': 'inplace', 'generation_type': 'asymmetric', 'distribution': 'lognormal', 'city_size': 20, 'range': 3.2}",1219,1153,80,0.0,"{'slope': 1.2960232863172492, 'r_squared': 0.9751038502161354}",25.24989985559375
"{'mutation_type': 'inplace', 'generation_type': 'asymmetric', 'distribution': 'lognormal', 'city_size': 20, 'range': 3.4}",1774,1741,91,0.0,"{'slope': 1.7649367631193578, 'r_squared': 0.9607621066318418}",45.01040894704521
"{'mutation_type': 'inplace', 'generation_type': 'asymmetric', 'distribution': 'lognormal', 'city_size': 20, 'range': 3.6}",6895,6680,127,0.0,"{'slope': 6.818744517474399, 'r_squared': 0.9613305900763439}",103.5486990810638
"{'mutation_type': 'inplace', 'generation_type': 'asymmetric', 'distribution': 'lognormal', 'city_size': 20, 'range': 3.8}",2870,2825,106,0.0,"{'slope': 2.6953515331132327, 'r_squared': 0.9722658048365079}",45.522474576960086
"{'mutation_type': 'inplace', 'generation_type': 'asymmetric', 'distribution': 'lognormal', 'city_size': 20, 'range': 4.0}",2414,2349,75,0.0,"{'slope': 2.176655301280739, 'r_squared': 0.9801306685582605}",62.696191705288115
"{'mutation_type': 'inplace', 'generation_type': 'asymmetric', 'distribution': 'lognormal', 'city_size': 20, 'range': 4.2}",574,556,53,0.0,"{'slope': 0.6265080238370004, 'r_squared': 0.936202090749253}",20.315339469265073
"{'mutation_type': 'inplace', 'generation_type': 'asymmetric', 'distribution': 'lognormal', 'city_size': 20, 'range': 4.4}",12107,12072,128,0.0,"{'slope': 13.361897366623069, 'r_squared': 0.9139608461744465}",217.49071143480847
"{'mutation_type': 'inplace', 'generation_type': 'asymmetric', 'distribution': 'lognormal', 'city_size': 20, 'range': 4.6}",958,940,65,0.0,"{'slope': 1.025517980895161, 'r_squared': 0.9747023792736288}",16.946492078008358
"{'mutation_type': 'inplace', 'generation_type': 'asymmetric', 'distribution': 'lognormal', 'city_size': 20, 'range': 4.8}",3338,3292,96,0.0,"{'slope': 2.733519023936004, 'r_squared': 0.9159286672834435}",81.65882405292383
"{'mutation_type': 'inplace', 'generation_type': 'asymmetric', 'distribution': 'lognormal', 'city_size': 20, 'range': 5.0}",2143,2120,75,0.0,"{'slope': 2.357147839937682, 'r_squared': 0.9780909149736251}",50.21613621149767
"{'mutation_type': 'inplace', 'generation_type': 'asymmetric', 'distribution': 'lognormal', 'city_size': 30, 'range': 0.2}",247616,246877,220,0.0,"{'slope': 252.35306377946313, 'r_squared': 0.9652815885097921}",2951.790597577829
"{'mutation_type': 'inplace', 'generation_type': 'asymmetric', 'distribution': 'lognormal', 'city_size': 30, 'range': 0.4}",37601,36472,142,0.0,"{'slope': 40.04285974416935, 'r_squared': 0.9687357724376977}",761.3840390015644
"{'mutation_type': 'inplace', 'generation_type': 'asymmetric', 'distribution': 'lognormal', 'city_size': 30, 'range': 0.6}",100915,99581,162,0.0,"{'slope': 84.68164664067852, 'r_squared': 0.9194423837378496}",1307.2997731828195
"{'mutation_type': 'inplace', 'generation_type': 'asymmetric', 'distribution': 'lognormal', 'city_size': 30, 'range': 0.8}",50554,49824,153,0.0,"{'slope': 51.79693352976427, 'r_squared': 0.9873724083591267}",579.5843750343288
"{'mutation_type': 'inplace', 'generation_type': 'asymmetric', 'distribution': 'lognormal', 'city_size': 30, 'range': 1.0}",72076,70512,83,0.0,"{'slope': 128.85143185038797, 'r_squared': 0.9108446582139249}",2050.3094686683576
"{'mutation_type': 'inplace', 'generation_type': 'asymmetric', 'distribution': 'lognormal', 'city_size': 30, 'range': 1.2}",65360,64349,167,0.0,"{'slope': 69.9857292726981, 'r_squared': 0.9181139515087985}",1223.9036451908987
"{'mutation_type': 'inplace', 'generation_type': 'asymmetric', 'distribution': 'lognormal', 'city_size': 30, 'range': 1.4}",71283,70510,129,0.0,"{'slope': 63.53709954182165, 'r_squared': 0.8994434551459551}",1423.0189998642356
"{'mutation_type': 'inplace', 'generation_type': 'asymmetric', 'distribution': 'lognormal', 'city_size': 30, 'range': 1.6}",146520,146403,153,0.0,"{'slope': 173.9399498404572, 'r_squared': 0.8834651928269931}",3637.574197293499
"{'mutation_type': 'inplace', 'generation_type': 'asymmetric', 'distribution': 'lognormal', 'city_size': 30, 'range': 1.8}",1392,687,10,0.0,"{'slope': 12.436476418655026, 'r_squared': 0.8757695268764478}",88.78938875538877
"{'mutation_type': 'inplace', 'generation_type': 'asymmetric', 'distribution': 'lognormal', 'city_size': 30, 'range': 2.2}",21536,21506,120,0.0,"{'slope': 26.194169887566733, 'r_squared': 0.9776150598459828}",359.2647235480352
"{'mutation_type': 'inplace', 'generation_type': 'asymmetric', 'distribution': 'lognormal', 'city_size': 30, 'range': 2.4}",17162,16471,101,0.0,"{'slope': 16.11856188918353, 'r_squared': 0.8610013142162347}",429.6811211817433
"{'mutation_type': 'inplace', 'generation_type': 'asymmetric', 'distribution': 'lognormal', 'city_size': 30, 'range': 2.6}",42806,42696,111,0.0,"{'slope': 45.30000654878149, 'r_squared': 0.9341658470265112}",847.1520399804131
"{'mutation_type': 'inplace', 'generation_type': 'asymmetric', 'distribution': 'lognormal', 'city_size': 30, 'range': 2.8}",15837,15507,119,0.0,"{'slope': 14.541546702892632, 'r_squared': 0.9628087753083748}",252.01262163277357
"{'mutation_type': 'inplace', 'generation_type': 'asymmetric', 'distribution': 'lognormal', 'city_size': 30, 'range': 3.0}",12178,12126,92,0.0,"{'slope': 14.19314989202878, 'r_squared': 0.9701236344728037}",308.630530328246
"{'mutation_type': 'inplace', 'generation_type': 'asymmetric', 'distribution': 'lognormal', 'city_size': 30, 'range': 3.2}",78289,78196,125,0.0,"{'slope': 78.68320846592187, 'r_squared': 0.8495700832969806}",2160.643873230913
"{'mutation_type': 'inplace', 'generation_type': 'asymmetric', 'distribution': 'lognormal', 'city_size': 30, 'range': 3.4}",23279,22861,110,0.0,"{'slope': 23.434192830703633, 'r_squared': 0.9818401144399803}",389.6630075975162
"{'mutation_type': 'inplace', 'generation_type': 'asymmetric', 'distribution': 'lognormal', 'city_size': 30, 'range': 3.6}",86430,86031,123,0.0,"{'slope': 68.86492015349202, 'r_squared': 0.7918577910548772}",2467.72682181237
"{'mutation_type': 'inplace', 'generation_type': 'asymmetric', 'distribution': 'lognormal', 'city_size': 30, 'range': 3.8}",55051,54268,129,0.0,"{'slope': 65.34898808470199, 'r_squared': 0.9309604092859198}",1426.0177502483753
"{'mutation_type': 'inplace', 'generation_type': 'asymmetric', 'distribution': 'lognormal', 'city_size': 30, 'range': 4.0}",39031,37878,82,0.0,"{'slope': 47.346079332703056, 'r_squared': 0.8447608959873629}",983.0267374438462
"{'mutation_type': 'inplace', 'generation_type': 'asymmetric', 'distribution': 'lognormal', 'city_size': 30, 'range': 4.2}",113761,113674,116,0.0,"{'slope': 87.78870097942136, 'r_squared': 0.7578572859820887}",2596.9120469335317
"{'mutation_type': 'inplace', 'generation_type': 'asymmetric', 'distribution': 'lognormal', 'city_size': 30, 'range': 4.4}",85171,84076,117,0.0,"{'slope': 75.86850468526372, 'r_squared': 0.8462379968258721}",1941.2732202898455
"{'mutation_type': 'inplace', 'generation_type': 'asymmetric', 'distribution': 'lognormal', 'city_size': 30, 'range': 4.6}",9230,9146,82,0.0,"{'slope': 7.650234532835365, 'r_squared': 0.9444198970291268}",198.10772711828267
"{'mutation_type': 'inplace', 'generation_type': 'asymmetric', 'distribution': 'lognormal', 'city_size': 30, 'range': 4.8}",1304,1276,63,0.0,"{'slope': 1.0989597392812316, 'r_squared': 0.9792231208234392}",27.273730943597855
"{'mutation_type': 'inplace', 'generation_type': 'asymmetric', 'distribution': 'lognormal', 'city_size': 30, 'range': 5.0}",8980,8079,79,0.0,"{'slope': 6.942120671637014, 'r_squared': 0.9484781917794386}",219.9887828859934
"{'mutation_type': 'inplace', 'generation_type': 'asymmetric', 'distribution': 'uniform', 'city_size': 20, 'range': 5.0}",4880,4766,116,0.0,"{'slope': 4.288569349902541, 'r_squared': 0.9337187068540245}",104.44363500113123
"{'mutation_type': 'inplace', 'generation_type': 'asymmetric', 'distribution': 'uniform', 'city_size': 20, 'range': 10.0}",344,289,25,0.0,"{'slope': 0.3015437774188368, 'r_squared': 0.8612660057638214}",16.174772452460928
"{'mutation_type': 'inplace', 'generation_type': 'asymmetric', 'distribution': 'uniform', 'city_size': 20, 'range': 15.0}",1999,1839,32,0.0,"{'slope': 1.6849746933707936, 'r_squared': 0.807236286170743}",77.06611618803696
"{'mutation_type': 'inplace', 'generation_type': 'asymmetric', 'distribution': 'uniform', 'city_size': 20, 'range': 20.0}",916,703,41,0.0,"{'slope': 0.773109922898364, 'r_squared': 0.6011690916698184}",27.725338140408674
"{'mutation_type': 'inplace', 'generation_type': 'asymmetric', 'distribution': 'uniform', 'city_size': 20, 'range': 25.0}",2007,1942,71,0.0,"{'slope': 1.416931165563254, 'r_squared': 0.85997348822575}",55.49663714761353
"{'mutation_type': 'inplace', 'generation_type': 'asymmetric', 'distribution': 'uniform', 'city_size': 20, 'range': 30.0}",1085,1048,35,0.0,"{'slope': 0.8648404105750732, 'r_squared': 0.6021915906240195}",46.085260236573085
"{'mutation_type': 'inplace', 'generation_type': 'asymmetric', 'distribution': 'uniform', 'city_size': 20, 'range': 35.0}",1560,1515,63,0.0,"{'slope': 1.1937242661267735, 'r_squared': 0.8327828438719453}",42.846169312621974
"{'mutation_type': 'inplace', 'generation_type': 'asymmetric', 'distribution': 'uniform', 'city_size': 20, 'range': 40.0}",2033,2006,65,0.0,"{'slope': 2.768881117374694, 'r_squared': 0.9202792349104743}",55.73408370052835
"{'mutation_type': 'inplace', 'generation_type': 'asymmetric', 'distribution': 'uniform', 'city_size': 20, 'range': 45.0}",2477,2302,52,0.0,"{'slope': 1.8239816377907057, 'r_squared': 0.9488677056045307}",75.18213690838732
"{'mutation_type': 'inplace', 'generation_type': 'asymmetric', 'distribution': 'uniform', 'city_size': 20, 'range': 50.0}",1238,1102,45,0.0,"{'slope': 0.7992526822890247, 'r_squared': 0.8556439683096778}",40.06979963732295
"{'mutation_type': 'inplace', 'generation_type': 'asymmetric', 'distribution': 'uniform', 'city_size': 20, 'range': 55.0}",2565,2538,72,0.0,"{'slope': 2.9768102847935127, 'r_squared': 0.930549581954044}",53.221757255357
"{'mutation_type': 'inplace', 'generation_type': 'asymmetric', 'distribution': 'uniform', 'city_size': 20, 'range': 60.0}",3271,3108,83,0.0,"{'slope': 3.986382513235518, 'r_squared': 0.9064091801679408}",59.90187296149481
"{'mutation_type': 'inplace', 'generation_type': 'asymmetric', 'distribution': 'uniform', 'city_size': 20, 'range': 65.0}",1182,1084,57,0.0,"{'slope': 1.1989740218067413, 'r_squared': 0.9458422083495835}",36.20794534522014
"{'mutation_type': 'inplace', 'generation_type': 'asymmetric', 'distribution': 'uniform', 'city_size': 20, 'range': 70.0}",2856,2819,76,0.0,"{'slope': 4.257519948597418, 'r_squared': 0.8344376397054802}",95.94124498300451
"{'mutation_type': 'inplace', 'generation_type': 'asymmetric', 'distribution': 'uniform', 'city_size': 20, 'range': 75.0}",437,417,45,0.0,"{'slope': 0.4663057439529702, 'r_squared': 0.9626789522632428}",13.143419778393842
"{'mutation_type': 'inplace', 'generation_type': 'asymmetric', 'distribution': 'uniform', 'city_size': 20, 'range': 80.0}",1981,1915,67,0.0,"{'slope': 1.9948720154402724, 'r_squared': 0.8318971062115411}",40.682991913546
"{'mutation_type': 'inplace', 'generation_type': 'asymmetric', 'distribution': 'uniform', 'city_size': 20, 'range': 85.0}",539,434,16,0.0,"{'slope': 2.56045795179567, 'r_squared': 0.8300395215852802}",29.726456603877665
"{'mutation_type': 'inplace', 'generation_type': 'asymmetric', 'distribution': 'uniform', 'city_size': 20, 'range': 90.0}",4772,4740,73,0.0,"{'slope': 5.714602313245326, 'r_squared': 0.9345328560350545}",151.43627189165892
"{'mutation_type': 'inplace', 'generation_type': 'asymmetric', 'distribution': 'uniform', 'city_size': 20, 'range': 95.0}",3507,3424,117,0.0,"{'slope': 2.590605958106437, 'r_squared': 0.9182655841346326}",74.35138877707442
"{'mutation_type': 'inplace', 'generation_type': 'asymmetric', 'distribution': 'uniform', 'city_size': 20, 'range': 100.0}",2568,2465,101,0.0,"{'slope': 2.4384295400274345, 'r_squared': 0.9879397301016866}",30.9968950057905
"{'mutation_type': 'inplace', 'generation_type': 'asymmetric', 'distribution': 'uniform', 'city_size': 30, 'range': 5.0}",917,682,10,0.0,"{'slope': 0.7603441423753068, 'r_squared': 0.75220026999209}",92.01301571912745
"{'mutation_type': 'inplace', 'generation_type': 'asymmetric', 'distribution': 'uniform', 'city_size': 30, 'range': 10.0}",1966,1826,34,0.0,"{'slope': 2.2376135752107444, 'r_squared': 0.8380614773328762}",104.69281665227018
"{'mutation_type': 'inplace', 'generation_type': 'asymmetric', 'distribution': 'uniform', 'city_size': 30, 'range': 15.0}",67984,67869,149,0.0,"{'slope': 65.28995476462737, 'r_squared': 0.9641410903442504}",1606.4093294254376
"{'mutation_type': 'inplace', 'generation_type': 'asymmetric', 'distribution': 'uniform', 'city_size': 30, 'range': 20.0}",61979,61591,72,0.0,"{'slope': 73.51702017544233, 'r_squared': 0.8911719786171565}",2137.47440712233
"{'mutation_type': 'inplace', 'generation_type': 'asymmetric', 'distribution': 'uniform', 'city_size': 30, 'range': 25.0}",5559,5167,27,0.0,"{'slope': 3.7802869618032124, 'r_squared': 0.44162326938325536}",433.2067864455556
"{'mutation_type': 'inplace', 'generation_type': 'asymmetric', 'distribution': 'uniform', 'city_size': 30, 'range': 30.0}",11024,10499,50,0.0,"{'slope': 10.904388738133093, 'r_squared': 0.9865635605258672}",355.2556294638026
"{'mutation_type': 'inplace', 'generation_type': 'asymmetric', 'distribution': 'uniform', 'city_size': 30, 'range': 35.0}",13922,12994,49,0.0,"{'slope': 13.188485254535898, 'r_squared': 0.9102478840912687}",445.3425160449227
"{'mutation_type': 'inplace', 'generation_type': 'asymmetric', 'distribution': 'uniform', 'city_size': 30, 'range': 40.0}",12088,11744,59,0.0,"{'slope': 11.144407259722533, 'r_squared': 0.864432824116629}",330.3667367293772
"{'mutation_type': 'inplace', 'generation_type': 'asymmetric', 'distribution': 'uniform', 'city_size': 30, 'range': 45.0}",9164,8831,47,0.0,"{'slope': 9.061093235383831, 'r_squared': 0.7936950909672096}",392.25593292991067
"{'mutation_type': 'inplace', 'generation_type': 'asymmetric', 'distribution': 'uniform', 'city_size': 30, 'range': 50.0}",29686,28965,66,0.0,"{'slope': 20.881765174280815, 'r_squared': 0.5828498715956875}",907.2933151761417
"{'mutation_type': 'inplace', 'generation_type': 'asymmetric', 'distribution': 'uniform', 'city_size': 30, 'range': 55.0}",31179,30936,74,0.0,"{'slope': 34.629057880222156, 'r_squared': 0.961803394270149}",765.9900075634118
"{'mutation_type': 'inplace', 'generation_type': 'asymmetric', 'distribution': 'uniform', 'city_size': 30, 'range': 60.0}",20939,20576,99,0.0,"{'slope': 20.482835041836402, 'r_squared': 0.8999855888644828}",500.37090158237027
"{'mutation_type': 'inplace', 'generation_type': 'asymmetric', 'distribution': 'uniform', 'city_size': 30, 'range': 65.0}",7178,7058,65,0.0,"{'slope': 8.453746844025828, 'r_squared': 0.9640445388596077}",259.3922264610825
"{'mutation_type': 'inplace', 'generation_type': 'asymmetric', 'distribution': 'uniform', 'city_size': 30, 'range': 70.0}",10709,9319,52,0.0,"{'slope': 11.387479712573535, 'r_squared': 0.9291472759179176}",480.6110929676752
"{'mutation_type': 'inplace', 'generation_type': 'asymmetric', 'distribution': 'uniform', 'city_size': 30, 'range': 75.0}",55764,55394,95,0.0,"{'slope': 57.80704049441189, 'r_squared': 0.9380383348734769}",1250.709159090862
"{'mutation_type': 'inplace', 'generation_type': 'asymmetric', 'distribution': 'uniform', 'city_size': 30, 'range': 80.0}",13699,13595,71,0.0,"{'slope': 16.54250905243768, 'r_squared': 0.9041009125374908}",317.47845339069374
"{'mutation_type': 'inplace', 'generation_type': 'asymmetric', 'distribution': 'uniform', 'city_size': 30, 'range': 85.0}",15361,14873,62,0.0,"{'slope': 12.048782903504751, 'r_squared': 0.7508670111279316}",518.5327821559446
"{'mutation_type': 'inplace', 'generation_type': 'asymmetric', 'distribution': 'uniform', 'city_size': 30, 'range': 90.0}",40365,39699,71,0.0,"{'slope': 40.68993594056188, 'r_squared': 0.9831543523589126}",1002.2734574303502
"{'mutation_type': 'inplace', 'generation_type': 'asymmetric', 'distribution': 'uniform', 'city_size': 30, 'range': 95.0}",14477,14238,65,0.0,"{'slope': 13.978522308697567, 'r_squared': 0.9077651806253054}",449.7042420007148
"{'mutation_type': 'inplace', 'generation_type': 'asymmetric', 'distribution': 'uniform', 'city_size': 30, 'range': 100.0}",7902,7774,98,0.0,"{'slope': 9.017226621471396, 'r_squared': 0.916816083174761}",180.1158842140261
"{'mutation_type': 'inplace', 'generation_type': 'euclidean', 'distribution': 'lognormal', 'city_size': 20, 'range': 0.2}",1770862,1707123,17,0.0,"{'slope': 14715.14102261949, 'r_squared': 0.8643911280501122}",131085.37824029935
"{'mutation_type': 'inplace', 'generation_type': 'euclidean', 'distribution': 'lognormal', 'city_size': 20, 'range': 0.4}",15721,15610,34,0.0,"{'slope': 18.75187656627847, 'r_squared': 0.7681412147542701}",1397.80814318072
"{'mutation_type': 'inplace', 'generation_type': 'euclidean', 'distribution': 'lognormal', 'city_size': 20, 'range': 0.6}",11258,11008,45,0.0,"{'slope': 14.79750891441227, 'r_squared': 0.9144514416433625}",714.0252183198393
"{'mutation_type': 'inplace', 'generation_type': 'euclidean', 'distribution': 'lognormal', 'city_size': 20, 'range': 0.8}",86290,86061,94,0.0,"{'slope': 69.22871128718309, 'r_squared': 0.8379681713262935}",4706.282803726388
"{'mutation_type': 'inplace', 'generation_type': 'euclidean', 'distribution': 'lognormal', 'city_size': 20, 'range': 1.0}",922,813,12,0.0,"{'slope': 2.8899463221516224, 'r_squared': 0.4963437670159202}",97.16383029376402
"{'mutation_type': 'inplace', 'generation_type': 'euclidean', 'distribution': 'lognormal', 'city_size': 20, 'range': 1.2}",21075,2074,4,0.0,"{'slope': 422.2857142857143, 'r_squared': 0.49716288490862337}",916.1096489443219
"{'mutation_type': 'inplace', 'generation_type': 'euclidean', 'distribution': 'lognormal', 'city_size': 20, 'range': 1.4}",1121944,1081716,21,0.0,"{'slope': 4430.605235402503, 'r_squared': 0.6862605803807127}",125935.20993018593
"{'mutation_type': 'inplace', 'generation_type': 'euclidean', 'distribution': 'lognormal', 'city_size': 20, 'range': 1.6}",37076,27406,14,0.0,"{'slope': 332.0960259658011, 'r_squared': 0.8391735721165897}",3035.5419956081305
"{'mutation_type': 'inplace', 'generation_type': 'euclidean', 'distribution': 'lognormal', 'city_size': 20, 'range': 1.8}",95162,45763,10,0.0,"{'slope': 1988.224387806097, 'r_squared': 0.44660678912961027}",12256.48127661241
"{'mutation_type': 'inplace', 'generation_type': 'euclidean', 'distribution': 'lognormal', 'city_size': 20, 'range': 2.0}",180775,174911,41,0.0,"{'slope': 766.6673694223775, 'r_squared': 0.5698449188183541}",14689.643999238886
"{'mutation_type': 'inplace', 'generation_type': 'euclidean', 'distribution': 'lognormal', 'city_size': 20, 'range': 2.2}",38419,26765,8,0.0,"{'slope': 1337.2805555555556, 'r_squared': 0.8064098017154695}",5503.872788634326
"{'mutation_type': 'inplace', 'generation_type': 'euclidean', 'distribution': 'lognormal', 'city_size': 20, 'range': 2.4}",93304,82376,34,0.0,"{'slope': 278.3720205234033, 'r_squared': 0.9451826535189132}",3827.414476849107
"{'mutation_type': 'inplace', 'generation_type': 'euclidean', 'distribution': 'lognormal', 'city_size': 20, 'range': 2.8}",28086,27621,25,0.0,"{'slope': 213.72113171084362, 'r_squared': 0.9176332003219998}",4089.7673865443335
"{'mutation_type': 'inplace', 'generation_type': 'euclidean', 'distribution': 'lognormal', 'city_size': 20, 'range': 3.0}",3427200,3414636,15,0.0,"{'slope': 30711.592975799987, 'r_squared': 0.423591913022564}",758955.7995513794
"{'mutation_type': 'inplace', 'generation_type': 'euclidean', 'distribution': 'lognormal', 'city_size': 20, 'range': 3.2}",3436640,3380794,23,0.0,"{'slope': 10288.508017948488, 'r_squared': 0.309511075028463}",563397.4191231369
"{'mutation_type': 'inplace', 'generation_type': 'euclidean', 'distribution': 'lognormal', 'city_size': 20, 'range': 3.6}",996260,913964,10,0.0,"{'slope': 8179.942612601237, 'r_squared': 0.9056605072005809}",261934.0123224894
"{'mutation_type': 'inplace', 'generation_type': 'euclidean', 'distribution': 'lognormal', 'city_size': 20, 'range': 3.8}",17387,5,4,0.0,"{'slope': 0.005901016510720854, 'r_squared': 0.984626754931708}",0.9428090415820634
"{'mutation_type': 'inplace', 'generation_type': 'euclidean', 'distribution': 'lognormal', 'city_size': 20, 'range': 4.0}",298297,0,1,0.0,0,0.0
"{'mutation_type': 'inplace', 'generation_type': 'euclidean', 'distribution': 'lognormal', 'city_size': 20, 'range': 4.2}",1972029,39690,9,0.0,"{'slope': 1076.1097801364667, 'r_squared': 0.800900367867685}",7253.840823143281
"{'mutation_type': 'inplace', 'generation_type': 'euclidean', 'distribution': 'lognormal', 'city_size': 20, 'range': 4.4}",605405,420981,3,0.0,"{'slope': 62378.6395348837, 'r_squared': 0.9924847697991614}",188852.5
"{'mutation_type': 'inplace', 'generation_type': 'euclidean', 'distribution': 'lognormal', 'city_size': 20, 'range': 4.6}",1336544,1006197,7,0.0,"{'slope': 18951.929941482445, 'r_squared': 0.6925473652969825}",180781.0355713508
"{'mutation_type': 'inplace', 'generation_type': 'euclidean', 'distribution': 'lognormal', 'city_size': 20, 'range': 5.0}",696271,640890,6,0.0,"{'slope': 12036.866455148542, 'r_squared': 0.9532497448873816}",105540.29600678597
"{'mutation_type': 'inplace', 'generation_type': 'euclidean', 'distribution': 'lognormal', 'city_size': 30, 'range': 0.4}",2818,2501,11,0.0,"{'slope': 7.10080531461078, 'r_squared': 0.8149218752070567}",219.52332450106525
"{'mutation_type': 'inplace', 'generation_type': 'euclidean', 'distribution': 'lognormal', 'city_size': 30, 'range': 0.8}",13605,8332,9,0.0,"{'slope': 29.57201926691318, 'r_squared': 0.7284862874412257}",1030.7308086983721
"{'mutation_type': 'inplace', 'generation_type': 'euclidean', 'distribution': 'lognormal', 'city_size': 30, 'range': 1.0}",213101,198411,28,0.0,"{'slope': 1917.4809948103039, 'r_squared': 0.8193740404813497}",27523.549051586022
"{'mutation_type': 'inplace', 'generation_type': 'euclidean', 'distribution': 'lognormal', 'city_size': 30, 'range': 1.2}",11966643,8,2,0.0,"{'slope': 8.0, 'r_squared': 1.0}",0.0
"{'mutation_type': 'inplace', 'generation_type': 'euclidean', 'distribution': 'lognormal', 'city_size': 30, 'range': 1.4}",2324677,2274014,8,0.0,"{'slope': 35662.91493859926, 'r_squared': 0.6104313865863964}",634784.4502583824
"{'mutation_type': 'inplace', 'generation_type': 'euclidean', 'distribution': 'lognormal', 'city_size': 30, 'range': 1.6}",2631771,2,2,0.0,"{'slope': 2.0, 'r_squared': 1.0}",0.0
"{'mutation_type': 'inplace', 'generation_type': 'euclidean', 'distribution': 'lognormal', 'city_size': 30, 'range': 2.2}",450006,109018,10,0.0,"{'slope': 1444.8116875115518, 'r_squared': 0.6834164176861871}",23544.31464963437
"{'mutation_type': 'inplace', 'generation_type': 'euclidean', 'distribution': 'lognormal', 'city_size': 30, 'range': 2.6}",830606,0,1,0.0,0,0.0
"{'mutation_type': 'inplace', 'generation_type': 'euclidean', 'distribution': 'lognormal', 'city_size': 30, 'range': 4.2}",8153049,0,1,0.0,0,0.0
"{'mutation_type': 'inplace', 'generation_type': 'euclidean', 'distribution': 'lognormal', 'city_size': 30, 'range': 4.8}",242,77,3,0.0,"{'slope': 0.24523587972109978, 'r_squared': 0.9998078173244838}",16.5
"{'mutation_type': 'inplace', 'generation_type': 'euclidean', 'distribution': 'uniform', 'city_size': 20, 'range': 5.0}",564,469,12,0.0,"{'slope': 1.1071225134866474, 'r_squared': 0.8093582361462575}",59.935226744867485
"{'mutation_type': 'inplace', 'generation_type': 'euclidean', 'distribution': 'uniform', 'city_size': 20, 'range': 10.0}",2441260,2439898,28,0.0,"{'slope': 6808.749534710524, 'r_squared': 0.8674777511592485}",150157.37298710836
"{'mutation_type': 'inplace', 'generation_type': 'euclidean', 'distribution': 'uniform', 'city_size': 20, 'range': 15.0}",851893,851570,17,0.0,"{'slope': 3084.9543653539263, 'r_squared': 0.7066068651887456}",115617.59066307504
"{'mutation_type': 'inplace', 'generation_type': 'euclidean', 'distribution': 'uniform', 'city_size': 20, 'range': 20.0}",472057,469048,29,0.0,"{'slope': 1424.2596016958084, 'r_squared': 0.8886264684163864}",34706.03954630657
"{'mutation_type': 'inplace', 'generation_type': 'euclidean', 'distribution': 'uniform', 'city_size': 20, 'range': 25.0}",1799790,1799549,78,0.0,"{'slope': 1944.9629962241868, 'r_squared': 0.5825757264333066}",77668.19888840432
"{'mutation_type': 'inplace', 'generation_type': 'euclidean', 'distribution': 'uniform', 'city_size': 20, 'range': 30.0}",10244,9820,64,0.0,"{'slope': 8.047438849876047, 'r_squared': 0.8373757543440558}",341.4365307197695
"{'mutation_type': 'inplace', 'generation_type': 'euclidean', 'distribution': 'uniform', 'city_size': 20, 'range': 35.0}",3883,3652,37,0.0,"{'slope': 4.5813660274291275, 'r_squared': 0.8900770217107592}",146.14384931073226
"{'mutation_type': 'inplace', 'generation_type': 'euclidean', 'distribution': 'uniform', 'city_size': 20, 'range': 40.0}",6397,5372,11,0.0,"{'slope': 77.46828581054179, 'r_squared': 0.8528253390505282}",572.959998603742
"{'mutation_type': 'inplace', 'generation_type': 'euclidean', 'distribution': 'uniform', 'city_size': 20, 'range': 45.0}",29188,27906,68,0.0,"{'slope': 58.7219774630569, 'r_squared': 0.9412195912775841}",1006.4091683422866
"{'mutation_type': 'inplace', 'generation_type': 'euclidean', 'distribution': 'uniform', 'city_size': 20, 'range': 50.0}",37119,35957,127,0.0,"{'slope': 32.66143126853383, 'r_squared': 0.8579877143398956}",1055.1191818194216
"{'mutation_type': 'inplace', 'generation_type': 'euclidean', 'distribution': 'uniform', 'city_size': 20, 'range': 55.0}",7550,6646,8,0.0,"{'slope': 84.28900294745401, 'r_squared': 0.683336298430942}",1545.6244098507666
"{'mutation_type': 'inplace', 'generation_type': 'euclidean', 'distribution': 'uniform', 'city_size': 20, 'range': 60.0}",3979,2411,5,0.0,"{'slope': 97.02802690582959, 'r_squared': 0.9359661947765388}",425.34478661434184
"{'mutation_type': 'inplace', 'generation_type': 'euclidean', 'distribution': 'uniform', 'city_size': 20, 'range': 65.0}",4734,4528,73,0.0,"{'slope': 4.534061618535889, 'r_squared': 0.9556591905219299}",132.14707248150484
"{'mutation_type': 'inplace', 'generation_type': 'euclidean', 'distribution': 'uniform', 'city_size': 20, 'range': 70.0}",6093,5699,66,0.0,"{'slope': 5.066490518447403, 'r_squared': 0.9196875751330426}",199.60284472246826
"{'mutation_type': 'inplace', 'generation_type': 'euclidean', 'distribution': 'uniform', 'city_size': 20, 'range': 75.0}",7686,7290,16,0.0,"{'slope': 53.463029379462654, 'r_squared': 0.94619852148203}",437.05819597242044
"{'mutation_type': 'inplace', 'generation_type': 'euclidean', 'distribution': 'uniform', 'city_size': 20, 'range': 80.0}",9310,7726,35,0.0,"{'slope': 28.727713082852482, 'r_squared': 0.9569498165766542}",434.25934639428993
"{'mutation_type': 'inplace', 'generation_type': 'euclidean', 'distribution': 'uniform', 'city_size': 20, 'range': 85.0}",1686,1446,23,0.0,"{'slope': 2.799336136085384, 'r_squared': 0.8453032700531352}",71.59112554079833
"{'mutation_type': 'inplace', 'generation_type': 'euclidean', 'distribution': 'uniform', 'city_size': 20, 'range': 90.0}",57977,54026,34,0.0,"{'slope': 80.2063980092395, 'r_squared': 0.8943854143478325}",2886.9226682047915
"{'mutation_type': 'inplace', 'generation_type': 'euclidean', 'distribution': 'uniform', 'city_size': 20, 'range': 95.0}",5655,4822,47,0.0,"{'slope': 3.96059275821204, 'r_squared': 0.9120668500346044}",199.8780393735603
"{'mutation_type': 'inplace', 'generation_type': 'euclidean', 'distribution': 'uniform', 'city_size': 20, 'range': 100.0}",16468,15185,90,0.0,"{'slope': 12.866856799341535, 'r_squared': 0.828187630231298}",682.101964528682
"{'mutation_type': 'inplace', 'generation_type': 'euclidean', 'distribution': 'uniform', 'city_size': 30, 'range': 5.0}",170,0,1,0.0,0,0.0
"{'mutation_type': 'inplace', 'generation_type': 'euclidean', 'distribution': 'uniform', 'city_size': 30, 'range': 10.0}",3419521,3418254,7,0.0,"{'slope': 218891.33622685185, 'r_squared': 0.7935052306310799}",1024241.1630810718
"{'mutation_type': 'inplace', 'generation_type': 'euclidean', 'distribution': 'uniform', 'city_size': 30, 'range': 15.0}",1396142,1393556,13,0.0,"{'slope': 20917.3684629202, 'r_squared': 0.6544987969108151}",250775.13076836168
"{'mutation_type': 'inplace', 'generation_type': 'euclidean', 'distribution': 'uniform', 'city_size': 30, 'range': 20.0}",1719870,1712559,11,0.0,"{'slope': 39210.797513118865, 'r_squared': 0.8269311115062722}",291141.0651311319
"{'mutation_type': 'inplace', 'generation_type': 'euclidean', 'distribution': 'uniform', 'city_size': 30, 'range': 25.0}",799394,703589,23,0.0,"{'slope': 1703.2860547250941, 'r_squared': 0.8693096215572693}",57258.092486712674
"{'mutation_type': 'inplace', 'generation_type': 'euclidean', 'distribution': 'uniform', 'city_size': 30, 'range': 30.0}",382537,382392,66,0.0,"{'slope': 1487.8170208692802, 'r_squared': 0.9237396520992385}",12549.360998051186
"{'mutation_type': 'inplace', 'generation_type': 'euclidean', 'distribution': 'uniform', 'city_size': 30, 'range': 35.0}",473592,471368,70,0.0,"{'slope': 786.4671353923056, 'r_squared': 0.4880145294904692}",35659.52772225231
"{'mutation_type': 'inplace', 'generation_type': 'euclidean', 'distribution': 'uniform', 'city_size': 30, 'range': 40.0}",347955,323298,18,0.0,"{'slope': 2221.7043293052357, 'r_squared': 0.9404287749237943}",32899.000440953234
"{'mutation_type': 'inplace', 'generation_type': 'euclidean', 'distribution': 'uniform', 'city_size': 30, 'range': 45.0}",131447,125490,71,0.0,"{'slope': 289.3442107847034, 'r_squared': 0.927913258159431}",4151.131522653473
"{'mutation_type': 'inplace', 'generation_type': 'euclidean', 'distribution': 'uniform', 'city_size': 30, 'range': 50.0}",384187,1916,3,0.0,"{'slope': 59.92419825072887, 'r_squared': 0.364001471408305}",794.0
"{'mutation_type': 'inplace', 'generation_type': 'euclidean', 'distribution': 'uniform', 'city_size': 30, 'range': 55.0}",288392,277712,29,0.0,"{'slope': 1654.603861117122, 'r_squared': 0.8595903928558064}",14277.660584826572
"{'mutation_type': 'inplace', 'generation_type': 'euclidean', 'distribution': 'uniform', 'city_size': 30, 'range': 60.0}",131983,123961,80,0.0,"{'slope': 117.9801282447122, 'r_squared': 0.7560845456180705}",5277.4136510924
"{'mutation_type': 'inplace', 'generation_type': 'euclidean', 'distribution': 'uniform', 'city_size': 30, 'range': 65.0}",2169021,2111071,46,0.0,"{'slope': 3602.333172448772, 'r_squared': 0.3946717249328677}",213993.35554106685
"{'mutation_type': 'inplace', 'generation_type': 'euclidean', 'distribution': 'uniform', 'city_size': 30, 'range': 70.0}",344486,241004,29,0.0,"{'slope': 1587.6088740872124, 'r_squared': 0.911432457441195}",21795.129159085627
"{'mutation_type': 'inplace', 'generation_type': 'euclidean', 'distribution': 'uniform', 'city_size': 30, 'range': 75.0}",287805,264360,25,0.0,"{'slope': 714.2815816702436, 'r_squared': 0.9534823732753098}",17031.20415100862
"{'mutation_type': 'inplace', 'generation_type': 'euclidean', 'distribution': 'uniform', 'city_size': 30, 'range': 80.0}",418401,404149,36,0.0,"{'slope': 1652.5262642784355, 'r_squared': 0.8720419197610381}",30620.57318188115
"{'mutation_type': 'inplace', 'generation_type': 'euclidean', 'distribution': 'uniform', 'city_size': 30, 'range': 85.0}",937770,929686,42,0.0,"{'slope': 3756.4997286162206, 'r_squared': 0.8466919070683581}",54766.47564154838
"{'mutation_type': 'inplace', 'generation_type': 'euclidean', 'distribution': 'uniform', 'city_size': 30, 'range': 90.0}",218779,186226,36,0.0,"{'slope': 496.80403191661844, 'r_squared': 0.9350282934635329}",9974.257206408496
"{'mutation_type': 'inplace', 'generation_type': 'euclidean', 'distribution': 'uniform', 'city_size': 30, 'range': 95.0}",180305,158684,25,0.0,"{'slope': 389.5062457389469, 'r_squared': 0.9159736764530321}",10160.57640534674
"{'mutation_type': 'inplace', 'generation_type': 'euclidean', 'distribution': 'uniform', 'city_size': 30, 'range': 100.0}",617207,527370,18,0.0,"{'slope': 3413.746984348879, 'r_squared': 0.5809852942253473}",72905.08446444709
"{'mutation_type': 'scramble', 'generation_type': 'asymmetric', 'distribution': 'lognormal', 'city_size': 20, 'range': 0.2}",1259,1095,9,0.0,"{'slope': 1.8293650824365713, 'r_squared': 0.7741053433696745}",124.44721521593
"{'mutation_type': 'scramble', 'generation_type': 'asymmetric', 'distribution': 'lognormal', 'city_size': 20, 'range': 0.4}",1278,1260,11,0.0,"{'slope': 1.0448734910696265, 'r_squared': 0.5245498788445132}",121.39522231125902
"{'mutation_type': 'scramble', 'generation_type': 'asymmetric', 'distribution': 'lognormal', 'city_size': 20, 'range': 0.6}",1189,932,4,0.0,"{'slope': 2.7268793942671716, 'r_squared': 0.6574513421391588}",113.71699765450879
"{'mutation_type': 'scramble', 'generation_type': 'asymmetric', 'distribution': 'lognormal', 'city_size': 20, 'range': 0.8}",1158,1009,4,0.0,"{'slope': 4.658597543558983, 'r_squared': 0.9609661608132818}",213.53584138395962
"{'mutation_type': 'scramble', 'generation_type': 'asymmetric', 'distribution': 'lognormal', 'city_size': 20, 'range': 1.0}",939,915,7,0.0,"{'slope': 2.850810691716824, 'r_squared': 0.8105027237154028}",62.51333191141444
"{'mutation_type': 'scramble', 'generation_type': 'asymmetric', 'distribution': 'lognormal', 'city_size': 20, 'range': 1.2}",720,670,7,0.0,"{'slope': 0.6917368024132731, 'r_squared': 0.5861588190453041}",88.4621701946971
"{'mutation_type': 'scramble', 'generation_type': 'asymmetric', 'distribution': 'lognormal', 'city_size': 20, 'range': 1.4}",960,836,7,0.0,"{'slope': 0.7231007011017505, 'r_squared': 0.9086976714622345}",58.85764370260011
"{'mutation_type': 'scramble', 'generation_type': 'asymmetric', 'distribution': 'lognormal', 'city_size': 20, 'range': 1.6}",782,584,9,0.0,"{'slope': 4.516390647471349, 'r_squared': 0.9262194820520144}",53.57704732439069
"{'mutation_type': 'scramble', 'generation_type': 'asymmetric', 'distribution': 'lognormal', 'city_size': 20, 'range': 1.8}",767,379,5,0.0,"{'slope': 0.34510705007379605, 'r_squared': 0.7565167426504883}",40.40652793794587
"{'mutation_type': 'scramble', 'generation_type': 'asymmetric', 'distribution': 'lognormal', 'city_size': 20, 'range': 2.0}",718,557,8,0.0,"{'slope': 0.5407186449450617, 'r_squared': 0.7070958390873936}",42.29102283280576
"{'mutation_type': 'scramble', 'generation_type': 'asymmetric', 'distribution': 'lognormal', 'city_size': 20, 'range': 2.2}",1353,1333,7,0.0,"{'slope': 2.3141130259376856, 'r_squared': 0.9049468968032683}",328.3744898063118
"{'mutation_type': 'scramble', 'generation_type': 'asymmetric', 'distribution': 'lognormal', 'city_size': 20, 'range': 2.4}",501,451,6,0.0,"{'slope': 0.602312640636493, 'r_squared': 0.7127613042444124}",47.562169841166835
"{'mutation_type': 'scramble', 'generation_type': 'asymmetric', 'distribution': 'lognormal', 'city_size': 20, 'range': 2.6}",669,471,3,0.0,"{'slope': 17.011709601873537, 'r_squared': 0.6474098408261482}",156.5
"{'mutation_type': 'scramble', 'generation_type': 'asymmetric', 'distribution': 'lognormal', 'city_size': 20, 'range': 2.8}",509,467,8,0.0,"{'slope': 1.0036200096752241, 'r_squared': 0.7644346153764929}",51.21861906353499
"{'mutation_type': 'scramble', 'generation_type': 'asymmetric', 'distribution': 'lognormal', 'city_size': 20, 'range': 3.0}",524,506,7,0.0,"{'slope': 0.6977696308200527, 'r_squared': 0.44310909108645424}",86.92461612735998
"{'mutation_type': 'scramble', 'generation_type': 'asymmetric', 'distribution': 'lognormal', 'city_size': 20, 'range': 3.2}",432,383,9,0.0,"{'slope': 0.4033770976341458, 'r_squared': 0.5648771102388054}",48.4418143239908
"{'mutation_type': 'scramble', 'generation_type': 'asymmetric', 'distribution': 'lognormal', 'city_size': 20, 'range': 3.4}",516,477,7,0.0,"{'slope': 0.6981972688408584, 'r_squared': 0.7370689003395976}",75.84358905009704
"{'mutation_type': 'scramble', 'generation_type': 'asymmetric', 'distribution': 'lognormal', 'city_size': 20, 'range': 3.6}",311,258,6,0.0,"{'slope': 0.7658103410819032, 'r_squared': 0.8087785476959732}",41.18543431845779
"{'mutation_type': 'scramble', 'generation_type': 'asymmetric', 'distribution': 'lognormal', 'city_size': 20, 'range': 3.8}",351,319,6,0.0,"{'slope': 0.21128328593480117, 'r_squared': 0.49174531225696716}",20.960916010518243
"{'mutation_type': 'scramble', 'generation_type': 'asymmetric', 'distribution': 'lognormal', 'city_size': 20, 'range': 4.0}",375,350,10,0.0,"{'slope': 0.36641499101694214, 'r_squared': 0.783955490356145}",37.9779013066062
"{'mutation_type': 'scramble', 'generation_type': 'asymmetric', 'distribution': 'lognormal', 'city_size': 20, 'range': 4.2}",318,290,5,0.0,"{'slope': 14.291338582677165, 'r_squared': 0.9736194345519433}",78.32783668658288
"{'mutation_type': 'scramble', 'generation_type': 'asymmetric', 'distribution': 'lognormal', 'city_size': 20, 'range': 4.4}",397,354,7,0.0,"{'slope': 0.3058927625790402, 'r_squared': 0.570922843546454}",46.93612681080534
"{'mutation_type': 'scramble', 'generation_type': 'asymmetric', 'distribution': 'lognormal', 'city_size': 20, 'range': 4.6}",384,324,9,0.0,"{'slope': 0.616409204764304, 'r_squared': 0.8420625225954688}",45.43952024394624
"{'mutation_type': 'scramble', 'generation_type': 'asymmetric', 'distribution': 'lognormal', 'city_size': 20, 'range': 4.8}",459,357,5,0.0,"{'slope': 0.9970417321422922, 'r_squared': 0.8568867678543846}",68.87806254534168
"{'mutation_type': 'scramble', 'generation_type': 'asymmetric', 'distribution': 'lognormal', 'city_size': 20, 'range': 5.0}",283,236,7,0.0,"{'slope': 0.2683803698988294, 'r_squared': 0.5906208164060999}",27.384099198054493
"{'mutation_type': 'scramble', 'generation_type': 'asymmetric', 'distribution': 'lognormal', 'city_size': 30, 'range': 0.2}",23236,22424,8,0.0,"{'slope': 64.30532517785447, 'r_squared': 0.9219344456691688}",3336.651480457738
"{'mutation_type': 'scramble', 'generation_type': 'asymmetric', 'distribution': 'lognormal', 'city_size': 30, 'range': 0.4}",18550,18297,11,0.0,"{'slope': 19.095108394621132, 'r_squared': 0.8661134125117007}",1641.328123807059
"{'mutation_type': 'scramble', 'generation_type': 'asymmetric', 'distribution': 'lognormal', 'city_size': 30, 'range': 0.6}",18233,17351,7,0.0,"{'slope': 201.20528631184192, 'r_squared': 0.7363132394724136}",4057.0786458841153
"{'mutation_type': 'scramble', 'generation_type': 'asymmetric', 'distribution': 'lognormal', 'city_size': 30, 'range': 0.8}",13511,12973,8,0.0,"{'slope': 10.845394777333816, 'r_squared': 0.7040093305349742}",1790.7019145962777
"{'mutation_type': 'scramble', 'generation_type': 'asymmetric', 'distribution': 'lognormal', 'city_size': 30, 'range': 1.0}",7191,5981,7,0.0,"{'slope': 7.469346020572484, 'r_squared': 0.6150134865861132}",600.7113607123548
"{'mutation_type': 'scramble', 'generation_type': 'asymmetric', 'distribution': 'lognormal', 'city_size': 30, 'range': 1.2}",19386,18501,5,0.0,"{'slope': 362.63639687957095, 'r_squared': 0.8780551322966897}",6888.985134800336
"{'mutation_type': 'scramble', 'generation_type': 'asymmetric', 'distribution': 'lognormal', 'city_size': 30, 'range': 1.4}",11175,10524,8,0.0,"{'slope': 14.403283924779794, 'r_squared': 0.7899899790514177}",982.8983172438624
"{'mutation_type': 'scramble', 'generation_type': 'asymmetric', 'distribution': 'lognormal', 'city_size': 30, 'range': 1.6}",11517,10970,2,0.0,"{'slope': 1828.3333333333333, 'r_squared': 1.0}",0.0
"{'mutation_type': 'scramble', 'generation_type': 'asymmetric', 'distribution': 'lognormal', 'city_size': 30, 'range': 1.8}",23374,23235,10,0.0,"{'slope': 204.78894422801912, 'r_squared': 0.7620269431504081}",6178.116865194442
"{'mutation_type': 'scramble', 'generation_type': 'asymmetric', 'distribution': 'lognormal', 'city_size': 30, 'range': 2.0}",5741,5306,5,0.0,"{'slope': 36.54739250074594, 'r_squared': 0.8848579138587648}",575.8430775827734
"{'mutation_type': 'scramble', 'generation_type': 'asymmetric', 'distribution': 'lognormal', 'city_size': 30, 'range': 2.2}",10757,10657,5,0.0,"{'slope': 91.98494094920315, 'r_squared': 0.9651309849179435}",3176.6376386833927
"{'mutation_type': 'scramble', 'generation_type': 'asymmetric', 'distribution': 'lognormal', 'city_size': 30, 'range': 2.4}",5161,4936,6,0.0,"{'slope': 22.598809651474536, 'r_squared': 0.7689408601077973}",962.7318214331549
"{'mutation_type': 'scramble', 'generation_type': 'asymmetric', 'distribution': 'lognormal', 'city_size': 30, 'range': 2.6}",3993,2395,3,0.0,"{'slope': 51.36247777119145, 'r_squared': 0.9966057836643496}",404.5
"{'mutation_type': 'scramble', 'generation_type': 'asymmetric', 'distribution': 'lognormal', 'city_size': 30, 'range': 2.8}",12391,12142,9,0.0,"{'slope': 13.465939401361435, 'r_squared': 0.9682942155311638}",2429.149786962508
"{'mutation_type': 'scramble', 'generation_type': 'asymmetric', 'distribution': 'lognormal', 'city_size': 30, 'range': 3.0}",4745,4361,9,0.0,"{'slope': 5.754849448386582, 'r_squared': 0.9558850673317152}",508.4334856940483
"{'mutation_type': 'scramble', 'generation_type': 'asymmetric', 'distribution': 'lognormal', 'city_size': 30, 'range': 3.2}",3929,3350,8,0.0,"{'slope': 3.8601826657385727, 'r_squared': 0.7227458383526112}",474.9721366693471
"{'mutation_type': 'scramble', 'generation_type': 'asymmetric', 'distribution': 'lognormal', 'city_size': 30, 'range': 3.4}",2844,2775,5,0.0,"{'slope': 5.736817898091265, 'r_squared': 0.5394198989838033}",384.80084134523406
"{'mutation_type': 'scramble', 'generation_type': 'asymmetric', 'distribution': 'lognormal', 'city_size': 30, 'range': 3.6}",3765,3498,5,0.0,"{'slope': 33.37685255393948, 'r_squared': 0.8964902842758274}",784.1500175349103
"{'mutation_type': 'scramble', 'generation_type': 'asymmetric', 'distribution': 'lognormal', 'city_size': 30, 'range': 3.8}",3515,3475,8,0.0,"{'slope': 6.886241030354219, 'r_squared': 0.8827962308342108}",255.373595873551
"{'mutation_type': 'scramble', 'generation_type': 'asymmetric', 'distribution': 'lognormal', 'city_size': 30, 'range': 4.0}",5327,5080,5,0.0,"{'slope': 10.307177122668268, 'r_squared': 0.7608613502055047}",1182.1023644338081
"{'mutation_type': 'scramble', 'generation_type': 'asymmetric', 'distribution': 'lognormal', 'city_size': 30, 'range': 4.2}",1540,1359,9,0.0,"{'slope': 1.6152274397984225, 'r_squared': 0.801802691116514}",123.76735989347111
"{'mutation_type': 'scramble', 'generation_type': 'asymmetric', 'distribution': 'lognormal', 'city_size': 30, 'range': 4.4}",2220,1960,7,0.0,"{'slope': 5.945842866355131, 'r_squared': 0.8308574878087204}",180.7831727665923
"{'mutation_type': 'scramble', 'generation_type': 'asymmetric', 'distribution': 'lognormal', 'city_size': 30, 'range': 4.6}",1369,1287,5,0.0,"{'slope': 4.719442849722519, 'r_squared': 0.749935997466911}",188.3432703868126
"{'mutation_type': 'scramble', 'generation_type': 'asymmetric', 'distribution': 'lognormal', 'city_size': 30, 'range': 4.8}",3448,3310,6,0.0,"{'slope': 6.984019249224606, 'r_squared': 0.9140754437843147}",474.46812327067875
"{'mutation_type': 'scramble', 'generation_type': 'asymmetric', 'distribution': 'lognormal', 'city_size': 30, 'range': 5.0}",2196,1953,6,0.0,"{'slope': 6.00593171967431, 'r_squared': 0.7614736314291927}",324.89112022337576
"{'mutation_type': 'scramble', 'generation_type': 'asymmetric', 'distribution': 'uniform', 'city_size': 20, 'range': 5.0}",433,387,5,0.0,"{'slope': 1.1532206969376981, 'r_squared': 0.6800561874087866}",69.07016360194899
"{'mutation_type': 'scramble', 'generation_type': 'asymmetric', 'distribution': 'uniform', 'city_size': 20, 'range': 10.0}",868,746,7,0.0,"{'slope': 1.9483568413145271, 'r_squared': 0.8096583487225526}",65.49469868283659
"{'mutation_type': 'scramble', 'generation_type': 'asymmetric', 'distribution': 'uniform', 'city_size': 20, 'range': 15.0}",942,893,9,0.0,"{'slope': 5.638393685089021, 'r_squared': 0.8704185143915228}",85.24954178762488
"{'mutation_type': 'scramble', 'generation_type': 'asymmetric', 'distribution': 'uniform', 'city_size': 20, 'range': 20.0}",886,733,7,0.0,"{'slope': 0.848431893409999, 'r_squared': 0.6620323046701703}",86.97589065686854
"{'mutation_type': 'scramble', 'generation_type': 'asymmetric', 'distribution': 'uniform', 'city_size': 20, 'range': 25.0}",1685,1583,7,0.0,"{'slope': 1.5020554725148785, 'r_squared': 0.522129412539717}",388.3093340223602
"{'mutation_type': 'scramble', 'generation_type': 'asymmetric', 'distribution': 'uniform', 'city_size': 20, 'range': 30.0}",701,632,11,0.0,"{'slope': 0.8800816640454521, 'r_squared': 0.6926398449447183}",45.59561382413883
"{'mutation_type': 'scramble', 'generation_type': 'asymmetric', 'distribution': 'uniform', 'city_size': 20, 'range': 35.0}",706,541,9,0.0,"{'slope': 0.6248878575293338, 'r_squared': 0.7731616895566782}",59.15010038030367
"{'mutation_type': 'scramble', 'generation_type': 'asymmetric', 'distribution': 'uniform', 'city_size': 20, 'range': 40.0}",1133,996,5,0.0,"{'slope': 80.94664031620553, 'r_squared': 0.9590428009923567}",326.2476053551964
"{'mutation_type': 'scramble', 'generation_type': 'asymmetric', 'distribution': 'uniform', 'city_size': 20, 'range': 45.0}",932,824,6,0.0,"{'slope': 0.6377714220729077, 'r_squared': 0.6778243594513775}",120.10728537436853
"{'mutation_type': 'scramble', 'generation_type': 'asymmetric', 'distribution': 'uniform', 'city_size': 20, 'range': 50.0}",584,534,8,0.0,"{'slope': 0.43109875095097183, 'r_squared': 0.5159296354931204}",65.48656194913859
"{'mutation_type': 'scramble', 'generation_type': 'asymmetric', 'distribution': 'uniform', 'city_size': 20, 'range': 55.0}",714,688,6,0.0,"{'slope': 0.7092384655734508, 'r_squared': 0.717916097563289}",114.34264296403158
"{'mutation_type': 'scramble', 'generation_type': 'asymmetric', 'distribution': 'uniform', 'city_size': 20, 'range': 60.0}",835,702,7,0.0,"{'slope': 3.401211976781793, 'r_squared': 0.5787194982379079}",201.16245507880774
"{'mutation_type': 'scramble', 'generation_type': 'asymmetric', 'distribution': 'uniform', 'city_size': 20, 'range': 65.0}",864,561,5,0.0,"{'slope': 2.504153823330641, 'r_squared': 0.8338607683532085}",124.49372474145032
"{'mutation_type': 'scramble', 'generation_type': 'asymmetric', 'distribution': 'uniform', 'city_size': 20, 'range': 70.0}",1216,1180,9,0.0,"{'slope': 1.1654092184912745, 'r_squared': 0.8566562879241487}",147.64907720673366
"{'mutation_type': 'scramble', 'generation_type': 'asymmetric', 'distribution': 'uniform', 'city_size': 20, 'range': 75.0}",872,703,6,0.0,"{'slope': 2.4106572931941685, 'r_squared': 0.8258679050349368}",48.40909005548441
"{'mutation_type': 'scramble', 'generation_type': 'asymmetric', 'distribution': 'uniform', 'city_size': 20, 'range': 80.0}",654,612,10,0.0,"{'slope': 0.6001982700366634, 'r_squared': 0.5205042808857878}",37.142368739157654
"{'mutation_type': 'scramble', 'generation_type': 'asymmetric', 'distribution': 'uniform', 'city_size': 20, 'range': 85.0}",1078,878,8,0.0,"{'slope': 1.2514280757359186, 'r_squared': 0.9554302999384773}",109.25050786787105
"{'mutation_type': 'scramble', 'generation_type': 'asymmetric', 'distribution': 'uniform', 'city_size': 20, 'range': 90.0}",1036,898,9,0.0,"{'slope': 0.9202015141862384, 'r_squared': 0.8848132566218705}",107.28670700510851
"{'mutation_type': 'scramble', 'generation_type': 'asymmetric', 'distribution': 'uniform', 'city_size': 20, 'range': 95.0}",1263,1224,7,0.0,"{'slope': 6.821344787975861, 'r_squared': 0.8036503820049372}",223.36517185989405
"{'mutation_type': 'scramble', 'generation_type': 'asymmetric', 'distribution': 'uniform', 'city_size': 20, 'range': 100.0}",642,573,17,0.0,"{'slope': 0.5285740308972308, 'r_squared': 0.6938568906909622}",33.27953340643465
"{'mutation_type': 'scramble', 'generation_type': 'asymmetric', 'distribution': 'uniform', 'city_size': 30, 'range': 5.0}",1321,1047,8,0.0,"{'slope': 0.5439491160799922, 'r_squared': 0.46324733248746064}",209.90328190645818
"{'mutation_type': 'scramble', 'generation_type': 'asymmetric', 'distribution': 'uniform', 'city_size': 30, 'range': 10.0}",1282,1235,10,0.0,"{'slope': 2.5799182537041294, 'r_squared': 0.8523383565403356}",137.6652766497846
"{'mutation_type': 'scramble', 'generation_type': 'asymmetric', 'distribution': 'uniform', 'city_size': 30, 'range': 15.0}",11781,11671,4,0.0,"{'slope': 9.430052256752559, 'r_squared': 0.6453153629901098}",2995.1510071372954
"{'mutation_type': 'scramble', 'generation_type': 'asymmetric', 'distribution': 'uniform', 'city_size': 30, 'range': 20.0}",6134,6086,11,0.0,"{'slope': 24.400923497683998, 'r_squared': 0.9493515488514749}",618.2700380901537
"{'mutation_type': 'scramble', 'generation_type': 'asymmetric', 'distribution': 'uniform', 'city_size': 30, 'range': 25.0}",6268,5424,5,0.0,"{'slope': 6.780450812771443, 'r_squared': 0.6445826380092023}",1005.7554374697658
"{'mutation_type': 'scramble', 'generation_type': 'asymmetric', 'distribution': 'uniform', 'city_size': 30, 'range': 30.0}",9219,6548,7,0.0,"{'slope': 15.591866097988792, 'r_squared': 0.9983657139526448}",1130.5231335782366
"{'mutation_type': 'scramble', 'generation_type': 'asymmetric', 'distribution': 'uniform', 'city_size': 30, 'range': 35.0}",5928,5859,10,0.0,"{'slope': 9.400578989319763, 'r_squared': 0.6997186586577073}",602.3385906429852
"{'mutation_type': 'scramble', 'generation_type': 'asymmetric', 'distribution': 'uniform', 'city_size': 30, 'range': 40.0}",7613,5994,4,0.0,"{'slope': 46.42556045713696, 'r_squared': 0.9904403789310785}",1534.5366293010625
"{'mutation_type': 'scramble', 'generation_type': 'asymmetric', 'distribution': 'uniform', 'city_size': 30, 'range': 45.0}",15471,15181,9,0.0,"{'slope': 32.41430794972073, 'r_squared': 0.9726244184463404}",2609.016670007112
"{'mutation_type': 'scramble', 'generation_type': 'asymmetric', 'distribution': 'uniform', 'city_size': 30, 'range': 50.0}",12647,11948,6,0.0,"{'slope': 15.327322249301425, 'r_squared': 0.7986990920627965}",2147.988696432083
"{'mutation_type': 'scramble', 'generation_type': 'asymmetric', 'distribution': 'uniform', 'city_size': 30, 'range': 55.0}",13267,12597,6,0.0,"{'slope': 12.509554863483173, 'r_squared': 0.7390818470263981}",1874.566040447762
"{'mutation_type': 'scramble', 'generation_type': 'asymmetric', 'distribution': 'uniform', 'city_size': 30, 'range': 60.0}",9309,8993,4,0.0,"{'slope': 445.0967741935484, 'r_squared': 0.9991748085714626}",1498.901449580844
"{'mutation_type': 'scramble', 'generation_type': 'asymmetric', 'distribution': 'uniform', 'city_size': 30, 'range': 65.0}",12430,11995,8,0.0,"{'slope': 13.611920021131528, 'r_squared': 0.7100046422657311}",1304.7895130899037
"{'mutation_type': 'scramble', 'generation_type': 'asymmetric', 'distribution': 'uniform', 'city_size': 30, 'range': 70.0}",10165,9270,8,0.0,"{'slope': 81.49764735804668, 'r_squared': 0.8699580310809493}",1674.8396694511828
"{'mutation_type': 'scramble', 'generation_type': 'asymmetric', 'distribution': 'uniform', 'city_size': 30, 'range': 75.0}",8047,7893,7,0.0,"{'slope': 26.972781124444978, 'r_squared': 0.8133916556522349}",883.1635843187074
"{'mutation_type': 'scramble', 'generation_type': 'asymmetric', 'distribution': 'uniform', 'city_size': 30, 'range': 80.0}",12661,11755,7,0.0,"{'slope': 14.760369027439443, 'r_squared': 0.8151849024726712}",1429.242621888328
"{'mutation_type': 'scramble', 'generation_type': 'asymmetric', 'distribution': 'uniform', 'city_size': 30, 'range': 85.0}",9741,9532,10,0.0,"{'slope': 9.106775010404522, 'r_squared': 0.924117317010238}",1295.416144586102
"{'mutation_type': 'scramble', 'generation_type': 'asymmetric', 'distribution': 'uniform', 'city_size': 30, 'range': 90.0}",8508,8306,9,0.0,"{'slope': 14.765356601375615, 'r_squared': 0.7698571171039698}",805.1640748940554
"{'mutation_type': 'scramble', 'generation_type': 'asymmetric', 'distribution': 'uniform', 'city_size': 30, 'range': 95.0}",8828,8594,6,0.0,"{'slope': 13.018102664116222, 'r_squared': 0.7504985138389643}",1377.9415662501801
"{'mutation_type': 'scramble', 'generation_type': 'asymmetric', 'distribution': 'uniform', 'city_size': 30, 'range': 100.0}",7935,4390,3,0.0,"{'slope': 5.070254107821203, 'r_squared': 0.4046661143114799}",1598.0
"{'mutation_type': 'scramble', 'generation_type': 'euclidean', 'distribution': 'lognormal', 'city_size': 20, 'range': 0.4}",359618,359429,11,0.0,"{'slope': 723.5289234780367, 'r_squared': 0.812637014354127}",71411.87958519228
"{'mutation_type': 'scramble', 'generation_type': 'euclidean', 'distribution': 'lognormal', 'city_size': 20, 'range': 0.6}",71926,70531,5,0.0,"{'slope': 336.9609854867641, 'r_squared': 0.9701177986863193}",10713.55910458798
"{'mutation_type': 'scramble', 'generation_type': 'euclidean', 'distribution': 'lognormal', 'city_size': 20, 'range': 0.8}",9100,8334,5,0.0,"{'slope': 22.382059713957613, 'r_squared': 0.7245241567837206}",2772.1989917753017
"{'mutation_type': 'scramble', 'generation_type': 'euclidean', 'distribution': 'lognormal', 'city_size': 20, 'range': 1.0}",7222,347,2,0.0,"{'slope': 0.5273556231003039, 'r_squared': 1.0}",0.0
"{'mutation_type': 'scramble', 'generation_type': 'euclidean', 'distribution': 'lognormal', 'city_size': 20, 'range': 1.2}",3014,2517,5,0.0,"{'slope': 2.1239282710317857, 'r_squared': 0.5916952500598744}",192.494642782598
"{'mutation_type': 'scramble', 'generation_type': 'euclidean', 'distribution': 'lognormal', 'city_size': 20, 'range': 1.4}",47094,0,1,0.0,0,0.0
"{'mutation_type': 'scramble', 'generation_type': 'euclidean', 'distribution': 'lognormal', 'city_size': 20, 'range': 1.6}",4548,3539,3,0.0,"{'slope': 121.57817589576547, 'r_squared': 0.40880256711411245}",1306.5
"{'mutation_type': 'scramble', 'generation_type': 'euclidean', 'distribution': 'lognormal', 'city_size': 20, 'range': 1.8}",15122,0,1,0.0,0,0.0
"{'mutation_type': 'scramble', 'generation_type': 'euclidean', 'distribution': 'lognormal', 'city_size': 20, 'range': 2.0}",15213,0,1,0.0,0,0.0
"{'mutation_type': 'scramble', 'generation_type': 'euclidean', 'distribution': 'lognormal', 'city_size': 20, 'range': 2.2}",303979,0,1,0.0,0,0.0
"{'mutation_type': 'scramble', 'generation_type': 'euclidean', 'distribution': 'lognormal', 'city_size': 20, 'range': 2.4}",325650,0,1,0.0,0,0.0
"{'mutation_type': 'scramble', 'generation_type': 'euclidean', 'distribution': 'lognormal', 'city_size': 20, 'range': 2.6}",6504,0,1,0.0,0,0.0
"{'mutation_type': 'scramble', 'generation_type': 'euclidean', 'distribution': 'lognormal', 'city_size': 20, 'range': 2.8}",36650,0,1,0.0,0,0.0
"{'mutation_type': 'scramble', 'generation_type': 'euclidean', 'distribution': 'lognormal', 'city_size': 20, 'range': 3.0}",1018115,0,1,0.0,0,0.0
"{'mutation_type': 'scramble', 'generation_type': 'euclidean', 'distribution': 'lognormal', 'city_size': 20, 'range': 3.4}",7247,0,1,0.0,0,0.0
"{'mutation_type': 'scramble', 'generation_type': 'euclidean', 'distribution': 'lognormal', 'city_size': 20, 'range': 3.6}",22520,0,1,0.0,0,0.0
"{'mutation_type': 'scramble', 'generation_type': 'euclidean', 'distribution': 'lognormal', 'city_size': 20, 'range': 4.0}",6834007,0,1,0.0,0,0.0
"{'mutation_type': 'scramble', 'generation_type': 'euclidean', 'distribution': 'lognormal', 'city_size': 20, 'range': 4.2}",2008112,0,1,0.0,0,0.0
"{'mutation_type': 'scramble', 'generation_type': 'euclidean', 'distribution': 'lognormal', 'city_size': 20, 'range': 4.4}",6572,0,1,0.0,0,0.0
"{'mutation_type': 'scramble', 'generation_type': 'euclidean', 'distribution': 'lognormal', 'city_size': 20, 'range': 4.8}",196709,0,1,0.0,0,0.0
"{'mutation_type': 'scramble', 'generation_type': 'euclidean', 'distribution': 'lognormal', 'city_size': 20, 'range': 5.0}",495,402,6,0.0,"{'slope': 2.380403947336518, 'r_squared': 0.9138835051017046}",80.90636563336658
"{'mutation_type': 'scramble', 'generation_type': 'euclidean', 'distribution': 'lognormal', 'city_size': 30, 'range': 0.4}",1847,1337,7,0.0,"{'slope': 3.7502659319541496, 'r_squared': 0.9370220771294043}",149.41376182340844
"{'mutation_type': 'scramble', 'generation_type': 'euclidean', 'distribution': 'lognormal', 'city_size': 30, 'range': 0.6}",3835835,3835593,7,0.0,"{'slope': 50783.72005988023, 'r_squared': 0.6246688535519388}",1428970.2068473122
"{'mutation_type': 'scramble', 'generation_type': 'euclidean', 'distribution': 'lognormal', 'city_size': 30, 'range': 0.8}",4120345,4111767,4,0.0,"{'slope': 199089.4642857143, 'r_squared': 0.9775196872126336}",1898095.4336841619
"{'mutation_type': 'scramble', 'generation_type': 'euclidean', 'distribution': 'lognormal', 'city_size': 30, 'range': 1.0}",701842,628459,2,0.0,"{'slope': 28566.31818181818, 'r_squared': 1.0}",0.0
"{'mutation_type': 'scramble', 'generation_type': 'euclidean', 'distribution': 'lognormal', 'city_size': 30, 'range': 1.2}",743596,0,1,0.0,0,0.0
"{'mutation_type': 'scramble', 'generation_type': 'euclidean', 'distribution': 'lognormal', 'city_size': 30, 'range': 1.4}",4084136,0,1,0.0,0,0.0
"{'mutation_type': 'scramble', 'generation_type': 'euclidean', 'distribution': 'lognormal', 'city_size': 30, 'range': 3.0}",1724841,0,1,0.0,0,0.0
"{'mutation_type': 'scramble', 'generation_type': 'euclidean', 'distribution': 'uniform', 'city_size': 20, 'range': 5.0}",95,0,1,0.0,0,0.0
"{'mutation_type': 'scramble', 'generation_type': 'euclidean', 'distribution': 'uniform', 'city_size': 20, 'range': 10.0}",642900,642756,7,0.0,"{'slope': 1096.3234493238774, 'r_squared': 0.9988487178988212}",181169.21211029944
"{'mutation_type': 'scramble', 'generation_type': 'euclidean', 'distribution': 'uniform', 'city_size': 20, 'range': 15.0}",276616,276431,8,0.0,"{'slope': 782.9707690708369, 'r_squared': 0.9552662885748944}",47687.66906333206
"{'mutation_type': 'scramble', 'generation_type': 'euclidean', 'distribution': 'uniform', 'city_size': 20, 'range': 20.0}",215500,215388,7,0.0,"{'slope': 1826.6822074575584, 'r_squared': 0.9643911986748844}",52174.59531547258
"{'mutation_type': 'scramble', 'generation_type': 'euclidean', 'distribution': 'uniform', 'city_size': 20, 'range': 25.0}",328110,327966,7,0.0,"{'slope': 492.5451860771834, 'r_squared': 0.7820662956621187}",59463.89424123964
"{'mutation_type': 'scramble', 'generation_type': 'euclidean', 'distribution': 'uniform', 'city_size': 20, 'range': 30.0}",6766,6364,5,0.0,"{'slope': 8.224266255953545, 'r_squared': 0.7720585546474354}",810.72529256216
"{'mutation_type': 'scramble', 'generation_type': 'euclidean', 'distribution': 'uniform', 'city_size': 20, 'range': 35.0}",2524,1547,2,0.0,"{'slope': 59.5, 'r_squared': 1.0}",0.0
"{'mutation_type': 'scramble', 'generation_type': 'euclidean', 'distribution': 'uniform', 'city_size': 20, 'range': 40.0}",8847,8001,7,0.0,"{'slope': 19.20652131280424, 'r_squared': 0.9282378458432192}",873.2345523015757
"{'mutation_type': 'scramble', 'generation_type': 'euclidean', 'distribution': 'uniform', 'city_size': 20, 'range': 45.0}",5188,4484,4,0.0,"{'slope': 303.209219858156, 'r_squared': 0.897700256791199}",1893.3181337418062
"{'mutation_type': 'scramble', 'generation_type': 'euclidean', 'distribution': 'uniform', 'city_size': 20, 'range': 50.0}",2821,1970,5,0.0,"{'slope': 3.128595198478726, 'r_squared': 0.3817794232122739}",411.0094281157064
"{'mutation_type': 'scramble', 'generation_type': 'euclidean', 'distribution': 'uniform', 'city_size': 20, 'range': 55.0}",4946,4744,6,0.0,"{'slope': 37.042056809572145, 'r_squared': 0.8722464382221996}",962.8028666347021
"{'mutation_type': 'scramble', 'generation_type': 'euclidean', 'distribution': 'uniform', 'city_size': 20, 'range': 60.0}",6060,4264,7,0.0,"{'slope': 10.904297813237536, 'r_squared': 0.9658475742935543}",884.813665255133
"{'mutation_type': 'scramble', 'generation_type': 'euclidean', 'distribution': 'uniform', 'city_size': 20, 'range': 65.0}",11713,11377,4,0.0,"{'slope': 44.42855641037894, 'r_squared': 0.6470147471520492}",4037.2895473187064
"{'mutation_type': 'scramble', 'generation_type': 'euclidean', 'distribution': 'uniform', 'city_size': 20, 'range': 70.0}",9096,8496,8,0.0,"{'slope': 16.180764678639427, 'r_squared': 0.7091500843810417}",1562.4925795742167
"{'mutation_type': 'scramble', 'generation_type': 'euclidean', 'distribution': 'uniform', 'city_size': 20, 'range': 75.0}",3928,3432,6,0.0,"{'slope': 67.12101910828025, 'r_squared': 0.8067467907181375}",525.0267040827542
"{'mutation_type': 'scramble', 'generation_type': 'euclidean', 'distribution': 'uniform', 'city_size': 20, 'range': 80.0}",9157,8163,7,0.0,"{'slope': 12.023360789578721, 'r_squared': 0.6584537402239734}",1383.8856828991813
"{'mutation_type': 'scramble', 'generation_type': 'euclidean', 'distribution': 'uniform', 'city_size': 20, 'range': 85.0}",11183,10589,11,0.0,"{'slope': 12.186428176042385, 'r_squared': 0.9266762703310077}",1397.5350764828765
"{'mutation_type': 'scramble', 'generation_type': 'euclidean', 'distribution': 'uniform', 'city_size': 20, 'range': 90.0}",7495,6971,5,0.0,"{'slope': 53.59048150123649, 'r_squared': 0.8627366021414458}",946.9934991857125
"{'mutation_type': 'scramble', 'generation_type': 'euclidean', 'distribution': 'uniform', 'city_size': 20, 'range': 95.0}",4252,1384,4,0.0,"{'slope': 2.2711282939889124, 'r_squared': 0.6791537742175563}",372.89527871627564
"{'mutation_type': 'scramble', 'generation_type': 'euclidean', 'distribution': 'uniform', 'city_size': 20, 'range': 100.0}",8945,8482,9,0.0,"{'slope': 10.387273423775033, 'r_squared': 0.9355787226690345}",1582.3055765243323
"{'mutation_type': 'scramble', 'generation_type': 'euclidean', 'distribution': 'uniform', 'city_size': 30, 'range': 5.0}",170,0,1,0.0,0,0.0
"{'mutation_type': 'scramble', 'generation_type': 'euclidean', 'distribution': 'uniform', 'city_size': 30, 'range': 10.0}",29829362,29827840,5,0.0,"{'slope': 822812.9145943741, 'r_squared': 0.9952902678038205}",9529569.150835387
"{'mutation_type': 'scramble', 'generation_type': 'euclidean', 'distribution': 'uniform', 'city_size': 30, 'range': 20.0}",513,0,1,0.0,0,0.0
"{'mutation_type': 'scramble', 'generation_type': 'euclidean', 'distribution': 'uniform', 'city_size': 30, 'range': 25.0}",28558522,28006855,3,0.0,"{'slope': 802228.3285714287, 'r_squared': 0.432939440274641}",13861154.5
"{'mutation_type': 'scramble', 'generation_type': 'euclidean', 'distribution': 'uniform', 'city_size': 30, 'range': 30.0}",3564637,3563703,5,0.0,"{'slope': 55232.25310933729, 'r_squared': 0.6979720778566764}",1282651.8529790877
"{'mutation_type': 'scramble', 'generation_type': 'euclidean', 'distribution': 'uniform', 'city_size': 30, 'range': 35.0}",2947862,2946820,9,0.0,"{'slope': 10518.125482837933, 'r_squared': 0.6301558088531635}",689190.2592269061
"{'mutation_type': 'scramble', 'generation_type': 'euclidean', 'distribution': 'uniform', 'city_size': 30, 'range': 40.0}",277786,117783,3,0.0,"{'slope': 231.480453070452, 'r_squared': 0.9996646445623525}",7162.5
"{'mutation_type': 'scramble', 'generation_type': 'euclidean', 'distribution': 'uniform', 'city_size': 30, 'range': 45.0}",186533,183973,8,0.0,"{'slope': 199.69186763193716, 'r_squared': 0.7707810486257249}",29614.8588980434
"{'mutation_type': 'scramble', 'generation_type': 'euclidean', 'distribution': 'uniform', 'city_size': 30, 'range': 50.0}",564598,550398,11,0.0,"{'slope': 1093.0460580817378, 'r_squared': 0.9843105427923787}",100789.87184315694
"{'mutation_type': 'scramble', 'generation_type': 'euclidean', 'distribution': 'uniform', 'city_size': 30, 'range': 55.0}",293238,285952,9,0.0,"{'slope': 472.7440167694092, 'r_squared': 0.892118304614108}",33366.5453598361
"{'mutation_type': 'scramble', 'generation_type': 'euclidean', 'distribution': 'uniform', 'city_size': 30, 'range': 60.0}",196088,194290,11,0.0,"{'slope': 469.1997323780333, 'r_squared': 0.9213135190207847}",36157.99525416198
"{'mutation_type': 'scramble', 'generation_type': 'euclidean', 'distribution': 'uniform', 'city_size': 30, 'range': 65.0}",496447,470704,5,0.0,"{'slope': 1288.8614978860298, 'r_squared': 0.9965613917241105}",126041.78219741261
"{'mutation_type': 'scramble', 'generation_type': 'euclidean', 'distribution': 'uniform', 'city_size': 30, 'range': 70.0}",423686,416306,7,0.0,"{'slope': 1214.2983660863713, 'r_squared': 0.7817964916164869}",105897.12322133947
"{'mutation_type': 'scramble', 'generation_type': 'euclidean', 'distribution': 'uniform', 'city_size': 30, 'range': 75.0}",374044,316009,5,0.0,"{'slope': 822.9877883019954, 'r_squared': 0.7238076164992513}",58096.497172269344
"{'mutation_type': 'scramble', 'generation_type': 'euclidean', 'distribution': 'uniform', 'city_size': 30, 'range': 80.0}",174088,144630,4,0.0,"{'slope': 487.82764950928475, 'r_squared': 0.7914833475984504}",15423.498003587469
"{'mutation_type': 'scramble', 'generation_type': 'euclidean', 'distribution': 'uniform', 'city_size': 30, 'range': 85.0}",289430,276530,9,0.0,"{'slope': 451.81036015318443, 'r_squared': 0.8046762564840093}",27174.33701928163
"{'mutation_type': 'scramble', 'generation_type': 'euclidean', 'distribution': 'uniform', 'city_size': 30, 'range': 90.0}",312662,297549,8,0.0,"{'slope': 1176.894600754581, 'r_squared': 0.9675313336717547}",42756.848788068026
"{'mutation_type': 'scramble', 'generation_type': 'euclidean', 'distribution': 'uniform', 'city_size': 30, 'range': 95.0}",227301,224471,12,0.0,"{'slope': 294.20398213365, 'r_squared': 0.892768166393591}",23862.283489616893
"{'mutation_type': 'scramble', 'generation_type': 'euclidean', 'distribution': 'uniform', 'city_size': 30, 'range': 100.0}",251641,228982,10,0.0,"{'slope': 421.7210919046988, 'r_squared': 0.8637773551373928}",22350.241689526465
"{'mutation_type': 'swap', 'generation_type': 'asymmetric', 'distribution': 'lognormal', 'city_size': 20, 'range': 0.2}",5182,5138,148,0.0,"{'slope': 5.5565629983501665, 'r_squared': 0.9684196564981365}",68.8237750936447
"{'mutation_type': 'swap', 'generation_type': 'asymmetric', 'distribution': 'lognormal', 'city_size': 20, 'range': 0.4}",735,619,27,0.0,"{'slope': 4.681039122795312, 'r_squared': 0.964009676467232}",34.231136558098264
"{'mutation_type': 'swap', 'generation_type': 'asymmetric', 'distribution': 'lognormal', 'city_size': 20, 'range': 0.6}",6013,5907,146,0.0,"{'slope': 6.695074717769441, 'r_squared': 0.9580113767825831}",68.87139646392976
"{'mutation_type': 'swap', 'generation_type': 'asymmetric', 'distribution': 'lognormal', 'city_size': 20, 'range': 0.8}",5604,5506,133,0.0,"{'slope': 5.103698255213594, 'r_squared': 0.9722274912262237}",82.77585015104182
"{'mutation_type': 'swap', 'generation_type': 'asymmetric', 'distribution': 'lognormal', 'city_size': 20, 'range': 1.0}",5437,5345,74,0.0,"{'slope': 11.028914154812995, 'r_squared': 0.886488419367598}",124.69461288089487
"{'mutation_type': 'swap', 'generation_type': 'asymmetric', 'distribution': 'lognormal', 'city_size': 20, 'range': 1.2}",4946,4812,126,0.0,"{'slope': 5.608235529940722, 'r_squared': 0.9701081172367944}",99.47941487564148
"{'mutation_type': 'swap', 'generation_type': 'asymmetric', 'distribution': 'lognormal', 'city_size': 20, 'range': 1.4}",1175,1017,80,0.0,"{'slope': 1.0153046422136118, 'r_squared': 0.9874005499708536}",16.50037750899757
"{'mutation_type': 'swap', 'generation_type': 'asymmetric', 'distribution': 'lognormal', 'city_size': 20, 'range': 1.6}",2082,2012,98,0.0,"{'slope': 2.074180525517567, 'r_squared': 0.9727818113407812}",31.632971950855612
"{'mutation_type': 'swap', 'generation_type': 'asymmetric', 'distribution': 'lognormal', 'city_size': 20, 'range': 1.8}",14070,13946,146,0.0,"{'slope': 14.207839492398714, 'r_squared': 0.9369087810543061}",166.53129224285777
"{'mutation_type': 'swap', 'generation_type': 'asymmetric', 'distribution': 'lognormal', 'city_size': 20, 'range': 2.0}",12639,12488,123,0.0,"{'slope': 12.866754329286964, 'r_squared': 0.8853419911870994}",240.7810060579084
"{'mutation_type': 'swap', 'generation_type': 'asymmetric', 'distribution': 'lognormal', 'city_size': 20, 'range': 2.2}",2283,2265,97,0.0,"{'slope': 1.8636277801626386, 'r_squared': 0.9367696681578727}",53.152606185123545
"{'mutation_type': 'swap', 'generation_type': 'asymmetric', 'distribution': 'lognormal', 'city_size': 20, 'range': 2.4}",2472,2450,92,0.0,"{'slope': 2.37799102202326, 'r_squared': 0.9587015175037218}",44.726576107642806
"{'mutation_type': 'swap', 'generation_type': 'asymmetric', 'distribution': 'lognormal', 'city_size': 20, 'range': 2.6}",2636,2544,93,0.0,"{'slope': 3.0834243187933468, 'r_squared': 0.8870103429264635}",48.06549760994359
"{'mutation_type': 'swap', 'generation_type': 'asymmetric', 'distribution': 'lognormal', 'city_size': 20, 'range': 2.8}",3628,3597,119,0.0,"{'slope': 3.743854773499392, 'r_squared': 0.968502541959456}",57.51797553231857
"{'mutation_type': 'swap', 'generation_type': 'asymmetric', 'distribution': 'lognormal', 'city_size': 20, 'range': 3.0}",10126,10105,137,0.0,"{'slope': 11.787591889021593, 'r_squared': 0.9752873261086447}",187.38142603088167
"{'mutation_type': 'swap', 'generation_type': 'asymmetric', 'distribution': 'lognormal', 'city_size': 20, 'range': 3.2}",1620,1596,98,0.0,"{'slope': 1.571494073114258, 'r_squared': 0.9585773246386663}",21.593250481620267
"{'mutation_type': 'swap', 'generation_type': 'asymmetric', 'distribution': 'lognormal', 'city_size': 20, 'range': 3.4}",1757,1598,70,0.0,"{'slope': 1.4309405060170648, 'r_squared': 0.9642204131594093}",38.193490297604534
"{'mutation_type': 'swap', 'generation_type': 'asymmetric', 'distribution': 'lognormal', 'city_size': 20, 'range': 3.6}",2447,2429,89,0.0,"{'slope': 2.578818639537081, 'r_squared': 0.9857897715506763}",40.208417191137094
"{'mutation_type': 'swap', 'generation_type': 'asymmetric', 'distribution': 'lognormal', 'city_size': 20, 'range': 3.8}",1164,1123,65,0.0,"{'slope': 1.4874167935554168, 'r_squared': 0.9557684392281108}",32.33995675220323
"{'mutation_type': 'swap', 'generation_type': 'asymmetric', 'distribution': 'lognormal', 'city_size': 20, 'range': 4.0}",1478,1456,80,0.0,"{'slope': 1.5202744488874074, 'r_squared': 0.9602060824425549}",34.017747990377096
"{'mutation_type': 'swap', 'generation_type': 'asymmetric', 'distribution': 'lognormal', 'city_size': 20, 'range': 4.2}",828,760,79,0.0,"{'slope': 0.6419024600466146, 'r_squared': 0.9750551621274967}",14.759122252960829
"{'mutation_type': 'swap', 'generation_type': 'asymmetric', 'distribution': 'lognormal', 'city_size': 20, 'range': 4.4}",945,927,63,0.0,"{'slope': 0.9790395804209872, 'r_squared': 0.9512359063188388}",23.464061345340408
"{'mutation_type': 'swap', 'generation_type': 'asymmetric', 'distribution': 'lognormal', 'city_size': 20, 'range': 4.6}",659,622,65,0.0,"{'slope': 0.5358159642727434, 'r_squared': 0.8546523446309459}",13.70044336645716
"{'mutation_type': 'swap', 'generation_type': 'asymmetric', 'distribution': 'lognormal', 'city_size': 20, 'range': 4.8}",439,400,55,0.0,"{'slope': 0.373921316148682, 'r_squared': 0.9515222950168459}",9.003123981519515
"{'mutation_type': 'swap', 'generation_type': 'asymmetric', 'distribution': 'lognormal', 'city_size': 20, 'range': 5.0}",8106,8073,116,0.0,"{'slope': 8.494206264757965, 'r_squared': 0.9794270298558697}",141.5765394468276
"{'mutation_type': 'swap', 'generation_type': 'asymmetric', 'distribution': 'lognormal', 'city_size': 30, 'range': 0.2}",38462,37570,63,0.0,"{'slope': 89.71360199307611, 'r_squared': 0.6740222218243137}",1557.5476171226928
"{'mutation_type': 'swap', 'generation_type': 'asymmetric', 'distribution': 'lognormal', 'city_size': 30, 'range': 0.4}",222884,222051,215,0.0,"{'slope': 180.05785758037746, 'r_squared': 0.7244833219618384}",3868.7108217279265
"{'mutation_type': 'swap', 'generation_type': 'asymmetric', 'distribution': 'lognormal', 'city_size': 30, 'range': 0.6}",5816,5187,59,0.0,"{'slope': 16.073307209925748, 'r_squared': 0.914183554483969}",224.00793644106676
"{'mutation_type': 'swap', 'generation_type': 'asymmetric', 'distribution': 'lognormal', 'city_size': 30, 'range': 0.8}",92848,91637,176,0.0,"{'slope': 91.0872615444862, 'r_squared': 0.946948578468756}",1953.9077421121283
"{'mutation_type': 'swap', 'generation_type': 'asymmetric', 'distribution': 'lognormal', 'city_size': 30, 'range': 1.0}",13829,13074,63,0.0,"{'slope': 36.436490012616666, 'r_squared': 0.9657922412313164}",404.1315054202741
"{'mutation_type': 'swap', 'generation_type': 'asymmetric', 'distribution': 'lognormal', 'city_size': 30, 'range': 1.2}",203350,202366,183,0.0,"{'slope': 186.2362521487317, 'r_squared': 0.9378255187381567}",3531.4211037762966
"{'mutation_type': 'swap', 'generation_type': 'asymmetric', 'distribution': 'lognormal', 'city_size': 30, 'range': 1.4}",58854,58271,118,0.0,"{'slope': 83.41716809857209, 'r_squared': 0.9517063912376706}",1079.9109918463041
"{'mutation_type': 'swap', 'generation_type': 'asymmetric', 'distribution': 'lognormal', 'city_size': 30, 'range': 1.6}",1765,1488,15,0.0,"{'slope': 23.58956090761248, 'r_squared': 0.7990474506903715}",172.89196815659548
"{'mutation_type': 'swap', 'generation_type': 'asymmetric', 'distribution': 'lognormal', 'city_size': 30, 'range': 1.8}",30832,30460,125,0.0,"{'slope': 27.270187264990472, 'r_squared': 0.9593116719803525}",521.279956879534
"{'mutation_type': 'swap', 'generation_type': 'asymmetric', 'distribution': 'lognormal', 'city_size': 30, 'range': 2.0}",120178,119572,136,0.0,"{'slope': 88.85611896877998, 'r_squared': 0.9429227049571435}",2272.752019686793
"{'mutation_type': 'swap', 'generation_type': 'asymmetric', 'distribution': 'lognormal', 'city_size': 30, 'range': 2.2}",136627,135447,153,0.0,"{'slope': 140.19262841902463, 'r_squared': 0.9577349751733664}",2272.236386076236
"{'mutation_type': 'swap', 'generation_type': 'asymmetric', 'distribution': 'lognormal', 'city_size': 30, 'range': 2.4}",25590,25024,100,0.0,"{'slope': 22.872787735590563, 'r_squared': 0.9752333371224841}",419.9194686690889
"{'mutation_type': 'swap', 'generation_type': 'asymmetric', 'distribution': 'lognormal', 'city_size': 30, 'range': 2.6}",19846,19167,94,0.0,"{'slope': 21.25191206359799, 'r_squared': 0.9149583951527458}",453.07852732730345
"{'mutation_type': 'swap', 'generation_type': 'asymmetric', 'distribution': 'lognormal', 'city_size': 30, 'range': 2.8}",116894,116525,106,0.0,"{'slope': 91.4485300677932, 'r_squared': 0.8591054425161535}",5712.061024957145
"{'mutation_type': 'swap', 'generation_type': 'asymmetric', 'distribution': 'lognormal', 'city_size': 30, 'range': 3.0}",750,482,19,0.0,"{'slope': 2.0485937942618673, 'r_squared': 0.8607836433390657}",33.85025119807591
"{'mutation_type': 'swap', 'generation_type': 'asymmetric', 'distribution': 'lognormal', 'city_size': 30, 'range': 3.2}",4816,4633,69,0.0,"{'slope': 4.76665049588474, 'r_squared': 0.9103040522502884}",130.9965092049228
"{'mutation_type': 'swap', 'generation_type': 'asymmetric', 'distribution': 'lognormal', 'city_size': 30, 'range': 3.4}",106525,106414,135,0.0,"{'slope': 114.34401926505134, 'r_squared': 0.8999873193772856}",2160.9404627264557
"{'mutation_type': 'swap', 'generation_type': 'asymmetric', 'distribution': 'lognormal', 'city_size': 30, 'range': 3.6}",9784,9756,88,0.0,"{'slope': 10.775149636225912, 'r_squared': 0.959584452595647}",231.73712675693224
"{'mutation_type': 'swap', 'generation_type': 'asymmetric', 'distribution': 'lognormal', 'city_size': 30, 'range': 3.8}",8651,7186,89,0.0,"{'slope': 8.755588033840821, 'r_squared': 0.9198125518234276}",193.4646365596916
"{'mutation_type': 'swap', 'generation_type': 'asymmetric', 'distribution': 'lognormal', 'city_size': 30, 'range': 4.0}",13835,13492,70,0.0,"{'slope': 12.973745540862767, 'r_squared': 0.8110028741433354}",504.7172139709076
"{'mutation_type': 'swap', 'generation_type': 'asymmetric', 'distribution': 'lognormal', 'city_size': 30, 'range': 4.2}",13828,13494,92,0.0,"{'slope': 15.455566992828805, 'r_squared': 0.9579736078068679}",348.09005673548927
"{'mutation_type': 'swap', 'generation_type': 'asymmetric', 'distribution': 'lognormal', 'city_size': 30, 'range': 4.4}",291458,291176,118,0.0,"{'slope': 301.39525674974163, 'r_squared': 0.7677220098130507}",10381.027878927482
"{'mutation_type': 'swap', 'generation_type': 'asymmetric', 'distribution': 'lognormal', 'city_size': 30, 'range': 4.6}",5656,5625,86,0.0,"{'slope': 5.076294471286811, 'r_squared': 0.9799653468209241}",133.11862701414663
"{'mutation_type': 'swap', 'generation_type': 'asymmetric', 'distribution': 'lognormal', 'city_size': 30, 'range': 4.8}",19734,19694,102,0.0,"{'slope': 16.541895038521865, 'r_squared': 0.9184820755986325}",455.22818769521234
"{'mutation_type': 'swap', 'generation_type': 'asymmetric', 'distribution': 'lognormal', 'city_size': 30, 'range': 5.0}",15243,15111,67,0.0,"{'slope': 24.293995374249448, 'r_squared': 0.9582055930012997}",365.51435041339585
"{'mutation_type': 'swap', 'generation_type': 'asymmetric', 'distribution': 'uniform', 'city_size': 20, 'range': 5.0}",3471,3364,39,0.0,"{'slope': 2.5998587180260997, 'r_squared': 0.5735600869619996}",314.37253603446715
"{'mutation_type': 'swap', 'generation_type': 'asymmetric', 'distribution': 'uniform', 'city_size': 20, 'range': 10.0}",3052,3027,69,0.0,"{'slope': 3.986247165900038, 'r_squared': 0.9063094375948394}",94.87073134581586
"{'mutation_type': 'swap', 'generation_type': 'asymmetric', 'distribution': 'uniform', 'city_size': 20, 'range': 15.0}",1603,1371,22,0.0,"{'slope': 1.1532141632910167, 'r_squared': 0.789592517287152}",108.58007484368957
"{'mutation_type': 'swap', 'generation_type': 'asymmetric', 'distribution': 'uniform', 'city_size': 20, 'range': 20.0}",2786,2694,56,0.0,"{'slope': 3.3766729399483255, 'r_squared': 0.8981947904326152}",92.14306877875808
"{'mutation_type': 'swap', 'generation_type': 'asymmetric', 'distribution': 'uniform', 'city_size': 20, 'range': 25.0}",1602,1493,49,0.0,"{'slope': 1.064447264520442, 'r_squared': 0.8009297365203208}",41.03364452055031
"{'mutation_type': 'swap', 'generation_type': 'asymmetric', 'distribution': 'uniform', 'city_size': 20, 'range': 30.0}",3938,3847,67,0.0,"{'slope': 5.427051760635783, 'r_squared': 0.9208054208229929}",119.82547474777958
"{'mutation_type': 'swap', 'generation_type': 'asymmetric', 'distribution': 'uniform', 'city_size': 20, 'range': 35.0}",686,613,34,0.0,"{'slope': 3.4397538866030346, 'r_squared': 0.9119395270661226}",22.74233844087745
"{'mutation_type': 'swap', 'generation_type': 'asymmetric', 'distribution': 'uniform', 'city_size': 20, 'range': 40.0}",3262,3210,77,0.0,"{'slope': 4.918091500067488, 'r_squared': 0.899702372671635}",73.8412002420437
"{'mutation_type': 'swap', 'generation_type': 'asymmetric', 'distribution': 'uniform', 'city_size': 20, 'range': 45.0}",1483,1384,46,0.0,"{'slope': 2.1170319967820013, 'r_squared': 0.7940646632876579}",49.588598848953865
"{'mutation_type': 'swap', 'generation_type': 'asymmetric', 'distribution': 'uniform', 'city_size': 20, 'range': 50.0}",2527,2322,86,0.0,"{'slope': 2.1628702252867056, 'r_squared': 0.9783254452277396}",46.31838963082675
"{'mutation_type': 'swap', 'generation_type': 'asymmetric', 'distribution': 'uniform', 'city_size': 20, 'range': 55.0}",1483,1459,77,0.0,"{'slope': 1.44387711593696, 'r_squared': 0.9390369775521629}",27.763578819458164
"{'mutation_type': 'swap', 'generation_type': 'asymmetric', 'distribution': 'uniform', 'city_size': 20, 'range': 60.0}",1469,1428,68,0.0,"{'slope': 1.4430407571062154, 'r_squared': 0.9542711565709012}",31.44253652523937
"{'mutation_type': 'swap', 'generation_type': 'asymmetric', 'distribution': 'uniform', 'city_size': 20, 'range': 65.0}",2653,2601,86,0.0,"{'slope': 2.3725969483549743, 'r_squared': 0.8640361218222484}",83.80947580849147
"{'mutation_type': 'swap', 'generation_type': 'asymmetric', 'distribution': 'uniform', 'city_size': 20, 'range': 70.0}",3389,3041,94,0.0,"{'slope': 3.464096813844382, 'r_squared': 0.9787982217059608}",54.87204763581384
"{'mutation_type': 'swap', 'generation_type': 'asymmetric', 'distribution': 'uniform', 'city_size': 20, 'range': 75.0}",3589,3540,84,0.0,"{'slope': 3.742682068644892, 'r_squared': 0.9232237607715739}",70.16751620915765
"{'mutation_type': 'swap', 'generation_type': 'asymmetric', 'distribution': 'uniform', 'city_size': 20, 'range': 80.0}",7605,7238,124,0.0,"{'slope': 7.467183544502089, 'r_squared': 0.9584037894909495}",101.57980022297059
"{'mutation_type': 'swap', 'generation_type': 'asymmetric', 'distribution': 'uniform', 'city_size': 20, 'range': 85.0}",1815,1660,60,0.0,"{'slope': 4.048245017497453, 'r_squared': 0.9553713940018224}",36.392147424130044
"{'mutation_type': 'swap', 'generation_type': 'asymmetric', 'distribution': 'uniform', 'city_size': 20, 'range': 90.0}",3022,2960,79,0.0,"{'slope': 2.582768139244383, 'r_squared': 0.9531553194104859}",72.40287879173522
"{'mutation_type': 'swap', 'generation_type': 'asymmetric', 'distribution': 'uniform', 'city_size': 20, 'range': 95.0}",1201,914,50,0.0,"{'slope': 1.2863978725260117, 'r_squared': 0.9072789365181807}",21.246417244583746
"{'mutation_type': 'swap', 'generation_type': 'asymmetric', 'distribution': 'uniform', 'city_size': 20, 'range': 100.0}",5153,5135,96,0.0,"{'slope': 3.819028104012361, 'r_squared': 0.9342814506411498}",104.43163146752774
"{'mutation_type': 'swap', 'generation_type': 'asymmetric', 'distribution': 'uniform', 'city_size': 30, 'range': 5.0}",1049,892,16,0.0,"{'slope': 0.8016372356182918, 'r_squared': 0.8227143501906423}",59.963173883828254
"{'mutation_type': 'swap', 'generation_type': 'asymmetric', 'distribution': 'uniform', 'city_size': 30, 'range': 10.0}",21476,21304,58,0.0,"{'slope': 29.444656824428726, 'r_squared': 0.8817443407921014}",815.8259893732877
"{'mutation_type': 'swap', 'generation_type': 'asymmetric', 'distribution': 'uniform', 'city_size': 30, 'range': 15.0}",130262,130080,66,0.0,"{'slope': 106.64737593173872, 'r_squared': 0.6776435710926574}",5689.311735497417
"{'mutation_type': 'swap', 'generation_type': 'asymmetric', 'distribution': 'uniform', 'city_size': 30, 'range': 20.0}",194320,193410,81,0.0,"{'slope': 368.5602011987326, 'r_squared': 0.8932101954724715}",5950.621044006668
"{'mutation_type': 'swap', 'generation_type': 'asymmetric', 'distribution': 'uniform', 'city_size': 30, 'range': 25.0}",9225,9120,36,0.0,"{'slope': 7.267066002176036, 'r_squared': 0.6559026449705244}",594.6192676573706
"{'mutation_type': 'swap', 'generation_type': 'asymmetric', 'distribution': 'uniform', 'city_size': 30, 'range': 30.0}",9979,9363,42,0.0,"{'slope': 9.388833167348947, 'r_squared': 0.9542858796761992}",472.6095049825819
"{'mutation_type': 'swap', 'generation_type': 'asymmetric', 'distribution': 'uniform', 'city_size': 30, 'range': 35.0}",11153,10823,39,0.0,"{'slope': 12.421870184433846, 'r_squared': 0.842174785691012}",471.81870153599635
"{'mutation_type': 'swap', 'generation_type': 'asymmetric', 'distribution': 'uniform', 'city_size': 30, 'range': 40.0}",13838,13656,67,0.0,"{'slope': 9.122389003473556, 'r_squared': 0.9078721428790155}",596.2029278102185
"{'mutation_type': 'swap', 'generation_type': 'asymmetric', 'distribution': 'uniform', 'city_size': 30, 'range': 45.0}",51255,51022,72,0.0,"{'slope': 48.405692218050696, 'r_squared': 0.8637188368988234}",1500.016942309927
"{'mutation_type': 'swap', 'generation_type': 'asymmetric', 'distribution': 'uniform', 'city_size': 30, 'range': 50.0}",88313,87957,82,0.0,"{'slope': 78.67315515766693, 'r_squared': 0.7977731445289828}",2287.927397838004
"{'mutation_type': 'swap', 'generation_type': 'asymmetric', 'distribution': 'uniform', 'city_size': 30, 'range': 55.0}",56761,56558,88,0.0,"{'slope': 39.39616761838662, 'r_squared': 0.7706944012345069}",1323.5566732885022
"{'mutation_type': 'swap', 'generation_type': 'asymmetric', 'distribution': 'uniform', 'city_size': 30, 'range': 60.0}",32059,32015,68,0.0,"{'slope': 31.20997112058877, 'r_squared': 0.890997924455209}",887.4649221071189
"{'mutation_type': 'swap', 'generation_type': 'asymmetric', 'distribution': 'uniform', 'city_size': 30, 'range': 65.0}",12039,11849,35,0.0,"{'slope': 12.87942471802012, 'r_squared': 0.7743421807743947}",716.0163590802854
"{'mutation_type': 'swap', 'generation_type': 'asymmetric', 'distribution': 'uniform', 'city_size': 30, 'range': 70.0}",101518,100800,83,0.0,"{'slope': 119.72466003126512, 'r_squared': 0.8447136733482107}",2462.015439752564
"{'mutation_type': 'swap', 'generation_type': 'asymmetric', 'distribution': 'uniform', 'city_size': 30, 'range': 75.0}",183664,182469,134,0.0,"{'slope': 163.72384461352902, 'r_squared': 0.8767601421472523}",3008.565487148817
"{'mutation_type': 'swap', 'generation_type': 'asymmetric', 'distribution': 'uniform', 'city_size': 30, 'range': 80.0}",22199,20438,41,0.0,"{'slope': 51.62874526705423, 'r_squared': 0.950177318272865}",751.8552703147062
"{'mutation_type': 'swap', 'generation_type': 'asymmetric', 'distribution': 'uniform', 'city_size': 30, 'range': 85.0}",29310,28581,88,0.0,"{'slope': 33.44411852153901, 'r_squared': 0.9059305374631165}",515.7818718779357
"{'mutation_type': 'swap', 'generation_type': 'asymmetric', 'distribution': 'uniform', 'city_size': 30, 'range': 90.0}",5401,5095,50,0.0,"{'slope': 4.958785280121081, 'r_squared': 0.9662621796418464}",196.04315328736635
"{'mutation_type': 'swap', 'generation_type': 'asymmetric', 'distribution': 'uniform', 'city_size': 30, 'range': 95.0}",9472,8618,106,0.0,"{'slope': 9.014240989357678, 'r_squared': 0.9686498559785832}",173.98941923155883
"{'mutation_type': 'swap', 'generation_type': 'asymmetric', 'distribution': 'uniform', 'city_size': 30, 'range': 100.0}",51049,48384,72,0.0,"{'slope': 32.43333746572024, 'r_squared': 0.7498235461720297}",1528.2985645093347
"{'mutation_type': 'swap', 'generation_type': 'euclidean', 'distribution': 'lognormal', 'city_size': 20, 'range': 0.2}",2502620,0,1,0.0,0,0.0
"{'mutation_type': 'swap', 'generation_type': 'euclidean', 'distribution': 'lognormal', 'city_size': 20, 'range': 0.4}",765523,765408,23,0.0,"{'slope': 1321.8029527937942, 'r_squared': 0.5462150248642437}",105120.78559196119
"{'mutation_type': 'swap', 'generation_type': 'euclidean', 'distribution': 'lognormal', 'city_size': 20, 'range': 0.6}",1040784,1040678,55,0.0,"{'slope': 1931.3427590426913, 'r_squared': 0.6154539482594703}",63997.634679981515
"{'mutation_type': 'swap', 'generation_type': 'euclidean', 'distribution': 'lognormal', 'city_size': 20, 'range': 0.8}",53512,53210,54,0.0,"{'slope': 111.5271814753436, 'r_squared': 0.9233501353944622}",1501.6473716437843
"{'mutation_type': 'swap', 'generation_type': 'euclidean', 'distribution': 'lognormal', 'city_size': 20, 'range': 1.0}",78604,78139,18,0.0,"{'slope': 939.8534137711005, 'r_squared': 0.9433828903413285}",5912.384042477615
"{'mutation_type': 'swap', 'generation_type': 'euclidean', 'distribution': 'lognormal', 'city_size': 20, 'range': 1.2}",6081,2958,3,0.0,"{'slope': 622.5263157894736, 'r_squared': 0.8438119273437783}",1471.0
"{'mutation_type': 'swap', 'generation_type': 'euclidean', 'distribution': 'lognormal', 'city_size': 20, 'range': 1.4}",5243514,5236373,7,0.0,"{'slope': 244798.2289719626, 'r_squared': 0.5460944523944274}",1948409.6525385703
"{'mutation_type': 'swap', 'generation_type': 'euclidean', 'distribution': 'lognormal', 'city_size': 20, 'range': 1.6}",30074,22057,5,0.0,"{'slope': 706.2996894409938, 'r_squared': 0.9393934447454311}",2109.026123000851
"{'mutation_type': 'swap', 'generation_type': 'euclidean', 'distribution': 'lognormal', 'city_size': 20, 'range': 1.8}",47160,31607,6,0.0,"{'slope': 1434.9435840707965, 'r_squared': 0.8327181308934157}",3716.662944093801
"{'mutation_type': 'swap', 'generation_type': 'euclidean', 'distribution': 'lognormal', 'city_size': 20, 'range': 2.0}",45533,43813,28,0.0,"{'slope': 137.34804043438936, 'r_squared': 0.9752918233689641}",1911.6420867317347
"{'mutation_type': 'swap', 'generation_type': 'euclidean', 'distribution': 'lognormal', 'city_size': 20, 'range': 2.2}",2550,1583,8,0.0,"{'slope': 27.853335436051097, 'r_squared': 0.8815870641157629}",142.7359485918252
"{'mutation_type': 'swap', 'generation_type': 'euclidean', 'distribution': 'lognormal', 'city_size': 20, 'range': 2.4}",5304050,5267820,10,0.0,"{'slope': 48694.781686437214, 'r_squared': 0.9490432498521729}",324973.78488630947
"{'mutation_type': 'swap', 'generation_type': 'euclidean', 'distribution': 'lognormal', 'city_size': 20, 'range': 2.6}",178318,121878,5,0.0,"{'slope': 5303.417861799217, 'r_squared': 0.8968037295319845}",34666.91456201431
"{'mutation_type': 'swap', 'generation_type': 'euclidean', 'distribution': 'lognormal', 'city_size': 20, 'range': 2.8}",488214,309709,9,0.0,"{'slope': 3110.93894079415, 'r_squared': 0.8983885886496937}",23276.571273157373
"{'mutation_type': 'swap', 'generation_type': 'euclidean', 'distribution': 'lognormal', 'city_size': 20, 'range': 3.0}",38419,22476,6,0.0,"{'slope': 665.651845637584, 'r_squared': 0.5001888599098245}",2959.3758395986138
"{'mutation_type': 'swap', 'generation_type': 'euclidean', 'distribution': 'lognormal', 'city_size': 20, 'range': 3.2}",89008,8471,2,0.0,"{'slope': 445.8421052631579, 'r_squared': 1.0}",0.0
"{'mutation_type': 'swap', 'generation_type': 'euclidean', 'distribution': 'lognormal', 'city_size': 20, 'range': 3.4}",88793,4229,2,0.0,"{'slope': 4229.0, 'r_squared': 1.0}",0.0
"{'mutation_type': 'swap', 'generation_type': 'euclidean', 'distribution': 'lognormal', 'city_size': 20, 'range': 3.6}",277696,275777,10,0.0,"{'slope': 13752.256588072121, 'r_squared': 0.5305459964999909}",68073.55285840039
"{'mutation_type': 'swap', 'generation_type': 'euclidean', 'distribution': 'lognormal', 'city_size': 20, 'range': 3.8}",13524,12283,12,0.0,"{'slope': 118.92908392056374, 'r_squared': 0.7459030707265837}",1820.9001406760476
"{'mutation_type': 'swap', 'generation_type': 'euclidean', 'distribution': 'lognormal', 'city_size': 20, 'range': 4.0}",521680,513530,15,0.0,"{'slope': 3489.328713881766, 'r_squared': 0.8957123440951912}",54437.63713307782
"{'mutation_type': 'swap', 'generation_type': 'euclidean', 'distribution': 'lognormal', 'city_size': 20, 'range': 4.2}",682768,549962,5,0.0,"{'slope': 1987.598239466712, 'r_squared': 0.566876900868111}",77470.57613539479
"{'mutation_type': 'swap', 'generation_type': 'euclidean', 'distribution': 'lognormal', 'city_size': 20, 'range': 4.4}",68596,37934,2,0.0,"{'slope': 37934.0, 'r_squared': 1.0}",0.0
"{'mutation_type': 'swap', 'generation_type': 'euclidean', 'distribution': 'lognormal', 'city_size': 20, 'range': 4.6}",2646297,2623350,12,0.0,"{'slope': 4938.850521250354, 'r_squared': 0.43115279107895155}",423029.89501372393
"{'mutation_type': 'swap', 'generation_type': 'euclidean', 'distribution': 'lognormal', 'city_size': 30, 'range': 0.4}",5391417,5390672,12,0.0,"{'slope': 34386.321703134236, 'r_squared': 0.5517673707406601}",841668.5481947537
"{'mutation_type': 'swap', 'generation_type': 'euclidean', 'distribution': 'lognormal', 'city_size': 30, 'range': 0.6}",1063224,1062422,17,0.0,"{'slope': 18209.696718683197, 'r_squared': 0.840273369505955}",106057.94032913979
"{'mutation_type': 'swap', 'generation_type': 'euclidean', 'distribution': 'lognormal', 'city_size': 30, 'range': 0.8}",131683,108088,6,0.0,"{'slope': 12715.18487394958, 'r_squared': 0.7691997962857839}",22835.9288455714
"{'mutation_type': 'swap', 'generation_type': 'euclidean', 'distribution': 'lognormal', 'city_size': 30, 'range': 1.0}",629153,622998,23,0.0,"{'slope': 3170.578970120349, 'r_squared': 0.9026108878429846}",57918.57530181259
"{'mutation_type': 'swap', 'generation_type': 'euclidean', 'distribution': 'lognormal', 'city_size': 30, 'range': 1.2}",471169,346757,3,0.0,"{'slope': 52872.53571428571, 'r_squared': 0.8104893771128552}",79975.5
"{'mutation_type': 'swap', 'generation_type': 'euclidean', 'distribution': 'lognormal', 'city_size': 30, 'range': 1.4}",4876539,3587860,4,0.0,"{'slope': 654392.7, 'r_squared': 0.9293993974179312}",829670.832370418
"{'mutation_type': 'swap', 'generation_type': 'euclidean', 'distribution': 'lognormal', 'city_size': 30, 'range': 1.8}",2548999,921463,2,0.0,"{'slope': 307154.3333333333, 'r_squared': 1.0}",0.0
"{'mutation_type': 'swap', 'generation_type': 'euclidean', 'distribution': 'lognormal', 'city_size': 30, 'range': 2.8}",5204835,4417856,4,0.0,"{'slope': 741926.2857142857, 'r_squared': 0.8257868961719076}",1874881.951568566
"{'mutation_type': 'swap', 'generation_type': 'euclidean', 'distribution': 'lognormal', 'city_size': 30, 'range': 3.8}",289577,4208,2,0.0,"{'slope': 4208.0, 'r_squared': 1.0}",0.0
"{'mutation_type': 'swap', 'generation_type': 'euclidean', 'distribution': 'lognormal', 'city_size': 30, 'range': 4.6}",3822861,810716,2,0.0,"{'slope': 405358.0, 'r_squared': 1.0}",0.0
"{'mutation_type': 'swap', 'generation_type': 'euclidean', 'distribution': 'lognormal', 'city_size': 30, 'range': 4.8}",2664870,0,1,0.0,0,0.0
"{'mutation_type': 'swap', 'generation_type': 'euclidean', 'distribution': 'uniform', 'city_size': 20, 'range': 5.0}",95,0,1,0.0,0,0.0
"{'mutation_type': 'swap', 'generation_type': 'euclidean', 'distribution': 'uniform', 'city_size': 20, 'range': 10.0}",418434,418296,12,0.0,"{'slope': 747.8742934083031, 'r_squared': 0.9747884885923599}",75670.21119479225
"{'mutation_type': 'swap', 'generation_type': 'euclidean', 'distribution': 'uniform', 'city_size': 20, 'range': 15.0}",89606,89513,8,0.0,"{'slope': 194.22508646400718, 'r_squared': 0.5399340698468837}",19635.6868616968
"{'mutation_type': 'swap', 'generation_type': 'euclidean', 'distribution': 'uniform', 'city_size': 20, 'range': 20.0}",575990,575646,48,0.0,"{'slope': 1490.8979715502571, 'r_squared': 0.7091366238475272}",33673.37855954322
"{'mutation_type': 'swap', 'generation_type': 'euclidean', 'distribution': 'uniform', 'city_size': 20, 'range': 25.0}",657013,656893,73,0.0,"{'slope': 846.3237596146713, 'r_squared': 0.5557916327309426}",21488.56032610598
"{'mutation_type': 'swap', 'generation_type': 'euclidean', 'distribution': 'uniform', 'city_size': 20, 'range': 30.0}",859716,859646,88,0.0,"{'slope': 598.6940576298864, 'r_squared': 0.5987869968490315}",33550.32269214402
"{'mutation_type': 'swap', 'generation_type': 'euclidean', 'distribution': 'uniform', 'city_size': 20, 'range': 40.0}",55624,55191,41,0.0,"{'slope': 133.79280889604505, 'r_squared': 0.44734007902391154}",3817.4447310177266
"{'mutation_type': 'swap', 'generation_type': 'euclidean', 'distribution': 'uniform', 'city_size': 20, 'range': 45.0}",16312,15648,24,0.0,"{'slope': 75.40303978517576, 'r_squared': 0.7101078950713094}",900.920959168554
"{'mutation_type': 'swap', 'generation_type': 'euclidean', 'distribution': 'uniform', 'city_size': 20, 'range': 50.0}",285311,285128,152,0.0,"{'slope': 230.54342431464138, 'r_squared': 0.7850593128354415}",5505.708159757804
"{'mutation_type': 'swap', 'generation_type': 'euclidean', 'distribution': 'uniform', 'city_size': 20, 'range': 55.0}",33384,33071,87,0.0,"{'slope': 37.43989858346177, 'r_squared': 0.7174007770811587}",986.7531518674716
"{'mutation_type': 'swap', 'generation_type': 'euclidean', 'distribution': 'uniform', 'city_size': 20, 'range': 60.0}",160013,158093,52,0.0,"{'slope': 473.05953344603245, 'r_squared': 0.9303774821843654}",6515.102184260594
"{'mutation_type': 'swap', 'generation_type': 'euclidean', 'distribution': 'uniform', 'city_size': 20, 'range': 65.0}",54571,53299,45,0.0,"{'slope': 187.87059144419473, 'r_squared': 0.7857285007846024}",2624.2423057399897
"{'mutation_type': 'swap', 'generation_type': 'euclidean', 'distribution': 'uniform', 'city_size': 20, 'range': 70.0}",52974,49864,35,0.0,"{'slope': 263.3117154348315, 'r_squared': 0.8205765775497733}",3429.503060534358
"{'mutation_type': 'swap', 'generation_type': 'euclidean', 'distribution': 'uniform', 'city_size': 20, 'range': 75.0}",41476,40760,64,0.0,"{'slope': 121.27802256480763, 'r_squared': 0.9629239651555692}",1204.960323288874
"{'mutation_type': 'swap', 'generation_type': 'euclidean', 'distribution': 'uniform', 'city_size': 20, 'range': 80.0}",22710,21262,28,0.0,"{'slope': 142.19472894911155, 'r_squared': 0.9032410043425353}",1238.1235614270363
"{'mutation_type': 'swap', 'generation_type': 'euclidean', 'distribution': 'uniform', 'city_size': 20, 'range': 85.0}",58310,56315,73,0.0,"{'slope': 141.22308807147746, 'r_squared': 0.9877016948940207}",1347.2398085192372
"{'mutation_type': 'swap', 'generation_type': 'euclidean', 'distribution': 'uniform', 'city_size': 20, 'range': 90.0}",7076,6127,35,0.0,"{'slope': 32.116262974662106, 'r_squared': 0.9644225976041493}",318.82936422922165
"{'mutation_type': 'swap', 'generation_type': 'euclidean', 'distribution': 'uniform', 'city_size': 20, 'range': 95.0}",20485,20062,53,0.0,"{'slope': 61.61197263053927, 'r_squared': 0.9676167492293071}",659.156805158668
"{'mutation_type': 'swap', 'generation_type': 'euclidean', 'distribution': 'uniform', 'city_size': 20, 'range': 100.0}",48552,48101,46,0.0,"{'slope': 63.057877433588665, 'r_squared': 0.8425003516787604}",2036.4412076214637
"{'mutation_type': 'swap', 'generation_type': 'euclidean', 'distribution': 'uniform', 'city_size': 30, 'range': 5.0}",170,0,1,0.0,0,0.0
"{'mutation_type': 'swap', 'generation_type': 'euclidean', 'distribution': 'uniform', 'city_size': 30, 'range': 10.0}",64256,62180,7,0.0,"{'slope': 336.2909783699918, 'r_squared': 0.8166823446585055}",11339.437591383838
"{'mutation_type': 'swap', 'generation_type': 'euclidean', 'distribution': 'uniform', 'city_size': 30, 'range': 15.0}",37351,35043,10,0.0,"{'slope': 76.87229885959904, 'r_squared': 0.8245215836624918}",5691.763405717657
"{'mutation_type': 'swap', 'generation_type': 'euclidean', 'distribution': 'uniform', 'city_size': 30, 'range': 20.0}",1586231,1250961,6,0.0,"{'slope': 81796.81195079087, 'r_squared': 0.6020606185845678}",341128.3322870735
"{'mutation_type': 'swap', 'generation_type': 'euclidean', 'distribution': 'uniform', 'city_size': 30, 'range': 25.0}",6022,4372,26,0.0,"{'slope': 3.038992534312504, 'r_squared': 0.7960194981249188}",415.19203460567496
"{'mutation_type': 'swap', 'generation_type': 'euclidean', 'distribution': 'uniform', 'city_size': 30, 'range': 30.0}",3247594,3224437,27,0.0,"{'slope': 28581.657537688443, 'r_squared': 0.73364536353667}",285826.800361421
"{'mutation_type': 'swap', 'generation_type': 'euclidean', 'distribution': 'uniform', 'city_size': 30, 'range': 35.0}",1078276,1067685,28,0.0,"{'slope': 5926.560459774829, 'r_squared': 0.5136563434743938}",123072.47000411416
"{'mutation_type': 'swap', 'generation_type': 'euclidean', 'distribution': 'uniform', 'city_size': 30, 'range': 40.0}",450336,433229,36,0.0,"{'slope': 4066.3380312446593, 'r_squared': 0.9020452850553656}",33926.338146457165
"{'mutation_type': 'swap', 'generation_type': 'euclidean', 'distribution': 'uniform', 'city_size': 30, 'range': 45.0}",2475177,2468836,47,0.0,"{'slope': 7856.603110435101, 'r_squared': 0.6048190095684793}",213181.76200371704
"{'mutation_type': 'swap', 'generation_type': 'euclidean', 'distribution': 'uniform', 'city_size': 30, 'range': 50.0}",339489,318771,56,0.0,"{'slope': 1323.481602468032, 'r_squared': 0.9365743520156169}",15460.397743635347
"{'mutation_type': 'swap', 'generation_type': 'euclidean', 'distribution': 'uniform', 'city_size': 30, 'range': 55.0}",522739,455884,22,0.0,"{'slope': 6426.91382746207, 'r_squared': 0.8773681173532769}",43373.769047887705
"{'mutation_type': 'swap', 'generation_type': 'euclidean', 'distribution': 'uniform', 'city_size': 30, 'range': 60.0}",337820,322517,34,0.0,"{'slope': 1699.8385814273354, 'r_squared': 0.9340829649936294}",15327.531654114995
"{'mutation_type': 'swap', 'generation_type': 'euclidean', 'distribution': 'uniform', 'city_size': 30, 'range': 65.0}",899872,882351,40,0.0,"{'slope': 4495.763905193758, 'r_squared': 0.9050391867151885}",41945.10499518625
"{'mutation_type': 'swap', 'generation_type': 'euclidean', 'distribution': 'uniform', 'city_size': 30, 'range': 70.0}",253077,183960,43,0.0,"{'slope': 792.7817598394275, 'r_squared': 0.9165874846956501}",8139.473611153651
"{'mutation_type': 'swap', 'generation_type': 'euclidean', 'distribution': 'uniform', 'city_size': 30, 'range': 75.0}",314179,260234,35,0.0,"{'slope': 1636.9330039270958, 'r_squared': 0.9313262766847371}",15546.447823786508
"{'mutation_type': 'swap', 'generation_type': 'euclidean', 'distribution': 'uniform', 'city_size': 30, 'range': 80.0}",863673,844524,56,0.0,"{'slope': 2260.3496773693782, 'r_squared': 0.7784070927396752}",63685.083128980245
"{'mutation_type': 'swap', 'generation_type': 'euclidean', 'distribution': 'uniform', 'city_size': 30, 'range': 85.0}",49162,42685,11,0.0,"{'slope': 669.7758865584017, 'r_squared': 0.8524989766227548}",4382.526080926387
"{'mutation_type': 'swap', 'generation_type': 'euclidean', 'distribution': 'uniform', 'city_size': 30, 'range': 90.0}",632960,577225,60,0.0,"{'slope': 1661.8990344847177, 'r_squared': 0.6587898920014668}",30550.417220572428
"{'mutation_type': 'swap', 'generation_type': 'euclidean', 'distribution': 'uniform', 'city_size': 30, 'range': 95.0}",744955,620705,18,0.0,"{'slope': 5461.879478443193, 'r_squared': 0.8373745353702174}",42186.126387531425
"{'mutation_type': 'swap', 'generation_type': 'euclidean', 'distribution': 'uniform', 'city_size': 30, 'range': 100.0}",422287,414403,68,0.0,"{'slope': 1323.87189557788, 'r_squared': 0.8098620705879516}",14674.37361018911
